run_id,participant,session,trial_index,trial_id,image_file,sample_index,sample_session_s,sample_unix_s,sample_from_image_onset_s,gaze_x_pix,gaze_y_pix,gaze_movement_px,gaze_movement_cumulative_px,screen_width_px,screen_height_px,image_stim_width_units,image_stim_height_units,image_stim_center_x_units,image_stim_center_y_units,units
real_001_s001_2026-05-18_16-36-57-938,001,001,1,056,056.jpg,1,31.478889,1779115049.418121,0.0,-136.0,242.0,0.0,0.0,2940,1912,0.5494,0.82,0.0,0.0,pix
real_001_s001_2026-05-18_16-36-57-938,001,001,1,056,056.jpg,2,31.495556,1779115049.434788,0.016667,-136.0,242.0,0.0,0.0,2940,1912,0.5494,0.82,0.0,0.0,pix
real_001_s001_2026-05-18_16-36-57-938,001,001,1,056,056.jpg,3,31.512223,1779115049.451454,0.033333,-136.0,242.0,0.0,0.0,2940,1912,0.5494,0.82,0.0,0.0,pix
real_001_s001_2026-05-18_16-36-57-938,001,001,1,056,056.jpg,4,31.528889,1779115049.468121,0.05,-136.0,242.0,0.0,0.0,2940,1912,0.5494,0.82,0.0,0.0,pix
real_001_s001_2026-05-18_16-36-57-938,001,001,1,056,056.jpg,5,31.545556,1779115049.484787,0.066667,-136.0,242.0,0.0,0.0,2940,1912,0.5494,0.82,0.0,0.0,pix
real_001_s001_2026-05-18_16-36-57-938,001,001,1,056,056.jpg,6,31.562223,1779115049.501454,0.083333,-136.0,242.0,0.0,0.0,2940,1912,0.5494,0.82,0.0,0.0,pix
real_001_s001_2026-05-18_16-36-57-938,001,001,1,056,056.jpg,7,31.578889,1779115049.518121,0.1,-136.0,242.0,0.0,0.0,2940,1912,0.5494,0.82,0.0,0.0,pix
real_001_s001_2026-05-18_16-36-57-938,001,001,1,056,056.jpg,8,31.595556,1779115049.534787,0.116667,-136.0,242.0,0.0,0.0,2940,1912,0.5494,0.82,0.0,0.0,pix
real_001_s001_2026-05-18_16-36-57-938,001,001,1,056,056.jpg,9,31.612223,1779115049.551454,0.133333,-136.0,242.0,0.0,0.0,2940,1912,0.5494,0.82,0.0,0.0,pix
real_001_s001_2026-05-18_16-36-57-938,001,001,1,056,056.jpg,10,31.628889,1779115049.568121,0.15,-136.0,242.0,0.0,0.0,2940,1912,0.5494,0.82,0.0,0.0,pix
real_001_s001_2026-05-18_16-36-57-938,001,001,1,056,056.jpg,11,31.645556,1779115049.584788,0.166667,-136.0,242.0,0.0,0.0,2940,1912,0.5494,0.82,0.0,0.0,pix
real_001_s001_2026-05-18_16-36-57-938,001,001,1,056,056.jpg,12,31.662223,1779115049.601454,0.183333,-136.0,242.0,0.0,0.0,2940,1912,0.5494,0.82,0.0,0.0,pix
real_001_s001_2026-05-18_16-36-57-938,001,001,1,056,056.jpg,13,31.678889,1779115049.618121,0.2,-136.0,242.0,0.0,0.0,2940,1912,0.5494,0.82,0.0,0.0,pix
real_001_s001_2026-05-18_16-36-57-938,001,001,1,056,056.jpg,14,31.695556,1779115049.634788,0.216667,-136.0,242.0,0.0,0.0,2940,1912,0.5494,0.82,0.0,0.0,pix
real_001_s001_2026-05-18_16-36-57-938,001,001,1,056,056.jpg,15,31.712223,1779115049.651454,0.233333,-136.0,242.0,0.0,0.0,2940,1912,0.5494,0.82,0.0,0.0,pix
real_001_s001_2026-05-18_16-36-57-938,001,001,1,056,056.jpg,16,31.728889,1779115049.668121,0.25,-136.0,242.0,0.0,0.0,2940,1912,0.5494,0.82,0.0,0.0,pix
real_001_s001_2026-05-18_16-36-57-938,001,001,1,056,056.jpg,17,31.745556,1779115049.684788,0.266667,-136.0,242.0,0.0,0.0,2940,1912,0.5494,0.82,0.0,0.0,pix
real_001_s001_2026-05-18_16-36-57-938,001,001,1,056,056.jpg,18,31.762223,1779115049.701454,0.283333,-136.0,242.0,0.0,0.0,2940,1912,0.5494,0.82,0.0,0.0,pix
real_001_s001_2026-05-18_16-36-57-938,001,001,1,056,056.jpg,19,31.778889,1779115049.718121,0.3,-136.0,242.0,0.0,0.0,2940,1912,0.5494,0.82,0.0,0.0,pix
real_001_s001_2026-05-18_16-36-57-938,001,001,1,056,056.jpg,20,31.795556,1779115049.734787,0.316667,-136.0,242.0,0.0,0.0,2940,1912,0.5494,0.82,0.0,0.0,pix
real_001_s001_2026-05-18_16-36-57-938,001,001,1,056,056.jpg,21,31.812223,1779115049.751454,0.333333,-136.0,242.0,0.0,0.0,2940,1912,0.5494,0.82,0.0,0.0,pix
real_001_s001_2026-05-18_16-36-57-938,001,001,1,056,056.jpg,22,31.828889,1779115049.768121,0.35,-136.0,242.0,0.0,0.0,2940,1912,0.5494,0.82,0.0,0.0,pix
real_001_s001_2026-05-18_16-36-57-938,001,001,1,056,056.jpg,23,31.845556,1779115049.784787,0.366667,-136.0,242.0,0.0,0.0,2940,1912,0.5494,0.82,0.0,0.0,pix
real_001_s001_2026-05-18_16-36-57-938,001,001,1,056,056.jpg,24,31.862223,1779115049.801454,0.383333,-136.0,242.0,0.0,0.0,2940,1912,0.5494,0.82,0.0,0.0,pix
real_001_s001_2026-05-18_16-36-57-938,001,001,1,056,056.jpg,25,31.878889,1779115049.818121,0.4,-136.0,242.0,0.0,0.0,2940,1912,0.5494,0.82,0.0,0.0,pix
real_001_s001_2026-05-18_16-36-57-938,001,001,1,056,056.jpg,26,31.895556,1779115049.834788,0.416667,-136.0,242.0,0.0,0.0,2940,1912,0.5494,0.82,0.0,0.0,pix
real_001_s001_2026-05-18_16-36-57-938,001,001,1,056,056.jpg,27,31.912223,1779115049.851454,0.433333,-136.0,242.0,0.0,0.0,2940,1912,0.5494,0.82,0.0,0.0,pix
real_001_s001_2026-05-18_16-36-57-938,001,001,1,056,056.jpg,28,31.928889,1779115049.868121,0.45,-136.0,242.0,0.0,0.0,2940,1912,0.5494,0.82,0.0,0.0,pix
real_001_s001_2026-05-18_16-36-57-938,001,001,1,056,056.jpg,29,31.945556,1779115049.884788,0.466667,-136.0,242.0,0.0,0.0,2940,1912,0.5494,0.82,0.0,0.0,pix
real_001_s001_2026-05-18_16-36-57-938,001,001,1,056,056.jpg,30,31.962223,1779115049.901454,0.483333,-136.0,242.0,0.0,0.0,2940,1912,0.5494,0.82,0.0,0.0,pix
real_001_s001_2026-05-18_16-36-57-938,001,001,1,056,056.jpg,31,31.978889,1779115049.918121,0.5,-136.0,242.0,0.0,0.0,2940,1912,0.5494,0.82,0.0,0.0,pix
real_001_s001_2026-05-18_16-36-57-938,001,001,1,056,056.jpg,32,31.995556,1779115049.934788,0.516667,-136.0,242.0,0.0,0.0,2940,1912,0.5494,0.82,0.0,0.0,pix
real_001_s001_2026-05-18_16-36-57-938,001,001,1,056,056.jpg,33,32.012223,1779115049.951454,0.533333,-136.0,242.0,0.0,0.0,2940,1912,0.5494,0.82,0.0,0.0,pix
real_001_s001_2026-05-18_16-36-57-938,001,001,1,056,056.jpg,34,32.028889,1779115049.968121,0.55,-136.0,242.0,0.0,0.0,2940,1912,0.5494,0.82,0.0,0.0,pix
real_001_s001_2026-05-18_16-36-57-938,001,001,1,056,056.jpg,35,32.045556,1779115049.984787,0.566667,-136.0,242.0,0.0,0.0,2940,1912,0.5494,0.82,0.0,0.0,pix
real_001_s001_2026-05-18_16-36-57-938,001,001,1,056,056.jpg,36,32.062223,1779115050.001454,0.583333,-136.0,242.0,0.0,0.0,2940,1912,0.5494,0.82,0.0,0.0,pix
real_001_s001_2026-05-18_16-36-57-938,001,001,1,056,056.jpg,37,32.078889,1779115050.018121,0.6,-136.0,242.0,0.0,0.0,2940,1912,0.5494,0.82,0.0,0.0,pix
real_001_s001_2026-05-18_16-36-57-938,001,001,1,056,056.jpg,38,32.095556,1779115050.034787,0.616667,-136.0,242.0,0.0,0.0,2940,1912,0.5494,0.82,0.0,0.0,pix
real_001_s001_2026-05-18_16-36-57-938,001,001,1,056,056.jpg,39,32.112223,1779115050.051454,0.633333,-136.0,242.0,0.0,0.0,2940,1912,0.5494,0.82,0.0,0.0,pix
real_001_s001_2026-05-18_16-36-57-938,001,001,1,056,056.jpg,40,32.128889,1779115050.068121,0.65,-136.0,242.0,0.0,0.0,2940,1912,0.5494,0.82,0.0,0.0,pix
real_001_s001_2026-05-18_16-36-57-938,001,001,1,056,056.jpg,41,32.145556,1779115050.084788,0.666667,-136.0,242.0,0.0,0.0,2940,1912,0.5494,0.82,0.0,0.0,pix
real_001_s001_2026-05-18_16-36-57-938,001,001,1,056,056.jpg,42,32.162223,1779115050.101454,0.683333,-136.0,242.0,0.0,0.0,2940,1912,0.5494,0.82,0.0,0.0,pix
real_001_s001_2026-05-18_16-36-57-938,001,001,1,056,056.jpg,43,32.178889,1779115050.118121,0.7,-136.0,242.0,0.0,0.0,2940,1912,0.5494,0.82,0.0,0.0,pix
real_001_s001_2026-05-18_16-36-57-938,001,001,1,056,056.jpg,44,32.195556,1779115050.134788,0.716667,-136.0,242.0,0.0,0.0,2940,1912,0.5494,0.82,0.0,0.0,pix
real_001_s001_2026-05-18_16-36-57-938,001,001,1,056,056.jpg,45,32.212223,1779115050.151454,0.733333,-136.0,242.0,0.0,0.0,2940,1912,0.5494,0.82,0.0,0.0,pix
real_001_s001_2026-05-18_16-36-57-938,001,001,1,056,056.jpg,46,32.228889,1779115050.168121,0.75,-136.0,242.0,0.0,0.0,2940,1912,0.5494,0.82,0.0,0.0,pix
real_001_s001_2026-05-18_16-36-57-938,001,001,1,056,056.jpg,47,32.245556,1779115050.184788,0.766667,-136.0,242.0,0.0,0.0,2940,1912,0.5494,0.82,0.0,0.0,pix
real_001_s001_2026-05-18_16-36-57-938,001,001,1,056,056.jpg,48,32.262223,1779115050.201454,0.783333,-136.0,242.0,0.0,0.0,2940,1912,0.5494,0.82,0.0,0.0,pix
real_001_s001_2026-05-18_16-36-57-938,001,001,1,056,056.jpg,49,32.278889,1779115050.218121,0.8,-136.0,242.0,0.0,0.0,2940,1912,0.5494,0.82,0.0,0.0,pix
real_001_s001_2026-05-18_16-36-57-938,001,001,1,056,056.jpg,50,32.295556,1779115050.234787,0.816667,-136.0,242.0,0.0,0.0,2940,1912,0.5494,0.82,0.0,0.0,pix
real_001_s001_2026-05-18_16-36-57-938,001,001,1,056,056.jpg,51,32.312223,1779115050.251454,0.833333,-136.0,242.0,0.0,0.0,2940,1912,0.5494,0.82,0.0,0.0,pix
real_001_s001_2026-05-18_16-36-57-938,001,001,1,056,056.jpg,52,32.328889,1779115050.268121,0.85,-136.0,242.0,0.0,0.0,2940,1912,0.5494,0.82,0.0,0.0,pix
real_001_s001_2026-05-18_16-36-57-938,001,001,1,056,056.jpg,53,32.345556,1779115050.284787,0.866667,-136.0,242.0,0.0,0.0,2940,1912,0.5494,0.82,0.0,0.0,pix
real_001_s001_2026-05-18_16-36-57-938,001,001,1,056,056.jpg,54,32.362223,1779115050.301454,0.883333,-136.0,242.0,0.0,0.0,2940,1912,0.5494,0.82,0.0,0.0,pix
real_001_s001_2026-05-18_16-36-57-938,001,001,1,056,056.jpg,55,32.378889,1779115050.318121,0.9,-136.0,242.0,0.0,0.0,2940,1912,0.5494,0.82,0.0,0.0,pix
real_001_s001_2026-05-18_16-36-57-938,001,001,1,056,056.jpg,56,32.395556,1779115050.334788,0.916667,-136.0,242.0,0.0,0.0,2940,1912,0.5494,0.82,0.0,0.0,pix
real_001_s001_2026-05-18_16-36-57-938,001,001,1,056,056.jpg,57,32.412223,1779115050.351454,0.933333,-136.0,242.0,0.0,0.0,2940,1912,0.5494,0.82,0.0,0.0,pix
real_001_s001_2026-05-18_16-36-57-938,001,001,1,056,056.jpg,58,32.428889,1779115050.368121,0.95,-136.0,242.0,0.0,0.0,2940,1912,0.5494,0.82,0.0,0.0,pix
real_001_s001_2026-05-18_16-36-57-938,001,001,1,056,056.jpg,59,32.445556,1779115050.384788,0.966667,-136.0,242.0,0.0,0.0,2940,1912,0.5494,0.82,0.0,0.0,pix
real_001_s001_2026-05-18_16-36-57-938,001,001,1,056,056.jpg,60,32.462223,1779115050.401454,0.983333,-136.0,242.0,0.0,0.0,2940,1912,0.5494,0.82,0.0,0.0,pix
real_001_s001_2026-05-18_16-36-57-938,001,001,1,056,056.jpg,61,32.478889,1779115050.418121,1.0,-136.0,242.0,0.0,0.0,2940,1912,0.5494,0.82,0.0,0.0,pix
real_001_s001_2026-05-18_16-36-57-938,001,001,1,056,056.jpg,62,32.495556,1779115050.434788,1.016667,-136.0,242.0,0.0,0.0,2940,1912,0.5494,0.82,0.0,0.0,pix
real_001_s001_2026-05-18_16-36-57-938,001,001,1,056,056.jpg,63,32.512223,1779115050.451454,1.033333,-136.0,242.0,0.0,0.0,2940,1912,0.5494,0.82,0.0,0.0,pix
real_001_s001_2026-05-18_16-36-57-938,001,001,1,056,056.jpg,64,32.528889,1779115050.468121,1.05,-136.0,242.0,0.0,0.0,2940,1912,0.5494,0.82,0.0,0.0,pix
real_001_s001_2026-05-18_16-36-57-938,001,001,1,056,056.jpg,65,32.545556,1779115050.484787,1.066667,-136.0,242.0,0.0,0.0,2940,1912,0.5494,0.82,0.0,0.0,pix
real_001_s001_2026-05-18_16-36-57-938,001,001,1,056,056.jpg,66,32.562223,1779115050.501454,1.083333,-136.0,242.0,0.0,0.0,2940,1912,0.5494,0.82,0.0,0.0,pix
real_001_s001_2026-05-18_16-36-57-938,001,001,1,056,056.jpg,67,32.578889,1779115050.518121,1.1,-136.0,242.0,0.0,0.0,2940,1912,0.5494,0.82,0.0,0.0,pix
real_001_s001_2026-05-18_16-36-57-938,001,001,1,056,056.jpg,68,32.595556,1779115050.534787,1.116667,-136.0,242.0,0.0,0.0,2940,1912,0.5494,0.82,0.0,0.0,pix
real_001_s001_2026-05-18_16-36-57-938,001,001,1,056,056.jpg,69,32.612223,1779115050.551454,1.133333,-136.0,242.0,0.0,0.0,2940,1912,0.5494,0.82,0.0,0.0,pix
real_001_s001_2026-05-18_16-36-57-938,001,001,1,056,056.jpg,70,32.628889,1779115050.568121,1.15,-136.0,242.0,0.0,0.0,2940,1912,0.5494,0.82,0.0,0.0,pix
real_001_s001_2026-05-18_16-36-57-938,001,001,1,056,056.jpg,71,32.645556,1779115050.584788,1.166667,-136.0,242.0,0.0,0.0,2940,1912,0.5494,0.82,0.0,0.0,pix
real_001_s001_2026-05-18_16-36-57-938,001,001,1,056,056.jpg,72,32.662223,1779115050.601454,1.183333,-136.0,242.0,0.0,0.0,2940,1912,0.5494,0.82,0.0,0.0,pix
real_001_s001_2026-05-18_16-36-57-938,001,001,1,056,056.jpg,73,32.678889,1779115050.618121,1.2,-136.0,242.0,0.0,0.0,2940,1912,0.5494,0.82,0.0,0.0,pix
real_001_s001_2026-05-18_16-36-57-938,001,001,1,056,056.jpg,74,32.695556,1779115050.634788,1.216667,-136.0,242.0,0.0,0.0,2940,1912,0.5494,0.82,0.0,0.0,pix
real_001_s001_2026-05-18_16-36-57-938,001,001,1,056,056.jpg,75,32.712223,1779115050.651454,1.233333,-136.0,242.0,0.0,0.0,2940,1912,0.5494,0.82,0.0,0.0,pix
real_001_s001_2026-05-18_16-36-57-938,001,001,1,056,056.jpg,76,32.728889,1779115050.668121,1.25,-136.0,242.0,0.0,0.0,2940,1912,0.5494,0.82,0.0,0.0,pix
real_001_s001_2026-05-18_16-36-57-938,001,001,1,056,056.jpg,77,32.745556,1779115050.684788,1.266667,-136.0,242.0,0.0,0.0,2940,1912,0.5494,0.82,0.0,0.0,pix
real_001_s001_2026-05-18_16-36-57-938,001,001,1,056,056.jpg,78,32.762223,1779115050.701454,1.283333,-136.0,242.0,0.0,0.0,2940,1912,0.5494,0.82,0.0,0.0,pix
real_001_s001_2026-05-18_16-36-57-938,001,001,1,056,056.jpg,79,32.778889,1779115050.718121,1.3,-136.0,242.0,0.0,0.0,2940,1912,0.5494,0.82,0.0,0.0,pix
real_001_s001_2026-05-18_16-36-57-938,001,001,1,056,056.jpg,80,32.795556,1779115050.734787,1.316667,-136.0,242.0,0.0,0.0,2940,1912,0.5494,0.82,0.0,0.0,pix
real_001_s001_2026-05-18_16-36-57-938,001,001,1,056,056.jpg,81,32.812223,1779115050.751454,1.333333,-136.0,242.0,0.0,0.0,2940,1912,0.5494,0.82,0.0,0.0,pix
real_001_s001_2026-05-18_16-36-57-938,001,001,1,056,056.jpg,82,32.828889,1779115050.768121,1.35,-136.0,242.0,0.0,0.0,2940,1912,0.5494,0.82,0.0,0.0,pix
real_001_s001_2026-05-18_16-36-57-938,001,001,1,056,056.jpg,83,32.845556,1779115050.784787,1.366667,-136.0,242.0,0.0,0.0,2940,1912,0.5494,0.82,0.0,0.0,pix
real_001_s001_2026-05-18_16-36-57-938,001,001,1,056,056.jpg,84,32.862223,1779115050.801454,1.383333,-136.0,242.0,0.0,0.0,2940,1912,0.5494,0.82,0.0,0.0,pix
real_001_s001_2026-05-18_16-36-57-938,001,001,1,056,056.jpg,85,32.878889,1779115050.818121,1.4,-136.0,242.0,0.0,0.0,2940,1912,0.5494,0.82,0.0,0.0,pix
real_001_s001_2026-05-18_16-36-57-938,001,001,1,056,056.jpg,86,32.895556,1779115050.834788,1.416667,-136.0,242.0,0.0,0.0,2940,1912,0.5494,0.82,0.0,0.0,pix
real_001_s001_2026-05-18_16-36-57-938,001,001,1,056,056.jpg,87,32.912223,1779115050.851454,1.433333,-136.0,242.0,0.0,0.0,2940,1912,0.5494,0.82,0.0,0.0,pix
real_001_s001_2026-05-18_16-36-57-938,001,001,1,056,056.jpg,88,32.928889,1779115050.868121,1.45,-136.0,242.0,0.0,0.0,2940,1912,0.5494,0.82,0.0,0.0,pix
real_001_s001_2026-05-18_16-36-57-938,001,001,1,056,056.jpg,89,32.945556,1779115050.884788,1.466667,-136.0,242.0,0.0,0.0,2940,1912,0.5494,0.82,0.0,0.0,pix
real_001_s001_2026-05-18_16-36-57-938,001,001,1,056,056.jpg,90,32.962223,1779115050.901454,1.483333,-136.0,242.0,0.0,0.0,2940,1912,0.5494,0.82,0.0,0.0,pix
real_001_s001_2026-05-18_16-36-57-938,001,001,1,056,056.jpg,91,32.978889,1779115050.918121,1.5,-136.0,242.0,0.0,0.0,2940,1912,0.5494,0.82,0.0,0.0,pix
real_001_s001_2026-05-18_16-36-57-938,001,001,1,056,056.jpg,92,32.995556,1779115050.934788,1.516667,-136.0,242.0,0.0,0.0,2940,1912,0.5494,0.82,0.0,0.0,pix
real_001_s001_2026-05-18_16-36-57-938,001,001,1,056,056.jpg,93,33.012223,1779115050.951454,1.533333,-136.0,242.0,0.0,0.0,2940,1912,0.5494,0.82,0.0,0.0,pix
real_001_s001_2026-05-18_16-36-57-938,001,001,1,056,056.jpg,94,33.028889,1779115050.968121,1.55,-136.0,242.0,0.0,0.0,2940,1912,0.5494,0.82,0.0,0.0,pix
real_001_s001_2026-05-18_16-36-57-938,001,001,1,056,056.jpg,95,33.045556,1779115050.984787,1.566667,-136.0,242.0,0.0,0.0,2940,1912,0.5494,0.82,0.0,0.0,pix
real_001_s001_2026-05-18_16-36-57-938,001,001,1,056,056.jpg,96,33.062223,1779115051.001454,1.583333,-136.0,242.0,0.0,0.0,2940,1912,0.5494,0.82,0.0,0.0,pix
real_001_s001_2026-05-18_16-36-57-938,001,001,1,056,056.jpg,97,33.078889,1779115051.018121,1.6,-136.0,242.0,0.0,0.0,2940,1912,0.5494,0.82,0.0,0.0,pix
real_001_s001_2026-05-18_16-36-57-938,001,001,1,056,056.jpg,98,33.095556,1779115051.034787,1.616667,-136.0,242.0,0.0,0.0,2940,1912,0.5494,0.82,0.0,0.0,pix
real_001_s001_2026-05-18_16-36-57-938,001,001,1,056,056.jpg,99,33.112223,1779115051.051454,1.633333,-136.0,242.0,0.0,0.0,2940,1912,0.5494,0.82,0.0,0.0,pix
real_001_s001_2026-05-18_16-36-57-938,001,001,1,056,056.jpg,100,33.128889,1779115051.068121,1.65,-136.0,242.0,0.0,0.0,2940,1912,0.5494,0.82,0.0,0.0,pix
real_001_s001_2026-05-18_16-36-57-938,001,001,1,056,056.jpg,101,33.145556,1779115051.084788,1.666667,-136.0,242.0,0.0,0.0,2940,1912,0.5494,0.82,0.0,0.0,pix
real_001_s001_2026-05-18_16-36-57-938,001,001,1,056,056.jpg,102,33.162223,1779115051.101454,1.683333,-136.0,242.0,0.0,0.0,2940,1912,0.5494,0.82,0.0,0.0,pix
real_001_s001_2026-05-18_16-36-57-938,001,001,1,056,056.jpg,103,33.178889,1779115051.118121,1.7,-136.0,242.0,0.0,0.0,2940,1912,0.5494,0.82,0.0,0.0,pix
real_001_s001_2026-05-18_16-36-57-938,001,001,1,056,056.jpg,104,33.195556,1779115051.134788,1.716667,-136.0,242.0,0.0,0.0,2940,1912,0.5494,0.82,0.0,0.0,pix
real_001_s001_2026-05-18_16-36-57-938,001,001,1,056,056.jpg,105,33.212223,1779115051.151454,1.733333,-136.0,242.0,0.0,0.0,2940,1912,0.5494,0.82,0.0,0.0,pix
real_001_s001_2026-05-18_16-36-57-938,001,001,1,056,056.jpg,106,33.228889,1779115051.168121,1.75,-136.0,242.0,0.0,0.0,2940,1912,0.5494,0.82,0.0,0.0,pix
real_001_s001_2026-05-18_16-36-57-938,001,001,1,056,056.jpg,107,33.245556,1779115051.184788,1.766667,-136.0,242.0,0.0,0.0,2940,1912,0.5494,0.82,0.0,0.0,pix
real_001_s001_2026-05-18_16-36-57-938,001,001,1,056,056.jpg,108,33.262223,1779115051.201454,1.783333,-136.0,242.0,0.0,0.0,2940,1912,0.5494,0.82,0.0,0.0,pix
real_001_s001_2026-05-18_16-36-57-938,001,001,1,056,056.jpg,109,33.278889,1779115051.218121,1.8,-136.0,242.0,0.0,0.0,2940,1912,0.5494,0.82,0.0,0.0,pix
real_001_s001_2026-05-18_16-36-57-938,001,001,1,056,056.jpg,110,33.295556,1779115051.234787,1.816667,-136.0,242.0,0.0,0.0,2940,1912,0.5494,0.82,0.0,0.0,pix
real_001_s001_2026-05-18_16-36-57-938,001,001,1,056,056.jpg,111,33.312223,1779115051.251454,1.833333,-136.0,242.0,0.0,0.0,2940,1912,0.5494,0.82,0.0,0.0,pix
real_001_s001_2026-05-18_16-36-57-938,001,001,1,056,056.jpg,112,33.328889,1779115051.268121,1.85,-136.0,242.0,0.0,0.0,2940,1912,0.5494,0.82,0.0,0.0,pix
real_001_s001_2026-05-18_16-36-57-938,001,001,1,056,056.jpg,113,33.345556,1779115051.284787,1.866667,-136.0,242.0,0.0,0.0,2940,1912,0.5494,0.82,0.0,0.0,pix
real_001_s001_2026-05-18_16-36-57-938,001,001,1,056,056.jpg,114,33.362223,1779115051.301454,1.883333,-136.0,242.0,0.0,0.0,2940,1912,0.5494,0.82,0.0,0.0,pix
real_001_s001_2026-05-18_16-36-57-938,001,001,1,056,056.jpg,115,33.378889,1779115051.318121,1.9,-136.0,242.0,0.0,0.0,2940,1912,0.5494,0.82,0.0,0.0,pix
real_001_s001_2026-05-18_16-36-57-938,001,001,1,056,056.jpg,116,33.395556,1779115051.334788,1.916667,-136.0,242.0,0.0,0.0,2940,1912,0.5494,0.82,0.0,0.0,pix
real_001_s001_2026-05-18_16-36-57-938,001,001,1,056,056.jpg,117,33.412223,1779115051.351454,1.933333,-136.0,242.0,0.0,0.0,2940,1912,0.5494,0.82,0.0,0.0,pix
real_001_s001_2026-05-18_16-36-57-938,001,001,1,056,056.jpg,118,33.428889,1779115051.368121,1.95,-136.0,242.0,0.0,0.0,2940,1912,0.5494,0.82,0.0,0.0,pix
real_001_s001_2026-05-18_16-36-57-938,001,001,1,056,056.jpg,119,33.445556,1779115051.384788,1.966667,-136.0,242.0,0.0,0.0,2940,1912,0.5494,0.82,0.0,0.0,pix
real_001_s001_2026-05-18_16-36-57-938,001,001,1,056,056.jpg,120,33.462223,1779115051.401454,1.983333,-136.0,242.0,0.0,0.0,2940,1912,0.5494,0.82,0.0,0.0,pix
real_001_s001_2026-05-18_16-36-57-938,001,001,1,056,056.jpg,121,33.478889,1779115051.418121,2.0,-136.0,242.0,0.0,0.0,2940,1912,0.5494,0.82,0.0,0.0,pix
real_001_s001_2026-05-18_16-36-57-938,001,001,1,056,056.jpg,122,33.495556,1779115051.434788,2.016667,-136.0,242.0,0.0,0.0,2940,1912,0.5494,0.82,0.0,0.0,pix
real_001_s001_2026-05-18_16-36-57-938,001,001,1,056,056.jpg,123,33.512223,1779115051.451454,2.033333,-136.0,242.0,0.0,0.0,2940,1912,0.5494,0.82,0.0,0.0,pix
real_001_s001_2026-05-18_16-36-57-938,001,001,1,056,056.jpg,124,33.528889,1779115051.468121,2.05,-136.0,242.0,0.0,0.0,2940,1912,0.5494,0.82,0.0,0.0,pix
real_001_s001_2026-05-18_16-36-57-938,001,001,1,056,056.jpg,125,33.545556,1779115051.484787,2.066667,-136.0,242.0,0.0,0.0,2940,1912,0.5494,0.82,0.0,0.0,pix
real_001_s001_2026-05-18_16-36-57-938,001,001,1,056,056.jpg,126,33.562223,1779115051.501454,2.083333,-136.0,242.0,0.0,0.0,2940,1912,0.5494,0.82,0.0,0.0,pix
real_001_s001_2026-05-18_16-36-57-938,001,001,1,056,056.jpg,127,33.578889,1779115051.518121,2.1,-136.0,242.0,0.0,0.0,2940,1912,0.5494,0.82,0.0,0.0,pix
real_001_s001_2026-05-18_16-36-57-938,001,001,1,056,056.jpg,128,33.595556,1779115051.534787,2.116667,-136.0,242.0,0.0,0.0,2940,1912,0.5494,0.82,0.0,0.0,pix
real_001_s001_2026-05-18_16-36-57-938,001,001,1,056,056.jpg,129,33.612223,1779115051.551454,2.133333,-136.0,242.0,0.0,0.0,2940,1912,0.5494,0.82,0.0,0.0,pix
real_001_s001_2026-05-18_16-36-57-938,001,001,1,056,056.jpg,130,33.628889,1779115051.568121,2.15,-136.0,242.0,0.0,0.0,2940,1912,0.5494,0.82,0.0,0.0,pix
real_001_s001_2026-05-18_16-36-57-938,001,001,1,056,056.jpg,131,33.645556,1779115051.584788,2.166667,-136.0,242.0,0.0,0.0,2940,1912,0.5494,0.82,0.0,0.0,pix
real_001_s001_2026-05-18_16-36-57-938,001,001,1,056,056.jpg,132,33.662223,1779115051.601454,2.183333,-136.0,242.0,0.0,0.0,2940,1912,0.5494,0.82,0.0,0.0,pix
real_001_s001_2026-05-18_16-36-57-938,001,001,1,056,056.jpg,133,33.678889,1779115051.618121,2.2,-136.0,242.0,0.0,0.0,2940,1912,0.5494,0.82,0.0,0.0,pix
real_001_s001_2026-05-18_16-36-57-938,001,001,1,056,056.jpg,134,33.695556,1779115051.634788,2.216667,-136.0,242.0,0.0,0.0,2940,1912,0.5494,0.82,0.0,0.0,pix
real_001_s001_2026-05-18_16-36-57-938,001,001,1,056,056.jpg,135,33.712223,1779115051.651454,2.233333,-136.0,242.0,0.0,0.0,2940,1912,0.5494,0.82,0.0,0.0,pix
real_001_s001_2026-05-18_16-36-57-938,001,001,1,056,056.jpg,136,33.728889,1779115051.668121,2.25,-136.0,242.0,0.0,0.0,2940,1912,0.5494,0.82,0.0,0.0,pix
real_001_s001_2026-05-18_16-36-57-938,001,001,1,056,056.jpg,137,33.745556,1779115051.684788,2.266667,-136.0,242.0,0.0,0.0,2940,1912,0.5494,0.82,0.0,0.0,pix
real_001_s001_2026-05-18_16-36-57-938,001,001,1,056,056.jpg,138,33.762223,1779115051.701454,2.283333,-136.0,242.0,0.0,0.0,2940,1912,0.5494,0.82,0.0,0.0,pix
real_001_s001_2026-05-18_16-36-57-938,001,001,1,056,056.jpg,139,33.778889,1779115051.718121,2.3,-136.0,242.0,0.0,0.0,2940,1912,0.5494,0.82,0.0,0.0,pix
real_001_s001_2026-05-18_16-36-57-938,001,001,1,056,056.jpg,140,33.795556,1779115051.734787,2.316667,-136.0,242.0,0.0,0.0,2940,1912,0.5494,0.82,0.0,0.0,pix
real_001_s001_2026-05-18_16-36-57-938,001,001,1,056,056.jpg,141,33.812223,1779115051.751454,2.333333,-136.0,242.0,0.0,0.0,2940,1912,0.5494,0.82,0.0,0.0,pix
real_001_s001_2026-05-18_16-36-57-938,001,001,1,056,056.jpg,142,33.828889,1779115051.768121,2.35,-136.0,242.0,0.0,0.0,2940,1912,0.5494,0.82,0.0,0.0,pix
real_001_s001_2026-05-18_16-36-57-938,001,001,1,056,056.jpg,143,33.845556,1779115051.784787,2.366667,-136.0,242.0,0.0,0.0,2940,1912,0.5494,0.82,0.0,0.0,pix
real_001_s001_2026-05-18_16-36-57-938,001,001,1,056,056.jpg,144,33.862223,1779115051.801454,2.383333,-136.0,242.0,0.0,0.0,2940,1912,0.5494,0.82,0.0,0.0,pix
real_001_s001_2026-05-18_16-36-57-938,001,001,1,056,056.jpg,145,33.878889,1779115051.818121,2.4,-136.0,242.0,0.0,0.0,2940,1912,0.5494,0.82,0.0,0.0,pix
real_001_s001_2026-05-18_16-36-57-938,001,001,1,056,056.jpg,146,33.895556,1779115051.834788,2.416667,-136.0,242.0,0.0,0.0,2940,1912,0.5494,0.82,0.0,0.0,pix
real_001_s001_2026-05-18_16-36-57-938,001,001,1,056,056.jpg,147,33.912223,1779115051.851454,2.433333,-136.0,242.0,0.0,0.0,2940,1912,0.5494,0.82,0.0,0.0,pix
real_001_s001_2026-05-18_16-36-57-938,001,001,1,056,056.jpg,148,33.928889,1779115051.868121,2.45,-136.0,242.0,0.0,0.0,2940,1912,0.5494,0.82,0.0,0.0,pix
real_001_s001_2026-05-18_16-36-57-938,001,001,1,056,056.jpg,149,33.945556,1779115051.884788,2.466667,-136.0,242.0,0.0,0.0,2940,1912,0.5494,0.82,0.0,0.0,pix
real_001_s001_2026-05-18_16-36-57-938,001,001,1,056,056.jpg,150,33.962223,1779115051.901454,2.483333,-136.0,242.0,0.0,0.0,2940,1912,0.5494,0.82,0.0,0.0,pix
real_001_s001_2026-05-18_16-36-57-938,001,001,1,056,056.jpg,151,33.978889,1779115051.918121,2.5,-136.0,242.0,0.0,0.0,2940,1912,0.5494,0.82,0.0,0.0,pix
real_001_s001_2026-05-18_16-36-57-938,001,001,1,056,056.jpg,152,33.995556,1779115051.934788,2.516667,-136.0,242.0,0.0,0.0,2940,1912,0.5494,0.82,0.0,0.0,pix
real_001_s001_2026-05-18_16-36-57-938,001,001,1,056,056.jpg,153,34.012223,1779115051.951454,2.533333,-136.0,242.0,0.0,0.0,2940,1912,0.5494,0.82,0.0,0.0,pix
real_001_s001_2026-05-18_16-36-57-938,001,001,1,056,056.jpg,154,34.028889,1779115051.968121,2.55,-136.0,242.0,0.0,0.0,2940,1912,0.5494,0.82,0.0,0.0,pix
real_001_s001_2026-05-18_16-36-57-938,001,001,1,056,056.jpg,155,34.045556,1779115051.984787,2.566667,-136.0,242.0,0.0,0.0,2940,1912,0.5494,0.82,0.0,0.0,pix
real_001_s001_2026-05-18_16-36-57-938,001,001,1,056,056.jpg,156,34.062223,1779115052.001454,2.583333,-136.0,242.0,0.0,0.0,2940,1912,0.5494,0.82,0.0,0.0,pix
real_001_s001_2026-05-18_16-36-57-938,001,001,1,056,056.jpg,157,34.078889,1779115052.018121,2.6,-136.0,242.0,0.0,0.0,2940,1912,0.5494,0.82,0.0,0.0,pix
real_001_s001_2026-05-18_16-36-57-938,001,001,1,056,056.jpg,158,34.095556,1779115052.034787,2.616667,-136.0,242.0,0.0,0.0,2940,1912,0.5494,0.82,0.0,0.0,pix
real_001_s001_2026-05-18_16-36-57-938,001,001,1,056,056.jpg,159,34.112223,1779115052.051454,2.633333,-136.0,242.0,0.0,0.0,2940,1912,0.5494,0.82,0.0,0.0,pix
real_001_s001_2026-05-18_16-36-57-938,001,001,1,056,056.jpg,160,34.128889,1779115052.068121,2.65,-136.0,242.0,0.0,0.0,2940,1912,0.5494,0.82,0.0,0.0,pix
real_001_s001_2026-05-18_16-36-57-938,001,001,1,056,056.jpg,161,34.145556,1779115052.084788,2.666667,-136.0,242.0,0.0,0.0,2940,1912,0.5494,0.82,0.0,0.0,pix
real_001_s001_2026-05-18_16-36-57-938,001,001,1,056,056.jpg,162,34.162223,1779115052.101454,2.683333,-136.0,242.0,0.0,0.0,2940,1912,0.5494,0.82,0.0,0.0,pix
real_001_s001_2026-05-18_16-36-57-938,001,001,1,056,056.jpg,163,34.178889,1779115052.118121,2.7,-136.0,242.0,0.0,0.0,2940,1912,0.5494,0.82,0.0,0.0,pix
real_001_s001_2026-05-18_16-36-57-938,001,001,1,056,056.jpg,164,34.195556,1779115052.134788,2.716667,-136.0,242.0,0.0,0.0,2940,1912,0.5494,0.82,0.0,0.0,pix
real_001_s001_2026-05-18_16-36-57-938,001,001,1,056,056.jpg,165,34.212223,1779115052.151454,2.733333,-136.0,242.0,0.0,0.0,2940,1912,0.5494,0.82,0.0,0.0,pix
real_001_s001_2026-05-18_16-36-57-938,001,001,1,056,056.jpg,166,34.228889,1779115052.168121,2.75,-136.0,242.0,0.0,0.0,2940,1912,0.5494,0.82,0.0,0.0,pix
real_001_s001_2026-05-18_16-36-57-938,001,001,1,056,056.jpg,167,34.245556,1779115052.184788,2.766667,-136.0,242.0,0.0,0.0,2940,1912,0.5494,0.82,0.0,0.0,pix
real_001_s001_2026-05-18_16-36-57-938,001,001,1,056,056.jpg,168,34.262223,1779115052.201454,2.783333,-136.0,242.0,0.0,0.0,2940,1912,0.5494,0.82,0.0,0.0,pix
real_001_s001_2026-05-18_16-36-57-938,001,001,1,056,056.jpg,169,34.278889,1779115052.218121,2.8,-136.0,242.0,0.0,0.0,2940,1912,0.5494,0.82,0.0,0.0,pix
real_001_s001_2026-05-18_16-36-57-938,001,001,1,056,056.jpg,170,34.295556,1779115052.234787,2.816667,-136.0,242.0,0.0,0.0,2940,1912,0.5494,0.82,0.0,0.0,pix
real_001_s001_2026-05-18_16-36-57-938,001,001,1,056,056.jpg,171,34.312223,1779115052.251454,2.833333,-136.0,242.0,0.0,0.0,2940,1912,0.5494,0.82,0.0,0.0,pix
real_001_s001_2026-05-18_16-36-57-938,001,001,1,056,056.jpg,172,34.328889,1779115052.268121,2.85,-136.0,242.0,0.0,0.0,2940,1912,0.5494,0.82,0.0,0.0,pix
real_001_s001_2026-05-18_16-36-57-938,001,001,1,056,056.jpg,173,34.345556,1779115052.284787,2.866667,-136.0,242.0,0.0,0.0,2940,1912,0.5494,0.82,0.0,0.0,pix
real_001_s001_2026-05-18_16-36-57-938,001,001,1,056,056.jpg,174,34.362223,1779115052.301454,2.883333,-136.0,242.0,0.0,0.0,2940,1912,0.5494,0.82,0.0,0.0,pix
real_001_s001_2026-05-18_16-36-57-938,001,001,1,056,056.jpg,175,34.378889,1779115052.318121,2.9,-136.0,242.0,0.0,0.0,2940,1912,0.5494,0.82,0.0,0.0,pix
real_001_s001_2026-05-18_16-36-57-938,001,001,1,056,056.jpg,176,34.395556,1779115052.334788,2.916667,-136.0,242.0,0.0,0.0,2940,1912,0.5494,0.82,0.0,0.0,pix
real_001_s001_2026-05-18_16-36-57-938,001,001,1,056,056.jpg,177,34.412223,1779115052.351454,2.933333,-136.0,242.0,0.0,0.0,2940,1912,0.5494,0.82,0.0,0.0,pix
real_001_s001_2026-05-18_16-36-57-938,001,001,1,056,056.jpg,178,34.428889,1779115052.368121,2.95,-136.0,242.0,0.0,0.0,2940,1912,0.5494,0.82,0.0,0.0,pix
real_001_s001_2026-05-18_16-36-57-938,001,001,1,056,056.jpg,179,34.445556,1779115052.384788,2.966667,-136.0,242.0,0.0,0.0,2940,1912,0.5494,0.82,0.0,0.0,pix
real_001_s001_2026-05-18_16-36-57-938,001,001,1,056,056.jpg,180,34.462223,1779115052.401454,2.983333,-136.0,242.0,0.0,0.0,2940,1912,0.5494,0.82,0.0,0.0,pix
real_001_s001_2026-05-18_16-36-57-938,001,001,1,056,056.jpg,181,34.478889,1779115052.418121,3.0,-136.0,242.0,0.0,0.0,2940,1912,0.5494,0.82,0.0,0.0,pix
real_001_s001_2026-05-18_16-36-57-938,001,001,1,056,056.jpg,182,34.495556,1779115052.434788,3.016667,-136.0,242.0,0.0,0.0,2940,1912,0.5494,0.82,0.0,0.0,pix
real_001_s001_2026-05-18_16-36-57-938,001,001,1,056,056.jpg,183,34.512223,1779115052.451454,3.033333,-136.0,242.0,0.0,0.0,2940,1912,0.5494,0.82,0.0,0.0,pix
real_001_s001_2026-05-18_16-36-57-938,001,001,1,056,056.jpg,184,34.528889,1779115052.468121,3.05,-136.0,242.0,0.0,0.0,2940,1912,0.5494,0.82,0.0,0.0,pix
real_001_s001_2026-05-18_16-36-57-938,001,001,1,056,056.jpg,185,34.545556,1779115052.484787,3.066667,-136.0,242.0,0.0,0.0,2940,1912,0.5494,0.82,0.0,0.0,pix
real_001_s001_2026-05-18_16-36-57-938,001,001,1,056,056.jpg,186,34.562223,1779115052.501454,3.083333,-136.0,242.0,0.0,0.0,2940,1912,0.5494,0.82,0.0,0.0,pix
real_001_s001_2026-05-18_16-36-57-938,001,001,1,056,056.jpg,187,34.578889,1779115052.518121,3.1,-136.0,242.0,0.0,0.0,2940,1912,0.5494,0.82,0.0,0.0,pix
real_001_s001_2026-05-18_16-36-57-938,001,001,1,056,056.jpg,188,34.595556,1779115052.534787,3.116667,-136.0,242.0,0.0,0.0,2940,1912,0.5494,0.82,0.0,0.0,pix
real_001_s001_2026-05-18_16-36-57-938,001,001,1,056,056.jpg,189,34.612223,1779115052.551454,3.133333,-136.0,242.0,0.0,0.0,2940,1912,0.5494,0.82,0.0,0.0,pix
real_001_s001_2026-05-18_16-36-57-938,001,001,1,056,056.jpg,190,34.628889,1779115052.568121,3.15,-136.0,242.0,0.0,0.0,2940,1912,0.5494,0.82,0.0,0.0,pix
real_001_s001_2026-05-18_16-36-57-938,001,001,1,056,056.jpg,191,34.645556,1779115052.584788,3.166667,-136.0,242.0,0.0,0.0,2940,1912,0.5494,0.82,0.0,0.0,pix
real_001_s001_2026-05-18_16-36-57-938,001,001,1,056,056.jpg,192,34.662223,1779115052.601454,3.183333,-136.0,242.0,0.0,0.0,2940,1912,0.5494,0.82,0.0,0.0,pix
real_001_s001_2026-05-18_16-36-57-938,001,001,1,056,056.jpg,193,34.678889,1779115052.618121,3.2,-136.0,242.0,0.0,0.0,2940,1912,0.5494,0.82,0.0,0.0,pix
real_001_s001_2026-05-18_16-36-57-938,001,001,1,056,056.jpg,194,34.695556,1779115052.634788,3.216667,-136.0,242.0,0.0,0.0,2940,1912,0.5494,0.82,0.0,0.0,pix
real_001_s001_2026-05-18_16-36-57-938,001,001,1,056,056.jpg,195,34.712223,1779115052.651454,3.233333,-136.0,242.0,0.0,0.0,2940,1912,0.5494,0.82,0.0,0.0,pix
real_001_s001_2026-05-18_16-36-57-938,001,001,1,056,056.jpg,196,34.728889,1779115052.668121,3.25,-136.0,242.0,0.0,0.0,2940,1912,0.5494,0.82,0.0,0.0,pix
real_001_s001_2026-05-18_16-36-57-938,001,001,1,056,056.jpg,197,34.745556,1779115052.684788,3.266667,-136.0,242.0,0.0,0.0,2940,1912,0.5494,0.82,0.0,0.0,pix
real_001_s001_2026-05-18_16-36-57-938,001,001,1,056,056.jpg,198,34.762223,1779115052.701454,3.283333,-136.0,242.0,0.0,0.0,2940,1912,0.5494,0.82,0.0,0.0,pix
real_001_s001_2026-05-18_16-36-57-938,001,001,1,056,056.jpg,199,34.778889,1779115052.718121,3.3,-136.0,242.0,0.0,0.0,2940,1912,0.5494,0.82,0.0,0.0,pix
real_001_s001_2026-05-18_16-36-57-938,001,001,1,056,056.jpg,200,34.795556,1779115052.734787,3.316667,-136.0,242.0,0.0,0.0,2940,1912,0.5494,0.82,0.0,0.0,pix
real_001_s001_2026-05-18_16-36-57-938,001,001,1,056,056.jpg,201,34.812223,1779115052.751454,3.333333,-136.0,242.0,0.0,0.0,2940,1912,0.5494,0.82,0.0,0.0,pix
real_001_s001_2026-05-18_16-36-57-938,001,001,1,056,056.jpg,202,34.828889,1779115052.768121,3.35,-136.0,242.0,0.0,0.0,2940,1912,0.5494,0.82,0.0,0.0,pix
real_001_s001_2026-05-18_16-36-57-938,001,001,1,056,056.jpg,203,34.845556,1779115052.784787,3.366667,-136.0,242.0,0.0,0.0,2940,1912,0.5494,0.82,0.0,0.0,pix
real_001_s001_2026-05-18_16-36-57-938,001,001,1,056,056.jpg,204,34.862223,1779115052.801454,3.383333,-136.0,242.0,0.0,0.0,2940,1912,0.5494,0.82,0.0,0.0,pix
real_001_s001_2026-05-18_16-36-57-938,001,001,1,056,056.jpg,205,34.878889,1779115052.818121,3.4,-136.0,242.0,0.0,0.0,2940,1912,0.5494,0.82,0.0,0.0,pix
real_001_s001_2026-05-18_16-36-57-938,001,001,1,056,056.jpg,206,34.895556,1779115052.834788,3.416667,-136.0,242.0,0.0,0.0,2940,1912,0.5494,0.82,0.0,0.0,pix
real_001_s001_2026-05-18_16-36-57-938,001,001,1,056,056.jpg,207,34.912223,1779115052.851454,3.433333,-136.0,242.0,0.0,0.0,2940,1912,0.5494,0.82,0.0,0.0,pix
real_001_s001_2026-05-18_16-36-57-938,001,001,1,056,056.jpg,208,34.928889,1779115052.868121,3.45,-136.0,242.0,0.0,0.0,2940,1912,0.5494,0.82,0.0,0.0,pix
real_001_s001_2026-05-18_16-36-57-938,001,001,1,056,056.jpg,209,34.945556,1779115052.884788,3.466667,-136.0,242.0,0.0,0.0,2940,1912,0.5494,0.82,0.0,0.0,pix
real_001_s001_2026-05-18_16-36-57-938,001,001,1,056,056.jpg,210,34.962223,1779115052.901454,3.483333,-136.0,242.0,0.0,0.0,2940,1912,0.5494,0.82,0.0,0.0,pix
real_001_s001_2026-05-18_16-36-57-938,001,001,1,056,056.jpg,211,34.978889,1779115052.918121,3.5,-136.0,242.0,0.0,0.0,2940,1912,0.5494,0.82,0.0,0.0,pix
real_001_s001_2026-05-18_16-36-57-938,001,001,1,056,056.jpg,212,34.995556,1779115052.934788,3.516667,-136.0,242.0,0.0,0.0,2940,1912,0.5494,0.82,0.0,0.0,pix
real_001_s001_2026-05-18_16-36-57-938,001,001,1,056,056.jpg,213,35.012223,1779115052.951454,3.533333,-136.0,242.0,0.0,0.0,2940,1912,0.5494,0.82,0.0,0.0,pix
real_001_s001_2026-05-18_16-36-57-938,001,001,1,056,056.jpg,214,35.028889,1779115052.968121,3.55,-136.0,242.0,0.0,0.0,2940,1912,0.5494,0.82,0.0,0.0,pix
real_001_s001_2026-05-18_16-36-57-938,001,001,1,056,056.jpg,215,35.045556,1779115052.984787,3.566667,-136.0,242.0,0.0,0.0,2940,1912,0.5494,0.82,0.0,0.0,pix
real_001_s001_2026-05-18_16-36-57-938,001,001,1,056,056.jpg,216,35.062223,1779115053.001454,3.583333,-136.0,242.0,0.0,0.0,2940,1912,0.5494,0.82,0.0,0.0,pix
real_001_s001_2026-05-18_16-36-57-938,001,001,1,056,056.jpg,217,35.078889,1779115053.018121,3.6,-136.0,242.0,0.0,0.0,2940,1912,0.5494,0.82,0.0,0.0,pix
real_001_s001_2026-05-18_16-36-57-938,001,001,1,056,056.jpg,218,35.095556,1779115053.034787,3.616667,-136.0,242.0,0.0,0.0,2940,1912,0.5494,0.82,0.0,0.0,pix
real_001_s001_2026-05-18_16-36-57-938,001,001,1,056,056.jpg,219,35.112223,1779115053.051454,3.633333,-136.0,242.0,0.0,0.0,2940,1912,0.5494,0.82,0.0,0.0,pix
real_001_s001_2026-05-18_16-36-57-938,001,001,1,056,056.jpg,220,35.128889,1779115053.068121,3.65,-136.0,242.0,0.0,0.0,2940,1912,0.5494,0.82,0.0,0.0,pix
real_001_s001_2026-05-18_16-36-57-938,001,001,1,056,056.jpg,221,35.145556,1779115053.084788,3.666667,-136.0,242.0,0.0,0.0,2940,1912,0.5494,0.82,0.0,0.0,pix
real_001_s001_2026-05-18_16-36-57-938,001,001,1,056,056.jpg,222,35.162223,1779115053.101454,3.683333,-136.0,242.0,0.0,0.0,2940,1912,0.5494,0.82,0.0,0.0,pix
real_001_s001_2026-05-18_16-36-57-938,001,001,1,056,056.jpg,223,35.178889,1779115053.118121,3.7,-136.0,242.0,0.0,0.0,2940,1912,0.5494,0.82,0.0,0.0,pix
real_001_s001_2026-05-18_16-36-57-938,001,001,1,056,056.jpg,224,35.195556,1779115053.134788,3.716667,-136.0,242.0,0.0,0.0,2940,1912,0.5494,0.82,0.0,0.0,pix
real_001_s001_2026-05-18_16-36-57-938,001,001,1,056,056.jpg,225,35.212223,1779115053.151454,3.733333,-136.0,242.0,0.0,0.0,2940,1912,0.5494,0.82,0.0,0.0,pix
real_001_s001_2026-05-18_16-36-57-938,001,001,1,056,056.jpg,226,35.228889,1779115053.168121,3.75,-136.0,242.0,0.0,0.0,2940,1912,0.5494,0.82,0.0,0.0,pix
real_001_s001_2026-05-18_16-36-57-938,001,001,1,056,056.jpg,227,35.245556,1779115053.184788,3.766667,-136.0,242.0,0.0,0.0,2940,1912,0.5494,0.82,0.0,0.0,pix
real_001_s001_2026-05-18_16-36-57-938,001,001,1,056,056.jpg,228,35.262223,1779115053.201454,3.783333,-136.0,242.0,0.0,0.0,2940,1912,0.5494,0.82,0.0,0.0,pix
real_001_s001_2026-05-18_16-36-57-938,001,001,1,056,056.jpg,229,35.278889,1779115053.218121,3.8,-136.0,242.0,0.0,0.0,2940,1912,0.5494,0.82,0.0,0.0,pix
real_001_s001_2026-05-18_16-36-57-938,001,001,1,056,056.jpg,230,35.295556,1779115053.234787,3.816667,-136.0,242.0,0.0,0.0,2940,1912,0.5494,0.82,0.0,0.0,pix
real_001_s001_2026-05-18_16-36-57-938,001,001,1,056,056.jpg,231,35.312223,1779115053.251454,3.833333,-136.0,242.0,0.0,0.0,2940,1912,0.5494,0.82,0.0,0.0,pix
real_001_s001_2026-05-18_16-36-57-938,001,001,1,056,056.jpg,232,35.328889,1779115053.268121,3.85,-136.0,242.0,0.0,0.0,2940,1912,0.5494,0.82,0.0,0.0,pix
real_001_s001_2026-05-18_16-36-57-938,001,001,1,056,056.jpg,233,35.345556,1779115053.284787,3.866667,-136.0,242.0,0.0,0.0,2940,1912,0.5494,0.82,0.0,0.0,pix
real_001_s001_2026-05-18_16-36-57-938,001,001,1,056,056.jpg,234,35.362223,1779115053.301454,3.883333,-136.0,242.0,0.0,0.0,2940,1912,0.5494,0.82,0.0,0.0,pix
real_001_s001_2026-05-18_16-36-57-938,001,001,1,056,056.jpg,235,35.378889,1779115053.318121,3.9,-136.0,242.0,0.0,0.0,2940,1912,0.5494,0.82,0.0,0.0,pix
real_001_s001_2026-05-18_16-36-57-938,001,001,1,056,056.jpg,236,35.395556,1779115053.334788,3.916667,-136.0,242.0,0.0,0.0,2940,1912,0.5494,0.82,0.0,0.0,pix
real_001_s001_2026-05-18_16-36-57-938,001,001,1,056,056.jpg,237,35.412223,1779115053.351454,3.933333,-136.0,242.0,0.0,0.0,2940,1912,0.5494,0.82,0.0,0.0,pix
real_001_s001_2026-05-18_16-36-57-938,001,001,1,056,056.jpg,238,35.428889,1779115053.368121,3.95,-136.0,242.0,0.0,0.0,2940,1912,0.5494,0.82,0.0,0.0,pix
real_001_s001_2026-05-18_16-36-57-938,001,001,1,056,056.jpg,239,35.445556,1779115053.384788,3.966667,-136.0,242.0,0.0,0.0,2940,1912,0.5494,0.82,0.0,0.0,pix
real_001_s001_2026-05-18_16-36-57-938,001,001,1,056,056.jpg,240,35.462223,1779115053.401454,3.983333,-136.0,242.0,0.0,0.0,2940,1912,0.5494,0.82,0.0,0.0,pix
real_001_s001_2026-05-18_16-36-57-938,001,001,1,056,056.jpg,241,35.478889,1779115053.418121,4.0,-136.0,242.0,0.0,0.0,2940,1912,0.5494,0.82,0.0,0.0,pix
real_001_s001_2026-05-18_16-36-57-938,001,001,1,056,056.jpg,242,35.495556,1779115053.434788,4.016667,-136.0,242.0,0.0,0.0,2940,1912,0.5494,0.82,0.0,0.0,pix
real_001_s001_2026-05-18_16-36-57-938,001,001,1,056,056.jpg,243,35.512223,1779115053.451454,4.033333,-136.0,242.0,0.0,0.0,2940,1912,0.5494,0.82,0.0,0.0,pix
real_001_s001_2026-05-18_16-36-57-938,001,001,1,056,056.jpg,244,35.528889,1779115053.468121,4.05,-136.0,242.0,0.0,0.0,2940,1912,0.5494,0.82,0.0,0.0,pix
real_001_s001_2026-05-18_16-36-57-938,001,001,1,056,056.jpg,245,35.545556,1779115053.484787,4.066667,-136.0,242.0,0.0,0.0,2940,1912,0.5494,0.82,0.0,0.0,pix
real_001_s001_2026-05-18_16-36-57-938,001,001,1,056,056.jpg,246,35.562223,1779115053.501454,4.083333,-136.0,242.0,0.0,0.0,2940,1912,0.5494,0.82,0.0,0.0,pix
real_001_s001_2026-05-18_16-36-57-938,001,001,1,056,056.jpg,247,35.578889,1779115053.518121,4.1,-136.0,242.0,0.0,0.0,2940,1912,0.5494,0.82,0.0,0.0,pix
real_001_s001_2026-05-18_16-36-57-938,001,001,1,056,056.jpg,248,35.595556,1779115053.534787,4.116667,-136.0,242.0,0.0,0.0,2940,1912,0.5494,0.82,0.0,0.0,pix
real_001_s001_2026-05-18_16-36-57-938,001,001,1,056,056.jpg,249,35.612223,1779115053.551454,4.133333,-136.0,242.0,0.0,0.0,2940,1912,0.5494,0.82,0.0,0.0,pix
real_001_s001_2026-05-18_16-36-57-938,001,001,1,056,056.jpg,250,35.628889,1779115053.568121,4.15,-136.0,242.0,0.0,0.0,2940,1912,0.5494,0.82,0.0,0.0,pix
real_001_s001_2026-05-18_16-36-57-938,001,001,1,056,056.jpg,251,35.645556,1779115053.584788,4.166667,-136.0,242.0,0.0,0.0,2940,1912,0.5494,0.82,0.0,0.0,pix
real_001_s001_2026-05-18_16-36-57-938,001,001,1,056,056.jpg,252,35.662223,1779115053.601454,4.183333,-136.0,242.0,0.0,0.0,2940,1912,0.5494,0.82,0.0,0.0,pix
real_001_s001_2026-05-18_16-36-57-938,001,001,1,056,056.jpg,253,35.678889,1779115053.618121,4.2,-136.0,242.0,0.0,0.0,2940,1912,0.5494,0.82,0.0,0.0,pix
real_001_s001_2026-05-18_16-36-57-938,001,001,1,056,056.jpg,254,35.695556,1779115053.634788,4.216667,-136.0,242.0,0.0,0.0,2940,1912,0.5494,0.82,0.0,0.0,pix
real_001_s001_2026-05-18_16-36-57-938,001,001,1,056,056.jpg,255,35.712223,1779115053.651454,4.233333,-136.0,242.0,0.0,0.0,2940,1912,0.5494,0.82,0.0,0.0,pix
real_001_s001_2026-05-18_16-36-57-938,001,001,1,056,056.jpg,256,35.728889,1779115053.668121,4.25,-136.0,242.0,0.0,0.0,2940,1912,0.5494,0.82,0.0,0.0,pix
real_001_s001_2026-05-18_16-36-57-938,001,001,1,056,056.jpg,257,35.745556,1779115053.684788,4.266667,-136.0,242.0,0.0,0.0,2940,1912,0.5494,0.82,0.0,0.0,pix
real_001_s001_2026-05-18_16-36-57-938,001,001,1,056,056.jpg,258,35.762223,1779115053.701454,4.283333,-136.0,242.0,0.0,0.0,2940,1912,0.5494,0.82,0.0,0.0,pix
real_001_s001_2026-05-18_16-36-57-938,001,001,1,056,056.jpg,259,35.778889,1779115053.718121,4.3,-136.0,242.0,0.0,0.0,2940,1912,0.5494,0.82,0.0,0.0,pix
real_001_s001_2026-05-18_16-36-57-938,001,001,1,056,056.jpg,260,35.795556,1779115053.734787,4.316667,-136.0,242.0,0.0,0.0,2940,1912,0.5494,0.82,0.0,0.0,pix
real_001_s001_2026-05-18_16-36-57-938,001,001,1,056,056.jpg,261,35.812223,1779115053.751454,4.333333,-136.0,242.0,0.0,0.0,2940,1912,0.5494,0.82,0.0,0.0,pix
real_001_s001_2026-05-18_16-36-57-938,001,001,1,056,056.jpg,262,35.828889,1779115053.768121,4.35,-136.0,242.0,0.0,0.0,2940,1912,0.5494,0.82,0.0,0.0,pix
real_001_s001_2026-05-18_16-36-57-938,001,001,1,056,056.jpg,263,35.845556,1779115053.784787,4.366667,-136.0,242.0,0.0,0.0,2940,1912,0.5494,0.82,0.0,0.0,pix
real_001_s001_2026-05-18_16-36-57-938,001,001,1,056,056.jpg,264,35.862223,1779115053.801454,4.383333,-136.0,242.0,0.0,0.0,2940,1912,0.5494,0.82,0.0,0.0,pix
real_001_s001_2026-05-18_16-36-57-938,001,001,1,056,056.jpg,265,35.878889,1779115053.818121,4.4,-136.0,242.0,0.0,0.0,2940,1912,0.5494,0.82,0.0,0.0,pix
real_001_s001_2026-05-18_16-36-57-938,001,001,1,056,056.jpg,266,35.895556,1779115053.834788,4.416667,-136.0,242.0,0.0,0.0,2940,1912,0.5494,0.82,0.0,0.0,pix
real_001_s001_2026-05-18_16-36-57-938,001,001,1,056,056.jpg,267,35.912223,1779115053.851454,4.433333,-136.0,242.0,0.0,0.0,2940,1912,0.5494,0.82,0.0,0.0,pix
real_001_s001_2026-05-18_16-36-57-938,001,001,1,056,056.jpg,268,35.928889,1779115053.868121,4.45,-136.0,242.0,0.0,0.0,2940,1912,0.5494,0.82,0.0,0.0,pix
real_001_s001_2026-05-18_16-36-57-938,001,001,1,056,056.jpg,269,35.945556,1779115053.884788,4.466667,-136.0,242.0,0.0,0.0,2940,1912,0.5494,0.82,0.0,0.0,pix
real_001_s001_2026-05-18_16-36-57-938,001,001,1,056,056.jpg,270,35.962223,1779115053.901454,4.483333,-136.0,242.0,0.0,0.0,2940,1912,0.5494,0.82,0.0,0.0,pix
real_001_s001_2026-05-18_16-36-57-938,001,001,1,056,056.jpg,271,35.978889,1779115053.918121,4.5,-136.0,242.0,0.0,0.0,2940,1912,0.5494,0.82,0.0,0.0,pix
real_001_s001_2026-05-18_16-36-57-938,001,001,1,056,056.jpg,272,35.995556,1779115053.934788,4.516667,-136.0,242.0,0.0,0.0,2940,1912,0.5494,0.82,0.0,0.0,pix
real_001_s001_2026-05-18_16-36-57-938,001,001,1,056,056.jpg,273,36.012223,1779115053.951454,4.533333,-136.0,242.0,0.0,0.0,2940,1912,0.5494,0.82,0.0,0.0,pix
real_001_s001_2026-05-18_16-36-57-938,001,001,1,056,056.jpg,274,36.028889,1779115053.968121,4.55,-136.0,242.0,0.0,0.0,2940,1912,0.5494,0.82,0.0,0.0,pix
real_001_s001_2026-05-18_16-36-57-938,001,001,1,056,056.jpg,275,36.045556,1779115053.984787,4.566667,-136.0,242.0,0.0,0.0,2940,1912,0.5494,0.82,0.0,0.0,pix
real_001_s001_2026-05-18_16-36-57-938,001,001,1,056,056.jpg,276,36.062223,1779115054.001454,4.583333,-136.0,242.0,0.0,0.0,2940,1912,0.5494,0.82,0.0,0.0,pix
real_001_s001_2026-05-18_16-36-57-938,001,001,1,056,056.jpg,277,36.078889,1779115054.018121,4.6,-136.0,242.0,0.0,0.0,2940,1912,0.5494,0.82,0.0,0.0,pix
real_001_s001_2026-05-18_16-36-57-938,001,001,1,056,056.jpg,278,36.095556,1779115054.034787,4.616667,-136.0,242.0,0.0,0.0,2940,1912,0.5494,0.82,0.0,0.0,pix
real_001_s001_2026-05-18_16-36-57-938,001,001,1,056,056.jpg,279,36.112223,1779115054.051454,4.633333,-136.0,242.0,0.0,0.0,2940,1912,0.5494,0.82,0.0,0.0,pix
real_001_s001_2026-05-18_16-36-57-938,001,001,1,056,056.jpg,280,36.128889,1779115054.068121,4.65,-136.0,242.0,0.0,0.0,2940,1912,0.5494,0.82,0.0,0.0,pix
real_001_s001_2026-05-18_16-36-57-938,001,001,1,056,056.jpg,281,36.145556,1779115054.084788,4.666667,-136.0,242.0,0.0,0.0,2940,1912,0.5494,0.82,0.0,0.0,pix
real_001_s001_2026-05-18_16-36-57-938,001,001,1,056,056.jpg,282,36.162223,1779115054.101454,4.683333,-136.0,242.0,0.0,0.0,2940,1912,0.5494,0.82,0.0,0.0,pix
real_001_s001_2026-05-18_16-36-57-938,001,001,1,056,056.jpg,283,36.178889,1779115054.118121,4.7,-136.0,242.0,0.0,0.0,2940,1912,0.5494,0.82,0.0,0.0,pix
real_001_s001_2026-05-18_16-36-57-938,001,001,1,056,056.jpg,284,36.195556,1779115054.134788,4.716667,-136.0,242.0,0.0,0.0,2940,1912,0.5494,0.82,0.0,0.0,pix
real_001_s001_2026-05-18_16-36-57-938,001,001,1,056,056.jpg,285,36.212223,1779115054.151454,4.733333,-136.0,242.0,0.0,0.0,2940,1912,0.5494,0.82,0.0,0.0,pix
real_001_s001_2026-05-18_16-36-57-938,001,001,1,056,056.jpg,286,36.228889,1779115054.168121,4.75,-136.0,242.0,0.0,0.0,2940,1912,0.5494,0.82,0.0,0.0,pix
real_001_s001_2026-05-18_16-36-57-938,001,001,1,056,056.jpg,287,36.245556,1779115054.184788,4.766667,-136.0,242.0,0.0,0.0,2940,1912,0.5494,0.82,0.0,0.0,pix
real_001_s001_2026-05-18_16-36-57-938,001,001,1,056,056.jpg,288,36.262223,1779115054.201454,4.783333,-136.0,242.0,0.0,0.0,2940,1912,0.5494,0.82,0.0,0.0,pix
real_001_s001_2026-05-18_16-36-57-938,001,001,1,056,056.jpg,289,36.278889,1779115054.218121,4.8,-136.0,242.0,0.0,0.0,2940,1912,0.5494,0.82,0.0,0.0,pix
real_001_s001_2026-05-18_16-36-57-938,001,001,1,056,056.jpg,290,36.295556,1779115054.234787,4.816667,-136.0,242.0,0.0,0.0,2940,1912,0.5494,0.82,0.0,0.0,pix
real_001_s001_2026-05-18_16-36-57-938,001,001,1,056,056.jpg,291,36.312223,1779115054.251454,4.833333,-136.0,242.0,0.0,0.0,2940,1912,0.5494,0.82,0.0,0.0,pix
real_001_s001_2026-05-18_16-36-57-938,001,001,1,056,056.jpg,292,36.328889,1779115054.268121,4.85,-136.0,242.0,0.0,0.0,2940,1912,0.5494,0.82,0.0,0.0,pix
real_001_s001_2026-05-18_16-36-57-938,001,001,1,056,056.jpg,293,36.345556,1779115054.284787,4.866667,-136.0,242.0,0.0,0.0,2940,1912,0.5494,0.82,0.0,0.0,pix
real_001_s001_2026-05-18_16-36-57-938,001,001,1,056,056.jpg,294,36.362223,1779115054.301454,4.883333,-136.0,242.0,0.0,0.0,2940,1912,0.5494,0.82,0.0,0.0,pix
real_001_s001_2026-05-18_16-36-57-938,001,001,1,056,056.jpg,295,36.378889,1779115054.318121,4.9,-136.0,242.0,0.0,0.0,2940,1912,0.5494,0.82,0.0,0.0,pix
real_001_s001_2026-05-18_16-36-57-938,001,001,1,056,056.jpg,296,36.395556,1779115054.334788,4.916667,-136.0,242.0,0.0,0.0,2940,1912,0.5494,0.82,0.0,0.0,pix
real_001_s001_2026-05-18_16-36-57-938,001,001,1,056,056.jpg,297,36.412223,1779115054.351454,4.933333,-136.0,242.0,0.0,0.0,2940,1912,0.5494,0.82,0.0,0.0,pix
real_001_s001_2026-05-18_16-36-57-938,001,001,1,056,056.jpg,298,36.428889,1779115054.368121,4.95,-136.0,242.0,0.0,0.0,2940,1912,0.5494,0.82,0.0,0.0,pix
real_001_s001_2026-05-18_16-36-57-938,001,001,1,056,056.jpg,299,36.445556,1779115054.384788,4.966667,-136.0,242.0,0.0,0.0,2940,1912,0.5494,0.82,0.0,0.0,pix
real_001_s001_2026-05-18_16-36-57-938,001,001,1,056,056.jpg,300,36.462223,1779115054.401454,4.983333,-136.0,242.0,0.0,0.0,2940,1912,0.5494,0.82,0.0,0.0,pix
real_001_s001_2026-05-18_16-36-57-938,001,001,1,056,056.jpg,301,36.478889,1779115054.418121,5.0,-136.0,242.0,0.0,0.0,2940,1912,0.5494,0.82,0.0,0.0,pix
real_001_s001_2026-05-18_16-36-57-938,001,001,1,056,056.jpg,302,36.495556,1779115054.434788,5.016667,-136.0,242.0,0.0,0.0,2940,1912,0.5494,0.82,0.0,0.0,pix
real_001_s001_2026-05-18_16-36-57-938,001,001,1,056,056.jpg,303,36.512223,1779115054.451454,5.033333,-136.0,242.0,0.0,0.0,2940,1912,0.5494,0.82,0.0,0.0,pix
real_001_s001_2026-05-18_16-36-57-938,001,001,1,056,056.jpg,304,36.528889,1779115054.468121,5.05,-136.0,242.0,0.0,0.0,2940,1912,0.5494,0.82,0.0,0.0,pix
real_001_s001_2026-05-18_16-36-57-938,001,001,1,056,056.jpg,305,36.545556,1779115054.484787,5.066667,-136.0,242.0,0.0,0.0,2940,1912,0.5494,0.82,0.0,0.0,pix
real_001_s001_2026-05-18_16-36-57-938,001,001,1,056,056.jpg,306,36.562223,1779115054.501454,5.083333,-136.0,242.0,0.0,0.0,2940,1912,0.5494,0.82,0.0,0.0,pix
real_001_s001_2026-05-18_16-36-57-938,001,001,1,056,056.jpg,307,36.578889,1779115054.518121,5.1,-136.0,242.0,0.0,0.0,2940,1912,0.5494,0.82,0.0,0.0,pix
real_001_s001_2026-05-18_16-36-57-938,001,001,1,056,056.jpg,308,36.595556,1779115054.534787,5.116667,-136.0,242.0,0.0,0.0,2940,1912,0.5494,0.82,0.0,0.0,pix
real_001_s001_2026-05-18_16-36-57-938,001,001,1,056,056.jpg,309,36.612223,1779115054.551454,5.133333,-136.0,242.0,0.0,0.0,2940,1912,0.5494,0.82,0.0,0.0,pix
real_001_s001_2026-05-18_16-36-57-938,001,001,1,056,056.jpg,310,36.628889,1779115054.568121,5.15,-136.0,242.0,0.0,0.0,2940,1912,0.5494,0.82,0.0,0.0,pix
real_001_s001_2026-05-18_16-36-57-938,001,001,1,056,056.jpg,311,36.645556,1779115054.584788,5.166667,-136.0,242.0,0.0,0.0,2940,1912,0.5494,0.82,0.0,0.0,pix
real_001_s001_2026-05-18_16-36-57-938,001,001,1,056,056.jpg,312,36.662223,1779115054.601454,5.183333,-136.0,242.0,0.0,0.0,2940,1912,0.5494,0.82,0.0,0.0,pix
real_001_s001_2026-05-18_16-36-57-938,001,001,1,056,056.jpg,313,36.678889,1779115054.618121,5.2,-136.0,242.0,0.0,0.0,2940,1912,0.5494,0.82,0.0,0.0,pix
real_001_s001_2026-05-18_16-36-57-938,001,001,1,056,056.jpg,314,36.695556,1779115054.634788,5.216667,-136.0,242.0,0.0,0.0,2940,1912,0.5494,0.82,0.0,0.0,pix
real_001_s001_2026-05-18_16-36-57-938,001,001,1,056,056.jpg,315,36.712223,1779115054.651454,5.233333,-136.0,242.0,0.0,0.0,2940,1912,0.5494,0.82,0.0,0.0,pix
real_001_s001_2026-05-18_16-36-57-938,001,001,1,056,056.jpg,316,36.728889,1779115054.668121,5.25,-136.0,242.0,0.0,0.0,2940,1912,0.5494,0.82,0.0,0.0,pix
real_001_s001_2026-05-18_16-36-57-938,001,001,1,056,056.jpg,317,36.745556,1779115054.684788,5.266667,-136.0,242.0,0.0,0.0,2940,1912,0.5494,0.82,0.0,0.0,pix
real_001_s001_2026-05-18_16-36-57-938,001,001,1,056,056.jpg,318,36.762223,1779115054.701454,5.283333,-136.0,242.0,0.0,0.0,2940,1912,0.5494,0.82,0.0,0.0,pix
real_001_s001_2026-05-18_16-36-57-938,001,001,1,056,056.jpg,319,36.778889,1779115054.718121,5.3,-136.0,242.0,0.0,0.0,2940,1912,0.5494,0.82,0.0,0.0,pix
real_001_s001_2026-05-18_16-36-57-938,001,001,1,056,056.jpg,320,36.795556,1779115054.734787,5.316667,-136.0,242.0,0.0,0.0,2940,1912,0.5494,0.82,0.0,0.0,pix
real_001_s001_2026-05-18_16-36-57-938,001,001,1,056,056.jpg,321,36.812223,1779115054.751454,5.333333,-136.0,242.0,0.0,0.0,2940,1912,0.5494,0.82,0.0,0.0,pix
real_001_s001_2026-05-18_16-36-57-938,001,001,1,056,056.jpg,322,36.828889,1779115054.768121,5.35,-136.0,242.0,0.0,0.0,2940,1912,0.5494,0.82,0.0,0.0,pix
real_001_s001_2026-05-18_16-36-57-938,001,001,1,056,056.jpg,323,36.845556,1779115054.784787,5.366667,-136.0,242.0,0.0,0.0,2940,1912,0.5494,0.82,0.0,0.0,pix
real_001_s001_2026-05-18_16-36-57-938,001,001,1,056,056.jpg,324,36.862223,1779115054.801454,5.383333,-136.0,242.0,0.0,0.0,2940,1912,0.5494,0.82,0.0,0.0,pix
real_001_s001_2026-05-18_16-36-57-938,001,001,1,056,056.jpg,325,36.878889,1779115054.818121,5.4,-136.0,242.0,0.0,0.0,2940,1912,0.5494,0.82,0.0,0.0,pix
real_001_s001_2026-05-18_16-36-57-938,001,001,1,056,056.jpg,326,36.895556,1779115054.834788,5.416667,-136.0,242.0,0.0,0.0,2940,1912,0.5494,0.82,0.0,0.0,pix
real_001_s001_2026-05-18_16-36-57-938,001,001,1,056,056.jpg,327,36.912223,1779115054.851454,5.433333,-136.0,242.0,0.0,0.0,2940,1912,0.5494,0.82,0.0,0.0,pix
real_001_s001_2026-05-18_16-36-57-938,001,001,1,056,056.jpg,328,36.928889,1779115054.868121,5.45,-136.0,242.0,0.0,0.0,2940,1912,0.5494,0.82,0.0,0.0,pix
real_001_s001_2026-05-18_16-36-57-938,001,001,1,056,056.jpg,329,36.945556,1779115054.884788,5.466667,-136.0,242.0,0.0,0.0,2940,1912,0.5494,0.82,0.0,0.0,pix
real_001_s001_2026-05-18_16-36-57-938,001,001,1,056,056.jpg,330,36.962223,1779115054.901454,5.483333,-136.0,242.0,0.0,0.0,2940,1912,0.5494,0.82,0.0,0.0,pix
real_001_s001_2026-05-18_16-36-57-938,001,001,1,056,056.jpg,331,36.978889,1779115054.918121,5.5,-136.0,242.0,0.0,0.0,2940,1912,0.5494,0.82,0.0,0.0,pix
real_001_s001_2026-05-18_16-36-57-938,001,001,1,056,056.jpg,332,36.995556,1779115054.934788,5.516667,-136.0,242.0,0.0,0.0,2940,1912,0.5494,0.82,0.0,0.0,pix
real_001_s001_2026-05-18_16-36-57-938,001,001,1,056,056.jpg,333,37.012223,1779115054.951454,5.533333,-136.0,242.0,0.0,0.0,2940,1912,0.5494,0.82,0.0,0.0,pix
real_001_s001_2026-05-18_16-36-57-938,001,001,1,056,056.jpg,334,37.028889,1779115054.968121,5.55,-136.0,242.0,0.0,0.0,2940,1912,0.5494,0.82,0.0,0.0,pix
real_001_s001_2026-05-18_16-36-57-938,001,001,1,056,056.jpg,335,37.045556,1779115054.984787,5.566667,-136.0,242.0,0.0,0.0,2940,1912,0.5494,0.82,0.0,0.0,pix
real_001_s001_2026-05-18_16-36-57-938,001,001,1,056,056.jpg,336,37.062223,1779115055.001454,5.583333,-136.0,242.0,0.0,0.0,2940,1912,0.5494,0.82,0.0,0.0,pix
real_001_s001_2026-05-18_16-36-57-938,001,001,1,056,056.jpg,337,37.078889,1779115055.018121,5.6,-136.0,242.0,0.0,0.0,2940,1912,0.5494,0.82,0.0,0.0,pix
real_001_s001_2026-05-18_16-36-57-938,001,001,1,056,056.jpg,338,37.095556,1779115055.034787,5.616667,-136.0,242.0,0.0,0.0,2940,1912,0.5494,0.82,0.0,0.0,pix
real_001_s001_2026-05-18_16-36-57-938,001,001,1,056,056.jpg,339,37.112223,1779115055.051454,5.633333,-136.0,242.0,0.0,0.0,2940,1912,0.5494,0.82,0.0,0.0,pix
real_001_s001_2026-05-18_16-36-57-938,001,001,1,056,056.jpg,340,37.128889,1779115055.068121,5.65,-136.0,242.0,0.0,0.0,2940,1912,0.5494,0.82,0.0,0.0,pix
real_001_s001_2026-05-18_16-36-57-938,001,001,1,056,056.jpg,341,37.145556,1779115055.084788,5.666667,-136.0,242.0,0.0,0.0,2940,1912,0.5494,0.82,0.0,0.0,pix
real_001_s001_2026-05-18_16-36-57-938,001,001,1,056,056.jpg,342,37.162223,1779115055.101454,5.683333,-136.0,242.0,0.0,0.0,2940,1912,0.5494,0.82,0.0,0.0,pix
real_001_s001_2026-05-18_16-36-57-938,001,001,1,056,056.jpg,343,37.178889,1779115055.118121,5.7,-136.0,242.0,0.0,0.0,2940,1912,0.5494,0.82,0.0,0.0,pix
real_001_s001_2026-05-18_16-36-57-938,001,001,1,056,056.jpg,344,37.195556,1779115055.134788,5.716667,-136.0,242.0,0.0,0.0,2940,1912,0.5494,0.82,0.0,0.0,pix
real_001_s001_2026-05-18_16-36-57-938,001,001,1,056,056.jpg,345,37.212223,1779115055.151454,5.733333,-136.0,242.0,0.0,0.0,2940,1912,0.5494,0.82,0.0,0.0,pix
real_001_s001_2026-05-18_16-36-57-938,001,001,1,056,056.jpg,346,37.228889,1779115055.168121,5.75,-136.0,242.0,0.0,0.0,2940,1912,0.5494,0.82,0.0,0.0,pix
real_001_s001_2026-05-18_16-36-57-938,001,001,1,056,056.jpg,347,37.245556,1779115055.184788,5.766667,-136.0,242.0,0.0,0.0,2940,1912,0.5494,0.82,0.0,0.0,pix
real_001_s001_2026-05-18_16-36-57-938,001,001,1,056,056.jpg,348,37.262223,1779115055.201454,5.783333,-136.0,242.0,0.0,0.0,2940,1912,0.5494,0.82,0.0,0.0,pix
real_001_s001_2026-05-18_16-36-57-938,001,001,1,056,056.jpg,349,37.278889,1779115055.218121,5.8,-136.0,242.0,0.0,0.0,2940,1912,0.5494,0.82,0.0,0.0,pix
real_001_s001_2026-05-18_16-36-57-938,001,001,1,056,056.jpg,350,37.295556,1779115055.234787,5.816667,-136.0,242.0,0.0,0.0,2940,1912,0.5494,0.82,0.0,0.0,pix
real_001_s001_2026-05-18_16-36-57-938,001,001,1,056,056.jpg,351,37.312223,1779115055.251454,5.833333,-136.0,242.0,0.0,0.0,2940,1912,0.5494,0.82,0.0,0.0,pix
real_001_s001_2026-05-18_16-36-57-938,001,001,1,056,056.jpg,352,37.328889,1779115055.268121,5.85,-136.0,242.0,0.0,0.0,2940,1912,0.5494,0.82,0.0,0.0,pix
real_001_s001_2026-05-18_16-36-57-938,001,001,1,056,056.jpg,353,37.345556,1779115055.284787,5.866667,-136.0,242.0,0.0,0.0,2940,1912,0.5494,0.82,0.0,0.0,pix
real_001_s001_2026-05-18_16-36-57-938,001,001,1,056,056.jpg,354,37.362223,1779115055.301454,5.883333,-136.0,242.0,0.0,0.0,2940,1912,0.5494,0.82,0.0,0.0,pix
real_001_s001_2026-05-18_16-36-57-938,001,001,1,056,056.jpg,355,37.378889,1779115055.318121,5.9,-136.0,242.0,0.0,0.0,2940,1912,0.5494,0.82,0.0,0.0,pix
real_001_s001_2026-05-18_16-36-57-938,001,001,1,056,056.jpg,356,37.395556,1779115055.334788,5.916667,-136.0,242.0,0.0,0.0,2940,1912,0.5494,0.82,0.0,0.0,pix
real_001_s001_2026-05-18_16-36-57-938,001,001,1,056,056.jpg,357,37.412223,1779115055.351454,5.933333,-136.0,242.0,0.0,0.0,2940,1912,0.5494,0.82,0.0,0.0,pix
real_001_s001_2026-05-18_16-36-57-938,001,001,1,056,056.jpg,358,37.428889,1779115055.368121,5.95,-136.0,242.0,0.0,0.0,2940,1912,0.5494,0.82,0.0,0.0,pix
real_001_s001_2026-05-18_16-36-57-938,001,001,1,056,056.jpg,359,37.445556,1779115055.384788,5.966667,-136.0,242.0,0.0,0.0,2940,1912,0.5494,0.82,0.0,0.0,pix
real_001_s001_2026-05-18_16-36-57-938,001,001,1,056,056.jpg,360,37.462223,1779115055.401454,5.983333,-136.0,242.0,0.0,0.0,2940,1912,0.5494,0.82,0.0,0.0,pix
real_001_s001_2026-05-18_16-36-57-938,001,001,1,056,056.jpg,361,37.478889,1779115055.418121,6.0,-136.0,242.0,0.0,0.0,2940,1912,0.5494,0.82,0.0,0.0,pix
real_001_s001_2026-05-18_16-36-57-938,001,001,1,056,056.jpg,362,37.495556,1779115055.434788,6.016667,-136.0,242.0,0.0,0.0,2940,1912,0.5494,0.82,0.0,0.0,pix
real_001_s001_2026-05-18_16-36-57-938,001,001,1,056,056.jpg,363,37.512223,1779115055.451454,6.033333,-136.0,242.0,0.0,0.0,2940,1912,0.5494,0.82,0.0,0.0,pix
real_001_s001_2026-05-18_16-36-57-938,001,001,1,056,056.jpg,364,37.528889,1779115055.468121,6.05,-136.0,242.0,0.0,0.0,2940,1912,0.5494,0.82,0.0,0.0,pix
real_001_s001_2026-05-18_16-36-57-938,001,001,1,056,056.jpg,365,37.545556,1779115055.484787,6.066667,-136.0,242.0,0.0,0.0,2940,1912,0.5494,0.82,0.0,0.0,pix
real_001_s001_2026-05-18_16-36-57-938,001,001,1,056,056.jpg,366,37.562223,1779115055.501454,6.083333,-136.0,242.0,0.0,0.0,2940,1912,0.5494,0.82,0.0,0.0,pix
real_001_s001_2026-05-18_16-36-57-938,001,001,1,056,056.jpg,367,37.578889,1779115055.518121,6.1,-136.0,242.0,0.0,0.0,2940,1912,0.5494,0.82,0.0,0.0,pix
real_001_s001_2026-05-18_16-36-57-938,001,001,1,056,056.jpg,368,37.595556,1779115055.534787,6.116667,-136.0,242.0,0.0,0.0,2940,1912,0.5494,0.82,0.0,0.0,pix
real_001_s001_2026-05-18_16-36-57-938,001,001,1,056,056.jpg,369,37.612223,1779115055.551454,6.133333,-136.0,242.0,0.0,0.0,2940,1912,0.5494,0.82,0.0,0.0,pix
real_001_s001_2026-05-18_16-36-57-938,001,001,1,056,056.jpg,370,37.628889,1779115055.568121,6.15,-136.0,242.0,0.0,0.0,2940,1912,0.5494,0.82,0.0,0.0,pix
real_001_s001_2026-05-18_16-36-57-938,001,001,1,056,056.jpg,371,37.645556,1779115055.584788,6.166667,-136.0,242.0,0.0,0.0,2940,1912,0.5494,0.82,0.0,0.0,pix
real_001_s001_2026-05-18_16-36-57-938,001,001,1,056,056.jpg,372,37.662223,1779115055.601454,6.183333,-136.0,242.0,0.0,0.0,2940,1912,0.5494,0.82,0.0,0.0,pix
real_001_s001_2026-05-18_16-36-57-938,001,001,1,056,056.jpg,373,37.678889,1779115055.618121,6.2,-136.0,242.0,0.0,0.0,2940,1912,0.5494,0.82,0.0,0.0,pix
real_001_s001_2026-05-18_16-36-57-938,001,001,1,056,056.jpg,374,37.695556,1779115055.634788,6.216667,-136.0,242.0,0.0,0.0,2940,1912,0.5494,0.82,0.0,0.0,pix
real_001_s001_2026-05-18_16-36-57-938,001,001,1,056,056.jpg,375,37.712223,1779115055.651454,6.233333,-136.0,242.0,0.0,0.0,2940,1912,0.5494,0.82,0.0,0.0,pix
real_001_s001_2026-05-18_16-36-57-938,001,001,1,056,056.jpg,376,37.728889,1779115055.668121,6.25,-136.0,242.0,0.0,0.0,2940,1912,0.5494,0.82,0.0,0.0,pix
real_001_s001_2026-05-18_16-36-57-938,001,001,1,056,056.jpg,377,37.745556,1779115055.684788,6.266667,-136.0,242.0,0.0,0.0,2940,1912,0.5494,0.82,0.0,0.0,pix
real_001_s001_2026-05-18_16-36-57-938,001,001,1,056,056.jpg,378,37.762223,1779115055.701454,6.283333,-136.0,242.0,0.0,0.0,2940,1912,0.5494,0.82,0.0,0.0,pix
real_001_s001_2026-05-18_16-36-57-938,001,001,1,056,056.jpg,379,37.778889,1779115055.718121,6.3,-136.0,242.0,0.0,0.0,2940,1912,0.5494,0.82,0.0,0.0,pix
real_001_s001_2026-05-18_16-36-57-938,001,001,1,056,056.jpg,380,37.795556,1779115055.734787,6.316667,-136.0,242.0,0.0,0.0,2940,1912,0.5494,0.82,0.0,0.0,pix
real_001_s001_2026-05-18_16-36-57-938,001,001,1,056,056.jpg,381,37.812223,1779115055.751454,6.333333,-136.0,242.0,0.0,0.0,2940,1912,0.5494,0.82,0.0,0.0,pix
real_001_s001_2026-05-18_16-36-57-938,001,001,1,056,056.jpg,382,37.828889,1779115055.768121,6.35,-136.0,242.0,0.0,0.0,2940,1912,0.5494,0.82,0.0,0.0,pix
real_001_s001_2026-05-18_16-36-57-938,001,001,1,056,056.jpg,383,37.845556,1779115055.784787,6.366667,-136.0,242.0,0.0,0.0,2940,1912,0.5494,0.82,0.0,0.0,pix
real_001_s001_2026-05-18_16-36-57-938,001,001,1,056,056.jpg,384,37.862223,1779115055.801454,6.383333,-136.0,242.0,0.0,0.0,2940,1912,0.5494,0.82,0.0,0.0,pix
real_001_s001_2026-05-18_16-36-57-938,001,001,1,056,056.jpg,385,37.878889,1779115055.818121,6.4,-136.0,242.0,0.0,0.0,2940,1912,0.5494,0.82,0.0,0.0,pix
real_001_s001_2026-05-18_16-36-57-938,001,001,1,056,056.jpg,386,37.895556,1779115055.834788,6.416667,-136.0,242.0,0.0,0.0,2940,1912,0.5494,0.82,0.0,0.0,pix
real_001_s001_2026-05-18_16-36-57-938,001,001,1,056,056.jpg,387,37.912223,1779115055.851454,6.433333,-136.0,242.0,0.0,0.0,2940,1912,0.5494,0.82,0.0,0.0,pix
real_001_s001_2026-05-18_16-36-57-938,001,001,1,056,056.jpg,388,37.928889,1779115055.868121,6.45,-136.0,242.0,0.0,0.0,2940,1912,0.5494,0.82,0.0,0.0,pix
real_001_s001_2026-05-18_16-36-57-938,001,001,1,056,056.jpg,389,37.945556,1779115055.884788,6.466667,-136.0,242.0,0.0,0.0,2940,1912,0.5494,0.82,0.0,0.0,pix
real_001_s001_2026-05-18_16-36-57-938,001,001,1,056,056.jpg,390,37.962223,1779115055.901454,6.483333,-136.0,242.0,0.0,0.0,2940,1912,0.5494,0.82,0.0,0.0,pix
real_001_s001_2026-05-18_16-36-57-938,001,001,1,056,056.jpg,391,37.978889,1779115055.918121,6.5,-136.0,242.0,0.0,0.0,2940,1912,0.5494,0.82,0.0,0.0,pix
real_001_s001_2026-05-18_16-36-57-938,001,001,1,056,056.jpg,392,37.995556,1779115055.934788,6.516667,-136.0,242.0,0.0,0.0,2940,1912,0.5494,0.82,0.0,0.0,pix
real_001_s001_2026-05-18_16-36-57-938,001,001,1,056,056.jpg,393,38.012223,1779115055.951454,6.533333,-136.0,242.0,0.0,0.0,2940,1912,0.5494,0.82,0.0,0.0,pix
real_001_s001_2026-05-18_16-36-57-938,001,001,1,056,056.jpg,394,38.028889,1779115055.968121,6.55,-136.0,242.0,0.0,0.0,2940,1912,0.5494,0.82,0.0,0.0,pix
real_001_s001_2026-05-18_16-36-57-938,001,001,1,056,056.jpg,395,38.045556,1779115055.984787,6.566667,-136.0,242.0,0.0,0.0,2940,1912,0.5494,0.82,0.0,0.0,pix
real_001_s001_2026-05-18_16-36-57-938,001,001,1,056,056.jpg,396,38.062223,1779115056.001454,6.583333,-136.0,242.0,0.0,0.0,2940,1912,0.5494,0.82,0.0,0.0,pix
real_001_s001_2026-05-18_16-36-57-938,001,001,1,056,056.jpg,397,38.078889,1779115056.018121,6.6,-136.0,242.0,0.0,0.0,2940,1912,0.5494,0.82,0.0,0.0,pix
real_001_s001_2026-05-18_16-36-57-938,001,001,1,056,056.jpg,398,38.095556,1779115056.034787,6.616667,-136.0,242.0,0.0,0.0,2940,1912,0.5494,0.82,0.0,0.0,pix
real_001_s001_2026-05-18_16-36-57-938,001,001,1,056,056.jpg,399,38.112223,1779115056.051454,6.633333,-136.0,242.0,0.0,0.0,2940,1912,0.5494,0.82,0.0,0.0,pix
real_001_s001_2026-05-18_16-36-57-938,001,001,1,056,056.jpg,400,38.128889,1779115056.068121,6.65,-136.0,242.0,0.0,0.0,2940,1912,0.5494,0.82,0.0,0.0,pix
real_001_s001_2026-05-18_16-36-57-938,001,001,1,056,056.jpg,401,38.145556,1779115056.084788,6.666667,-136.0,242.0,0.0,0.0,2940,1912,0.5494,0.82,0.0,0.0,pix
real_001_s001_2026-05-18_16-36-57-938,001,001,1,056,056.jpg,402,38.162223,1779115056.101454,6.683333,-136.0,242.0,0.0,0.0,2940,1912,0.5494,0.82,0.0,0.0,pix
real_001_s001_2026-05-18_16-36-57-938,001,001,1,056,056.jpg,403,38.178889,1779115056.118121,6.7,-136.0,242.0,0.0,0.0,2940,1912,0.5494,0.82,0.0,0.0,pix
real_001_s001_2026-05-18_16-36-57-938,001,001,1,056,056.jpg,404,38.195556,1779115056.134788,6.716667,-136.0,242.0,0.0,0.0,2940,1912,0.5494,0.82,0.0,0.0,pix
real_001_s001_2026-05-18_16-36-57-938,001,001,1,056,056.jpg,405,38.212223,1779115056.151454,6.733333,-136.0,242.0,0.0,0.0,2940,1912,0.5494,0.82,0.0,0.0,pix
real_001_s001_2026-05-18_16-36-57-938,001,001,1,056,056.jpg,406,38.228889,1779115056.168121,6.75,-136.0,242.0,0.0,0.0,2940,1912,0.5494,0.82,0.0,0.0,pix
real_001_s001_2026-05-18_16-36-57-938,001,001,1,056,056.jpg,407,38.245556,1779115056.184788,6.766667,-136.0,242.0,0.0,0.0,2940,1912,0.5494,0.82,0.0,0.0,pix
real_001_s001_2026-05-18_16-36-57-938,001,001,1,056,056.jpg,408,38.262223,1779115056.201454,6.783333,-136.0,242.0,0.0,0.0,2940,1912,0.5494,0.82,0.0,0.0,pix
real_001_s001_2026-05-18_16-36-57-938,001,001,1,056,056.jpg,409,38.278889,1779115056.218121,6.8,-136.0,242.0,0.0,0.0,2940,1912,0.5494,0.82,0.0,0.0,pix
real_001_s001_2026-05-18_16-36-57-938,001,001,1,056,056.jpg,410,38.295556,1779115056.234787,6.816667,-136.0,242.0,0.0,0.0,2940,1912,0.5494,0.82,0.0,0.0,pix
real_001_s001_2026-05-18_16-36-57-938,001,001,1,056,056.jpg,411,38.312223,1779115056.251454,6.833333,-136.0,242.0,0.0,0.0,2940,1912,0.5494,0.82,0.0,0.0,pix
real_001_s001_2026-05-18_16-36-57-938,001,001,1,056,056.jpg,412,38.328889,1779115056.268121,6.85,-136.0,242.0,0.0,0.0,2940,1912,0.5494,0.82,0.0,0.0,pix
real_001_s001_2026-05-18_16-36-57-938,001,001,1,056,056.jpg,413,38.345556,1779115056.284787,6.866667,-136.0,242.0,0.0,0.0,2940,1912,0.5494,0.82,0.0,0.0,pix
real_001_s001_2026-05-18_16-36-57-938,001,001,1,056,056.jpg,414,38.362223,1779115056.301454,6.883333,-136.0,242.0,0.0,0.0,2940,1912,0.5494,0.82,0.0,0.0,pix
real_001_s001_2026-05-18_16-36-57-938,001,001,1,056,056.jpg,415,38.378889,1779115056.318121,6.9,-136.0,242.0,0.0,0.0,2940,1912,0.5494,0.82,0.0,0.0,pix
real_001_s001_2026-05-18_16-36-57-938,001,001,1,056,056.jpg,416,38.395556,1779115056.334788,6.916667,-136.0,242.0,0.0,0.0,2940,1912,0.5494,0.82,0.0,0.0,pix
real_001_s001_2026-05-18_16-36-57-938,001,001,1,056,056.jpg,417,38.412223,1779115056.351454,6.933333,-136.0,242.0,0.0,0.0,2940,1912,0.5494,0.82,0.0,0.0,pix
real_001_s001_2026-05-18_16-36-57-938,001,001,1,056,056.jpg,418,38.428889,1779115056.368121,6.95,-136.0,242.0,0.0,0.0,2940,1912,0.5494,0.82,0.0,0.0,pix
real_001_s001_2026-05-18_16-36-57-938,001,001,1,056,056.jpg,419,38.445556,1779115056.384788,6.966667,-136.0,242.0,0.0,0.0,2940,1912,0.5494,0.82,0.0,0.0,pix
real_001_s001_2026-05-18_16-36-57-938,001,001,1,056,056.jpg,420,38.462223,1779115056.401454,6.983333,-136.0,242.0,0.0,0.0,2940,1912,0.5494,0.82,0.0,0.0,pix
real_001_s001_2026-05-18_16-36-57-938,001,001,1,056,056.jpg,421,38.478889,1779115056.418121,7.0,-136.0,242.0,0.0,0.0,2940,1912,0.5494,0.82,0.0,0.0,pix
real_001_s001_2026-05-18_16-36-57-938,001,001,1,056,056.jpg,422,38.495556,1779115056.434788,7.016667,-136.0,242.0,0.0,0.0,2940,1912,0.5494,0.82,0.0,0.0,pix
real_001_s001_2026-05-18_16-36-57-938,001,001,1,056,056.jpg,423,38.512223,1779115056.451454,7.033333,-136.0,242.0,0.0,0.0,2940,1912,0.5494,0.82,0.0,0.0,pix
real_001_s001_2026-05-18_16-36-57-938,001,001,1,056,056.jpg,424,38.528889,1779115056.468121,7.05,-136.0,242.0,0.0,0.0,2940,1912,0.5494,0.82,0.0,0.0,pix
real_001_s001_2026-05-18_16-36-57-938,001,001,1,056,056.jpg,425,38.545556,1779115056.484787,7.066667,-136.0,242.0,0.0,0.0,2940,1912,0.5494,0.82,0.0,0.0,pix
real_001_s001_2026-05-18_16-36-57-938,001,001,1,056,056.jpg,426,38.562223,1779115056.501454,7.083333,-136.0,242.0,0.0,0.0,2940,1912,0.5494,0.82,0.0,0.0,pix
real_001_s001_2026-05-18_16-36-57-938,001,001,1,056,056.jpg,427,38.578889,1779115056.518121,7.1,-136.0,242.0,0.0,0.0,2940,1912,0.5494,0.82,0.0,0.0,pix
real_001_s001_2026-05-18_16-36-57-938,001,001,1,056,056.jpg,428,38.595556,1779115056.534787,7.116667,-136.0,242.0,0.0,0.0,2940,1912,0.5494,0.82,0.0,0.0,pix
real_001_s001_2026-05-18_16-36-57-938,001,001,1,056,056.jpg,429,38.612223,1779115056.551454,7.133333,-136.0,242.0,0.0,0.0,2940,1912,0.5494,0.82,0.0,0.0,pix
real_001_s001_2026-05-18_16-36-57-938,001,001,1,056,056.jpg,430,38.628889,1779115056.568121,7.15,-136.0,242.0,0.0,0.0,2940,1912,0.5494,0.82,0.0,0.0,pix
real_001_s001_2026-05-18_16-36-57-938,001,001,1,056,056.jpg,431,38.645556,1779115056.584788,7.166667,-136.0,242.0,0.0,0.0,2940,1912,0.5494,0.82,0.0,0.0,pix
real_001_s001_2026-05-18_16-36-57-938,001,001,1,056,056.jpg,432,38.662223,1779115056.601454,7.183333,-136.0,242.0,0.0,0.0,2940,1912,0.5494,0.82,0.0,0.0,pix
real_001_s001_2026-05-18_16-36-57-938,001,001,1,056,056.jpg,433,38.678889,1779115056.618121,7.2,-136.0,242.0,0.0,0.0,2940,1912,0.5494,0.82,0.0,0.0,pix
real_001_s001_2026-05-18_16-36-57-938,001,001,1,056,056.jpg,434,38.695556,1779115056.634788,7.216667,-136.0,242.0,0.0,0.0,2940,1912,0.5494,0.82,0.0,0.0,pix
real_001_s001_2026-05-18_16-36-57-938,001,001,1,056,056.jpg,435,38.712223,1779115056.651454,7.233333,-136.0,242.0,0.0,0.0,2940,1912,0.5494,0.82,0.0,0.0,pix
real_001_s001_2026-05-18_16-36-57-938,001,001,1,056,056.jpg,436,38.728889,1779115056.668121,7.25,-136.0,242.0,0.0,0.0,2940,1912,0.5494,0.82,0.0,0.0,pix
real_001_s001_2026-05-18_16-36-57-938,001,001,1,056,056.jpg,437,38.745556,1779115056.684788,7.266667,-136.0,242.0,0.0,0.0,2940,1912,0.5494,0.82,0.0,0.0,pix
real_001_s001_2026-05-18_16-36-57-938,001,001,1,056,056.jpg,438,38.762223,1779115056.701454,7.283333,-136.0,242.0,0.0,0.0,2940,1912,0.5494,0.82,0.0,0.0,pix
real_001_s001_2026-05-18_16-36-57-938,001,001,1,056,056.jpg,439,38.778889,1779115056.718121,7.3,-136.0,242.0,0.0,0.0,2940,1912,0.5494,0.82,0.0,0.0,pix
real_001_s001_2026-05-18_16-36-57-938,001,001,1,056,056.jpg,440,38.795556,1779115056.734787,7.316667,-136.0,242.0,0.0,0.0,2940,1912,0.5494,0.82,0.0,0.0,pix
real_001_s001_2026-05-18_16-36-57-938,001,001,1,056,056.jpg,441,38.812223,1779115056.751454,7.333333,-136.0,242.0,0.0,0.0,2940,1912,0.5494,0.82,0.0,0.0,pix
real_001_s001_2026-05-18_16-36-57-938,001,001,1,056,056.jpg,442,38.828889,1779115056.768121,7.35,-136.0,242.0,0.0,0.0,2940,1912,0.5494,0.82,0.0,0.0,pix
real_001_s001_2026-05-18_16-36-57-938,001,001,1,056,056.jpg,443,38.845556,1779115056.784787,7.366667,-136.0,242.0,0.0,0.0,2940,1912,0.5494,0.82,0.0,0.0,pix
real_001_s001_2026-05-18_16-36-57-938,001,001,1,056,056.jpg,444,38.862223,1779115056.801454,7.383333,-136.0,242.0,0.0,0.0,2940,1912,0.5494,0.82,0.0,0.0,pix
real_001_s001_2026-05-18_16-36-57-938,001,001,1,056,056.jpg,445,38.878889,1779115056.818121,7.4,-136.0,242.0,0.0,0.0,2940,1912,0.5494,0.82,0.0,0.0,pix
real_001_s001_2026-05-18_16-36-57-938,001,001,1,056,056.jpg,446,38.895556,1779115056.834788,7.416667,-136.0,242.0,0.0,0.0,2940,1912,0.5494,0.82,0.0,0.0,pix
real_001_s001_2026-05-18_16-36-57-938,001,001,1,056,056.jpg,447,38.912223,1779115056.851454,7.433333,-136.0,242.0,0.0,0.0,2940,1912,0.5494,0.82,0.0,0.0,pix
real_001_s001_2026-05-18_16-36-57-938,001,001,1,056,056.jpg,448,38.928889,1779115056.868121,7.45,-136.0,242.0,0.0,0.0,2940,1912,0.5494,0.82,0.0,0.0,pix
real_001_s001_2026-05-18_16-36-57-938,001,001,1,056,056.jpg,449,38.945556,1779115056.884788,7.466667,-136.0,242.0,0.0,0.0,2940,1912,0.5494,0.82,0.0,0.0,pix
real_001_s001_2026-05-18_16-36-57-938,001,001,1,056,056.jpg,450,38.962223,1779115056.901454,7.483333,-136.0,242.0,0.0,0.0,2940,1912,0.5494,0.82,0.0,0.0,pix
real_001_s001_2026-05-18_16-36-57-938,001,001,1,056,056.jpg,451,38.978889,1779115056.918121,7.5,-136.0,242.0,0.0,0.0,2940,1912,0.5494,0.82,0.0,0.0,pix
real_001_s001_2026-05-18_16-36-57-938,001,001,1,056,056.jpg,452,38.995556,1779115056.934788,7.516667,-136.0,242.0,0.0,0.0,2940,1912,0.5494,0.82,0.0,0.0,pix
real_001_s001_2026-05-18_16-36-57-938,001,001,1,056,056.jpg,453,39.012223,1779115056.951454,7.533333,-136.0,242.0,0.0,0.0,2940,1912,0.5494,0.82,0.0,0.0,pix
real_001_s001_2026-05-18_16-36-57-938,001,001,1,056,056.jpg,454,39.028889,1779115056.968121,7.55,-136.0,242.0,0.0,0.0,2940,1912,0.5494,0.82,0.0,0.0,pix
real_001_s001_2026-05-18_16-36-57-938,001,001,1,056,056.jpg,455,39.045556,1779115056.984787,7.566667,-136.0,242.0,0.0,0.0,2940,1912,0.5494,0.82,0.0,0.0,pix
real_001_s001_2026-05-18_16-36-57-938,001,001,1,056,056.jpg,456,39.062223,1779115057.001454,7.583333,-136.0,242.0,0.0,0.0,2940,1912,0.5494,0.82,0.0,0.0,pix
real_001_s001_2026-05-18_16-36-57-938,001,001,1,056,056.jpg,457,39.078889,1779115057.018121,7.6,-136.0,242.0,0.0,0.0,2940,1912,0.5494,0.82,0.0,0.0,pix
real_001_s001_2026-05-18_16-36-57-938,001,001,1,056,056.jpg,458,39.095556,1779115057.034787,7.616667,-136.0,242.0,0.0,0.0,2940,1912,0.5494,0.82,0.0,0.0,pix
real_001_s001_2026-05-18_16-36-57-938,001,001,1,056,056.jpg,459,39.112223,1779115057.051454,7.633333,-136.0,242.0,0.0,0.0,2940,1912,0.5494,0.82,0.0,0.0,pix
real_001_s001_2026-05-18_16-36-57-938,001,001,1,056,056.jpg,460,39.128889,1779115057.068121,7.65,-136.0,242.0,0.0,0.0,2940,1912,0.5494,0.82,0.0,0.0,pix
real_001_s001_2026-05-18_16-36-57-938,001,001,1,056,056.jpg,461,39.145556,1779115057.084788,7.666667,-136.0,242.0,0.0,0.0,2940,1912,0.5494,0.82,0.0,0.0,pix
real_001_s001_2026-05-18_16-36-57-938,001,001,1,056,056.jpg,462,39.162223,1779115057.101454,7.683333,-136.0,242.0,0.0,0.0,2940,1912,0.5494,0.82,0.0,0.0,pix
real_001_s001_2026-05-18_16-36-57-938,001,001,1,056,056.jpg,463,39.178889,1779115057.118121,7.7,-136.0,242.0,0.0,0.0,2940,1912,0.5494,0.82,0.0,0.0,pix
real_001_s001_2026-05-18_16-36-57-938,001,001,1,056,056.jpg,464,39.195556,1779115057.134788,7.716667,-136.0,242.0,0.0,0.0,2940,1912,0.5494,0.82,0.0,0.0,pix
real_001_s001_2026-05-18_16-36-57-938,001,001,1,056,056.jpg,465,39.212223,1779115057.151454,7.733333,-136.0,242.0,0.0,0.0,2940,1912,0.5494,0.82,0.0,0.0,pix
real_001_s001_2026-05-18_16-36-57-938,001,001,1,056,056.jpg,466,39.228889,1779115057.168121,7.75,-136.0,242.0,0.0,0.0,2940,1912,0.5494,0.82,0.0,0.0,pix
real_001_s001_2026-05-18_16-36-57-938,001,001,1,056,056.jpg,467,39.245556,1779115057.184788,7.766667,-136.0,242.0,0.0,0.0,2940,1912,0.5494,0.82,0.0,0.0,pix
real_001_s001_2026-05-18_16-36-57-938,001,001,1,056,056.jpg,468,39.262223,1779115057.201454,7.783333,-136.0,242.0,0.0,0.0,2940,1912,0.5494,0.82,0.0,0.0,pix
real_001_s001_2026-05-18_16-36-57-938,001,001,1,056,056.jpg,469,39.278889,1779115057.218121,7.8,-136.0,242.0,0.0,0.0,2940,1912,0.5494,0.82,0.0,0.0,pix
real_001_s001_2026-05-18_16-36-57-938,001,001,1,056,056.jpg,470,39.295556,1779115057.234787,7.816667,-136.0,242.0,0.0,0.0,2940,1912,0.5494,0.82,0.0,0.0,pix
real_001_s001_2026-05-18_16-36-57-938,001,001,1,056,056.jpg,471,39.312223,1779115057.251454,7.833333,-136.0,242.0,0.0,0.0,2940,1912,0.5494,0.82,0.0,0.0,pix
real_001_s001_2026-05-18_16-36-57-938,001,001,1,056,056.jpg,472,39.328889,1779115057.268121,7.85,-136.0,242.0,0.0,0.0,2940,1912,0.5494,0.82,0.0,0.0,pix
real_001_s001_2026-05-18_16-36-57-938,001,001,1,056,056.jpg,473,39.345556,1779115057.284787,7.866667,-136.0,242.0,0.0,0.0,2940,1912,0.5494,0.82,0.0,0.0,pix
real_001_s001_2026-05-18_16-36-57-938,001,001,1,056,056.jpg,474,39.362223,1779115057.301454,7.883333,-136.0,242.0,0.0,0.0,2940,1912,0.5494,0.82,0.0,0.0,pix
real_001_s001_2026-05-18_16-36-57-938,001,001,1,056,056.jpg,475,39.378889,1779115057.318121,7.9,-136.0,242.0,0.0,0.0,2940,1912,0.5494,0.82,0.0,0.0,pix
real_001_s001_2026-05-18_16-36-57-938,001,001,1,056,056.jpg,476,39.395556,1779115057.334788,7.916667,-136.0,242.0,0.0,0.0,2940,1912,0.5494,0.82,0.0,0.0,pix
real_001_s001_2026-05-18_16-36-57-938,001,001,1,056,056.jpg,477,39.412223,1779115057.351454,7.933333,-136.0,242.0,0.0,0.0,2940,1912,0.5494,0.82,0.0,0.0,pix
real_001_s001_2026-05-18_16-36-57-938,001,001,1,056,056.jpg,478,39.428889,1779115057.368121,7.95,-136.0,242.0,0.0,0.0,2940,1912,0.5494,0.82,0.0,0.0,pix
real_001_s001_2026-05-18_16-36-57-938,001,001,1,056,056.jpg,479,39.445556,1779115057.384788,7.966667,-136.0,242.0,0.0,0.0,2940,1912,0.5494,0.82,0.0,0.0,pix
real_001_s001_2026-05-18_16-36-57-938,001,001,1,056,056.jpg,480,39.462223,1779115057.401454,7.983333,-136.0,242.0,0.0,0.0,2940,1912,0.5494,0.82,0.0,0.0,pix
real_001_s001_2026-05-18_16-36-57-938,001,001,1,056,056.jpg,481,39.478889,1779115057.418121,8.0,-136.0,242.0,0.0,0.0,2940,1912,0.5494,0.82,0.0,0.0,pix
real_001_s001_2026-05-18_16-36-57-938,001,001,1,056,056.jpg,482,39.495556,1779115057.434788,8.016667,-136.0,242.0,0.0,0.0,2940,1912,0.5494,0.82,0.0,0.0,pix
real_001_s001_2026-05-18_16-36-57-938,001,001,1,056,056.jpg,483,39.512223,1779115057.451454,8.033333,-136.0,242.0,0.0,0.0,2940,1912,0.5494,0.82,0.0,0.0,pix
real_001_s001_2026-05-18_16-36-57-938,001,001,1,056,056.jpg,484,39.528889,1779115057.468121,8.05,-136.0,242.0,0.0,0.0,2940,1912,0.5494,0.82,0.0,0.0,pix
real_001_s001_2026-05-18_16-36-57-938,001,001,1,056,056.jpg,485,39.545556,1779115057.484787,8.066667,-136.0,242.0,0.0,0.0,2940,1912,0.5494,0.82,0.0,0.0,pix
real_001_s001_2026-05-18_16-36-57-938,001,001,1,056,056.jpg,486,39.562223,1779115057.501454,8.083333,-136.0,242.0,0.0,0.0,2940,1912,0.5494,0.82,0.0,0.0,pix
real_001_s001_2026-05-18_16-36-57-938,001,001,1,056,056.jpg,487,39.578889,1779115057.518121,8.1,-136.0,242.0,0.0,0.0,2940,1912,0.5494,0.82,0.0,0.0,pix
real_001_s001_2026-05-18_16-36-57-938,001,001,1,056,056.jpg,488,39.595556,1779115057.534787,8.116667,-136.0,242.0,0.0,0.0,2940,1912,0.5494,0.82,0.0,0.0,pix
real_001_s001_2026-05-18_16-36-57-938,001,001,1,056,056.jpg,489,39.612223,1779115057.551454,8.133333,-136.0,242.0,0.0,0.0,2940,1912,0.5494,0.82,0.0,0.0,pix
real_001_s001_2026-05-18_16-36-57-938,001,001,1,056,056.jpg,490,39.628889,1779115057.568121,8.15,-136.0,242.0,0.0,0.0,2940,1912,0.5494,0.82,0.0,0.0,pix
real_001_s001_2026-05-18_16-36-57-938,001,001,1,056,056.jpg,491,39.645556,1779115057.584788,8.166667,-136.0,242.0,0.0,0.0,2940,1912,0.5494,0.82,0.0,0.0,pix
real_001_s001_2026-05-18_16-36-57-938,001,001,1,056,056.jpg,492,39.662223,1779115057.601454,8.183333,-136.0,242.0,0.0,0.0,2940,1912,0.5494,0.82,0.0,0.0,pix
real_001_s001_2026-05-18_16-36-57-938,001,001,1,056,056.jpg,493,39.678889,1779115057.618121,8.2,-136.0,242.0,0.0,0.0,2940,1912,0.5494,0.82,0.0,0.0,pix
real_001_s001_2026-05-18_16-36-57-938,001,001,1,056,056.jpg,494,39.695556,1779115057.634788,8.216667,-136.0,242.0,0.0,0.0,2940,1912,0.5494,0.82,0.0,0.0,pix
real_001_s001_2026-05-18_16-36-57-938,001,001,1,056,056.jpg,495,39.712223,1779115057.651454,8.233333,-136.0,242.0,0.0,0.0,2940,1912,0.5494,0.82,0.0,0.0,pix
real_001_s001_2026-05-18_16-36-57-938,001,001,1,056,056.jpg,496,39.728889,1779115057.668121,8.25,-136.0,242.0,0.0,0.0,2940,1912,0.5494,0.82,0.0,0.0,pix
real_001_s001_2026-05-18_16-36-57-938,001,001,1,056,056.jpg,497,39.745556,1779115057.684788,8.266667,-136.0,242.0,0.0,0.0,2940,1912,0.5494,0.82,0.0,0.0,pix
real_001_s001_2026-05-18_16-36-57-938,001,001,1,056,056.jpg,498,39.762223,1779115057.701454,8.283333,-136.0,242.0,0.0,0.0,2940,1912,0.5494,0.82,0.0,0.0,pix
real_001_s001_2026-05-18_16-36-57-938,001,001,1,056,056.jpg,499,39.778889,1779115057.718121,8.3,-136.0,242.0,0.0,0.0,2940,1912,0.5494,0.82,0.0,0.0,pix
real_001_s001_2026-05-18_16-36-57-938,001,001,1,056,056.jpg,500,39.795556,1779115057.734787,8.316667,-136.0,242.0,0.0,0.0,2940,1912,0.5494,0.82,0.0,0.0,pix
real_001_s001_2026-05-18_16-36-57-938,001,001,1,056,056.jpg,501,39.812223,1779115057.751454,8.333333,-136.0,242.0,0.0,0.0,2940,1912,0.5494,0.82,0.0,0.0,pix
real_001_s001_2026-05-18_16-36-57-938,001,001,1,056,056.jpg,502,39.828889,1779115057.768121,8.35,-136.0,242.0,0.0,0.0,2940,1912,0.5494,0.82,0.0,0.0,pix
real_001_s001_2026-05-18_16-36-57-938,001,001,1,056,056.jpg,503,39.845556,1779115057.784787,8.366667,-136.0,242.0,0.0,0.0,2940,1912,0.5494,0.82,0.0,0.0,pix
real_001_s001_2026-05-18_16-36-57-938,001,001,1,056,056.jpg,504,39.862223,1779115057.801454,8.383333,-136.0,242.0,0.0,0.0,2940,1912,0.5494,0.82,0.0,0.0,pix
real_001_s001_2026-05-18_16-36-57-938,001,001,1,056,056.jpg,505,39.878889,1779115057.818121,8.4,-136.0,242.0,0.0,0.0,2940,1912,0.5494,0.82,0.0,0.0,pix
real_001_s001_2026-05-18_16-36-57-938,001,001,1,056,056.jpg,506,39.895556,1779115057.834788,8.416667,-136.0,242.0,0.0,0.0,2940,1912,0.5494,0.82,0.0,0.0,pix
real_001_s001_2026-05-18_16-36-57-938,001,001,1,056,056.jpg,507,39.912223,1779115057.851454,8.433333,-136.0,242.0,0.0,0.0,2940,1912,0.5494,0.82,0.0,0.0,pix
real_001_s001_2026-05-18_16-36-57-938,001,001,1,056,056.jpg,508,39.928889,1779115057.868121,8.45,-136.0,242.0,0.0,0.0,2940,1912,0.5494,0.82,0.0,0.0,pix
real_001_s001_2026-05-18_16-36-57-938,001,001,1,056,056.jpg,509,39.945556,1779115057.884788,8.466667,-136.0,242.0,0.0,0.0,2940,1912,0.5494,0.82,0.0,0.0,pix
real_001_s001_2026-05-18_16-36-57-938,001,001,1,056,056.jpg,510,39.962223,1779115057.901454,8.483333,-136.0,242.0,0.0,0.0,2940,1912,0.5494,0.82,0.0,0.0,pix
real_001_s001_2026-05-18_16-36-57-938,001,001,1,056,056.jpg,511,39.978889,1779115057.918121,8.5,-136.0,242.0,0.0,0.0,2940,1912,0.5494,0.82,0.0,0.0,pix
real_001_s001_2026-05-18_16-36-57-938,001,001,1,056,056.jpg,512,39.995556,1779115057.934788,8.516667,-136.0,242.0,0.0,0.0,2940,1912,0.5494,0.82,0.0,0.0,pix
real_001_s001_2026-05-18_16-36-57-938,001,001,1,056,056.jpg,513,40.012223,1779115057.951454,8.533333,-136.0,242.0,0.0,0.0,2940,1912,0.5494,0.82,0.0,0.0,pix
real_001_s001_2026-05-18_16-36-57-938,001,001,1,056,056.jpg,514,40.028889,1779115057.968121,8.55,-136.0,242.0,0.0,0.0,2940,1912,0.5494,0.82,0.0,0.0,pix
real_001_s001_2026-05-18_16-36-57-938,001,001,1,056,056.jpg,515,40.045556,1779115057.984787,8.566667,-136.0,242.0,0.0,0.0,2940,1912,0.5494,0.82,0.0,0.0,pix
real_001_s001_2026-05-18_16-36-57-938,001,001,1,056,056.jpg,516,40.062223,1779115058.001454,8.583333,-136.0,242.0,0.0,0.0,2940,1912,0.5494,0.82,0.0,0.0,pix
real_001_s001_2026-05-18_16-36-57-938,001,001,1,056,056.jpg,517,40.078889,1779115058.018121,8.6,-136.0,242.0,0.0,0.0,2940,1912,0.5494,0.82,0.0,0.0,pix
real_001_s001_2026-05-18_16-36-57-938,001,001,1,056,056.jpg,518,40.095556,1779115058.034787,8.616667,-135.423,242.425,0.716,0.716,2940,1912,0.5494,0.82,0.0,0.0,pix
real_001_s001_2026-05-18_16-36-57-938,001,001,1,056,056.jpg,519,40.112223,1779115058.051454,8.633333,-97.528,270.498,47.161,47.877,2940,1912,0.5494,0.82,0.0,0.0,pix
real_001_s001_2026-05-18_16-36-57-938,001,001,1,056,056.jpg,520,40.128889,1779115058.068121,8.65,-61.486,308.812,52.602,100.479,2940,1912,0.5494,0.82,0.0,0.0,pix
real_001_s001_2026-05-18_16-36-57-938,001,001,1,056,056.jpg,521,40.145556,1779115058.084788,8.666667,-23.774,368.678,70.755,171.234,2940,1912,0.5494,0.82,0.0,0.0,pix
real_001_s001_2026-05-18_16-36-57-938,001,001,1,056,056.jpg,522,40.162223,1779115058.101454,8.683333,-7.972,416.997,50.837,222.071,2940,1912,0.5494,0.82,0.0,0.0,pix
real_001_s001_2026-05-18_16-36-57-938,001,001,1,056,056.jpg,523,40.178889,1779115058.118121,8.7,-6.172,489.299,72.325,294.395,2940,1912,0.5494,0.82,0.0,0.0,pix
real_001_s001_2026-05-18_16-36-57-938,001,001,1,056,056.jpg,524,40.195556,1779115058.134788,8.716667,-21.251,595.196,106.965,401.36,2940,1912,0.5494,0.82,0.0,0.0,pix
real_001_s001_2026-05-18_16-36-57-938,001,001,1,056,056.jpg,525,40.212223,1779115058.151454,8.733333,-110.903,680.258,123.584,524.944,2940,1912,0.5494,0.82,0.0,0.0,pix
real_001_s001_2026-05-18_16-36-57-938,001,001,1,056,056.jpg,526,40.228889,1779115058.168121,8.75,-181.427,700.154,73.277,598.221,2940,1912,0.5494,0.82,0.0,0.0,pix
real_001_s001_2026-05-18_16-36-57-938,001,001,1,056,056.jpg,527,40.245556,1779115058.184788,8.766667,-254.921,707.693,73.879,672.101,2940,1912,0.5494,0.82,0.0,0.0,pix
real_001_s001_2026-05-18_16-36-57-938,001,001,1,056,056.jpg,528,40.262223,1779115058.201454,8.783333,-302.241,691.668,49.96,722.06,2940,1912,0.5494,0.82,0.0,0.0,pix
real_001_s001_2026-05-18_16-36-57-938,001,001,1,056,056.jpg,529,40.278889,1779115058.218121,8.8,-318.03,669.696,27.057,749.117,2940,1912,0.5494,0.82,0.0,0.0,pix
real_001_s001_2026-05-18_16-36-57-938,001,001,1,056,056.jpg,530,40.295556,1779115058.234787,8.816667,-320.0,649.784,20.01,769.127,2940,1912,0.5494,0.82,0.0,0.0,pix
real_001_s001_2026-05-18_16-36-57-938,001,001,1,056,056.jpg,531,40.312223,1779115058.251454,8.833333,-320.0,633.87,15.914,785.041,2940,1912,0.5494,0.82,0.0,0.0,pix
real_001_s001_2026-05-18_16-36-57-938,001,001,1,056,056.jpg,532,40.328889,1779115058.268121,8.85,-319.915,623.944,9.927,794.968,2940,1912,0.5494,0.82,0.0,0.0,pix
real_001_s001_2026-05-18_16-36-57-938,001,001,1,056,056.jpg,533,40.345556,1779115058.284787,8.866667,-313.869,620.0,7.219,802.186,2940,1912,0.5494,0.82,0.0,0.0,pix
real_001_s001_2026-05-18_16-36-57-938,001,001,1,056,056.jpg,534,40.362223,1779115058.301454,8.883333,-305.675,620.887,8.242,810.428,2940,1912,0.5494,0.82,0.0,0.0,pix
real_001_s001_2026-05-18_16-36-57-938,001,001,1,056,056.jpg,535,40.378889,1779115058.318121,8.9,-283.801,682.702,65.571,876.0,2940,1912,0.5494,0.82,0.0,0.0,pix
real_001_s001_2026-05-18_16-36-57-938,001,001,1,056,056.jpg,536,40.395556,1779115058.334788,8.916667,-270.063,871.346,189.144,1065.143,2940,1912,0.5494,0.82,0.0,0.0,pix
real_001_s001_2026-05-18_16-36-57-938,001,001,1,056,056.jpg,537,40.412223,1779115058.351454,8.933333,-275.249,956.0,84.813,1149.956,2940,1912,0.5494,0.82,0.0,0.0,pix
real_001_s001_2026-05-18_16-36-57-938,001,001,1,056,056.jpg,538,40.428889,1779115058.368121,8.95,-355.412,956.0,80.163,1230.119,2940,1912,0.5494,0.82,0.0,0.0,pix
real_001_s001_2026-05-18_16-36-57-938,001,001,1,056,056.jpg,539,40.445556,1779115058.384788,8.966667,-426.383,956.0,70.972,1301.09,2940,1912,0.5494,0.82,0.0,0.0,pix
real_001_s001_2026-05-18_16-36-57-938,001,001,1,056,056.jpg,540,40.462223,1779115058.401454,8.983333,-452.16,955.553,25.78,1326.87,2940,1912,0.5494,0.82,0.0,0.0,pix
real_001_s001_2026-05-18_16-36-57-938,001,001,1,056,056.jpg,541,40.478889,1779115058.418121,9.0,-461.856,926.909,30.241,1357.111,2940,1912,0.5494,0.82,0.0,0.0,pix
real_001_s001_2026-05-18_16-36-57-938,001,001,1,056,056.jpg,542,40.495556,1779115058.434788,9.016667,-450.891,850.593,77.099,1434.21,2940,1912,0.5494,0.82,0.0,0.0,pix
real_001_s001_2026-05-18_16-36-57-938,001,001,1,056,056.jpg,543,40.512223,1779115058.451454,9.033333,-368.418,746.627,132.706,1566.916,2940,1912,0.5494,0.82,0.0,0.0,pix
real_001_s001_2026-05-18_16-36-57-938,001,001,1,056,056.jpg,544,40.528889,1779115058.468121,9.05,-262.99,655.495,139.356,1706.272,2940,1912,0.5494,0.82,0.0,0.0,pix
real_001_s001_2026-05-18_16-36-57-938,001,001,1,056,056.jpg,545,40.545556,1779115058.484787,9.066667,-187.025,617.675,84.859,1791.131,2940,1912,0.5494,0.82,0.0,0.0,pix
real_001_s001_2026-05-18_16-36-57-938,001,001,1,056,056.jpg,546,40.562223,1779115058.501454,9.083333,-109.601,591.939,81.589,1872.721,2940,1912,0.5494,0.82,0.0,0.0,pix
real_001_s001_2026-05-18_16-36-57-938,001,001,1,056,056.jpg,547,40.578889,1779115058.518121,9.1,-83.508,588.0,26.389,1899.109,2940,1912,0.5494,0.82,0.0,0.0,pix
real_001_s001_2026-05-18_16-36-57-938,001,001,1,056,056.jpg,548,40.595556,1779115058.534787,9.116667,-51.907,588.155,31.601,1930.711,2940,1912,0.5494,0.82,0.0,0.0,pix
real_001_s001_2026-05-18_16-36-57-938,001,001,1,056,056.jpg,549,40.612223,1779115058.551454,9.133333,-45.919,598.771,12.188,1942.899,2940,1912,0.5494,0.82,0.0,0.0,pix
real_001_s001_2026-05-18_16-36-57-938,001,001,1,056,056.jpg,550,40.628889,1779115058.568121,9.15,-42.0,636.37,37.802,1980.701,2940,1912,0.5494,0.82,0.0,0.0,pix
real_001_s001_2026-05-18_16-36-57-938,001,001,1,056,056.jpg,551,40.645556,1779115058.584788,9.166667,-42.0,660.258,23.888,2004.59,2940,1912,0.5494,0.82,0.0,0.0,pix
real_001_s001_2026-05-18_16-36-57-938,001,001,1,056,056.jpg,552,40.662223,1779115058.601454,9.183333,-42.0,676.098,15.84,2020.429,2940,1912,0.5494,0.82,0.0,0.0,pix
real_001_s001_2026-05-18_16-36-57-938,001,001,1,056,056.jpg,553,40.678889,1779115058.618121,9.2,-42.066,682.0,5.902,2026.332,2940,1912,0.5494,0.82,0.0,0.0,pix
real_001_s001_2026-05-18_16-36-57-938,001,001,1,056,056.jpg,554,40.695556,1779115058.634788,9.216667,-46.125,681.47,4.093,2030.425,2940,1912,0.5494,0.82,0.0,0.0,pix
real_001_s001_2026-05-18_16-36-57-938,001,001,1,056,056.jpg,555,40.712223,1779115058.651454,9.233333,-54.223,646.69,35.71,2066.135,2940,1912,0.5494,0.82,0.0,0.0,pix
real_001_s001_2026-05-18_16-36-57-938,001,001,1,056,056.jpg,556,40.728889,1779115058.668121,9.25,-70.323,552.064,95.986,2162.121,2940,1912,0.5494,0.82,0.0,0.0,pix
real_001_s001_2026-05-18_16-36-57-938,001,001,1,056,056.jpg,557,40.745556,1779115058.684788,9.266667,-90.326,431.601,122.112,2284.233,2940,1912,0.5494,0.82,0.0,0.0,pix
real_001_s001_2026-05-18_16-36-57-938,001,001,1,056,056.jpg,558,40.762223,1779115058.701454,9.283333,-112.593,268.736,164.381,2448.614,2940,1912,0.5494,0.82,0.0,0.0,pix
real_001_s001_2026-05-18_16-36-57-938,001,001,1,056,056.jpg,559,40.778889,1779115058.718121,9.3,-148.85,70.691,201.337,2649.951,2940,1912,0.5494,0.82,0.0,0.0,pix
real_001_s001_2026-05-18_16-36-57-938,001,001,1,056,056.jpg,560,40.795556,1779115058.734787,9.316667,-205.708,-148.117,226.074,2876.025,2940,1912,0.5494,0.82,0.0,0.0,pix
real_001_s001_2026-05-18_16-36-57-938,001,001,1,056,056.jpg,561,40.812223,1779115058.751454,9.333333,-282.696,-333.16,200.42,3076.445,2940,1912,0.5494,0.82,0.0,0.0,pix
real_001_s001_2026-05-18_16-36-57-938,001,001,1,056,056.jpg,562,40.828889,1779115058.768121,9.35,-330.45,-412.225,92.367,3168.812,2940,1912,0.5494,0.82,0.0,0.0,pix
real_001_s001_2026-05-18_16-36-57-938,001,001,1,056,056.jpg,563,40.845556,1779115058.784787,9.366667,-362.707,-427.904,35.865,3204.677,2940,1912,0.5494,0.82,0.0,0.0,pix
real_001_s001_2026-05-18_16-36-57-938,001,001,1,056,056.jpg,564,40.862223,1779115058.801454,9.383333,-407.003,-420.663,44.884,3249.561,2940,1912,0.5494,0.82,0.0,0.0,pix
real_001_s001_2026-05-18_16-36-57-938,001,001,1,056,056.jpg,565,40.878889,1779115058.818121,9.4,-473.116,-332.015,110.587,3360.148,2940,1912,0.5494,0.82,0.0,0.0,pix
real_001_s001_2026-05-18_16-36-57-938,001,001,1,056,056.jpg,566,40.895556,1779115058.834788,9.416667,-544.41,-205.306,145.389,3505.537,2940,1912,0.5494,0.82,0.0,0.0,pix
real_001_s001_2026-05-18_16-36-57-938,001,001,1,056,056.jpg,567,40.912223,1779115058.851454,9.433333,-570.546,-161.01,51.432,3556.969,2940,1912,0.5494,0.82,0.0,0.0,pix
real_001_s001_2026-05-18_16-36-57-938,001,001,1,056,056.jpg,568,40.928889,1779115058.868121,9.45,-602.183,-103.725,65.44,3622.41,2940,1912,0.5494,0.82,0.0,0.0,pix
real_001_s001_2026-05-18_16-36-57-938,001,001,1,056,056.jpg,569,40.945556,1779115058.884788,9.466667,-614.0,-85.945,21.349,3643.758,2940,1912,0.5494,0.82,0.0,0.0,pix
real_001_s001_2026-05-18_16-36-57-938,001,001,1,056,056.jpg,570,40.962223,1779115058.901454,9.483333,-614.0,-80.0,5.945,3649.703,2940,1912,0.5494,0.82,0.0,0.0,pix
real_001_s001_2026-05-18_16-36-57-938,001,001,1,056,056.jpg,571,40.978889,1779115058.918121,9.5,-613.371,-80.0,0.629,3650.332,2940,1912,0.5494,0.82,0.0,0.0,pix
real_001_s001_2026-05-18_16-36-57-938,001,001,1,056,056.jpg,572,40.995556,1779115058.934788,9.516667,-559.498,-80.019,53.874,3704.206,2940,1912,0.5494,0.82,0.0,0.0,pix
real_001_s001_2026-05-18_16-36-57-938,001,001,1,056,056.jpg,573,41.012223,1779115058.951454,9.533333,-507.426,-82.0,52.109,3756.315,2940,1912,0.5494,0.82,0.0,0.0,pix
real_001_s001_2026-05-18_16-36-57-938,001,001,1,056,056.jpg,574,41.028889,1779115058.968121,9.55,-449.602,-81.928,57.824,3814.139,2940,1912,0.5494,0.82,0.0,0.0,pix
real_001_s001_2026-05-18_16-36-57-938,001,001,1,056,056.jpg,575,41.045556,1779115058.984787,9.566667,-405.683,-73.768,44.67,3858.809,2940,1912,0.5494,0.82,0.0,0.0,pix
real_001_s001_2026-05-18_16-36-57-938,001,001,1,056,056.jpg,576,41.062223,1779115059.001454,9.583333,-375.874,-51.795,37.032,3895.841,2940,1912,0.5494,0.82,0.0,0.0,pix
real_001_s001_2026-05-18_16-36-57-938,001,001,1,056,056.jpg,577,41.078889,1779115059.018121,9.6,-359.924,-25.811,30.488,3926.33,2940,1912,0.5494,0.82,0.0,0.0,pix
real_001_s001_2026-05-18_16-36-57-938,001,001,1,056,056.jpg,578,41.095556,1779115059.034787,9.616667,-352.0,-5.812,21.512,3947.841,2940,1912,0.5494,0.82,0.0,0.0,pix
real_001_s001_2026-05-18_16-36-57-938,001,001,1,056,056.jpg,579,41.112223,1779115059.051454,9.633333,-352.0,14.078,19.891,3967.732,2940,1912,0.5494,0.82,0.0,0.0,pix
real_001_s001_2026-05-18_16-36-57-938,001,001,1,056,056.jpg,580,41.128889,1779115059.068121,9.65,-352.0,24.079,10.001,3977.733,2940,1912,0.5494,0.82,0.0,0.0,pix
real_001_s001_2026-05-18_16-36-57-938,001,001,1,056,056.jpg,581,41.145556,1779115059.084788,9.666667,-352.0,32.016,7.937,3985.67,2940,1912,0.5494,0.82,0.0,0.0,pix
real_001_s001_2026-05-18_16-36-57-938,001,001,1,056,056.jpg,582,41.162223,1779115059.101454,9.683333,-352.0,34.0,1.984,3987.654,2940,1912,0.5494,0.82,0.0,0.0,pix
real_001_s001_2026-05-18_16-36-57-938,001,001,1,056,056.jpg,583,41.178889,1779115059.118121,9.7,-352.0,34.0,0.0,3987.654,2940,1912,0.5494,0.82,0.0,0.0,pix
real_001_s001_2026-05-18_16-36-57-938,001,001,1,056,056.jpg,584,41.195556,1779115059.134788,9.716667,-352.0,34.0,0.0,3987.654,2940,1912,0.5494,0.82,0.0,0.0,pix
real_001_s001_2026-05-18_16-36-57-938,001,001,1,056,056.jpg,585,41.212223,1779115059.151454,9.733333,-352.0,34.0,0.0,3987.654,2940,1912,0.5494,0.82,0.0,0.0,pix
real_001_s001_2026-05-18_16-36-57-938,001,001,1,056,056.jpg,586,41.228889,1779115059.168121,9.75,-352.0,34.0,0.0,3987.654,2940,1912,0.5494,0.82,0.0,0.0,pix
real_001_s001_2026-05-18_16-36-57-938,001,001,1,056,056.jpg,587,41.245556,1779115059.184788,9.766667,-352.0,34.0,0.0,3987.654,2940,1912,0.5494,0.82,0.0,0.0,pix
real_001_s001_2026-05-18_16-36-57-938,001,001,1,056,056.jpg,588,41.262223,1779115059.201454,9.783333,-352.0,34.0,0.0,3987.654,2940,1912,0.5494,0.82,0.0,0.0,pix
real_001_s001_2026-05-18_16-36-57-938,001,001,1,056,056.jpg,589,41.278889,1779115059.218121,9.8,-352.0,34.0,0.0,3987.654,2940,1912,0.5494,0.82,0.0,0.0,pix
real_001_s001_2026-05-18_16-36-57-938,001,001,1,056,056.jpg,590,41.295556,1779115059.234787,9.816667,-352.0,34.0,0.0,3987.654,2940,1912,0.5494,0.82,0.0,0.0,pix
real_001_s001_2026-05-18_16-36-57-938,001,001,1,056,056.jpg,591,41.312223,1779115059.251454,9.833333,-352.0,34.0,0.0,3987.654,2940,1912,0.5494,0.82,0.0,0.0,pix
real_001_s001_2026-05-18_16-36-57-938,001,001,1,056,056.jpg,592,41.328889,1779115059.268121,9.85,-352.0,34.0,0.0,3987.654,2940,1912,0.5494,0.82,0.0,0.0,pix
real_001_s001_2026-05-18_16-36-57-938,001,001,1,056,056.jpg,593,41.345556,1779115059.284787,9.866667,-352.034,34.0,0.034,3987.688,2940,1912,0.5494,0.82,0.0,0.0,pix
real_001_s001_2026-05-18_16-36-57-938,001,001,1,056,056.jpg,594,41.362223,1779115059.301454,9.883333,-354.037,34.0,2.003,3989.691,2940,1912,0.5494,0.82,0.0,0.0,pix
real_001_s001_2026-05-18_16-36-57-938,001,001,1,056,056.jpg,595,41.378889,1779115059.318121,9.9,-358.107,33.957,4.07,3993.761,2940,1912,0.5494,0.82,0.0,0.0,pix
real_001_s001_2026-05-18_16-36-57-938,001,001,1,056,056.jpg,596,41.395556,1779115059.334788,9.916667,-368.241,29.912,10.911,4004.673,2940,1912,0.5494,0.82,0.0,0.0,pix
real_001_s001_2026-05-18_16-36-57-938,001,001,1,056,056.jpg,597,41.412223,1779115059.351454,9.933333,-390.45,21.74,23.665,4028.338,2940,1912,0.5494,0.82,0.0,0.0,pix
real_001_s001_2026-05-18_16-36-57-938,001,001,1,056,056.jpg,598,41.428889,1779115059.368121,9.95,-442.483,-8.362,60.113,4088.451,2940,1912,0.5494,0.82,0.0,0.0,pix
real_001_s001_2026-05-18_16-36-57-938,001,001,1,056,056.jpg,599,41.445556,1779115059.384788,9.966667,-490.709,-44.738,60.406,4148.857,2940,1912,0.5494,0.82,0.0,0.0,pix
real_001_s001_2026-05-18_16-36-57-938,001,001,1,056,056.jpg,600,41.462223,1779115059.401454,9.983333,-540.234,-96.319,71.508,4220.365,2940,1912,0.5494,0.82,0.0,0.0,pix
real_001_s001_2026-05-18_16-36-57-938,001,001,1,056,056.jpg,601,41.478889,1779115059.418121,10.0,-562.181,-126.497,37.315,4257.68,2940,1912,0.5494,0.82,0.0,0.0,pix
real_001_s001_2026-05-18_16-36-57-938,001,001,1,056,056.jpg,602,41.495556,1779115059.434788,10.016667,-578.0,-170.27,46.544,4304.223,2940,1912,0.5494,0.82,0.0,0.0,pix
real_001_s001_2026-05-18_16-36-57-938,001,001,1,056,056.jpg,603,41.512223,1779115059.451454,10.033333,-577.938,-194.203,23.933,4328.156,2940,1912,0.5494,0.82,0.0,0.0,pix
real_001_s001_2026-05-18_16-36-57-938,001,001,1,056,056.jpg,604,41.528889,1779115059.468121,10.05,-569.701,-220.274,27.341,4355.497,2940,1912,0.5494,0.82,0.0,0.0,pix
real_001_s001_2026-05-18_16-36-57-938,001,001,1,056,056.jpg,605,41.545556,1779115059.484787,10.066667,-545.62,-242.152,32.535,4388.033,2940,1912,0.5494,0.82,0.0,0.0,pix
real_001_s001_2026-05-18_16-36-57-938,001,001,1,056,056.jpg,606,41.562223,1779115059.501454,10.083333,-505.658,-258.043,43.005,4431.037,2940,1912,0.5494,0.82,0.0,0.0,pix
real_001_s001_2026-05-18_16-36-57-938,001,001,1,056,056.jpg,607,41.578889,1779115059.518121,10.1,-473.413,-261.848,32.469,4463.507,2940,1912,0.5494,0.82,0.0,0.0,pix
real_001_s001_2026-05-18_16-36-57-938,001,001,1,056,056.jpg,608,41.595556,1779115059.534787,10.116667,-419.278,-247.12,56.103,4519.61,2940,1912,0.5494,0.82,0.0,0.0,pix
real_001_s001_2026-05-18_16-36-57-938,001,001,1,056,056.jpg,609,41.612223,1779115059.551454,10.133333,-355.304,-168.607,101.276,4620.886,2940,1912,0.5494,0.82,0.0,0.0,pix
real_001_s001_2026-05-18_16-36-57-938,001,001,1,056,056.jpg,610,41.628889,1779115059.568121,10.15,-285.316,-27.927,157.128,4778.014,2940,1912,0.5494,0.82,0.0,0.0,pix
real_001_s001_2026-05-18_16-36-57-938,001,001,1,056,056.jpg,611,41.645556,1779115059.584788,10.166667,-221.733,165.296,203.416,4981.43,2940,1912,0.5494,0.82,0.0,0.0,pix
real_001_s001_2026-05-18_16-36-57-938,001,001,1,056,056.jpg,612,41.662223,1779115059.601454,10.183333,-195.862,291.774,129.096,5110.526,2940,1912,0.5494,0.82,0.0,0.0,pix
real_001_s001_2026-05-18_16-36-57-938,001,001,1,056,056.jpg,613,41.678889,1779115059.618121,10.2,-183.954,444.756,153.445,5263.971,2940,1912,0.5494,0.82,0.0,0.0,pix
real_001_s001_2026-05-18_16-36-57-938,001,001,1,056,056.jpg,614,41.695556,1779115059.634788,10.216667,-180.0,510.574,65.938,5329.908,2940,1912,0.5494,0.82,0.0,0.0,pix
real_001_s001_2026-05-18_16-36-57-938,001,001,1,056,056.jpg,615,41.712223,1779115059.651454,10.233333,-180.0,564.444,53.87,5383.778,2940,1912,0.5494,0.82,0.0,0.0,pix
real_001_s001_2026-05-18_16-36-57-938,001,001,1,056,056.jpg,616,41.728889,1779115059.668121,10.25,-180.0,592.331,27.887,5411.665,2940,1912,0.5494,0.82,0.0,0.0,pix
real_001_s001_2026-05-18_16-36-57-938,001,001,1,056,056.jpg,617,41.745556,1779115059.684788,10.266667,-180.0,612.118,19.787,5431.452,2940,1912,0.5494,0.82,0.0,0.0,pix
real_001_s001_2026-05-18_16-36-57-938,001,001,1,056,056.jpg,618,41.762223,1779115059.701454,10.283333,-180.0,622.136,10.018,5441.47,2940,1912,0.5494,0.82,0.0,0.0,pix
real_001_s001_2026-05-18_16-36-57-938,001,001,1,056,056.jpg,619,41.778889,1779115059.718121,10.3,-180.0,636.135,13.999,5455.469,2940,1912,0.5494,0.82,0.0,0.0,pix
real_001_s001_2026-05-18_16-36-57-938,001,001,1,056,056.jpg,620,41.795556,1779115059.734787,10.316667,-180.0,648.153,12.018,5467.487,2940,1912,0.5494,0.82,0.0,0.0,pix
real_001_s001_2026-05-18_16-36-57-938,001,001,1,056,056.jpg,621,41.812223,1779115059.751454,10.333333,-180.0,660.119,11.966,5479.453,2940,1912,0.5494,0.82,0.0,0.0,pix
real_001_s001_2026-05-18_16-36-57-938,001,001,1,056,056.jpg,622,41.828889,1779115059.768121,10.35,-180.0,670.029,9.91,5489.363,2940,1912,0.5494,0.82,0.0,0.0,pix
real_001_s001_2026-05-18_16-36-57-938,001,001,1,056,056.jpg,623,41.845556,1779115059.784787,10.366667,-180.0,672.0,1.971,5491.334,2940,1912,0.5494,0.82,0.0,0.0,pix
real_001_s001_2026-05-18_16-36-57-938,001,001,1,056,056.jpg,624,41.862223,1779115059.801454,10.383333,-180.0,672.0,0.0,5491.334,2940,1912,0.5494,0.82,0.0,0.0,pix
real_001_s001_2026-05-18_16-36-57-938,001,001,1,056,056.jpg,625,41.878889,1779115059.818121,10.4,-179.715,671.737,0.388,5491.722,2940,1912,0.5494,0.82,0.0,0.0,pix
real_001_s001_2026-05-18_16-36-57-938,001,001,1,056,056.jpg,626,41.895556,1779115059.834788,10.416667,-153.246,647.196,36.095,5527.817,2940,1912,0.5494,0.82,0.0,0.0,pix
real_001_s001_2026-05-18_16-36-57-938,001,001,1,056,056.jpg,627,41.912223,1779115059.851454,10.433333,-92.419,582.218,89.006,5616.823,2940,1912,0.5494,0.82,0.0,0.0,pix
real_001_s001_2026-05-18_16-36-57-938,001,001,1,056,056.jpg,628,41.928889,1779115059.868121,10.45,33.062,440.62,189.197,5806.02,2940,1912,0.5494,0.82,0.0,0.0,pix
real_001_s001_2026-05-18_16-36-57-938,001,001,1,056,056.jpg,629,41.945556,1779115059.884788,10.466667,112.635,337.06,130.601,5936.621,2940,1912,0.5494,0.82,0.0,0.0,pix
real_001_s001_2026-05-18_16-36-57-938,001,001,1,056,056.jpg,630,41.962223,1779115059.901454,10.483333,162.347,263.414,88.854,6025.474,2940,1912,0.5494,0.82,0.0,0.0,pix
real_001_s001_2026-05-18_16-36-57-938,001,001,1,056,056.jpg,631,41.978889,1779115059.918121,10.5,194.262,209.452,62.693,6088.168,2940,1912,0.5494,0.82,0.0,0.0,pix
real_001_s001_2026-05-18_16-36-57-938,001,001,1,056,056.jpg,632,41.995556,1779115059.934788,10.516667,216.068,163.55,50.818,6138.986,2940,1912,0.5494,0.82,0.0,0.0,pix
real_001_s001_2026-05-18_16-36-57-938,001,001,1,056,056.jpg,633,42.012223,1779115059.951454,10.533333,221.836,123.789,40.177,6179.163,2940,1912,0.5494,0.82,0.0,0.0,pix
real_001_s001_2026-05-18_16-36-57-938,001,001,1,056,056.jpg,634,42.028889,1779115059.968121,10.55,206.61,105.901,23.491,6202.654,2940,1912,0.5494,0.82,0.0,0.0,pix
real_001_s001_2026-05-18_16-36-57-938,001,001,1,056,056.jpg,635,42.045556,1779115059.984787,10.566667,93.8,98.069,113.081,6315.735,2940,1912,0.5494,0.82,0.0,0.0,pix
real_001_s001_2026-05-18_16-36-57-938,001,001,1,056,056.jpg,636,42.062223,1779115060.001454,10.583333,-96.839,105.005,190.766,6506.501,2940,1912,0.5494,0.82,0.0,0.0,pix
real_001_s001_2026-05-18_16-36-57-938,001,001,1,056,056.jpg,637,42.078889,1779115060.018121,10.6,-355.016,196.497,273.908,6780.409,2940,1912,0.5494,0.82,0.0,0.0,pix
real_001_s001_2026-05-18_16-36-57-938,001,001,1,056,056.jpg,638,42.095556,1779115060.034787,10.616667,-450.897,243.361,106.722,6887.13,2940,1912,0.5494,0.82,0.0,0.0,pix
real_001_s001_2026-05-18_16-36-57-938,001,001,1,056,056.jpg,639,42.112223,1779115060.051454,10.633333,-614.756,320.275,181.012,7068.143,2940,1912,0.5494,0.82,0.0,0.0,pix
real_001_s001_2026-05-18_16-36-57-938,001,001,1,056,056.jpg,640,42.128889,1779115060.068121,10.65,-680.409,344.091,69.839,7137.982,2940,1912,0.5494,0.82,0.0,0.0,pix
real_001_s001_2026-05-18_16-36-57-938,001,001,1,056,056.jpg,641,42.145556,1779115060.084788,10.666667,-716.072,351.952,36.52,7174.502,2940,1912,0.5494,0.82,0.0,0.0,pix
real_001_s001_2026-05-18_16-36-57-938,001,001,1,056,056.jpg,642,42.162223,1779115060.101454,10.683333,-722.019,347.474,7.445,7181.946,2940,1912,0.5494,0.82,0.0,0.0,pix
real_001_s001_2026-05-18_16-36-57-938,001,001,1,056,056.jpg,643,42.178889,1779115060.118121,10.7,-723.882,293.057,54.448,7236.394,2940,1912,0.5494,0.82,0.0,0.0,pix
real_001_s001_2026-05-18_16-36-57-938,001,001,1,056,056.jpg,644,42.195556,1779115060.134788,10.716667,-713.262,212.525,81.23,7317.624,2940,1912,0.5494,0.82,0.0,0.0,pix
real_001_s001_2026-05-18_16-36-57-938,001,001,1,056,056.jpg,645,42.212223,1779115060.151454,10.733333,-652.883,92.469,134.383,7452.008,2940,1912,0.5494,0.82,0.0,0.0,pix
real_001_s001_2026-05-18_16-36-57-938,001,001,1,056,056.jpg,646,42.228889,1779115060.168121,10.75,-544.394,-55.537,183.509,7635.517,2940,1912,0.5494,0.82,0.0,0.0,pix
real_001_s001_2026-05-18_16-36-57-938,001,001,1,056,056.jpg,647,42.245556,1779115060.184788,10.766667,-404.54,-188.967,193.294,7828.811,2940,1912,0.5494,0.82,0.0,0.0,pix
real_001_s001_2026-05-18_16-36-57-938,001,001,1,056,056.jpg,648,42.262223,1779115060.201454,10.783333,-256.578,-286.605,177.275,8006.086,2940,1912,0.5494,0.82,0.0,0.0,pix
real_001_s001_2026-05-18_16-36-57-938,001,001,1,056,056.jpg,649,42.278889,1779115060.218121,10.8,-161.735,-326.315,102.82,8108.906,2940,1912,0.5494,0.82,0.0,0.0,pix
real_001_s001_2026-05-18_16-36-57-938,001,001,1,056,056.jpg,650,42.295556,1779115060.234787,10.816667,-19.071,-345.69,143.974,8252.88,2940,1912,0.5494,0.82,0.0,0.0,pix
real_001_s001_2026-05-18_16-36-57-938,001,001,1,056,056.jpg,651,42.312223,1779115060.251454,10.833333,65.007,-316.177,89.108,8341.987,2940,1912,0.5494,0.82,0.0,0.0,pix
real_001_s001_2026-05-18_16-36-57-938,001,001,1,056,056.jpg,652,42.328889,1779115060.268121,10.85,148.32,-164.606,172.959,8514.946,2940,1912,0.5494,0.82,0.0,0.0,pix
real_001_s001_2026-05-18_16-36-57-938,001,001,1,056,056.jpg,653,42.345556,1779115060.284787,10.866667,182.344,-15.764,152.682,8667.628,2940,1912,0.5494,0.82,0.0,0.0,pix
real_001_s001_2026-05-18_16-36-57-938,001,001,1,056,056.jpg,654,42.362223,1779115060.301454,10.883333,214.069,191.429,209.608,8877.236,2940,1912,0.5494,0.82,0.0,0.0,pix
real_001_s001_2026-05-18_16-36-57-938,001,001,1,056,056.jpg,655,42.378889,1779115060.318121,10.9,220.0,315.284,123.997,9001.232,2940,1912,0.5494,0.82,0.0,0.0,pix
real_001_s001_2026-05-18_16-36-57-938,001,001,1,056,056.jpg,656,42.395556,1779115060.334788,10.916667,220.0,445.07,129.786,9131.019,2940,1912,0.5494,0.82,0.0,0.0,pix
real_001_s001_2026-05-18_16-36-57-938,001,001,1,056,056.jpg,657,42.412223,1779115060.351454,10.933333,219.828,536.858,91.788,9222.806,2940,1912,0.5494,0.82,0.0,0.0,pix
real_001_s001_2026-05-18_16-36-57-938,001,001,1,056,056.jpg,658,42.428889,1779115060.368121,10.95,205.836,606.475,71.009,9293.816,2940,1912,0.5494,0.82,0.0,0.0,pix
real_001_s001_2026-05-18_16-36-57-938,001,001,1,056,056.jpg,659,42.445556,1779115060.384788,10.966667,187.827,658.433,54.991,9348.807,2940,1912,0.5494,0.82,0.0,0.0,pix
real_001_s001_2026-05-18_16-36-57-938,001,001,1,056,056.jpg,660,42.462223,1779115060.401454,10.983333,171.664,698.639,43.333,9392.139,2940,1912,0.5494,0.82,0.0,0.0,pix
real_001_s001_2026-05-18_16-36-57-938,001,001,1,056,056.jpg,661,42.478889,1779115060.418121,11.0,151.933,736.135,42.371,9434.51,2940,1912,0.5494,0.82,0.0,0.0,pix
real_001_s001_2026-05-18_16-36-57-938,001,001,1,056,056.jpg,662,42.495556,1779115060.434788,11.016667,143.944,752.111,17.862,9452.372,2940,1912,0.5494,0.82,0.0,0.0,pix
real_001_s001_2026-05-18_16-36-57-938,001,001,1,056,056.jpg,663,42.512223,1779115060.451454,11.033333,139.981,760.038,8.863,9461.235,2940,1912,0.5494,0.82,0.0,0.0,pix
real_001_s001_2026-05-18_16-36-57-938,001,001,1,056,056.jpg,664,42.528889,1779115060.468121,11.05,138.0,764.018,4.445,9465.68,2940,1912,0.5494,0.82,0.0,0.0,pix
real_001_s001_2026-05-18_16-36-57-938,001,001,1,056,056.jpg,665,42.545556,1779115060.484787,11.066667,138.0,766.0,1.982,9467.662,2940,1912,0.5494,0.82,0.0,0.0,pix
real_001_s001_2026-05-18_16-36-57-938,001,001,1,056,056.jpg,666,42.562223,1779115060.501454,11.083333,137.976,766.0,0.024,9467.686,2940,1912,0.5494,0.82,0.0,0.0,pix
real_001_s001_2026-05-18_16-36-57-938,001,001,1,056,056.jpg,667,42.578889,1779115060.518121,11.1,135.909,766.0,2.067,9469.754,2940,1912,0.5494,0.82,0.0,0.0,pix
real_001_s001_2026-05-18_16-36-57-938,001,001,1,056,056.jpg,668,42.595556,1779115060.534787,11.116667,127.8,765.978,8.109,9477.862,2940,1912,0.5494,0.82,0.0,0.0,pix
real_001_s001_2026-05-18_16-36-57-938,001,001,1,056,056.jpg,669,42.612223,1779115060.551454,11.133333,109.623,763.889,18.296,9496.159,2940,1912,0.5494,0.82,0.0,0.0,pix
real_001_s001_2026-05-18_16-36-57-938,001,001,1,056,056.jpg,670,42.628889,1779115060.568121,11.15,75.362,753.868,35.697,9531.856,2940,1912,0.5494,0.82,0.0,0.0,pix
real_001_s001_2026-05-18_16-36-57-938,001,001,1,056,056.jpg,671,42.645556,1779115060.584788,11.166667,16.31,741.656,60.301,9592.157,2940,1912,0.5494,0.82,0.0,0.0,pix
real_001_s001_2026-05-18_16-36-57-938,001,001,1,056,056.jpg,672,42.662223,1779115060.601454,11.183333,-91.982,719.381,110.559,9702.716,2940,1912,0.5494,0.82,0.0,0.0,pix
real_001_s001_2026-05-18_16-36-57-938,001,001,1,056,056.jpg,673,42.678889,1779115060.618121,11.2,-251.292,669.29,166.999,9869.716,2940,1912,0.5494,0.82,0.0,0.0,pix
real_001_s001_2026-05-18_16-36-57-938,001,001,1,056,056.jpg,674,42.695556,1779115060.634788,11.216667,-352.638,613.447,115.713,9985.429,2940,1912,0.5494,0.82,0.0,0.0,pix
real_001_s001_2026-05-18_16-36-57-938,001,001,1,056,056.jpg,675,42.712223,1779115060.651454,11.233333,-412.612,561.265,79.497,10064.926,2940,1912,0.5494,0.82,0.0,0.0,pix
real_001_s001_2026-05-18_16-36-57-938,001,001,1,056,056.jpg,676,42.728889,1779115060.668121,11.25,-462.302,501.418,77.786,10142.712,2940,1912,0.5494,0.82,0.0,0.0,pix
real_001_s001_2026-05-18_16-36-57-938,001,001,1,056,056.jpg,677,42.745556,1779115060.684788,11.266667,-490.209,446.869,61.273,10203.986,2940,1912,0.5494,0.82,0.0,0.0,pix
real_001_s001_2026-05-18_16-36-57-938,001,001,1,056,056.jpg,678,42.762223,1779115060.701454,11.283333,-510.0,338.293,110.365,10314.351,2940,1912,0.5494,0.82,0.0,0.0,pix
real_001_s001_2026-05-18_16-36-57-938,001,001,1,056,056.jpg,679,42.778889,1779115060.718121,11.3,-509.796,208.692,129.601,10443.952,2940,1912,0.5494,0.82,0.0,0.0,pix
real_001_s001_2026-05-18_16-36-57-938,001,001,1,056,056.jpg,680,42.795556,1779115060.734787,11.316667,-489.56,81.077,129.209,10573.161,2940,1912,0.5494,0.82,0.0,0.0,pix
real_001_s001_2026-05-18_16-36-57-938,001,001,1,056,056.jpg,681,42.812223,1779115060.751454,11.333333,-447.455,-6.818,97.459,10670.621,2940,1912,0.5494,0.82,0.0,0.0,pix
real_001_s001_2026-05-18_16-36-57-938,001,001,1,056,056.jpg,682,42.828889,1779115060.768121,11.35,-407.094,-66.906,72.384,10743.005,2940,1912,0.5494,0.82,0.0,0.0,pix
real_001_s001_2026-05-18_16-36-57-938,001,001,1,056,056.jpg,683,42.845556,1779115060.784787,11.366667,-355.435,-117.926,72.607,10815.612,2940,1912,0.5494,0.82,0.0,0.0,pix
real_001_s001_2026-05-18_16-36-57-938,001,001,1,056,056.jpg,684,42.862223,1779115060.801454,11.383333,-309.493,-110.773,46.496,10862.107,2940,1912,0.5494,0.82,0.0,0.0,pix
real_001_s001_2026-05-18_16-36-57-938,001,001,1,056,056.jpg,685,42.878889,1779115060.818121,11.4,-271.534,-17.361,100.831,10962.938,2940,1912,0.5494,0.82,0.0,0.0,pix
real_001_s001_2026-05-18_16-36-57-938,001,001,1,056,056.jpg,686,42.895556,1779115060.834788,11.416667,-229.859,220.482,241.466,11204.404,2940,1912,0.5494,0.82,0.0,0.0,pix
real_001_s001_2026-05-18_16-36-57-938,001,001,1,056,056.jpg,687,42.912223,1779115060.851454,11.433333,-220.0,396.067,175.862,11380.266,2940,1912,0.5494,0.82,0.0,0.0,pix
real_001_s001_2026-05-18_16-36-57-938,001,001,1,056,056.jpg,688,42.928889,1779115060.868121,11.45,-220.0,547.545,151.478,11531.744,2940,1912,0.5494,0.82,0.0,0.0,pix
real_001_s001_2026-05-18_16-36-57-938,001,001,1,056,056.jpg,689,42.945556,1779115060.884788,11.466667,-220.0,690.765,143.22,11674.964,2940,1912,0.5494,0.82,0.0,0.0,pix
real_001_s001_2026-05-18_16-36-57-938,001,001,1,056,056.jpg,690,42.962223,1779115060.901454,11.483333,-220.0,746.426,55.662,11730.625,2940,1912,0.5494,0.82,0.0,0.0,pix
real_001_s001_2026-05-18_16-36-57-938,001,001,1,056,056.jpg,691,42.978889,1779115060.918121,11.5,-220.0,786.157,39.73,11770.356,2940,1912,0.5494,0.82,0.0,0.0,pix
real_001_s001_2026-05-18_16-36-57-938,001,001,1,056,056.jpg,692,42.995556,1779115060.934788,11.516667,-220.0,800.102,13.945,11784.301,2940,1912,0.5494,0.82,0.0,0.0,pix
real_001_s001_2026-05-18_16-36-57-938,001,001,1,056,056.jpg,693,43.012223,1779115060.951454,11.533333,-219.779,808.147,8.049,11792.349,2940,1912,0.5494,0.82,0.0,0.0,pix
real_001_s001_2026-05-18_16-36-57-938,001,001,1,056,056.jpg,694,43.028889,1779115060.968121,11.55,-207.541,816.306,14.708,11807.057,2940,1912,0.5494,0.82,0.0,0.0,pix
real_001_s001_2026-05-18_16-36-57-938,001,001,1,056,056.jpg,695,43.045556,1779115060.984787,11.566667,-183.585,832.148,28.721,11835.778,2940,1912,0.5494,0.82,0.0,0.0,pix
real_001_s001_2026-05-18_16-36-57-938,001,001,1,056,056.jpg,696,43.062223,1779115061.001454,11.583333,-155.631,842.142,29.687,11865.465,2940,1912,0.5494,0.82,0.0,0.0,pix
real_001_s001_2026-05-18_16-36-57-938,001,001,1,056,056.jpg,697,43.078889,1779115061.018121,11.6,-129.57,852.0,27.863,11893.328,2940,1912,0.5494,0.82,0.0,0.0,pix
real_001_s001_2026-05-18_16-36-57-938,001,001,1,056,056.jpg,698,43.095556,1779115061.034787,11.616667,-93.452,852.0,36.119,11929.446,2940,1912,0.5494,0.82,0.0,0.0,pix
real_001_s001_2026-05-18_16-36-57-938,001,001,1,056,056.jpg,699,43.112223,1779115061.051454,11.633333,-49.613,852.0,43.839,11973.285,2940,1912,0.5494,0.82,0.0,0.0,pix
real_001_s001_2026-05-18_16-36-57-938,001,001,1,056,056.jpg,700,43.128889,1779115061.068121,11.65,-21.594,851.932,28.018,12001.304,2940,1912,0.5494,0.82,0.0,0.0,pix
real_001_s001_2026-05-18_16-36-57-938,001,001,1,056,056.jpg,701,43.145556,1779115061.084788,11.666667,2.131,848.0,24.049,12025.353,2940,1912,0.5494,0.82,0.0,0.0,pix
real_001_s001_2026-05-18_16-36-57-938,001,001,1,056,056.jpg,702,43.162223,1779115061.101454,11.683333,12.027,848.0,9.896,12035.249,2940,1912,0.5494,0.82,0.0,0.0,pix
real_001_s001_2026-05-18_16-36-57-938,001,001,1,056,056.jpg,703,43.178889,1779115061.118121,11.7,14.0,848.059,1.974,12037.223,2940,1912,0.5494,0.82,0.0,0.0,pix
real_001_s001_2026-05-18_16-36-57-938,001,001,1,056,056.jpg,704,43.195556,1779115061.134788,11.716667,13.044,852.478,4.521,12041.744,2940,1912,0.5494,0.82,0.0,0.0,pix
real_001_s001_2026-05-18_16-36-57-938,001,001,1,056,056.jpg,705,43.212223,1779115061.151454,11.733333,-54.682,884.966,75.115,12116.859,2940,1912,0.5494,0.82,0.0,0.0,pix
real_001_s001_2026-05-18_16-36-57-938,001,001,1,056,056.jpg,706,43.228889,1779115061.168121,11.75,-304.165,936.0,254.65,12371.509,2940,1912,0.5494,0.82,0.0,0.0,pix
real_001_s001_2026-05-18_16-36-57-938,001,001,1,056,056.jpg,707,43.245556,1779115061.184788,11.766667,-491.656,935.327,187.492,12559.001,2940,1912,0.5494,0.82,0.0,0.0,pix
real_001_s001_2026-05-18_16-36-57-938,001,001,1,056,056.jpg,708,43.262223,1779115061.201454,11.783333,-618.864,882.896,137.589,12696.59,2940,1912,0.5494,0.82,0.0,0.0,pix
real_001_s001_2026-05-18_16-36-57-938,001,001,1,056,056.jpg,709,43.278889,1779115061.218121,11.8,-690.213,790.653,116.616,12813.206,2940,1912,0.5494,0.82,0.0,0.0,pix
real_001_s001_2026-05-18_16-36-57-938,001,001,1,056,056.jpg,710,43.295556,1779115061.234787,11.816667,-708.0,675.719,116.303,12929.509,2940,1912,0.5494,0.82,0.0,0.0,pix
real_001_s001_2026-05-18_16-36-57-938,001,001,1,056,056.jpg,711,43.312223,1779115061.251454,11.833333,-707.262,505.017,170.703,13100.212,2940,1912,0.5494,0.82,0.0,0.0,pix
real_001_s001_2026-05-18_16-36-57-938,001,001,1,056,056.jpg,712,43.328889,1779115061.268121,11.85,-656.876,303.683,207.544,13307.756,2940,1912,0.5494,0.82,0.0,0.0,pix
real_001_s001_2026-05-18_16-36-57-938,001,001,1,056,056.jpg,713,43.345556,1779115061.284787,11.866667,-558.727,102.333,223.998,13531.754,2940,1912,0.5494,0.82,0.0,0.0,pix
real_001_s001_2026-05-18_16-36-57-938,001,001,1,056,056.jpg,714,43.362223,1779115061.301454,11.883333,-474.43,-7.249,138.254,13670.008,2940,1912,0.5494,0.82,0.0,0.0,pix
real_001_s001_2026-05-18_16-36-57-938,001,001,1,056,056.jpg,715,43.378889,1779115061.318121,11.9,-386.055,-76.304,112.154,13782.162,2940,1912,0.5494,0.82,0.0,0.0,pix
real_001_s001_2026-05-18_16-36-57-938,001,001,1,056,056.jpg,716,43.395556,1779115061.334788,11.916667,-255.853,-86.721,130.618,13912.78,2940,1912,0.5494,0.82,0.0,0.0,pix
real_001_s001_2026-05-18_16-36-57-938,001,001,1,056,056.jpg,717,43.412223,1779115061.351454,11.933333,-56.861,366.054,494.574,14407.354,2940,1912,0.5494,0.82,0.0,0.0,pix
real_001_s001_2026-05-18_16-36-57-938,001,001,1,056,056.jpg,718,43.428889,1779115061.368121,11.95,10.0,956.0,593.723,15001.077,2940,1912,0.5494,0.82,0.0,0.0,pix
real_001_s001_2026-05-18_16-36-57-938,001,001,1,056,056.jpg,719,43.445556,1779115061.384788,11.966667,9.49,956.0,0.51,15001.587,2940,1912,0.5494,0.82,0.0,0.0,pix
real_001_s001_2026-05-18_16-36-57-938,001,001,1,056,056.jpg,720,43.462223,1779115061.401454,11.983333,-34.643,956.0,44.134,15045.72,2940,1912,0.5494,0.82,0.0,0.0,pix
real_001_s001_2026-05-18_16-36-57-938,001,001,1,056,056.jpg,721,43.478889,1779115061.418121,12.0,-84.434,956.0,49.791,15095.512,2940,1912,0.5494,0.82,0.0,0.0,pix
real_001_s001_2026-05-18_16-36-57-938,001,001,1,056,056.jpg,722,43.495556,1779115061.434788,12.016667,-116.624,956.0,32.19,15127.701,2940,1912,0.5494,0.82,0.0,0.0,pix
real_001_s001_2026-05-18_16-36-57-938,001,001,1,056,056.jpg,723,43.512223,1779115061.451454,12.033333,-162.237,954.867,45.627,15173.328,2940,1912,0.5494,0.82,0.0,0.0,pix
real_001_s001_2026-05-18_16-36-57-938,001,001,1,056,056.jpg,724,43.528889,1779115061.468121,12.05,-180.0,865.832,90.79,15264.118,2940,1912,0.5494,0.82,0.0,0.0,pix
real_001_s001_2026-05-18_16-36-57-938,001,001,1,056,056.jpg,725,43.545556,1779115061.484787,12.066667,-178.965,560.515,305.318,15569.436,2940,1912,0.5494,0.82,0.0,0.0,pix
real_001_s001_2026-05-18_16-36-57-938,001,001,1,056,056.jpg,726,43.562223,1779115061.501454,12.083333,-98.383,137.395,430.725,16000.162,2940,1912,0.5494,0.82,0.0,0.0,pix
real_001_s001_2026-05-18_16-36-57-938,001,001,1,056,056.jpg,727,43.578889,1779115061.518121,12.1,46.345,-273.245,435.398,16435.56,2940,1912,0.5494,0.82,0.0,0.0,pix
real_001_s001_2026-05-18_16-36-57-938,001,001,1,056,056.jpg,728,43.595556,1779115061.534787,12.116667,162.68,-533.302,284.892,16720.452,2940,1912,0.5494,0.82,0.0,0.0,pix
real_001_s001_2026-05-18_16-36-57-938,001,001,1,056,056.jpg,729,43.612223,1779115061.551454,12.133333,210.593,-624.979,103.442,16823.894,2940,1912,0.5494,0.82,0.0,0.0,pix
real_001_s001_2026-05-18_16-36-57-938,001,001,1,056,056.jpg,730,43.628889,1779115061.568121,12.15,250.109,-689.918,76.017,16899.911,2940,1912,0.5494,0.82,0.0,0.0,pix
real_001_s001_2026-05-18_16-36-57-938,001,001,1,056,056.jpg,731,43.645556,1779115061.584788,12.166667,257.077,-676.641,14.994,16914.905,2940,1912,0.5494,0.82,0.0,0.0,pix
real_001_s001_2026-05-18_16-36-57-938,001,001,1,056,056.jpg,732,43.662223,1779115061.601454,12.183333,186.59,-132.816,548.374,17463.279,2940,1912,0.5494,0.82,0.0,0.0,pix
real_001_s001_2026-05-18_16-36-57-938,001,001,1,056,056.jpg,733,43.678889,1779115061.618121,12.2,-62.12,532.327,710.121,18173.4,2940,1912,0.5494,0.82,0.0,0.0,pix
real_001_s001_2026-05-18_16-36-57-938,001,001,1,056,056.jpg,734,43.695556,1779115061.634788,12.216667,-338.859,956.0,506.047,18679.447,2940,1912,0.5494,0.82,0.0,0.0,pix
real_001_s001_2026-05-18_16-36-57-938,001,001,1,056,056.jpg,735,43.712223,1779115061.651454,12.233333,-394.0,956.0,55.141,18734.588,2940,1912,0.5494,0.82,0.0,0.0,pix
real_001_s001_2026-05-18_16-36-57-938,001,001,1,056,056.jpg,736,43.728889,1779115061.668121,12.25,-394.0,956.0,0.0,18734.588,2940,1912,0.5494,0.82,0.0,0.0,pix
real_001_s001_2026-05-18_16-36-57-938,001,001,1,056,056.jpg,737,43.745556,1779115061.684788,12.266667,-394.0,956.0,0.0,18734.588,2940,1912,0.5494,0.82,0.0,0.0,pix
real_001_s001_2026-05-18_16-36-57-938,001,001,1,056,056.jpg,738,43.762223,1779115061.701454,12.283333,-394.0,956.0,0.0,18734.588,2940,1912,0.5494,0.82,0.0,0.0,pix
real_001_s001_2026-05-18_16-36-57-938,001,001,1,056,056.jpg,739,43.778889,1779115061.718121,12.3,-394.0,956.0,0.0,18734.588,2940,1912,0.5494,0.82,0.0,0.0,pix
real_001_s001_2026-05-18_16-36-57-938,001,001,1,056,056.jpg,740,43.795556,1779115061.734787,12.316667,-394.0,956.0,0.0,18734.588,2940,1912,0.5494,0.82,0.0,0.0,pix
real_001_s001_2026-05-18_16-36-57-938,001,001,1,056,056.jpg,741,43.812223,1779115061.751454,12.333333,-394.0,956.0,0.0,18734.588,2940,1912,0.5494,0.82,0.0,0.0,pix
real_001_s001_2026-05-18_16-36-57-938,001,001,1,056,056.jpg,742,43.828889,1779115061.768121,12.35,-394.0,956.0,0.0,18734.588,2940,1912,0.5494,0.82,0.0,0.0,pix
real_001_s001_2026-05-18_16-36-57-938,001,001,1,056,056.jpg,743,43.845556,1779115061.784787,12.366667,-394.0,956.0,0.0,18734.588,2940,1912,0.5494,0.82,0.0,0.0,pix
real_001_s001_2026-05-18_16-36-57-938,001,001,1,056,056.jpg,744,43.862223,1779115061.801454,12.383333,-394.0,956.0,0.0,18734.588,2940,1912,0.5494,0.82,0.0,0.0,pix
real_001_s001_2026-05-18_16-36-57-938,001,001,1,056,056.jpg,745,43.878889,1779115061.818121,12.4,-394.0,956.0,0.0,18734.588,2940,1912,0.5494,0.82,0.0,0.0,pix
real_001_s001_2026-05-18_16-36-57-938,001,001,1,056,056.jpg,746,43.895556,1779115061.834788,12.416667,-394.0,956.0,0.0,18734.588,2940,1912,0.5494,0.82,0.0,0.0,pix
