run_id,participant,session,trial_index,trial_id,image_file,sample_index,sample_session_s,sample_unix_s,sample_from_image_onset_s,gaze_x_pix,gaze_y_pix,units
real_001_s001_2026-05-06_15-19-39-814,001,001,1,074,074.jpg,1,32.470825,1778073612.285665,0.0,-134.0,-102.0,pix
real_001_s001_2026-05-06_15-19-39-814,001,001,1,074,074.jpg,2,32.487491,1778073612.302332,0.016667,-134.0,-102.0,pix
real_001_s001_2026-05-06_15-19-39-814,001,001,1,074,074.jpg,3,32.504158,1778073612.318998,0.033333,-134.0,-102.0,pix
real_001_s001_2026-05-06_15-19-39-814,001,001,1,074,074.jpg,4,32.520825,1778073612.335665,0.05,-134.0,-102.0,pix
real_001_s001_2026-05-06_15-19-39-814,001,001,1,074,074.jpg,5,32.537491,1778073612.352332,0.066667,-134.0,-102.0,pix
real_001_s001_2026-05-06_15-19-39-814,001,001,1,074,074.jpg,6,32.554158,1778073612.368998,0.083333,-134.0,-102.0,pix
real_001_s001_2026-05-06_15-19-39-814,001,001,1,074,074.jpg,7,32.570825,1778073612.385665,0.1,-134.0,-102.0,pix
real_001_s001_2026-05-06_15-19-39-814,001,001,1,074,074.jpg,8,32.587491,1778073612.402332,0.116667,-134.0,-102.0,pix
real_001_s001_2026-05-06_15-19-39-814,001,001,1,074,074.jpg,9,32.604158,1778073612.418998,0.133333,-134.0,-102.0,pix
real_001_s001_2026-05-06_15-19-39-814,001,001,1,074,074.jpg,10,32.620825,1778073612.435665,0.15,-134.0,-102.0,pix
real_001_s001_2026-05-06_15-19-39-814,001,001,1,074,074.jpg,11,32.637491,1778073612.452332,0.166667,-134.0,-102.0,pix
real_001_s001_2026-05-06_15-19-39-814,001,001,1,074,074.jpg,12,32.654158,1778073612.468998,0.183333,-134.0,-102.0,pix
real_001_s001_2026-05-06_15-19-39-814,001,001,1,074,074.jpg,13,32.670825,1778073612.485665,0.2,-134.0,-102.0,pix
real_001_s001_2026-05-06_15-19-39-814,001,001,1,074,074.jpg,14,32.687491,1778073612.502332,0.216667,-134.0,-102.0,pix
real_001_s001_2026-05-06_15-19-39-814,001,001,1,074,074.jpg,15,32.704158,1778073612.518998,0.233333,-134.0,-102.0,pix
real_001_s001_2026-05-06_15-19-39-814,001,001,1,074,074.jpg,16,32.720825,1778073612.535665,0.25,-134.0,-102.0,pix
real_001_s001_2026-05-06_15-19-39-814,001,001,1,074,074.jpg,17,32.737491,1778073612.552332,0.266667,-134.0,-102.0,pix
real_001_s001_2026-05-06_15-19-39-814,001,001,1,074,074.jpg,18,32.754158,1778073612.568998,0.283333,-134.0,-102.0,pix
real_001_s001_2026-05-06_15-19-39-814,001,001,1,074,074.jpg,19,32.770825,1778073612.585665,0.3,-134.0,-102.0,pix
real_001_s001_2026-05-06_15-19-39-814,001,001,1,074,074.jpg,20,32.787491,1778073612.602332,0.316667,-134.0,-102.0,pix
real_001_s001_2026-05-06_15-19-39-814,001,001,1,074,074.jpg,21,32.804158,1778073612.618998,0.333333,-134.0,-102.0,pix
real_001_s001_2026-05-06_15-19-39-814,001,001,1,074,074.jpg,22,32.820825,1778073612.635665,0.35,-134.0,-102.0,pix
real_001_s001_2026-05-06_15-19-39-814,001,001,1,074,074.jpg,23,32.837491,1778073612.652332,0.366667,-134.0,-102.0,pix
real_001_s001_2026-05-06_15-19-39-814,001,001,1,074,074.jpg,24,32.854158,1778073612.668998,0.383333,-134.0,-102.0,pix
real_001_s001_2026-05-06_15-19-39-814,001,001,1,074,074.jpg,25,32.870825,1778073612.685665,0.4,-134.0,-102.0,pix
real_001_s001_2026-05-06_15-19-39-814,001,001,1,074,074.jpg,26,32.887491,1778073612.702332,0.416667,-134.0,-102.0,pix
real_001_s001_2026-05-06_15-19-39-814,001,001,1,074,074.jpg,27,32.904158,1778073612.718998,0.433333,-134.0,-102.0,pix
real_001_s001_2026-05-06_15-19-39-814,001,001,1,074,074.jpg,28,32.920825,1778073612.735665,0.45,-134.0,-102.0,pix
real_001_s001_2026-05-06_15-19-39-814,001,001,1,074,074.jpg,29,32.937491,1778073612.752332,0.466667,-134.0,-102.0,pix
real_001_s001_2026-05-06_15-19-39-814,001,001,1,074,074.jpg,30,32.954158,1778073612.768998,0.483333,-134.0,-102.0,pix
real_001_s001_2026-05-06_15-19-39-814,001,001,1,074,074.jpg,31,32.970825,1778073612.785665,0.5,-134.0,-102.0,pix
real_001_s001_2026-05-06_15-19-39-814,001,001,1,074,074.jpg,32,32.987491,1778073612.802332,0.516667,-134.0,-102.0,pix
real_001_s001_2026-05-06_15-19-39-814,001,001,1,074,074.jpg,33,33.004158,1778073612.818998,0.533333,-134.0,-102.0,pix
real_001_s001_2026-05-06_15-19-39-814,001,001,1,074,074.jpg,34,33.020825,1778073612.835665,0.55,-134.0,-102.0,pix
real_001_s001_2026-05-06_15-19-39-814,001,001,1,074,074.jpg,35,33.037491,1778073612.852332,0.566667,-134.0,-102.0,pix
real_001_s001_2026-05-06_15-19-39-814,001,001,1,074,074.jpg,36,33.054158,1778073612.868998,0.583333,-134.0,-102.0,pix
real_001_s001_2026-05-06_15-19-39-814,001,001,1,074,074.jpg,37,33.070825,1778073612.885665,0.6,-134.0,-102.0,pix
real_001_s001_2026-05-06_15-19-39-814,001,001,1,074,074.jpg,38,33.087491,1778073612.902332,0.616667,-134.0,-102.0,pix
real_001_s001_2026-05-06_15-19-39-814,001,001,1,074,074.jpg,39,33.104158,1778073612.918998,0.633333,-134.0,-102.0,pix
real_001_s001_2026-05-06_15-19-39-814,001,001,1,074,074.jpg,40,33.120825,1778073612.935665,0.65,-134.0,-102.0,pix
real_001_s001_2026-05-06_15-19-39-814,001,001,1,074,074.jpg,41,33.137491,1778073612.952332,0.666667,-134.0,-102.0,pix
real_001_s001_2026-05-06_15-19-39-814,001,001,1,074,074.jpg,42,33.154158,1778073612.968998,0.683333,-134.0,-102.0,pix
real_001_s001_2026-05-06_15-19-39-814,001,001,1,074,074.jpg,43,33.170825,1778073612.985665,0.7,-134.0,-102.0,pix
real_001_s001_2026-05-06_15-19-39-814,001,001,1,074,074.jpg,44,33.187491,1778073613.002332,0.716667,-134.0,-102.0,pix
real_001_s001_2026-05-06_15-19-39-814,001,001,1,074,074.jpg,45,33.204158,1778073613.018998,0.733333,-134.0,-102.0,pix
real_001_s001_2026-05-06_15-19-39-814,001,001,1,074,074.jpg,46,33.220825,1778073613.035665,0.75,-134.0,-102.0,pix
real_001_s001_2026-05-06_15-19-39-814,001,001,1,074,074.jpg,47,33.237491,1778073613.052332,0.766667,-134.0,-102.0,pix
real_001_s001_2026-05-06_15-19-39-814,001,001,1,074,074.jpg,48,33.254158,1778073613.068998,0.783333,-134.0,-102.0,pix
real_001_s001_2026-05-06_15-19-39-814,001,001,1,074,074.jpg,49,33.270825,1778073613.085665,0.8,-134.0,-102.0,pix
real_001_s001_2026-05-06_15-19-39-814,001,001,1,074,074.jpg,50,33.287491,1778073613.102332,0.816667,-134.0,-102.0,pix
real_001_s001_2026-05-06_15-19-39-814,001,001,1,074,074.jpg,51,33.304158,1778073613.118998,0.833333,-134.0,-102.0,pix
real_001_s001_2026-05-06_15-19-39-814,001,001,1,074,074.jpg,52,33.320825,1778073613.135665,0.85,-134.0,-102.0,pix
real_001_s001_2026-05-06_15-19-39-814,001,001,1,074,074.jpg,53,33.337491,1778073613.152332,0.866667,-134.0,-102.0,pix
real_001_s001_2026-05-06_15-19-39-814,001,001,1,074,074.jpg,54,33.354158,1778073613.168998,0.883333,-134.0,-102.0,pix
real_001_s001_2026-05-06_15-19-39-814,001,001,1,074,074.jpg,55,33.370825,1778073613.185665,0.9,-134.0,-102.0,pix
real_001_s001_2026-05-06_15-19-39-814,001,001,1,074,074.jpg,56,33.387491,1778073613.202332,0.916667,-134.0,-102.0,pix
real_001_s001_2026-05-06_15-19-39-814,001,001,1,074,074.jpg,57,33.404158,1778073613.218998,0.933333,-134.0,-102.0,pix
real_001_s001_2026-05-06_15-19-39-814,001,001,1,074,074.jpg,58,33.420825,1778073613.235665,0.95,-134.0,-102.0,pix
real_001_s001_2026-05-06_15-19-39-814,001,001,1,074,074.jpg,59,33.437491,1778073613.252332,0.966667,-134.0,-102.0,pix
real_001_s001_2026-05-06_15-19-39-814,001,001,1,074,074.jpg,60,33.454158,1778073613.268998,0.983333,-134.0,-102.0,pix
real_001_s001_2026-05-06_15-19-39-814,001,001,1,074,074.jpg,61,33.470825,1778073613.285665,1.0,-134.0,-102.0,pix
real_001_s001_2026-05-06_15-19-39-814,001,001,1,074,074.jpg,62,33.487491,1778073613.302332,1.016667,-134.0,-102.0,pix
real_001_s001_2026-05-06_15-19-39-814,001,001,1,074,074.jpg,63,33.504158,1778073613.318998,1.033333,-134.0,-102.0,pix
real_001_s001_2026-05-06_15-19-39-814,001,001,1,074,074.jpg,64,33.520825,1778073613.335665,1.05,-134.0,-102.0,pix
real_001_s001_2026-05-06_15-19-39-814,001,001,1,074,074.jpg,65,33.537491,1778073613.352332,1.066667,-134.0,-102.0,pix
real_001_s001_2026-05-06_15-19-39-814,001,001,1,074,074.jpg,66,33.554158,1778073613.368998,1.083333,-134.0,-102.0,pix
real_001_s001_2026-05-06_15-19-39-814,001,001,1,074,074.jpg,67,33.570825,1778073613.385665,1.1,-134.0,-102.0,pix
real_001_s001_2026-05-06_15-19-39-814,001,001,1,074,074.jpg,68,33.587491,1778073613.402332,1.116667,-134.0,-102.0,pix
real_001_s001_2026-05-06_15-19-39-814,001,001,1,074,074.jpg,69,33.604158,1778073613.418998,1.133333,-134.0,-102.0,pix
real_001_s001_2026-05-06_15-19-39-814,001,001,1,074,074.jpg,70,33.620825,1778073613.435665,1.15,-134.0,-102.0,pix
real_001_s001_2026-05-06_15-19-39-814,001,001,1,074,074.jpg,71,33.637491,1778073613.452332,1.166667,-134.0,-102.0,pix
real_001_s001_2026-05-06_15-19-39-814,001,001,1,074,074.jpg,72,33.654158,1778073613.468998,1.183333,-134.0,-102.0,pix
real_001_s001_2026-05-06_15-19-39-814,001,001,1,074,074.jpg,73,33.670825,1778073613.485665,1.2,-134.0,-102.0,pix
real_001_s001_2026-05-06_15-19-39-814,001,001,1,074,074.jpg,74,33.687491,1778073613.502332,1.216667,-134.0,-102.0,pix
real_001_s001_2026-05-06_15-19-39-814,001,001,1,074,074.jpg,75,33.704158,1778073613.518998,1.233333,-134.0,-102.0,pix
real_001_s001_2026-05-06_15-19-39-814,001,001,1,074,074.jpg,76,33.720825,1778073613.535665,1.25,-134.0,-102.0,pix
real_001_s001_2026-05-06_15-19-39-814,001,001,1,074,074.jpg,77,33.737491,1778073613.552332,1.266667,-134.0,-102.0,pix
real_001_s001_2026-05-06_15-19-39-814,001,001,1,074,074.jpg,78,33.754158,1778073613.568998,1.283333,-134.0,-102.0,pix
real_001_s001_2026-05-06_15-19-39-814,001,001,1,074,074.jpg,79,33.770825,1778073613.585665,1.3,-134.0,-102.0,pix
real_001_s001_2026-05-06_15-19-39-814,001,001,1,074,074.jpg,80,33.787491,1778073613.602332,1.316667,-134.0,-102.0,pix
real_001_s001_2026-05-06_15-19-39-814,001,001,1,074,074.jpg,81,33.804158,1778073613.618998,1.333333,-134.0,-102.0,pix
real_001_s001_2026-05-06_15-19-39-814,001,001,1,074,074.jpg,82,33.820825,1778073613.635665,1.35,-134.0,-102.0,pix
real_001_s001_2026-05-06_15-19-39-814,001,001,1,074,074.jpg,83,33.837491,1778073613.652332,1.366667,-134.0,-102.0,pix
real_001_s001_2026-05-06_15-19-39-814,001,001,1,074,074.jpg,84,33.854158,1778073613.668998,1.383333,-134.0,-102.0,pix
real_001_s001_2026-05-06_15-19-39-814,001,001,1,074,074.jpg,85,33.870825,1778073613.685665,1.4,-134.0,-102.0,pix
real_001_s001_2026-05-06_15-19-39-814,001,001,1,074,074.jpg,86,33.887491,1778073613.702332,1.416667,-134.0,-102.0,pix
real_001_s001_2026-05-06_15-19-39-814,001,001,1,074,074.jpg,87,33.904158,1778073613.718998,1.433333,-134.0,-102.0,pix
real_001_s001_2026-05-06_15-19-39-814,001,001,1,074,074.jpg,88,33.920825,1778073613.735665,1.45,-134.0,-102.0,pix
real_001_s001_2026-05-06_15-19-39-814,001,001,1,074,074.jpg,89,33.937491,1778073613.752332,1.466667,-134.0,-102.0,pix
real_001_s001_2026-05-06_15-19-39-814,001,001,1,074,074.jpg,90,33.954158,1778073613.768998,1.483333,-134.0,-102.0,pix
real_001_s001_2026-05-06_15-19-39-814,001,001,1,074,074.jpg,91,33.970825,1778073613.785665,1.5,-134.0,-102.0,pix
real_001_s001_2026-05-06_15-19-39-814,001,001,1,074,074.jpg,92,33.987491,1778073613.802332,1.516667,-134.0,-102.0,pix
real_001_s001_2026-05-06_15-19-39-814,001,001,1,074,074.jpg,93,34.004158,1778073613.818998,1.533333,-134.0,-102.0,pix
real_001_s001_2026-05-06_15-19-39-814,001,001,1,074,074.jpg,94,34.020825,1778073613.835665,1.55,-134.0,-102.0,pix
real_001_s001_2026-05-06_15-19-39-814,001,001,1,074,074.jpg,95,34.037491,1778073613.852332,1.566667,-134.0,-102.0,pix
real_001_s001_2026-05-06_15-19-39-814,001,001,1,074,074.jpg,96,34.054158,1778073613.868998,1.583333,-134.0,-102.0,pix
real_001_s001_2026-05-06_15-19-39-814,001,001,1,074,074.jpg,97,34.070825,1778073613.885665,1.6,-134.0,-102.0,pix
real_001_s001_2026-05-06_15-19-39-814,001,001,1,074,074.jpg,98,34.087491,1778073613.902332,1.616667,-134.0,-102.0,pix
real_001_s001_2026-05-06_15-19-39-814,001,001,1,074,074.jpg,99,34.104158,1778073613.918998,1.633333,-134.0,-102.0,pix
real_001_s001_2026-05-06_15-19-39-814,001,001,1,074,074.jpg,100,34.120825,1778073613.935665,1.65,-134.0,-102.0,pix
real_001_s001_2026-05-06_15-19-39-814,001,001,1,074,074.jpg,101,34.137491,1778073613.952332,1.666667,-134.0,-102.0,pix
real_001_s001_2026-05-06_15-19-39-814,001,001,1,074,074.jpg,102,34.154158,1778073613.968998,1.683333,-134.0,-102.0,pix
real_001_s001_2026-05-06_15-19-39-814,001,001,1,074,074.jpg,103,34.170825,1778073613.985665,1.7,-134.0,-102.0,pix
real_001_s001_2026-05-06_15-19-39-814,001,001,1,074,074.jpg,104,34.187491,1778073614.002332,1.716667,-134.0,-102.0,pix
real_001_s001_2026-05-06_15-19-39-814,001,001,1,074,074.jpg,105,34.204158,1778073614.018998,1.733333,-134.0,-102.0,pix
real_001_s001_2026-05-06_15-19-39-814,001,001,1,074,074.jpg,106,34.220825,1778073614.035665,1.75,-134.0,-102.0,pix
real_001_s001_2026-05-06_15-19-39-814,001,001,1,074,074.jpg,107,34.237491,1778073614.052332,1.766667,-134.0,-102.0,pix
real_001_s001_2026-05-06_15-19-39-814,001,001,1,074,074.jpg,108,34.254158,1778073614.068998,1.783333,-134.0,-102.0,pix
real_001_s001_2026-05-06_15-19-39-814,001,001,1,074,074.jpg,109,34.270825,1778073614.085665,1.8,-134.0,-102.0,pix
real_001_s001_2026-05-06_15-19-39-814,001,001,1,074,074.jpg,110,34.287491,1778073614.102332,1.816667,-134.0,-102.0,pix
real_001_s001_2026-05-06_15-19-39-814,001,001,1,074,074.jpg,111,34.304158,1778073614.118998,1.833333,-134.0,-102.0,pix
real_001_s001_2026-05-06_15-19-39-814,001,001,1,074,074.jpg,112,34.320825,1778073614.135665,1.85,-134.0,-102.0,pix
real_001_s001_2026-05-06_15-19-39-814,001,001,1,074,074.jpg,113,34.337491,1778073614.152332,1.866667,-134.0,-102.0,pix
real_001_s001_2026-05-06_15-19-39-814,001,001,1,074,074.jpg,114,34.354158,1778073614.168998,1.883333,-134.0,-102.0,pix
real_001_s001_2026-05-06_15-19-39-814,001,001,1,074,074.jpg,115,34.370825,1778073614.185665,1.9,-134.0,-102.0,pix
real_001_s001_2026-05-06_15-19-39-814,001,001,1,074,074.jpg,116,34.387491,1778073614.202332,1.916667,-134.0,-102.0,pix
real_001_s001_2026-05-06_15-19-39-814,001,001,1,074,074.jpg,117,34.404158,1778073614.218998,1.933333,-134.0,-102.0,pix
real_001_s001_2026-05-06_15-19-39-814,001,001,1,074,074.jpg,118,34.420825,1778073614.235665,1.95,-134.0,-102.0,pix
real_001_s001_2026-05-06_15-19-39-814,001,001,1,074,074.jpg,119,34.437491,1778073614.252332,1.966667,-134.0,-102.0,pix
real_001_s001_2026-05-06_15-19-39-814,001,001,1,074,074.jpg,120,34.454158,1778073614.268998,1.983333,-134.0,-102.0,pix
real_001_s001_2026-05-06_15-19-39-814,001,001,1,074,074.jpg,121,34.470825,1778073614.285665,2.0,-134.0,-102.0,pix
real_001_s001_2026-05-06_15-19-39-814,001,001,1,074,074.jpg,122,34.487491,1778073614.302332,2.016667,-134.0,-102.0,pix
real_001_s001_2026-05-06_15-19-39-814,001,001,1,074,074.jpg,123,34.504158,1778073614.318998,2.033333,-134.0,-102.0,pix
real_001_s001_2026-05-06_15-19-39-814,001,001,1,074,074.jpg,124,34.520825,1778073614.335665,2.05,-134.0,-102.0,pix
real_001_s001_2026-05-06_15-19-39-814,001,001,1,074,074.jpg,125,34.537491,1778073614.352332,2.066667,-134.0,-102.0,pix
real_001_s001_2026-05-06_15-19-39-814,001,001,1,074,074.jpg,126,34.554158,1778073614.368998,2.083333,-134.0,-102.0,pix
real_001_s001_2026-05-06_15-19-39-814,001,001,1,074,074.jpg,127,34.570825,1778073614.385665,2.1,-134.0,-102.0,pix
real_001_s001_2026-05-06_15-19-39-814,001,001,1,074,074.jpg,128,34.587491,1778073614.402332,2.116667,-134.0,-102.0,pix
real_001_s001_2026-05-06_15-19-39-814,001,001,1,074,074.jpg,129,34.604158,1778073614.418998,2.133333,-134.0,-102.0,pix
real_001_s001_2026-05-06_15-19-39-814,001,001,1,074,074.jpg,130,34.620825,1778073614.435665,2.15,-134.0,-102.0,pix
real_001_s001_2026-05-06_15-19-39-814,001,001,1,074,074.jpg,131,34.637491,1778073614.452332,2.166667,-134.0,-102.0,pix
real_001_s001_2026-05-06_15-19-39-814,001,001,1,074,074.jpg,132,34.654158,1778073614.468998,2.183333,-134.0,-102.0,pix
real_001_s001_2026-05-06_15-19-39-814,001,001,1,074,074.jpg,133,34.670825,1778073614.485665,2.2,-134.0,-102.0,pix
real_001_s001_2026-05-06_15-19-39-814,001,001,1,074,074.jpg,134,34.687491,1778073614.502332,2.216667,-134.0,-102.0,pix
real_001_s001_2026-05-06_15-19-39-814,001,001,1,074,074.jpg,135,34.704158,1778073614.518998,2.233333,-134.0,-102.0,pix
real_001_s001_2026-05-06_15-19-39-814,001,001,1,074,074.jpg,136,34.720825,1778073614.535665,2.25,-134.0,-102.0,pix
real_001_s001_2026-05-06_15-19-39-814,001,001,1,074,074.jpg,137,34.737491,1778073614.552332,2.266667,-134.0,-102.0,pix
real_001_s001_2026-05-06_15-19-39-814,001,001,1,074,074.jpg,138,34.754158,1778073614.568998,2.283333,-134.0,-102.0,pix
real_001_s001_2026-05-06_15-19-39-814,001,001,1,074,074.jpg,139,34.770825,1778073614.585665,2.3,-134.0,-102.0,pix
real_001_s001_2026-05-06_15-19-39-814,001,001,1,074,074.jpg,140,34.787491,1778073614.602332,2.316667,-134.0,-102.0,pix
real_001_s001_2026-05-06_15-19-39-814,001,001,1,074,074.jpg,141,34.804158,1778073614.618998,2.333333,-134.0,-102.0,pix
real_001_s001_2026-05-06_15-19-39-814,001,001,1,074,074.jpg,142,34.820825,1778073614.635665,2.35,-134.0,-102.0,pix
real_001_s001_2026-05-06_15-19-39-814,001,001,1,074,074.jpg,143,34.837491,1778073614.652332,2.366667,-134.0,-102.0,pix
real_001_s001_2026-05-06_15-19-39-814,001,001,1,074,074.jpg,144,34.854158,1778073614.668998,2.383333,-134.0,-102.0,pix
real_001_s001_2026-05-06_15-19-39-814,001,001,1,074,074.jpg,145,34.870825,1778073614.685665,2.4,-134.0,-102.0,pix
real_001_s001_2026-05-06_15-19-39-814,001,001,1,074,074.jpg,146,34.887491,1778073614.702332,2.416667,-134.0,-102.0,pix
real_001_s001_2026-05-06_15-19-39-814,001,001,1,074,074.jpg,147,34.904158,1778073614.718998,2.433333,-134.0,-102.0,pix
real_001_s001_2026-05-06_15-19-39-814,001,001,1,074,074.jpg,148,34.920825,1778073614.735665,2.45,-134.0,-102.0,pix
real_001_s001_2026-05-06_15-19-39-814,001,001,1,074,074.jpg,149,34.937491,1778073614.752332,2.466667,-134.0,-102.0,pix
real_001_s001_2026-05-06_15-19-39-814,001,001,1,074,074.jpg,150,34.954158,1778073614.768998,2.483333,-134.0,-102.0,pix
real_001_s001_2026-05-06_15-19-39-814,001,001,1,074,074.jpg,151,34.970825,1778073614.785665,2.5,-134.0,-102.0,pix
real_001_s001_2026-05-06_15-19-39-814,001,001,1,074,074.jpg,152,34.987491,1778073614.802332,2.516667,-134.0,-102.0,pix
real_001_s001_2026-05-06_15-19-39-814,001,001,1,074,074.jpg,153,35.004158,1778073614.818998,2.533333,-134.0,-102.0,pix
real_001_s001_2026-05-06_15-19-39-814,001,001,1,074,074.jpg,154,35.020825,1778073614.835665,2.55,-134.0,-102.0,pix
real_001_s001_2026-05-06_15-19-39-814,001,001,1,074,074.jpg,155,35.037491,1778073614.852332,2.566667,-134.0,-102.0,pix
real_001_s001_2026-05-06_15-19-39-814,001,001,1,074,074.jpg,156,35.054158,1778073614.868998,2.583333,-134.0,-102.0,pix
real_001_s001_2026-05-06_15-19-39-814,001,001,1,074,074.jpg,157,35.070825,1778073614.885665,2.6,-134.0,-102.0,pix
real_001_s001_2026-05-06_15-19-39-814,001,001,1,074,074.jpg,158,35.087491,1778073614.902332,2.616667,-134.0,-102.0,pix
real_001_s001_2026-05-06_15-19-39-814,001,001,1,074,074.jpg,159,35.104158,1778073614.918998,2.633333,-134.0,-102.0,pix
real_001_s001_2026-05-06_15-19-39-814,001,001,1,074,074.jpg,160,35.120825,1778073614.935665,2.65,-134.0,-102.0,pix
real_001_s001_2026-05-06_15-19-39-814,001,001,1,074,074.jpg,161,35.137491,1778073614.952332,2.666667,-134.0,-102.0,pix
real_001_s001_2026-05-06_15-19-39-814,001,001,1,074,074.jpg,162,35.154158,1778073614.968998,2.683333,-134.0,-102.0,pix
real_001_s001_2026-05-06_15-19-39-814,001,001,1,074,074.jpg,163,35.170825,1778073614.985665,2.7,-134.0,-102.0,pix
real_001_s001_2026-05-06_15-19-39-814,001,001,1,074,074.jpg,164,35.187491,1778073615.002332,2.716667,-134.0,-102.0,pix
real_001_s001_2026-05-06_15-19-39-814,001,001,1,074,074.jpg,165,35.204158,1778073615.018998,2.733333,-134.0,-102.0,pix
real_001_s001_2026-05-06_15-19-39-814,001,001,1,074,074.jpg,166,35.220825,1778073615.035665,2.75,-134.0,-102.0,pix
real_001_s001_2026-05-06_15-19-39-814,001,001,1,074,074.jpg,167,35.237491,1778073615.052332,2.766667,-134.0,-102.0,pix
real_001_s001_2026-05-06_15-19-39-814,001,001,1,074,074.jpg,168,35.254158,1778073615.068998,2.783333,-134.0,-102.0,pix
real_001_s001_2026-05-06_15-19-39-814,001,001,1,074,074.jpg,169,35.270825,1778073615.085665,2.8,-134.0,-102.0,pix
real_001_s001_2026-05-06_15-19-39-814,001,001,1,074,074.jpg,170,35.287491,1778073615.102332,2.816667,-134.0,-102.0,pix
real_001_s001_2026-05-06_15-19-39-814,001,001,1,074,074.jpg,171,35.304158,1778073615.118998,2.833333,-134.0,-102.0,pix
real_001_s001_2026-05-06_15-19-39-814,001,001,1,074,074.jpg,172,35.320825,1778073615.135665,2.85,-134.0,-102.0,pix
real_001_s001_2026-05-06_15-19-39-814,001,001,1,074,074.jpg,173,35.337491,1778073615.152332,2.866667,-134.0,-102.0,pix
real_001_s001_2026-05-06_15-19-39-814,001,001,1,074,074.jpg,174,35.354158,1778073615.168998,2.883333,-134.0,-102.0,pix
real_001_s001_2026-05-06_15-19-39-814,001,001,1,074,074.jpg,175,35.370825,1778073615.185665,2.9,-134.0,-102.0,pix
real_001_s001_2026-05-06_15-19-39-814,001,001,1,074,074.jpg,176,35.387491,1778073615.202332,2.916667,-134.0,-102.0,pix
real_001_s001_2026-05-06_15-19-39-814,001,001,1,074,074.jpg,177,35.404158,1778073615.218998,2.933333,-134.0,-102.0,pix
real_001_s001_2026-05-06_15-19-39-814,001,001,1,074,074.jpg,178,35.420825,1778073615.235665,2.95,-134.0,-102.0,pix
real_001_s001_2026-05-06_15-19-39-814,001,001,1,074,074.jpg,179,35.437491,1778073615.252332,2.966667,-134.0,-102.0,pix
real_001_s001_2026-05-06_15-19-39-814,001,001,1,074,074.jpg,180,35.454158,1778073615.268998,2.983333,-134.0,-102.0,pix
real_001_s001_2026-05-06_15-19-39-814,001,001,1,074,074.jpg,181,35.470825,1778073615.285665,3.0,-134.0,-102.0,pix
real_001_s001_2026-05-06_15-19-39-814,001,001,1,074,074.jpg,182,35.487491,1778073615.302332,3.016667,-134.0,-102.0,pix
real_001_s001_2026-05-06_15-19-39-814,001,001,1,074,074.jpg,183,35.504158,1778073615.318998,3.033333,-134.0,-102.0,pix
real_001_s001_2026-05-06_15-19-39-814,001,001,1,074,074.jpg,184,35.520825,1778073615.335665,3.05,-134.0,-102.0,pix
real_001_s001_2026-05-06_15-19-39-814,001,001,1,074,074.jpg,185,35.537491,1778073615.352332,3.066667,-134.0,-102.0,pix
real_001_s001_2026-05-06_15-19-39-814,001,001,1,074,074.jpg,186,35.554158,1778073615.368998,3.083333,-134.0,-102.0,pix
real_001_s001_2026-05-06_15-19-39-814,001,001,1,074,074.jpg,187,35.570825,1778073615.385665,3.1,-134.0,-102.0,pix
real_001_s001_2026-05-06_15-19-39-814,001,001,1,074,074.jpg,188,35.587491,1778073615.402332,3.116667,-134.0,-102.0,pix
real_001_s001_2026-05-06_15-19-39-814,001,001,1,074,074.jpg,189,35.604158,1778073615.418998,3.133333,-134.0,-102.0,pix
real_001_s001_2026-05-06_15-19-39-814,001,001,1,074,074.jpg,190,35.620825,1778073615.435665,3.15,-134.0,-102.0,pix
real_001_s001_2026-05-06_15-19-39-814,001,001,1,074,074.jpg,191,35.637491,1778073615.452332,3.166667,-134.0,-102.0,pix
real_001_s001_2026-05-06_15-19-39-814,001,001,1,074,074.jpg,192,35.654158,1778073615.468998,3.183333,-134.0,-102.0,pix
real_001_s001_2026-05-06_15-19-39-814,001,001,1,074,074.jpg,193,35.670825,1778073615.485665,3.2,-134.0,-102.0,pix
real_001_s001_2026-05-06_15-19-39-814,001,001,1,074,074.jpg,194,35.687491,1778073615.502332,3.216667,-134.0,-102.0,pix
real_001_s001_2026-05-06_15-19-39-814,001,001,1,074,074.jpg,195,35.704158,1778073615.518998,3.233333,-134.0,-102.0,pix
real_001_s001_2026-05-06_15-19-39-814,001,001,1,074,074.jpg,196,35.720825,1778073615.535665,3.25,-134.0,-102.0,pix
real_001_s001_2026-05-06_15-19-39-814,001,001,1,074,074.jpg,197,35.737491,1778073615.552332,3.266667,-134.0,-102.0,pix
real_001_s001_2026-05-06_15-19-39-814,001,001,1,074,074.jpg,198,35.754158,1778073615.568998,3.283333,-134.0,-102.0,pix
real_001_s001_2026-05-06_15-19-39-814,001,001,1,074,074.jpg,199,35.770825,1778073615.585665,3.3,-134.0,-102.0,pix
real_001_s001_2026-05-06_15-19-39-814,001,001,1,074,074.jpg,200,35.787491,1778073615.602332,3.316667,-134.0,-102.0,pix
real_001_s001_2026-05-06_15-19-39-814,001,001,1,074,074.jpg,201,35.804158,1778073615.618998,3.333333,-134.0,-102.0,pix
real_001_s001_2026-05-06_15-19-39-814,001,001,1,074,074.jpg,202,35.820825,1778073615.635665,3.35,-134.0,-102.0,pix
real_001_s001_2026-05-06_15-19-39-814,001,001,1,074,074.jpg,203,35.837491,1778073615.652332,3.366667,-134.0,-102.0,pix
real_001_s001_2026-05-06_15-19-39-814,001,001,1,074,074.jpg,204,35.854158,1778073615.668998,3.383333,-134.0,-102.0,pix
real_001_s001_2026-05-06_15-19-39-814,001,001,1,074,074.jpg,205,35.870825,1778073615.685665,3.4,-134.0,-102.0,pix
real_001_s001_2026-05-06_15-19-39-814,001,001,1,074,074.jpg,206,35.887491,1778073615.702332,3.416667,-134.0,-102.0,pix
real_001_s001_2026-05-06_15-19-39-814,001,001,1,074,074.jpg,207,35.904158,1778073615.718998,3.433333,-134.0,-102.0,pix
real_001_s001_2026-05-06_15-19-39-814,001,001,1,074,074.jpg,208,35.920825,1778073615.735665,3.45,-134.0,-102.0,pix
real_001_s001_2026-05-06_15-19-39-814,001,001,1,074,074.jpg,209,35.937491,1778073615.752332,3.466667,-134.0,-102.0,pix
real_001_s001_2026-05-06_15-19-39-814,001,001,1,074,074.jpg,210,35.954158,1778073615.768998,3.483333,-134.0,-102.0,pix
real_001_s001_2026-05-06_15-19-39-814,001,001,1,074,074.jpg,211,35.970825,1778073615.785665,3.5,-134.0,-102.0,pix
real_001_s001_2026-05-06_15-19-39-814,001,001,1,074,074.jpg,212,35.987491,1778073615.802332,3.516667,-134.0,-102.0,pix
real_001_s001_2026-05-06_15-19-39-814,001,001,1,074,074.jpg,213,36.004158,1778073615.818998,3.533333,-134.0,-102.0,pix
real_001_s001_2026-05-06_15-19-39-814,001,001,1,074,074.jpg,214,36.020825,1778073615.835665,3.55,-134.0,-102.0,pix
real_001_s001_2026-05-06_15-19-39-814,001,001,1,074,074.jpg,215,36.037491,1778073615.852332,3.566667,-134.0,-102.0,pix
real_001_s001_2026-05-06_15-19-39-814,001,001,1,074,074.jpg,216,36.054158,1778073615.868998,3.583333,-134.0,-102.0,pix
real_001_s001_2026-05-06_15-19-39-814,001,001,1,074,074.jpg,217,36.070825,1778073615.885665,3.6,-134.0,-102.0,pix
real_001_s001_2026-05-06_15-19-39-814,001,001,1,074,074.jpg,218,36.087491,1778073615.902332,3.616667,-134.0,-102.0,pix
real_001_s001_2026-05-06_15-19-39-814,001,001,1,074,074.jpg,219,36.104158,1778073615.918998,3.633333,-134.0,-102.0,pix
real_001_s001_2026-05-06_15-19-39-814,001,001,1,074,074.jpg,220,36.120825,1778073615.935665,3.65,-134.0,-102.0,pix
real_001_s001_2026-05-06_15-19-39-814,001,001,1,074,074.jpg,221,36.137491,1778073615.952332,3.666667,-134.0,-102.0,pix
real_001_s001_2026-05-06_15-19-39-814,001,001,1,074,074.jpg,222,36.154158,1778073615.968998,3.683333,-134.0,-102.0,pix
real_001_s001_2026-05-06_15-19-39-814,001,001,1,074,074.jpg,223,36.170825,1778073615.985665,3.7,-134.0,-102.0,pix
real_001_s001_2026-05-06_15-19-39-814,001,001,1,074,074.jpg,224,36.187491,1778073616.002332,3.716667,-134.0,-102.0,pix
real_001_s001_2026-05-06_15-19-39-814,001,001,1,074,074.jpg,225,36.204158,1778073616.018998,3.733333,-134.0,-102.0,pix
real_001_s001_2026-05-06_15-19-39-814,001,001,1,074,074.jpg,226,36.220825,1778073616.035665,3.75,-134.0,-102.0,pix
real_001_s001_2026-05-06_15-19-39-814,001,001,1,074,074.jpg,227,36.237491,1778073616.052332,3.766667,-134.0,-102.0,pix
real_001_s001_2026-05-06_15-19-39-814,001,001,1,074,074.jpg,228,36.254158,1778073616.068998,3.783333,-134.0,-102.0,pix
real_001_s001_2026-05-06_15-19-39-814,001,001,1,074,074.jpg,229,36.270825,1778073616.085665,3.8,-134.0,-102.0,pix
real_001_s001_2026-05-06_15-19-39-814,001,001,1,074,074.jpg,230,36.287491,1778073616.102332,3.816667,-134.0,-102.0,pix
real_001_s001_2026-05-06_15-19-39-814,001,001,1,074,074.jpg,231,36.304158,1778073616.118998,3.833333,-134.0,-102.0,pix
real_001_s001_2026-05-06_15-19-39-814,001,001,1,074,074.jpg,232,36.320825,1778073616.135665,3.85,-134.0,-102.0,pix
real_001_s001_2026-05-06_15-19-39-814,001,001,1,074,074.jpg,233,36.337491,1778073616.152332,3.866667,-134.0,-102.0,pix
real_001_s001_2026-05-06_15-19-39-814,001,001,1,074,074.jpg,234,36.354158,1778073616.168998,3.883333,-134.0,-102.0,pix
real_001_s001_2026-05-06_15-19-39-814,001,001,1,074,074.jpg,235,36.370825,1778073616.185665,3.9,-134.0,-102.0,pix
real_001_s001_2026-05-06_15-19-39-814,001,001,1,074,074.jpg,236,36.387491,1778073616.202332,3.916667,-134.0,-102.0,pix
real_001_s001_2026-05-06_15-19-39-814,001,001,1,074,074.jpg,237,36.404158,1778073616.218998,3.933333,-134.0,-102.0,pix
real_001_s001_2026-05-06_15-19-39-814,001,001,1,074,074.jpg,238,36.420825,1778073616.235665,3.95,-134.0,-102.0,pix
real_001_s001_2026-05-06_15-19-39-814,001,001,1,074,074.jpg,239,36.437491,1778073616.252332,3.966667,-134.0,-102.0,pix
real_001_s001_2026-05-06_15-19-39-814,001,001,1,074,074.jpg,240,36.454158,1778073616.268998,3.983333,-134.0,-102.0,pix
real_001_s001_2026-05-06_15-19-39-814,001,001,1,074,074.jpg,241,36.470825,1778073616.285665,4.0,-134.0,-102.0,pix
real_001_s001_2026-05-06_15-19-39-814,001,001,1,074,074.jpg,242,36.487491,1778073616.302332,4.016667,-134.0,-102.0,pix
real_001_s001_2026-05-06_15-19-39-814,001,001,1,074,074.jpg,243,36.504158,1778073616.318998,4.033333,-134.0,-102.0,pix
real_001_s001_2026-05-06_15-19-39-814,001,001,1,074,074.jpg,244,36.520825,1778073616.335665,4.05,-134.0,-102.0,pix
real_001_s001_2026-05-06_15-19-39-814,001,001,1,074,074.jpg,245,36.537491,1778073616.352332,4.066667,-134.0,-102.0,pix
real_001_s001_2026-05-06_15-19-39-814,001,001,1,074,074.jpg,246,36.554158,1778073616.368998,4.083333,-134.0,-102.0,pix
real_001_s001_2026-05-06_15-19-39-814,001,001,1,074,074.jpg,247,36.570825,1778073616.385665,4.1,-134.0,-102.0,pix
real_001_s001_2026-05-06_15-19-39-814,001,001,1,074,074.jpg,248,36.587491,1778073616.402332,4.116667,-134.0,-102.0,pix
real_001_s001_2026-05-06_15-19-39-814,001,001,1,074,074.jpg,249,36.604158,1778073616.418998,4.133333,-134.0,-102.0,pix
real_001_s001_2026-05-06_15-19-39-814,001,001,1,074,074.jpg,250,36.620825,1778073616.435665,4.15,-134.0,-102.0,pix
real_001_s001_2026-05-06_15-19-39-814,001,001,1,074,074.jpg,251,36.637491,1778073616.452332,4.166667,-134.0,-102.0,pix
real_001_s001_2026-05-06_15-19-39-814,001,001,1,074,074.jpg,252,36.654158,1778073616.468998,4.183333,-134.0,-102.0,pix
real_001_s001_2026-05-06_15-19-39-814,001,001,1,074,074.jpg,253,36.670825,1778073616.485665,4.2,-134.0,-102.0,pix
real_001_s001_2026-05-06_15-19-39-814,001,001,1,074,074.jpg,254,36.687491,1778073616.502332,4.216667,-134.0,-102.0,pix
real_001_s001_2026-05-06_15-19-39-814,001,001,1,074,074.jpg,255,36.704158,1778073616.518998,4.233333,-134.0,-102.0,pix
real_001_s001_2026-05-06_15-19-39-814,001,001,1,074,074.jpg,256,36.720825,1778073616.535665,4.25,-134.0,-102.0,pix
real_001_s001_2026-05-06_15-19-39-814,001,001,1,074,074.jpg,257,36.737491,1778073616.552332,4.266667,-134.0,-102.0,pix
real_001_s001_2026-05-06_15-19-39-814,001,001,1,074,074.jpg,258,36.754158,1778073616.568998,4.283333,-134.0,-102.0,pix
real_001_s001_2026-05-06_15-19-39-814,001,001,1,074,074.jpg,259,36.770825,1778073616.585665,4.3,-134.0,-102.0,pix
real_001_s001_2026-05-06_15-19-39-814,001,001,1,074,074.jpg,260,36.787491,1778073616.602332,4.316667,-134.0,-102.0,pix
real_001_s001_2026-05-06_15-19-39-814,001,001,1,074,074.jpg,261,36.804158,1778073616.618998,4.333333,-134.0,-102.0,pix
real_001_s001_2026-05-06_15-19-39-814,001,001,1,074,074.jpg,262,36.820825,1778073616.635665,4.35,-134.0,-102.0,pix
real_001_s001_2026-05-06_15-19-39-814,001,001,1,074,074.jpg,263,36.837491,1778073616.652332,4.366667,-134.0,-102.0,pix
real_001_s001_2026-05-06_15-19-39-814,001,001,1,074,074.jpg,264,36.854158,1778073616.668998,4.383333,-134.0,-102.0,pix
real_001_s001_2026-05-06_15-19-39-814,001,001,1,074,074.jpg,265,36.870825,1778073616.685665,4.4,-134.0,-102.0,pix
real_001_s001_2026-05-06_15-19-39-814,001,001,1,074,074.jpg,266,36.887491,1778073616.702332,4.416667,-134.0,-102.0,pix
real_001_s001_2026-05-06_15-19-39-814,001,001,1,074,074.jpg,267,36.904158,1778073616.718998,4.433333,-134.0,-102.0,pix
real_001_s001_2026-05-06_15-19-39-814,001,001,1,074,074.jpg,268,36.920825,1778073616.735665,4.45,-134.0,-102.0,pix
real_001_s001_2026-05-06_15-19-39-814,001,001,1,074,074.jpg,269,36.937491,1778073616.752332,4.466667,-134.0,-102.0,pix
real_001_s001_2026-05-06_15-19-39-814,001,001,1,074,074.jpg,270,36.954158,1778073616.768998,4.483333,-134.0,-102.0,pix
real_001_s001_2026-05-06_15-19-39-814,001,001,1,074,074.jpg,271,36.970825,1778073616.785665,4.5,-134.0,-102.0,pix
real_001_s001_2026-05-06_15-19-39-814,001,001,1,074,074.jpg,272,36.987491,1778073616.802332,4.516667,-134.0,-102.0,pix
real_001_s001_2026-05-06_15-19-39-814,001,001,1,074,074.jpg,273,37.004158,1778073616.818998,4.533333,-134.0,-102.0,pix
real_001_s001_2026-05-06_15-19-39-814,001,001,1,074,074.jpg,274,37.020825,1778073616.835665,4.55,-134.0,-102.0,pix
real_001_s001_2026-05-06_15-19-39-814,001,001,1,074,074.jpg,275,37.037491,1778073616.852332,4.566667,-134.0,-102.0,pix
real_001_s001_2026-05-06_15-19-39-814,001,001,1,074,074.jpg,276,37.054158,1778073616.868998,4.583333,-134.0,-102.0,pix
real_001_s001_2026-05-06_15-19-39-814,001,001,1,074,074.jpg,277,37.070825,1778073616.885665,4.6,-134.0,-102.0,pix
real_001_s001_2026-05-06_15-19-39-814,001,001,1,074,074.jpg,278,37.087491,1778073616.902332,4.616667,-134.0,-102.0,pix
real_001_s001_2026-05-06_15-19-39-814,001,001,1,074,074.jpg,279,37.104158,1778073616.918998,4.633333,-134.0,-102.0,pix
real_001_s001_2026-05-06_15-19-39-814,001,001,1,074,074.jpg,280,37.120825,1778073616.935665,4.65,-134.0,-102.0,pix
real_001_s001_2026-05-06_15-19-39-814,001,001,1,074,074.jpg,281,37.137491,1778073616.952332,4.666667,-134.0,-102.0,pix
real_001_s001_2026-05-06_15-19-39-814,001,001,1,074,074.jpg,282,37.154158,1778073616.968998,4.683333,-134.0,-102.0,pix
real_001_s001_2026-05-06_15-19-39-814,001,001,1,074,074.jpg,283,37.170825,1778073616.985665,4.7,-134.0,-102.0,pix
real_001_s001_2026-05-06_15-19-39-814,001,001,1,074,074.jpg,284,37.187491,1778073617.002332,4.716667,-134.0,-102.0,pix
real_001_s001_2026-05-06_15-19-39-814,001,001,1,074,074.jpg,285,37.204158,1778073617.018998,4.733333,-134.0,-102.0,pix
real_001_s001_2026-05-06_15-19-39-814,001,001,1,074,074.jpg,286,37.220825,1778073617.035665,4.75,-134.0,-102.0,pix
real_001_s001_2026-05-06_15-19-39-814,001,001,1,074,074.jpg,287,37.237491,1778073617.052332,4.766667,-134.0,-102.0,pix
real_001_s001_2026-05-06_15-19-39-814,001,001,1,074,074.jpg,288,37.254158,1778073617.068998,4.783333,-134.0,-102.0,pix
real_001_s001_2026-05-06_15-19-39-814,001,001,1,074,074.jpg,289,37.270825,1778073617.085665,4.8,-134.0,-102.0,pix
real_001_s001_2026-05-06_15-19-39-814,001,001,1,074,074.jpg,290,37.287491,1778073617.102332,4.816667,-134.0,-102.0,pix
real_001_s001_2026-05-06_15-19-39-814,001,001,1,074,074.jpg,291,37.304158,1778073617.118998,4.833333,-134.0,-102.0,pix
real_001_s001_2026-05-06_15-19-39-814,001,001,1,074,074.jpg,292,37.320825,1778073617.135665,4.85,-134.0,-102.0,pix
real_001_s001_2026-05-06_15-19-39-814,001,001,1,074,074.jpg,293,37.337491,1778073617.152332,4.866667,-134.0,-102.0,pix
real_001_s001_2026-05-06_15-19-39-814,001,001,1,074,074.jpg,294,37.354158,1778073617.168998,4.883333,-134.0,-102.0,pix
real_001_s001_2026-05-06_15-19-39-814,001,001,1,074,074.jpg,295,37.370825,1778073617.185665,4.9,-134.0,-102.0,pix
real_001_s001_2026-05-06_15-19-39-814,001,001,1,074,074.jpg,296,37.387491,1778073617.202332,4.916667,-134.0,-102.0,pix
real_001_s001_2026-05-06_15-19-39-814,001,001,1,074,074.jpg,297,37.404158,1778073617.218998,4.933333,-134.0,-102.0,pix
real_001_s001_2026-05-06_15-19-39-814,001,001,1,074,074.jpg,298,37.420825,1778073617.235665,4.95,-134.0,-102.0,pix
real_001_s001_2026-05-06_15-19-39-814,001,001,1,074,074.jpg,299,37.437491,1778073617.252332,4.966667,-134.0,-102.0,pix
real_001_s001_2026-05-06_15-19-39-814,001,001,1,074,074.jpg,300,37.454158,1778073617.268998,4.983333,-134.0,-102.0,pix
real_001_s001_2026-05-06_15-19-39-814,001,001,1,074,074.jpg,301,37.470825,1778073617.285665,5.0,-134.0,-102.0,pix
real_001_s001_2026-05-06_15-19-39-814,001,001,1,074,074.jpg,302,37.487491,1778073617.302332,5.016667,-134.0,-102.0,pix
real_001_s001_2026-05-06_15-19-39-814,001,001,1,074,074.jpg,303,37.504158,1778073617.318998,5.033333,-134.0,-102.0,pix
real_001_s001_2026-05-06_15-19-39-814,001,001,1,074,074.jpg,304,37.520825,1778073617.335665,5.05,-134.0,-102.0,pix
real_001_s001_2026-05-06_15-19-39-814,001,001,1,074,074.jpg,305,37.537491,1778073617.352332,5.066667,-134.0,-102.0,pix
real_001_s001_2026-05-06_15-19-39-814,001,001,1,074,074.jpg,306,37.554158,1778073617.368998,5.083333,-134.0,-102.0,pix
real_001_s001_2026-05-06_15-19-39-814,001,001,1,074,074.jpg,307,37.570825,1778073617.385665,5.1,-134.0,-102.0,pix
real_001_s001_2026-05-06_15-19-39-814,001,001,1,074,074.jpg,308,37.587491,1778073617.402332,5.116667,-134.0,-102.0,pix
real_001_s001_2026-05-06_15-19-39-814,001,001,1,074,074.jpg,309,37.604158,1778073617.418998,5.133333,-134.0,-102.0,pix
real_001_s001_2026-05-06_15-19-39-814,001,001,1,074,074.jpg,310,37.620825,1778073617.435665,5.15,-134.0,-102.0,pix
real_001_s001_2026-05-06_15-19-39-814,001,001,1,074,074.jpg,311,37.637491,1778073617.452332,5.166667,-134.0,-102.0,pix
real_001_s001_2026-05-06_15-19-39-814,001,001,1,074,074.jpg,312,37.654158,1778073617.468998,5.183333,-134.0,-102.0,pix
real_001_s001_2026-05-06_15-19-39-814,001,001,1,074,074.jpg,313,37.670825,1778073617.485665,5.2,-134.0,-102.0,pix
real_001_s001_2026-05-06_15-19-39-814,001,001,1,074,074.jpg,314,37.687491,1778073617.502332,5.216667,-134.0,-102.0,pix
real_001_s001_2026-05-06_15-19-39-814,001,001,1,074,074.jpg,315,37.704158,1778073617.518998,5.233333,-134.0,-102.0,pix
real_001_s001_2026-05-06_15-19-39-814,001,001,1,074,074.jpg,316,37.720825,1778073617.535665,5.25,-134.0,-102.0,pix
real_001_s001_2026-05-06_15-19-39-814,001,001,1,074,074.jpg,317,37.737491,1778073617.552332,5.266667,-134.0,-102.0,pix
real_001_s001_2026-05-06_15-19-39-814,001,001,1,074,074.jpg,318,37.754158,1778073617.568998,5.283333,-134.0,-102.0,pix
real_001_s001_2026-05-06_15-19-39-814,001,001,1,074,074.jpg,319,37.770825,1778073617.585665,5.3,-134.0,-102.0,pix
real_001_s001_2026-05-06_15-19-39-814,001,001,1,074,074.jpg,320,37.787491,1778073617.602332,5.316667,-134.0,-102.0,pix
real_001_s001_2026-05-06_15-19-39-814,001,001,1,074,074.jpg,321,37.804158,1778073617.618998,5.333333,-134.0,-102.0,pix
real_001_s001_2026-05-06_15-19-39-814,001,001,1,074,074.jpg,322,37.820825,1778073617.635665,5.35,-134.0,-102.0,pix
real_001_s001_2026-05-06_15-19-39-814,001,001,1,074,074.jpg,323,37.837491,1778073617.652332,5.366667,-134.0,-102.0,pix
real_001_s001_2026-05-06_15-19-39-814,001,001,1,074,074.jpg,324,37.854158,1778073617.668998,5.383333,-134.0,-102.0,pix
real_001_s001_2026-05-06_15-19-39-814,001,001,1,074,074.jpg,325,37.870825,1778073617.685665,5.4,-134.0,-102.0,pix
real_001_s001_2026-05-06_15-19-39-814,001,001,1,074,074.jpg,326,37.887491,1778073617.702332,5.416667,-134.0,-102.0,pix
real_001_s001_2026-05-06_15-19-39-814,001,001,1,074,074.jpg,327,37.904158,1778073617.718998,5.433333,-134.0,-102.0,pix
real_001_s001_2026-05-06_15-19-39-814,001,001,1,074,074.jpg,328,37.920825,1778073617.735665,5.45,-134.0,-102.0,pix
real_001_s001_2026-05-06_15-19-39-814,001,001,1,074,074.jpg,329,37.937491,1778073617.752332,5.466667,-134.0,-102.0,pix
real_001_s001_2026-05-06_15-19-39-814,001,001,1,074,074.jpg,330,37.954158,1778073617.768998,5.483333,-134.0,-102.0,pix
real_001_s001_2026-05-06_15-19-39-814,001,001,1,074,074.jpg,331,37.970825,1778073617.785665,5.5,-134.0,-102.0,pix
real_001_s001_2026-05-06_15-19-39-814,001,001,1,074,074.jpg,332,37.987491,1778073617.802332,5.516667,-134.0,-102.0,pix
real_001_s001_2026-05-06_15-19-39-814,001,001,1,074,074.jpg,333,38.004158,1778073617.818998,5.533333,-134.0,-102.0,pix
real_001_s001_2026-05-06_15-19-39-814,001,001,1,074,074.jpg,334,38.020825,1778073617.835665,5.55,-134.0,-102.0,pix
real_001_s001_2026-05-06_15-19-39-814,001,001,1,074,074.jpg,335,38.037491,1778073617.852332,5.566667,-134.0,-102.0,pix
real_001_s001_2026-05-06_15-19-39-814,001,001,1,074,074.jpg,336,38.054158,1778073617.868998,5.583333,-134.0,-102.0,pix
real_001_s001_2026-05-06_15-19-39-814,001,001,1,074,074.jpg,337,38.070825,1778073617.885665,5.6,-134.0,-102.0,pix
real_001_s001_2026-05-06_15-19-39-814,001,001,1,074,074.jpg,338,38.087491,1778073617.902332,5.616667,-134.0,-102.0,pix
real_001_s001_2026-05-06_15-19-39-814,001,001,1,074,074.jpg,339,38.104158,1778073617.918998,5.633333,-134.0,-102.0,pix
real_001_s001_2026-05-06_15-19-39-814,001,001,1,074,074.jpg,340,38.120825,1778073617.935665,5.65,-134.0,-102.0,pix
real_001_s001_2026-05-06_15-19-39-814,001,001,1,074,074.jpg,341,38.137491,1778073617.952332,5.666667,-134.0,-102.0,pix
real_001_s001_2026-05-06_15-19-39-814,001,001,1,074,074.jpg,342,38.154158,1778073617.968998,5.683333,-134.0,-102.0,pix
real_001_s001_2026-05-06_15-19-39-814,001,001,1,074,074.jpg,343,38.170825,1778073617.985665,5.7,-134.0,-102.0,pix
real_001_s001_2026-05-06_15-19-39-814,001,001,1,074,074.jpg,344,38.187491,1778073618.002332,5.716667,-134.0,-102.0,pix
real_001_s001_2026-05-06_15-19-39-814,001,001,1,074,074.jpg,345,38.204158,1778073618.018998,5.733333,-134.0,-102.0,pix
real_001_s001_2026-05-06_15-19-39-814,001,001,1,074,074.jpg,346,38.220825,1778073618.035665,5.75,-134.0,-102.0,pix
real_001_s001_2026-05-06_15-19-39-814,001,001,1,074,074.jpg,347,38.237491,1778073618.052332,5.766667,-134.0,-102.0,pix
real_001_s001_2026-05-06_15-19-39-814,001,001,1,074,074.jpg,348,38.254158,1778073618.068998,5.783333,-134.0,-102.0,pix
real_001_s001_2026-05-06_15-19-39-814,001,001,1,074,074.jpg,349,38.270825,1778073618.085665,5.8,-134.0,-102.0,pix
real_001_s001_2026-05-06_15-19-39-814,001,001,1,074,074.jpg,350,38.287491,1778073618.102332,5.816667,-134.0,-102.0,pix
real_001_s001_2026-05-06_15-19-39-814,001,001,1,074,074.jpg,351,38.304158,1778073618.118998,5.833333,-134.0,-102.0,pix
real_001_s001_2026-05-06_15-19-39-814,001,001,1,074,074.jpg,352,38.320825,1778073618.135665,5.85,-134.0,-102.0,pix
real_001_s001_2026-05-06_15-19-39-814,001,001,1,074,074.jpg,353,38.337491,1778073618.152332,5.866667,-134.0,-102.0,pix
real_001_s001_2026-05-06_15-19-39-814,001,001,1,074,074.jpg,354,38.354158,1778073618.168998,5.883333,-134.0,-102.0,pix
real_001_s001_2026-05-06_15-19-39-814,001,001,1,074,074.jpg,355,38.370825,1778073618.185665,5.9,-134.0,-102.0,pix
real_001_s001_2026-05-06_15-19-39-814,001,001,1,074,074.jpg,356,38.387491,1778073618.202332,5.916667,-134.0,-102.0,pix
real_001_s001_2026-05-06_15-19-39-814,001,001,1,074,074.jpg,357,38.404158,1778073618.218998,5.933333,-134.0,-102.0,pix
real_001_s001_2026-05-06_15-19-39-814,001,001,1,074,074.jpg,358,38.420825,1778073618.235665,5.95,-134.0,-102.0,pix
real_001_s001_2026-05-06_15-19-39-814,001,001,1,074,074.jpg,359,38.437491,1778073618.252332,5.966667,-134.0,-102.0,pix
real_001_s001_2026-05-06_15-19-39-814,001,001,1,074,074.jpg,360,38.454158,1778073618.268998,5.983333,-134.0,-102.0,pix
real_001_s001_2026-05-06_15-19-39-814,001,001,1,074,074.jpg,361,38.470825,1778073618.285665,6.0,-134.0,-102.0,pix
real_001_s001_2026-05-06_15-19-39-814,001,001,1,074,074.jpg,362,38.487491,1778073618.302332,6.016667,-134.0,-102.0,pix
real_001_s001_2026-05-06_15-19-39-814,001,001,1,074,074.jpg,363,38.504158,1778073618.318998,6.033333,-134.0,-102.0,pix
real_001_s001_2026-05-06_15-19-39-814,001,001,1,074,074.jpg,364,38.520825,1778073618.335665,6.05,-134.0,-102.0,pix
real_001_s001_2026-05-06_15-19-39-814,001,001,1,074,074.jpg,365,38.537491,1778073618.352332,6.066667,-134.0,-102.0,pix
real_001_s001_2026-05-06_15-19-39-814,001,001,1,074,074.jpg,366,38.554158,1778073618.368998,6.083333,-134.0,-102.0,pix
real_001_s001_2026-05-06_15-19-39-814,001,001,1,074,074.jpg,367,38.570825,1778073618.385665,6.1,-134.0,-102.0,pix
real_001_s001_2026-05-06_15-19-39-814,001,001,1,074,074.jpg,368,38.587491,1778073618.402332,6.116667,-134.0,-102.0,pix
real_001_s001_2026-05-06_15-19-39-814,001,001,1,074,074.jpg,369,38.604158,1778073618.418998,6.133333,-134.0,-102.0,pix
real_001_s001_2026-05-06_15-19-39-814,001,001,1,074,074.jpg,370,38.620825,1778073618.435665,6.15,-134.0,-102.0,pix
real_001_s001_2026-05-06_15-19-39-814,001,001,1,074,074.jpg,371,38.637491,1778073618.452332,6.166667,-134.0,-102.0,pix
real_001_s001_2026-05-06_15-19-39-814,001,001,1,074,074.jpg,372,38.654158,1778073618.468998,6.183333,-134.0,-102.0,pix
real_001_s001_2026-05-06_15-19-39-814,001,001,1,074,074.jpg,373,38.670825,1778073618.485665,6.2,-134.0,-102.0,pix
real_001_s001_2026-05-06_15-19-39-814,001,001,1,074,074.jpg,374,38.687491,1778073618.502332,6.216667,-134.0,-102.0,pix
real_001_s001_2026-05-06_15-19-39-814,001,001,1,074,074.jpg,375,38.704158,1778073618.518998,6.233333,-134.0,-102.0,pix
real_001_s001_2026-05-06_15-19-39-814,001,001,1,074,074.jpg,376,38.720825,1778073618.535665,6.25,-134.0,-102.0,pix
real_001_s001_2026-05-06_15-19-39-814,001,001,1,074,074.jpg,377,38.737491,1778073618.552332,6.266667,-134.0,-102.0,pix
real_001_s001_2026-05-06_15-19-39-814,001,001,1,074,074.jpg,378,38.754158,1778073618.568998,6.283333,-134.0,-102.0,pix
real_001_s001_2026-05-06_15-19-39-814,001,001,1,074,074.jpg,379,38.770825,1778073618.585665,6.3,-134.0,-102.0,pix
real_001_s001_2026-05-06_15-19-39-814,001,001,1,074,074.jpg,380,38.787491,1778073618.602332,6.316667,-134.0,-102.0,pix
real_001_s001_2026-05-06_15-19-39-814,001,001,1,074,074.jpg,381,38.804158,1778073618.618998,6.333333,-134.0,-102.0,pix
real_001_s001_2026-05-06_15-19-39-814,001,001,1,074,074.jpg,382,38.820825,1778073618.635665,6.35,-134.0,-102.0,pix
real_001_s001_2026-05-06_15-19-39-814,001,001,1,074,074.jpg,383,38.837491,1778073618.652332,6.366667,-134.0,-102.0,pix
real_001_s001_2026-05-06_15-19-39-814,001,001,1,074,074.jpg,384,38.854158,1778073618.668998,6.383333,-134.0,-102.0,pix
real_001_s001_2026-05-06_15-19-39-814,001,001,1,074,074.jpg,385,38.870825,1778073618.685665,6.4,-134.0,-102.0,pix
real_001_s001_2026-05-06_15-19-39-814,001,001,1,074,074.jpg,386,38.887491,1778073618.702332,6.416667,-134.0,-102.0,pix
real_001_s001_2026-05-06_15-19-39-814,001,001,1,074,074.jpg,387,38.904158,1778073618.718998,6.433333,-134.0,-102.0,pix
real_001_s001_2026-05-06_15-19-39-814,001,001,1,074,074.jpg,388,38.920825,1778073618.735665,6.45,-134.0,-102.0,pix
real_001_s001_2026-05-06_15-19-39-814,001,001,1,074,074.jpg,389,38.937491,1778073618.752332,6.466667,-134.0,-102.0,pix
real_001_s001_2026-05-06_15-19-39-814,001,001,1,074,074.jpg,390,38.954158,1778073618.768998,6.483333,-134.0,-102.0,pix
real_001_s001_2026-05-06_15-19-39-814,001,001,1,074,074.jpg,391,38.970825,1778073618.785665,6.5,-134.0,-102.0,pix
real_001_s001_2026-05-06_15-19-39-814,001,001,1,074,074.jpg,392,38.987491,1778073618.802332,6.516667,-134.0,-102.0,pix
real_001_s001_2026-05-06_15-19-39-814,001,001,1,074,074.jpg,393,39.004158,1778073618.818998,6.533333,-134.0,-102.0,pix
real_001_s001_2026-05-06_15-19-39-814,001,001,1,074,074.jpg,394,39.020825,1778073618.835665,6.55,-134.0,-102.0,pix
real_001_s001_2026-05-06_15-19-39-814,001,001,1,074,074.jpg,395,39.037491,1778073618.852332,6.566667,-134.0,-102.0,pix
real_001_s001_2026-05-06_15-19-39-814,001,001,1,074,074.jpg,396,39.054158,1778073618.868998,6.583333,-134.0,-102.0,pix
real_001_s001_2026-05-06_15-19-39-814,001,001,1,074,074.jpg,397,39.070825,1778073618.885665,6.6,-134.0,-102.0,pix
real_001_s001_2026-05-06_15-19-39-814,001,001,1,074,074.jpg,398,39.087491,1778073618.902332,6.616667,-134.0,-102.0,pix
real_001_s001_2026-05-06_15-19-39-814,001,001,1,074,074.jpg,399,39.104158,1778073618.918998,6.633333,-134.0,-102.0,pix
real_001_s001_2026-05-06_15-19-39-814,001,001,1,074,074.jpg,400,39.120825,1778073618.935665,6.65,-134.0,-102.0,pix
real_001_s001_2026-05-06_15-19-39-814,001,001,1,074,074.jpg,401,39.137491,1778073618.952332,6.666667,-134.0,-102.0,pix
real_001_s001_2026-05-06_15-19-39-814,001,001,1,074,074.jpg,402,39.154158,1778073618.968998,6.683333,-134.0,-102.0,pix
real_001_s001_2026-05-06_15-19-39-814,001,001,1,074,074.jpg,403,39.170825,1778073618.985665,6.7,-134.0,-102.0,pix
real_001_s001_2026-05-06_15-19-39-814,001,001,1,074,074.jpg,404,39.187491,1778073619.002332,6.716667,-134.0,-102.0,pix
real_001_s001_2026-05-06_15-19-39-814,001,001,1,074,074.jpg,405,39.204158,1778073619.018998,6.733333,-134.0,-102.0,pix
real_001_s001_2026-05-06_15-19-39-814,001,001,1,074,074.jpg,406,39.220825,1778073619.035665,6.75,-134.0,-102.0,pix
real_001_s001_2026-05-06_15-19-39-814,001,001,1,074,074.jpg,407,39.237491,1778073619.052332,6.766667,-134.0,-102.0,pix
real_001_s001_2026-05-06_15-19-39-814,001,001,1,074,074.jpg,408,39.254158,1778073619.068998,6.783333,-134.0,-102.0,pix
real_001_s001_2026-05-06_15-19-39-814,001,001,1,074,074.jpg,409,39.270825,1778073619.085665,6.8,-134.0,-102.0,pix
real_001_s001_2026-05-06_15-19-39-814,001,001,1,074,074.jpg,410,39.287491,1778073619.102332,6.816667,-134.0,-102.0,pix
real_001_s001_2026-05-06_15-19-39-814,001,001,1,074,074.jpg,411,39.304158,1778073619.118998,6.833333,-134.0,-102.0,pix
real_001_s001_2026-05-06_15-19-39-814,001,001,1,074,074.jpg,412,39.320825,1778073619.135665,6.85,-134.0,-102.0,pix
real_001_s001_2026-05-06_15-19-39-814,001,001,1,074,074.jpg,413,39.337491,1778073619.152332,6.866667,-134.0,-102.0,pix
real_001_s001_2026-05-06_15-19-39-814,001,001,1,074,074.jpg,414,39.354158,1778073619.168998,6.883333,-134.0,-102.0,pix
real_001_s001_2026-05-06_15-19-39-814,001,001,1,074,074.jpg,415,39.370825,1778073619.185665,6.9,-134.0,-102.0,pix
real_001_s001_2026-05-06_15-19-39-814,001,001,1,074,074.jpg,416,39.387491,1778073619.202332,6.916667,-134.0,-102.0,pix
real_001_s001_2026-05-06_15-19-39-814,001,001,1,074,074.jpg,417,39.404158,1778073619.218998,6.933333,-134.0,-102.0,pix
real_001_s001_2026-05-06_15-19-39-814,001,001,1,074,074.jpg,418,39.420825,1778073619.235665,6.95,-134.0,-102.0,pix
real_001_s001_2026-05-06_15-19-39-814,001,001,1,074,074.jpg,419,39.437491,1778073619.252332,6.966667,-134.0,-102.0,pix
real_001_s001_2026-05-06_15-19-39-814,001,001,1,074,074.jpg,420,39.454158,1778073619.268998,6.983333,-134.0,-102.0,pix
real_001_s001_2026-05-06_15-19-39-814,001,001,1,074,074.jpg,421,39.470825,1778073619.285665,7.0,-134.0,-102.0,pix
real_001_s001_2026-05-06_15-19-39-814,001,001,1,074,074.jpg,422,39.487491,1778073619.302332,7.016667,-134.0,-102.0,pix
real_001_s001_2026-05-06_15-19-39-814,001,001,1,074,074.jpg,423,39.504158,1778073619.318998,7.033333,-134.0,-102.0,pix
real_001_s001_2026-05-06_15-19-39-814,001,001,1,074,074.jpg,424,39.520825,1778073619.335665,7.05,-133.762,-102.0,pix
real_001_s001_2026-05-06_15-19-39-814,001,001,1,074,074.jpg,425,39.537491,1778073619.352332,7.066667,-119.731,-101.94,pix
real_001_s001_2026-05-06_15-19-39-814,001,001,1,074,074.jpg,426,39.554158,1778073619.368998,7.083333,-101.72,-97.86,pix
real_001_s001_2026-05-06_15-19-39-814,001,001,1,074,074.jpg,427,39.570825,1778073619.385665,7.1,-81.652,-87.842,pix
real_001_s001_2026-05-06_15-19-39-814,001,001,1,074,074.jpg,428,39.587491,1778073619.402332,7.116667,-59.665,-77.888,pix
real_001_s001_2026-05-06_15-19-39-814,001,001,1,074,074.jpg,429,39.604158,1778073619.418998,7.133333,-41.548,-71.71,pix
real_001_s001_2026-05-06_15-19-39-814,001,001,1,074,074.jpg,430,39.620825,1778073619.435665,7.15,-13.903,-53.944,pix
real_001_s001_2026-05-06_15-19-39-814,001,001,1,074,074.jpg,431,39.637491,1778073619.452332,7.166667,0.106,-45.894,pix
real_001_s001_2026-05-06_15-19-39-814,001,001,1,074,074.jpg,432,39.654158,1778073619.468998,7.183333,6.135,-39.865,pix
real_001_s001_2026-05-06_15-19-39-814,001,001,1,074,074.jpg,433,39.670825,1778073619.485665,7.2,14.0,-32.0,pix
real_001_s001_2026-05-06_15-19-39-814,001,001,1,074,074.jpg,434,39.687491,1778073619.502332,7.216667,14.0,-32.0,pix
real_001_s001_2026-05-06_15-19-39-814,001,001,1,074,074.jpg,435,39.704158,1778073619.518998,7.233333,14.0,-32.0,pix
real_001_s001_2026-05-06_15-19-39-814,001,001,1,074,074.jpg,436,39.720825,1778073619.535665,7.25,14.0,-32.0,pix
real_001_s001_2026-05-06_15-19-39-814,001,001,1,074,074.jpg,437,39.737491,1778073619.552332,7.266667,14.0,-32.0,pix
real_001_s001_2026-05-06_15-19-39-814,001,001,1,074,074.jpg,438,39.754158,1778073619.568998,7.283333,14.0,-32.0,pix
real_001_s001_2026-05-06_15-19-39-814,001,001,1,074,074.jpg,439,39.770825,1778073619.585665,7.3,14.0,-32.0,pix
real_001_s001_2026-05-06_15-19-39-814,001,001,1,074,074.jpg,440,39.787491,1778073619.602332,7.316667,14.0,-32.0,pix
real_001_s001_2026-05-06_15-19-39-814,001,001,1,074,074.jpg,441,39.804158,1778073619.618998,7.333333,14.0,-32.0,pix
real_001_s001_2026-05-06_15-19-39-814,001,001,1,074,074.jpg,442,39.820825,1778073619.635665,7.35,14.0,-32.0,pix
real_001_s001_2026-05-06_15-19-39-814,001,001,1,074,074.jpg,443,39.837491,1778073619.652332,7.366667,14.0,-32.0,pix
real_001_s001_2026-05-06_15-19-39-814,001,001,1,074,074.jpg,444,39.854158,1778073619.668998,7.383333,14.0,-32.0,pix
real_001_s001_2026-05-06_15-19-39-814,001,001,1,074,074.jpg,445,39.870825,1778073619.685665,7.4,14.0,-32.0,pix
real_001_s001_2026-05-06_15-19-39-814,001,001,1,074,074.jpg,446,39.887491,1778073619.702332,7.416667,14.0,-32.0,pix
real_001_s001_2026-05-06_15-19-39-814,001,001,1,074,074.jpg,447,39.904158,1778073619.718998,7.433333,14.0,-32.0,pix
real_001_s001_2026-05-06_15-19-39-814,001,001,1,074,074.jpg,448,39.920825,1778073619.735665,7.45,14.0,-32.0,pix
real_001_s001_2026-05-06_15-19-39-814,001,001,1,074,074.jpg,449,39.937491,1778073619.752332,7.466667,14.0,-32.0,pix
real_001_s001_2026-05-06_15-19-39-814,001,001,1,074,074.jpg,450,39.954158,1778073619.768998,7.483333,14.0,-32.0,pix
real_001_s001_2026-05-06_15-19-39-814,001,001,1,074,074.jpg,451,39.970825,1778073619.785665,7.5,14.0,-32.0,pix
real_001_s001_2026-05-06_15-19-39-814,001,001,1,074,074.jpg,452,39.987491,1778073619.802332,7.516667,14.0,-32.0,pix
real_001_s001_2026-05-06_15-19-39-814,001,001,1,074,074.jpg,453,40.004158,1778073619.818998,7.533333,14.0,-32.0,pix
real_001_s001_2026-05-06_15-19-39-814,001,001,1,074,074.jpg,454,40.020825,1778073619.835665,7.55,14.0,-32.0,pix
real_001_s001_2026-05-06_15-19-39-814,001,001,1,074,074.jpg,455,40.037491,1778073619.852332,7.566667,14.0,-32.0,pix
real_001_s001_2026-05-06_15-19-39-814,001,001,1,074,074.jpg,456,40.054158,1778073619.868998,7.583333,14.0,-32.0,pix
real_001_s001_2026-05-06_15-19-39-814,001,001,1,074,074.jpg,457,40.070825,1778073619.885665,7.6,14.0,-32.0,pix
real_001_s001_2026-05-06_15-19-39-814,001,001,1,074,074.jpg,458,40.087491,1778073619.902332,7.616667,14.0,-32.0,pix
real_001_s001_2026-05-06_15-19-39-814,001,001,1,074,074.jpg,459,40.104158,1778073619.918998,7.633333,14.0,-32.0,pix
real_001_s001_2026-05-06_15-19-39-814,001,001,1,074,074.jpg,460,40.120825,1778073619.935665,7.65,14.0,-32.0,pix
real_001_s001_2026-05-06_15-19-39-814,001,001,1,074,074.jpg,461,40.137491,1778073619.952332,7.666667,14.0,-32.0,pix
real_001_s001_2026-05-06_15-19-39-814,001,001,1,074,074.jpg,462,40.154158,1778073619.968998,7.683333,14.0,-32.0,pix
real_001_s001_2026-05-06_15-19-39-814,001,001,1,074,074.jpg,463,40.170825,1778073619.985665,7.7,14.0,-32.0,pix
real_001_s001_2026-05-06_15-19-39-814,001,001,1,074,074.jpg,464,40.187491,1778073620.002332,7.716667,14.0,-32.0,pix
real_001_s001_2026-05-06_15-19-39-814,001,001,1,074,074.jpg,465,40.204158,1778073620.018998,7.733333,14.0,-32.0,pix
real_001_s001_2026-05-06_15-19-39-814,001,001,1,074,074.jpg,466,40.220825,1778073620.035665,7.75,14.0,-32.0,pix
real_001_s001_2026-05-06_15-19-39-814,001,001,1,074,074.jpg,467,40.237491,1778073620.052332,7.766667,14.0,-32.0,pix
real_001_s001_2026-05-06_15-19-39-814,001,001,1,074,074.jpg,468,40.254158,1778073620.068998,7.783333,14.0,-32.0,pix
real_001_s001_2026-05-06_15-19-39-814,001,001,1,074,074.jpg,469,40.270825,1778073620.085665,7.8,14.0,-32.0,pix
real_001_s001_2026-05-06_15-19-39-814,001,001,1,074,074.jpg,470,40.287491,1778073620.102332,7.816667,14.0,-32.0,pix
real_001_s001_2026-05-06_15-19-39-814,001,001,1,074,074.jpg,471,40.304158,1778073620.118998,7.833333,14.0,-32.0,pix
real_001_s001_2026-05-06_15-19-39-814,001,001,1,074,074.jpg,472,40.320825,1778073620.135665,7.85,14.0,-32.0,pix
real_001_s001_2026-05-06_15-19-39-814,001,001,1,074,074.jpg,473,40.337491,1778073620.152332,7.866667,14.0,-32.0,pix
real_001_s001_2026-05-06_15-19-39-814,001,001,1,074,074.jpg,474,40.354158,1778073620.168998,7.883333,14.0,-32.0,pix
real_001_s001_2026-05-06_15-19-39-814,001,001,1,074,074.jpg,475,40.370825,1778073620.185665,7.9,14.0,-32.0,pix
real_001_s001_2026-05-06_15-19-39-814,001,001,1,074,074.jpg,476,40.387491,1778073620.202332,7.916667,14.0,-32.0,pix
real_001_s001_2026-05-06_15-19-39-814,001,001,1,074,074.jpg,477,40.404158,1778073620.218998,7.933333,14.0,-32.0,pix
real_001_s001_2026-05-06_15-19-39-814,001,001,1,074,074.jpg,478,40.420825,1778073620.235665,7.95,14.0,-32.0,pix
real_001_s001_2026-05-06_15-19-39-814,001,001,1,074,074.jpg,479,40.437491,1778073620.252332,7.966667,14.0,-32.0,pix
real_001_s001_2026-05-06_15-19-39-814,001,001,1,074,074.jpg,480,40.454158,1778073620.268998,7.983333,14.0,-32.0,pix
real_001_s001_2026-05-06_15-19-39-814,001,001,1,074,074.jpg,481,40.470825,1778073620.285665,8.0,14.0,-32.0,pix
real_001_s001_2026-05-06_15-19-39-814,001,001,1,074,074.jpg,482,40.487491,1778073620.302332,8.016667,14.0,-32.0,pix
real_001_s001_2026-05-06_15-19-39-814,001,001,1,074,074.jpg,483,40.504158,1778073620.318998,8.033333,14.0,-32.0,pix
real_001_s001_2026-05-06_15-19-39-814,001,001,1,074,074.jpg,484,40.520825,1778073620.335665,8.05,14.0,-32.0,pix
real_001_s001_2026-05-06_15-19-39-814,001,001,1,074,074.jpg,485,40.537491,1778073620.352332,8.066667,14.0,-32.0,pix
real_001_s001_2026-05-06_15-19-39-814,001,001,1,074,074.jpg,486,40.554158,1778073620.368998,8.083333,14.0,-32.0,pix
real_001_s001_2026-05-06_15-19-39-814,001,001,1,074,074.jpg,487,40.570825,1778073620.385665,8.1,14.0,-32.0,pix
real_001_s001_2026-05-06_15-19-39-814,001,001,1,074,074.jpg,488,40.587491,1778073620.402332,8.116667,14.0,-32.0,pix
real_001_s001_2026-05-06_15-19-39-814,001,001,1,074,074.jpg,489,40.604158,1778073620.418998,8.133333,14.0,-32.0,pix
real_001_s001_2026-05-06_15-19-39-814,001,001,1,074,074.jpg,490,40.620825,1778073620.435665,8.15,14.0,-32.0,pix
real_001_s001_2026-05-06_15-19-39-814,001,001,1,074,074.jpg,491,40.637491,1778073620.452332,8.166667,14.0,-32.0,pix
real_001_s001_2026-05-06_15-19-39-814,001,001,1,074,074.jpg,492,40.654158,1778073620.468998,8.183333,14.0,-32.0,pix
real_001_s001_2026-05-06_15-19-39-814,001,001,1,074,074.jpg,493,40.670825,1778073620.485665,8.2,14.0,-32.0,pix
real_001_s001_2026-05-06_15-19-39-814,001,001,1,074,074.jpg,494,40.687491,1778073620.502332,8.216667,14.0,-32.0,pix
real_001_s001_2026-05-06_15-19-39-814,001,001,1,074,074.jpg,495,40.704158,1778073620.518998,8.233333,14.0,-32.0,pix
real_001_s001_2026-05-06_15-19-39-814,001,001,1,074,074.jpg,496,40.720825,1778073620.535665,8.25,14.0,-32.0,pix
real_001_s001_2026-05-06_15-19-39-814,001,001,1,074,074.jpg,497,40.737491,1778073620.552332,8.266667,14.0,-32.0,pix
real_001_s001_2026-05-06_15-19-39-814,001,001,1,074,074.jpg,498,40.754158,1778073620.568998,8.283333,14.0,-32.0,pix
real_001_s001_2026-05-06_15-19-39-814,001,001,1,074,074.jpg,499,40.770825,1778073620.585665,8.3,14.0,-32.0,pix
real_001_s001_2026-05-06_15-19-39-814,001,001,1,074,074.jpg,500,40.787491,1778073620.602332,8.316667,14.0,-32.0,pix
real_001_s001_2026-05-06_15-19-39-814,001,001,1,074,074.jpg,501,40.804158,1778073620.618998,8.333333,14.0,-32.0,pix
real_001_s001_2026-05-06_15-19-39-814,001,001,1,074,074.jpg,502,40.820825,1778073620.635665,8.35,14.0,-32.0,pix
real_001_s001_2026-05-06_15-19-39-814,001,001,1,074,074.jpg,503,40.837491,1778073620.652332,8.366667,14.0,-32.0,pix
real_001_s001_2026-05-06_15-19-39-814,001,001,1,074,074.jpg,504,40.854158,1778073620.668998,8.383333,14.0,-32.0,pix
real_001_s001_2026-05-06_15-19-39-814,001,001,1,074,074.jpg,505,40.870825,1778073620.685665,8.4,14.0,-32.0,pix
real_001_s001_2026-05-06_15-19-39-814,001,001,1,074,074.jpg,506,40.887491,1778073620.702332,8.416667,14.0,-32.0,pix
real_001_s001_2026-05-06_15-19-39-814,001,001,1,074,074.jpg,507,40.904158,1778073620.718998,8.433333,14.0,-32.0,pix
real_001_s001_2026-05-06_15-19-39-814,001,001,1,074,074.jpg,508,40.920825,1778073620.735665,8.45,14.0,-32.0,pix
real_001_s001_2026-05-06_15-19-39-814,001,001,1,074,074.jpg,509,40.937491,1778073620.752332,8.466667,14.0,-32.0,pix
real_001_s001_2026-05-06_15-19-39-814,001,001,1,074,074.jpg,510,40.954158,1778073620.768998,8.483333,14.0,-32.0,pix
real_001_s001_2026-05-06_15-19-39-814,001,001,1,074,074.jpg,511,40.970825,1778073620.785665,8.5,14.0,-32.0,pix
real_001_s001_2026-05-06_15-19-39-814,001,001,1,074,074.jpg,512,40.987491,1778073620.802332,8.516667,14.0,-32.0,pix
real_001_s001_2026-05-06_15-19-39-814,001,001,1,074,074.jpg,513,41.004158,1778073620.818998,8.533333,14.0,-32.0,pix
real_001_s001_2026-05-06_15-19-39-814,001,001,1,074,074.jpg,514,41.020825,1778073620.835665,8.55,14.0,-32.0,pix
real_001_s001_2026-05-06_15-19-39-814,001,001,1,074,074.jpg,515,41.037491,1778073620.852332,8.566667,14.0,-32.0,pix
real_001_s001_2026-05-06_15-19-39-814,001,001,1,074,074.jpg,516,41.054158,1778073620.868998,8.583333,14.0,-32.0,pix
real_001_s001_2026-05-06_15-19-39-814,001,001,1,074,074.jpg,517,41.070825,1778073620.885665,8.6,14.0,-32.0,pix
real_001_s001_2026-05-06_15-19-39-814,001,001,1,074,074.jpg,518,41.087491,1778073620.902332,8.616667,14.0,-32.0,pix
real_001_s001_2026-05-06_15-19-39-814,001,001,1,074,074.jpg,519,41.104158,1778073620.918998,8.633333,14.0,-32.0,pix
real_001_s001_2026-05-06_15-19-39-814,001,001,1,074,074.jpg,520,41.120825,1778073620.935665,8.65,14.0,-32.0,pix
real_001_s001_2026-05-06_15-19-39-814,001,001,1,074,074.jpg,521,41.137491,1778073620.952332,8.666667,14.0,-32.0,pix
real_001_s001_2026-05-06_15-19-39-814,001,001,1,074,074.jpg,522,41.154158,1778073620.968998,8.683333,14.0,-32.0,pix
real_001_s001_2026-05-06_15-19-39-814,001,001,1,074,074.jpg,523,41.170825,1778073620.985665,8.7,14.0,-32.0,pix
real_001_s001_2026-05-06_15-19-39-814,001,001,1,074,074.jpg,524,41.187491,1778073621.002332,8.716667,14.0,-32.0,pix
real_001_s001_2026-05-06_15-19-39-814,001,001,1,074,074.jpg,525,41.204158,1778073621.018998,8.733333,14.0,-32.0,pix
real_001_s001_2026-05-06_15-19-39-814,001,001,1,074,074.jpg,526,41.220825,1778073621.035665,8.75,14.0,-32.0,pix
real_001_s001_2026-05-06_15-19-39-814,001,001,1,074,074.jpg,527,41.237491,1778073621.052332,8.766667,14.0,-32.0,pix
real_001_s001_2026-05-06_15-19-39-814,001,001,1,074,074.jpg,528,41.254158,1778073621.068998,8.783333,14.0,-32.0,pix
real_001_s001_2026-05-06_15-19-39-814,001,001,1,074,074.jpg,529,41.270825,1778073621.085665,8.8,14.0,-32.0,pix
real_001_s001_2026-05-06_15-19-39-814,001,001,1,074,074.jpg,530,41.287491,1778073621.102332,8.816667,14.0,-32.0,pix
real_001_s001_2026-05-06_15-19-39-814,001,001,1,074,074.jpg,531,41.304158,1778073621.118998,8.833333,14.0,-32.0,pix
real_001_s001_2026-05-06_15-19-39-814,001,001,1,074,074.jpg,532,41.320825,1778073621.135665,8.85,14.0,-32.0,pix
real_001_s001_2026-05-06_15-19-39-814,001,001,1,074,074.jpg,533,41.337491,1778073621.152332,8.866667,14.0,-32.0,pix
real_001_s001_2026-05-06_15-19-39-814,001,001,1,074,074.jpg,534,41.354158,1778073621.168998,8.883333,14.0,-32.0,pix
real_001_s001_2026-05-06_15-19-39-814,001,001,1,074,074.jpg,535,41.370825,1778073621.185665,8.9,14.0,-32.0,pix
real_001_s001_2026-05-06_15-19-39-814,001,001,1,074,074.jpg,536,41.387491,1778073621.202332,8.916667,14.0,-32.0,pix
real_001_s001_2026-05-06_15-19-39-814,001,001,1,074,074.jpg,537,41.404158,1778073621.218998,8.933333,14.0,-32.0,pix
real_001_s001_2026-05-06_15-19-39-814,001,001,1,074,074.jpg,538,41.420825,1778073621.235665,8.95,14.0,-32.0,pix
real_001_s001_2026-05-06_15-19-39-814,001,001,1,074,074.jpg,539,41.437491,1778073621.252332,8.966667,14.0,-32.0,pix
real_001_s001_2026-05-06_15-19-39-814,001,001,1,074,074.jpg,540,41.454158,1778073621.268998,8.983333,14.0,-32.0,pix
real_001_s001_2026-05-06_15-19-39-814,001,001,1,074,074.jpg,541,41.470825,1778073621.285665,9.0,14.0,-32.0,pix
real_001_s001_2026-05-06_15-19-39-814,001,001,1,074,074.jpg,542,41.487491,1778073621.302332,9.016667,14.0,-32.0,pix
real_001_s001_2026-05-06_15-19-39-814,001,001,1,074,074.jpg,543,41.504158,1778073621.318998,9.033333,14.0,-32.0,pix
real_001_s001_2026-05-06_15-19-39-814,001,001,1,074,074.jpg,544,41.520825,1778073621.335665,9.05,14.0,-32.0,pix
real_001_s001_2026-05-06_15-19-39-814,001,001,1,074,074.jpg,545,41.537491,1778073621.352332,9.066667,14.0,-32.0,pix
real_001_s001_2026-05-06_15-19-39-814,001,001,1,074,074.jpg,546,41.554158,1778073621.368998,9.083333,14.0,-32.0,pix
real_001_s001_2026-05-06_15-19-39-814,001,001,1,074,074.jpg,547,41.570825,1778073621.385665,9.1,14.0,-32.0,pix
real_001_s001_2026-05-06_15-19-39-814,001,001,1,074,074.jpg,548,41.587491,1778073621.402332,9.116667,14.0,-32.0,pix
real_001_s001_2026-05-06_15-19-39-814,001,001,1,074,074.jpg,549,41.604158,1778073621.418998,9.133333,14.0,-32.0,pix
real_001_s001_2026-05-06_15-19-39-814,001,001,1,074,074.jpg,550,41.620825,1778073621.435665,9.15,14.0,-32.0,pix
real_001_s001_2026-05-06_15-19-39-814,001,001,1,074,074.jpg,551,41.637491,1778073621.452332,9.166667,14.0,-32.0,pix
real_001_s001_2026-05-06_15-19-39-814,001,001,1,074,074.jpg,552,41.654158,1778073621.468998,9.183333,14.0,-32.0,pix
real_001_s001_2026-05-06_15-19-39-814,001,001,1,074,074.jpg,553,41.670825,1778073621.485665,9.2,14.0,-32.0,pix
real_001_s001_2026-05-06_15-19-39-814,001,001,1,074,074.jpg,554,41.687491,1778073621.502332,9.216667,14.0,-32.0,pix
real_001_s001_2026-05-06_15-19-39-814,001,001,1,074,074.jpg,555,41.704158,1778073621.518998,9.233333,14.0,-32.0,pix
real_001_s001_2026-05-06_15-19-39-814,001,001,1,074,074.jpg,556,41.720825,1778073621.535665,9.25,14.0,-32.0,pix
real_001_s001_2026-05-06_15-19-39-814,001,001,1,074,074.jpg,557,41.737491,1778073621.552332,9.266667,14.0,-32.0,pix
real_001_s001_2026-05-06_15-19-39-814,001,001,1,074,074.jpg,558,41.754158,1778073621.568998,9.283333,14.0,-32.0,pix
real_001_s001_2026-05-06_15-19-39-814,001,001,1,074,074.jpg,559,41.770825,1778073621.585665,9.3,14.0,-32.0,pix
real_001_s001_2026-05-06_15-19-39-814,001,001,1,074,074.jpg,560,41.787491,1778073621.602332,9.316667,14.0,-32.0,pix
real_001_s001_2026-05-06_15-19-39-814,001,001,1,074,074.jpg,561,41.804158,1778073621.618998,9.333333,14.0,-32.0,pix
real_001_s001_2026-05-06_15-19-39-814,001,001,1,074,074.jpg,562,41.820825,1778073621.635665,9.35,14.0,-32.0,pix
real_001_s001_2026-05-06_15-19-39-814,001,001,1,074,074.jpg,563,41.837491,1778073621.652332,9.366667,14.0,-32.0,pix
real_001_s001_2026-05-06_15-19-39-814,001,001,1,074,074.jpg,564,41.854158,1778073621.668998,9.383333,14.0,-32.0,pix
real_001_s001_2026-05-06_15-19-39-814,001,001,1,074,074.jpg,565,41.870825,1778073621.685665,9.4,14.0,-32.0,pix
real_001_s001_2026-05-06_15-19-39-814,001,001,1,074,074.jpg,566,41.887491,1778073621.702332,9.416667,14.0,-32.0,pix
real_001_s001_2026-05-06_15-19-39-814,001,001,1,074,074.jpg,567,41.904158,1778073621.718998,9.433333,14.0,-32.0,pix
real_001_s001_2026-05-06_15-19-39-814,001,001,1,074,074.jpg,568,41.920825,1778073621.735665,9.45,14.0,-32.0,pix
real_001_s001_2026-05-06_15-19-39-814,001,001,1,074,074.jpg,569,41.937491,1778073621.752332,9.466667,14.0,-32.0,pix
real_001_s001_2026-05-06_15-19-39-814,001,001,1,074,074.jpg,570,41.954158,1778073621.768998,9.483333,14.0,-32.0,pix
real_001_s001_2026-05-06_15-19-39-814,001,001,1,074,074.jpg,571,41.970825,1778073621.785665,9.5,14.0,-32.0,pix
real_001_s001_2026-05-06_15-19-39-814,001,001,1,074,074.jpg,572,41.987491,1778073621.802332,9.516667,14.0,-32.0,pix
real_001_s001_2026-05-06_15-19-39-814,001,001,1,074,074.jpg,573,42.004158,1778073621.818998,9.533333,14.0,-32.0,pix
real_001_s001_2026-05-06_15-19-39-814,001,001,1,074,074.jpg,574,42.020825,1778073621.835665,9.55,14.0,-32.0,pix
real_001_s001_2026-05-06_15-19-39-814,001,001,1,074,074.jpg,575,42.037491,1778073621.852332,9.566667,14.0,-32.0,pix
real_001_s001_2026-05-06_15-19-39-814,001,001,1,074,074.jpg,576,42.054158,1778073621.868998,9.583333,14.0,-32.0,pix
real_001_s001_2026-05-06_15-19-39-814,001,001,1,074,074.jpg,577,42.070825,1778073621.885665,9.6,14.0,-32.0,pix
real_001_s001_2026-05-06_15-19-39-814,001,001,1,074,074.jpg,578,42.087491,1778073621.902332,9.616667,14.0,-32.0,pix
real_001_s001_2026-05-06_15-19-39-814,001,001,1,074,074.jpg,579,42.104158,1778073621.918998,9.633333,14.0,-32.0,pix
real_001_s001_2026-05-06_15-19-39-814,001,001,1,074,074.jpg,580,42.120825,1778073621.935665,9.65,14.0,-32.0,pix
real_001_s001_2026-05-06_15-19-39-814,001,001,1,074,074.jpg,581,42.137491,1778073621.952332,9.666667,14.0,-32.0,pix
real_001_s001_2026-05-06_15-19-39-814,001,001,1,074,074.jpg,582,42.154158,1778073621.968998,9.683333,14.0,-32.0,pix
real_001_s001_2026-05-06_15-19-39-814,001,001,1,074,074.jpg,583,42.170825,1778073621.985665,9.7,14.0,-32.0,pix
real_001_s001_2026-05-06_15-19-39-814,001,001,1,074,074.jpg,584,42.187491,1778073622.002332,9.716667,14.0,-32.0,pix
real_001_s001_2026-05-06_15-19-39-814,001,001,1,074,074.jpg,585,42.204158,1778073622.018998,9.733333,14.0,-32.0,pix
real_001_s001_2026-05-06_15-19-39-814,001,001,1,074,074.jpg,586,42.220825,1778073622.035665,9.75,14.0,-32.0,pix
real_001_s001_2026-05-06_15-19-39-814,001,001,1,074,074.jpg,587,42.237491,1778073622.052332,9.766667,14.0,-32.0,pix
real_001_s001_2026-05-06_15-19-39-814,001,001,1,074,074.jpg,588,42.254158,1778073622.068998,9.783333,14.0,-32.0,pix
real_001_s001_2026-05-06_15-19-39-814,001,001,1,074,074.jpg,589,42.270825,1778073622.085665,9.8,14.0,-32.0,pix
real_001_s001_2026-05-06_15-19-39-814,001,001,1,074,074.jpg,590,42.287491,1778073622.102332,9.816667,14.0,-32.0,pix
real_001_s001_2026-05-06_15-19-39-814,001,001,1,074,074.jpg,591,42.304158,1778073622.118998,9.833333,14.0,-32.0,pix
real_001_s001_2026-05-06_15-19-39-814,001,001,1,074,074.jpg,592,42.320825,1778073622.135665,9.85,14.0,-32.0,pix
real_001_s001_2026-05-06_15-19-39-814,001,001,1,074,074.jpg,593,42.337491,1778073622.152332,9.866667,14.0,-32.0,pix
real_001_s001_2026-05-06_15-19-39-814,001,001,1,074,074.jpg,594,42.354158,1778073622.168998,9.883333,14.0,-32.0,pix
real_001_s001_2026-05-06_15-19-39-814,001,001,1,074,074.jpg,595,42.370825,1778073622.185665,9.9,14.0,-32.0,pix
real_001_s001_2026-05-06_15-19-39-814,001,001,1,074,074.jpg,596,42.387491,1778073622.202332,9.916667,14.0,-32.0,pix
real_001_s001_2026-05-06_15-19-39-814,001,001,1,074,074.jpg,597,42.404158,1778073622.218998,9.933333,14.0,-32.0,pix
real_001_s001_2026-05-06_15-19-39-814,001,001,1,074,074.jpg,598,42.420825,1778073622.235665,9.95,14.0,-32.0,pix
real_001_s001_2026-05-06_15-19-39-814,001,001,1,074,074.jpg,599,42.437491,1778073622.252332,9.966667,14.0,-32.0,pix
real_001_s001_2026-05-06_15-19-39-814,001,001,1,074,074.jpg,600,42.454158,1778073622.268998,9.983333,14.0,-32.0,pix
real_001_s001_2026-05-06_15-19-39-814,001,001,1,074,074.jpg,601,42.470825,1778073622.285665,10.0,14.0,-32.0,pix
real_001_s001_2026-05-06_15-19-39-814,001,001,1,074,074.jpg,602,42.487491,1778073622.302332,10.016667,14.0,-32.0,pix
real_001_s001_2026-05-06_15-19-39-814,001,001,1,074,074.jpg,603,42.504158,1778073622.318998,10.033333,14.0,-32.0,pix
real_001_s001_2026-05-06_15-19-39-814,001,001,1,074,074.jpg,604,42.520825,1778073622.335665,10.05,14.0,-32.0,pix
real_001_s001_2026-05-06_15-19-39-814,001,001,1,074,074.jpg,605,42.537491,1778073622.352332,10.066667,14.0,-32.0,pix
real_001_s001_2026-05-06_15-19-39-814,001,001,1,074,074.jpg,606,42.554158,1778073622.368998,10.083333,14.0,-32.0,pix
real_001_s001_2026-05-06_15-19-39-814,001,001,1,074,074.jpg,607,42.570825,1778073622.385665,10.1,14.0,-32.0,pix
real_001_s001_2026-05-06_15-19-39-814,001,001,1,074,074.jpg,608,42.587491,1778073622.402332,10.116667,14.0,-32.0,pix
real_001_s001_2026-05-06_15-19-39-814,001,001,1,074,074.jpg,609,42.604158,1778073622.418998,10.133333,14.0,-32.0,pix
real_001_s001_2026-05-06_15-19-39-814,001,001,1,074,074.jpg,610,42.620825,1778073622.435665,10.15,14.0,-32.0,pix
real_001_s001_2026-05-06_15-19-39-814,001,001,1,074,074.jpg,611,42.637491,1778073622.452332,10.166667,14.0,-32.0,pix
real_001_s001_2026-05-06_15-19-39-814,001,001,1,074,074.jpg,612,42.654158,1778073622.468998,10.183333,14.0,-32.0,pix
real_001_s001_2026-05-06_15-19-39-814,001,001,1,074,074.jpg,613,42.670825,1778073622.485665,10.2,14.0,-32.0,pix
real_001_s001_2026-05-06_15-19-39-814,001,001,1,074,074.jpg,614,42.687491,1778073622.502332,10.216667,14.0,-32.0,pix
real_001_s001_2026-05-06_15-19-39-814,001,001,1,074,074.jpg,615,42.704158,1778073622.518998,10.233333,14.0,-32.0,pix
real_001_s001_2026-05-06_15-19-39-814,001,001,1,074,074.jpg,616,42.720825,1778073622.535665,10.25,14.0,-32.0,pix
real_001_s001_2026-05-06_15-19-39-814,001,001,1,074,074.jpg,617,42.737491,1778073622.552332,10.266667,14.0,-32.0,pix
real_001_s001_2026-05-06_15-19-39-814,001,001,1,074,074.jpg,618,42.754158,1778073622.568998,10.283333,14.0,-32.0,pix
real_001_s001_2026-05-06_15-19-39-814,001,001,1,074,074.jpg,619,42.770825,1778073622.585665,10.3,14.0,-32.0,pix
real_001_s001_2026-05-06_15-19-39-814,001,001,1,074,074.jpg,620,42.787491,1778073622.602332,10.316667,14.0,-32.0,pix
real_001_s001_2026-05-06_15-19-39-814,001,001,1,074,074.jpg,621,42.804158,1778073622.618998,10.333333,14.0,-32.0,pix
real_001_s001_2026-05-06_15-19-39-814,001,001,1,074,074.jpg,622,42.820825,1778073622.635665,10.35,14.0,-32.0,pix
real_001_s001_2026-05-06_15-19-39-814,001,001,1,074,074.jpg,623,42.837491,1778073622.652332,10.366667,14.0,-32.0,pix
real_001_s001_2026-05-06_15-19-39-814,001,001,1,074,074.jpg,624,42.854158,1778073622.668998,10.383333,14.0,-32.0,pix
real_001_s001_2026-05-06_15-19-39-814,001,001,1,074,074.jpg,625,42.870825,1778073622.685665,10.4,14.0,-32.0,pix
real_001_s001_2026-05-06_15-19-39-814,001,001,1,074,074.jpg,626,42.887491,1778073622.702332,10.416667,14.0,-32.0,pix
real_001_s001_2026-05-06_15-19-39-814,001,001,1,074,074.jpg,627,42.904158,1778073622.718998,10.433333,14.0,-32.0,pix
real_001_s001_2026-05-06_15-19-39-814,001,001,1,074,074.jpg,628,42.920825,1778073622.735665,10.45,14.0,-32.0,pix
real_001_s001_2026-05-06_15-19-39-814,001,001,1,074,074.jpg,629,42.937491,1778073622.752332,10.466667,14.0,-32.0,pix
real_001_s001_2026-05-06_15-19-39-814,001,001,1,074,074.jpg,630,42.954158,1778073622.768998,10.483333,14.0,-32.0,pix
real_001_s001_2026-05-06_15-19-39-814,001,001,1,074,074.jpg,631,42.970825,1778073622.785665,10.5,14.0,-32.0,pix
real_001_s001_2026-05-06_15-19-39-814,001,001,1,074,074.jpg,632,42.987491,1778073622.802332,10.516667,14.0,-32.0,pix
real_001_s001_2026-05-06_15-19-39-814,001,001,1,074,074.jpg,633,43.004158,1778073622.818998,10.533333,14.0,-32.0,pix
real_001_s001_2026-05-06_15-19-39-814,001,001,1,074,074.jpg,634,43.020825,1778073622.835665,10.55,14.0,-32.0,pix
real_001_s001_2026-05-06_15-19-39-814,001,001,2,027,027.jpg,1,55.45402,1778073635.268876,0.0,14.0,-32.0,pix
real_001_s001_2026-05-06_15-19-39-814,001,001,2,027,027.jpg,2,55.470686,1778073635.285543,0.016667,14.0,-32.0,pix
real_001_s001_2026-05-06_15-19-39-814,001,001,2,027,027.jpg,3,55.487353,1778073635.302209,0.033333,14.0,-32.0,pix
real_001_s001_2026-05-06_15-19-39-814,001,001,2,027,027.jpg,4,55.50402,1778073635.318876,0.05,14.0,-32.0,pix
real_001_s001_2026-05-06_15-19-39-814,001,001,2,027,027.jpg,5,55.520686,1778073635.335543,0.066667,14.0,-32.0,pix
real_001_s001_2026-05-06_15-19-39-814,001,001,2,027,027.jpg,6,55.537353,1778073635.352209,0.083333,14.0,-32.0,pix
real_001_s001_2026-05-06_15-19-39-814,001,001,2,027,027.jpg,7,55.55402,1778073635.368876,0.1,14.0,-32.0,pix
real_001_s001_2026-05-06_15-19-39-814,001,001,2,027,027.jpg,8,55.570686,1778073635.385543,0.116667,14.0,-32.0,pix
real_001_s001_2026-05-06_15-19-39-814,001,001,2,027,027.jpg,9,55.587353,1778073635.40221,0.133333,14.0,-32.0,pix
real_001_s001_2026-05-06_15-19-39-814,001,001,2,027,027.jpg,10,55.60402,1778073635.418876,0.15,14.0,-32.0,pix
real_001_s001_2026-05-06_15-19-39-814,001,001,2,027,027.jpg,11,55.620686,1778073635.435543,0.166667,14.0,-32.0,pix
real_001_s001_2026-05-06_15-19-39-814,001,001,2,027,027.jpg,12,55.637353,1778073635.452209,0.183333,14.0,-32.0,pix
real_001_s001_2026-05-06_15-19-39-814,001,001,2,027,027.jpg,13,55.65402,1778073635.468876,0.2,14.0,-32.0,pix
real_001_s001_2026-05-06_15-19-39-814,001,001,2,027,027.jpg,14,55.670686,1778073635.485543,0.216667,14.0,-32.0,pix
real_001_s001_2026-05-06_15-19-39-814,001,001,2,027,027.jpg,15,55.687353,1778073635.502209,0.233333,14.0,-32.0,pix
real_001_s001_2026-05-06_15-19-39-814,001,001,2,027,027.jpg,16,55.70402,1778073635.518876,0.25,14.0,-32.0,pix
real_001_s001_2026-05-06_15-19-39-814,001,001,2,027,027.jpg,17,55.720686,1778073635.535543,0.266667,14.0,-32.0,pix
real_001_s001_2026-05-06_15-19-39-814,001,001,2,027,027.jpg,18,55.737353,1778073635.552209,0.283333,14.0,-32.0,pix
real_001_s001_2026-05-06_15-19-39-814,001,001,2,027,027.jpg,19,55.75402,1778073635.568876,0.3,14.0,-32.0,pix
real_001_s001_2026-05-06_15-19-39-814,001,001,2,027,027.jpg,20,55.770686,1778073635.585543,0.316667,14.0,-32.0,pix
real_001_s001_2026-05-06_15-19-39-814,001,001,2,027,027.jpg,21,55.787353,1778073635.602209,0.333333,14.0,-32.0,pix
real_001_s001_2026-05-06_15-19-39-814,001,001,2,027,027.jpg,22,55.80402,1778073635.618876,0.35,14.0,-32.0,pix
real_001_s001_2026-05-06_15-19-39-814,001,001,2,027,027.jpg,23,55.820686,1778073635.635543,0.366667,14.0,-32.0,pix
real_001_s001_2026-05-06_15-19-39-814,001,001,2,027,027.jpg,24,55.837353,1778073635.65221,0.383333,14.0,-32.0,pix
real_001_s001_2026-05-06_15-19-39-814,001,001,2,027,027.jpg,25,55.85402,1778073635.668876,0.4,14.0,-32.0,pix
real_001_s001_2026-05-06_15-19-39-814,001,001,2,027,027.jpg,26,55.870686,1778073635.685543,0.416667,14.0,-32.0,pix
real_001_s001_2026-05-06_15-19-39-814,001,001,2,027,027.jpg,27,55.887353,1778073635.702209,0.433333,14.0,-32.0,pix
real_001_s001_2026-05-06_15-19-39-814,001,001,2,027,027.jpg,28,55.90402,1778073635.718876,0.45,14.0,-32.0,pix
real_001_s001_2026-05-06_15-19-39-814,001,001,2,027,027.jpg,29,55.920686,1778073635.735543,0.466667,14.0,-32.0,pix
real_001_s001_2026-05-06_15-19-39-814,001,001,2,027,027.jpg,30,55.937353,1778073635.752209,0.483333,14.0,-32.0,pix
real_001_s001_2026-05-06_15-19-39-814,001,001,2,027,027.jpg,31,55.95402,1778073635.768876,0.5,14.0,-32.0,pix
real_001_s001_2026-05-06_15-19-39-814,001,001,2,027,027.jpg,32,55.970686,1778073635.785543,0.516667,14.0,-32.0,pix
real_001_s001_2026-05-06_15-19-39-814,001,001,2,027,027.jpg,33,55.987353,1778073635.802209,0.533333,14.0,-32.0,pix
real_001_s001_2026-05-06_15-19-39-814,001,001,2,027,027.jpg,34,56.00402,1778073635.818876,0.55,14.0,-32.0,pix
real_001_s001_2026-05-06_15-19-39-814,001,001,2,027,027.jpg,35,56.020686,1778073635.835543,0.566667,14.0,-32.0,pix
real_001_s001_2026-05-06_15-19-39-814,001,001,2,027,027.jpg,36,56.037353,1778073635.852209,0.583333,14.0,-32.0,pix
real_001_s001_2026-05-06_15-19-39-814,001,001,2,027,027.jpg,37,56.05402,1778073635.868876,0.6,14.0,-32.0,pix
real_001_s001_2026-05-06_15-19-39-814,001,001,2,027,027.jpg,38,56.070686,1778073635.885543,0.616667,14.0,-32.0,pix
real_001_s001_2026-05-06_15-19-39-814,001,001,2,027,027.jpg,39,56.087353,1778073635.90221,0.633333,14.0,-32.0,pix
real_001_s001_2026-05-06_15-19-39-814,001,001,2,027,027.jpg,40,56.10402,1778073635.918876,0.65,14.0,-32.0,pix
real_001_s001_2026-05-06_15-19-39-814,001,001,2,027,027.jpg,41,56.120686,1778073635.935543,0.666667,14.0,-32.0,pix
real_001_s001_2026-05-06_15-19-39-814,001,001,2,027,027.jpg,42,56.137353,1778073635.952209,0.683333,14.0,-32.0,pix
real_001_s001_2026-05-06_15-19-39-814,001,001,2,027,027.jpg,43,56.15402,1778073635.968876,0.7,14.0,-32.0,pix
real_001_s001_2026-05-06_15-19-39-814,001,001,2,027,027.jpg,44,56.170686,1778073635.985543,0.716667,14.0,-32.0,pix
real_001_s001_2026-05-06_15-19-39-814,001,001,2,027,027.jpg,45,56.187353,1778073636.002209,0.733333,14.0,-32.0,pix
real_001_s001_2026-05-06_15-19-39-814,001,001,2,027,027.jpg,46,56.20402,1778073636.018876,0.75,14.0,-32.0,pix
real_001_s001_2026-05-06_15-19-39-814,001,001,2,027,027.jpg,47,56.220686,1778073636.035543,0.766667,14.0,-32.0,pix
real_001_s001_2026-05-06_15-19-39-814,001,001,2,027,027.jpg,48,56.237353,1778073636.052209,0.783333,14.0,-32.0,pix
real_001_s001_2026-05-06_15-19-39-814,001,001,2,027,027.jpg,49,56.25402,1778073636.068876,0.8,14.0,-32.0,pix
real_001_s001_2026-05-06_15-19-39-814,001,001,2,027,027.jpg,50,56.270686,1778073636.085543,0.816667,14.0,-32.0,pix
real_001_s001_2026-05-06_15-19-39-814,001,001,2,027,027.jpg,51,56.287353,1778073636.102209,0.833333,14.0,-32.0,pix
real_001_s001_2026-05-06_15-19-39-814,001,001,2,027,027.jpg,52,56.30402,1778073636.118876,0.85,14.0,-32.0,pix
real_001_s001_2026-05-06_15-19-39-814,001,001,2,027,027.jpg,53,56.320686,1778073636.135543,0.866667,14.0,-32.0,pix
real_001_s001_2026-05-06_15-19-39-814,001,001,2,027,027.jpg,54,56.337353,1778073636.15221,0.883333,14.0,-32.0,pix
real_001_s001_2026-05-06_15-19-39-814,001,001,2,027,027.jpg,55,56.35402,1778073636.168876,0.9,14.0,-32.0,pix
real_001_s001_2026-05-06_15-19-39-814,001,001,2,027,027.jpg,56,56.370686,1778073636.185543,0.916667,14.0,-32.0,pix
real_001_s001_2026-05-06_15-19-39-814,001,001,2,027,027.jpg,57,56.387353,1778073636.202209,0.933333,14.0,-32.0,pix
real_001_s001_2026-05-06_15-19-39-814,001,001,2,027,027.jpg,58,56.40402,1778073636.218876,0.95,14.0,-32.0,pix
real_001_s001_2026-05-06_15-19-39-814,001,001,2,027,027.jpg,59,56.420686,1778073636.235543,0.966667,14.0,-32.0,pix
real_001_s001_2026-05-06_15-19-39-814,001,001,2,027,027.jpg,60,56.437353,1778073636.252209,0.983333,14.0,-32.0,pix
real_001_s001_2026-05-06_15-19-39-814,001,001,2,027,027.jpg,61,56.45402,1778073636.268876,1.0,14.0,-32.0,pix
real_001_s001_2026-05-06_15-19-39-814,001,001,2,027,027.jpg,62,56.470686,1778073636.285543,1.016667,14.0,-32.0,pix
real_001_s001_2026-05-06_15-19-39-814,001,001,2,027,027.jpg,63,56.487353,1778073636.302209,1.033333,14.0,-32.0,pix
real_001_s001_2026-05-06_15-19-39-814,001,001,2,027,027.jpg,64,56.50402,1778073636.318876,1.05,14.0,-32.0,pix
real_001_s001_2026-05-06_15-19-39-814,001,001,2,027,027.jpg,65,56.520686,1778073636.335543,1.066667,14.0,-32.0,pix
real_001_s001_2026-05-06_15-19-39-814,001,001,2,027,027.jpg,66,56.537353,1778073636.352209,1.083333,14.0,-32.0,pix
real_001_s001_2026-05-06_15-19-39-814,001,001,2,027,027.jpg,67,56.55402,1778073636.368876,1.1,14.0,-32.0,pix
real_001_s001_2026-05-06_15-19-39-814,001,001,2,027,027.jpg,68,56.570686,1778073636.385543,1.116667,14.0,-32.0,pix
real_001_s001_2026-05-06_15-19-39-814,001,001,2,027,027.jpg,69,56.587353,1778073636.40221,1.133333,14.0,-32.0,pix
real_001_s001_2026-05-06_15-19-39-814,001,001,2,027,027.jpg,70,56.60402,1778073636.418876,1.15,14.0,-32.0,pix
real_001_s001_2026-05-06_15-19-39-814,001,001,2,027,027.jpg,71,56.620686,1778073636.435543,1.166667,14.0,-32.0,pix
real_001_s001_2026-05-06_15-19-39-814,001,001,2,027,027.jpg,72,56.637353,1778073636.452209,1.183333,14.0,-32.0,pix
real_001_s001_2026-05-06_15-19-39-814,001,001,2,027,027.jpg,73,56.65402,1778073636.468876,1.2,14.0,-32.0,pix
real_001_s001_2026-05-06_15-19-39-814,001,001,2,027,027.jpg,74,56.670686,1778073636.485543,1.216667,14.0,-32.0,pix
real_001_s001_2026-05-06_15-19-39-814,001,001,2,027,027.jpg,75,56.687353,1778073636.502209,1.233333,14.0,-32.0,pix
real_001_s001_2026-05-06_15-19-39-814,001,001,2,027,027.jpg,76,56.70402,1778073636.518876,1.25,14.0,-32.0,pix
real_001_s001_2026-05-06_15-19-39-814,001,001,2,027,027.jpg,77,56.720686,1778073636.535543,1.266667,14.0,-32.0,pix
real_001_s001_2026-05-06_15-19-39-814,001,001,2,027,027.jpg,78,56.737353,1778073636.552209,1.283333,14.0,-32.0,pix
real_001_s001_2026-05-06_15-19-39-814,001,001,2,027,027.jpg,79,56.75402,1778073636.568876,1.3,14.0,-32.0,pix
real_001_s001_2026-05-06_15-19-39-814,001,001,2,027,027.jpg,80,56.770686,1778073636.585543,1.316667,14.0,-32.0,pix
real_001_s001_2026-05-06_15-19-39-814,001,001,2,027,027.jpg,81,56.787353,1778073636.602209,1.333333,14.0,-32.0,pix
real_001_s001_2026-05-06_15-19-39-814,001,001,2,027,027.jpg,82,56.80402,1778073636.618876,1.35,14.0,-32.0,pix
real_001_s001_2026-05-06_15-19-39-814,001,001,2,027,027.jpg,83,56.820686,1778073636.635543,1.366667,14.0,-32.0,pix
real_001_s001_2026-05-06_15-19-39-814,001,001,2,027,027.jpg,84,56.837353,1778073636.65221,1.383333,14.0,-32.0,pix
real_001_s001_2026-05-06_15-19-39-814,001,001,2,027,027.jpg,85,56.85402,1778073636.668876,1.4,14.0,-32.0,pix
real_001_s001_2026-05-06_15-19-39-814,001,001,2,027,027.jpg,86,56.870686,1778073636.685543,1.416667,14.0,-32.0,pix
real_001_s001_2026-05-06_15-19-39-814,001,001,2,027,027.jpg,87,56.887353,1778073636.702209,1.433333,14.0,-32.0,pix
real_001_s001_2026-05-06_15-19-39-814,001,001,2,027,027.jpg,88,56.90402,1778073636.718876,1.45,14.0,-32.0,pix
real_001_s001_2026-05-06_15-19-39-814,001,001,2,027,027.jpg,89,56.920686,1778073636.735543,1.466667,14.0,-32.0,pix
real_001_s001_2026-05-06_15-19-39-814,001,001,2,027,027.jpg,90,56.937353,1778073636.752209,1.483333,14.0,-32.0,pix
real_001_s001_2026-05-06_15-19-39-814,001,001,2,027,027.jpg,91,56.95402,1778073636.768876,1.5,14.0,-32.0,pix
real_001_s001_2026-05-06_15-19-39-814,001,001,2,027,027.jpg,92,56.970686,1778073636.785543,1.516667,14.0,-32.0,pix
real_001_s001_2026-05-06_15-19-39-814,001,001,2,027,027.jpg,93,56.987353,1778073636.802209,1.533333,14.0,-32.0,pix
real_001_s001_2026-05-06_15-19-39-814,001,001,2,027,027.jpg,94,57.00402,1778073636.818876,1.55,14.0,-32.0,pix
real_001_s001_2026-05-06_15-19-39-814,001,001,2,027,027.jpg,95,57.020686,1778073636.835543,1.566667,14.0,-32.0,pix
real_001_s001_2026-05-06_15-19-39-814,001,001,2,027,027.jpg,96,57.037353,1778073636.852209,1.583333,14.0,-32.0,pix
real_001_s001_2026-05-06_15-19-39-814,001,001,2,027,027.jpg,97,57.05402,1778073636.868876,1.6,14.0,-32.0,pix
real_001_s001_2026-05-06_15-19-39-814,001,001,2,027,027.jpg,98,57.070686,1778073636.885543,1.616667,14.0,-32.0,pix
real_001_s001_2026-05-06_15-19-39-814,001,001,2,027,027.jpg,99,57.087353,1778073636.90221,1.633333,14.0,-32.0,pix
real_001_s001_2026-05-06_15-19-39-814,001,001,2,027,027.jpg,100,57.10402,1778073636.918876,1.65,14.0,-32.0,pix
real_001_s001_2026-05-06_15-19-39-814,001,001,2,027,027.jpg,101,57.120686,1778073636.935543,1.666667,14.0,-32.0,pix
real_001_s001_2026-05-06_15-19-39-814,001,001,2,027,027.jpg,102,57.137353,1778073636.952209,1.683333,14.0,-32.0,pix
real_001_s001_2026-05-06_15-19-39-814,001,001,2,027,027.jpg,103,57.15402,1778073636.968876,1.7,14.0,-32.0,pix
real_001_s001_2026-05-06_15-19-39-814,001,001,2,027,027.jpg,104,57.170686,1778073636.985543,1.716667,14.0,-32.0,pix
real_001_s001_2026-05-06_15-19-39-814,001,001,2,027,027.jpg,105,57.187353,1778073637.002209,1.733333,14.0,-32.0,pix
real_001_s001_2026-05-06_15-19-39-814,001,001,2,027,027.jpg,106,57.20402,1778073637.018876,1.75,14.0,-32.0,pix
real_001_s001_2026-05-06_15-19-39-814,001,001,2,027,027.jpg,107,57.220686,1778073637.035543,1.766667,14.0,-32.0,pix
real_001_s001_2026-05-06_15-19-39-814,001,001,2,027,027.jpg,108,57.237353,1778073637.052209,1.783333,14.0,-32.0,pix
real_001_s001_2026-05-06_15-19-39-814,001,001,2,027,027.jpg,109,57.25402,1778073637.068876,1.8,14.0,-32.0,pix
real_001_s001_2026-05-06_15-19-39-814,001,001,2,027,027.jpg,110,57.270686,1778073637.085543,1.816667,14.0,-32.0,pix
real_001_s001_2026-05-06_15-19-39-814,001,001,2,027,027.jpg,111,57.287353,1778073637.102209,1.833333,14.0,-32.0,pix
real_001_s001_2026-05-06_15-19-39-814,001,001,2,027,027.jpg,112,57.30402,1778073637.118876,1.85,14.0,-32.0,pix
real_001_s001_2026-05-06_15-19-39-814,001,001,2,027,027.jpg,113,57.320686,1778073637.135543,1.866667,14.0,-32.0,pix
real_001_s001_2026-05-06_15-19-39-814,001,001,2,027,027.jpg,114,57.337353,1778073637.15221,1.883333,14.0,-32.0,pix
real_001_s001_2026-05-06_15-19-39-814,001,001,2,027,027.jpg,115,57.35402,1778073637.168876,1.9,14.0,-32.0,pix
real_001_s001_2026-05-06_15-19-39-814,001,001,2,027,027.jpg,116,57.370686,1778073637.185543,1.916667,14.0,-32.0,pix
real_001_s001_2026-05-06_15-19-39-814,001,001,2,027,027.jpg,117,57.387353,1778073637.202209,1.933333,14.0,-32.0,pix
real_001_s001_2026-05-06_15-19-39-814,001,001,2,027,027.jpg,118,57.40402,1778073637.218876,1.95,14.0,-32.0,pix
real_001_s001_2026-05-06_15-19-39-814,001,001,2,027,027.jpg,119,57.420686,1778073637.235543,1.966667,14.0,-32.0,pix
real_001_s001_2026-05-06_15-19-39-814,001,001,2,027,027.jpg,120,57.437353,1778073637.252209,1.983333,14.0,-32.0,pix
real_001_s001_2026-05-06_15-19-39-814,001,001,2,027,027.jpg,121,57.45402,1778073637.268876,2.0,14.0,-32.0,pix
real_001_s001_2026-05-06_15-19-39-814,001,001,2,027,027.jpg,122,57.470686,1778073637.285543,2.016667,14.0,-32.0,pix
real_001_s001_2026-05-06_15-19-39-814,001,001,2,027,027.jpg,123,57.487353,1778073637.302209,2.033333,14.0,-32.0,pix
real_001_s001_2026-05-06_15-19-39-814,001,001,2,027,027.jpg,124,57.50402,1778073637.318876,2.05,14.0,-32.0,pix
real_001_s001_2026-05-06_15-19-39-814,001,001,2,027,027.jpg,125,57.520686,1778073637.335543,2.066667,14.0,-32.0,pix
real_001_s001_2026-05-06_15-19-39-814,001,001,2,027,027.jpg,126,57.537353,1778073637.352209,2.083333,14.0,-32.0,pix
real_001_s001_2026-05-06_15-19-39-814,001,001,2,027,027.jpg,127,57.55402,1778073637.368876,2.1,14.0,-32.0,pix
real_001_s001_2026-05-06_15-19-39-814,001,001,2,027,027.jpg,128,57.570686,1778073637.385543,2.116667,14.0,-32.0,pix
real_001_s001_2026-05-06_15-19-39-814,001,001,2,027,027.jpg,129,57.587353,1778073637.40221,2.133333,14.0,-32.0,pix
real_001_s001_2026-05-06_15-19-39-814,001,001,2,027,027.jpg,130,57.60402,1778073637.418876,2.15,14.0,-32.0,pix
real_001_s001_2026-05-06_15-19-39-814,001,001,2,027,027.jpg,131,57.620686,1778073637.435543,2.166667,14.0,-32.0,pix
real_001_s001_2026-05-06_15-19-39-814,001,001,2,027,027.jpg,132,57.637353,1778073637.452209,2.183333,14.0,-32.0,pix
real_001_s001_2026-05-06_15-19-39-814,001,001,2,027,027.jpg,133,57.65402,1778073637.468876,2.2,14.0,-32.0,pix
real_001_s001_2026-05-06_15-19-39-814,001,001,2,027,027.jpg,134,57.670686,1778073637.485543,2.216667,14.0,-32.0,pix
real_001_s001_2026-05-06_15-19-39-814,001,001,2,027,027.jpg,135,57.687353,1778073637.502209,2.233333,14.0,-32.0,pix
real_001_s001_2026-05-06_15-19-39-814,001,001,2,027,027.jpg,136,57.70402,1778073637.518876,2.25,14.0,-32.0,pix
real_001_s001_2026-05-06_15-19-39-814,001,001,2,027,027.jpg,137,57.720686,1778073637.535543,2.266667,14.0,-32.0,pix
real_001_s001_2026-05-06_15-19-39-814,001,001,2,027,027.jpg,138,57.737353,1778073637.552209,2.283333,14.0,-32.0,pix
real_001_s001_2026-05-06_15-19-39-814,001,001,2,027,027.jpg,139,57.75402,1778073637.568876,2.3,14.0,-32.0,pix
real_001_s001_2026-05-06_15-19-39-814,001,001,2,027,027.jpg,140,57.770686,1778073637.585543,2.316667,14.0,-32.0,pix
real_001_s001_2026-05-06_15-19-39-814,001,001,2,027,027.jpg,141,57.787353,1778073637.602209,2.333333,14.0,-32.0,pix
real_001_s001_2026-05-06_15-19-39-814,001,001,2,027,027.jpg,142,57.80402,1778073637.618876,2.35,14.0,-32.0,pix
real_001_s001_2026-05-06_15-19-39-814,001,001,2,027,027.jpg,143,57.820686,1778073637.635543,2.366667,14.0,-32.0,pix
real_001_s001_2026-05-06_15-19-39-814,001,001,2,027,027.jpg,144,57.837353,1778073637.65221,2.383333,14.0,-32.0,pix
real_001_s001_2026-05-06_15-19-39-814,001,001,2,027,027.jpg,145,57.85402,1778073637.668876,2.4,14.0,-32.0,pix
real_001_s001_2026-05-06_15-19-39-814,001,001,2,027,027.jpg,146,57.870686,1778073637.685543,2.416667,14.0,-32.0,pix
real_001_s001_2026-05-06_15-19-39-814,001,001,2,027,027.jpg,147,57.887353,1778073637.702209,2.433333,14.0,-32.0,pix
real_001_s001_2026-05-06_15-19-39-814,001,001,2,027,027.jpg,148,57.90402,1778073637.718876,2.45,14.0,-32.0,pix
real_001_s001_2026-05-06_15-19-39-814,001,001,2,027,027.jpg,149,57.920686,1778073637.735543,2.466667,14.0,-32.0,pix
real_001_s001_2026-05-06_15-19-39-814,001,001,2,027,027.jpg,150,57.937353,1778073637.752209,2.483333,14.0,-32.0,pix
real_001_s001_2026-05-06_15-19-39-814,001,001,2,027,027.jpg,151,57.95402,1778073637.768876,2.5,14.0,-32.0,pix
real_001_s001_2026-05-06_15-19-39-814,001,001,2,027,027.jpg,152,57.970686,1778073637.785543,2.516667,14.0,-32.0,pix
real_001_s001_2026-05-06_15-19-39-814,001,001,2,027,027.jpg,153,57.987353,1778073637.802209,2.533333,14.0,-32.0,pix
real_001_s001_2026-05-06_15-19-39-814,001,001,2,027,027.jpg,154,58.00402,1778073637.818876,2.55,14.0,-32.0,pix
real_001_s001_2026-05-06_15-19-39-814,001,001,2,027,027.jpg,155,58.020686,1778073637.835543,2.566667,14.0,-32.0,pix
real_001_s001_2026-05-06_15-19-39-814,001,001,2,027,027.jpg,156,58.037353,1778073637.852209,2.583333,14.0,-32.0,pix
real_001_s001_2026-05-06_15-19-39-814,001,001,2,027,027.jpg,157,58.05402,1778073637.868876,2.6,14.0,-32.0,pix
real_001_s001_2026-05-06_15-19-39-814,001,001,2,027,027.jpg,158,58.070686,1778073637.885543,2.616667,14.0,-32.0,pix
real_001_s001_2026-05-06_15-19-39-814,001,001,2,027,027.jpg,159,58.087353,1778073637.90221,2.633333,14.0,-32.0,pix
real_001_s001_2026-05-06_15-19-39-814,001,001,2,027,027.jpg,160,58.10402,1778073637.918876,2.65,14.0,-32.0,pix
real_001_s001_2026-05-06_15-19-39-814,001,001,2,027,027.jpg,161,58.120686,1778073637.935543,2.666667,14.0,-32.0,pix
real_001_s001_2026-05-06_15-19-39-814,001,001,2,027,027.jpg,162,58.137353,1778073637.952209,2.683333,14.0,-32.0,pix
real_001_s001_2026-05-06_15-19-39-814,001,001,2,027,027.jpg,163,58.15402,1778073637.968876,2.7,14.0,-32.0,pix
real_001_s001_2026-05-06_15-19-39-814,001,001,2,027,027.jpg,164,58.170686,1778073637.985543,2.716667,14.0,-32.0,pix
real_001_s001_2026-05-06_15-19-39-814,001,001,2,027,027.jpg,165,58.187353,1778073638.002209,2.733333,14.0,-32.0,pix
real_001_s001_2026-05-06_15-19-39-814,001,001,2,027,027.jpg,166,58.20402,1778073638.018876,2.75,14.0,-32.0,pix
real_001_s001_2026-05-06_15-19-39-814,001,001,2,027,027.jpg,167,58.220686,1778073638.035543,2.766667,14.0,-32.0,pix
real_001_s001_2026-05-06_15-19-39-814,001,001,2,027,027.jpg,168,58.237353,1778073638.052209,2.783333,14.0,-32.0,pix
real_001_s001_2026-05-06_15-19-39-814,001,001,2,027,027.jpg,169,58.25402,1778073638.068876,2.8,14.0,-32.0,pix
real_001_s001_2026-05-06_15-19-39-814,001,001,2,027,027.jpg,170,58.270686,1778073638.085543,2.816667,14.0,-32.0,pix
real_001_s001_2026-05-06_15-19-39-814,001,001,2,027,027.jpg,171,58.287353,1778073638.102209,2.833333,14.0,-32.0,pix
real_001_s001_2026-05-06_15-19-39-814,001,001,2,027,027.jpg,172,58.30402,1778073638.118876,2.85,14.0,-32.0,pix
real_001_s001_2026-05-06_15-19-39-814,001,001,2,027,027.jpg,173,58.320686,1778073638.135543,2.866667,14.0,-32.0,pix
real_001_s001_2026-05-06_15-19-39-814,001,001,2,027,027.jpg,174,58.337353,1778073638.15221,2.883333,14.0,-32.0,pix
real_001_s001_2026-05-06_15-19-39-814,001,001,2,027,027.jpg,175,58.35402,1778073638.168876,2.9,14.0,-32.0,pix
real_001_s001_2026-05-06_15-19-39-814,001,001,2,027,027.jpg,176,58.370686,1778073638.185543,2.916667,14.0,-32.0,pix
real_001_s001_2026-05-06_15-19-39-814,001,001,2,027,027.jpg,177,58.387353,1778073638.202209,2.933333,14.0,-32.0,pix
real_001_s001_2026-05-06_15-19-39-814,001,001,2,027,027.jpg,178,58.40402,1778073638.218876,2.95,14.0,-32.0,pix
real_001_s001_2026-05-06_15-19-39-814,001,001,2,027,027.jpg,179,58.420686,1778073638.235543,2.966667,14.0,-32.0,pix
real_001_s001_2026-05-06_15-19-39-814,001,001,2,027,027.jpg,180,58.437353,1778073638.252209,2.983333,14.0,-32.0,pix
real_001_s001_2026-05-06_15-19-39-814,001,001,2,027,027.jpg,181,58.45402,1778073638.268876,3.0,14.0,-32.0,pix
real_001_s001_2026-05-06_15-19-39-814,001,001,2,027,027.jpg,182,58.470686,1778073638.285543,3.016667,14.0,-32.0,pix
real_001_s001_2026-05-06_15-19-39-814,001,001,2,027,027.jpg,183,58.487353,1778073638.302209,3.033333,14.0,-32.0,pix
real_001_s001_2026-05-06_15-19-39-814,001,001,2,027,027.jpg,184,58.50402,1778073638.318876,3.05,14.0,-32.0,pix
real_001_s001_2026-05-06_15-19-39-814,001,001,2,027,027.jpg,185,58.520686,1778073638.335543,3.066667,14.0,-32.0,pix
real_001_s001_2026-05-06_15-19-39-814,001,001,2,027,027.jpg,186,58.537353,1778073638.352209,3.083333,14.0,-32.0,pix
real_001_s001_2026-05-06_15-19-39-814,001,001,2,027,027.jpg,187,58.55402,1778073638.368876,3.1,14.0,-32.0,pix
real_001_s001_2026-05-06_15-19-39-814,001,001,2,027,027.jpg,188,58.570686,1778073638.385543,3.116667,14.0,-32.0,pix
real_001_s001_2026-05-06_15-19-39-814,001,001,2,027,027.jpg,189,58.587353,1778073638.40221,3.133333,14.0,-32.0,pix
real_001_s001_2026-05-06_15-19-39-814,001,001,2,027,027.jpg,190,58.60402,1778073638.418876,3.15,14.0,-32.0,pix
real_001_s001_2026-05-06_15-19-39-814,001,001,2,027,027.jpg,191,58.620686,1778073638.435543,3.166667,14.0,-32.0,pix
real_001_s001_2026-05-06_15-19-39-814,001,001,2,027,027.jpg,192,58.637353,1778073638.452209,3.183333,14.0,-32.0,pix
real_001_s001_2026-05-06_15-19-39-814,001,001,2,027,027.jpg,193,58.65402,1778073638.468876,3.2,14.0,-32.0,pix
real_001_s001_2026-05-06_15-19-39-814,001,001,2,027,027.jpg,194,58.670686,1778073638.485543,3.216667,14.0,-32.0,pix
real_001_s001_2026-05-06_15-19-39-814,001,001,2,027,027.jpg,195,58.687353,1778073638.502209,3.233333,14.0,-32.0,pix
real_001_s001_2026-05-06_15-19-39-814,001,001,2,027,027.jpg,196,58.70402,1778073638.518876,3.25,14.0,-32.0,pix
real_001_s001_2026-05-06_15-19-39-814,001,001,2,027,027.jpg,197,58.720686,1778073638.535543,3.266667,14.0,-32.0,pix
real_001_s001_2026-05-06_15-19-39-814,001,001,2,027,027.jpg,198,58.737353,1778073638.552209,3.283333,14.0,-32.0,pix
real_001_s001_2026-05-06_15-19-39-814,001,001,2,027,027.jpg,199,58.75402,1778073638.568876,3.3,14.0,-32.0,pix
real_001_s001_2026-05-06_15-19-39-814,001,001,2,027,027.jpg,200,58.770686,1778073638.585543,3.316667,14.0,-32.0,pix
real_001_s001_2026-05-06_15-19-39-814,001,001,2,027,027.jpg,201,58.787353,1778073638.602209,3.333333,14.0,-32.0,pix
real_001_s001_2026-05-06_15-19-39-814,001,001,2,027,027.jpg,202,58.80402,1778073638.618876,3.35,14.0,-32.0,pix
real_001_s001_2026-05-06_15-19-39-814,001,001,2,027,027.jpg,203,58.820686,1778073638.635543,3.366667,14.0,-32.0,pix
real_001_s001_2026-05-06_15-19-39-814,001,001,2,027,027.jpg,204,58.837353,1778073638.65221,3.383333,14.0,-32.0,pix
real_001_s001_2026-05-06_15-19-39-814,001,001,2,027,027.jpg,205,58.85402,1778073638.668876,3.4,14.0,-32.0,pix
real_001_s001_2026-05-06_15-19-39-814,001,001,2,027,027.jpg,206,58.870686,1778073638.685543,3.416667,14.0,-32.0,pix
real_001_s001_2026-05-06_15-19-39-814,001,001,2,027,027.jpg,207,58.887353,1778073638.702209,3.433333,14.0,-32.0,pix
real_001_s001_2026-05-06_15-19-39-814,001,001,2,027,027.jpg,208,58.90402,1778073638.718876,3.45,14.0,-32.0,pix
real_001_s001_2026-05-06_15-19-39-814,001,001,2,027,027.jpg,209,58.920686,1778073638.735543,3.466667,14.0,-32.0,pix
real_001_s001_2026-05-06_15-19-39-814,001,001,2,027,027.jpg,210,58.937353,1778073638.752209,3.483333,14.0,-32.0,pix
real_001_s001_2026-05-06_15-19-39-814,001,001,2,027,027.jpg,211,58.95402,1778073638.768876,3.5,14.0,-32.0,pix
real_001_s001_2026-05-06_15-19-39-814,001,001,2,027,027.jpg,212,58.970686,1778073638.785543,3.516667,14.0,-32.0,pix
real_001_s001_2026-05-06_15-19-39-814,001,001,2,027,027.jpg,213,58.987353,1778073638.802209,3.533333,14.0,-32.0,pix
real_001_s001_2026-05-06_15-19-39-814,001,001,2,027,027.jpg,214,59.00402,1778073638.818876,3.55,14.0,-32.0,pix
real_001_s001_2026-05-06_15-19-39-814,001,001,2,027,027.jpg,215,59.020686,1778073638.835543,3.566667,14.0,-32.0,pix
real_001_s001_2026-05-06_15-19-39-814,001,001,2,027,027.jpg,216,59.037353,1778073638.852209,3.583333,14.0,-32.0,pix
real_001_s001_2026-05-06_15-19-39-814,001,001,2,027,027.jpg,217,59.05402,1778073638.868876,3.6,14.0,-32.0,pix
real_001_s001_2026-05-06_15-19-39-814,001,001,2,027,027.jpg,218,59.070686,1778073638.885543,3.616667,14.0,-32.0,pix
real_001_s001_2026-05-06_15-19-39-814,001,001,2,027,027.jpg,219,59.087353,1778073638.90221,3.633333,14.0,-32.0,pix
real_001_s001_2026-05-06_15-19-39-814,001,001,2,027,027.jpg,220,59.10402,1778073638.918876,3.65,14.0,-32.0,pix
real_001_s001_2026-05-06_15-19-39-814,001,001,2,027,027.jpg,221,59.120686,1778073638.935543,3.666667,14.0,-32.0,pix
real_001_s001_2026-05-06_15-19-39-814,001,001,2,027,027.jpg,222,59.137353,1778073638.952209,3.683333,14.0,-32.0,pix
real_001_s001_2026-05-06_15-19-39-814,001,001,2,027,027.jpg,223,59.15402,1778073638.968876,3.7,14.0,-32.0,pix
real_001_s001_2026-05-06_15-19-39-814,001,001,2,027,027.jpg,224,59.170686,1778073638.985543,3.716667,14.0,-32.0,pix
real_001_s001_2026-05-06_15-19-39-814,001,001,2,027,027.jpg,225,59.187353,1778073639.002209,3.733333,14.0,-32.0,pix
real_001_s001_2026-05-06_15-19-39-814,001,001,2,027,027.jpg,226,59.20402,1778073639.018876,3.75,14.0,-32.0,pix
real_001_s001_2026-05-06_15-19-39-814,001,001,2,027,027.jpg,227,59.220686,1778073639.035543,3.766667,14.0,-32.0,pix
real_001_s001_2026-05-06_15-19-39-814,001,001,2,027,027.jpg,228,59.237353,1778073639.052209,3.783333,14.0,-32.0,pix
real_001_s001_2026-05-06_15-19-39-814,001,001,2,027,027.jpg,229,59.25402,1778073639.068876,3.8,14.073,-31.853,pix
real_001_s001_2026-05-06_15-19-39-814,001,001,2,027,027.jpg,230,59.270686,1778073639.085543,3.816667,18.114,-23.697,pix
real_001_s001_2026-05-06_15-19-39-814,001,001,2,027,027.jpg,231,59.287353,1778073639.102209,3.833333,24.025,-7.924,pix
real_001_s001_2026-05-06_15-19-39-814,001,001,2,027,027.jpg,232,59.30402,1778073639.118876,3.85,26.0,-1.968,pix
real_001_s001_2026-05-06_15-19-39-814,001,001,2,027,027.jpg,233,59.320686,1778073639.135543,3.866667,26.0,0.035,pix
real_001_s001_2026-05-06_15-19-39-814,001,001,2,027,027.jpg,234,59.337353,1778073639.15221,3.883333,26.0,2.0,pix
real_001_s001_2026-05-06_15-19-39-814,001,001,2,027,027.jpg,235,59.35402,1778073639.168876,3.9,25.965,2.0,pix
real_001_s001_2026-05-06_15-19-39-814,001,001,2,027,027.jpg,236,59.370686,1778073639.185543,3.916667,23.797,2.029,pix
real_001_s001_2026-05-06_15-19-39-814,001,001,2,027,027.jpg,237,59.387353,1778073639.202209,3.933333,8.931,4.0,pix
real_001_s001_2026-05-06_15-19-39-814,001,001,2,027,027.jpg,238,59.40402,1778073639.218876,3.95,-55.549,3.518,pix
real_001_s001_2026-05-06_15-19-39-814,001,001,2,027,027.jpg,239,59.420686,1778073639.235543,3.966667,-144.904,-24.581,pix
real_001_s001_2026-05-06_15-19-39-814,001,001,2,027,027.jpg,240,59.437353,1778073639.252209,3.983333,-200.61,-60.634,pix
real_001_s001_2026-05-06_15-19-39-814,001,001,2,027,027.jpg,241,59.45402,1778073639.268876,4.0,-250.185,-113.187,pix
real_001_s001_2026-05-06_15-19-39-814,001,001,2,027,027.jpg,242,59.470686,1778073639.285543,4.016667,-259.602,-176.199,pix
real_001_s001_2026-05-06_15-19-39-814,001,001,2,027,027.jpg,243,59.487353,1778073639.302209,4.033333,-214.421,-198.063,pix
real_001_s001_2026-05-06_15-19-39-814,001,001,2,027,027.jpg,244,59.50402,1778073639.318876,4.05,-113.122,-201.738,pix
real_001_s001_2026-05-06_15-19-39-814,001,001,2,027,027.jpg,245,59.520686,1778073639.335543,4.066667,40.579,-186.499,pix
real_001_s001_2026-05-06_15-19-39-814,001,001,2,027,027.jpg,246,59.537353,1778073639.352209,4.083333,172.965,-108.849,pix
real_001_s001_2026-05-06_15-19-39-814,001,001,2,027,027.jpg,247,59.55402,1778073639.368876,4.1,224.718,-46.043,pix
real_001_s001_2026-05-06_15-19-39-814,001,001,2,027,027.jpg,248,59.570686,1778073639.385543,4.116667,267.102,74.725,pix
real_001_s001_2026-05-06_15-19-39-814,001,001,2,027,027.jpg,249,59.587353,1778073639.40221,4.133333,208.73,244.248,pix
real_001_s001_2026-05-06_15-19-39-814,001,001,2,027,027.jpg,250,59.60402,1778073639.418876,4.15,15.377,375.105,pix
real_001_s001_2026-05-06_15-19-39-814,001,001,2,027,027.jpg,251,59.620686,1778073639.435543,4.166667,-259.579,439.923,pix
real_001_s001_2026-05-06_15-19-39-814,001,001,2,027,027.jpg,252,59.637353,1778073639.452209,4.183333,-444.454,434.672,pix
real_001_s001_2026-05-06_15-19-39-814,001,001,2,027,027.jpg,253,59.65402,1778073639.468876,4.2,-565.616,368.35,pix
real_001_s001_2026-05-06_15-19-39-814,001,001,2,027,027.jpg,254,59.670686,1778073639.485543,4.216667,-658.0,272.928,pix
real_001_s001_2026-05-06_15-19-39-814,001,001,2,027,027.jpg,255,59.687353,1778073639.502209,4.233333,-657.222,215.357,pix
real_001_s001_2026-05-06_15-19-39-814,001,001,2,027,027.jpg,256,59.70402,1778073639.518876,4.25,-609.866,177.486,pix
real_001_s001_2026-05-06_15-19-39-814,001,001,2,027,027.jpg,257,59.720686,1778073639.535543,4.266667,-501.499,151.926,pix
real_001_s001_2026-05-06_15-19-39-814,001,001,2,027,027.jpg,258,59.737353,1778073639.552209,4.283333,-366.823,148.135,pix
real_001_s001_2026-05-06_15-19-39-814,001,001,2,027,027.jpg,259,59.75402,1778073639.568876,4.3,-297.024,156.697,pix
real_001_s001_2026-05-06_15-19-39-814,001,001,2,027,027.jpg,260,59.770686,1778073639.585543,4.316667,-241.612,198.117,pix
real_001_s001_2026-05-06_15-19-39-814,001,001,2,027,027.jpg,261,59.787353,1778073639.602209,4.333333,-224.554,320.107,pix
real_001_s001_2026-05-06_15-19-39-814,001,001,2,027,027.jpg,262,59.80402,1778073639.618876,4.35,-468.641,537.483,pix
real_001_s001_2026-05-06_15-19-39-814,001,001,2,027,027.jpg,263,59.820686,1778073639.635543,4.366667,-758.117,628.0,pix
real_001_s001_2026-05-06_15-19-39-814,001,001,2,027,027.jpg,264,59.837353,1778073639.65221,4.383333,-1101.723,625.04,pix
real_001_s001_2026-05-06_15-19-39-814,001,001,2,027,027.jpg,265,59.85402,1778073639.668876,4.4,-1264.139,492.634,pix
real_001_s001_2026-05-06_15-19-39-814,001,001,2,027,027.jpg,266,59.870686,1778073639.685543,4.416667,-1269.07,299.263,pix
real_001_s001_2026-05-06_15-19-39-814,001,001,2,027,027.jpg,267,59.887353,1778073639.702209,4.433333,-1110.645,157.046,pix
real_001_s001_2026-05-06_15-19-39-814,001,001,2,027,027.jpg,268,59.90402,1778073639.718876,4.45,-619.784,3.696,pix
real_001_s001_2026-05-06_15-19-39-814,001,001,2,027,027.jpg,269,59.920686,1778073639.735543,4.466667,-254.637,-14.0,pix
real_001_s001_2026-05-06_15-19-39-814,001,001,2,027,027.jpg,270,59.937353,1778073639.752209,4.483333,2.266,-12.334,pix
real_001_s001_2026-05-06_15-19-39-814,001,001,2,027,027.jpg,271,59.95402,1778073639.768876,4.5,209.854,71.746,pix
real_001_s001_2026-05-06_15-19-39-814,001,001,2,027,027.jpg,272,59.970686,1778073639.785543,4.516667,301.613,268.479,pix
real_001_s001_2026-05-06_15-19-39-814,001,001,2,027,027.jpg,273,59.987353,1778073639.802209,4.533333,159.053,645.664,pix
real_001_s001_2026-05-06_15-19-39-814,001,001,2,027,027.jpg,274,60.00402,1778073639.818876,4.55,-113.468,843.856,pix
real_001_s001_2026-05-06_15-19-39-814,001,001,2,027,027.jpg,275,60.020686,1778073639.835543,4.566667,-451.482,923.341,pix
real_001_s001_2026-05-06_15-19-39-814,001,001,2,027,027.jpg,276,60.037353,1778073639.852209,4.583333,-869.185,770.644,pix
real_001_s001_2026-05-06_15-19-39-814,001,001,2,027,027.jpg,277,60.05402,1778073639.868876,4.6,-1042.763,474.443,pix
real_001_s001_2026-05-06_15-19-39-814,001,001,2,027,027.jpg,278,60.070686,1778073639.885543,4.616667,-1083.019,169.757,pix
real_001_s001_2026-05-06_15-19-39-814,001,001,2,027,027.jpg,279,60.087353,1778073639.90221,4.633333,-1011.959,-123.817,pix
real_001_s001_2026-05-06_15-19-39-814,001,001,2,027,027.jpg,280,60.10402,1778073639.918876,4.65,-796.277,-325.373,pix
real_001_s001_2026-05-06_15-19-39-814,001,001,2,027,027.jpg,281,60.120686,1778073639.935543,4.666667,-591.215,-400.305,pix
real_001_s001_2026-05-06_15-19-39-814,001,001,2,027,027.jpg,282,60.137353,1778073639.952209,4.683333,-445.573,-415.052,pix
real_001_s001_2026-05-06_15-19-39-814,001,001,2,027,027.jpg,283,60.15402,1778073639.968876,4.7,-319.663,-363.274,pix
real_001_s001_2026-05-06_15-19-39-814,001,001,2,027,027.jpg,284,60.170686,1778073639.985543,4.716667,-302.736,-200.505,pix
real_001_s001_2026-05-06_15-19-39-814,001,001,2,027,027.jpg,285,60.187353,1778073640.002209,4.733333,-465.659,7.565,pix
real_001_s001_2026-05-06_15-19-39-814,001,001,2,027,027.jpg,286,60.20402,1778073640.018876,4.75,-610.445,88.441,pix
real_001_s001_2026-05-06_15-19-39-814,001,001,2,027,027.jpg,287,60.220686,1778073640.035543,4.766667,-848.859,111.174,pix
real_001_s001_2026-05-06_15-19-39-814,001,001,2,027,027.jpg,288,60.237353,1778073640.052209,4.783333,-900.736,59.792,pix
real_001_s001_2026-05-06_15-19-39-814,001,001,2,027,027.jpg,289,60.25402,1778073640.068876,4.8,-937.159,-53.951,pix
real_001_s001_2026-05-06_15-19-39-814,001,001,2,027,027.jpg,290,60.270686,1778073640.085543,4.816667,-890.216,-156.573,pix
real_001_s001_2026-05-06_15-19-39-814,001,001,2,027,027.jpg,291,60.287353,1778073640.102209,4.833333,-692.233,-290.422,pix
real_001_s001_2026-05-06_15-19-39-814,001,001,2,027,027.jpg,292,60.30402,1778073640.118876,4.85,-599.666,-312.359,pix
real_001_s001_2026-05-06_15-19-39-814,001,001,2,027,027.jpg,293,60.320686,1778073640.135543,4.866667,-470.492,-331.837,pix
real_001_s001_2026-05-06_15-19-39-814,001,001,2,027,027.jpg,294,60.337353,1778073640.15221,4.883333,-397.842,-322.29,pix
real_001_s001_2026-05-06_15-19-39-814,001,001,2,027,027.jpg,295,60.35402,1778073640.168876,4.9,-391.164,-212.678,pix
real_001_s001_2026-05-06_15-19-39-814,001,001,2,027,027.jpg,296,60.370686,1778073640.185543,4.916667,-553.361,-45.925,pix
real_001_s001_2026-05-06_15-19-39-814,001,001,2,027,027.jpg,297,60.387353,1778073640.202209,4.933333,-800.4,47.766,pix
real_001_s001_2026-05-06_15-19-39-814,001,001,2,027,027.jpg,298,60.40402,1778073640.218876,4.95,-985.706,36.944,pix
real_001_s001_2026-05-06_15-19-39-814,001,001,2,027,027.jpg,299,60.420686,1778073640.235543,4.966667,-1068.731,-15.506,pix
real_001_s001_2026-05-06_15-19-39-814,001,001,2,027,027.jpg,300,60.437353,1778073640.252209,4.983333,-1100.724,-85.152,pix
real_001_s001_2026-05-06_15-19-39-814,001,001,2,027,027.jpg,301,60.45402,1778073640.268876,5.0,-1034.588,-141.015,pix
real_001_s001_2026-05-06_15-19-39-814,001,001,2,027,027.jpg,302,60.470686,1778073640.285543,5.016667,-780.64,-188.0,pix
real_001_s001_2026-05-06_15-19-39-814,001,001,2,027,027.jpg,303,60.487353,1778073640.302209,5.033333,-616.183,-187.258,pix
real_001_s001_2026-05-06_15-19-39-814,001,001,2,027,027.jpg,304,60.50402,1778073640.318876,5.05,-517.985,-146.064,pix
real_001_s001_2026-05-06_15-19-39-814,001,001,2,027,027.jpg,305,60.520686,1778073640.335543,5.066667,-417.957,-48.361,pix
real_001_s001_2026-05-06_15-19-39-814,001,001,2,027,027.jpg,306,60.537353,1778073640.352209,5.083333,-417.678,26.985,pix
real_001_s001_2026-05-06_15-19-39-814,001,001,2,027,027.jpg,307,60.55402,1778073640.368876,5.1,-510.597,80.162,pix
real_001_s001_2026-05-06_15-19-39-814,001,001,2,027,027.jpg,308,60.570686,1778073640.385543,5.116667,-637.942,87.603,pix
real_001_s001_2026-05-06_15-19-39-814,001,001,2,027,027.jpg,309,60.587353,1778073640.40221,5.133333,-725.052,69.219,pix
real_001_s001_2026-05-06_15-19-39-814,001,001,2,027,027.jpg,310,60.60402,1778073640.418876,5.15,-786.04,23.524,pix
real_001_s001_2026-05-06_15-19-39-814,001,001,2,027,027.jpg,311,60.620686,1778073640.435543,5.166667,-787.188,-0.731,pix
real_001_s001_2026-05-06_15-19-39-814,001,001,2,027,027.jpg,312,60.637353,1778073640.452209,5.183333,-745.737,-36.675,pix
real_001_s001_2026-05-06_15-19-39-814,001,001,2,027,027.jpg,313,60.65402,1778073640.468876,5.2,-632.355,-70.12,pix
real_001_s001_2026-05-06_15-19-39-814,001,001,2,027,027.jpg,314,60.670686,1778073640.485543,5.216667,-550.484,-76.0,pix
real_001_s001_2026-05-06_15-19-39-814,001,001,2,027,027.jpg,315,60.687353,1778073640.502209,5.233333,-475.462,-75.628,pix
real_001_s001_2026-05-06_15-19-39-814,001,001,2,027,027.jpg,316,60.70402,1778073640.518876,5.25,-449.965,-57.296,pix
real_001_s001_2026-05-06_15-19-39-814,001,001,2,027,027.jpg,317,60.720686,1778073640.535543,5.266667,-448.042,-17.709,pix
real_001_s001_2026-05-06_15-19-39-814,001,001,2,027,027.jpg,318,60.737353,1778073640.552209,5.283333,-450.263,-3.737,pix
real_001_s001_2026-05-06_15-19-39-814,001,001,2,027,027.jpg,319,60.75402,1778073640.568876,5.3,-462.355,8.051,pix
real_001_s001_2026-05-06_15-19-39-814,001,001,2,027,027.jpg,320,60.770686,1778073640.585543,5.316667,-476.0,9.551,pix
real_001_s001_2026-05-06_15-19-39-814,001,001,2,027,027.jpg,321,60.787353,1778073640.602209,5.333333,-475.673,-14.618,pix
real_001_s001_2026-05-06_15-19-39-814,001,001,2,027,027.jpg,322,60.80402,1778073640.618876,5.35,-457.051,-48.949,pix
real_001_s001_2026-05-06_15-19-39-814,001,001,2,027,027.jpg,323,60.820686,1778073640.635543,5.366667,-411.306,-94.501,pix
real_001_s001_2026-05-06_15-19-39-814,001,001,2,027,027.jpg,324,60.837353,1778073640.65221,5.383333,-375.573,-120.388,pix
real_001_s001_2026-05-06_15-19-39-814,001,001,2,027,027.jpg,325,60.85402,1778073640.668876,5.4,-353.912,-140.088,pix
real_001_s001_2026-05-06_15-19-39-814,001,001,2,027,027.jpg,326,60.870686,1778073640.685543,5.416667,-350.0,-144.0,pix
real_001_s001_2026-05-06_15-19-39-814,001,001,2,027,027.jpg,327,60.887353,1778073640.702209,5.433333,-350.0,-144.0,pix
real_001_s001_2026-05-06_15-19-39-814,001,001,2,027,027.jpg,328,60.90402,1778073640.718876,5.45,-350.0,-144.0,pix
real_001_s001_2026-05-06_15-19-39-814,001,001,2,027,027.jpg,329,60.920686,1778073640.735543,5.466667,-350.0,-144.0,pix
real_001_s001_2026-05-06_15-19-39-814,001,001,2,027,027.jpg,330,60.937353,1778073640.752209,5.483333,-350.0,-144.0,pix
real_001_s001_2026-05-06_15-19-39-814,001,001,2,027,027.jpg,331,60.95402,1778073640.768876,5.5,-350.0,-144.0,pix
real_001_s001_2026-05-06_15-19-39-814,001,001,2,027,027.jpg,332,60.970686,1778073640.785543,5.516667,-350.0,-144.0,pix
real_001_s001_2026-05-06_15-19-39-814,001,001,2,027,027.jpg,333,60.987353,1778073640.802209,5.533333,-348.444,-144.558,pix
real_001_s001_2026-05-06_15-19-39-814,001,001,2,027,027.jpg,334,61.00402,1778073640.818876,5.55,-270.157,-172.537,pix
real_001_s001_2026-05-06_15-19-39-814,001,001,2,027,027.jpg,335,61.020686,1778073640.835543,5.566667,-173.987,-200.19,pix
real_001_s001_2026-05-06_15-19-39-814,001,001,2,027,027.jpg,336,61.037353,1778073640.852209,5.583333,-67.8,-210.0,pix
real_001_s001_2026-05-06_15-19-39-814,001,001,2,027,027.jpg,337,61.05402,1778073640.868876,5.6,31.519,-209.448,pix
real_001_s001_2026-05-06_15-19-39-814,001,001,2,027,027.jpg,338,61.070686,1778073640.885543,5.616667,97.634,-185.036,pix
real_001_s001_2026-05-06_15-19-39-814,001,001,2,027,027.jpg,339,61.087353,1778073640.90221,5.633333,174.508,-138.266,pix
real_001_s001_2026-05-06_15-19-39-814,001,001,2,027,027.jpg,340,61.10402,1778073640.918876,5.65,195.741,-56.795,pix
real_001_s001_2026-05-06_15-19-39-814,001,001,2,027,027.jpg,341,61.120686,1778073640.935543,5.666667,70.536,6.395,pix
real_001_s001_2026-05-06_15-19-39-814,001,001,2,027,027.jpg,342,61.137353,1778073640.952209,5.683333,-228.017,20.636,pix
real_001_s001_2026-05-06_15-19-39-814,001,001,2,027,027.jpg,343,61.15402,1778073640.968876,5.7,-438.324,-51.732,pix
real_001_s001_2026-05-06_15-19-39-814,001,001,2,027,027.jpg,344,61.170686,1778073640.985543,5.716667,-547.686,-133.953,pix
real_001_s001_2026-05-06_15-19-39-814,001,001,2,027,027.jpg,345,61.187353,1778073641.002209,5.733333,-622.048,-220.225,pix
real_001_s001_2026-05-06_15-19-39-814,001,001,2,027,027.jpg,346,61.20402,1778073641.018876,5.75,-641.665,-315.302,pix
real_001_s001_2026-05-06_15-19-39-814,001,001,2,027,027.jpg,347,61.220686,1778073641.035543,5.766667,-622.925,-384.786,pix
real_001_s001_2026-05-06_15-19-39-814,001,001,2,027,027.jpg,348,61.237353,1778073641.052209,5.783333,-571.015,-422.387,pix
real_001_s001_2026-05-06_15-19-39-814,001,001,2,027,027.jpg,349,61.25402,1778073641.068876,5.8,-515.373,-444.045,pix
real_001_s001_2026-05-06_15-19-39-814,001,001,2,027,027.jpg,350,61.270686,1778073641.085543,5.816667,-487.956,-444.076,pix
real_001_s001_2026-05-06_15-19-39-814,001,001,2,027,027.jpg,351,61.287353,1778073641.102209,5.833333,-488.044,-355.743,pix
real_001_s001_2026-05-06_15-19-39-814,001,001,2,027,027.jpg,352,61.30402,1778073641.118876,5.85,-584.855,-250.067,pix
real_001_s001_2026-05-06_15-19-39-814,001,001,2,027,027.jpg,353,61.320686,1778073641.135543,5.866667,-716.1,-163.631,pix
real_001_s001_2026-05-06_15-19-39-814,001,001,2,027,027.jpg,354,61.337353,1778073641.15221,5.883333,-891.35,-149.117,pix
real_001_s001_2026-05-06_15-19-39-814,001,001,2,027,027.jpg,355,61.35402,1778073641.168876,5.9,-948.744,-197.612,pix
real_001_s001_2026-05-06_15-19-39-814,001,001,2,027,027.jpg,356,61.370686,1778073641.185543,5.916667,-984.271,-276.44,pix
real_001_s001_2026-05-06_15-19-39-814,001,001,2,027,027.jpg,357,61.387353,1778073641.202209,5.933333,-994.863,-383.662,pix
real_001_s001_2026-05-06_15-19-39-814,001,001,2,027,027.jpg,358,61.40402,1778073641.218876,5.95,-941.074,-459.403,pix
real_001_s001_2026-05-06_15-19-39-814,001,001,2,027,027.jpg,359,61.420686,1778073641.235543,5.966667,-795.445,-528.082,pix
real_001_s001_2026-05-06_15-19-39-814,001,001,2,027,027.jpg,360,61.437353,1778073641.252209,5.983333,-667.661,-530.705,pix
real_001_s001_2026-05-06_15-19-39-814,001,001,2,027,027.jpg,361,61.45402,1778073641.268876,6.0,-385.056,-469.848,pix
real_001_s001_2026-05-06_15-19-39-814,001,001,2,027,027.jpg,362,61.470686,1778073641.285543,6.016667,-175.237,-292.288,pix
real_001_s001_2026-05-06_15-19-39-814,001,001,2,027,027.jpg,363,61.487353,1778073641.302209,6.033333,-39.397,-108.995,pix
real_001_s001_2026-05-06_15-19-39-814,001,001,2,027,027.jpg,364,61.50402,1778073641.318876,6.05,141.246,166.004,pix
real_001_s001_2026-05-06_15-19-39-814,001,001,2,027,027.jpg,365,61.520686,1778073641.335543,6.066667,233.269,313.734,pix
real_001_s001_2026-05-06_15-19-39-814,001,001,2,027,027.jpg,366,61.537353,1778073641.352209,6.083333,292.756,394.798,pix
real_001_s001_2026-05-06_15-19-39-814,001,001,2,027,027.jpg,367,61.55402,1778073641.368876,6.1,328.414,432.372,pix
real_001_s001_2026-05-06_15-19-39-814,001,001,2,027,027.jpg,368,61.570686,1778073641.385543,6.116667,348.35,450.306,pix
real_001_s001_2026-05-06_15-19-39-814,001,001,2,027,027.jpg,369,61.587353,1778073641.40221,6.133333,364.181,464.136,pix
real_001_s001_2026-05-06_15-19-39-814,001,001,2,027,027.jpg,370,61.60402,1778073641.418876,6.15,372.047,470.047,pix
real_001_s001_2026-05-06_15-19-39-814,001,001,2,027,027.jpg,371,61.620686,1778073641.435543,6.166667,374.046,472.0,pix
real_001_s001_2026-05-06_15-19-39-814,001,001,2,027,027.jpg,372,61.637353,1778073641.452209,6.183333,376.0,471.621,pix
real_001_s001_2026-05-06_15-19-39-814,001,001,2,027,027.jpg,373,61.65402,1778073641.468876,6.2,376.0,453.524,pix
real_001_s001_2026-05-06_15-19-39-814,001,001,2,027,027.jpg,374,61.670686,1778073641.485543,6.216667,374.739,432.581,pix
real_001_s001_2026-05-06_15-19-39-814,001,001,2,027,027.jpg,375,61.687353,1778073641.502209,6.233333,323.829,379.583,pix
real_001_s001_2026-05-06_15-19-39-814,001,001,2,027,027.jpg,376,61.70402,1778073641.518876,6.25,140.836,362.0,pix
real_001_s001_2026-05-06_15-19-39-814,001,001,2,027,027.jpg,377,61.720686,1778073641.535543,6.266667,-163.938,362.131,pix
real_001_s001_2026-05-06_15-19-39-814,001,001,2,027,027.jpg,378,61.737353,1778073641.552209,6.283333,-434.092,367.956,pix
real_001_s001_2026-05-06_15-19-39-814,001,001,2,027,027.jpg,379,61.75402,1778073641.568876,6.3,-618.63,365.019,pix
real_001_s001_2026-05-06_15-19-39-814,001,001,2,027,027.jpg,380,61.770686,1778073641.585543,6.316667,-735.359,320.27,pix
real_001_s001_2026-05-06_15-19-39-814,001,001,2,027,027.jpg,381,61.787353,1778073641.602209,6.333333,-799.871,236.287,pix
real_001_s001_2026-05-06_15-19-39-814,001,001,2,027,027.jpg,382,61.80402,1778073641.618876,6.35,-792.917,156.781,pix
real_001_s001_2026-05-06_15-19-39-814,001,001,2,027,027.jpg,383,61.820686,1778073641.635543,6.366667,-745.301,103.301,pix
real_001_s001_2026-05-06_15-19-39-814,001,001,2,027,027.jpg,384,61.837353,1778073641.65221,6.383333,-715.547,73.497,pix
real_001_s001_2026-05-06_15-19-39-814,001,001,2,027,027.jpg,385,61.85402,1778073641.668876,6.4,-697.903,53.951,pix
real_001_s001_2026-05-06_15-19-39-814,001,001,2,027,027.jpg,386,61.870686,1778073641.685543,6.416667,-694.361,52.045,pix
real_001_s001_2026-05-06_15-19-39-814,001,001,2,027,027.jpg,387,61.887353,1778073641.702209,6.433333,-710.564,54.0,pix
real_001_s001_2026-05-06_15-19-39-814,001,001,2,027,027.jpg,388,61.90402,1778073641.718876,6.45,-734.635,54.0,pix
real_001_s001_2026-05-06_15-19-39-814,001,001,2,027,027.jpg,389,61.920686,1778073641.735543,6.466667,-764.233,53.767,pix
real_001_s001_2026-05-06_15-19-39-814,001,001,2,027,027.jpg,390,61.937353,1778073641.752209,6.483333,-774.043,42.748,pix
real_001_s001_2026-05-06_15-19-39-814,001,001,2,027,027.jpg,391,61.95402,1778073641.768876,6.5,-774.958,-15.404,pix
real_001_s001_2026-05-06_15-19-39-814,001,001,2,027,027.jpg,392,61.970686,1778073641.785543,6.516667,-726.684,-78.024,pix
real_001_s001_2026-05-06_15-19-39-814,001,001,2,027,027.jpg,393,61.987353,1778073641.802209,6.533333,-572.454,-170.993,pix
real_001_s001_2026-05-06_15-19-39-814,001,001,2,027,027.jpg,394,62.00402,1778073641.818876,6.55,-421.579,-212.425,pix
real_001_s001_2026-05-06_15-19-39-814,001,001,2,027,027.jpg,395,62.020686,1778073641.835543,6.566667,-214.555,-232.0,pix
real_001_s001_2026-05-06_15-19-39-814,001,001,2,027,027.jpg,396,62.037353,1778073641.852209,6.583333,-42.312,-228.066,pix
real_001_s001_2026-05-06_15-19-39-814,001,001,2,027,027.jpg,397,62.05402,1778073641.868876,6.6,104.39,-68.827,pix
real_001_s001_2026-05-06_15-19-39-814,001,001,2,027,027.jpg,398,62.070686,1778073641.885543,6.616667,131.108,157.444,pix
real_001_s001_2026-05-06_15-19-39-814,001,001,2,027,027.jpg,399,62.087353,1778073641.90221,6.633333,87.575,226.196,pix
real_001_s001_2026-05-06_15-19-39-814,001,001,2,027,027.jpg,400,62.10402,1778073641.918876,6.65,-19.685,320.0,pix
real_001_s001_2026-05-06_15-19-39-814,001,001,2,027,027.jpg,401,62.120686,1778073641.935543,6.666667,-176.109,318.111,pix
real_001_s001_2026-05-06_15-19-39-814,001,001,2,027,027.jpg,402,62.137353,1778073641.952209,6.683333,-272.078,231.174,pix
real_001_s001_2026-05-06_15-19-39-814,001,001,2,027,027.jpg,403,62.15402,1778073641.968876,6.7,-370.748,95.989,pix
real_001_s001_2026-05-06_15-19-39-814,001,001,2,027,027.jpg,404,62.170686,1778073641.985543,6.716667,-402.236,9.974,pix
real_001_s001_2026-05-06_15-19-39-814,001,001,2,027,027.jpg,405,62.187353,1778073642.002209,6.733333,-411.497,-76.313,pix
real_001_s001_2026-05-06_15-19-39-814,001,001,2,027,027.jpg,406,62.20402,1778073642.018876,6.75,-389.991,-166.526,pix
real_001_s001_2026-05-06_15-19-39-814,001,001,2,027,027.jpg,407,62.220686,1778073642.035543,6.766667,-303.93,-187.197,pix
real_001_s001_2026-05-06_15-19-39-814,001,001,2,027,027.jpg,408,62.237353,1778073642.052209,6.783333,-165.494,-158.965,pix
real_001_s001_2026-05-06_15-19-39-814,001,001,2,027,027.jpg,409,62.25402,1778073642.068876,6.8,-119.906,-62.802,pix
real_001_s001_2026-05-06_15-19-39-814,001,001,2,027,027.jpg,410,62.270686,1778073642.085543,6.816667,-116.861,72.176,pix
real_001_s001_2026-05-06_15-19-39-814,001,001,2,027,027.jpg,411,62.287353,1778073642.102209,6.833333,-155.529,167.776,pix
real_001_s001_2026-05-06_15-19-39-814,001,001,2,027,027.jpg,412,62.30402,1778073642.118876,6.85,-216.52,238.303,pix
real_001_s001_2026-05-06_15-19-39-814,001,001,2,027,027.jpg,413,62.320686,1778073642.135543,6.866667,-240.372,252.186,pix
real_001_s001_2026-05-06_15-19-39-814,001,001,2,027,027.jpg,414,62.337353,1778073642.15221,6.883333,-256.0,259.909,pix
real_001_s001_2026-05-06_15-19-39-814,001,001,2,027,027.jpg,415,62.35402,1778073642.168876,6.9,-254.172,254.922,pix
real_001_s001_2026-05-06_15-19-39-814,001,001,2,027,027.jpg,416,62.370686,1778073642.185543,6.916667,-174.37,208.604,pix
real_001_s001_2026-05-06_15-19-39-814,001,001,2,027,027.jpg,417,62.387353,1778073642.202209,6.933333,-19.994,149.627,pix
real_001_s001_2026-05-06_15-19-39-814,001,001,2,027,027.jpg,418,62.40402,1778073642.218876,6.95,153.534,117.914,pix
real_001_s001_2026-05-06_15-19-39-814,001,001,2,027,027.jpg,419,62.420686,1778073642.235543,6.966667,314.708,114.528,pix
real_001_s001_2026-05-06_15-19-39-814,001,001,2,027,027.jpg,420,62.437353,1778073642.252209,6.983333,408.179,186.686,pix
real_001_s001_2026-05-06_15-19-39-814,001,001,2,027,027.jpg,421,62.45402,1778073642.268876,7.0,417.287,335.73,pix
real_001_s001_2026-05-06_15-19-39-814,001,001,2,027,027.jpg,422,62.470686,1778073642.285543,7.016667,374.972,436.939,pix
real_001_s001_2026-05-06_15-19-39-814,001,001,2,027,027.jpg,423,62.487353,1778073642.302209,7.033333,304.52,500.683,pix
real_001_s001_2026-05-06_15-19-39-814,001,001,2,027,027.jpg,424,62.50402,1778073642.318876,7.05,226.28,536.0,pix
real_001_s001_2026-05-06_15-19-39-814,001,001,2,027,027.jpg,425,62.520686,1778073642.335543,7.066667,121.409,535.519,pix
real_001_s001_2026-05-06_15-19-39-814,001,001,2,027,027.jpg,426,62.537353,1778073642.352209,7.083333,89.416,508.807,pix
real_001_s001_2026-05-06_15-19-39-814,001,001,2,027,027.jpg,427,62.55402,1778073642.368876,7.1,43.946,414.571,pix
real_001_s001_2026-05-06_15-19-39-814,001,001,2,027,027.jpg,428,62.570686,1778073642.385543,7.116667,40.0,308.237,pix
real_001_s001_2026-05-06_15-19-39-814,001,001,2,027,027.jpg,429,62.587353,1778073642.40221,7.133333,40.605,179.39,pix
real_001_s001_2026-05-06_15-19-39-814,001,001,2,027,027.jpg,430,62.60402,1778073642.418876,7.15,72.345,42.903,pix
real_001_s001_2026-05-06_15-19-39-814,001,001,2,027,027.jpg,431,62.620686,1778073642.435543,7.166667,94.119,-26.478,pix
real_001_s001_2026-05-06_15-19-39-814,001,001,2,027,027.jpg,432,62.637353,1778073642.452209,7.183333,101.903,-58.354,pix
real_001_s001_2026-05-06_15-19-39-814,001,001,2,027,027.jpg,433,62.65402,1778073642.468876,7.2,92.689,-78.345,pix
real_001_s001_2026-05-06_15-19-39-814,001,001,2,027,027.jpg,434,62.670686,1778073642.485543,7.216667,-132.893,34.107,pix
real_001_s001_2026-05-06_15-19-39-814,001,001,2,027,027.jpg,435,62.687353,1778073642.502209,7.233333,-573.189,236.79,pix
real_001_s001_2026-05-06_15-19-39-814,001,001,2,027,027.jpg,436,62.70402,1778073642.518876,7.25,-793.485,290.427,pix
real_001_s001_2026-05-06_15-19-39-814,001,001,2,027,027.jpg,437,62.720686,1778073642.535543,7.266667,-1124.615,315.451,pix
real_001_s001_2026-05-06_15-19-39-814,001,001,2,027,027.jpg,438,62.737353,1778073642.552209,7.283333,-1285.113,279.815,pix
real_001_s001_2026-05-06_15-19-39-814,001,001,2,027,027.jpg,439,62.75402,1778073642.568876,7.3,-1338.0,173.772,pix
real_001_s001_2026-05-06_15-19-39-814,001,001,2,027,027.jpg,440,62.770686,1778073642.585543,7.316667,-1332.497,25.979,pix
real_001_s001_2026-05-06_15-19-39-814,001,001,2,027,027.jpg,441,62.787353,1778073642.602209,7.333333,-1060.645,-270.52,pix
real_001_s001_2026-05-06_15-19-39-814,001,001,2,027,027.jpg,442,62.80402,1778073642.618876,7.35,-884.901,-337.048,pix
real_001_s001_2026-05-06_15-19-39-814,001,001,2,027,027.jpg,443,62.820686,1778073642.635543,7.366667,-594.231,-395.842,pix
real_001_s001_2026-05-06_15-19-39-814,001,001,2,027,027.jpg,444,62.837353,1778073642.65221,7.383333,-355.735,-383.517,pix
real_001_s001_2026-05-06_15-19-39-814,001,001,2,027,027.jpg,445,62.85402,1778073642.668876,7.4,-65.654,-212.321,pix
real_001_s001_2026-05-06_15-19-39-814,001,001,2,027,027.jpg,446,62.870686,1778073642.685543,7.416667,95.85,43.264,pix
real_001_s001_2026-05-06_15-19-39-814,001,001,2,027,027.jpg,447,62.887353,1778073642.702209,7.433333,210.906,371.59,pix
real_001_s001_2026-05-06_15-19-39-814,001,001,2,027,027.jpg,448,62.90402,1778073642.718876,7.45,266.342,591.298,pix
real_001_s001_2026-05-06_15-19-39-814,001,001,2,027,027.jpg,449,62.920686,1778073642.735543,7.466667,286.597,667.686,pix
real_001_s001_2026-05-06_15-19-39-814,001,001,2,027,027.jpg,450,62.937353,1778073642.752209,7.483333,320.784,763.211,pix
real_001_s001_2026-05-06_15-19-39-814,001,001,2,027,027.jpg,451,62.95402,1778073642.768876,7.5,365.098,829.924,pix
real_001_s001_2026-05-06_15-19-39-814,001,001,2,027,027.jpg,452,62.970686,1778073642.785543,7.516667,422.474,825.791,pix
real_001_s001_2026-05-06_15-19-39-814,001,001,2,027,027.jpg,453,62.987353,1778073642.802209,7.533333,491.045,795.562,pix
real_001_s001_2026-05-06_15-19-39-814,001,001,2,027,027.jpg,454,63.00402,1778073642.818876,7.55,552.559,769.88,pix
real_001_s001_2026-05-06_15-19-39-814,001,001,2,027,027.jpg,455,63.020686,1778073642.835543,7.566667,580.388,763.968,pix
real_001_s001_2026-05-06_15-19-39-814,001,001,2,027,027.jpg,456,63.037353,1778073642.852209,7.583333,604.0,762.323,pix
real_001_s001_2026-05-06_15-19-39-814,001,001,2,027,027.jpg,457,63.05402,1778073642.868876,7.6,602.679,781.666,pix
real_001_s001_2026-05-06_15-19-39-814,001,001,2,027,027.jpg,458,63.070686,1778073642.885543,7.616667,517.518,887.059,pix
real_001_s001_2026-05-06_15-19-39-814,001,001,2,027,027.jpg,459,63.087353,1778073642.90221,7.633333,351.194,956.0,pix
real_001_s001_2026-05-06_15-19-39-814,001,001,2,027,027.jpg,460,63.10402,1778073642.918876,7.65,11.657,954.35,pix
real_001_s001_2026-05-06_15-19-39-814,001,001,2,027,027.jpg,461,63.120686,1778073642.935543,7.666667,-246.664,852.108,pix
real_001_s001_2026-05-06_15-19-39-814,001,001,2,027,027.jpg,462,63.137353,1778073642.952209,7.683333,-511.371,513.166,pix
real_001_s001_2026-05-06_15-19-39-814,001,001,2,027,027.jpg,463,63.15402,1778073642.968876,7.7,-682.223,64.836,pix
real_001_s001_2026-05-06_15-19-39-814,001,001,2,027,027.jpg,464,63.170686,1778073642.985543,7.716667,-734.0,-208.424,pix
real_001_s001_2026-05-06_15-19-39-814,001,001,2,027,027.jpg,465,63.187353,1778073643.002209,7.733333,-734.0,-330.906,pix
real_001_s001_2026-05-06_15-19-39-814,001,001,2,027,027.jpg,466,63.20402,1778073643.018876,7.75,-733.821,-386.672,pix
real_001_s001_2026-05-06_15-19-39-814,001,001,2,027,027.jpg,467,63.220686,1778073643.035543,7.766667,-726.0,-414.729,pix
real_001_s001_2026-05-06_15-19-39-814,001,001,2,027,027.jpg,468,63.237353,1778073643.052209,7.783333,-729.309,-345.282,pix
real_001_s001_2026-05-06_15-19-39-814,001,001,2,027,027.jpg,469,63.25402,1778073643.068876,7.8,-928.01,55.594,pix
real_001_s001_2026-05-06_15-19-39-814,001,001,2,027,027.jpg,470,63.270686,1778073643.085543,7.816667,-1164.134,383.651,pix
real_001_s001_2026-05-06_15-19-39-814,001,001,2,027,027.jpg,471,63.287353,1778073643.102209,7.833333,-1271.485,465.904,pix
real_001_s001_2026-05-06_15-19-39-814,001,001,2,027,027.jpg,472,63.30402,1778073643.118876,7.85,-1462.121,569.154,pix
real_001_s001_2026-05-06_15-19-39-814,001,001,2,027,027.jpg,473,63.320686,1778073643.135543,7.866667,-1469.959,511.484,pix
real_001_s001_2026-05-06_15-19-39-814,001,001,2,027,027.jpg,474,63.337353,1778073643.15221,7.883333,-1462.551,383.283,pix
real_001_s001_2026-05-06_15-19-39-814,001,001,2,027,027.jpg,475,63.35402,1778073643.168876,7.9,-1205.727,70.523,pix
real_001_s001_2026-05-06_15-19-39-814,001,001,2,027,027.jpg,476,63.370686,1778073643.185543,7.916667,-931.265,-22.118,pix
real_001_s001_2026-05-06_15-19-39-814,001,001,2,027,027.jpg,477,63.387353,1778073643.202209,7.933333,-590.532,-26.059,pix
real_001_s001_2026-05-06_15-19-39-814,001,001,2,027,027.jpg,478,63.40402,1778073643.218876,7.95,-252.855,95.782,pix
real_001_s001_2026-05-06_15-19-39-814,001,001,2,027,027.jpg,479,63.420686,1778073643.235543,7.966667,45.973,316.926,pix
real_001_s001_2026-05-06_15-19-39-814,001,001,2,027,027.jpg,480,63.437353,1778073643.252209,7.983333,161.135,488.662,pix
real_001_s001_2026-05-06_15-19-39-814,001,001,2,027,027.jpg,481,63.45402,1778073643.268876,8.0,218.279,623.877,pix
real_001_s001_2026-05-06_15-19-39-814,001,001,2,027,027.jpg,482,63.470686,1778073643.285543,8.016667,231.925,716.528,pix
real_001_s001_2026-05-06_15-19-39-814,001,001,2,027,027.jpg,483,63.487353,1778073643.302209,8.033333,226.813,744.072,pix
real_001_s001_2026-05-06_15-19-39-814,001,001,2,027,027.jpg,484,63.50402,1778073643.318876,8.05,159.625,745.538,pix
real_001_s001_2026-05-06_15-19-39-814,001,001,2,027,027.jpg,485,63.520686,1778073643.335543,8.066667,48.917,630.102,pix
real_001_s001_2026-05-06_15-19-39-814,001,001,2,027,027.jpg,486,63.537353,1778073643.352209,8.083333,-124.617,410.275,pix
real_001_s001_2026-05-06_15-19-39-814,001,001,2,027,027.jpg,487,63.55402,1778073643.368876,8.1,-241.71,243.452,pix
real_001_s001_2026-05-06_15-19-39-814,001,001,2,027,027.jpg,488,63.570686,1778073643.385543,8.116667,-338.675,98.649,pix
real_001_s001_2026-05-06_15-19-39-814,001,001,2,027,027.jpg,489,63.587353,1778073643.40221,8.133333,-376.429,23.259,pix
real_001_s001_2026-05-06_15-19-39-814,001,001,2,027,027.jpg,490,63.60402,1778073643.418876,8.15,-398.277,-14.429,pix
real_001_s001_2026-05-06_15-19-39-814,001,001,2,027,027.jpg,491,63.620686,1778073643.435543,8.166667,-420.123,-48.0,pix
real_001_s001_2026-05-06_15-19-39-814,001,001,2,027,027.jpg,492,63.637353,1778073643.452209,8.183333,-432.107,-47.827,pix
real_001_s001_2026-05-06_15-19-39-814,001,001,2,027,027.jpg,493,63.65402,1778073643.468876,8.2,-496.176,54.989,pix
real_001_s001_2026-05-06_15-19-39-814,001,001,2,027,027.jpg,494,63.670686,1778073643.485543,8.216667,-644.978,259.037,pix
real_001_s001_2026-05-06_15-19-39-814,001,001,2,027,027.jpg,495,63.687353,1778073643.502209,8.233333,-710.929,328.813,pix
real_001_s001_2026-05-06_15-19-39-814,001,001,2,027,027.jpg,496,63.70402,1778073643.518876,8.25,-759.522,370.841,pix
real_001_s001_2026-05-06_15-19-39-814,001,001,2,027,027.jpg,497,63.720686,1778073643.535543,8.266667,-834.0,411.295,pix
real_001_s001_2026-05-06_15-19-39-814,001,001,2,027,027.jpg,498,63.737353,1778073643.552209,8.283333,-832.617,367.766,pix
real_001_s001_2026-05-06_15-19-39-814,001,001,2,027,027.jpg,499,63.75402,1778073643.568876,8.3,-753.921,242.784,pix
real_001_s001_2026-05-06_15-19-39-814,001,001,2,027,027.jpg,500,63.770686,1778073643.585543,8.316667,-645.905,180.419,pix
real_001_s001_2026-05-06_15-19-39-814,001,001,2,027,027.jpg,501,63.787353,1778073643.602209,8.333333,-444.464,103.926,pix
real_001_s001_2026-05-06_15-19-39-814,001,001,2,027,027.jpg,502,63.80402,1778073643.618876,8.35,-255.642,100.382,pix
real_001_s001_2026-05-06_15-19-39-814,001,001,2,027,027.jpg,503,63.820686,1778073643.635543,8.366667,-108.143,125.935,pix
real_001_s001_2026-05-06_15-19-39-814,001,001,2,027,027.jpg,504,63.837353,1778073643.65221,8.383333,-13.219,226.751,pix
real_001_s001_2026-05-06_15-19-39-814,001,001,2,027,027.jpg,505,63.85402,1778073643.668876,8.4,28.0,373.779,pix
real_001_s001_2026-05-06_15-19-39-814,001,001,2,027,027.jpg,506,63.870686,1778073643.685543,8.416667,27.643,473.178,pix
real_001_s001_2026-05-06_15-19-39-814,001,001,2,027,027.jpg,507,63.887353,1778073643.702209,8.433333,7.237,538.297,pix
real_001_s001_2026-05-06_15-19-39-814,001,001,2,027,027.jpg,508,63.90402,1778073643.718876,8.45,-28.71,550.782,pix
real_001_s001_2026-05-06_15-19-39-814,001,001,2,027,027.jpg,509,63.920686,1778073643.735543,8.466667,-70.881,477.798,pix
real_001_s001_2026-05-06_15-19-39-814,001,001,2,027,027.jpg,510,63.937353,1778073643.752209,8.483333,-118.727,358.506,pix
real_001_s001_2026-05-06_15-19-39-814,001,001,2,027,027.jpg,511,63.95402,1778073643.768876,8.5,-154.993,284.45,pix
real_001_s001_2026-05-06_15-19-39-814,001,001,2,027,027.jpg,512,63.970686,1778073643.785543,8.516667,-204.861,207.318,pix
real_001_s001_2026-05-06_15-19-39-814,001,001,2,027,027.jpg,513,63.987353,1778073643.802209,8.533333,-254.202,169.747,pix
real_001_s001_2026-05-06_15-19-39-814,001,001,2,027,027.jpg,514,64.00402,1778073643.818876,8.55,-376.679,157.451,pix
real_001_s001_2026-05-06_15-19-39-814,001,001,2,027,027.jpg,515,64.020686,1778073643.835543,8.566667,-519.861,236.147,pix
real_001_s001_2026-05-06_15-19-39-814,001,001,2,027,027.jpg,516,64.037353,1778073643.852209,8.583333,-622.565,354.715,pix
real_001_s001_2026-05-06_15-19-39-814,001,001,2,027,027.jpg,517,64.05402,1778073643.868876,8.6,-652.656,392.802,pix
real_001_s001_2026-05-06_15-19-39-814,001,001,2,027,027.jpg,518,64.070686,1778073643.885543,8.616667,-688.211,436.253,pix
real_001_s001_2026-05-06_15-19-39-814,001,001,2,027,027.jpg,519,64.087353,1778073643.90221,8.633333,-697.004,447.15,pix
real_001_s001_2026-05-06_15-19-39-814,001,001,2,027,027.jpg,520,64.10402,1778073643.918876,8.65,-627.644,388.722,pix
real_001_s001_2026-05-06_15-19-39-814,001,001,2,027,027.jpg,521,64.120686,1778073643.935543,8.666667,-508.962,325.104,pix
real_001_s001_2026-05-06_15-19-39-814,001,001,2,027,027.jpg,522,64.137353,1778073643.952209,8.683333,-353.248,279.932,pix
real_001_s001_2026-05-06_15-19-39-814,001,001,2,027,027.jpg,523,64.15402,1778073643.968876,8.7,-191.264,276.664,pix
real_001_s001_2026-05-06_15-19-39-814,001,001,2,027,027.jpg,524,64.170686,1778073643.985543,8.716667,-52.167,311.613,pix
real_001_s001_2026-05-06_15-19-39-814,001,001,2,027,027.jpg,525,64.187353,1778073644.002209,8.733333,47.226,400.411,pix
real_001_s001_2026-05-06_15-19-39-814,001,001,2,027,027.jpg,526,64.20402,1778073644.018876,8.75,106.075,517.314,pix
real_001_s001_2026-05-06_15-19-39-814,001,001,2,027,027.jpg,527,64.220686,1778073644.035543,8.766667,109.871,587.031,pix
real_001_s001_2026-05-06_15-19-39-814,001,001,2,027,027.jpg,528,64.237353,1778073644.052209,8.783333,102.497,634.367,pix
real_001_s001_2026-05-06_15-19-39-814,001,001,2,027,027.jpg,529,64.25402,1778073644.068876,8.8,17.222,650.115,pix
real_001_s001_2026-05-06_15-19-39-814,001,001,2,027,027.jpg,530,64.270686,1778073644.085543,8.816667,-193.854,477.256,pix
real_001_s001_2026-05-06_15-19-39-814,001,001,2,027,027.jpg,531,64.287353,1778073644.102209,8.833333,-293.415,329.915,pix
real_001_s001_2026-05-06_15-19-39-814,001,001,2,027,027.jpg,532,64.30402,1778073644.118876,8.85,-369.373,217.764,pix
real_001_s001_2026-05-06_15-19-39-814,001,001,2,027,027.jpg,533,64.320686,1778073644.135543,8.866667,-438.376,105.211,pix
real_001_s001_2026-05-06_15-19-39-814,001,001,2,027,027.jpg,534,64.337353,1778073644.15221,8.883333,-458.192,62.961,pix
real_001_s001_2026-05-06_15-19-39-814,001,001,2,027,027.jpg,535,64.35402,1778073644.168876,8.9,-468.0,9.702,pix
real_001_s001_2026-05-06_15-19-39-814,001,001,2,027,027.jpg,536,64.370686,1778073644.185543,8.916667,-467.509,-4.123,pix
real_001_s001_2026-05-06_15-19-39-814,001,001,2,027,027.jpg,537,64.387353,1778073644.202209,8.933333,-442.902,-9.878,pix
real_001_s001_2026-05-06_15-19-39-814,001,001,2,027,027.jpg,538,64.40402,1778073644.218876,8.95,-388.638,-2.761,pix
real_001_s001_2026-05-06_15-19-39-814,001,001,2,027,027.jpg,539,64.420686,1778073644.235543,8.966667,-322.746,57.938,pix
real_001_s001_2026-05-06_15-19-39-814,001,001,2,027,027.jpg,540,64.437353,1778073644.252209,8.983333,-257.373,160.716,pix
real_001_s001_2026-05-06_15-19-39-814,001,001,2,027,027.jpg,541,64.45402,1778073644.268876,9.0,-227.924,290.319,pix
real_001_s001_2026-05-06_15-19-39-814,001,001,2,027,027.jpg,542,64.470686,1778073644.285543,9.016667,-225.044,411.851,pix
real_001_s001_2026-05-06_15-19-39-814,001,001,2,027,027.jpg,543,64.487353,1778073644.302209,9.033333,-269.949,489.34,pix
real_001_s001_2026-05-06_15-19-39-814,001,001,2,027,027.jpg,544,64.50402,1778073644.318876,9.05,-366.75,555.109,pix
real_001_s001_2026-05-06_15-19-39-814,001,001,2,027,027.jpg,545,64.520686,1778073644.335543,9.066667,-490.82,604.163,pix
real_001_s001_2026-05-06_15-19-39-814,001,001,2,027,027.jpg,546,64.537353,1778073644.352209,9.083333,-627.629,612.0,pix
real_001_s001_2026-05-06_15-19-39-814,001,001,2,027,027.jpg,547,64.55402,1778073644.368876,9.1,-698.917,611.667,pix
real_001_s001_2026-05-06_15-19-39-814,001,001,2,027,027.jpg,548,64.570686,1778073644.385543,9.116667,-742.779,595.303,pix
real_001_s001_2026-05-06_15-19-39-814,001,001,2,027,027.jpg,549,64.587353,1778073644.40221,9.133333,-780.0,561.402,pix
real_001_s001_2026-05-06_15-19-39-814,001,001,2,027,027.jpg,550,64.60402,1778073644.418876,9.15,-778.425,533.431,pix
real_001_s001_2026-05-06_15-19-39-814,001,001,2,027,027.jpg,551,64.620686,1778073644.435543,9.166667,-703.86,507.211,pix
real_001_s001_2026-05-06_15-19-39-814,001,001,2,027,027.jpg,552,64.637353,1778073644.452209,9.183333,-533.835,475.572,pix
real_001_s001_2026-05-06_15-19-39-814,001,001,2,027,027.jpg,553,64.65402,1778073644.468876,9.2,-249.991,456.0,pix
real_001_s001_2026-05-06_15-19-39-814,001,001,2,027,027.jpg,554,64.670686,1778073644.485543,9.216667,-163.031,456.084,pix
real_001_s001_2026-05-06_15-19-39-814,001,001,2,027,027.jpg,555,64.687353,1778073644.502209,9.233333,-117.023,460.57,pix
real_001_s001_2026-05-06_15-19-39-814,001,001,2,027,027.jpg,556,64.70402,1778073644.518876,9.25,-69.911,489.068,pix
real_001_s001_2026-05-06_15-19-39-814,001,001,2,027,027.jpg,557,64.720686,1778073644.535543,9.266667,-67.173,537.34,pix
real_001_s001_2026-05-06_15-19-39-814,001,001,2,027,027.jpg,558,64.737353,1778073644.552209,9.283333,-124.496,601.592,pix
real_001_s001_2026-05-06_15-19-39-814,001,001,2,027,027.jpg,559,64.75402,1778073644.568876,9.3,-240.993,674.771,pix
real_001_s001_2026-05-06_15-19-39-814,001,001,2,027,027.jpg,560,64.770686,1778073644.585543,9.316667,-371.925,707.869,pix
real_001_s001_2026-05-06_15-19-39-814,001,001,2,027,027.jpg,561,64.787353,1778073644.602209,9.333333,-459.252,699.942,pix
real_001_s001_2026-05-06_15-19-39-814,001,001,2,027,027.jpg,562,64.80402,1778073644.618876,9.35,-514.299,604.167,pix
real_001_s001_2026-05-06_15-19-39-814,001,001,2,027,027.jpg,563,64.820686,1778073644.635543,9.366667,-524.373,372.548,pix
real_001_s001_2026-05-06_15-19-39-814,001,001,2,027,027.jpg,564,64.837353,1778073644.65221,9.383333,-441.54,198.849,pix
real_001_s001_2026-05-06_15-19-39-814,001,001,2,027,027.jpg,565,64.85402,1778073644.668876,9.4,-326.774,53.312,pix
real_001_s001_2026-05-06_15-19-39-814,001,001,2,027,027.jpg,566,64.870686,1778073644.685543,9.416667,-182.815,-65.382,pix
real_001_s001_2026-05-06_15-19-39-814,001,001,2,027,027.jpg,567,64.887353,1778073644.702209,9.433333,-16.779,-136.278,pix
real_001_s001_2026-05-06_15-19-39-814,001,001,2,027,027.jpg,568,64.90402,1778073644.718876,9.45,144.609,-149.271,pix
real_001_s001_2026-05-06_15-19-39-814,001,001,2,027,027.jpg,569,64.920686,1778073644.735543,9.466667,280.504,-108.503,pix
real_001_s001_2026-05-06_15-19-39-814,001,001,2,027,027.jpg,570,64.937353,1778073644.752209,9.483333,394.402,54.424,pix
real_001_s001_2026-05-06_15-19-39-814,001,001,2,027,027.jpg,571,64.95402,1778073644.768876,9.5,410.905,254.296,pix
real_001_s001_2026-05-06_15-19-39-814,001,001,2,027,027.jpg,572,64.970686,1778073644.785543,9.516667,361.779,527.649,pix
real_001_s001_2026-05-06_15-19-39-814,001,001,2,027,027.jpg,573,64.987353,1778073644.802209,9.533333,248.01,711.99,pix
real_001_s001_2026-05-06_15-19-39-814,001,001,2,027,027.jpg,574,65.00402,1778073644.818876,9.55,86.564,872.455,pix
real_001_s001_2026-05-06_15-19-39-814,001,001,2,027,027.jpg,575,65.020686,1778073644.835543,9.566667,4.889,897.867,pix
real_001_s001_2026-05-06_15-19-39-814,001,001,2,027,027.jpg,576,65.037353,1778073644.852209,9.583333,-44.903,890.284,pix
real_001_s001_2026-05-06_15-19-39-814,001,001,2,027,027.jpg,577,65.05402,1778073644.868876,9.6,-84.178,814.398,pix
real_001_s001_2026-05-06_15-19-39-814,001,001,2,027,027.jpg,578,65.070686,1778073644.885543,9.616667,-92.0,742.019,pix
real_001_s001_2026-05-06_15-19-39-814,001,001,2,027,027.jpg,579,65.087353,1778073644.90221,9.633333,-91.51,656.351,pix
real_001_s001_2026-05-06_15-19-39-814,001,001,2,027,027.jpg,580,65.10402,1778073644.918876,9.65,-69.636,583.272,pix
real_001_s001_2026-05-06_15-19-39-814,001,001,2,027,027.jpg,581,65.120686,1778073644.935543,9.666667,-51.864,547.501,pix
real_001_s001_2026-05-06_15-19-39-814,001,001,2,027,027.jpg,582,65.137353,1778073644.952209,9.683333,-46.0,525.829,pix
real_001_s001_2026-05-06_15-19-39-814,001,001,2,027,027.jpg,583,65.15402,1778073644.968876,9.7,-48.184,518.557,pix
real_001_s001_2026-05-06_15-19-39-814,001,001,2,027,027.jpg,584,65.170686,1778073644.985543,9.716667,-158.337,549.271,pix
real_001_s001_2026-05-06_15-19-39-814,001,001,2,027,027.jpg,585,65.187353,1778073645.002209,9.733333,-554.896,751.103,pix
real_001_s001_2026-05-06_15-19-39-814,001,001,2,027,027.jpg,586,65.20402,1778073645.018876,9.75,-681.382,798.791,pix
real_001_s001_2026-05-06_15-19-39-814,001,001,2,027,027.jpg,587,65.220686,1778073645.035543,9.766667,-833.974,833.956,pix
real_001_s001_2026-05-06_15-19-39-814,001,001,2,027,027.jpg,588,65.237353,1778073645.052209,9.783333,-922.044,831.025,pix
real_001_s001_2026-05-06_15-19-39-814,001,001,2,027,027.jpg,589,65.25402,1778073645.068876,9.8,-922.795,786.438,pix
real_001_s001_2026-05-06_15-19-39-814,001,001,2,027,027.jpg,590,65.270686,1778073645.085543,9.816667,-867.342,716.671,pix
real_001_s001_2026-05-06_15-19-39-814,001,001,2,027,027.jpg,591,65.287353,1778073645.102209,9.833333,-742.19,655.483,pix
real_001_s001_2026-05-06_15-19-39-814,001,001,2,027,027.jpg,592,65.30402,1778073645.118876,9.85,-580.931,634.0,pix
real_001_s001_2026-05-06_15-19-39-814,001,001,2,027,027.jpg,593,65.320686,1778073645.135543,9.866667,-446.48,634.967,pix
real_001_s001_2026-05-06_15-19-39-814,001,001,2,027,027.jpg,594,65.337353,1778073645.15221,9.883333,-380.333,677.944,pix
real_001_s001_2026-05-06_15-19-39-814,001,001,2,027,027.jpg,595,65.35402,1778073645.168876,9.9,-298.102,778.648,pix
real_001_s001_2026-05-06_15-19-39-814,001,001,2,027,027.jpg,596,65.370686,1778073645.185543,9.916667,-303.247,956.0,pix
real_001_s001_2026-05-06_15-19-39-814,001,001,2,027,027.jpg,597,65.387353,1778073645.202209,9.933333,-409.75,956.0,pix
real_001_s001_2026-05-06_15-19-39-814,001,001,2,027,027.jpg,598,65.40402,1778073645.218876,9.95,-580.033,956.0,pix
real_001_s001_2026-05-06_15-19-39-814,001,001,2,027,027.jpg,599,65.420686,1778073645.235543,9.966667,-758.667,954.538,pix
real_001_s001_2026-05-06_15-19-39-814,001,001,2,027,027.jpg,600,65.437353,1778073645.252209,9.983333,-881.705,885.236,pix
real_001_s001_2026-05-06_15-19-39-814,001,001,2,027,027.jpg,601,65.45402,1778073645.268876,10.0,-954.361,765.293,pix
real_001_s001_2026-05-06_15-19-39-814,001,001,2,027,027.jpg,602,65.470686,1778073645.285543,10.016667,-969.663,645.893,pix
real_001_s001_2026-05-06_15-19-39-814,001,001,2,027,027.jpg,603,65.487353,1778073645.302209,10.033333,-951.853,545.949,pix
real_001_s001_2026-05-06_15-19-39-814,001,001,2,027,027.jpg,604,65.50402,1778073645.318876,10.05,-859.149,460.078,pix
real_001_s001_2026-05-06_15-19-39-814,001,001,2,027,027.jpg,605,65.520686,1778073645.335543,10.066667,-648.213,377.808,pix
real_001_s001_2026-05-06_15-19-39-814,001,001,2,027,027.jpg,606,65.537353,1778073645.352209,10.083333,-488.858,370.0,pix
real_001_s001_2026-05-06_15-19-39-814,001,001,2,027,027.jpg,607,65.55402,1778073645.368876,10.1,-301.789,371.836,pix
real_001_s001_2026-05-06_15-19-39-814,001,001,2,027,027.jpg,608,65.570686,1778073645.385543,10.116667,-148.306,439.459,pix
real_001_s001_2026-05-06_15-19-39-814,001,001,2,027,027.jpg,609,65.587353,1778073645.40221,10.133333,-76.831,502.582,pix
real_001_s001_2026-05-06_15-19-39-814,001,001,2,027,027.jpg,610,65.60402,1778073645.418876,10.15,-29.953,607.696,pix
real_001_s001_2026-05-06_15-19-39-814,001,001,2,027,027.jpg,611,65.620686,1778073645.435543,10.166667,-28.136,680.95,pix
real_001_s001_2026-05-06_15-19-39-814,001,001,2,027,027.jpg,612,65.637353,1778073645.452209,10.183333,-34.969,809.722,pix
real_001_s001_2026-05-06_15-19-39-814,001,001,2,027,027.jpg,613,65.65402,1778073645.468876,10.2,-71.16,873.203,pix
real_001_s001_2026-05-06_15-19-39-814,001,001,2,027,027.jpg,614,65.670686,1778073645.485543,10.216667,-125.755,928.585,pix
real_001_s001_2026-05-06_15-19-39-814,001,001,2,027,027.jpg,615,65.687353,1778073645.502209,10.233333,-197.673,951.56,pix
real_001_s001_2026-05-06_15-19-39-814,001,001,2,027,027.jpg,616,65.70402,1778073645.518876,10.25,-274.094,929.208,pix
real_001_s001_2026-05-06_15-19-39-814,001,001,2,027,027.jpg,617,65.720686,1778073645.535543,10.266667,-357.106,817.63,pix
real_001_s001_2026-05-06_15-19-39-814,001,001,2,027,027.jpg,618,65.737353,1778073645.552209,10.283333,-398.439,727.901,pix
real_001_s001_2026-05-06_15-19-39-814,001,001,2,027,027.jpg,619,65.75402,1778073645.568876,10.3,-416.0,643.216,pix
real_001_s001_2026-05-06_15-19-39-814,001,001,2,027,027.jpg,620,65.770686,1778073645.585543,10.316667,-415.771,611.589,pix
real_001_s001_2026-05-06_15-19-39-814,001,001,2,027,027.jpg,621,65.787353,1778073645.602209,10.333333,-405.302,594.0,pix
real_001_s001_2026-05-06_15-19-39-814,001,001,2,027,027.jpg,622,65.80402,1778073645.618876,10.35,-376.996,594.502,pix
real_001_s001_2026-05-06_15-19-39-814,001,001,2,027,027.jpg,623,65.820686,1778073645.635543,10.366667,-332.822,616.99,pix
real_001_s001_2026-05-06_15-19-39-814,001,001,2,027,027.jpg,624,65.837353,1778073645.65221,10.383333,-283.506,658.988,pix
real_001_s001_2026-05-06_15-19-39-814,001,001,2,027,027.jpg,625,65.85402,1778073645.668876,10.4,-261.896,702.885,pix
real_001_s001_2026-05-06_15-19-39-814,001,001,2,027,027.jpg,626,65.870686,1778073645.685543,10.416667,-258.867,736.737,pix
real_001_s001_2026-05-06_15-19-39-814,001,001,2,027,027.jpg,627,65.887353,1778073645.702209,10.433333,-300.475,770.187,pix
real_001_s001_2026-05-06_15-19-39-814,001,001,2,027,027.jpg,628,65.90402,1778073645.718876,10.45,-406.259,777.895,pix
real_001_s001_2026-05-06_15-19-39-814,001,001,2,027,027.jpg,629,65.920686,1778073645.735543,10.466667,-490.0,774.0,pix
real_001_s001_2026-05-06_15-19-39-814,001,001,2,027,027.jpg,630,65.937353,1778073645.752209,10.483333,-490.0,774.0,pix
real_001_s001_2026-05-06_15-19-39-814,001,001,2,027,027.jpg,631,65.95402,1778073645.768876,10.5,-490.0,774.0,pix
real_001_s001_2026-05-06_15-19-39-814,001,001,2,027,027.jpg,632,65.970686,1778073645.785543,10.516667,-490.0,774.0,pix
real_001_s001_2026-05-06_15-19-39-814,001,001,2,027,027.jpg,633,65.987353,1778073645.802209,10.533333,-490.0,774.0,pix
real_001_s001_2026-05-06_15-19-39-814,001,001,2,027,027.jpg,634,66.00402,1778073645.818876,10.55,-490.0,774.0,pix
real_001_s001_2026-05-06_15-19-39-814,001,001,2,027,027.jpg,635,66.020686,1778073645.835543,10.566667,-490.0,774.0,pix
real_001_s001_2026-05-06_15-19-39-814,001,001,2,027,027.jpg,636,66.037353,1778073645.852209,10.583333,-490.0,774.0,pix
real_001_s001_2026-05-06_15-19-39-814,001,001,2,027,027.jpg,637,66.05402,1778073645.868876,10.6,-490.0,774.0,pix
