run_id,participant,session,trial_index,trial_id,image_file,sample_index,sample_session_s,sample_unix_s,sample_from_image_onset_s,gaze_x_pix,gaze_y_pix,screen_width_px,screen_height_px,image_stim_width_units,image_stim_height_units,image_stim_center_x_units,image_stim_center_y_units,units
real_001_s001_2026-05-18_15-45-23-940,001,001,1,P002,P002.ppm,1,5.944922,1779111929.886867,0.0,-62.0,-550.0,2940,1912,0.82,0.82,0.0,0.0,pix
real_001_s001_2026-05-18_15-45-23-940,001,001,1,P002,P002.ppm,2,5.961589,1779111929.903534,0.016667,-62.0,-550.0,2940,1912,0.82,0.82,0.0,0.0,pix
real_001_s001_2026-05-18_15-45-23-940,001,001,1,P002,P002.ppm,3,5.978256,1779111929.9202,0.033333,-62.0,-550.0,2940,1912,0.82,0.82,0.0,0.0,pix
real_001_s001_2026-05-18_15-45-23-940,001,001,1,P002,P002.ppm,4,5.994922,1779111929.936867,0.05,-62.0,-550.0,2940,1912,0.82,0.82,0.0,0.0,pix
real_001_s001_2026-05-18_15-45-23-940,001,001,1,P002,P002.ppm,5,6.011589,1779111929.953534,0.066667,-62.0,-550.0,2940,1912,0.82,0.82,0.0,0.0,pix
real_001_s001_2026-05-18_15-45-23-940,001,001,1,P002,P002.ppm,6,6.028256,1779111929.9702,0.083333,-62.0,-550.0,2940,1912,0.82,0.82,0.0,0.0,pix
real_001_s001_2026-05-18_15-45-23-940,001,001,1,P002,P002.ppm,7,6.044922,1779111929.986867,0.1,-62.0,-550.0,2940,1912,0.82,0.82,0.0,0.0,pix
real_001_s001_2026-05-18_15-45-23-940,001,001,1,P002,P002.ppm,8,6.061589,1779111930.003534,0.116667,-62.0,-550.0,2940,1912,0.82,0.82,0.0,0.0,pix
real_001_s001_2026-05-18_15-45-23-940,001,001,1,P002,P002.ppm,9,6.078256,1779111930.0202,0.133333,-62.0,-550.0,2940,1912,0.82,0.82,0.0,0.0,pix
real_001_s001_2026-05-18_15-45-23-940,001,001,1,P002,P002.ppm,10,6.094922,1779111930.036867,0.15,-62.0,-550.0,2940,1912,0.82,0.82,0.0,0.0,pix
real_001_s001_2026-05-18_15-45-23-940,001,001,1,P002,P002.ppm,11,6.111589,1779111930.053534,0.166667,-62.0,-550.0,2940,1912,0.82,0.82,0.0,0.0,pix
real_001_s001_2026-05-18_15-45-23-940,001,001,1,P002,P002.ppm,12,6.128256,1779111930.0702,0.183333,-62.0,-550.0,2940,1912,0.82,0.82,0.0,0.0,pix
real_001_s001_2026-05-18_15-45-23-940,001,001,1,P002,P002.ppm,13,6.144922,1779111930.086867,0.2,-62.0,-550.0,2940,1912,0.82,0.82,0.0,0.0,pix
real_001_s001_2026-05-18_15-45-23-940,001,001,1,P002,P002.ppm,14,6.161589,1779111930.103534,0.216667,-62.0,-550.0,2940,1912,0.82,0.82,0.0,0.0,pix
real_001_s001_2026-05-18_15-45-23-940,001,001,1,P002,P002.ppm,15,6.178256,1779111930.1202,0.233333,-62.0,-550.0,2940,1912,0.82,0.82,0.0,0.0,pix
real_001_s001_2026-05-18_15-45-23-940,001,001,1,P002,P002.ppm,16,6.194922,1779111930.136867,0.25,-62.0,-550.0,2940,1912,0.82,0.82,0.0,0.0,pix
real_001_s001_2026-05-18_15-45-23-940,001,001,1,P002,P002.ppm,17,6.211589,1779111930.153534,0.266667,-62.0,-550.0,2940,1912,0.82,0.82,0.0,0.0,pix
real_001_s001_2026-05-18_15-45-23-940,001,001,1,P002,P002.ppm,18,6.228256,1779111930.1702,0.283333,-62.0,-550.0,2940,1912,0.82,0.82,0.0,0.0,pix
real_001_s001_2026-05-18_15-45-23-940,001,001,1,P002,P002.ppm,19,6.244922,1779111930.186867,0.3,-62.0,-550.0,2940,1912,0.82,0.82,0.0,0.0,pix
real_001_s001_2026-05-18_15-45-23-940,001,001,1,P002,P002.ppm,20,6.261589,1779111930.203534,0.316667,-62.0,-550.0,2940,1912,0.82,0.82,0.0,0.0,pix
real_001_s001_2026-05-18_15-45-23-940,001,001,1,P002,P002.ppm,21,6.278256,1779111930.2202,0.333333,-62.0,-550.0,2940,1912,0.82,0.82,0.0,0.0,pix
real_001_s001_2026-05-18_15-45-23-940,001,001,1,P002,P002.ppm,22,6.294922,1779111930.236867,0.35,-62.0,-550.0,2940,1912,0.82,0.82,0.0,0.0,pix
real_001_s001_2026-05-18_15-45-23-940,001,001,1,P002,P002.ppm,23,6.311589,1779111930.253534,0.366667,-62.0,-550.0,2940,1912,0.82,0.82,0.0,0.0,pix
real_001_s001_2026-05-18_15-45-23-940,001,001,1,P002,P002.ppm,24,6.328256,1779111930.2702,0.383333,-62.0,-550.0,2940,1912,0.82,0.82,0.0,0.0,pix
real_001_s001_2026-05-18_15-45-23-940,001,001,1,P002,P002.ppm,25,6.344922,1779111930.286867,0.4,-62.0,-550.0,2940,1912,0.82,0.82,0.0,0.0,pix
real_001_s001_2026-05-18_15-45-23-940,001,001,1,P002,P002.ppm,26,6.361589,1779111930.303534,0.416667,-62.0,-550.0,2940,1912,0.82,0.82,0.0,0.0,pix
real_001_s001_2026-05-18_15-45-23-940,001,001,1,P002,P002.ppm,27,6.378256,1779111930.3202,0.433333,-62.0,-550.0,2940,1912,0.82,0.82,0.0,0.0,pix
real_001_s001_2026-05-18_15-45-23-940,001,001,1,P002,P002.ppm,28,6.394922,1779111930.336867,0.45,-62.0,-550.0,2940,1912,0.82,0.82,0.0,0.0,pix
real_001_s001_2026-05-18_15-45-23-940,001,001,1,P002,P002.ppm,29,6.411589,1779111930.353534,0.466667,-62.0,-550.0,2940,1912,0.82,0.82,0.0,0.0,pix
real_001_s001_2026-05-18_15-45-23-940,001,001,1,P002,P002.ppm,30,6.428256,1779111930.3702,0.483333,-62.0,-550.0,2940,1912,0.82,0.82,0.0,0.0,pix
real_001_s001_2026-05-18_15-45-23-940,001,001,1,P002,P002.ppm,31,6.444922,1779111930.386867,0.5,-62.0,-550.0,2940,1912,0.82,0.82,0.0,0.0,pix
real_001_s001_2026-05-18_15-45-23-940,001,001,1,P002,P002.ppm,32,6.461589,1779111930.403534,0.516667,-62.0,-550.0,2940,1912,0.82,0.82,0.0,0.0,pix
real_001_s001_2026-05-18_15-45-23-940,001,001,1,P002,P002.ppm,33,6.478256,1779111930.4202,0.533333,-62.0,-550.0,2940,1912,0.82,0.82,0.0,0.0,pix
real_001_s001_2026-05-18_15-45-23-940,001,001,1,P002,P002.ppm,34,6.494922,1779111930.436867,0.55,-62.0,-550.0,2940,1912,0.82,0.82,0.0,0.0,pix
real_001_s001_2026-05-18_15-45-23-940,001,001,1,P002,P002.ppm,35,6.511589,1779111930.453534,0.566667,-62.0,-550.0,2940,1912,0.82,0.82,0.0,0.0,pix
real_001_s001_2026-05-18_15-45-23-940,001,001,1,P002,P002.ppm,36,6.528256,1779111930.4702,0.583333,-62.0,-550.0,2940,1912,0.82,0.82,0.0,0.0,pix
real_001_s001_2026-05-18_15-45-23-940,001,001,1,P002,P002.ppm,37,6.544922,1779111930.486867,0.6,-62.0,-550.0,2940,1912,0.82,0.82,0.0,0.0,pix
real_001_s001_2026-05-18_15-45-23-940,001,001,1,P002,P002.ppm,38,6.561589,1779111930.503534,0.616667,-62.0,-550.0,2940,1912,0.82,0.82,0.0,0.0,pix
real_001_s001_2026-05-18_15-45-23-940,001,001,1,P002,P002.ppm,39,6.578256,1779111930.5202,0.633333,-62.0,-550.0,2940,1912,0.82,0.82,0.0,0.0,pix
real_001_s001_2026-05-18_15-45-23-940,001,001,1,P002,P002.ppm,40,6.594922,1779111930.536867,0.65,-62.0,-550.0,2940,1912,0.82,0.82,0.0,0.0,pix
real_001_s001_2026-05-18_15-45-23-940,001,001,1,P002,P002.ppm,41,6.611589,1779111930.553534,0.666667,-62.0,-550.0,2940,1912,0.82,0.82,0.0,0.0,pix
real_001_s001_2026-05-18_15-45-23-940,001,001,1,P002,P002.ppm,42,6.628256,1779111930.5702,0.683333,-62.0,-550.0,2940,1912,0.82,0.82,0.0,0.0,pix
real_001_s001_2026-05-18_15-45-23-940,001,001,1,P002,P002.ppm,43,6.644922,1779111930.586867,0.7,-62.0,-550.0,2940,1912,0.82,0.82,0.0,0.0,pix
real_001_s001_2026-05-18_15-45-23-940,001,001,1,P002,P002.ppm,44,6.661589,1779111930.603534,0.716667,-62.0,-550.0,2940,1912,0.82,0.82,0.0,0.0,pix
real_001_s001_2026-05-18_15-45-23-940,001,001,1,P002,P002.ppm,45,6.678256,1779111930.6202,0.733333,-62.0,-550.0,2940,1912,0.82,0.82,0.0,0.0,pix
real_001_s001_2026-05-18_15-45-23-940,001,001,1,P002,P002.ppm,46,6.694922,1779111930.636867,0.75,-62.0,-550.0,2940,1912,0.82,0.82,0.0,0.0,pix
real_001_s001_2026-05-18_15-45-23-940,001,001,1,P002,P002.ppm,47,6.711589,1779111930.653534,0.766667,-62.0,-550.0,2940,1912,0.82,0.82,0.0,0.0,pix
real_001_s001_2026-05-18_15-45-23-940,001,001,1,P002,P002.ppm,48,6.728256,1779111930.6702,0.783333,-62.0,-550.0,2940,1912,0.82,0.82,0.0,0.0,pix
real_001_s001_2026-05-18_15-45-23-940,001,001,1,P002,P002.ppm,49,6.744922,1779111930.686867,0.8,-62.0,-550.0,2940,1912,0.82,0.82,0.0,0.0,pix
real_001_s001_2026-05-18_15-45-23-940,001,001,1,P002,P002.ppm,50,6.761589,1779111930.703534,0.816667,-62.0,-550.0,2940,1912,0.82,0.82,0.0,0.0,pix
real_001_s001_2026-05-18_15-45-23-940,001,001,1,P002,P002.ppm,51,6.778256,1779111930.7202,0.833333,-62.0,-550.0,2940,1912,0.82,0.82,0.0,0.0,pix
real_001_s001_2026-05-18_15-45-23-940,001,001,1,P002,P002.ppm,52,6.794922,1779111930.736867,0.85,-62.0,-550.0,2940,1912,0.82,0.82,0.0,0.0,pix
real_001_s001_2026-05-18_15-45-23-940,001,001,1,P002,P002.ppm,53,6.811589,1779111930.753534,0.866667,-62.0,-550.0,2940,1912,0.82,0.82,0.0,0.0,pix
real_001_s001_2026-05-18_15-45-23-940,001,001,1,P002,P002.ppm,54,6.828256,1779111930.7702,0.883333,-62.0,-550.0,2940,1912,0.82,0.82,0.0,0.0,pix
real_001_s001_2026-05-18_15-45-23-940,001,001,1,P002,P002.ppm,55,6.844922,1779111930.786867,0.9,-62.0,-550.0,2940,1912,0.82,0.82,0.0,0.0,pix
real_001_s001_2026-05-18_15-45-23-940,001,001,1,P002,P002.ppm,56,6.861589,1779111930.803534,0.916667,-62.0,-550.0,2940,1912,0.82,0.82,0.0,0.0,pix
real_001_s001_2026-05-18_15-45-23-940,001,001,1,P002,P002.ppm,57,6.878256,1779111930.8202,0.933333,-62.0,-550.0,2940,1912,0.82,0.82,0.0,0.0,pix
real_001_s001_2026-05-18_15-45-23-940,001,001,1,P002,P002.ppm,58,6.894922,1779111930.836867,0.95,-62.0,-550.0,2940,1912,0.82,0.82,0.0,0.0,pix
real_001_s001_2026-05-18_15-45-23-940,001,001,1,P002,P002.ppm,59,6.911589,1779111930.853534,0.966667,-62.0,-550.0,2940,1912,0.82,0.82,0.0,0.0,pix
real_001_s001_2026-05-18_15-45-23-940,001,001,1,P002,P002.ppm,60,6.928256,1779111930.8702,0.983333,-62.0,-550.0,2940,1912,0.82,0.82,0.0,0.0,pix
real_001_s001_2026-05-18_15-45-23-940,001,001,1,P002,P002.ppm,61,6.944922,1779111930.886867,1.0,-62.0,-550.0,2940,1912,0.82,0.82,0.0,0.0,pix
real_001_s001_2026-05-18_15-45-23-940,001,001,1,P002,P002.ppm,62,6.961589,1779111930.903534,1.016667,-62.0,-550.0,2940,1912,0.82,0.82,0.0,0.0,pix
real_001_s001_2026-05-18_15-45-23-940,001,001,1,P002,P002.ppm,63,6.978256,1779111930.9202,1.033333,-62.0,-550.0,2940,1912,0.82,0.82,0.0,0.0,pix
real_001_s001_2026-05-18_15-45-23-940,001,001,1,P002,P002.ppm,64,6.994922,1779111930.936867,1.05,-62.0,-550.0,2940,1912,0.82,0.82,0.0,0.0,pix
real_001_s001_2026-05-18_15-45-23-940,001,001,1,P002,P002.ppm,65,7.011589,1779111930.953534,1.066667,-62.0,-550.0,2940,1912,0.82,0.82,0.0,0.0,pix
real_001_s001_2026-05-18_15-45-23-940,001,001,1,P002,P002.ppm,66,7.028256,1779111930.9702,1.083333,-62.0,-550.0,2940,1912,0.82,0.82,0.0,0.0,pix
real_001_s001_2026-05-18_15-45-23-940,001,001,1,P002,P002.ppm,67,7.044922,1779111930.986867,1.1,-62.0,-550.0,2940,1912,0.82,0.82,0.0,0.0,pix
real_001_s001_2026-05-18_15-45-23-940,001,001,1,P002,P002.ppm,68,7.061589,1779111931.003534,1.116667,-62.0,-550.0,2940,1912,0.82,0.82,0.0,0.0,pix
real_001_s001_2026-05-18_15-45-23-940,001,001,1,P002,P002.ppm,69,7.078256,1779111931.0202,1.133333,-62.0,-550.0,2940,1912,0.82,0.82,0.0,0.0,pix
real_001_s001_2026-05-18_15-45-23-940,001,001,1,P002,P002.ppm,70,7.094922,1779111931.036867,1.15,-62.0,-550.0,2940,1912,0.82,0.82,0.0,0.0,pix
real_001_s001_2026-05-18_15-45-23-940,001,001,1,P002,P002.ppm,71,7.111589,1779111931.053534,1.166667,-62.0,-550.0,2940,1912,0.82,0.82,0.0,0.0,pix
real_001_s001_2026-05-18_15-45-23-940,001,001,1,P002,P002.ppm,72,7.128256,1779111931.0702,1.183333,-62.0,-550.0,2940,1912,0.82,0.82,0.0,0.0,pix
real_001_s001_2026-05-18_15-45-23-940,001,001,1,P002,P002.ppm,73,7.144922,1779111931.086867,1.2,-62.0,-550.0,2940,1912,0.82,0.82,0.0,0.0,pix
real_001_s001_2026-05-18_15-45-23-940,001,001,1,P002,P002.ppm,74,7.161589,1779111931.103534,1.216667,-62.0,-550.0,2940,1912,0.82,0.82,0.0,0.0,pix
real_001_s001_2026-05-18_15-45-23-940,001,001,1,P002,P002.ppm,75,7.178256,1779111931.1202,1.233333,-62.0,-550.0,2940,1912,0.82,0.82,0.0,0.0,pix
real_001_s001_2026-05-18_15-45-23-940,001,001,1,P002,P002.ppm,76,7.194922,1779111931.136867,1.25,-62.0,-550.0,2940,1912,0.82,0.82,0.0,0.0,pix
real_001_s001_2026-05-18_15-45-23-940,001,001,1,P002,P002.ppm,77,7.211589,1779111931.153534,1.266667,-62.0,-550.0,2940,1912,0.82,0.82,0.0,0.0,pix
real_001_s001_2026-05-18_15-45-23-940,001,001,1,P002,P002.ppm,78,7.228256,1779111931.1702,1.283333,-62.0,-550.0,2940,1912,0.82,0.82,0.0,0.0,pix
real_001_s001_2026-05-18_15-45-23-940,001,001,1,P002,P002.ppm,79,7.244922,1779111931.186867,1.3,-62.0,-550.0,2940,1912,0.82,0.82,0.0,0.0,pix
real_001_s001_2026-05-18_15-45-23-940,001,001,1,P002,P002.ppm,80,7.261589,1779111931.203534,1.316667,-62.0,-550.0,2940,1912,0.82,0.82,0.0,0.0,pix
real_001_s001_2026-05-18_15-45-23-940,001,001,1,P002,P002.ppm,81,7.278256,1779111931.2202,1.333333,-62.0,-550.0,2940,1912,0.82,0.82,0.0,0.0,pix
real_001_s001_2026-05-18_15-45-23-940,001,001,1,P002,P002.ppm,82,7.294922,1779111931.236867,1.35,-62.0,-550.0,2940,1912,0.82,0.82,0.0,0.0,pix
real_001_s001_2026-05-18_15-45-23-940,001,001,1,P002,P002.ppm,83,7.311589,1779111931.253534,1.366667,-62.0,-550.0,2940,1912,0.82,0.82,0.0,0.0,pix
real_001_s001_2026-05-18_15-45-23-940,001,001,1,P002,P002.ppm,84,7.328256,1779111931.2702,1.383333,-62.0,-550.0,2940,1912,0.82,0.82,0.0,0.0,pix
real_001_s001_2026-05-18_15-45-23-940,001,001,1,P002,P002.ppm,85,7.344922,1779111931.286867,1.4,-62.0,-550.0,2940,1912,0.82,0.82,0.0,0.0,pix
real_001_s001_2026-05-18_15-45-23-940,001,001,1,P002,P002.ppm,86,7.361589,1779111931.303534,1.416667,-62.0,-550.0,2940,1912,0.82,0.82,0.0,0.0,pix
real_001_s001_2026-05-18_15-45-23-940,001,001,1,P002,P002.ppm,87,7.378256,1779111931.3202,1.433333,-62.0,-550.0,2940,1912,0.82,0.82,0.0,0.0,pix
real_001_s001_2026-05-18_15-45-23-940,001,001,1,P002,P002.ppm,88,7.394922,1779111931.336867,1.45,-62.0,-550.0,2940,1912,0.82,0.82,0.0,0.0,pix
real_001_s001_2026-05-18_15-45-23-940,001,001,1,P002,P002.ppm,89,7.411589,1779111931.353534,1.466667,-62.0,-550.0,2940,1912,0.82,0.82,0.0,0.0,pix
real_001_s001_2026-05-18_15-45-23-940,001,001,1,P002,P002.ppm,90,7.428256,1779111931.3702,1.483333,-62.0,-550.0,2940,1912,0.82,0.82,0.0,0.0,pix
real_001_s001_2026-05-18_15-45-23-940,001,001,1,P002,P002.ppm,91,7.444922,1779111931.386867,1.5,-62.0,-550.0,2940,1912,0.82,0.82,0.0,0.0,pix
real_001_s001_2026-05-18_15-45-23-940,001,001,1,P002,P002.ppm,92,7.461589,1779111931.403534,1.516667,-62.0,-550.0,2940,1912,0.82,0.82,0.0,0.0,pix
real_001_s001_2026-05-18_15-45-23-940,001,001,1,P002,P002.ppm,93,7.478256,1779111931.4202,1.533333,-62.0,-550.0,2940,1912,0.82,0.82,0.0,0.0,pix
real_001_s001_2026-05-18_15-45-23-940,001,001,1,P002,P002.ppm,94,7.494922,1779111931.436867,1.55,-62.0,-550.0,2940,1912,0.82,0.82,0.0,0.0,pix
real_001_s001_2026-05-18_15-45-23-940,001,001,1,P002,P002.ppm,95,7.511589,1779111931.453534,1.566667,-62.0,-550.0,2940,1912,0.82,0.82,0.0,0.0,pix
real_001_s001_2026-05-18_15-45-23-940,001,001,1,P002,P002.ppm,96,7.528256,1779111931.4702,1.583333,-62.0,-550.0,2940,1912,0.82,0.82,0.0,0.0,pix
real_001_s001_2026-05-18_15-45-23-940,001,001,1,P002,P002.ppm,97,7.544922,1779111931.486867,1.6,-62.0,-550.0,2940,1912,0.82,0.82,0.0,0.0,pix
real_001_s001_2026-05-18_15-45-23-940,001,001,1,P002,P002.ppm,98,7.561589,1779111931.503534,1.616667,-62.0,-550.0,2940,1912,0.82,0.82,0.0,0.0,pix
real_001_s001_2026-05-18_15-45-23-940,001,001,1,P002,P002.ppm,99,7.578256,1779111931.5202,1.633333,-62.0,-550.0,2940,1912,0.82,0.82,0.0,0.0,pix
real_001_s001_2026-05-18_15-45-23-940,001,001,1,P002,P002.ppm,100,7.594922,1779111931.536867,1.65,-62.0,-550.0,2940,1912,0.82,0.82,0.0,0.0,pix
real_001_s001_2026-05-18_15-45-23-940,001,001,1,P002,P002.ppm,101,7.611589,1779111931.553534,1.666667,-62.0,-550.0,2940,1912,0.82,0.82,0.0,0.0,pix
real_001_s001_2026-05-18_15-45-23-940,001,001,1,P002,P002.ppm,102,7.628256,1779111931.5702,1.683333,-62.0,-550.0,2940,1912,0.82,0.82,0.0,0.0,pix
real_001_s001_2026-05-18_15-45-23-940,001,001,1,P002,P002.ppm,103,7.644922,1779111931.586867,1.7,-62.0,-550.0,2940,1912,0.82,0.82,0.0,0.0,pix
real_001_s001_2026-05-18_15-45-23-940,001,001,1,P002,P002.ppm,104,7.661589,1779111931.603534,1.716667,-62.0,-550.0,2940,1912,0.82,0.82,0.0,0.0,pix
real_001_s001_2026-05-18_15-45-23-940,001,001,1,P002,P002.ppm,105,7.678256,1779111931.6202,1.733333,-62.0,-550.0,2940,1912,0.82,0.82,0.0,0.0,pix
real_001_s001_2026-05-18_15-45-23-940,001,001,1,P002,P002.ppm,106,7.694922,1779111931.636867,1.75,-62.0,-550.0,2940,1912,0.82,0.82,0.0,0.0,pix
real_001_s001_2026-05-18_15-45-23-940,001,001,1,P002,P002.ppm,107,7.711589,1779111931.653534,1.766667,-62.0,-550.0,2940,1912,0.82,0.82,0.0,0.0,pix
real_001_s001_2026-05-18_15-45-23-940,001,001,1,P002,P002.ppm,108,7.728256,1779111931.6702,1.783333,-62.0,-550.0,2940,1912,0.82,0.82,0.0,0.0,pix
real_001_s001_2026-05-18_15-45-23-940,001,001,1,P002,P002.ppm,109,7.744922,1779111931.686867,1.8,-62.0,-550.0,2940,1912,0.82,0.82,0.0,0.0,pix
real_001_s001_2026-05-18_15-45-23-940,001,001,1,P002,P002.ppm,110,7.761589,1779111931.703534,1.816667,-62.0,-550.0,2940,1912,0.82,0.82,0.0,0.0,pix
real_001_s001_2026-05-18_15-45-23-940,001,001,1,P002,P002.ppm,111,7.778256,1779111931.7202,1.833333,-62.0,-550.0,2940,1912,0.82,0.82,0.0,0.0,pix
real_001_s001_2026-05-18_15-45-23-940,001,001,1,P002,P002.ppm,112,7.794922,1779111931.736867,1.85,-62.0,-550.0,2940,1912,0.82,0.82,0.0,0.0,pix
real_001_s001_2026-05-18_15-45-23-940,001,001,1,P002,P002.ppm,113,7.811589,1779111931.753534,1.866667,-62.0,-550.0,2940,1912,0.82,0.82,0.0,0.0,pix
real_001_s001_2026-05-18_15-45-23-940,001,001,1,P002,P002.ppm,114,7.828256,1779111931.7702,1.883333,-62.0,-550.0,2940,1912,0.82,0.82,0.0,0.0,pix
real_001_s001_2026-05-18_15-45-23-940,001,001,1,P002,P002.ppm,115,7.844922,1779111931.786867,1.9,-62.0,-550.0,2940,1912,0.82,0.82,0.0,0.0,pix
real_001_s001_2026-05-18_15-45-23-940,001,001,1,P002,P002.ppm,116,7.861589,1779111931.803534,1.916667,-62.0,-550.0,2940,1912,0.82,0.82,0.0,0.0,pix
real_001_s001_2026-05-18_15-45-23-940,001,001,1,P002,P002.ppm,117,7.878256,1779111931.8202,1.933333,-62.0,-550.0,2940,1912,0.82,0.82,0.0,0.0,pix
real_001_s001_2026-05-18_15-45-23-940,001,001,1,P002,P002.ppm,118,7.894922,1779111931.836867,1.95,-62.0,-550.0,2940,1912,0.82,0.82,0.0,0.0,pix
real_001_s001_2026-05-18_15-45-23-940,001,001,1,P002,P002.ppm,119,7.911589,1779111931.853534,1.966667,-62.0,-550.0,2940,1912,0.82,0.82,0.0,0.0,pix
real_001_s001_2026-05-18_15-45-23-940,001,001,1,P002,P002.ppm,120,7.928256,1779111931.8702,1.983333,-62.0,-550.0,2940,1912,0.82,0.82,0.0,0.0,pix
real_001_s001_2026-05-18_15-45-23-940,001,001,1,P002,P002.ppm,121,7.944922,1779111931.886867,2.0,-62.0,-550.0,2940,1912,0.82,0.82,0.0,0.0,pix
real_001_s001_2026-05-18_15-45-23-940,001,001,1,P002,P002.ppm,122,7.961589,1779111931.903534,2.016667,-62.0,-550.0,2940,1912,0.82,0.82,0.0,0.0,pix
real_001_s001_2026-05-18_15-45-23-940,001,001,1,P002,P002.ppm,123,7.978256,1779111931.9202,2.033333,-62.0,-550.0,2940,1912,0.82,0.82,0.0,0.0,pix
real_001_s001_2026-05-18_15-45-23-940,001,001,1,P002,P002.ppm,124,7.994922,1779111931.936867,2.05,-62.0,-550.0,2940,1912,0.82,0.82,0.0,0.0,pix
real_001_s001_2026-05-18_15-45-23-940,001,001,1,P002,P002.ppm,125,8.011589,1779111931.953534,2.066667,-62.0,-550.0,2940,1912,0.82,0.82,0.0,0.0,pix
real_001_s001_2026-05-18_15-45-23-940,001,001,1,P002,P002.ppm,126,8.028256,1779111931.9702,2.083333,-62.0,-550.0,2940,1912,0.82,0.82,0.0,0.0,pix
real_001_s001_2026-05-18_15-45-23-940,001,001,1,P002,P002.ppm,127,8.044922,1779111931.986867,2.1,-62.0,-550.0,2940,1912,0.82,0.82,0.0,0.0,pix
real_001_s001_2026-05-18_15-45-23-940,001,001,1,P002,P002.ppm,128,8.061589,1779111932.003534,2.116667,-62.0,-550.0,2940,1912,0.82,0.82,0.0,0.0,pix
real_001_s001_2026-05-18_15-45-23-940,001,001,1,P002,P002.ppm,129,8.078256,1779111932.0202,2.133333,-62.0,-550.0,2940,1912,0.82,0.82,0.0,0.0,pix
real_001_s001_2026-05-18_15-45-23-940,001,001,1,P002,P002.ppm,130,8.094922,1779111932.036867,2.15,-62.0,-550.0,2940,1912,0.82,0.82,0.0,0.0,pix
real_001_s001_2026-05-18_15-45-23-940,001,001,1,P002,P002.ppm,131,8.111589,1779111932.053534,2.166667,-62.0,-550.0,2940,1912,0.82,0.82,0.0,0.0,pix
real_001_s001_2026-05-18_15-45-23-940,001,001,1,P002,P002.ppm,132,8.128256,1779111932.0702,2.183333,-62.0,-550.0,2940,1912,0.82,0.82,0.0,0.0,pix
real_001_s001_2026-05-18_15-45-23-940,001,001,1,P002,P002.ppm,133,8.144922,1779111932.086867,2.2,-62.0,-550.0,2940,1912,0.82,0.82,0.0,0.0,pix
real_001_s001_2026-05-18_15-45-23-940,001,001,1,P002,P002.ppm,134,8.161589,1779111932.103534,2.216667,-62.0,-550.0,2940,1912,0.82,0.82,0.0,0.0,pix
real_001_s001_2026-05-18_15-45-23-940,001,001,1,P002,P002.ppm,135,8.178256,1779111932.1202,2.233333,-62.0,-550.0,2940,1912,0.82,0.82,0.0,0.0,pix
real_001_s001_2026-05-18_15-45-23-940,001,001,1,P002,P002.ppm,136,8.194922,1779111932.136867,2.25,-62.0,-550.0,2940,1912,0.82,0.82,0.0,0.0,pix
real_001_s001_2026-05-18_15-45-23-940,001,001,1,P002,P002.ppm,137,8.211589,1779111932.153534,2.266667,-62.0,-550.0,2940,1912,0.82,0.82,0.0,0.0,pix
real_001_s001_2026-05-18_15-45-23-940,001,001,1,P002,P002.ppm,138,8.228256,1779111932.1702,2.283333,-62.0,-550.0,2940,1912,0.82,0.82,0.0,0.0,pix
real_001_s001_2026-05-18_15-45-23-940,001,001,1,P002,P002.ppm,139,8.244922,1779111932.186867,2.3,-62.0,-550.0,2940,1912,0.82,0.82,0.0,0.0,pix
real_001_s001_2026-05-18_15-45-23-940,001,001,1,P002,P002.ppm,140,8.261589,1779111932.203534,2.316667,-62.0,-550.0,2940,1912,0.82,0.82,0.0,0.0,pix
real_001_s001_2026-05-18_15-45-23-940,001,001,1,P002,P002.ppm,141,8.278256,1779111932.2202,2.333333,-62.0,-550.0,2940,1912,0.82,0.82,0.0,0.0,pix
real_001_s001_2026-05-18_15-45-23-940,001,001,1,P002,P002.ppm,142,8.294922,1779111932.236867,2.35,-62.0,-550.0,2940,1912,0.82,0.82,0.0,0.0,pix
real_001_s001_2026-05-18_15-45-23-940,001,001,1,P002,P002.ppm,143,8.311589,1779111932.253534,2.366667,-62.0,-550.0,2940,1912,0.82,0.82,0.0,0.0,pix
real_001_s001_2026-05-18_15-45-23-940,001,001,1,P002,P002.ppm,144,8.328256,1779111932.2702,2.383333,-62.0,-550.0,2940,1912,0.82,0.82,0.0,0.0,pix
real_001_s001_2026-05-18_15-45-23-940,001,001,1,P002,P002.ppm,145,8.344922,1779111932.286867,2.4,-62.0,-550.0,2940,1912,0.82,0.82,0.0,0.0,pix
real_001_s001_2026-05-18_15-45-23-940,001,001,1,P002,P002.ppm,146,8.361589,1779111932.303534,2.416667,-62.0,-550.0,2940,1912,0.82,0.82,0.0,0.0,pix
real_001_s001_2026-05-18_15-45-23-940,001,001,1,P002,P002.ppm,147,8.378256,1779111932.3202,2.433333,-62.0,-550.0,2940,1912,0.82,0.82,0.0,0.0,pix
real_001_s001_2026-05-18_15-45-23-940,001,001,1,P002,P002.ppm,148,8.394922,1779111932.336867,2.45,-62.0,-550.0,2940,1912,0.82,0.82,0.0,0.0,pix
real_001_s001_2026-05-18_15-45-23-940,001,001,1,P002,P002.ppm,149,8.411589,1779111932.353534,2.466667,-62.0,-550.0,2940,1912,0.82,0.82,0.0,0.0,pix
real_001_s001_2026-05-18_15-45-23-940,001,001,1,P002,P002.ppm,150,8.428256,1779111932.3702,2.483333,-62.0,-550.0,2940,1912,0.82,0.82,0.0,0.0,pix
real_001_s001_2026-05-18_15-45-23-940,001,001,1,P002,P002.ppm,151,8.444922,1779111932.386867,2.5,-62.0,-550.0,2940,1912,0.82,0.82,0.0,0.0,pix
real_001_s001_2026-05-18_15-45-23-940,001,001,1,P002,P002.ppm,152,8.461589,1779111932.403534,2.516667,-62.0,-550.0,2940,1912,0.82,0.82,0.0,0.0,pix
real_001_s001_2026-05-18_15-45-23-940,001,001,1,P002,P002.ppm,153,8.478256,1779111932.4202,2.533333,-62.0,-550.0,2940,1912,0.82,0.82,0.0,0.0,pix
real_001_s001_2026-05-18_15-45-23-940,001,001,1,P002,P002.ppm,154,8.494922,1779111932.436867,2.55,-62.0,-550.0,2940,1912,0.82,0.82,0.0,0.0,pix
real_001_s001_2026-05-18_15-45-23-940,001,001,1,P002,P002.ppm,155,8.511589,1779111932.453534,2.566667,-62.0,-550.0,2940,1912,0.82,0.82,0.0,0.0,pix
real_001_s001_2026-05-18_15-45-23-940,001,001,1,P002,P002.ppm,156,8.528256,1779111932.4702,2.583333,-62.0,-550.0,2940,1912,0.82,0.82,0.0,0.0,pix
real_001_s001_2026-05-18_15-45-23-940,001,001,1,P002,P002.ppm,157,8.544922,1779111932.486867,2.6,-62.0,-550.0,2940,1912,0.82,0.82,0.0,0.0,pix
real_001_s001_2026-05-18_15-45-23-940,001,001,1,P002,P002.ppm,158,8.561589,1779111932.503534,2.616667,-62.0,-550.0,2940,1912,0.82,0.82,0.0,0.0,pix
real_001_s001_2026-05-18_15-45-23-940,001,001,1,P002,P002.ppm,159,8.578256,1779111932.5202,2.633333,-62.0,-550.0,2940,1912,0.82,0.82,0.0,0.0,pix
real_001_s001_2026-05-18_15-45-23-940,001,001,1,P002,P002.ppm,160,8.594922,1779111932.536867,2.65,-62.0,-550.0,2940,1912,0.82,0.82,0.0,0.0,pix
real_001_s001_2026-05-18_15-45-23-940,001,001,1,P002,P002.ppm,161,8.611589,1779111932.553534,2.666667,-62.0,-550.0,2940,1912,0.82,0.82,0.0,0.0,pix
real_001_s001_2026-05-18_15-45-23-940,001,001,1,P002,P002.ppm,162,8.628256,1779111932.5702,2.683333,-62.0,-550.0,2940,1912,0.82,0.82,0.0,0.0,pix
real_001_s001_2026-05-18_15-45-23-940,001,001,1,P002,P002.ppm,163,8.644922,1779111932.586867,2.7,-62.0,-550.0,2940,1912,0.82,0.82,0.0,0.0,pix
real_001_s001_2026-05-18_15-45-23-940,001,001,1,P002,P002.ppm,164,8.661589,1779111932.603534,2.716667,-62.0,-550.0,2940,1912,0.82,0.82,0.0,0.0,pix
real_001_s001_2026-05-18_15-45-23-940,001,001,1,P002,P002.ppm,165,8.678256,1779111932.6202,2.733333,-62.0,-550.0,2940,1912,0.82,0.82,0.0,0.0,pix
real_001_s001_2026-05-18_15-45-23-940,001,001,1,P002,P002.ppm,166,8.694922,1779111932.636867,2.75,-62.0,-550.0,2940,1912,0.82,0.82,0.0,0.0,pix
real_001_s001_2026-05-18_15-45-23-940,001,001,1,P002,P002.ppm,167,8.711589,1779111932.653534,2.766667,-62.0,-550.0,2940,1912,0.82,0.82,0.0,0.0,pix
real_001_s001_2026-05-18_15-45-23-940,001,001,1,P002,P002.ppm,168,8.728256,1779111932.6702,2.783333,-62.0,-550.0,2940,1912,0.82,0.82,0.0,0.0,pix
real_001_s001_2026-05-18_15-45-23-940,001,001,1,P002,P002.ppm,169,8.744922,1779111932.686867,2.8,-62.0,-550.0,2940,1912,0.82,0.82,0.0,0.0,pix
real_001_s001_2026-05-18_15-45-23-940,001,001,1,P002,P002.ppm,170,8.761589,1779111932.703534,2.816667,-62.0,-550.0,2940,1912,0.82,0.82,0.0,0.0,pix
real_001_s001_2026-05-18_15-45-23-940,001,001,1,P002,P002.ppm,171,8.778256,1779111932.7202,2.833333,-62.0,-550.0,2940,1912,0.82,0.82,0.0,0.0,pix
real_001_s001_2026-05-18_15-45-23-940,001,001,1,P002,P002.ppm,172,8.794922,1779111932.736867,2.85,-62.0,-550.0,2940,1912,0.82,0.82,0.0,0.0,pix
real_001_s001_2026-05-18_15-45-23-940,001,001,1,P002,P002.ppm,173,8.811589,1779111932.753534,2.866667,-62.0,-550.0,2940,1912,0.82,0.82,0.0,0.0,pix
real_001_s001_2026-05-18_15-45-23-940,001,001,1,P002,P002.ppm,174,8.828256,1779111932.7702,2.883333,-62.0,-550.0,2940,1912,0.82,0.82,0.0,0.0,pix
real_001_s001_2026-05-18_15-45-23-940,001,001,1,P002,P002.ppm,175,8.844922,1779111932.786867,2.9,-62.0,-550.0,2940,1912,0.82,0.82,0.0,0.0,pix
real_001_s001_2026-05-18_15-45-23-940,001,001,1,P002,P002.ppm,176,8.861589,1779111932.803534,2.916667,-62.0,-550.0,2940,1912,0.82,0.82,0.0,0.0,pix
real_001_s001_2026-05-18_15-45-23-940,001,001,1,P002,P002.ppm,177,8.878256,1779111932.8202,2.933333,-62.0,-550.0,2940,1912,0.82,0.82,0.0,0.0,pix
real_001_s001_2026-05-18_15-45-23-940,001,001,1,P002,P002.ppm,178,8.894922,1779111932.836867,2.95,-62.0,-550.0,2940,1912,0.82,0.82,0.0,0.0,pix
real_001_s001_2026-05-18_15-45-23-940,001,001,1,P002,P002.ppm,179,8.911589,1779111932.853534,2.966667,-62.0,-550.0,2940,1912,0.82,0.82,0.0,0.0,pix
real_001_s001_2026-05-18_15-45-23-940,001,001,1,P002,P002.ppm,180,8.928256,1779111932.8702,2.983333,-62.0,-550.0,2940,1912,0.82,0.82,0.0,0.0,pix
real_001_s001_2026-05-18_15-45-23-940,001,001,1,P002,P002.ppm,181,8.944922,1779111932.886867,3.0,-62.0,-550.0,2940,1912,0.82,0.82,0.0,0.0,pix
real_001_s001_2026-05-18_15-45-23-940,001,001,1,P002,P002.ppm,182,8.961589,1779111932.903534,3.016667,-62.0,-550.0,2940,1912,0.82,0.82,0.0,0.0,pix
real_001_s001_2026-05-18_15-45-23-940,001,001,1,P002,P002.ppm,183,8.978256,1779111932.9202,3.033333,-62.0,-550.0,2940,1912,0.82,0.82,0.0,0.0,pix
real_001_s001_2026-05-18_15-45-23-940,001,001,1,P002,P002.ppm,184,8.994922,1779111932.936867,3.05,-62.0,-550.0,2940,1912,0.82,0.82,0.0,0.0,pix
real_001_s001_2026-05-18_15-45-23-940,001,001,1,P002,P002.ppm,185,9.011589,1779111932.953534,3.066667,-62.0,-550.0,2940,1912,0.82,0.82,0.0,0.0,pix
real_001_s001_2026-05-18_15-45-23-940,001,001,1,P002,P002.ppm,186,9.028256,1779111932.9702,3.083333,-62.0,-550.0,2940,1912,0.82,0.82,0.0,0.0,pix
real_001_s001_2026-05-18_15-45-23-940,001,001,1,P002,P002.ppm,187,9.044922,1779111932.986867,3.1,-62.0,-550.0,2940,1912,0.82,0.82,0.0,0.0,pix
real_001_s001_2026-05-18_15-45-23-940,001,001,1,P002,P002.ppm,188,9.061589,1779111933.003534,3.116667,-62.0,-550.0,2940,1912,0.82,0.82,0.0,0.0,pix
real_001_s001_2026-05-18_15-45-23-940,001,001,1,P002,P002.ppm,189,9.078256,1779111933.0202,3.133333,-62.0,-550.0,2940,1912,0.82,0.82,0.0,0.0,pix
real_001_s001_2026-05-18_15-45-23-940,001,001,1,P002,P002.ppm,190,9.094922,1779111933.036867,3.15,-62.0,-550.0,2940,1912,0.82,0.82,0.0,0.0,pix
real_001_s001_2026-05-18_15-45-23-940,001,001,1,P002,P002.ppm,191,9.111589,1779111933.053534,3.166667,-62.0,-550.0,2940,1912,0.82,0.82,0.0,0.0,pix
real_001_s001_2026-05-18_15-45-23-940,001,001,1,P002,P002.ppm,192,9.128256,1779111933.0702,3.183333,-62.0,-550.0,2940,1912,0.82,0.82,0.0,0.0,pix
real_001_s001_2026-05-18_15-45-23-940,001,001,1,P002,P002.ppm,193,9.144922,1779111933.086867,3.2,-62.0,-550.0,2940,1912,0.82,0.82,0.0,0.0,pix
real_001_s001_2026-05-18_15-45-23-940,001,001,1,P002,P002.ppm,194,9.161589,1779111933.103534,3.216667,-62.0,-550.0,2940,1912,0.82,0.82,0.0,0.0,pix
real_001_s001_2026-05-18_15-45-23-940,001,001,1,P002,P002.ppm,195,9.178256,1779111933.1202,3.233333,-62.0,-550.0,2940,1912,0.82,0.82,0.0,0.0,pix
real_001_s001_2026-05-18_15-45-23-940,001,001,1,P002,P002.ppm,196,9.194922,1779111933.136867,3.25,-62.0,-550.0,2940,1912,0.82,0.82,0.0,0.0,pix
real_001_s001_2026-05-18_15-45-23-940,001,001,1,P002,P002.ppm,197,9.211589,1779111933.153534,3.266667,-62.0,-550.0,2940,1912,0.82,0.82,0.0,0.0,pix
real_001_s001_2026-05-18_15-45-23-940,001,001,1,P002,P002.ppm,198,9.228256,1779111933.1702,3.283333,-62.0,-550.0,2940,1912,0.82,0.82,0.0,0.0,pix
real_001_s001_2026-05-18_15-45-23-940,001,001,1,P002,P002.ppm,199,9.244922,1779111933.186867,3.3,-62.0,-550.0,2940,1912,0.82,0.82,0.0,0.0,pix
real_001_s001_2026-05-18_15-45-23-940,001,001,1,P002,P002.ppm,200,9.261589,1779111933.203534,3.316667,-62.0,-550.0,2940,1912,0.82,0.82,0.0,0.0,pix
real_001_s001_2026-05-18_15-45-23-940,001,001,1,P002,P002.ppm,201,9.278256,1779111933.2202,3.333333,-62.0,-550.0,2940,1912,0.82,0.82,0.0,0.0,pix
real_001_s001_2026-05-18_15-45-23-940,001,001,1,P002,P002.ppm,202,9.294922,1779111933.236867,3.35,-62.0,-550.0,2940,1912,0.82,0.82,0.0,0.0,pix
real_001_s001_2026-05-18_15-45-23-940,001,001,1,P002,P002.ppm,203,9.311589,1779111933.253534,3.366667,-62.0,-550.0,2940,1912,0.82,0.82,0.0,0.0,pix
real_001_s001_2026-05-18_15-45-23-940,001,001,1,P002,P002.ppm,204,9.328256,1779111933.2702,3.383333,-62.0,-550.0,2940,1912,0.82,0.82,0.0,0.0,pix
real_001_s001_2026-05-18_15-45-23-940,001,001,1,P002,P002.ppm,205,9.344922,1779111933.286867,3.4,-62.0,-550.0,2940,1912,0.82,0.82,0.0,0.0,pix
real_001_s001_2026-05-18_15-45-23-940,001,001,1,P002,P002.ppm,206,9.361589,1779111933.303534,3.416667,-62.0,-550.0,2940,1912,0.82,0.82,0.0,0.0,pix
real_001_s001_2026-05-18_15-45-23-940,001,001,1,P002,P002.ppm,207,9.378256,1779111933.3202,3.433333,-62.0,-550.0,2940,1912,0.82,0.82,0.0,0.0,pix
real_001_s001_2026-05-18_15-45-23-940,001,001,1,P002,P002.ppm,208,9.394922,1779111933.336867,3.45,-62.0,-550.0,2940,1912,0.82,0.82,0.0,0.0,pix
real_001_s001_2026-05-18_15-45-23-940,001,001,1,P002,P002.ppm,209,9.411589,1779111933.353534,3.466667,-62.0,-550.0,2940,1912,0.82,0.82,0.0,0.0,pix
real_001_s001_2026-05-18_15-45-23-940,001,001,1,P002,P002.ppm,210,9.428256,1779111933.3702,3.483333,-62.0,-550.0,2940,1912,0.82,0.82,0.0,0.0,pix
real_001_s001_2026-05-18_15-45-23-940,001,001,1,P002,P002.ppm,211,9.444922,1779111933.386867,3.5,-62.0,-550.0,2940,1912,0.82,0.82,0.0,0.0,pix
real_001_s001_2026-05-18_15-45-23-940,001,001,1,P002,P002.ppm,212,9.461589,1779111933.403534,3.516667,-62.0,-550.0,2940,1912,0.82,0.82,0.0,0.0,pix
real_001_s001_2026-05-18_15-45-23-940,001,001,1,P002,P002.ppm,213,9.478256,1779111933.4202,3.533333,-62.0,-550.0,2940,1912,0.82,0.82,0.0,0.0,pix
real_001_s001_2026-05-18_15-45-23-940,001,001,1,P002,P002.ppm,214,9.494922,1779111933.436867,3.55,-62.0,-550.0,2940,1912,0.82,0.82,0.0,0.0,pix
real_001_s001_2026-05-18_15-45-23-940,001,001,1,P002,P002.ppm,215,9.511589,1779111933.453534,3.566667,-62.0,-550.0,2940,1912,0.82,0.82,0.0,0.0,pix
real_001_s001_2026-05-18_15-45-23-940,001,001,1,P002,P002.ppm,216,9.528256,1779111933.4702,3.583333,-62.0,-550.0,2940,1912,0.82,0.82,0.0,0.0,pix
real_001_s001_2026-05-18_15-45-23-940,001,001,1,P002,P002.ppm,217,9.544922,1779111933.486867,3.6,-62.0,-550.0,2940,1912,0.82,0.82,0.0,0.0,pix
real_001_s001_2026-05-18_15-45-23-940,001,001,1,P002,P002.ppm,218,9.561589,1779111933.503534,3.616667,-62.0,-550.0,2940,1912,0.82,0.82,0.0,0.0,pix
real_001_s001_2026-05-18_15-45-23-940,001,001,1,P002,P002.ppm,219,9.578256,1779111933.5202,3.633333,-62.0,-550.0,2940,1912,0.82,0.82,0.0,0.0,pix
real_001_s001_2026-05-18_15-45-23-940,001,001,1,P002,P002.ppm,220,9.594922,1779111933.536867,3.65,-62.0,-550.0,2940,1912,0.82,0.82,0.0,0.0,pix
real_001_s001_2026-05-18_15-45-23-940,001,001,1,P002,P002.ppm,221,9.611589,1779111933.553534,3.666667,-62.0,-550.0,2940,1912,0.82,0.82,0.0,0.0,pix
real_001_s001_2026-05-18_15-45-23-940,001,001,1,P002,P002.ppm,222,9.628256,1779111933.5702,3.683333,-62.0,-550.0,2940,1912,0.82,0.82,0.0,0.0,pix
real_001_s001_2026-05-18_15-45-23-940,001,001,1,P002,P002.ppm,223,9.644922,1779111933.586867,3.7,-62.0,-550.0,2940,1912,0.82,0.82,0.0,0.0,pix
real_001_s001_2026-05-18_15-45-23-940,001,001,1,P002,P002.ppm,224,9.661589,1779111933.603534,3.716667,-62.0,-550.0,2940,1912,0.82,0.82,0.0,0.0,pix
real_001_s001_2026-05-18_15-45-23-940,001,001,1,P002,P002.ppm,225,9.678256,1779111933.6202,3.733333,-62.0,-550.0,2940,1912,0.82,0.82,0.0,0.0,pix
real_001_s001_2026-05-18_15-45-23-940,001,001,1,P002,P002.ppm,226,9.694922,1779111933.636867,3.75,-62.0,-550.0,2940,1912,0.82,0.82,0.0,0.0,pix
real_001_s001_2026-05-18_15-45-23-940,001,001,1,P002,P002.ppm,227,9.711589,1779111933.653534,3.766667,-62.0,-550.0,2940,1912,0.82,0.82,0.0,0.0,pix
real_001_s001_2026-05-18_15-45-23-940,001,001,1,P002,P002.ppm,228,9.728256,1779111933.6702,3.783333,-62.0,-550.0,2940,1912,0.82,0.82,0.0,0.0,pix
real_001_s001_2026-05-18_15-45-23-940,001,001,1,P002,P002.ppm,229,9.744922,1779111933.686867,3.8,-62.0,-550.0,2940,1912,0.82,0.82,0.0,0.0,pix
real_001_s001_2026-05-18_15-45-23-940,001,001,1,P002,P002.ppm,230,9.761589,1779111933.703534,3.816667,-62.0,-550.0,2940,1912,0.82,0.82,0.0,0.0,pix
real_001_s001_2026-05-18_15-45-23-940,001,001,1,P002,P002.ppm,231,9.778256,1779111933.7202,3.833333,-62.0,-550.0,2940,1912,0.82,0.82,0.0,0.0,pix
real_001_s001_2026-05-18_15-45-23-940,001,001,1,P002,P002.ppm,232,9.794922,1779111933.736867,3.85,-62.0,-550.0,2940,1912,0.82,0.82,0.0,0.0,pix
real_001_s001_2026-05-18_15-45-23-940,001,001,1,P002,P002.ppm,233,9.811589,1779111933.753534,3.866667,-62.0,-550.0,2940,1912,0.82,0.82,0.0,0.0,pix
real_001_s001_2026-05-18_15-45-23-940,001,001,1,P002,P002.ppm,234,9.828256,1779111933.7702,3.883333,-62.0,-550.0,2940,1912,0.82,0.82,0.0,0.0,pix
real_001_s001_2026-05-18_15-45-23-940,001,001,1,P002,P002.ppm,235,9.844922,1779111933.786867,3.9,-62.0,-550.0,2940,1912,0.82,0.82,0.0,0.0,pix
real_001_s001_2026-05-18_15-45-23-940,001,001,1,P002,P002.ppm,236,9.861589,1779111933.803534,3.916667,-62.0,-550.0,2940,1912,0.82,0.82,0.0,0.0,pix
real_001_s001_2026-05-18_15-45-23-940,001,001,1,P002,P002.ppm,237,9.878256,1779111933.8202,3.933333,-62.0,-550.0,2940,1912,0.82,0.82,0.0,0.0,pix
real_001_s001_2026-05-18_15-45-23-940,001,001,1,P002,P002.ppm,238,9.894922,1779111933.836867,3.95,-62.0,-550.0,2940,1912,0.82,0.82,0.0,0.0,pix
real_001_s001_2026-05-18_15-45-23-940,001,001,1,P002,P002.ppm,239,9.911589,1779111933.853534,3.966667,-62.0,-550.0,2940,1912,0.82,0.82,0.0,0.0,pix
real_001_s001_2026-05-18_15-45-23-940,001,001,1,P002,P002.ppm,240,9.928256,1779111933.8702,3.983333,-62.0,-550.0,2940,1912,0.82,0.82,0.0,0.0,pix
real_001_s001_2026-05-18_15-45-23-940,001,001,1,P002,P002.ppm,241,9.944922,1779111933.886867,4.0,-62.0,-550.0,2940,1912,0.82,0.82,0.0,0.0,pix
real_001_s001_2026-05-18_15-45-23-940,001,001,1,P002,P002.ppm,242,9.961589,1779111933.903534,4.016667,-62.0,-550.0,2940,1912,0.82,0.82,0.0,0.0,pix
real_001_s001_2026-05-18_15-45-23-940,001,001,1,P002,P002.ppm,243,9.978256,1779111933.9202,4.033333,-62.0,-550.0,2940,1912,0.82,0.82,0.0,0.0,pix
real_001_s001_2026-05-18_15-45-23-940,001,001,1,P002,P002.ppm,244,9.994922,1779111933.936867,4.05,-62.0,-550.0,2940,1912,0.82,0.82,0.0,0.0,pix
real_001_s001_2026-05-18_15-45-23-940,001,001,1,P002,P002.ppm,245,10.011589,1779111933.953534,4.066667,-62.0,-550.0,2940,1912,0.82,0.82,0.0,0.0,pix
real_001_s001_2026-05-18_15-45-23-940,001,001,1,P002,P002.ppm,246,10.028256,1779111933.9702,4.083333,-62.0,-550.0,2940,1912,0.82,0.82,0.0,0.0,pix
real_001_s001_2026-05-18_15-45-23-940,001,001,1,P002,P002.ppm,247,10.044922,1779111933.986867,4.1,-62.0,-550.0,2940,1912,0.82,0.82,0.0,0.0,pix
real_001_s001_2026-05-18_15-45-23-940,001,001,1,P002,P002.ppm,248,10.061589,1779111934.003534,4.116667,-62.0,-550.0,2940,1912,0.82,0.82,0.0,0.0,pix
real_001_s001_2026-05-18_15-45-23-940,001,001,1,P002,P002.ppm,249,10.078256,1779111934.0202,4.133333,-62.0,-550.0,2940,1912,0.82,0.82,0.0,0.0,pix
real_001_s001_2026-05-18_15-45-23-940,001,001,1,P002,P002.ppm,250,10.094922,1779111934.036867,4.15,-62.0,-550.0,2940,1912,0.82,0.82,0.0,0.0,pix
real_001_s001_2026-05-18_15-45-23-940,001,001,1,P002,P002.ppm,251,10.111589,1779111934.053534,4.166667,-62.0,-550.0,2940,1912,0.82,0.82,0.0,0.0,pix
real_001_s001_2026-05-18_15-45-23-940,001,001,1,P002,P002.ppm,252,10.128256,1779111934.0702,4.183333,-62.0,-550.0,2940,1912,0.82,0.82,0.0,0.0,pix
real_001_s001_2026-05-18_15-45-23-940,001,001,1,P002,P002.ppm,253,10.144922,1779111934.086867,4.2,-62.0,-550.0,2940,1912,0.82,0.82,0.0,0.0,pix
real_001_s001_2026-05-18_15-45-23-940,001,001,1,P002,P002.ppm,254,10.161589,1779111934.103534,4.216667,-62.0,-550.0,2940,1912,0.82,0.82,0.0,0.0,pix
real_001_s001_2026-05-18_15-45-23-940,001,001,1,P002,P002.ppm,255,10.178256,1779111934.1202,4.233333,-62.0,-550.0,2940,1912,0.82,0.82,0.0,0.0,pix
real_001_s001_2026-05-18_15-45-23-940,001,001,1,P002,P002.ppm,256,10.194922,1779111934.136867,4.25,-62.0,-550.0,2940,1912,0.82,0.82,0.0,0.0,pix
real_001_s001_2026-05-18_15-45-23-940,001,001,1,P002,P002.ppm,257,10.211589,1779111934.153534,4.266667,-62.0,-550.0,2940,1912,0.82,0.82,0.0,0.0,pix
real_001_s001_2026-05-18_15-45-23-940,001,001,1,P002,P002.ppm,258,10.228256,1779111934.1702,4.283333,-62.0,-550.0,2940,1912,0.82,0.82,0.0,0.0,pix
real_001_s001_2026-05-18_15-45-23-940,001,001,1,P002,P002.ppm,259,10.244922,1779111934.186867,4.3,-62.0,-550.0,2940,1912,0.82,0.82,0.0,0.0,pix
real_001_s001_2026-05-18_15-45-23-940,001,001,1,P002,P002.ppm,260,10.261589,1779111934.203534,4.316667,-62.0,-550.0,2940,1912,0.82,0.82,0.0,0.0,pix
real_001_s001_2026-05-18_15-45-23-940,001,001,1,P002,P002.ppm,261,10.278256,1779111934.2202,4.333333,-62.0,-550.0,2940,1912,0.82,0.82,0.0,0.0,pix
real_001_s001_2026-05-18_15-45-23-940,001,001,1,P002,P002.ppm,262,10.294922,1779111934.236867,4.35,-62.0,-550.0,2940,1912,0.82,0.82,0.0,0.0,pix
real_001_s001_2026-05-18_15-45-23-940,001,001,1,P002,P002.ppm,263,10.311589,1779111934.253534,4.366667,-62.0,-550.0,2940,1912,0.82,0.82,0.0,0.0,pix
real_001_s001_2026-05-18_15-45-23-940,001,001,1,P002,P002.ppm,264,10.328256,1779111934.2702,4.383333,-62.0,-550.0,2940,1912,0.82,0.82,0.0,0.0,pix
real_001_s001_2026-05-18_15-45-23-940,001,001,1,P002,P002.ppm,265,10.344922,1779111934.286867,4.4,-62.0,-550.0,2940,1912,0.82,0.82,0.0,0.0,pix
real_001_s001_2026-05-18_15-45-23-940,001,001,1,P002,P002.ppm,266,10.361589,1779111934.303534,4.416667,-62.0,-550.0,2940,1912,0.82,0.82,0.0,0.0,pix
real_001_s001_2026-05-18_15-45-23-940,001,001,1,P002,P002.ppm,267,10.378256,1779111934.3202,4.433333,-62.0,-550.0,2940,1912,0.82,0.82,0.0,0.0,pix
real_001_s001_2026-05-18_15-45-23-940,001,001,1,P002,P002.ppm,268,10.394922,1779111934.336867,4.45,-62.0,-550.0,2940,1912,0.82,0.82,0.0,0.0,pix
real_001_s001_2026-05-18_15-45-23-940,001,001,1,P002,P002.ppm,269,10.411589,1779111934.353534,4.466667,-62.0,-550.0,2940,1912,0.82,0.82,0.0,0.0,pix
real_001_s001_2026-05-18_15-45-23-940,001,001,1,P002,P002.ppm,270,10.428256,1779111934.3702,4.483333,-62.0,-550.0,2940,1912,0.82,0.82,0.0,0.0,pix
real_001_s001_2026-05-18_15-45-23-940,001,001,1,P002,P002.ppm,271,10.444922,1779111934.386867,4.5,-62.0,-550.0,2940,1912,0.82,0.82,0.0,0.0,pix
real_001_s001_2026-05-18_15-45-23-940,001,001,1,P002,P002.ppm,272,10.461589,1779111934.403534,4.516667,-62.0,-550.0,2940,1912,0.82,0.82,0.0,0.0,pix
real_001_s001_2026-05-18_15-45-23-940,001,001,1,P002,P002.ppm,273,10.478256,1779111934.4202,4.533333,-62.0,-550.0,2940,1912,0.82,0.82,0.0,0.0,pix
real_001_s001_2026-05-18_15-45-23-940,001,001,1,P002,P002.ppm,274,10.494922,1779111934.436867,4.55,-62.0,-550.0,2940,1912,0.82,0.82,0.0,0.0,pix
real_001_s001_2026-05-18_15-45-23-940,001,001,1,P002,P002.ppm,275,10.511589,1779111934.453534,4.566667,-62.0,-550.0,2940,1912,0.82,0.82,0.0,0.0,pix
real_001_s001_2026-05-18_15-45-23-940,001,001,1,P002,P002.ppm,276,10.528256,1779111934.4702,4.583333,-62.0,-550.0,2940,1912,0.82,0.82,0.0,0.0,pix
real_001_s001_2026-05-18_15-45-23-940,001,001,1,P002,P002.ppm,277,10.544922,1779111934.486867,4.6,-62.0,-550.0,2940,1912,0.82,0.82,0.0,0.0,pix
real_001_s001_2026-05-18_15-45-23-940,001,001,1,P002,P002.ppm,278,10.561589,1779111934.503534,4.616667,-62.0,-550.0,2940,1912,0.82,0.82,0.0,0.0,pix
real_001_s001_2026-05-18_15-45-23-940,001,001,1,P002,P002.ppm,279,10.578256,1779111934.5202,4.633333,-62.0,-550.0,2940,1912,0.82,0.82,0.0,0.0,pix
real_001_s001_2026-05-18_15-45-23-940,001,001,1,P002,P002.ppm,280,10.594922,1779111934.536867,4.65,-62.0,-550.0,2940,1912,0.82,0.82,0.0,0.0,pix
real_001_s001_2026-05-18_15-45-23-940,001,001,1,P002,P002.ppm,281,10.611589,1779111934.553534,4.666667,-62.0,-550.0,2940,1912,0.82,0.82,0.0,0.0,pix
real_001_s001_2026-05-18_15-45-23-940,001,001,1,P002,P002.ppm,282,10.628256,1779111934.5702,4.683333,-62.0,-550.0,2940,1912,0.82,0.82,0.0,0.0,pix
real_001_s001_2026-05-18_15-45-23-940,001,001,1,P002,P002.ppm,283,10.644922,1779111934.586867,4.7,-62.0,-550.0,2940,1912,0.82,0.82,0.0,0.0,pix
real_001_s001_2026-05-18_15-45-23-940,001,001,1,P002,P002.ppm,284,10.661589,1779111934.603534,4.716667,-62.0,-550.0,2940,1912,0.82,0.82,0.0,0.0,pix
real_001_s001_2026-05-18_15-45-23-940,001,001,1,P002,P002.ppm,285,10.678256,1779111934.6202,4.733333,-62.0,-550.0,2940,1912,0.82,0.82,0.0,0.0,pix
real_001_s001_2026-05-18_15-45-23-940,001,001,1,P002,P002.ppm,286,10.694922,1779111934.636867,4.75,-62.0,-550.0,2940,1912,0.82,0.82,0.0,0.0,pix
real_001_s001_2026-05-18_15-45-23-940,001,001,1,P002,P002.ppm,287,10.711589,1779111934.653534,4.766667,-62.0,-550.0,2940,1912,0.82,0.82,0.0,0.0,pix
real_001_s001_2026-05-18_15-45-23-940,001,001,1,P002,P002.ppm,288,10.728256,1779111934.6702,4.783333,-62.0,-550.0,2940,1912,0.82,0.82,0.0,0.0,pix
real_001_s001_2026-05-18_15-45-23-940,001,001,1,P002,P002.ppm,289,10.744922,1779111934.686867,4.8,-62.0,-550.0,2940,1912,0.82,0.82,0.0,0.0,pix
real_001_s001_2026-05-18_15-45-23-940,001,001,1,P002,P002.ppm,290,10.761589,1779111934.703534,4.816667,-62.0,-550.0,2940,1912,0.82,0.82,0.0,0.0,pix
real_001_s001_2026-05-18_15-45-23-940,001,001,1,P002,P002.ppm,291,10.778256,1779111934.7202,4.833333,-62.0,-550.0,2940,1912,0.82,0.82,0.0,0.0,pix
real_001_s001_2026-05-18_15-45-23-940,001,001,1,P002,P002.ppm,292,10.794922,1779111934.736867,4.85,-62.0,-550.0,2940,1912,0.82,0.82,0.0,0.0,pix
real_001_s001_2026-05-18_15-45-23-940,001,001,1,P002,P002.ppm,293,10.811589,1779111934.753534,4.866667,-62.0,-550.0,2940,1912,0.82,0.82,0.0,0.0,pix
real_001_s001_2026-05-18_15-45-23-940,001,001,1,P002,P002.ppm,294,10.828256,1779111934.7702,4.883333,-62.0,-550.0,2940,1912,0.82,0.82,0.0,0.0,pix
real_001_s001_2026-05-18_15-45-23-940,001,001,1,P002,P002.ppm,295,10.844922,1779111934.786867,4.9,-62.0,-550.0,2940,1912,0.82,0.82,0.0,0.0,pix
real_001_s001_2026-05-18_15-45-23-940,001,001,1,P002,P002.ppm,296,10.861589,1779111934.803534,4.916667,-62.0,-550.0,2940,1912,0.82,0.82,0.0,0.0,pix
real_001_s001_2026-05-18_15-45-23-940,001,001,1,P002,P002.ppm,297,10.878256,1779111934.8202,4.933333,-62.0,-550.0,2940,1912,0.82,0.82,0.0,0.0,pix
real_001_s001_2026-05-18_15-45-23-940,001,001,1,P002,P002.ppm,298,10.894922,1779111934.836867,4.95,-62.0,-550.0,2940,1912,0.82,0.82,0.0,0.0,pix
real_001_s001_2026-05-18_15-45-23-940,001,001,1,P002,P002.ppm,299,10.911589,1779111934.853534,4.966667,-62.0,-550.0,2940,1912,0.82,0.82,0.0,0.0,pix
real_001_s001_2026-05-18_15-45-23-940,001,001,1,P002,P002.ppm,300,10.928256,1779111934.8702,4.983333,-62.0,-550.0,2940,1912,0.82,0.82,0.0,0.0,pix
real_001_s001_2026-05-18_15-45-23-940,001,001,1,P002,P002.ppm,301,10.944922,1779111934.886867,5.0,-62.0,-550.0,2940,1912,0.82,0.82,0.0,0.0,pix
real_001_s001_2026-05-18_15-45-23-940,001,001,1,P002,P002.ppm,302,10.961589,1779111934.903534,5.016667,-62.0,-550.0,2940,1912,0.82,0.82,0.0,0.0,pix
real_001_s001_2026-05-18_15-45-23-940,001,001,1,P002,P002.ppm,303,10.978256,1779111934.9202,5.033333,-62.0,-550.0,2940,1912,0.82,0.82,0.0,0.0,pix
real_001_s001_2026-05-18_15-45-23-940,001,001,1,P002,P002.ppm,304,10.994922,1779111934.936867,5.05,-62.0,-550.0,2940,1912,0.82,0.82,0.0,0.0,pix
real_001_s001_2026-05-18_15-45-23-940,001,001,1,P002,P002.ppm,305,11.011589,1779111934.953534,5.066667,-62.0,-550.0,2940,1912,0.82,0.82,0.0,0.0,pix
real_001_s001_2026-05-18_15-45-23-940,001,001,1,P002,P002.ppm,306,11.028256,1779111934.9702,5.083333,-62.0,-550.0,2940,1912,0.82,0.82,0.0,0.0,pix
real_001_s001_2026-05-18_15-45-23-940,001,001,1,P002,P002.ppm,307,11.044922,1779111934.986867,5.1,-62.0,-550.0,2940,1912,0.82,0.82,0.0,0.0,pix
real_001_s001_2026-05-18_15-45-23-940,001,001,1,P002,P002.ppm,308,11.061589,1779111935.003534,5.116667,-62.0,-550.0,2940,1912,0.82,0.82,0.0,0.0,pix
real_001_s001_2026-05-18_15-45-23-940,001,001,1,P002,P002.ppm,309,11.078256,1779111935.0202,5.133333,-62.0,-550.0,2940,1912,0.82,0.82,0.0,0.0,pix
real_001_s001_2026-05-18_15-45-23-940,001,001,1,P002,P002.ppm,310,11.094922,1779111935.036867,5.15,-62.0,-550.0,2940,1912,0.82,0.82,0.0,0.0,pix
real_001_s001_2026-05-18_15-45-23-940,001,001,1,P002,P002.ppm,311,11.111589,1779111935.053534,5.166667,-62.0,-550.0,2940,1912,0.82,0.82,0.0,0.0,pix
real_001_s001_2026-05-18_15-45-23-940,001,001,1,P002,P002.ppm,312,11.128256,1779111935.0702,5.183333,-62.0,-550.0,2940,1912,0.82,0.82,0.0,0.0,pix
real_001_s001_2026-05-18_15-45-23-940,001,001,1,P002,P002.ppm,313,11.144922,1779111935.086867,5.2,-62.0,-550.0,2940,1912,0.82,0.82,0.0,0.0,pix
real_001_s001_2026-05-18_15-45-23-940,001,001,1,P002,P002.ppm,314,11.161589,1779111935.103534,5.216667,-62.0,-550.0,2940,1912,0.82,0.82,0.0,0.0,pix
real_001_s001_2026-05-18_15-45-23-940,001,001,1,P002,P002.ppm,315,11.178256,1779111935.1202,5.233333,-62.0,-550.0,2940,1912,0.82,0.82,0.0,0.0,pix
real_001_s001_2026-05-18_15-45-23-940,001,001,1,P002,P002.ppm,316,11.194922,1779111935.136867,5.25,-62.0,-550.0,2940,1912,0.82,0.82,0.0,0.0,pix
real_001_s001_2026-05-18_15-45-23-940,001,001,1,P002,P002.ppm,317,11.211589,1779111935.153534,5.266667,-62.0,-550.0,2940,1912,0.82,0.82,0.0,0.0,pix
real_001_s001_2026-05-18_15-45-23-940,001,001,1,P002,P002.ppm,318,11.228256,1779111935.1702,5.283333,-62.0,-550.0,2940,1912,0.82,0.82,0.0,0.0,pix
real_001_s001_2026-05-18_15-45-23-940,001,001,1,P002,P002.ppm,319,11.244922,1779111935.186867,5.3,-62.0,-550.0,2940,1912,0.82,0.82,0.0,0.0,pix
real_001_s001_2026-05-18_15-45-23-940,001,001,1,P002,P002.ppm,320,11.261589,1779111935.203534,5.316667,-62.0,-550.0,2940,1912,0.82,0.82,0.0,0.0,pix
real_001_s001_2026-05-18_15-45-23-940,001,001,1,P002,P002.ppm,321,11.278256,1779111935.2202,5.333333,-62.0,-550.0,2940,1912,0.82,0.82,0.0,0.0,pix
real_001_s001_2026-05-18_15-45-23-940,001,001,1,P002,P002.ppm,322,11.294922,1779111935.236867,5.35,-62.0,-550.0,2940,1912,0.82,0.82,0.0,0.0,pix
real_001_s001_2026-05-18_15-45-23-940,001,001,1,P002,P002.ppm,323,11.311589,1779111935.253534,5.366667,-62.0,-550.0,2940,1912,0.82,0.82,0.0,0.0,pix
real_001_s001_2026-05-18_15-45-23-940,001,001,1,P002,P002.ppm,324,11.328256,1779111935.2702,5.383333,-62.0,-550.0,2940,1912,0.82,0.82,0.0,0.0,pix
real_001_s001_2026-05-18_15-45-23-940,001,001,1,P002,P002.ppm,325,11.344922,1779111935.286867,5.4,-62.0,-550.0,2940,1912,0.82,0.82,0.0,0.0,pix
real_001_s001_2026-05-18_15-45-23-940,001,001,1,P002,P002.ppm,326,11.361589,1779111935.303534,5.416667,-62.0,-550.0,2940,1912,0.82,0.82,0.0,0.0,pix
real_001_s001_2026-05-18_15-45-23-940,001,001,1,P002,P002.ppm,327,11.378256,1779111935.3202,5.433333,-62.0,-550.0,2940,1912,0.82,0.82,0.0,0.0,pix
real_001_s001_2026-05-18_15-45-23-940,001,001,1,P002,P002.ppm,328,11.394922,1779111935.336867,5.45,-62.0,-550.0,2940,1912,0.82,0.82,0.0,0.0,pix
real_001_s001_2026-05-18_15-45-23-940,001,001,1,P002,P002.ppm,329,11.411589,1779111935.353534,5.466667,-62.0,-550.0,2940,1912,0.82,0.82,0.0,0.0,pix
real_001_s001_2026-05-18_15-45-23-940,001,001,1,P002,P002.ppm,330,11.428256,1779111935.3702,5.483333,-62.0,-550.0,2940,1912,0.82,0.82,0.0,0.0,pix
real_001_s001_2026-05-18_15-45-23-940,001,001,1,P002,P002.ppm,331,11.444922,1779111935.386867,5.5,-62.0,-550.0,2940,1912,0.82,0.82,0.0,0.0,pix
real_001_s001_2026-05-18_15-45-23-940,001,001,1,P002,P002.ppm,332,11.461589,1779111935.403534,5.516667,-62.0,-550.0,2940,1912,0.82,0.82,0.0,0.0,pix
real_001_s001_2026-05-18_15-45-23-940,001,001,1,P002,P002.ppm,333,11.478256,1779111935.4202,5.533333,-62.0,-550.0,2940,1912,0.82,0.82,0.0,0.0,pix
real_001_s001_2026-05-18_15-45-23-940,001,001,1,P002,P002.ppm,334,11.494922,1779111935.436867,5.55,-62.0,-550.0,2940,1912,0.82,0.82,0.0,0.0,pix
real_001_s001_2026-05-18_15-45-23-940,001,001,1,P002,P002.ppm,335,11.511589,1779111935.453534,5.566667,-62.0,-550.0,2940,1912,0.82,0.82,0.0,0.0,pix
real_001_s001_2026-05-18_15-45-23-940,001,001,1,P002,P002.ppm,336,11.528256,1779111935.4702,5.583333,-62.0,-550.0,2940,1912,0.82,0.82,0.0,0.0,pix
real_001_s001_2026-05-18_15-45-23-940,001,001,1,P002,P002.ppm,337,11.544922,1779111935.486867,5.6,-62.0,-550.0,2940,1912,0.82,0.82,0.0,0.0,pix
real_001_s001_2026-05-18_15-45-23-940,001,001,1,P002,P002.ppm,338,11.561589,1779111935.503534,5.616667,-62.0,-550.0,2940,1912,0.82,0.82,0.0,0.0,pix
real_001_s001_2026-05-18_15-45-23-940,001,001,1,P002,P002.ppm,339,11.578256,1779111935.5202,5.633333,-62.0,-550.0,2940,1912,0.82,0.82,0.0,0.0,pix
real_001_s001_2026-05-18_15-45-23-940,001,001,1,P002,P002.ppm,340,11.594922,1779111935.536867,5.65,-62.0,-550.0,2940,1912,0.82,0.82,0.0,0.0,pix
real_001_s001_2026-05-18_15-45-23-940,001,001,1,P002,P002.ppm,341,11.611589,1779111935.553534,5.666667,-62.0,-550.0,2940,1912,0.82,0.82,0.0,0.0,pix
real_001_s001_2026-05-18_15-45-23-940,001,001,1,P002,P002.ppm,342,11.628256,1779111935.5702,5.683333,-62.0,-550.0,2940,1912,0.82,0.82,0.0,0.0,pix
real_001_s001_2026-05-18_15-45-23-940,001,001,1,P002,P002.ppm,343,11.644922,1779111935.586867,5.7,-62.0,-550.0,2940,1912,0.82,0.82,0.0,0.0,pix
real_001_s001_2026-05-18_15-45-23-940,001,001,1,P002,P002.ppm,344,11.661589,1779111935.603534,5.716667,-62.0,-550.0,2940,1912,0.82,0.82,0.0,0.0,pix
real_001_s001_2026-05-18_15-45-23-940,001,001,1,P002,P002.ppm,345,11.678256,1779111935.6202,5.733333,-62.0,-550.0,2940,1912,0.82,0.82,0.0,0.0,pix
real_001_s001_2026-05-18_15-45-23-940,001,001,1,P002,P002.ppm,346,11.694922,1779111935.636867,5.75,-62.0,-550.0,2940,1912,0.82,0.82,0.0,0.0,pix
real_001_s001_2026-05-18_15-45-23-940,001,001,1,P002,P002.ppm,347,11.711589,1779111935.653534,5.766667,-62.0,-550.0,2940,1912,0.82,0.82,0.0,0.0,pix
real_001_s001_2026-05-18_15-45-23-940,001,001,1,P002,P002.ppm,348,11.728256,1779111935.6702,5.783333,-62.0,-550.0,2940,1912,0.82,0.82,0.0,0.0,pix
real_001_s001_2026-05-18_15-45-23-940,001,001,1,P002,P002.ppm,349,11.744922,1779111935.686867,5.8,-62.0,-550.0,2940,1912,0.82,0.82,0.0,0.0,pix
real_001_s001_2026-05-18_15-45-23-940,001,001,1,P002,P002.ppm,350,11.761589,1779111935.703534,5.816667,-62.0,-550.0,2940,1912,0.82,0.82,0.0,0.0,pix
real_001_s001_2026-05-18_15-45-23-940,001,001,1,P002,P002.ppm,351,11.778256,1779111935.7202,5.833333,-62.0,-550.0,2940,1912,0.82,0.82,0.0,0.0,pix
real_001_s001_2026-05-18_15-45-23-940,001,001,1,P002,P002.ppm,352,11.794922,1779111935.736867,5.85,-62.0,-550.0,2940,1912,0.82,0.82,0.0,0.0,pix
real_001_s001_2026-05-18_15-45-23-940,001,001,1,P002,P002.ppm,353,11.811589,1779111935.753534,5.866667,-62.0,-550.0,2940,1912,0.82,0.82,0.0,0.0,pix
real_001_s001_2026-05-18_15-45-23-940,001,001,1,P002,P002.ppm,354,11.828256,1779111935.7702,5.883333,-62.0,-550.0,2940,1912,0.82,0.82,0.0,0.0,pix
real_001_s001_2026-05-18_15-45-23-940,001,001,1,P002,P002.ppm,355,11.844922,1779111935.786867,5.9,-62.0,-550.0,2940,1912,0.82,0.82,0.0,0.0,pix
real_001_s001_2026-05-18_15-45-23-940,001,001,1,P002,P002.ppm,356,11.861589,1779111935.803534,5.916667,-62.0,-550.0,2940,1912,0.82,0.82,0.0,0.0,pix
real_001_s001_2026-05-18_15-45-23-940,001,001,1,P002,P002.ppm,357,11.878256,1779111935.8202,5.933333,-62.0,-550.0,2940,1912,0.82,0.82,0.0,0.0,pix
real_001_s001_2026-05-18_15-45-23-940,001,001,1,P002,P002.ppm,358,11.894922,1779111935.836867,5.95,-62.0,-550.0,2940,1912,0.82,0.82,0.0,0.0,pix
real_001_s001_2026-05-18_15-45-23-940,001,001,1,P002,P002.ppm,359,11.911589,1779111935.853534,5.966667,-62.0,-550.0,2940,1912,0.82,0.82,0.0,0.0,pix
real_001_s001_2026-05-18_15-45-23-940,001,001,1,P002,P002.ppm,360,11.928256,1779111935.8702,5.983333,-62.0,-550.0,2940,1912,0.82,0.82,0.0,0.0,pix
real_001_s001_2026-05-18_15-45-23-940,001,001,1,P002,P002.ppm,361,11.944922,1779111935.886867,6.0,-62.0,-550.0,2940,1912,0.82,0.82,0.0,0.0,pix
real_001_s001_2026-05-18_15-45-23-940,001,001,1,P002,P002.ppm,362,11.961589,1779111935.903534,6.016667,-62.0,-550.0,2940,1912,0.82,0.82,0.0,0.0,pix
real_001_s001_2026-05-18_15-45-23-940,001,001,1,P002,P002.ppm,363,11.978256,1779111935.9202,6.033333,-62.0,-550.0,2940,1912,0.82,0.82,0.0,0.0,pix
real_001_s001_2026-05-18_15-45-23-940,001,001,1,P002,P002.ppm,364,11.994922,1779111935.936867,6.05,-62.0,-550.0,2940,1912,0.82,0.82,0.0,0.0,pix
real_001_s001_2026-05-18_15-45-23-940,001,001,1,P002,P002.ppm,365,12.011589,1779111935.953534,6.066667,-62.0,-550.0,2940,1912,0.82,0.82,0.0,0.0,pix
real_001_s001_2026-05-18_15-45-23-940,001,001,1,P002,P002.ppm,366,12.028256,1779111935.9702,6.083333,-62.0,-550.0,2940,1912,0.82,0.82,0.0,0.0,pix
real_001_s001_2026-05-18_15-45-23-940,001,001,1,P002,P002.ppm,367,12.044922,1779111935.986867,6.1,-62.0,-550.0,2940,1912,0.82,0.82,0.0,0.0,pix
real_001_s001_2026-05-18_15-45-23-940,001,001,1,P002,P002.ppm,368,12.061589,1779111936.003534,6.116667,-62.0,-550.0,2940,1912,0.82,0.82,0.0,0.0,pix
real_001_s001_2026-05-18_15-45-23-940,001,001,1,P002,P002.ppm,369,12.078256,1779111936.0202,6.133333,-62.0,-550.0,2940,1912,0.82,0.82,0.0,0.0,pix
real_001_s001_2026-05-18_15-45-23-940,001,001,1,P002,P002.ppm,370,12.094922,1779111936.036867,6.15,-62.0,-550.0,2940,1912,0.82,0.82,0.0,0.0,pix
real_001_s001_2026-05-18_15-45-23-940,001,001,1,P002,P002.ppm,371,12.111589,1779111936.053534,6.166667,-62.0,-550.0,2940,1912,0.82,0.82,0.0,0.0,pix
real_001_s001_2026-05-18_15-45-23-940,001,001,1,P002,P002.ppm,372,12.128256,1779111936.0702,6.183333,-62.0,-550.0,2940,1912,0.82,0.82,0.0,0.0,pix
real_001_s001_2026-05-18_15-45-23-940,001,001,1,P002,P002.ppm,373,12.144922,1779111936.086867,6.2,-62.0,-550.0,2940,1912,0.82,0.82,0.0,0.0,pix
real_001_s001_2026-05-18_15-45-23-940,001,001,1,P002,P002.ppm,374,12.161589,1779111936.103534,6.216667,-62.0,-550.0,2940,1912,0.82,0.82,0.0,0.0,pix
real_001_s001_2026-05-18_15-45-23-940,001,001,1,P002,P002.ppm,375,12.178256,1779111936.1202,6.233333,-62.0,-550.0,2940,1912,0.82,0.82,0.0,0.0,pix
real_001_s001_2026-05-18_15-45-23-940,001,001,1,P002,P002.ppm,376,12.194922,1779111936.136867,6.25,-62.0,-550.0,2940,1912,0.82,0.82,0.0,0.0,pix
real_001_s001_2026-05-18_15-45-23-940,001,001,1,P002,P002.ppm,377,12.211589,1779111936.153534,6.266667,-62.0,-550.0,2940,1912,0.82,0.82,0.0,0.0,pix
real_001_s001_2026-05-18_15-45-23-940,001,001,1,P002,P002.ppm,378,12.228256,1779111936.1702,6.283333,-62.0,-550.0,2940,1912,0.82,0.82,0.0,0.0,pix
real_001_s001_2026-05-18_15-45-23-940,001,001,1,P002,P002.ppm,379,12.244922,1779111936.186867,6.3,-62.0,-550.0,2940,1912,0.82,0.82,0.0,0.0,pix
real_001_s001_2026-05-18_15-45-23-940,001,001,1,P002,P002.ppm,380,12.261589,1779111936.203534,6.316667,-62.0,-550.0,2940,1912,0.82,0.82,0.0,0.0,pix
real_001_s001_2026-05-18_15-45-23-940,001,001,1,P002,P002.ppm,381,12.278256,1779111936.2202,6.333333,-62.0,-550.0,2940,1912,0.82,0.82,0.0,0.0,pix
real_001_s001_2026-05-18_15-45-23-940,001,001,1,P002,P002.ppm,382,12.294922,1779111936.236867,6.35,-62.0,-550.0,2940,1912,0.82,0.82,0.0,0.0,pix
real_001_s001_2026-05-18_15-45-23-940,001,001,1,P002,P002.ppm,383,12.311589,1779111936.253534,6.366667,-62.0,-550.0,2940,1912,0.82,0.82,0.0,0.0,pix
real_001_s001_2026-05-18_15-45-23-940,001,001,1,P002,P002.ppm,384,12.328256,1779111936.2702,6.383333,-62.0,-550.0,2940,1912,0.82,0.82,0.0,0.0,pix
real_001_s001_2026-05-18_15-45-23-940,001,001,1,P002,P002.ppm,385,12.344922,1779111936.286867,6.4,-62.0,-550.0,2940,1912,0.82,0.82,0.0,0.0,pix
real_001_s001_2026-05-18_15-45-23-940,001,001,2,P001,P001.ppm,1,14.711367,1779111938.653205,0.0,-62.0,-550.0,2940,1912,0.82,0.82,0.0,0.0,pix
real_001_s001_2026-05-18_15-45-23-940,001,001,2,P001,P001.ppm,2,14.728034,1779111938.669872,0.016667,-62.0,-550.0,2940,1912,0.82,0.82,0.0,0.0,pix
real_001_s001_2026-05-18_15-45-23-940,001,001,2,P001,P001.ppm,3,14.7447,1779111938.686538,0.033333,-62.0,-550.0,2940,1912,0.82,0.82,0.0,0.0,pix
real_001_s001_2026-05-18_15-45-23-940,001,001,2,P001,P001.ppm,4,14.761367,1779111938.703205,0.05,-62.0,-550.0,2940,1912,0.82,0.82,0.0,0.0,pix
real_001_s001_2026-05-18_15-45-23-940,001,001,2,P001,P001.ppm,5,14.778034,1779111938.719872,0.066667,-62.0,-550.0,2940,1912,0.82,0.82,0.0,0.0,pix
real_001_s001_2026-05-18_15-45-23-940,001,001,2,P001,P001.ppm,6,14.7947,1779111938.736538,0.083333,-62.0,-550.0,2940,1912,0.82,0.82,0.0,0.0,pix
real_001_s001_2026-05-18_15-45-23-940,001,001,2,P001,P001.ppm,7,14.811367,1779111938.753205,0.1,-62.0,-550.0,2940,1912,0.82,0.82,0.0,0.0,pix
real_001_s001_2026-05-18_15-45-23-940,001,001,2,P001,P001.ppm,8,14.828034,1779111938.769871,0.116667,-62.0,-550.0,2940,1912,0.82,0.82,0.0,0.0,pix
real_001_s001_2026-05-18_15-45-23-940,001,001,2,P001,P001.ppm,9,14.8447,1779111938.786538,0.133333,-62.0,-550.0,2940,1912,0.82,0.82,0.0,0.0,pix
real_001_s001_2026-05-18_15-45-23-940,001,001,2,P001,P001.ppm,10,14.861367,1779111938.803205,0.15,-62.0,-550.0,2940,1912,0.82,0.82,0.0,0.0,pix
real_001_s001_2026-05-18_15-45-23-940,001,001,2,P001,P001.ppm,11,14.878034,1779111938.819872,0.166667,-62.0,-550.0,2940,1912,0.82,0.82,0.0,0.0,pix
real_001_s001_2026-05-18_15-45-23-940,001,001,2,P001,P001.ppm,12,14.8947,1779111938.836538,0.183333,-62.0,-550.0,2940,1912,0.82,0.82,0.0,0.0,pix
real_001_s001_2026-05-18_15-45-23-940,001,001,2,P001,P001.ppm,13,14.911367,1779111938.853205,0.2,-62.0,-550.0,2940,1912,0.82,0.82,0.0,0.0,pix
real_001_s001_2026-05-18_15-45-23-940,001,001,2,P001,P001.ppm,14,14.928034,1779111938.869872,0.216667,-62.0,-550.0,2940,1912,0.82,0.82,0.0,0.0,pix
real_001_s001_2026-05-18_15-45-23-940,001,001,2,P001,P001.ppm,15,14.9447,1779111938.886538,0.233333,-62.0,-550.0,2940,1912,0.82,0.82,0.0,0.0,pix
real_001_s001_2026-05-18_15-45-23-940,001,001,2,P001,P001.ppm,16,14.961367,1779111938.903205,0.25,-62.0,-550.0,2940,1912,0.82,0.82,0.0,0.0,pix
real_001_s001_2026-05-18_15-45-23-940,001,001,2,P001,P001.ppm,17,14.978034,1779111938.919872,0.266667,-62.0,-550.0,2940,1912,0.82,0.82,0.0,0.0,pix
real_001_s001_2026-05-18_15-45-23-940,001,001,2,P001,P001.ppm,18,14.9947,1779111938.936538,0.283333,-62.0,-550.0,2940,1912,0.82,0.82,0.0,0.0,pix
real_001_s001_2026-05-18_15-45-23-940,001,001,2,P001,P001.ppm,19,15.011367,1779111938.953205,0.3,-62.0,-550.0,2940,1912,0.82,0.82,0.0,0.0,pix
real_001_s001_2026-05-18_15-45-23-940,001,001,2,P001,P001.ppm,20,15.028034,1779111938.969872,0.316667,-62.0,-550.0,2940,1912,0.82,0.82,0.0,0.0,pix
real_001_s001_2026-05-18_15-45-23-940,001,001,2,P001,P001.ppm,21,15.0447,1779111938.986538,0.333333,-62.0,-550.0,2940,1912,0.82,0.82,0.0,0.0,pix
real_001_s001_2026-05-18_15-45-23-940,001,001,2,P001,P001.ppm,22,15.061367,1779111939.003205,0.35,-62.0,-550.0,2940,1912,0.82,0.82,0.0,0.0,pix
real_001_s001_2026-05-18_15-45-23-940,001,001,2,P001,P001.ppm,23,15.078034,1779111939.019871,0.366667,-62.0,-550.0,2940,1912,0.82,0.82,0.0,0.0,pix
real_001_s001_2026-05-18_15-45-23-940,001,001,2,P001,P001.ppm,24,15.0947,1779111939.036538,0.383333,-62.0,-550.0,2940,1912,0.82,0.82,0.0,0.0,pix
real_001_s001_2026-05-18_15-45-23-940,001,001,2,P001,P001.ppm,25,15.111367,1779111939.053205,0.4,-62.0,-550.0,2940,1912,0.82,0.82,0.0,0.0,pix
real_001_s001_2026-05-18_15-45-23-940,001,001,2,P001,P001.ppm,26,15.128034,1779111939.069872,0.416667,-62.0,-550.0,2940,1912,0.82,0.82,0.0,0.0,pix
real_001_s001_2026-05-18_15-45-23-940,001,001,2,P001,P001.ppm,27,15.1447,1779111939.086538,0.433333,-62.0,-550.0,2940,1912,0.82,0.82,0.0,0.0,pix
real_001_s001_2026-05-18_15-45-23-940,001,001,2,P001,P001.ppm,28,15.161367,1779111939.103205,0.45,-62.0,-550.0,2940,1912,0.82,0.82,0.0,0.0,pix
real_001_s001_2026-05-18_15-45-23-940,001,001,2,P001,P001.ppm,29,15.178034,1779111939.119872,0.466667,-62.0,-550.0,2940,1912,0.82,0.82,0.0,0.0,pix
real_001_s001_2026-05-18_15-45-23-940,001,001,2,P001,P001.ppm,30,15.1947,1779111939.136538,0.483333,-62.0,-550.0,2940,1912,0.82,0.82,0.0,0.0,pix
real_001_s001_2026-05-18_15-45-23-940,001,001,2,P001,P001.ppm,31,15.211367,1779111939.153205,0.5,-62.0,-550.0,2940,1912,0.82,0.82,0.0,0.0,pix
real_001_s001_2026-05-18_15-45-23-940,001,001,2,P001,P001.ppm,32,15.228034,1779111939.169872,0.516667,-62.0,-550.0,2940,1912,0.82,0.82,0.0,0.0,pix
real_001_s001_2026-05-18_15-45-23-940,001,001,2,P001,P001.ppm,33,15.2447,1779111939.186538,0.533333,-62.0,-550.0,2940,1912,0.82,0.82,0.0,0.0,pix
real_001_s001_2026-05-18_15-45-23-940,001,001,2,P001,P001.ppm,34,15.261367,1779111939.203205,0.55,-62.0,-550.0,2940,1912,0.82,0.82,0.0,0.0,pix
real_001_s001_2026-05-18_15-45-23-940,001,001,2,P001,P001.ppm,35,15.278034,1779111939.219872,0.566667,-62.0,-550.0,2940,1912,0.82,0.82,0.0,0.0,pix
real_001_s001_2026-05-18_15-45-23-940,001,001,2,P001,P001.ppm,36,15.2947,1779111939.236538,0.583333,-62.0,-550.0,2940,1912,0.82,0.82,0.0,0.0,pix
real_001_s001_2026-05-18_15-45-23-940,001,001,2,P001,P001.ppm,37,15.311367,1779111939.253205,0.6,-62.0,-550.0,2940,1912,0.82,0.82,0.0,0.0,pix
real_001_s001_2026-05-18_15-45-23-940,001,001,2,P001,P001.ppm,38,15.328034,1779111939.269871,0.616667,-62.0,-550.0,2940,1912,0.82,0.82,0.0,0.0,pix
real_001_s001_2026-05-18_15-45-23-940,001,001,2,P001,P001.ppm,39,15.3447,1779111939.286538,0.633333,-62.0,-550.0,2940,1912,0.82,0.82,0.0,0.0,pix
real_001_s001_2026-05-18_15-45-23-940,001,001,2,P001,P001.ppm,40,15.361367,1779111939.303205,0.65,-62.0,-550.0,2940,1912,0.82,0.82,0.0,0.0,pix
real_001_s001_2026-05-18_15-45-23-940,001,001,2,P001,P001.ppm,41,15.378034,1779111939.319872,0.666667,-62.0,-550.0,2940,1912,0.82,0.82,0.0,0.0,pix
real_001_s001_2026-05-18_15-45-23-940,001,001,2,P001,P001.ppm,42,15.3947,1779111939.336538,0.683333,-62.0,-550.0,2940,1912,0.82,0.82,0.0,0.0,pix
real_001_s001_2026-05-18_15-45-23-940,001,001,2,P001,P001.ppm,43,15.411367,1779111939.353205,0.7,-62.0,-550.0,2940,1912,0.82,0.82,0.0,0.0,pix
real_001_s001_2026-05-18_15-45-23-940,001,001,2,P001,P001.ppm,44,15.428034,1779111939.369872,0.716667,-62.0,-550.0,2940,1912,0.82,0.82,0.0,0.0,pix
real_001_s001_2026-05-18_15-45-23-940,001,001,2,P001,P001.ppm,45,15.4447,1779111939.386538,0.733333,-62.0,-550.0,2940,1912,0.82,0.82,0.0,0.0,pix
real_001_s001_2026-05-18_15-45-23-940,001,001,2,P001,P001.ppm,46,15.461367,1779111939.403205,0.75,-62.0,-550.0,2940,1912,0.82,0.82,0.0,0.0,pix
real_001_s001_2026-05-18_15-45-23-940,001,001,2,P001,P001.ppm,47,15.478034,1779111939.419872,0.766667,-62.0,-550.0,2940,1912,0.82,0.82,0.0,0.0,pix
real_001_s001_2026-05-18_15-45-23-940,001,001,2,P001,P001.ppm,48,15.4947,1779111939.436538,0.783333,-62.0,-550.0,2940,1912,0.82,0.82,0.0,0.0,pix
real_001_s001_2026-05-18_15-45-23-940,001,001,2,P001,P001.ppm,49,15.511367,1779111939.453205,0.8,-62.0,-550.0,2940,1912,0.82,0.82,0.0,0.0,pix
real_001_s001_2026-05-18_15-45-23-940,001,001,2,P001,P001.ppm,50,15.528034,1779111939.469872,0.816667,-62.0,-550.0,2940,1912,0.82,0.82,0.0,0.0,pix
real_001_s001_2026-05-18_15-45-23-940,001,001,2,P001,P001.ppm,51,15.5447,1779111939.486538,0.833333,-62.0,-550.0,2940,1912,0.82,0.82,0.0,0.0,pix
real_001_s001_2026-05-18_15-45-23-940,001,001,2,P001,P001.ppm,52,15.561367,1779111939.503205,0.85,-62.0,-550.0,2940,1912,0.82,0.82,0.0,0.0,pix
real_001_s001_2026-05-18_15-45-23-940,001,001,2,P001,P001.ppm,53,15.578034,1779111939.519871,0.866667,-62.0,-550.0,2940,1912,0.82,0.82,0.0,0.0,pix
real_001_s001_2026-05-18_15-45-23-940,001,001,2,P001,P001.ppm,54,15.5947,1779111939.536538,0.883333,-62.0,-550.0,2940,1912,0.82,0.82,0.0,0.0,pix
real_001_s001_2026-05-18_15-45-23-940,001,001,2,P001,P001.ppm,55,15.611367,1779111939.553205,0.9,-62.0,-550.0,2940,1912,0.82,0.82,0.0,0.0,pix
real_001_s001_2026-05-18_15-45-23-940,001,001,2,P001,P001.ppm,56,15.628034,1779111939.569872,0.916667,-62.0,-550.0,2940,1912,0.82,0.82,0.0,0.0,pix
real_001_s001_2026-05-18_15-45-23-940,001,001,2,P001,P001.ppm,57,15.6447,1779111939.586538,0.933333,-62.0,-550.0,2940,1912,0.82,0.82,0.0,0.0,pix
real_001_s001_2026-05-18_15-45-23-940,001,001,2,P001,P001.ppm,58,15.661367,1779111939.603205,0.95,-62.0,-550.0,2940,1912,0.82,0.82,0.0,0.0,pix
real_001_s001_2026-05-18_15-45-23-940,001,001,2,P001,P001.ppm,59,15.678034,1779111939.619872,0.966667,-62.0,-550.0,2940,1912,0.82,0.82,0.0,0.0,pix
real_001_s001_2026-05-18_15-45-23-940,001,001,2,P001,P001.ppm,60,15.6947,1779111939.636538,0.983333,-62.0,-550.0,2940,1912,0.82,0.82,0.0,0.0,pix
real_001_s001_2026-05-18_15-45-23-940,001,001,2,P001,P001.ppm,61,15.711367,1779111939.653205,1.0,-62.0,-550.0,2940,1912,0.82,0.82,0.0,0.0,pix
real_001_s001_2026-05-18_15-45-23-940,001,001,2,P001,P001.ppm,62,15.728034,1779111939.669872,1.016667,-62.0,-550.0,2940,1912,0.82,0.82,0.0,0.0,pix
real_001_s001_2026-05-18_15-45-23-940,001,001,2,P001,P001.ppm,63,15.7447,1779111939.686538,1.033333,-62.0,-550.0,2940,1912,0.82,0.82,0.0,0.0,pix
real_001_s001_2026-05-18_15-45-23-940,001,001,2,P001,P001.ppm,64,15.761367,1779111939.703205,1.05,-62.0,-550.0,2940,1912,0.82,0.82,0.0,0.0,pix
real_001_s001_2026-05-18_15-45-23-940,001,001,2,P001,P001.ppm,65,15.778034,1779111939.719872,1.066667,-62.0,-550.0,2940,1912,0.82,0.82,0.0,0.0,pix
real_001_s001_2026-05-18_15-45-23-940,001,001,2,P001,P001.ppm,66,15.7947,1779111939.736538,1.083333,-62.0,-550.0,2940,1912,0.82,0.82,0.0,0.0,pix
real_001_s001_2026-05-18_15-45-23-940,001,001,2,P001,P001.ppm,67,15.811367,1779111939.753205,1.1,-62.0,-550.0,2940,1912,0.82,0.82,0.0,0.0,pix
real_001_s001_2026-05-18_15-45-23-940,001,001,2,P001,P001.ppm,68,15.828034,1779111939.769871,1.116667,-62.0,-550.0,2940,1912,0.82,0.82,0.0,0.0,pix
real_001_s001_2026-05-18_15-45-23-940,001,001,2,P001,P001.ppm,69,15.8447,1779111939.786538,1.133333,-62.0,-550.0,2940,1912,0.82,0.82,0.0,0.0,pix
real_001_s001_2026-05-18_15-45-23-940,001,001,2,P001,P001.ppm,70,15.861367,1779111939.803205,1.15,-62.0,-550.0,2940,1912,0.82,0.82,0.0,0.0,pix
real_001_s001_2026-05-18_15-45-23-940,001,001,2,P001,P001.ppm,71,15.878034,1779111939.819872,1.166667,-62.0,-550.0,2940,1912,0.82,0.82,0.0,0.0,pix
real_001_s001_2026-05-18_15-45-23-940,001,001,2,P001,P001.ppm,72,15.8947,1779111939.836538,1.183333,-62.0,-550.0,2940,1912,0.82,0.82,0.0,0.0,pix
real_001_s001_2026-05-18_15-45-23-940,001,001,2,P001,P001.ppm,73,15.911367,1779111939.853205,1.2,-62.0,-550.0,2940,1912,0.82,0.82,0.0,0.0,pix
real_001_s001_2026-05-18_15-45-23-940,001,001,2,P001,P001.ppm,74,15.928034,1779111939.869872,1.216667,-62.0,-550.0,2940,1912,0.82,0.82,0.0,0.0,pix
real_001_s001_2026-05-18_15-45-23-940,001,001,2,P001,P001.ppm,75,15.9447,1779111939.886538,1.233333,-62.0,-550.0,2940,1912,0.82,0.82,0.0,0.0,pix
real_001_s001_2026-05-18_15-45-23-940,001,001,2,P001,P001.ppm,76,15.961367,1779111939.903205,1.25,-62.0,-550.0,2940,1912,0.82,0.82,0.0,0.0,pix
real_001_s001_2026-05-18_15-45-23-940,001,001,2,P001,P001.ppm,77,15.978034,1779111939.919872,1.266667,-62.0,-550.0,2940,1912,0.82,0.82,0.0,0.0,pix
real_001_s001_2026-05-18_15-45-23-940,001,001,2,P001,P001.ppm,78,15.9947,1779111939.936538,1.283333,-62.0,-550.0,2940,1912,0.82,0.82,0.0,0.0,pix
real_001_s001_2026-05-18_15-45-23-940,001,001,2,P001,P001.ppm,79,16.011367,1779111939.953205,1.3,-62.0,-550.0,2940,1912,0.82,0.82,0.0,0.0,pix
real_001_s001_2026-05-18_15-45-23-940,001,001,2,P001,P001.ppm,80,16.028034,1779111939.969872,1.316667,-62.0,-550.0,2940,1912,0.82,0.82,0.0,0.0,pix
real_001_s001_2026-05-18_15-45-23-940,001,001,2,P001,P001.ppm,81,16.0447,1779111939.986538,1.333333,-62.0,-550.0,2940,1912,0.82,0.82,0.0,0.0,pix
real_001_s001_2026-05-18_15-45-23-940,001,001,2,P001,P001.ppm,82,16.061367,1779111940.003205,1.35,-62.0,-550.0,2940,1912,0.82,0.82,0.0,0.0,pix
real_001_s001_2026-05-18_15-45-23-940,001,001,2,P001,P001.ppm,83,16.078034,1779111940.019871,1.366667,-62.0,-550.0,2940,1912,0.82,0.82,0.0,0.0,pix
real_001_s001_2026-05-18_15-45-23-940,001,001,2,P001,P001.ppm,84,16.0947,1779111940.036538,1.383333,-62.0,-550.0,2940,1912,0.82,0.82,0.0,0.0,pix
real_001_s001_2026-05-18_15-45-23-940,001,001,2,P001,P001.ppm,85,16.111367,1779111940.053205,1.4,-62.0,-550.0,2940,1912,0.82,0.82,0.0,0.0,pix
real_001_s001_2026-05-18_15-45-23-940,001,001,2,P001,P001.ppm,86,16.128034,1779111940.069872,1.416667,-62.0,-550.0,2940,1912,0.82,0.82,0.0,0.0,pix
real_001_s001_2026-05-18_15-45-23-940,001,001,2,P001,P001.ppm,87,16.1447,1779111940.086538,1.433333,-62.0,-550.0,2940,1912,0.82,0.82,0.0,0.0,pix
real_001_s001_2026-05-18_15-45-23-940,001,001,2,P001,P001.ppm,88,16.161367,1779111940.103205,1.45,-62.0,-550.0,2940,1912,0.82,0.82,0.0,0.0,pix
real_001_s001_2026-05-18_15-45-23-940,001,001,2,P001,P001.ppm,89,16.178034,1779111940.119872,1.466667,-62.0,-550.0,2940,1912,0.82,0.82,0.0,0.0,pix
real_001_s001_2026-05-18_15-45-23-940,001,001,2,P001,P001.ppm,90,16.1947,1779111940.136538,1.483333,-62.0,-550.0,2940,1912,0.82,0.82,0.0,0.0,pix
real_001_s001_2026-05-18_15-45-23-940,001,001,2,P001,P001.ppm,91,16.211367,1779111940.153205,1.5,-62.0,-550.0,2940,1912,0.82,0.82,0.0,0.0,pix
real_001_s001_2026-05-18_15-45-23-940,001,001,2,P001,P001.ppm,92,16.228034,1779111940.169872,1.516667,-62.0,-550.0,2940,1912,0.82,0.82,0.0,0.0,pix
real_001_s001_2026-05-18_15-45-23-940,001,001,2,P001,P001.ppm,93,16.2447,1779111940.186538,1.533333,-62.0,-550.0,2940,1912,0.82,0.82,0.0,0.0,pix
real_001_s001_2026-05-18_15-45-23-940,001,001,2,P001,P001.ppm,94,16.261367,1779111940.203205,1.55,-62.0,-550.0,2940,1912,0.82,0.82,0.0,0.0,pix
real_001_s001_2026-05-18_15-45-23-940,001,001,2,P001,P001.ppm,95,16.278034,1779111940.219872,1.566667,-62.0,-550.0,2940,1912,0.82,0.82,0.0,0.0,pix
real_001_s001_2026-05-18_15-45-23-940,001,001,2,P001,P001.ppm,96,16.2947,1779111940.236538,1.583333,-62.0,-550.0,2940,1912,0.82,0.82,0.0,0.0,pix
real_001_s001_2026-05-18_15-45-23-940,001,001,2,P001,P001.ppm,97,16.311367,1779111940.253205,1.6,-62.0,-550.0,2940,1912,0.82,0.82,0.0,0.0,pix
real_001_s001_2026-05-18_15-45-23-940,001,001,2,P001,P001.ppm,98,16.328034,1779111940.269871,1.616667,-62.0,-550.0,2940,1912,0.82,0.82,0.0,0.0,pix
real_001_s001_2026-05-18_15-45-23-940,001,001,2,P001,P001.ppm,99,16.3447,1779111940.286538,1.633333,-62.0,-550.0,2940,1912,0.82,0.82,0.0,0.0,pix
real_001_s001_2026-05-18_15-45-23-940,001,001,2,P001,P001.ppm,100,16.361367,1779111940.303205,1.65,-62.0,-550.0,2940,1912,0.82,0.82,0.0,0.0,pix
real_001_s001_2026-05-18_15-45-23-940,001,001,2,P001,P001.ppm,101,16.378034,1779111940.319872,1.666667,-62.0,-550.0,2940,1912,0.82,0.82,0.0,0.0,pix
real_001_s001_2026-05-18_15-45-23-940,001,001,2,P001,P001.ppm,102,16.3947,1779111940.336538,1.683333,-62.0,-550.0,2940,1912,0.82,0.82,0.0,0.0,pix
real_001_s001_2026-05-18_15-45-23-940,001,001,2,P001,P001.ppm,103,16.411367,1779111940.353205,1.7,-62.0,-550.0,2940,1912,0.82,0.82,0.0,0.0,pix
real_001_s001_2026-05-18_15-45-23-940,001,001,2,P001,P001.ppm,104,16.428034,1779111940.369872,1.716667,-62.0,-550.0,2940,1912,0.82,0.82,0.0,0.0,pix
real_001_s001_2026-05-18_15-45-23-940,001,001,2,P001,P001.ppm,105,16.4447,1779111940.386538,1.733333,-62.0,-550.0,2940,1912,0.82,0.82,0.0,0.0,pix
real_001_s001_2026-05-18_15-45-23-940,001,001,2,P001,P001.ppm,106,16.461367,1779111940.403205,1.75,-62.0,-550.0,2940,1912,0.82,0.82,0.0,0.0,pix
real_001_s001_2026-05-18_15-45-23-940,001,001,2,P001,P001.ppm,107,16.478034,1779111940.419872,1.766667,-62.0,-550.0,2940,1912,0.82,0.82,0.0,0.0,pix
real_001_s001_2026-05-18_15-45-23-940,001,001,2,P001,P001.ppm,108,16.4947,1779111940.436538,1.783333,-62.0,-550.0,2940,1912,0.82,0.82,0.0,0.0,pix
real_001_s001_2026-05-18_15-45-23-940,001,001,2,P001,P001.ppm,109,16.511367,1779111940.453205,1.8,-62.0,-550.0,2940,1912,0.82,0.82,0.0,0.0,pix
real_001_s001_2026-05-18_15-45-23-940,001,001,2,P001,P001.ppm,110,16.528034,1779111940.469872,1.816667,-62.0,-550.0,2940,1912,0.82,0.82,0.0,0.0,pix
real_001_s001_2026-05-18_15-45-23-940,001,001,2,P001,P001.ppm,111,16.5447,1779111940.486538,1.833333,-62.0,-550.0,2940,1912,0.82,0.82,0.0,0.0,pix
real_001_s001_2026-05-18_15-45-23-940,001,001,2,P001,P001.ppm,112,16.561367,1779111940.503205,1.85,-62.0,-550.0,2940,1912,0.82,0.82,0.0,0.0,pix
real_001_s001_2026-05-18_15-45-23-940,001,001,2,P001,P001.ppm,113,16.578034,1779111940.519871,1.866667,-62.0,-550.0,2940,1912,0.82,0.82,0.0,0.0,pix
real_001_s001_2026-05-18_15-45-23-940,001,001,2,P001,P001.ppm,114,16.5947,1779111940.536538,1.883333,-62.0,-550.0,2940,1912,0.82,0.82,0.0,0.0,pix
real_001_s001_2026-05-18_15-45-23-940,001,001,2,P001,P001.ppm,115,16.611367,1779111940.553205,1.9,-62.0,-550.0,2940,1912,0.82,0.82,0.0,0.0,pix
real_001_s001_2026-05-18_15-45-23-940,001,001,2,P001,P001.ppm,116,16.628034,1779111940.569872,1.916667,-62.0,-550.0,2940,1912,0.82,0.82,0.0,0.0,pix
real_001_s001_2026-05-18_15-45-23-940,001,001,2,P001,P001.ppm,117,16.6447,1779111940.586538,1.933333,-62.0,-550.0,2940,1912,0.82,0.82,0.0,0.0,pix
real_001_s001_2026-05-18_15-45-23-940,001,001,2,P001,P001.ppm,118,16.661367,1779111940.603205,1.95,-62.0,-550.0,2940,1912,0.82,0.82,0.0,0.0,pix
real_001_s001_2026-05-18_15-45-23-940,001,001,2,P001,P001.ppm,119,16.678034,1779111940.619872,1.966667,-62.0,-550.0,2940,1912,0.82,0.82,0.0,0.0,pix
real_001_s001_2026-05-18_15-45-23-940,001,001,2,P001,P001.ppm,120,16.6947,1779111940.636538,1.983333,-62.0,-550.0,2940,1912,0.82,0.82,0.0,0.0,pix
real_001_s001_2026-05-18_15-45-23-940,001,001,2,P001,P001.ppm,121,16.711367,1779111940.653205,2.0,-62.0,-550.0,2940,1912,0.82,0.82,0.0,0.0,pix
real_001_s001_2026-05-18_15-45-23-940,001,001,2,P001,P001.ppm,122,16.728034,1779111940.669872,2.016667,-62.0,-550.0,2940,1912,0.82,0.82,0.0,0.0,pix
real_001_s001_2026-05-18_15-45-23-940,001,001,2,P001,P001.ppm,123,16.7447,1779111940.686538,2.033333,-62.0,-550.0,2940,1912,0.82,0.82,0.0,0.0,pix
real_001_s001_2026-05-18_15-45-23-940,001,001,2,P001,P001.ppm,124,16.761367,1779111940.703205,2.05,-62.0,-550.0,2940,1912,0.82,0.82,0.0,0.0,pix
real_001_s001_2026-05-18_15-45-23-940,001,001,2,P001,P001.ppm,125,16.778034,1779111940.719872,2.066667,-62.0,-550.0,2940,1912,0.82,0.82,0.0,0.0,pix
real_001_s001_2026-05-18_15-45-23-940,001,001,2,P001,P001.ppm,126,16.7947,1779111940.736538,2.083333,-62.0,-550.0,2940,1912,0.82,0.82,0.0,0.0,pix
real_001_s001_2026-05-18_15-45-23-940,001,001,2,P001,P001.ppm,127,16.811367,1779111940.753205,2.1,-62.0,-550.0,2940,1912,0.82,0.82,0.0,0.0,pix
real_001_s001_2026-05-18_15-45-23-940,001,001,2,P001,P001.ppm,128,16.828034,1779111940.769871,2.116667,-62.0,-550.0,2940,1912,0.82,0.82,0.0,0.0,pix
real_001_s001_2026-05-18_15-45-23-940,001,001,2,P001,P001.ppm,129,16.8447,1779111940.786538,2.133333,-62.0,-550.0,2940,1912,0.82,0.82,0.0,0.0,pix
real_001_s001_2026-05-18_15-45-23-940,001,001,2,P001,P001.ppm,130,16.861367,1779111940.803205,2.15,-62.0,-550.0,2940,1912,0.82,0.82,0.0,0.0,pix
real_001_s001_2026-05-18_15-45-23-940,001,001,2,P001,P001.ppm,131,16.878034,1779111940.819872,2.166667,-62.0,-550.0,2940,1912,0.82,0.82,0.0,0.0,pix
real_001_s001_2026-05-18_15-45-23-940,001,001,2,P001,P001.ppm,132,16.8947,1779111940.836538,2.183333,-62.0,-550.0,2940,1912,0.82,0.82,0.0,0.0,pix
real_001_s001_2026-05-18_15-45-23-940,001,001,2,P001,P001.ppm,133,16.911367,1779111940.853205,2.2,-62.0,-550.0,2940,1912,0.82,0.82,0.0,0.0,pix
real_001_s001_2026-05-18_15-45-23-940,001,001,2,P001,P001.ppm,134,16.928034,1779111940.869872,2.216667,-62.0,-550.0,2940,1912,0.82,0.82,0.0,0.0,pix
real_001_s001_2026-05-18_15-45-23-940,001,001,2,P001,P001.ppm,135,16.9447,1779111940.886538,2.233333,-62.0,-550.0,2940,1912,0.82,0.82,0.0,0.0,pix
real_001_s001_2026-05-18_15-45-23-940,001,001,2,P001,P001.ppm,136,16.961367,1779111940.903205,2.25,-62.0,-550.0,2940,1912,0.82,0.82,0.0,0.0,pix
real_001_s001_2026-05-18_15-45-23-940,001,001,2,P001,P001.ppm,137,16.978034,1779111940.919872,2.266667,-62.0,-550.0,2940,1912,0.82,0.82,0.0,0.0,pix
real_001_s001_2026-05-18_15-45-23-940,001,001,2,P001,P001.ppm,138,16.9947,1779111940.936538,2.283333,-62.0,-550.0,2940,1912,0.82,0.82,0.0,0.0,pix
real_001_s001_2026-05-18_15-45-23-940,001,001,2,P001,P001.ppm,139,17.011367,1779111940.953205,2.3,-62.0,-550.0,2940,1912,0.82,0.82,0.0,0.0,pix
real_001_s001_2026-05-18_15-45-23-940,001,001,2,P001,P001.ppm,140,17.028034,1779111940.969872,2.316667,-62.0,-550.0,2940,1912,0.82,0.82,0.0,0.0,pix
real_001_s001_2026-05-18_15-45-23-940,001,001,2,P001,P001.ppm,141,17.0447,1779111940.986538,2.333333,-62.0,-550.0,2940,1912,0.82,0.82,0.0,0.0,pix
real_001_s001_2026-05-18_15-45-23-940,001,001,2,P001,P001.ppm,142,17.061367,1779111941.003205,2.35,-62.0,-550.0,2940,1912,0.82,0.82,0.0,0.0,pix
real_001_s001_2026-05-18_15-45-23-940,001,001,2,P001,P001.ppm,143,17.078034,1779111941.019871,2.366667,-62.0,-550.0,2940,1912,0.82,0.82,0.0,0.0,pix
real_001_s001_2026-05-18_15-45-23-940,001,001,2,P001,P001.ppm,144,17.0947,1779111941.036538,2.383333,-62.0,-550.0,2940,1912,0.82,0.82,0.0,0.0,pix
real_001_s001_2026-05-18_15-45-23-940,001,001,2,P001,P001.ppm,145,17.111367,1779111941.053205,2.4,-62.0,-550.0,2940,1912,0.82,0.82,0.0,0.0,pix
real_001_s001_2026-05-18_15-45-23-940,001,001,2,P001,P001.ppm,146,17.128034,1779111941.069872,2.416667,-62.0,-550.0,2940,1912,0.82,0.82,0.0,0.0,pix
real_001_s001_2026-05-18_15-45-23-940,001,001,2,P001,P001.ppm,147,17.1447,1779111941.086538,2.433333,-62.0,-550.0,2940,1912,0.82,0.82,0.0,0.0,pix
real_001_s001_2026-05-18_15-45-23-940,001,001,2,P001,P001.ppm,148,17.161367,1779111941.103205,2.45,-62.0,-550.0,2940,1912,0.82,0.82,0.0,0.0,pix
real_001_s001_2026-05-18_15-45-23-940,001,001,2,P001,P001.ppm,149,17.178034,1779111941.119872,2.466667,-62.0,-550.0,2940,1912,0.82,0.82,0.0,0.0,pix
real_001_s001_2026-05-18_15-45-23-940,001,001,2,P001,P001.ppm,150,17.1947,1779111941.136538,2.483333,-62.0,-550.0,2940,1912,0.82,0.82,0.0,0.0,pix
real_001_s001_2026-05-18_15-45-23-940,001,001,2,P001,P001.ppm,151,17.211367,1779111941.153205,2.5,-62.0,-550.0,2940,1912,0.82,0.82,0.0,0.0,pix
real_001_s001_2026-05-18_15-45-23-940,001,001,2,P001,P001.ppm,152,17.228034,1779111941.169872,2.516667,-62.0,-550.0,2940,1912,0.82,0.82,0.0,0.0,pix
real_001_s001_2026-05-18_15-45-23-940,001,001,2,P001,P001.ppm,153,17.2447,1779111941.186538,2.533333,-62.0,-550.0,2940,1912,0.82,0.82,0.0,0.0,pix
real_001_s001_2026-05-18_15-45-23-940,001,001,2,P001,P001.ppm,154,17.261367,1779111941.203205,2.55,-62.0,-550.0,2940,1912,0.82,0.82,0.0,0.0,pix
real_001_s001_2026-05-18_15-45-23-940,001,001,2,P001,P001.ppm,155,17.278034,1779111941.219872,2.566667,-62.0,-550.0,2940,1912,0.82,0.82,0.0,0.0,pix
real_001_s001_2026-05-18_15-45-23-940,001,001,2,P001,P001.ppm,156,17.2947,1779111941.236538,2.583333,-62.0,-550.0,2940,1912,0.82,0.82,0.0,0.0,pix
real_001_s001_2026-05-18_15-45-23-940,001,001,2,P001,P001.ppm,157,17.311367,1779111941.253205,2.6,-62.0,-550.0,2940,1912,0.82,0.82,0.0,0.0,pix
real_001_s001_2026-05-18_15-45-23-940,001,001,2,P001,P001.ppm,158,17.328034,1779111941.269871,2.616667,-62.0,-550.0,2940,1912,0.82,0.82,0.0,0.0,pix
real_001_s001_2026-05-18_15-45-23-940,001,001,2,P001,P001.ppm,159,17.3447,1779111941.286538,2.633333,-62.0,-550.0,2940,1912,0.82,0.82,0.0,0.0,pix
real_001_s001_2026-05-18_15-45-23-940,001,001,2,P001,P001.ppm,160,17.361367,1779111941.303205,2.65,-62.0,-550.0,2940,1912,0.82,0.82,0.0,0.0,pix
real_001_s001_2026-05-18_15-45-23-940,001,001,2,P001,P001.ppm,161,17.378034,1779111941.319872,2.666667,-62.0,-550.0,2940,1912,0.82,0.82,0.0,0.0,pix
real_001_s001_2026-05-18_15-45-23-940,001,001,2,P001,P001.ppm,162,17.3947,1779111941.336538,2.683333,-62.0,-550.0,2940,1912,0.82,0.82,0.0,0.0,pix
real_001_s001_2026-05-18_15-45-23-940,001,001,2,P001,P001.ppm,163,17.411367,1779111941.353205,2.7,-62.0,-550.0,2940,1912,0.82,0.82,0.0,0.0,pix
real_001_s001_2026-05-18_15-45-23-940,001,001,2,P001,P001.ppm,164,17.428034,1779111941.369872,2.716667,-62.0,-550.0,2940,1912,0.82,0.82,0.0,0.0,pix
real_001_s001_2026-05-18_15-45-23-940,001,001,2,P001,P001.ppm,165,17.4447,1779111941.386538,2.733333,-62.0,-550.0,2940,1912,0.82,0.82,0.0,0.0,pix
real_001_s001_2026-05-18_15-45-23-940,001,001,2,P001,P001.ppm,166,17.461367,1779111941.403205,2.75,-62.0,-550.0,2940,1912,0.82,0.82,0.0,0.0,pix
real_001_s001_2026-05-18_15-45-23-940,001,001,2,P001,P001.ppm,167,17.478034,1779111941.419872,2.766667,-62.0,-550.0,2940,1912,0.82,0.82,0.0,0.0,pix
real_001_s001_2026-05-18_15-45-23-940,001,001,2,P001,P001.ppm,168,17.4947,1779111941.436538,2.783333,-62.0,-550.0,2940,1912,0.82,0.82,0.0,0.0,pix
real_001_s001_2026-05-18_15-45-23-940,001,001,2,P001,P001.ppm,169,17.511367,1779111941.453205,2.8,-62.0,-550.0,2940,1912,0.82,0.82,0.0,0.0,pix
real_001_s001_2026-05-18_15-45-23-940,001,001,2,P001,P001.ppm,170,17.528034,1779111941.469872,2.816667,-62.0,-550.0,2940,1912,0.82,0.82,0.0,0.0,pix
real_001_s001_2026-05-18_15-45-23-940,001,001,2,P001,P001.ppm,171,17.5447,1779111941.486538,2.833333,-62.0,-550.0,2940,1912,0.82,0.82,0.0,0.0,pix
real_001_s001_2026-05-18_15-45-23-940,001,001,2,P001,P001.ppm,172,17.561367,1779111941.503205,2.85,-62.0,-550.0,2940,1912,0.82,0.82,0.0,0.0,pix
real_001_s001_2026-05-18_15-45-23-940,001,001,2,P001,P001.ppm,173,17.578034,1779111941.519871,2.866667,-62.0,-550.0,2940,1912,0.82,0.82,0.0,0.0,pix
real_001_s001_2026-05-18_15-45-23-940,001,001,2,P001,P001.ppm,174,17.5947,1779111941.536538,2.883333,-62.0,-550.0,2940,1912,0.82,0.82,0.0,0.0,pix
real_001_s001_2026-05-18_15-45-23-940,001,001,2,P001,P001.ppm,175,17.611367,1779111941.553205,2.9,-62.0,-550.0,2940,1912,0.82,0.82,0.0,0.0,pix
real_001_s001_2026-05-18_15-45-23-940,001,001,2,P001,P001.ppm,176,17.628034,1779111941.569872,2.916667,-62.0,-550.0,2940,1912,0.82,0.82,0.0,0.0,pix
real_001_s001_2026-05-18_15-45-23-940,001,001,2,P001,P001.ppm,177,17.6447,1779111941.586538,2.933333,-62.0,-550.0,2940,1912,0.82,0.82,0.0,0.0,pix
real_001_s001_2026-05-18_15-45-23-940,001,001,2,P001,P001.ppm,178,17.661367,1779111941.603205,2.95,-62.0,-550.0,2940,1912,0.82,0.82,0.0,0.0,pix
real_001_s001_2026-05-18_15-45-23-940,001,001,2,P001,P001.ppm,179,17.678034,1779111941.619872,2.966667,-62.0,-550.0,2940,1912,0.82,0.82,0.0,0.0,pix
real_001_s001_2026-05-18_15-45-23-940,001,001,2,P001,P001.ppm,180,17.6947,1779111941.636538,2.983333,-62.0,-550.0,2940,1912,0.82,0.82,0.0,0.0,pix
real_001_s001_2026-05-18_15-45-23-940,001,001,2,P001,P001.ppm,181,17.711367,1779111941.653205,3.0,-62.0,-550.0,2940,1912,0.82,0.82,0.0,0.0,pix
real_001_s001_2026-05-18_15-45-23-940,001,001,2,P001,P001.ppm,182,17.728034,1779111941.669872,3.016667,-62.0,-550.0,2940,1912,0.82,0.82,0.0,0.0,pix
real_001_s001_2026-05-18_15-45-23-940,001,001,2,P001,P001.ppm,183,17.7447,1779111941.686538,3.033333,-62.0,-550.0,2940,1912,0.82,0.82,0.0,0.0,pix
real_001_s001_2026-05-18_15-45-23-940,001,001,2,P001,P001.ppm,184,17.761367,1779111941.703205,3.05,-62.0,-550.0,2940,1912,0.82,0.82,0.0,0.0,pix
real_001_s001_2026-05-18_15-45-23-940,001,001,2,P001,P001.ppm,185,17.778034,1779111941.719872,3.066667,-62.0,-550.0,2940,1912,0.82,0.82,0.0,0.0,pix
real_001_s001_2026-05-18_15-45-23-940,001,001,2,P001,P001.ppm,186,17.7947,1779111941.736538,3.083333,-62.0,-550.0,2940,1912,0.82,0.82,0.0,0.0,pix
real_001_s001_2026-05-18_15-45-23-940,001,001,2,P001,P001.ppm,187,17.811367,1779111941.753205,3.1,-62.0,-550.0,2940,1912,0.82,0.82,0.0,0.0,pix
real_001_s001_2026-05-18_15-45-23-940,001,001,2,P001,P001.ppm,188,17.828034,1779111941.769871,3.116667,-62.0,-550.0,2940,1912,0.82,0.82,0.0,0.0,pix
real_001_s001_2026-05-18_15-45-23-940,001,001,2,P001,P001.ppm,189,17.8447,1779111941.786538,3.133333,-62.0,-550.0,2940,1912,0.82,0.82,0.0,0.0,pix
real_001_s001_2026-05-18_15-45-23-940,001,001,2,P001,P001.ppm,190,17.861367,1779111941.803205,3.15,-62.0,-550.0,2940,1912,0.82,0.82,0.0,0.0,pix
real_001_s001_2026-05-18_15-45-23-940,001,001,2,P001,P001.ppm,191,17.878034,1779111941.819872,3.166667,-62.0,-550.0,2940,1912,0.82,0.82,0.0,0.0,pix
real_001_s001_2026-05-18_15-45-23-940,001,001,2,P001,P001.ppm,192,17.8947,1779111941.836538,3.183333,-62.0,-550.0,2940,1912,0.82,0.82,0.0,0.0,pix
real_001_s001_2026-05-18_15-45-23-940,001,001,2,P001,P001.ppm,193,17.911367,1779111941.853205,3.2,-62.0,-550.0,2940,1912,0.82,0.82,0.0,0.0,pix
real_001_s001_2026-05-18_15-45-23-940,001,001,2,P001,P001.ppm,194,17.928034,1779111941.869872,3.216667,-62.0,-550.0,2940,1912,0.82,0.82,0.0,0.0,pix
real_001_s001_2026-05-18_15-45-23-940,001,001,2,P001,P001.ppm,195,17.9447,1779111941.886538,3.233333,-62.0,-550.0,2940,1912,0.82,0.82,0.0,0.0,pix
real_001_s001_2026-05-18_15-45-23-940,001,001,2,P001,P001.ppm,196,17.961367,1779111941.903205,3.25,-62.0,-550.0,2940,1912,0.82,0.82,0.0,0.0,pix
real_001_s001_2026-05-18_15-45-23-940,001,001,2,P001,P001.ppm,197,17.978034,1779111941.919872,3.266667,-62.0,-550.0,2940,1912,0.82,0.82,0.0,0.0,pix
real_001_s001_2026-05-18_15-45-23-940,001,001,2,P001,P001.ppm,198,17.9947,1779111941.936538,3.283333,-62.0,-550.0,2940,1912,0.82,0.82,0.0,0.0,pix
real_001_s001_2026-05-18_15-45-23-940,001,001,2,P001,P001.ppm,199,18.011367,1779111941.953205,3.3,-62.0,-550.0,2940,1912,0.82,0.82,0.0,0.0,pix
real_001_s001_2026-05-18_15-45-23-940,001,001,2,P001,P001.ppm,200,18.028034,1779111941.969872,3.316667,-62.0,-550.0,2940,1912,0.82,0.82,0.0,0.0,pix
real_001_s001_2026-05-18_15-45-23-940,001,001,2,P001,P001.ppm,201,18.0447,1779111941.986538,3.333333,-62.0,-550.0,2940,1912,0.82,0.82,0.0,0.0,pix
real_001_s001_2026-05-18_15-45-23-940,001,001,2,P001,P001.ppm,202,18.061367,1779111942.003205,3.35,-62.0,-550.0,2940,1912,0.82,0.82,0.0,0.0,pix
real_001_s001_2026-05-18_15-45-23-940,001,001,2,P001,P001.ppm,203,18.078034,1779111942.019871,3.366667,-62.0,-550.0,2940,1912,0.82,0.82,0.0,0.0,pix
real_001_s001_2026-05-18_15-45-23-940,001,001,2,P001,P001.ppm,204,18.0947,1779111942.036538,3.383333,-62.0,-550.0,2940,1912,0.82,0.82,0.0,0.0,pix
real_001_s001_2026-05-18_15-45-23-940,001,001,2,P001,P001.ppm,205,18.111367,1779111942.053205,3.4,-62.0,-550.0,2940,1912,0.82,0.82,0.0,0.0,pix
real_001_s001_2026-05-18_15-45-23-940,001,001,2,P001,P001.ppm,206,18.128034,1779111942.069872,3.416667,-62.0,-550.0,2940,1912,0.82,0.82,0.0,0.0,pix
real_001_s001_2026-05-18_15-45-23-940,001,001,2,P001,P001.ppm,207,18.1447,1779111942.086538,3.433333,-62.0,-550.0,2940,1912,0.82,0.82,0.0,0.0,pix
real_001_s001_2026-05-18_15-45-23-940,001,001,2,P001,P001.ppm,208,18.161367,1779111942.103205,3.45,-62.0,-550.0,2940,1912,0.82,0.82,0.0,0.0,pix
real_001_s001_2026-05-18_15-45-23-940,001,001,2,P001,P001.ppm,209,18.178034,1779111942.119872,3.466667,-62.0,-550.0,2940,1912,0.82,0.82,0.0,0.0,pix
real_001_s001_2026-05-18_15-45-23-940,001,001,2,P001,P001.ppm,210,18.1947,1779111942.136538,3.483333,-62.0,-550.0,2940,1912,0.82,0.82,0.0,0.0,pix
real_001_s001_2026-05-18_15-45-23-940,001,001,2,P001,P001.ppm,211,18.211367,1779111942.153205,3.5,-62.0,-550.0,2940,1912,0.82,0.82,0.0,0.0,pix
real_001_s001_2026-05-18_15-45-23-940,001,001,2,P001,P001.ppm,212,18.228034,1779111942.169872,3.516667,-62.0,-550.0,2940,1912,0.82,0.82,0.0,0.0,pix
real_001_s001_2026-05-18_15-45-23-940,001,001,2,P001,P001.ppm,213,18.2447,1779111942.186538,3.533333,-62.0,-550.0,2940,1912,0.82,0.82,0.0,0.0,pix
real_001_s001_2026-05-18_15-45-23-940,001,001,2,P001,P001.ppm,214,18.261367,1779111942.203205,3.55,-62.0,-550.0,2940,1912,0.82,0.82,0.0,0.0,pix
real_001_s001_2026-05-18_15-45-23-940,001,001,2,P001,P001.ppm,215,18.278034,1779111942.219872,3.566667,-62.0,-550.0,2940,1912,0.82,0.82,0.0,0.0,pix
real_001_s001_2026-05-18_15-45-23-940,001,001,2,P001,P001.ppm,216,18.2947,1779111942.236538,3.583333,-62.0,-550.0,2940,1912,0.82,0.82,0.0,0.0,pix
real_001_s001_2026-05-18_15-45-23-940,001,001,2,P001,P001.ppm,217,18.311367,1779111942.253205,3.6,-62.0,-550.0,2940,1912,0.82,0.82,0.0,0.0,pix
real_001_s001_2026-05-18_15-45-23-940,001,001,2,P001,P001.ppm,218,18.328034,1779111942.269871,3.616667,-62.0,-550.0,2940,1912,0.82,0.82,0.0,0.0,pix
real_001_s001_2026-05-18_15-45-23-940,001,001,2,P001,P001.ppm,219,18.3447,1779111942.286538,3.633333,-62.0,-550.0,2940,1912,0.82,0.82,0.0,0.0,pix
real_001_s001_2026-05-18_15-45-23-940,001,001,2,P001,P001.ppm,220,18.361367,1779111942.303205,3.65,-62.0,-550.0,2940,1912,0.82,0.82,0.0,0.0,pix
real_001_s001_2026-05-18_15-45-23-940,001,001,2,P001,P001.ppm,221,18.378034,1779111942.319872,3.666667,-62.0,-550.0,2940,1912,0.82,0.82,0.0,0.0,pix
real_001_s001_2026-05-18_15-45-23-940,001,001,2,P001,P001.ppm,222,18.3947,1779111942.336538,3.683333,-62.0,-550.0,2940,1912,0.82,0.82,0.0,0.0,pix
real_001_s001_2026-05-18_15-45-23-940,001,001,2,P001,P001.ppm,223,18.411367,1779111942.353205,3.7,-62.0,-550.0,2940,1912,0.82,0.82,0.0,0.0,pix
real_001_s001_2026-05-18_15-45-23-940,001,001,2,P001,P001.ppm,224,18.428034,1779111942.369872,3.716667,-62.0,-550.0,2940,1912,0.82,0.82,0.0,0.0,pix
real_001_s001_2026-05-18_15-45-23-940,001,001,2,P001,P001.ppm,225,18.4447,1779111942.386538,3.733333,-62.0,-550.0,2940,1912,0.82,0.82,0.0,0.0,pix
real_001_s001_2026-05-18_15-45-23-940,001,001,2,P001,P001.ppm,226,18.461367,1779111942.403205,3.75,-62.0,-550.0,2940,1912,0.82,0.82,0.0,0.0,pix
real_001_s001_2026-05-18_15-45-23-940,001,001,2,P001,P001.ppm,227,18.478034,1779111942.419872,3.766667,-62.0,-550.0,2940,1912,0.82,0.82,0.0,0.0,pix
real_001_s001_2026-05-18_15-45-23-940,001,001,2,P001,P001.ppm,228,18.4947,1779111942.436538,3.783333,-62.0,-550.0,2940,1912,0.82,0.82,0.0,0.0,pix
real_001_s001_2026-05-18_15-45-23-940,001,001,2,P001,P001.ppm,229,18.511367,1779111942.453205,3.8,-62.0,-550.0,2940,1912,0.82,0.82,0.0,0.0,pix
real_001_s001_2026-05-18_15-45-23-940,001,001,2,P001,P001.ppm,230,18.528034,1779111942.469872,3.816667,-62.0,-550.0,2940,1912,0.82,0.82,0.0,0.0,pix
real_001_s001_2026-05-18_15-45-23-940,001,001,2,P001,P001.ppm,231,18.5447,1779111942.486538,3.833333,-62.0,-550.0,2940,1912,0.82,0.82,0.0,0.0,pix
real_001_s001_2026-05-18_15-45-23-940,001,001,2,P001,P001.ppm,232,18.561367,1779111942.503205,3.85,-62.0,-550.0,2940,1912,0.82,0.82,0.0,0.0,pix
real_001_s001_2026-05-18_15-45-23-940,001,001,2,P001,P001.ppm,233,18.578034,1779111942.519871,3.866667,-62.0,-550.0,2940,1912,0.82,0.82,0.0,0.0,pix
real_001_s001_2026-05-18_15-45-23-940,001,001,2,P001,P001.ppm,234,18.5947,1779111942.536538,3.883333,-62.0,-550.0,2940,1912,0.82,0.82,0.0,0.0,pix
real_001_s001_2026-05-18_15-45-23-940,001,001,2,P001,P001.ppm,235,18.611367,1779111942.553205,3.9,-62.0,-550.0,2940,1912,0.82,0.82,0.0,0.0,pix
real_001_s001_2026-05-18_15-45-23-940,001,001,2,P001,P001.ppm,236,18.628034,1779111942.569872,3.916667,-62.0,-550.0,2940,1912,0.82,0.82,0.0,0.0,pix
real_001_s001_2026-05-18_15-45-23-940,001,001,2,P001,P001.ppm,237,18.6447,1779111942.586538,3.933333,-62.0,-550.0,2940,1912,0.82,0.82,0.0,0.0,pix
real_001_s001_2026-05-18_15-45-23-940,001,001,2,P001,P001.ppm,238,18.661367,1779111942.603205,3.95,-62.0,-550.0,2940,1912,0.82,0.82,0.0,0.0,pix
real_001_s001_2026-05-18_15-45-23-940,001,001,2,P001,P001.ppm,239,18.678034,1779111942.619872,3.966667,-62.0,-550.0,2940,1912,0.82,0.82,0.0,0.0,pix
real_001_s001_2026-05-18_15-45-23-940,001,001,2,P001,P001.ppm,240,18.6947,1779111942.636538,3.983333,-62.0,-550.0,2940,1912,0.82,0.82,0.0,0.0,pix
real_001_s001_2026-05-18_15-45-23-940,001,001,2,P001,P001.ppm,241,18.711367,1779111942.653205,4.0,-62.0,-550.0,2940,1912,0.82,0.82,0.0,0.0,pix
real_001_s001_2026-05-18_15-45-23-940,001,001,2,P001,P001.ppm,242,18.728034,1779111942.669872,4.016667,-62.0,-550.0,2940,1912,0.82,0.82,0.0,0.0,pix
real_001_s001_2026-05-18_15-45-23-940,001,001,2,P001,P001.ppm,243,18.7447,1779111942.686538,4.033333,-62.0,-550.0,2940,1912,0.82,0.82,0.0,0.0,pix
real_001_s001_2026-05-18_15-45-23-940,001,001,2,P001,P001.ppm,244,18.761367,1779111942.703205,4.05,-62.0,-550.0,2940,1912,0.82,0.82,0.0,0.0,pix
real_001_s001_2026-05-18_15-45-23-940,001,001,2,P001,P001.ppm,245,18.778034,1779111942.719872,4.066667,-62.0,-550.0,2940,1912,0.82,0.82,0.0,0.0,pix
real_001_s001_2026-05-18_15-45-23-940,001,001,2,P001,P001.ppm,246,18.7947,1779111942.736538,4.083333,-62.0,-550.0,2940,1912,0.82,0.82,0.0,0.0,pix
real_001_s001_2026-05-18_15-45-23-940,001,001,2,P001,P001.ppm,247,18.811367,1779111942.753205,4.1,-62.0,-550.0,2940,1912,0.82,0.82,0.0,0.0,pix
real_001_s001_2026-05-18_15-45-23-940,001,001,2,P001,P001.ppm,248,18.828034,1779111942.769871,4.116667,-62.0,-550.0,2940,1912,0.82,0.82,0.0,0.0,pix
real_001_s001_2026-05-18_15-45-23-940,001,001,2,P001,P001.ppm,249,18.8447,1779111942.786538,4.133333,-62.0,-550.0,2940,1912,0.82,0.82,0.0,0.0,pix
real_001_s001_2026-05-18_15-45-23-940,001,001,2,P001,P001.ppm,250,18.861367,1779111942.803205,4.15,-62.0,-550.0,2940,1912,0.82,0.82,0.0,0.0,pix
real_001_s001_2026-05-18_15-45-23-940,001,001,2,P001,P001.ppm,251,18.878034,1779111942.819872,4.166667,-62.0,-550.0,2940,1912,0.82,0.82,0.0,0.0,pix
real_001_s001_2026-05-18_15-45-23-940,001,001,2,P001,P001.ppm,252,18.8947,1779111942.836538,4.183333,-62.0,-550.0,2940,1912,0.82,0.82,0.0,0.0,pix
real_001_s001_2026-05-18_15-45-23-940,001,001,2,P001,P001.ppm,253,18.911367,1779111942.853205,4.2,-62.0,-550.0,2940,1912,0.82,0.82,0.0,0.0,pix
real_001_s001_2026-05-18_15-45-23-940,001,001,2,P001,P001.ppm,254,18.928034,1779111942.869872,4.216667,-62.0,-550.0,2940,1912,0.82,0.82,0.0,0.0,pix
real_001_s001_2026-05-18_15-45-23-940,001,001,2,P001,P001.ppm,255,18.9447,1779111942.886538,4.233333,-62.0,-550.0,2940,1912,0.82,0.82,0.0,0.0,pix
real_001_s001_2026-05-18_15-45-23-940,001,001,2,P001,P001.ppm,256,18.961367,1779111942.903205,4.25,-62.0,-550.0,2940,1912,0.82,0.82,0.0,0.0,pix
real_001_s001_2026-05-18_15-45-23-940,001,001,2,P001,P001.ppm,257,18.978034,1779111942.919872,4.266667,-62.0,-550.0,2940,1912,0.82,0.82,0.0,0.0,pix
real_001_s001_2026-05-18_15-45-23-940,001,001,2,P001,P001.ppm,258,18.9947,1779111942.936538,4.283333,-62.0,-550.0,2940,1912,0.82,0.82,0.0,0.0,pix
real_001_s001_2026-05-18_15-45-23-940,001,001,2,P001,P001.ppm,259,19.011367,1779111942.953205,4.3,-62.0,-550.0,2940,1912,0.82,0.82,0.0,0.0,pix
real_001_s001_2026-05-18_15-45-23-940,001,001,2,P001,P001.ppm,260,19.028034,1779111942.969872,4.316667,-62.0,-550.0,2940,1912,0.82,0.82,0.0,0.0,pix
real_001_s001_2026-05-18_15-45-23-940,001,001,2,P001,P001.ppm,261,19.0447,1779111942.986538,4.333333,-62.0,-550.0,2940,1912,0.82,0.82,0.0,0.0,pix
real_001_s001_2026-05-18_15-45-23-940,001,001,2,P001,P001.ppm,262,19.061367,1779111943.003205,4.35,-62.0,-550.0,2940,1912,0.82,0.82,0.0,0.0,pix
real_001_s001_2026-05-18_15-45-23-940,001,001,2,P001,P001.ppm,263,19.078034,1779111943.019871,4.366667,-62.0,-550.0,2940,1912,0.82,0.82,0.0,0.0,pix
real_001_s001_2026-05-18_15-45-23-940,001,001,2,P001,P001.ppm,264,19.0947,1779111943.036538,4.383333,-62.0,-550.0,2940,1912,0.82,0.82,0.0,0.0,pix
real_001_s001_2026-05-18_15-45-23-940,001,001,2,P001,P001.ppm,265,19.111367,1779111943.053205,4.4,-62.0,-550.0,2940,1912,0.82,0.82,0.0,0.0,pix
real_001_s001_2026-05-18_15-45-23-940,001,001,2,P001,P001.ppm,266,19.128034,1779111943.069872,4.416667,-62.0,-550.0,2940,1912,0.82,0.82,0.0,0.0,pix
real_001_s001_2026-05-18_15-45-23-940,001,001,2,P001,P001.ppm,267,19.1447,1779111943.086538,4.433333,-62.0,-550.0,2940,1912,0.82,0.82,0.0,0.0,pix
real_001_s001_2026-05-18_15-45-23-940,001,001,2,P001,P001.ppm,268,19.161367,1779111943.103205,4.45,-62.0,-550.0,2940,1912,0.82,0.82,0.0,0.0,pix
real_001_s001_2026-05-18_15-45-23-940,001,001,2,P001,P001.ppm,269,19.178034,1779111943.119872,4.466667,-62.0,-550.0,2940,1912,0.82,0.82,0.0,0.0,pix
real_001_s001_2026-05-18_15-45-23-940,001,001,2,P001,P001.ppm,270,19.1947,1779111943.136538,4.483333,-62.0,-550.0,2940,1912,0.82,0.82,0.0,0.0,pix
real_001_s001_2026-05-18_15-45-23-940,001,001,2,P001,P001.ppm,271,19.211367,1779111943.153205,4.5,-62.0,-550.0,2940,1912,0.82,0.82,0.0,0.0,pix
real_001_s001_2026-05-18_15-45-23-940,001,001,2,P001,P001.ppm,272,19.228034,1779111943.169872,4.516667,-62.0,-550.0,2940,1912,0.82,0.82,0.0,0.0,pix
real_001_s001_2026-05-18_15-45-23-940,001,001,2,P001,P001.ppm,273,19.2447,1779111943.186538,4.533333,-62.0,-550.0,2940,1912,0.82,0.82,0.0,0.0,pix
real_001_s001_2026-05-18_15-45-23-940,001,001,2,P001,P001.ppm,274,19.261367,1779111943.203205,4.55,-62.0,-550.0,2940,1912,0.82,0.82,0.0,0.0,pix
real_001_s001_2026-05-18_15-45-23-940,001,001,2,P001,P001.ppm,275,19.278034,1779111943.219872,4.566667,-62.0,-550.0,2940,1912,0.82,0.82,0.0,0.0,pix
real_001_s001_2026-05-18_15-45-23-940,001,001,2,P001,P001.ppm,276,19.2947,1779111943.236538,4.583333,-62.0,-550.0,2940,1912,0.82,0.82,0.0,0.0,pix
real_001_s001_2026-05-18_15-45-23-940,001,001,2,P001,P001.ppm,277,19.311367,1779111943.253205,4.6,-62.0,-550.0,2940,1912,0.82,0.82,0.0,0.0,pix
real_001_s001_2026-05-18_15-45-23-940,001,001,2,P001,P001.ppm,278,19.328034,1779111943.269871,4.616667,-62.0,-550.0,2940,1912,0.82,0.82,0.0,0.0,pix
real_001_s001_2026-05-18_15-45-23-940,001,001,2,P001,P001.ppm,279,19.3447,1779111943.286538,4.633333,-62.0,-550.0,2940,1912,0.82,0.82,0.0,0.0,pix
real_001_s001_2026-05-18_15-45-23-940,001,001,2,P001,P001.ppm,280,19.361367,1779111943.303205,4.65,-62.0,-550.0,2940,1912,0.82,0.82,0.0,0.0,pix
real_001_s001_2026-05-18_15-45-23-940,001,001,2,P001,P001.ppm,281,19.378034,1779111943.319872,4.666667,-62.0,-550.0,2940,1912,0.82,0.82,0.0,0.0,pix
real_001_s001_2026-05-18_15-45-23-940,001,001,2,P001,P001.ppm,282,19.3947,1779111943.336538,4.683333,-62.0,-550.0,2940,1912,0.82,0.82,0.0,0.0,pix
real_001_s001_2026-05-18_15-45-23-940,001,001,2,P001,P001.ppm,283,19.411367,1779111943.353205,4.7,-62.0,-550.0,2940,1912,0.82,0.82,0.0,0.0,pix
real_001_s001_2026-05-18_15-45-23-940,001,001,2,P001,P001.ppm,284,19.428034,1779111943.369872,4.716667,-62.0,-550.0,2940,1912,0.82,0.82,0.0,0.0,pix
real_001_s001_2026-05-18_15-45-23-940,001,001,2,P001,P001.ppm,285,19.4447,1779111943.386538,4.733333,-62.0,-550.0,2940,1912,0.82,0.82,0.0,0.0,pix
real_001_s001_2026-05-18_15-45-23-940,001,001,2,P001,P001.ppm,286,19.461367,1779111943.403205,4.75,-62.0,-550.0,2940,1912,0.82,0.82,0.0,0.0,pix
real_001_s001_2026-05-18_15-45-23-940,001,001,2,P001,P001.ppm,287,19.478034,1779111943.419872,4.766667,-62.0,-550.0,2940,1912,0.82,0.82,0.0,0.0,pix
real_001_s001_2026-05-18_15-45-23-940,001,001,2,P001,P001.ppm,288,19.4947,1779111943.436538,4.783333,-62.0,-550.0,2940,1912,0.82,0.82,0.0,0.0,pix
real_001_s001_2026-05-18_15-45-23-940,001,001,2,P001,P001.ppm,289,19.511367,1779111943.453205,4.8,-62.0,-550.0,2940,1912,0.82,0.82,0.0,0.0,pix
real_001_s001_2026-05-18_15-45-23-940,001,001,2,P001,P001.ppm,290,19.528034,1779111943.469872,4.816667,-62.0,-550.0,2940,1912,0.82,0.82,0.0,0.0,pix
real_001_s001_2026-05-18_15-45-23-940,001,001,2,P001,P001.ppm,291,19.5447,1779111943.486538,4.833333,-62.0,-550.0,2940,1912,0.82,0.82,0.0,0.0,pix
real_001_s001_2026-05-18_15-45-23-940,001,001,2,P001,P001.ppm,292,19.561367,1779111943.503205,4.85,-62.0,-550.0,2940,1912,0.82,0.82,0.0,0.0,pix
real_001_s001_2026-05-18_15-45-23-940,001,001,2,P001,P001.ppm,293,19.578034,1779111943.519871,4.866667,-62.0,-550.0,2940,1912,0.82,0.82,0.0,0.0,pix
real_001_s001_2026-05-18_15-45-23-940,001,001,2,P001,P001.ppm,294,19.5947,1779111943.536538,4.883333,-62.0,-550.0,2940,1912,0.82,0.82,0.0,0.0,pix
real_001_s001_2026-05-18_15-45-23-940,001,001,2,P001,P001.ppm,295,19.611367,1779111943.553205,4.9,-62.0,-550.0,2940,1912,0.82,0.82,0.0,0.0,pix
real_001_s001_2026-05-18_15-45-23-940,001,001,2,P001,P001.ppm,296,19.628034,1779111943.569872,4.916667,-62.0,-550.0,2940,1912,0.82,0.82,0.0,0.0,pix
real_001_s001_2026-05-18_15-45-23-940,001,001,2,P001,P001.ppm,297,19.6447,1779111943.586538,4.933333,-62.0,-550.0,2940,1912,0.82,0.82,0.0,0.0,pix
real_001_s001_2026-05-18_15-45-23-940,001,001,2,P001,P001.ppm,298,19.661367,1779111943.603205,4.95,-62.0,-550.0,2940,1912,0.82,0.82,0.0,0.0,pix
real_001_s001_2026-05-18_15-45-23-940,001,001,2,P001,P001.ppm,299,19.678034,1779111943.619872,4.966667,-62.0,-550.0,2940,1912,0.82,0.82,0.0,0.0,pix
real_001_s001_2026-05-18_15-45-23-940,001,001,2,P001,P001.ppm,300,19.6947,1779111943.636538,4.983333,-62.0,-550.0,2940,1912,0.82,0.82,0.0,0.0,pix
real_001_s001_2026-05-18_15-45-23-940,001,001,2,P001,P001.ppm,301,19.711367,1779111943.653205,5.0,-62.0,-550.0,2940,1912,0.82,0.82,0.0,0.0,pix
real_001_s001_2026-05-18_15-45-23-940,001,001,2,P001,P001.ppm,302,19.728034,1779111943.669872,5.016667,-62.0,-550.0,2940,1912,0.82,0.82,0.0,0.0,pix
real_001_s001_2026-05-18_15-45-23-940,001,001,2,P001,P001.ppm,303,19.7447,1779111943.686538,5.033333,-62.0,-550.0,2940,1912,0.82,0.82,0.0,0.0,pix
real_001_s001_2026-05-18_15-45-23-940,001,001,2,P001,P001.ppm,304,19.761367,1779111943.703205,5.05,-62.0,-550.0,2940,1912,0.82,0.82,0.0,0.0,pix
real_001_s001_2026-05-18_15-45-23-940,001,001,2,P001,P001.ppm,305,19.778034,1779111943.719872,5.066667,-62.0,-550.0,2940,1912,0.82,0.82,0.0,0.0,pix
real_001_s001_2026-05-18_15-45-23-940,001,001,2,P001,P001.ppm,306,19.7947,1779111943.736538,5.083333,-62.0,-550.0,2940,1912,0.82,0.82,0.0,0.0,pix
real_001_s001_2026-05-18_15-45-23-940,001,001,2,P001,P001.ppm,307,19.811367,1779111943.753205,5.1,-62.0,-550.0,2940,1912,0.82,0.82,0.0,0.0,pix
real_001_s001_2026-05-18_15-45-23-940,001,001,2,P001,P001.ppm,308,19.828034,1779111943.769871,5.116667,-62.0,-550.0,2940,1912,0.82,0.82,0.0,0.0,pix
real_001_s001_2026-05-18_15-45-23-940,001,001,2,P001,P001.ppm,309,19.8447,1779111943.786538,5.133333,-62.0,-550.0,2940,1912,0.82,0.82,0.0,0.0,pix
real_001_s001_2026-05-18_15-45-23-940,001,001,2,P001,P001.ppm,310,19.861367,1779111943.803205,5.15,-62.0,-550.0,2940,1912,0.82,0.82,0.0,0.0,pix
real_001_s001_2026-05-18_15-45-23-940,001,001,2,P001,P001.ppm,311,19.878034,1779111943.819872,5.166667,-62.0,-550.0,2940,1912,0.82,0.82,0.0,0.0,pix
real_001_s001_2026-05-18_15-45-23-940,001,001,2,P001,P001.ppm,312,19.8947,1779111943.836538,5.183333,-62.0,-550.0,2940,1912,0.82,0.82,0.0,0.0,pix
real_001_s001_2026-05-18_15-45-23-940,001,001,2,P001,P001.ppm,313,19.911367,1779111943.853205,5.2,-62.0,-550.0,2940,1912,0.82,0.82,0.0,0.0,pix
real_001_s001_2026-05-18_15-45-23-940,001,001,2,P001,P001.ppm,314,19.928034,1779111943.869872,5.216667,-62.0,-550.0,2940,1912,0.82,0.82,0.0,0.0,pix
real_001_s001_2026-05-18_15-45-23-940,001,001,2,P001,P001.ppm,315,19.9447,1779111943.886538,5.233333,-62.0,-550.0,2940,1912,0.82,0.82,0.0,0.0,pix
real_001_s001_2026-05-18_15-45-23-940,001,001,2,P001,P001.ppm,316,19.961367,1779111943.903205,5.25,-62.0,-550.0,2940,1912,0.82,0.82,0.0,0.0,pix
real_001_s001_2026-05-18_15-45-23-940,001,001,2,P001,P001.ppm,317,19.978034,1779111943.919872,5.266667,-62.0,-550.0,2940,1912,0.82,0.82,0.0,0.0,pix
real_001_s001_2026-05-18_15-45-23-940,001,001,2,P001,P001.ppm,318,19.9947,1779111943.936538,5.283333,-62.0,-550.0,2940,1912,0.82,0.82,0.0,0.0,pix
real_001_s001_2026-05-18_15-45-23-940,001,001,2,P001,P001.ppm,319,20.011367,1779111943.953205,5.3,-62.0,-550.0,2940,1912,0.82,0.82,0.0,0.0,pix
real_001_s001_2026-05-18_15-45-23-940,001,001,2,P001,P001.ppm,320,20.028034,1779111943.969872,5.316667,-62.0,-550.0,2940,1912,0.82,0.82,0.0,0.0,pix
real_001_s001_2026-05-18_15-45-23-940,001,001,2,P001,P001.ppm,321,20.0447,1779111943.986538,5.333333,-62.0,-550.0,2940,1912,0.82,0.82,0.0,0.0,pix
real_001_s001_2026-05-18_15-45-23-940,001,001,2,P001,P001.ppm,322,20.061367,1779111944.003205,5.35,-62.0,-550.0,2940,1912,0.82,0.82,0.0,0.0,pix
real_001_s001_2026-05-18_15-45-23-940,001,001,2,P001,P001.ppm,323,20.078034,1779111944.019871,5.366667,-62.0,-550.0,2940,1912,0.82,0.82,0.0,0.0,pix
real_001_s001_2026-05-18_15-45-23-940,001,001,2,P001,P001.ppm,324,20.0947,1779111944.036538,5.383333,-62.0,-550.0,2940,1912,0.82,0.82,0.0,0.0,pix
real_001_s001_2026-05-18_15-45-23-940,001,001,2,P001,P001.ppm,325,20.111367,1779111944.053205,5.4,-62.0,-550.0,2940,1912,0.82,0.82,0.0,0.0,pix
real_001_s001_2026-05-18_15-45-23-940,001,001,2,P001,P001.ppm,326,20.128034,1779111944.069872,5.416667,-62.0,-550.0,2940,1912,0.82,0.82,0.0,0.0,pix
real_001_s001_2026-05-18_15-45-23-940,001,001,2,P001,P001.ppm,327,20.1447,1779111944.086538,5.433333,-62.0,-550.0,2940,1912,0.82,0.82,0.0,0.0,pix
real_001_s001_2026-05-18_15-45-23-940,001,001,2,P001,P001.ppm,328,20.161367,1779111944.103205,5.45,-62.0,-550.0,2940,1912,0.82,0.82,0.0,0.0,pix
real_001_s001_2026-05-18_15-45-23-940,001,001,2,P001,P001.ppm,329,20.178034,1779111944.119872,5.466667,-62.0,-550.0,2940,1912,0.82,0.82,0.0,0.0,pix
real_001_s001_2026-05-18_15-45-23-940,001,001,2,P001,P001.ppm,330,20.1947,1779111944.136538,5.483333,-62.0,-550.0,2940,1912,0.82,0.82,0.0,0.0,pix
real_001_s001_2026-05-18_15-45-23-940,001,001,2,P001,P001.ppm,331,20.211367,1779111944.153205,5.5,-62.0,-550.0,2940,1912,0.82,0.82,0.0,0.0,pix
real_001_s001_2026-05-18_15-45-23-940,001,001,2,P001,P001.ppm,332,20.228034,1779111944.169872,5.516667,-62.0,-550.0,2940,1912,0.82,0.82,0.0,0.0,pix
real_001_s001_2026-05-18_15-45-23-940,001,001,2,P001,P001.ppm,333,20.2447,1779111944.186538,5.533333,-62.0,-550.0,2940,1912,0.82,0.82,0.0,0.0,pix
real_001_s001_2026-05-18_15-45-23-940,001,001,2,P001,P001.ppm,334,20.261367,1779111944.203205,5.55,-62.0,-550.0,2940,1912,0.82,0.82,0.0,0.0,pix
real_001_s001_2026-05-18_15-45-23-940,001,001,2,P001,P001.ppm,335,20.278034,1779111944.219872,5.566667,-62.0,-550.0,2940,1912,0.82,0.82,0.0,0.0,pix
real_001_s001_2026-05-18_15-45-23-940,001,001,2,P001,P001.ppm,336,20.2947,1779111944.236538,5.583333,-62.0,-550.0,2940,1912,0.82,0.82,0.0,0.0,pix
real_001_s001_2026-05-18_15-45-23-940,001,001,2,P001,P001.ppm,337,20.311367,1779111944.253205,5.6,-62.0,-550.0,2940,1912,0.82,0.82,0.0,0.0,pix
real_001_s001_2026-05-18_15-45-23-940,001,001,2,P001,P001.ppm,338,20.328034,1779111944.269871,5.616667,-62.0,-550.0,2940,1912,0.82,0.82,0.0,0.0,pix
real_001_s001_2026-05-18_15-45-23-940,001,001,2,P001,P001.ppm,339,20.3447,1779111944.286538,5.633333,-62.0,-550.0,2940,1912,0.82,0.82,0.0,0.0,pix
real_001_s001_2026-05-18_15-45-23-940,001,001,2,P001,P001.ppm,340,20.361367,1779111944.303205,5.65,-62.0,-550.0,2940,1912,0.82,0.82,0.0,0.0,pix
real_001_s001_2026-05-18_15-45-23-940,001,001,2,P001,P001.ppm,341,20.378034,1779111944.319872,5.666667,-62.0,-550.0,2940,1912,0.82,0.82,0.0,0.0,pix
real_001_s001_2026-05-18_15-45-23-940,001,001,2,P001,P001.ppm,342,20.3947,1779111944.336538,5.683333,-62.0,-550.0,2940,1912,0.82,0.82,0.0,0.0,pix
real_001_s001_2026-05-18_15-45-23-940,001,001,2,P001,P001.ppm,343,20.411367,1779111944.353205,5.7,-62.0,-550.0,2940,1912,0.82,0.82,0.0,0.0,pix
real_001_s001_2026-05-18_15-45-23-940,001,001,2,P001,P001.ppm,344,20.428034,1779111944.369872,5.716667,-62.0,-550.0,2940,1912,0.82,0.82,0.0,0.0,pix
real_001_s001_2026-05-18_15-45-23-940,001,001,2,P001,P001.ppm,345,20.4447,1779111944.386538,5.733333,-62.0,-550.0,2940,1912,0.82,0.82,0.0,0.0,pix
real_001_s001_2026-05-18_15-45-23-940,001,001,2,P001,P001.ppm,346,20.461367,1779111944.403205,5.75,-62.0,-550.0,2940,1912,0.82,0.82,0.0,0.0,pix
real_001_s001_2026-05-18_15-45-23-940,001,001,2,P001,P001.ppm,347,20.478034,1779111944.419872,5.766667,-62.0,-550.0,2940,1912,0.82,0.82,0.0,0.0,pix
real_001_s001_2026-05-18_15-45-23-940,001,001,2,P001,P001.ppm,348,20.4947,1779111944.436538,5.783333,-62.0,-550.0,2940,1912,0.82,0.82,0.0,0.0,pix
real_001_s001_2026-05-18_15-45-23-940,001,001,2,P001,P001.ppm,349,20.511367,1779111944.453205,5.8,-62.0,-550.0,2940,1912,0.82,0.82,0.0,0.0,pix
real_001_s001_2026-05-18_15-45-23-940,001,001,2,P001,P001.ppm,350,20.528034,1779111944.469872,5.816667,-62.0,-550.0,2940,1912,0.82,0.82,0.0,0.0,pix
real_001_s001_2026-05-18_15-45-23-940,001,001,2,P001,P001.ppm,351,20.5447,1779111944.486538,5.833333,-62.0,-550.0,2940,1912,0.82,0.82,0.0,0.0,pix
real_001_s001_2026-05-18_15-45-23-940,001,001,2,P001,P001.ppm,352,20.561367,1779111944.503205,5.85,-62.0,-550.0,2940,1912,0.82,0.82,0.0,0.0,pix
real_001_s001_2026-05-18_15-45-23-940,001,001,2,P001,P001.ppm,353,20.578034,1779111944.519871,5.866667,-62.0,-550.0,2940,1912,0.82,0.82,0.0,0.0,pix
real_001_s001_2026-05-18_15-45-23-940,001,001,2,P001,P001.ppm,354,20.5947,1779111944.536538,5.883333,-62.0,-550.0,2940,1912,0.82,0.82,0.0,0.0,pix
real_001_s001_2026-05-18_15-45-23-940,001,001,2,P001,P001.ppm,355,20.611367,1779111944.553205,5.9,-62.0,-550.0,2940,1912,0.82,0.82,0.0,0.0,pix
real_001_s001_2026-05-18_15-45-23-940,001,001,2,P001,P001.ppm,356,20.628034,1779111944.569872,5.916667,-62.0,-550.0,2940,1912,0.82,0.82,0.0,0.0,pix
real_001_s001_2026-05-18_15-45-23-940,001,001,2,P001,P001.ppm,357,20.6447,1779111944.586538,5.933333,-62.0,-550.0,2940,1912,0.82,0.82,0.0,0.0,pix
real_001_s001_2026-05-18_15-45-23-940,001,001,2,P001,P001.ppm,358,20.661367,1779111944.603205,5.95,-62.0,-550.0,2940,1912,0.82,0.82,0.0,0.0,pix
real_001_s001_2026-05-18_15-45-23-940,001,001,2,P001,P001.ppm,359,20.678034,1779111944.619872,5.966667,-62.0,-550.0,2940,1912,0.82,0.82,0.0,0.0,pix
real_001_s001_2026-05-18_15-45-23-940,001,001,2,P001,P001.ppm,360,20.6947,1779111944.636538,5.983333,-62.0,-550.0,2940,1912,0.82,0.82,0.0,0.0,pix
real_001_s001_2026-05-18_15-45-23-940,001,001,2,P001,P001.ppm,361,20.711367,1779111944.653205,6.0,-62.0,-550.0,2940,1912,0.82,0.82,0.0,0.0,pix
real_001_s001_2026-05-18_15-45-23-940,001,001,2,P001,P001.ppm,362,20.728034,1779111944.669872,6.016667,-62.0,-550.0,2940,1912,0.82,0.82,0.0,0.0,pix
real_001_s001_2026-05-18_15-45-23-940,001,001,2,P001,P001.ppm,363,20.7447,1779111944.686538,6.033333,-62.0,-550.0,2940,1912,0.82,0.82,0.0,0.0,pix
real_001_s001_2026-05-18_15-45-23-940,001,001,2,P001,P001.ppm,364,20.761367,1779111944.703205,6.05,-62.0,-550.0,2940,1912,0.82,0.82,0.0,0.0,pix
real_001_s001_2026-05-18_15-45-23-940,001,001,2,P001,P001.ppm,365,20.778034,1779111944.719872,6.066667,-62.0,-550.0,2940,1912,0.82,0.82,0.0,0.0,pix
real_001_s001_2026-05-18_15-45-23-940,001,001,2,P001,P001.ppm,366,20.7947,1779111944.736538,6.083333,-62.0,-550.0,2940,1912,0.82,0.82,0.0,0.0,pix
real_001_s001_2026-05-18_15-45-23-940,001,001,2,P001,P001.ppm,367,20.811367,1779111944.753205,6.1,-62.0,-550.0,2940,1912,0.82,0.82,0.0,0.0,pix
real_001_s001_2026-05-18_15-45-23-940,001,001,2,P001,P001.ppm,368,20.828034,1779111944.769871,6.116667,-62.0,-550.0,2940,1912,0.82,0.82,0.0,0.0,pix
real_001_s001_2026-05-18_15-45-23-940,001,001,2,P001,P001.ppm,369,20.8447,1779111944.786538,6.133333,-62.0,-550.0,2940,1912,0.82,0.82,0.0,0.0,pix
real_001_s001_2026-05-18_15-45-23-940,001,001,2,P001,P001.ppm,370,20.861367,1779111944.803205,6.15,-62.0,-550.0,2940,1912,0.82,0.82,0.0,0.0,pix
real_001_s001_2026-05-18_15-45-23-940,001,001,2,P001,P001.ppm,371,20.878034,1779111944.819872,6.166667,-62.0,-550.0,2940,1912,0.82,0.82,0.0,0.0,pix
real_001_s001_2026-05-18_15-45-23-940,001,001,2,P001,P001.ppm,372,20.8947,1779111944.836538,6.183333,-62.0,-550.0,2940,1912,0.82,0.82,0.0,0.0,pix
real_001_s001_2026-05-18_15-45-23-940,001,001,2,P001,P001.ppm,373,20.911367,1779111944.853205,6.2,-62.0,-550.0,2940,1912,0.82,0.82,0.0,0.0,pix
real_001_s001_2026-05-18_15-45-23-940,001,001,2,P001,P001.ppm,374,20.928034,1779111944.869872,6.216667,-62.0,-550.0,2940,1912,0.82,0.82,0.0,0.0,pix
real_001_s001_2026-05-18_15-45-23-940,001,001,2,P001,P001.ppm,375,20.9447,1779111944.886538,6.233333,-62.0,-550.0,2940,1912,0.82,0.82,0.0,0.0,pix
real_001_s001_2026-05-18_15-45-23-940,001,001,2,P001,P001.ppm,376,20.961367,1779111944.903205,6.25,-62.0,-550.0,2940,1912,0.82,0.82,0.0,0.0,pix
real_001_s001_2026-05-18_15-45-23-940,001,001,2,P001,P001.ppm,377,20.978034,1779111944.919872,6.266667,-62.0,-550.0,2940,1912,0.82,0.82,0.0,0.0,pix
real_001_s001_2026-05-18_15-45-23-940,001,001,2,P001,P001.ppm,378,20.9947,1779111944.936538,6.283333,-62.0,-550.0,2940,1912,0.82,0.82,0.0,0.0,pix
real_001_s001_2026-05-18_15-45-23-940,001,001,2,P001,P001.ppm,379,21.011367,1779111944.953205,6.3,-62.0,-550.0,2940,1912,0.82,0.82,0.0,0.0,pix
real_001_s001_2026-05-18_15-45-23-940,001,001,2,P001,P001.ppm,380,21.028034,1779111944.969872,6.316667,-62.0,-550.0,2940,1912,0.82,0.82,0.0,0.0,pix
real_001_s001_2026-05-18_15-45-23-940,001,001,2,P001,P001.ppm,381,21.0447,1779111944.986538,6.333333,-62.0,-550.0,2940,1912,0.82,0.82,0.0,0.0,pix
real_001_s001_2026-05-18_15-45-23-940,001,001,2,P001,P001.ppm,382,21.061367,1779111945.003205,6.35,-62.0,-550.0,2940,1912,0.82,0.82,0.0,0.0,pix
real_001_s001_2026-05-18_15-45-23-940,001,001,2,P001,P001.ppm,383,21.078034,1779111945.019871,6.366667,-62.0,-550.0,2940,1912,0.82,0.82,0.0,0.0,pix
real_001_s001_2026-05-18_15-45-23-940,001,001,2,P001,P001.ppm,384,21.0947,1779111945.036538,6.383333,-62.0,-550.0,2940,1912,0.82,0.82,0.0,0.0,pix
real_001_s001_2026-05-18_15-45-23-940,001,001,2,P001,P001.ppm,385,21.111367,1779111945.053205,6.4,-62.0,-550.0,2940,1912,0.82,0.82,0.0,0.0,pix
real_001_s001_2026-05-18_15-45-23-940,001,001,2,P001,P001.ppm,386,21.128034,1779111945.069872,6.416667,-62.0,-550.0,2940,1912,0.82,0.82,0.0,0.0,pix
real_001_s001_2026-05-18_15-45-23-940,001,001,2,P001,P001.ppm,387,21.1447,1779111945.086538,6.433333,-62.0,-550.0,2940,1912,0.82,0.82,0.0,0.0,pix
real_001_s001_2026-05-18_15-45-23-940,001,001,2,P001,P001.ppm,388,21.161367,1779111945.103205,6.45,-62.0,-550.0,2940,1912,0.82,0.82,0.0,0.0,pix
real_001_s001_2026-05-18_15-45-23-940,001,001,2,P001,P001.ppm,389,21.178034,1779111945.119872,6.466667,-62.0,-550.0,2940,1912,0.82,0.82,0.0,0.0,pix
real_001_s001_2026-05-18_15-45-23-940,001,001,2,P001,P001.ppm,390,21.1947,1779111945.136538,6.483333,-62.0,-550.0,2940,1912,0.82,0.82,0.0,0.0,pix
real_001_s001_2026-05-18_15-45-23-940,001,001,2,P001,P001.ppm,391,21.211367,1779111945.153205,6.5,-62.0,-550.0,2940,1912,0.82,0.82,0.0,0.0,pix
real_001_s001_2026-05-18_15-45-23-940,001,001,2,P001,P001.ppm,392,21.228034,1779111945.169872,6.516667,-62.0,-550.0,2940,1912,0.82,0.82,0.0,0.0,pix
real_001_s001_2026-05-18_15-45-23-940,001,001,2,P001,P001.ppm,393,21.2447,1779111945.186538,6.533333,-62.0,-550.0,2940,1912,0.82,0.82,0.0,0.0,pix
real_001_s001_2026-05-18_15-45-23-940,001,001,2,P001,P001.ppm,394,21.261367,1779111945.203205,6.55,-62.0,-550.0,2940,1912,0.82,0.82,0.0,0.0,pix
real_001_s001_2026-05-18_15-45-23-940,001,001,2,P001,P001.ppm,395,21.278034,1779111945.219872,6.566667,-62.0,-550.0,2940,1912,0.82,0.82,0.0,0.0,pix
real_001_s001_2026-05-18_15-45-23-940,001,001,2,P001,P001.ppm,396,21.2947,1779111945.236538,6.583333,-62.0,-550.0,2940,1912,0.82,0.82,0.0,0.0,pix
real_001_s001_2026-05-18_15-45-23-940,001,001,2,P001,P001.ppm,397,21.311367,1779111945.253205,6.6,-62.0,-550.0,2940,1912,0.82,0.82,0.0,0.0,pix
real_001_s001_2026-05-18_15-45-23-940,001,001,2,P001,P001.ppm,398,21.328034,1779111945.269871,6.616667,-62.0,-550.0,2940,1912,0.82,0.82,0.0,0.0,pix
real_001_s001_2026-05-18_15-45-23-940,001,001,2,P001,P001.ppm,399,21.3447,1779111945.286538,6.633333,-62.0,-550.0,2940,1912,0.82,0.82,0.0,0.0,pix
real_001_s001_2026-05-18_15-45-23-940,001,001,2,P001,P001.ppm,400,21.361367,1779111945.303205,6.65,-62.0,-550.0,2940,1912,0.82,0.82,0.0,0.0,pix
real_001_s001_2026-05-18_15-45-23-940,001,001,2,P001,P001.ppm,401,21.378034,1779111945.319872,6.666667,-62.0,-550.0,2940,1912,0.82,0.82,0.0,0.0,pix
real_001_s001_2026-05-18_15-45-23-940,001,001,2,P001,P001.ppm,402,21.3947,1779111945.336538,6.683333,-62.0,-550.0,2940,1912,0.82,0.82,0.0,0.0,pix
real_001_s001_2026-05-18_15-45-23-940,001,001,2,P001,P001.ppm,403,21.411367,1779111945.353205,6.7,-62.0,-550.0,2940,1912,0.82,0.82,0.0,0.0,pix
real_001_s001_2026-05-18_15-45-23-940,001,001,2,P001,P001.ppm,404,21.428034,1779111945.369872,6.716667,-62.0,-550.0,2940,1912,0.82,0.82,0.0,0.0,pix
real_001_s001_2026-05-18_15-45-23-940,001,001,2,P001,P001.ppm,405,21.4447,1779111945.386538,6.733333,-62.0,-550.0,2940,1912,0.82,0.82,0.0,0.0,pix
real_001_s001_2026-05-18_15-45-23-940,001,001,2,P001,P001.ppm,406,21.461367,1779111945.403205,6.75,-62.0,-550.0,2940,1912,0.82,0.82,0.0,0.0,pix
real_001_s001_2026-05-18_15-45-23-940,001,001,2,P001,P001.ppm,407,21.478034,1779111945.419872,6.766667,-62.0,-550.0,2940,1912,0.82,0.82,0.0,0.0,pix
real_001_s001_2026-05-18_15-45-23-940,001,001,2,P001,P001.ppm,408,21.4947,1779111945.436538,6.783333,-62.0,-550.0,2940,1912,0.82,0.82,0.0,0.0,pix
real_001_s001_2026-05-18_15-45-23-940,001,001,2,P001,P001.ppm,409,21.511367,1779111945.453205,6.8,-62.0,-550.0,2940,1912,0.82,0.82,0.0,0.0,pix
real_001_s001_2026-05-18_15-45-23-940,001,001,2,P001,P001.ppm,410,21.528034,1779111945.469872,6.816667,-62.0,-550.0,2940,1912,0.82,0.82,0.0,0.0,pix
real_001_s001_2026-05-18_15-45-23-940,001,001,2,P001,P001.ppm,411,21.5447,1779111945.486538,6.833333,-62.0,-550.0,2940,1912,0.82,0.82,0.0,0.0,pix
real_001_s001_2026-05-18_15-45-23-940,001,001,2,P001,P001.ppm,412,21.561367,1779111945.503205,6.85,-62.0,-550.0,2940,1912,0.82,0.82,0.0,0.0,pix
real_001_s001_2026-05-18_15-45-23-940,001,001,2,P001,P001.ppm,413,21.578034,1779111945.519871,6.866667,-62.0,-550.0,2940,1912,0.82,0.82,0.0,0.0,pix
real_001_s001_2026-05-18_15-45-23-940,001,001,2,P001,P001.ppm,414,21.5947,1779111945.536538,6.883333,-62.0,-550.0,2940,1912,0.82,0.82,0.0,0.0,pix
real_001_s001_2026-05-18_15-45-23-940,001,001,2,P001,P001.ppm,415,21.611367,1779111945.553205,6.9,-62.0,-550.0,2940,1912,0.82,0.82,0.0,0.0,pix
real_001_s001_2026-05-18_15-45-23-940,001,001,2,P001,P001.ppm,416,21.628034,1779111945.569872,6.916667,-62.0,-550.0,2940,1912,0.82,0.82,0.0,0.0,pix
real_001_s001_2026-05-18_15-45-23-940,001,001,2,P001,P001.ppm,417,21.6447,1779111945.586538,6.933333,-62.0,-550.0,2940,1912,0.82,0.82,0.0,0.0,pix
real_001_s001_2026-05-18_15-45-23-940,001,001,2,P001,P001.ppm,418,21.661367,1779111945.603205,6.95,-62.0,-550.0,2940,1912,0.82,0.82,0.0,0.0,pix
real_001_s001_2026-05-18_15-45-23-940,001,001,2,P001,P001.ppm,419,21.678034,1779111945.619872,6.966667,-62.0,-550.0,2940,1912,0.82,0.82,0.0,0.0,pix
real_001_s001_2026-05-18_15-45-23-940,001,001,2,P001,P001.ppm,420,21.6947,1779111945.636538,6.983333,-62.0,-550.0,2940,1912,0.82,0.82,0.0,0.0,pix
real_001_s001_2026-05-18_15-45-23-940,001,001,2,P001,P001.ppm,421,21.711367,1779111945.653205,7.0,-62.0,-550.0,2940,1912,0.82,0.82,0.0,0.0,pix
real_001_s001_2026-05-18_15-45-23-940,001,001,2,P001,P001.ppm,422,21.728034,1779111945.669872,7.016667,-62.0,-550.0,2940,1912,0.82,0.82,0.0,0.0,pix
real_001_s001_2026-05-18_15-45-23-940,001,001,2,P001,P001.ppm,423,21.7447,1779111945.686538,7.033333,-62.0,-550.0,2940,1912,0.82,0.82,0.0,0.0,pix
real_001_s001_2026-05-18_15-45-23-940,001,001,2,P001,P001.ppm,424,21.761367,1779111945.703205,7.05,-62.0,-550.0,2940,1912,0.82,0.82,0.0,0.0,pix
real_001_s001_2026-05-18_15-45-23-940,001,001,2,P001,P001.ppm,425,21.778034,1779111945.719872,7.066667,-62.0,-550.0,2940,1912,0.82,0.82,0.0,0.0,pix
real_001_s001_2026-05-18_15-45-23-940,001,001,2,P001,P001.ppm,426,21.7947,1779111945.736538,7.083333,-62.0,-550.0,2940,1912,0.82,0.82,0.0,0.0,pix
real_001_s001_2026-05-18_15-45-23-940,001,001,2,P001,P001.ppm,427,21.811367,1779111945.753205,7.1,-62.0,-550.0,2940,1912,0.82,0.82,0.0,0.0,pix
real_001_s001_2026-05-18_15-45-23-940,001,001,2,P001,P001.ppm,428,21.828034,1779111945.769871,7.116667,-62.0,-550.0,2940,1912,0.82,0.82,0.0,0.0,pix
real_001_s001_2026-05-18_15-45-23-940,001,001,2,P001,P001.ppm,429,21.8447,1779111945.786538,7.133333,-62.0,-550.0,2940,1912,0.82,0.82,0.0,0.0,pix
real_001_s001_2026-05-18_15-45-23-940,001,001,2,P001,P001.ppm,430,21.861367,1779111945.803205,7.15,-62.0,-550.0,2940,1912,0.82,0.82,0.0,0.0,pix
real_001_s001_2026-05-18_15-45-23-940,001,001,2,P001,P001.ppm,431,21.878034,1779111945.819872,7.166667,-62.0,-550.0,2940,1912,0.82,0.82,0.0,0.0,pix
real_001_s001_2026-05-18_15-45-23-940,001,001,2,P001,P001.ppm,432,21.8947,1779111945.836538,7.183333,-62.0,-550.0,2940,1912,0.82,0.82,0.0,0.0,pix
real_001_s001_2026-05-18_15-45-23-940,001,001,2,P001,P001.ppm,433,21.911367,1779111945.853205,7.2,-62.0,-550.0,2940,1912,0.82,0.82,0.0,0.0,pix
real_001_s001_2026-05-18_15-45-23-940,001,001,2,P001,P001.ppm,434,21.928034,1779111945.869872,7.216667,-62.0,-550.0,2940,1912,0.82,0.82,0.0,0.0,pix
real_001_s001_2026-05-18_15-45-23-940,001,001,2,P001,P001.ppm,435,21.9447,1779111945.886538,7.233333,-62.0,-550.0,2940,1912,0.82,0.82,0.0,0.0,pix
real_001_s001_2026-05-18_15-45-23-940,001,001,2,P001,P001.ppm,436,21.961367,1779111945.903205,7.25,-62.0,-550.0,2940,1912,0.82,0.82,0.0,0.0,pix
real_001_s001_2026-05-18_15-45-23-940,001,001,2,P001,P001.ppm,437,21.978034,1779111945.919872,7.266667,-62.0,-550.0,2940,1912,0.82,0.82,0.0,0.0,pix
real_001_s001_2026-05-18_15-45-23-940,001,001,2,P001,P001.ppm,438,21.9947,1779111945.936538,7.283333,-62.0,-550.0,2940,1912,0.82,0.82,0.0,0.0,pix
real_001_s001_2026-05-18_15-45-23-940,001,001,2,P001,P001.ppm,439,22.011367,1779111945.953205,7.3,-62.0,-550.0,2940,1912,0.82,0.82,0.0,0.0,pix
real_001_s001_2026-05-18_15-45-23-940,001,001,2,P001,P001.ppm,440,22.028034,1779111945.969872,7.316667,-62.0,-550.0,2940,1912,0.82,0.82,0.0,0.0,pix
real_001_s001_2026-05-18_15-45-23-940,001,001,2,P001,P001.ppm,441,22.0447,1779111945.986538,7.333333,-62.0,-550.0,2940,1912,0.82,0.82,0.0,0.0,pix
real_001_s001_2026-05-18_15-45-23-940,001,001,2,P001,P001.ppm,442,22.061367,1779111946.003205,7.35,-62.0,-550.0,2940,1912,0.82,0.82,0.0,0.0,pix
real_001_s001_2026-05-18_15-45-23-940,001,001,2,P001,P001.ppm,443,22.078034,1779111946.019871,7.366667,-62.0,-550.0,2940,1912,0.82,0.82,0.0,0.0,pix
real_001_s001_2026-05-18_15-45-23-940,001,001,2,P001,P001.ppm,444,22.0947,1779111946.036538,7.383333,-62.0,-550.0,2940,1912,0.82,0.82,0.0,0.0,pix
real_001_s001_2026-05-18_15-45-23-940,001,001,2,P001,P001.ppm,445,22.111367,1779111946.053205,7.4,-62.0,-550.0,2940,1912,0.82,0.82,0.0,0.0,pix
real_001_s001_2026-05-18_15-45-23-940,001,001,2,P001,P001.ppm,446,22.128034,1779111946.069872,7.416667,-62.0,-550.0,2940,1912,0.82,0.82,0.0,0.0,pix
real_001_s001_2026-05-18_15-45-23-940,001,001,2,P001,P001.ppm,447,22.1447,1779111946.086538,7.433333,-62.0,-550.0,2940,1912,0.82,0.82,0.0,0.0,pix
real_001_s001_2026-05-18_15-45-23-940,001,001,2,P001,P001.ppm,448,22.161367,1779111946.103205,7.45,-62.0,-550.0,2940,1912,0.82,0.82,0.0,0.0,pix
real_001_s001_2026-05-18_15-45-23-940,001,001,2,P001,P001.ppm,449,22.178034,1779111946.119872,7.466667,-62.0,-550.0,2940,1912,0.82,0.82,0.0,0.0,pix
real_001_s001_2026-05-18_15-45-23-940,001,001,2,P001,P001.ppm,450,22.1947,1779111946.136538,7.483333,-62.0,-550.0,2940,1912,0.82,0.82,0.0,0.0,pix
real_001_s001_2026-05-18_15-45-23-940,001,001,2,P001,P001.ppm,451,22.211367,1779111946.153205,7.5,-62.0,-550.0,2940,1912,0.82,0.82,0.0,0.0,pix
real_001_s001_2026-05-18_15-45-23-940,001,001,2,P001,P001.ppm,452,22.228034,1779111946.169872,7.516667,-62.0,-550.0,2940,1912,0.82,0.82,0.0,0.0,pix
real_001_s001_2026-05-18_15-45-23-940,001,001,2,P001,P001.ppm,453,22.2447,1779111946.186538,7.533333,-62.0,-550.0,2940,1912,0.82,0.82,0.0,0.0,pix
real_001_s001_2026-05-18_15-45-23-940,001,001,2,P001,P001.ppm,454,22.261367,1779111946.203205,7.55,-62.0,-550.0,2940,1912,0.82,0.82,0.0,0.0,pix
real_001_s001_2026-05-18_15-45-23-940,001,001,2,P001,P001.ppm,455,22.278034,1779111946.219872,7.566667,-62.0,-550.0,2940,1912,0.82,0.82,0.0,0.0,pix
real_001_s001_2026-05-18_15-45-23-940,001,001,2,P001,P001.ppm,456,22.2947,1779111946.236538,7.583333,-62.0,-550.0,2940,1912,0.82,0.82,0.0,0.0,pix
real_001_s001_2026-05-18_15-45-23-940,001,001,2,P001,P001.ppm,457,22.311367,1779111946.253205,7.6,-62.0,-550.0,2940,1912,0.82,0.82,0.0,0.0,pix
real_001_s001_2026-05-18_15-45-23-940,001,001,2,P001,P001.ppm,458,22.328034,1779111946.269871,7.616667,-62.0,-550.0,2940,1912,0.82,0.82,0.0,0.0,pix
real_001_s001_2026-05-18_15-45-23-940,001,001,2,P001,P001.ppm,459,22.3447,1779111946.286538,7.633333,-62.0,-550.0,2940,1912,0.82,0.82,0.0,0.0,pix
real_001_s001_2026-05-18_15-45-23-940,001,001,2,P001,P001.ppm,460,22.361367,1779111946.303205,7.65,-62.0,-550.0,2940,1912,0.82,0.82,0.0,0.0,pix
real_001_s001_2026-05-18_15-45-23-940,001,001,2,P001,P001.ppm,461,22.378034,1779111946.319872,7.666667,-62.0,-550.0,2940,1912,0.82,0.82,0.0,0.0,pix
real_001_s001_2026-05-18_15-45-23-940,001,001,2,P001,P001.ppm,462,22.3947,1779111946.336538,7.683333,-62.0,-550.0,2940,1912,0.82,0.82,0.0,0.0,pix
real_001_s001_2026-05-18_15-45-23-940,001,001,2,P001,P001.ppm,463,22.411367,1779111946.353205,7.7,-62.0,-550.0,2940,1912,0.82,0.82,0.0,0.0,pix
real_001_s001_2026-05-18_15-45-23-940,001,001,2,P001,P001.ppm,464,22.428034,1779111946.369872,7.716667,-62.0,-550.0,2940,1912,0.82,0.82,0.0,0.0,pix
real_001_s001_2026-05-18_15-45-23-940,001,001,2,P001,P001.ppm,465,22.4447,1779111946.386538,7.733333,-62.0,-550.0,2940,1912,0.82,0.82,0.0,0.0,pix
real_001_s001_2026-05-18_15-45-23-940,001,001,2,P001,P001.ppm,466,22.461367,1779111946.403205,7.75,-62.0,-550.0,2940,1912,0.82,0.82,0.0,0.0,pix
real_001_s001_2026-05-18_15-45-23-940,001,001,2,P001,P001.ppm,467,22.478034,1779111946.419872,7.766667,-62.0,-550.0,2940,1912,0.82,0.82,0.0,0.0,pix
real_001_s001_2026-05-18_15-45-23-940,001,001,2,P001,P001.ppm,468,22.4947,1779111946.436538,7.783333,-62.0,-550.0,2940,1912,0.82,0.82,0.0,0.0,pix
real_001_s001_2026-05-18_15-45-23-940,001,001,2,P001,P001.ppm,469,22.511367,1779111946.453205,7.8,-62.0,-550.0,2940,1912,0.82,0.82,0.0,0.0,pix
real_001_s001_2026-05-18_15-45-23-940,001,001,2,P001,P001.ppm,470,22.528034,1779111946.469872,7.816667,-62.0,-550.0,2940,1912,0.82,0.82,0.0,0.0,pix
real_001_s001_2026-05-18_15-45-23-940,001,001,2,P001,P001.ppm,471,22.5447,1779111946.486538,7.833333,-62.0,-550.0,2940,1912,0.82,0.82,0.0,0.0,pix
real_001_s001_2026-05-18_15-45-23-940,001,001,2,P001,P001.ppm,472,22.561367,1779111946.503205,7.85,-62.0,-550.0,2940,1912,0.82,0.82,0.0,0.0,pix
real_001_s001_2026-05-18_15-45-23-940,001,001,2,P001,P001.ppm,473,22.578034,1779111946.519871,7.866667,-62.0,-550.0,2940,1912,0.82,0.82,0.0,0.0,pix
real_001_s001_2026-05-18_15-45-23-940,001,001,2,P001,P001.ppm,474,22.5947,1779111946.536538,7.883333,-62.0,-550.0,2940,1912,0.82,0.82,0.0,0.0,pix
real_001_s001_2026-05-18_15-45-23-940,001,001,2,P001,P001.ppm,475,22.611367,1779111946.553205,7.9,-62.0,-550.0,2940,1912,0.82,0.82,0.0,0.0,pix
real_001_s001_2026-05-18_15-45-23-940,001,001,2,P001,P001.ppm,476,22.628034,1779111946.569872,7.916667,-62.0,-550.0,2940,1912,0.82,0.82,0.0,0.0,pix
real_001_s001_2026-05-18_15-45-23-940,001,001,2,P001,P001.ppm,477,22.6447,1779111946.586538,7.933333,-62.0,-550.0,2940,1912,0.82,0.82,0.0,0.0,pix
real_001_s001_2026-05-18_15-45-23-940,001,001,2,P001,P001.ppm,478,22.661367,1779111946.603205,7.95,-62.0,-550.0,2940,1912,0.82,0.82,0.0,0.0,pix
real_001_s001_2026-05-18_15-45-23-940,001,001,2,P001,P001.ppm,479,22.678034,1779111946.619872,7.966667,-62.0,-550.0,2940,1912,0.82,0.82,0.0,0.0,pix
real_001_s001_2026-05-18_15-45-23-940,001,001,2,P001,P001.ppm,480,22.6947,1779111946.636538,7.983333,-62.0,-550.0,2940,1912,0.82,0.82,0.0,0.0,pix
real_001_s001_2026-05-18_15-45-23-940,001,001,2,P001,P001.ppm,481,22.711367,1779111946.653205,8.0,-62.0,-550.0,2940,1912,0.82,0.82,0.0,0.0,pix
real_001_s001_2026-05-18_15-45-23-940,001,001,2,P001,P001.ppm,482,22.728034,1779111946.669872,8.016667,-62.0,-550.0,2940,1912,0.82,0.82,0.0,0.0,pix
real_001_s001_2026-05-18_15-45-23-940,001,001,2,P001,P001.ppm,483,22.7447,1779111946.686538,8.033333,-62.0,-550.0,2940,1912,0.82,0.82,0.0,0.0,pix
real_001_s001_2026-05-18_15-45-23-940,001,001,2,P001,P001.ppm,484,22.761367,1779111946.703205,8.05,-62.0,-550.0,2940,1912,0.82,0.82,0.0,0.0,pix
real_001_s001_2026-05-18_15-45-23-940,001,001,2,P001,P001.ppm,485,22.778034,1779111946.719872,8.066667,-62.0,-550.0,2940,1912,0.82,0.82,0.0,0.0,pix
real_001_s001_2026-05-18_15-45-23-940,001,001,2,P001,P001.ppm,486,22.7947,1779111946.736538,8.083333,-62.0,-550.0,2940,1912,0.82,0.82,0.0,0.0,pix
real_001_s001_2026-05-18_15-45-23-940,001,001,2,P001,P001.ppm,487,22.811367,1779111946.753205,8.1,-62.0,-550.0,2940,1912,0.82,0.82,0.0,0.0,pix
real_001_s001_2026-05-18_15-45-23-940,001,001,2,P001,P001.ppm,488,22.828034,1779111946.769871,8.116667,-62.0,-550.0,2940,1912,0.82,0.82,0.0,0.0,pix
real_001_s001_2026-05-18_15-45-23-940,001,001,2,P001,P001.ppm,489,22.8447,1779111946.786538,8.133333,-62.0,-550.0,2940,1912,0.82,0.82,0.0,0.0,pix
real_001_s001_2026-05-18_15-45-23-940,001,001,2,P001,P001.ppm,490,22.861367,1779111946.803205,8.15,-62.0,-550.0,2940,1912,0.82,0.82,0.0,0.0,pix
real_001_s001_2026-05-18_15-45-23-940,001,001,2,P001,P001.ppm,491,22.878034,1779111946.819872,8.166667,-62.0,-550.0,2940,1912,0.82,0.82,0.0,0.0,pix
real_001_s001_2026-05-18_15-45-23-940,001,001,2,P001,P001.ppm,492,22.8947,1779111946.836538,8.183333,-62.0,-550.0,2940,1912,0.82,0.82,0.0,0.0,pix
real_001_s001_2026-05-18_15-45-23-940,001,001,2,P001,P001.ppm,493,22.911367,1779111946.853205,8.2,-62.0,-550.0,2940,1912,0.82,0.82,0.0,0.0,pix
real_001_s001_2026-05-18_15-45-23-940,001,001,2,P001,P001.ppm,494,22.928034,1779111946.869872,8.216667,-62.0,-550.0,2940,1912,0.82,0.82,0.0,0.0,pix
real_001_s001_2026-05-18_15-45-23-940,001,001,2,P001,P001.ppm,495,22.9447,1779111946.886538,8.233333,-62.0,-550.0,2940,1912,0.82,0.82,0.0,0.0,pix
real_001_s001_2026-05-18_15-45-23-940,001,001,2,P001,P001.ppm,496,22.961367,1779111946.903205,8.25,-62.0,-550.0,2940,1912,0.82,0.82,0.0,0.0,pix
real_001_s001_2026-05-18_15-45-23-940,001,001,2,P001,P001.ppm,497,22.978034,1779111946.919872,8.266667,-62.0,-550.0,2940,1912,0.82,0.82,0.0,0.0,pix
real_001_s001_2026-05-18_15-45-23-940,001,001,2,P001,P001.ppm,498,22.9947,1779111946.936538,8.283333,-62.0,-550.0,2940,1912,0.82,0.82,0.0,0.0,pix
real_001_s001_2026-05-18_15-45-23-940,001,001,2,P001,P001.ppm,499,23.011367,1779111946.953205,8.3,-62.0,-550.0,2940,1912,0.82,0.82,0.0,0.0,pix
real_001_s001_2026-05-18_15-45-23-940,001,001,2,P001,P001.ppm,500,23.028034,1779111946.969872,8.316667,-62.0,-550.0,2940,1912,0.82,0.82,0.0,0.0,pix
real_001_s001_2026-05-18_15-45-23-940,001,001,2,P001,P001.ppm,501,23.0447,1779111946.986538,8.333333,-62.0,-550.0,2940,1912,0.82,0.82,0.0,0.0,pix
real_001_s001_2026-05-18_15-45-23-940,001,001,2,P001,P001.ppm,502,23.061367,1779111947.003205,8.35,-62.0,-550.0,2940,1912,0.82,0.82,0.0,0.0,pix
real_001_s001_2026-05-18_15-45-23-940,001,001,2,P001,P001.ppm,503,23.078034,1779111947.019871,8.366667,-62.0,-550.0,2940,1912,0.82,0.82,0.0,0.0,pix
real_001_s001_2026-05-18_15-45-23-940,001,001,2,P001,P001.ppm,504,23.0947,1779111947.036538,8.383333,-62.0,-550.0,2940,1912,0.82,0.82,0.0,0.0,pix
real_001_s001_2026-05-18_15-45-23-940,001,001,2,P001,P001.ppm,505,23.111367,1779111947.053205,8.4,-62.0,-550.0,2940,1912,0.82,0.82,0.0,0.0,pix
real_001_s001_2026-05-18_15-45-23-940,001,001,2,P001,P001.ppm,506,23.128034,1779111947.069872,8.416667,-62.0,-550.0,2940,1912,0.82,0.82,0.0,0.0,pix
real_001_s001_2026-05-18_15-45-23-940,001,001,2,P001,P001.ppm,507,23.1447,1779111947.086538,8.433333,-62.0,-550.0,2940,1912,0.82,0.82,0.0,0.0,pix
real_001_s001_2026-05-18_15-45-23-940,001,001,2,P001,P001.ppm,508,23.161367,1779111947.103205,8.45,-62.0,-550.0,2940,1912,0.82,0.82,0.0,0.0,pix
real_001_s001_2026-05-18_15-45-23-940,001,001,2,P001,P001.ppm,509,23.178034,1779111947.119872,8.466667,-62.0,-550.0,2940,1912,0.82,0.82,0.0,0.0,pix
real_001_s001_2026-05-18_15-45-23-940,001,001,2,P001,P001.ppm,510,23.1947,1779111947.136538,8.483333,-62.0,-550.0,2940,1912,0.82,0.82,0.0,0.0,pix
real_001_s001_2026-05-18_15-45-23-940,001,001,2,P001,P001.ppm,511,23.211367,1779111947.153205,8.5,-62.0,-550.0,2940,1912,0.82,0.82,0.0,0.0,pix
real_001_s001_2026-05-18_15-45-23-940,001,001,2,P001,P001.ppm,512,23.228034,1779111947.169872,8.516667,-62.0,-550.0,2940,1912,0.82,0.82,0.0,0.0,pix
real_001_s001_2026-05-18_15-45-23-940,001,001,2,P001,P001.ppm,513,23.2447,1779111947.186538,8.533333,-62.0,-550.0,2940,1912,0.82,0.82,0.0,0.0,pix
real_001_s001_2026-05-18_15-45-23-940,001,001,2,P001,P001.ppm,514,23.261367,1779111947.203205,8.55,-62.0,-550.0,2940,1912,0.82,0.82,0.0,0.0,pix
real_001_s001_2026-05-18_15-45-23-940,001,001,2,P001,P001.ppm,515,23.278034,1779111947.219872,8.566667,-62.0,-550.0,2940,1912,0.82,0.82,0.0,0.0,pix
real_001_s001_2026-05-18_15-45-23-940,001,001,2,P001,P001.ppm,516,23.2947,1779111947.236538,8.583333,-62.0,-550.0,2940,1912,0.82,0.82,0.0,0.0,pix
