run_id,participant,session,trial_index,trial_id,image_file,sample_index,sample_session_s,sample_unix_s,sample_from_image_onset_s,gaze_x_pix,gaze_y_pix,screen_width_px,screen_height_px,image_stim_width_units,image_stim_height_units,image_stim_center_x_units,image_stim_center_y_units,units
real_001_s001_2026-05-15_02-18-02-693,001,001,1,003,003.jpg,1,44.284515,1778804326.979569,0.0,-180.0,92.0,2940,1912,0.513626,0.82,0.0,0.0,pix
real_001_s001_2026-05-15_02-18-02-693,001,001,1,003,003.jpg,2,44.301182,1778804326.996236,0.016667,-180.0,92.0,2940,1912,0.513626,0.82,0.0,0.0,pix
real_001_s001_2026-05-15_02-18-02-693,001,001,1,003,003.jpg,3,44.317849,1778804327.012902,0.033333,-180.0,92.0,2940,1912,0.513626,0.82,0.0,0.0,pix
real_001_s001_2026-05-15_02-18-02-693,001,001,1,003,003.jpg,4,44.334515,1778804327.029569,0.05,-180.0,92.0,2940,1912,0.513626,0.82,0.0,0.0,pix
real_001_s001_2026-05-15_02-18-02-693,001,001,1,003,003.jpg,5,44.351182,1778804327.046236,0.066667,-180.0,92.0,2940,1912,0.513626,0.82,0.0,0.0,pix
real_001_s001_2026-05-15_02-18-02-693,001,001,1,003,003.jpg,6,44.367849,1778804327.062902,0.083333,-180.0,92.0,2940,1912,0.513626,0.82,0.0,0.0,pix
real_001_s001_2026-05-15_02-18-02-693,001,001,1,003,003.jpg,7,44.384515,1778804327.079569,0.1,-180.0,92.0,2940,1912,0.513626,0.82,0.0,0.0,pix
real_001_s001_2026-05-15_02-18-02-693,001,001,1,003,003.jpg,8,44.401182,1778804327.096236,0.116667,-180.0,92.0,2940,1912,0.513626,0.82,0.0,0.0,pix
real_001_s001_2026-05-15_02-18-02-693,001,001,1,003,003.jpg,9,44.417849,1778804327.112902,0.133333,-180.0,92.0,2940,1912,0.513626,0.82,0.0,0.0,pix
real_001_s001_2026-05-15_02-18-02-693,001,001,1,003,003.jpg,10,44.434515,1778804327.129569,0.15,-180.0,92.0,2940,1912,0.513626,0.82,0.0,0.0,pix
real_001_s001_2026-05-15_02-18-02-693,001,001,1,003,003.jpg,11,44.451182,1778804327.146236,0.166667,-180.0,92.0,2940,1912,0.513626,0.82,0.0,0.0,pix
real_001_s001_2026-05-15_02-18-02-693,001,001,1,003,003.jpg,12,44.467849,1778804327.162902,0.183333,-180.0,92.0,2940,1912,0.513626,0.82,0.0,0.0,pix
real_001_s001_2026-05-15_02-18-02-693,001,001,1,003,003.jpg,13,44.484515,1778804327.179569,0.2,-180.0,92.0,2940,1912,0.513626,0.82,0.0,0.0,pix
real_001_s001_2026-05-15_02-18-02-693,001,001,1,003,003.jpg,14,44.501182,1778804327.196236,0.216667,-180.0,92.0,2940,1912,0.513626,0.82,0.0,0.0,pix
real_001_s001_2026-05-15_02-18-02-693,001,001,1,003,003.jpg,15,44.517849,1778804327.212902,0.233333,-180.0,92.0,2940,1912,0.513626,0.82,0.0,0.0,pix
real_001_s001_2026-05-15_02-18-02-693,001,001,1,003,003.jpg,16,44.534515,1778804327.229569,0.25,-180.0,92.0,2940,1912,0.513626,0.82,0.0,0.0,pix
real_001_s001_2026-05-15_02-18-02-693,001,001,1,003,003.jpg,17,44.551182,1778804327.246236,0.266667,-180.0,92.0,2940,1912,0.513626,0.82,0.0,0.0,pix
real_001_s001_2026-05-15_02-18-02-693,001,001,1,003,003.jpg,18,44.567849,1778804327.262902,0.283333,-180.0,92.0,2940,1912,0.513626,0.82,0.0,0.0,pix
real_001_s001_2026-05-15_02-18-02-693,001,001,1,003,003.jpg,19,44.584515,1778804327.279569,0.3,-180.0,92.0,2940,1912,0.513626,0.82,0.0,0.0,pix
real_001_s001_2026-05-15_02-18-02-693,001,001,1,003,003.jpg,20,44.601182,1778804327.296236,0.316667,-180.0,92.0,2940,1912,0.513626,0.82,0.0,0.0,pix
real_001_s001_2026-05-15_02-18-02-693,001,001,1,003,003.jpg,21,44.617849,1778804327.312902,0.333333,-180.0,92.0,2940,1912,0.513626,0.82,0.0,0.0,pix
real_001_s001_2026-05-15_02-18-02-693,001,001,1,003,003.jpg,22,44.634515,1778804327.329569,0.35,-180.0,92.0,2940,1912,0.513626,0.82,0.0,0.0,pix
real_001_s001_2026-05-15_02-18-02-693,001,001,1,003,003.jpg,23,44.651182,1778804327.346236,0.366667,-180.0,92.0,2940,1912,0.513626,0.82,0.0,0.0,pix
real_001_s001_2026-05-15_02-18-02-693,001,001,1,003,003.jpg,24,44.667849,1778804327.362902,0.383333,-180.0,92.0,2940,1912,0.513626,0.82,0.0,0.0,pix
real_001_s001_2026-05-15_02-18-02-693,001,001,1,003,003.jpg,25,44.684515,1778804327.379569,0.4,-180.0,92.0,2940,1912,0.513626,0.82,0.0,0.0,pix
real_001_s001_2026-05-15_02-18-02-693,001,001,1,003,003.jpg,26,44.701182,1778804327.396236,0.416667,-180.0,92.0,2940,1912,0.513626,0.82,0.0,0.0,pix
real_001_s001_2026-05-15_02-18-02-693,001,001,1,003,003.jpg,27,44.717849,1778804327.412902,0.433333,-180.0,92.0,2940,1912,0.513626,0.82,0.0,0.0,pix
real_001_s001_2026-05-15_02-18-02-693,001,001,1,003,003.jpg,28,44.734515,1778804327.429569,0.45,-180.0,92.0,2940,1912,0.513626,0.82,0.0,0.0,pix
real_001_s001_2026-05-15_02-18-02-693,001,001,1,003,003.jpg,29,44.751182,1778804327.446236,0.466667,-180.0,92.0,2940,1912,0.513626,0.82,0.0,0.0,pix
real_001_s001_2026-05-15_02-18-02-693,001,001,1,003,003.jpg,30,44.767849,1778804327.462902,0.483333,-180.0,92.0,2940,1912,0.513626,0.82,0.0,0.0,pix
real_001_s001_2026-05-15_02-18-02-693,001,001,1,003,003.jpg,31,44.784515,1778804327.479569,0.5,-180.0,92.0,2940,1912,0.513626,0.82,0.0,0.0,pix
real_001_s001_2026-05-15_02-18-02-693,001,001,1,003,003.jpg,32,44.801182,1778804327.496236,0.516667,-180.0,92.0,2940,1912,0.513626,0.82,0.0,0.0,pix
real_001_s001_2026-05-15_02-18-02-693,001,001,1,003,003.jpg,33,44.817849,1778804327.512902,0.533333,-180.0,92.0,2940,1912,0.513626,0.82,0.0,0.0,pix
real_001_s001_2026-05-15_02-18-02-693,001,001,1,003,003.jpg,34,44.834515,1778804327.529569,0.55,-180.0,92.0,2940,1912,0.513626,0.82,0.0,0.0,pix
real_001_s001_2026-05-15_02-18-02-693,001,001,1,003,003.jpg,35,44.851182,1778804327.546236,0.566667,-180.0,92.0,2940,1912,0.513626,0.82,0.0,0.0,pix
real_001_s001_2026-05-15_02-18-02-693,001,001,1,003,003.jpg,36,44.867849,1778804327.562902,0.583333,-180.0,92.0,2940,1912,0.513626,0.82,0.0,0.0,pix
real_001_s001_2026-05-15_02-18-02-693,001,001,1,003,003.jpg,37,44.884515,1778804327.579569,0.6,-180.0,92.0,2940,1912,0.513626,0.82,0.0,0.0,pix
real_001_s001_2026-05-15_02-18-02-693,001,001,1,003,003.jpg,38,44.901182,1778804327.596236,0.616667,-180.0,92.0,2940,1912,0.513626,0.82,0.0,0.0,pix
real_001_s001_2026-05-15_02-18-02-693,001,001,1,003,003.jpg,39,44.917849,1778804327.612902,0.633333,-180.0,92.0,2940,1912,0.513626,0.82,0.0,0.0,pix
real_001_s001_2026-05-15_02-18-02-693,001,001,1,003,003.jpg,40,44.934515,1778804327.629569,0.65,-180.0,92.0,2940,1912,0.513626,0.82,0.0,0.0,pix
real_001_s001_2026-05-15_02-18-02-693,001,001,1,003,003.jpg,41,44.951182,1778804327.646236,0.666667,-180.0,92.0,2940,1912,0.513626,0.82,0.0,0.0,pix
real_001_s001_2026-05-15_02-18-02-693,001,001,1,003,003.jpg,42,44.967849,1778804327.662902,0.683333,-180.0,92.0,2940,1912,0.513626,0.82,0.0,0.0,pix
real_001_s001_2026-05-15_02-18-02-693,001,001,1,003,003.jpg,43,44.984515,1778804327.679569,0.7,-180.0,92.0,2940,1912,0.513626,0.82,0.0,0.0,pix
real_001_s001_2026-05-15_02-18-02-693,001,001,1,003,003.jpg,44,45.001182,1778804327.696236,0.716667,-180.0,92.0,2940,1912,0.513626,0.82,0.0,0.0,pix
real_001_s001_2026-05-15_02-18-02-693,001,001,1,003,003.jpg,45,45.017849,1778804327.712902,0.733333,-180.0,92.0,2940,1912,0.513626,0.82,0.0,0.0,pix
real_001_s001_2026-05-15_02-18-02-693,001,001,1,003,003.jpg,46,45.034515,1778804327.729569,0.75,-180.0,92.0,2940,1912,0.513626,0.82,0.0,0.0,pix
real_001_s001_2026-05-15_02-18-02-693,001,001,1,003,003.jpg,47,45.051182,1778804327.746236,0.766667,-180.0,92.0,2940,1912,0.513626,0.82,0.0,0.0,pix
real_001_s001_2026-05-15_02-18-02-693,001,001,1,003,003.jpg,48,45.067849,1778804327.762902,0.783333,-180.0,92.0,2940,1912,0.513626,0.82,0.0,0.0,pix
real_001_s001_2026-05-15_02-18-02-693,001,001,1,003,003.jpg,49,45.084515,1778804327.779569,0.8,-180.0,92.0,2940,1912,0.513626,0.82,0.0,0.0,pix
real_001_s001_2026-05-15_02-18-02-693,001,001,1,003,003.jpg,50,45.101182,1778804327.796236,0.816667,-180.0,92.0,2940,1912,0.513626,0.82,0.0,0.0,pix
real_001_s001_2026-05-15_02-18-02-693,001,001,1,003,003.jpg,51,45.117849,1778804327.812902,0.833333,-180.0,92.0,2940,1912,0.513626,0.82,0.0,0.0,pix
real_001_s001_2026-05-15_02-18-02-693,001,001,1,003,003.jpg,52,45.134515,1778804327.829569,0.85,-180.0,92.0,2940,1912,0.513626,0.82,0.0,0.0,pix
real_001_s001_2026-05-15_02-18-02-693,001,001,1,003,003.jpg,53,45.151182,1778804327.846236,0.866667,-180.0,92.0,2940,1912,0.513626,0.82,0.0,0.0,pix
real_001_s001_2026-05-15_02-18-02-693,001,001,1,003,003.jpg,54,45.167849,1778804327.862902,0.883333,-180.0,92.0,2940,1912,0.513626,0.82,0.0,0.0,pix
real_001_s001_2026-05-15_02-18-02-693,001,001,1,003,003.jpg,55,45.184515,1778804327.879569,0.9,-180.0,92.0,2940,1912,0.513626,0.82,0.0,0.0,pix
real_001_s001_2026-05-15_02-18-02-693,001,001,1,003,003.jpg,56,45.201182,1778804327.896236,0.916667,-180.0,92.0,2940,1912,0.513626,0.82,0.0,0.0,pix
real_001_s001_2026-05-15_02-18-02-693,001,001,1,003,003.jpg,57,45.217849,1778804327.912902,0.933333,-180.0,92.0,2940,1912,0.513626,0.82,0.0,0.0,pix
real_001_s001_2026-05-15_02-18-02-693,001,001,1,003,003.jpg,58,45.234515,1778804327.929569,0.95,-180.0,92.0,2940,1912,0.513626,0.82,0.0,0.0,pix
real_001_s001_2026-05-15_02-18-02-693,001,001,1,003,003.jpg,59,45.251182,1778804327.946236,0.966667,-180.0,92.0,2940,1912,0.513626,0.82,0.0,0.0,pix
real_001_s001_2026-05-15_02-18-02-693,001,001,1,003,003.jpg,60,45.267849,1778804327.962902,0.983333,-180.0,92.0,2940,1912,0.513626,0.82,0.0,0.0,pix
real_001_s001_2026-05-15_02-18-02-693,001,001,1,003,003.jpg,61,45.284515,1778804327.979569,1.0,-180.0,92.0,2940,1912,0.513626,0.82,0.0,0.0,pix
real_001_s001_2026-05-15_02-18-02-693,001,001,1,003,003.jpg,62,45.301182,1778804327.996236,1.016667,-180.0,92.0,2940,1912,0.513626,0.82,0.0,0.0,pix
real_001_s001_2026-05-15_02-18-02-693,001,001,1,003,003.jpg,63,45.317849,1778804328.012902,1.033333,-180.0,92.0,2940,1912,0.513626,0.82,0.0,0.0,pix
real_001_s001_2026-05-15_02-18-02-693,001,001,1,003,003.jpg,64,45.334515,1778804328.029569,1.05,-180.0,92.0,2940,1912,0.513626,0.82,0.0,0.0,pix
real_001_s001_2026-05-15_02-18-02-693,001,001,1,003,003.jpg,65,45.351182,1778804328.046236,1.066667,-180.0,92.0,2940,1912,0.513626,0.82,0.0,0.0,pix
real_001_s001_2026-05-15_02-18-02-693,001,001,1,003,003.jpg,66,45.367849,1778804328.062902,1.083333,-180.0,92.0,2940,1912,0.513626,0.82,0.0,0.0,pix
real_001_s001_2026-05-15_02-18-02-693,001,001,1,003,003.jpg,67,45.384515,1778804328.079569,1.1,-180.0,92.0,2940,1912,0.513626,0.82,0.0,0.0,pix
real_001_s001_2026-05-15_02-18-02-693,001,001,1,003,003.jpg,68,45.401182,1778804328.096236,1.116667,-180.0,92.0,2940,1912,0.513626,0.82,0.0,0.0,pix
real_001_s001_2026-05-15_02-18-02-693,001,001,1,003,003.jpg,69,45.417849,1778804328.112902,1.133333,-180.0,92.0,2940,1912,0.513626,0.82,0.0,0.0,pix
real_001_s001_2026-05-15_02-18-02-693,001,001,1,003,003.jpg,70,45.434515,1778804328.129569,1.15,-180.0,92.0,2940,1912,0.513626,0.82,0.0,0.0,pix
real_001_s001_2026-05-15_02-18-02-693,001,001,1,003,003.jpg,71,45.451182,1778804328.146236,1.166667,-180.0,92.0,2940,1912,0.513626,0.82,0.0,0.0,pix
real_001_s001_2026-05-15_02-18-02-693,001,001,1,003,003.jpg,72,45.467849,1778804328.162902,1.183333,-180.0,92.0,2940,1912,0.513626,0.82,0.0,0.0,pix
real_001_s001_2026-05-15_02-18-02-693,001,001,1,003,003.jpg,73,45.484515,1778804328.179569,1.2,-180.0,92.0,2940,1912,0.513626,0.82,0.0,0.0,pix
real_001_s001_2026-05-15_02-18-02-693,001,001,1,003,003.jpg,74,45.501182,1778804328.196236,1.216667,-180.0,92.0,2940,1912,0.513626,0.82,0.0,0.0,pix
real_001_s001_2026-05-15_02-18-02-693,001,001,1,003,003.jpg,75,45.517849,1778804328.212902,1.233333,-180.0,92.0,2940,1912,0.513626,0.82,0.0,0.0,pix
real_001_s001_2026-05-15_02-18-02-693,001,001,1,003,003.jpg,76,45.534515,1778804328.229569,1.25,-180.0,92.0,2940,1912,0.513626,0.82,0.0,0.0,pix
real_001_s001_2026-05-15_02-18-02-693,001,001,1,003,003.jpg,77,45.551182,1778804328.246236,1.266667,-180.0,92.0,2940,1912,0.513626,0.82,0.0,0.0,pix
real_001_s001_2026-05-15_02-18-02-693,001,001,1,003,003.jpg,78,45.567849,1778804328.262902,1.283333,-180.0,92.0,2940,1912,0.513626,0.82,0.0,0.0,pix
real_001_s001_2026-05-15_02-18-02-693,001,001,1,003,003.jpg,79,45.584515,1778804328.279569,1.3,-180.0,92.0,2940,1912,0.513626,0.82,0.0,0.0,pix
real_001_s001_2026-05-15_02-18-02-693,001,001,1,003,003.jpg,80,45.601182,1778804328.296236,1.316667,-180.0,92.0,2940,1912,0.513626,0.82,0.0,0.0,pix
real_001_s001_2026-05-15_02-18-02-693,001,001,1,003,003.jpg,81,45.617849,1778804328.312902,1.333333,-180.0,92.0,2940,1912,0.513626,0.82,0.0,0.0,pix
real_001_s001_2026-05-15_02-18-02-693,001,001,1,003,003.jpg,82,45.634515,1778804328.329569,1.35,-180.0,92.0,2940,1912,0.513626,0.82,0.0,0.0,pix
real_001_s001_2026-05-15_02-18-02-693,001,001,1,003,003.jpg,83,45.651182,1778804328.346236,1.366667,-180.0,92.0,2940,1912,0.513626,0.82,0.0,0.0,pix
real_001_s001_2026-05-15_02-18-02-693,001,001,1,003,003.jpg,84,45.667849,1778804328.362902,1.383333,-180.0,92.0,2940,1912,0.513626,0.82,0.0,0.0,pix
real_001_s001_2026-05-15_02-18-02-693,001,001,1,003,003.jpg,85,45.684515,1778804328.379569,1.4,-180.0,92.0,2940,1912,0.513626,0.82,0.0,0.0,pix
real_001_s001_2026-05-15_02-18-02-693,001,001,1,003,003.jpg,86,45.701182,1778804328.396236,1.416667,-180.0,92.0,2940,1912,0.513626,0.82,0.0,0.0,pix
real_001_s001_2026-05-15_02-18-02-693,001,001,1,003,003.jpg,87,45.717849,1778804328.412902,1.433333,-180.0,92.0,2940,1912,0.513626,0.82,0.0,0.0,pix
real_001_s001_2026-05-15_02-18-02-693,001,001,1,003,003.jpg,88,45.734515,1778804328.429569,1.45,-180.0,92.0,2940,1912,0.513626,0.82,0.0,0.0,pix
real_001_s001_2026-05-15_02-18-02-693,001,001,1,003,003.jpg,89,45.751182,1778804328.446236,1.466667,-180.0,92.0,2940,1912,0.513626,0.82,0.0,0.0,pix
real_001_s001_2026-05-15_02-18-02-693,001,001,1,003,003.jpg,90,45.767849,1778804328.462902,1.483333,-180.0,92.0,2940,1912,0.513626,0.82,0.0,0.0,pix
real_001_s001_2026-05-15_02-18-02-693,001,001,1,003,003.jpg,91,45.784515,1778804328.479569,1.5,-180.0,92.0,2940,1912,0.513626,0.82,0.0,0.0,pix
real_001_s001_2026-05-15_02-18-02-693,001,001,1,003,003.jpg,92,45.801182,1778804328.496236,1.516667,-180.0,92.0,2940,1912,0.513626,0.82,0.0,0.0,pix
real_001_s001_2026-05-15_02-18-02-693,001,001,1,003,003.jpg,93,45.817849,1778804328.512902,1.533333,-180.0,92.0,2940,1912,0.513626,0.82,0.0,0.0,pix
real_001_s001_2026-05-15_02-18-02-693,001,001,1,003,003.jpg,94,45.834515,1778804328.529569,1.55,-180.0,92.0,2940,1912,0.513626,0.82,0.0,0.0,pix
real_001_s001_2026-05-15_02-18-02-693,001,001,1,003,003.jpg,95,45.851182,1778804328.546236,1.566667,-180.0,92.0,2940,1912,0.513626,0.82,0.0,0.0,pix
real_001_s001_2026-05-15_02-18-02-693,001,001,1,003,003.jpg,96,45.867849,1778804328.562902,1.583333,-180.0,92.0,2940,1912,0.513626,0.82,0.0,0.0,pix
real_001_s001_2026-05-15_02-18-02-693,001,001,1,003,003.jpg,97,45.884515,1778804328.579569,1.6,-180.0,92.0,2940,1912,0.513626,0.82,0.0,0.0,pix
real_001_s001_2026-05-15_02-18-02-693,001,001,1,003,003.jpg,98,45.901182,1778804328.596236,1.616667,-180.0,92.0,2940,1912,0.513626,0.82,0.0,0.0,pix
real_001_s001_2026-05-15_02-18-02-693,001,001,1,003,003.jpg,99,45.917849,1778804328.612902,1.633333,-180.0,92.0,2940,1912,0.513626,0.82,0.0,0.0,pix
real_001_s001_2026-05-15_02-18-02-693,001,001,1,003,003.jpg,100,45.934515,1778804328.629569,1.65,-180.0,92.0,2940,1912,0.513626,0.82,0.0,0.0,pix
real_001_s001_2026-05-15_02-18-02-693,001,001,1,003,003.jpg,101,45.951182,1778804328.646236,1.666667,-180.0,92.0,2940,1912,0.513626,0.82,0.0,0.0,pix
real_001_s001_2026-05-15_02-18-02-693,001,001,1,003,003.jpg,102,45.967849,1778804328.662902,1.683333,-180.0,92.0,2940,1912,0.513626,0.82,0.0,0.0,pix
real_001_s001_2026-05-15_02-18-02-693,001,001,1,003,003.jpg,103,45.984515,1778804328.679569,1.7,-180.0,92.0,2940,1912,0.513626,0.82,0.0,0.0,pix
real_001_s001_2026-05-15_02-18-02-693,001,001,1,003,003.jpg,104,46.001182,1778804328.696236,1.716667,-180.0,92.0,2940,1912,0.513626,0.82,0.0,0.0,pix
real_001_s001_2026-05-15_02-18-02-693,001,001,1,003,003.jpg,105,46.017849,1778804328.712902,1.733333,-180.0,92.0,2940,1912,0.513626,0.82,0.0,0.0,pix
real_001_s001_2026-05-15_02-18-02-693,001,001,1,003,003.jpg,106,46.034515,1778804328.729569,1.75,-180.0,92.0,2940,1912,0.513626,0.82,0.0,0.0,pix
real_001_s001_2026-05-15_02-18-02-693,001,001,1,003,003.jpg,107,46.051182,1778804328.746236,1.766667,-180.0,92.0,2940,1912,0.513626,0.82,0.0,0.0,pix
real_001_s001_2026-05-15_02-18-02-693,001,001,1,003,003.jpg,108,46.067849,1778804328.762902,1.783333,-180.0,92.0,2940,1912,0.513626,0.82,0.0,0.0,pix
real_001_s001_2026-05-15_02-18-02-693,001,001,1,003,003.jpg,109,46.084515,1778804328.779569,1.8,-180.0,92.0,2940,1912,0.513626,0.82,0.0,0.0,pix
real_001_s001_2026-05-15_02-18-02-693,001,001,1,003,003.jpg,110,46.101182,1778804328.796236,1.816667,-180.0,92.0,2940,1912,0.513626,0.82,0.0,0.0,pix
real_001_s001_2026-05-15_02-18-02-693,001,001,1,003,003.jpg,111,46.117849,1778804328.812902,1.833333,-180.0,92.0,2940,1912,0.513626,0.82,0.0,0.0,pix
real_001_s001_2026-05-15_02-18-02-693,001,001,1,003,003.jpg,112,46.134515,1778804328.829569,1.85,-180.0,92.0,2940,1912,0.513626,0.82,0.0,0.0,pix
real_001_s001_2026-05-15_02-18-02-693,001,001,1,003,003.jpg,113,46.151182,1778804328.846236,1.866667,-180.0,92.0,2940,1912,0.513626,0.82,0.0,0.0,pix
real_001_s001_2026-05-15_02-18-02-693,001,001,1,003,003.jpg,114,46.167849,1778804328.862902,1.883333,-180.0,92.0,2940,1912,0.513626,0.82,0.0,0.0,pix
real_001_s001_2026-05-15_02-18-02-693,001,001,1,003,003.jpg,115,46.184515,1778804328.879569,1.9,-180.0,92.0,2940,1912,0.513626,0.82,0.0,0.0,pix
real_001_s001_2026-05-15_02-18-02-693,001,001,1,003,003.jpg,116,46.201182,1778804328.896236,1.916667,-180.0,92.0,2940,1912,0.513626,0.82,0.0,0.0,pix
real_001_s001_2026-05-15_02-18-02-693,001,001,1,003,003.jpg,117,46.217849,1778804328.912902,1.933333,-180.0,92.0,2940,1912,0.513626,0.82,0.0,0.0,pix
real_001_s001_2026-05-15_02-18-02-693,001,001,1,003,003.jpg,118,46.234515,1778804328.929569,1.95,-180.0,92.0,2940,1912,0.513626,0.82,0.0,0.0,pix
real_001_s001_2026-05-15_02-18-02-693,001,001,1,003,003.jpg,119,46.251182,1778804328.946236,1.966667,-180.0,92.0,2940,1912,0.513626,0.82,0.0,0.0,pix
real_001_s001_2026-05-15_02-18-02-693,001,001,1,003,003.jpg,120,46.267849,1778804328.962902,1.983333,-180.0,92.0,2940,1912,0.513626,0.82,0.0,0.0,pix
real_001_s001_2026-05-15_02-18-02-693,001,001,1,003,003.jpg,121,46.284515,1778804328.979569,2.0,-180.0,92.0,2940,1912,0.513626,0.82,0.0,0.0,pix
real_001_s001_2026-05-15_02-18-02-693,001,001,1,003,003.jpg,122,46.301182,1778804328.996236,2.016667,-180.0,92.0,2940,1912,0.513626,0.82,0.0,0.0,pix
real_001_s001_2026-05-15_02-18-02-693,001,001,1,003,003.jpg,123,46.317849,1778804329.012902,2.033333,-180.0,92.0,2940,1912,0.513626,0.82,0.0,0.0,pix
real_001_s001_2026-05-15_02-18-02-693,001,001,1,003,003.jpg,124,46.334515,1778804329.029569,2.05,-180.0,92.0,2940,1912,0.513626,0.82,0.0,0.0,pix
real_001_s001_2026-05-15_02-18-02-693,001,001,1,003,003.jpg,125,46.351182,1778804329.046236,2.066667,-180.0,92.0,2940,1912,0.513626,0.82,0.0,0.0,pix
real_001_s001_2026-05-15_02-18-02-693,001,001,1,003,003.jpg,126,46.367849,1778804329.062902,2.083333,-180.0,92.0,2940,1912,0.513626,0.82,0.0,0.0,pix
real_001_s001_2026-05-15_02-18-02-693,001,001,1,003,003.jpg,127,46.384515,1778804329.079569,2.1,-180.0,92.0,2940,1912,0.513626,0.82,0.0,0.0,pix
real_001_s001_2026-05-15_02-18-02-693,001,001,1,003,003.jpg,128,46.401182,1778804329.096236,2.116667,-180.0,92.0,2940,1912,0.513626,0.82,0.0,0.0,pix
real_001_s001_2026-05-15_02-18-02-693,001,001,1,003,003.jpg,129,46.417849,1778804329.112902,2.133333,-180.0,92.0,2940,1912,0.513626,0.82,0.0,0.0,pix
real_001_s001_2026-05-15_02-18-02-693,001,001,1,003,003.jpg,130,46.434515,1778804329.129569,2.15,-180.0,92.0,2940,1912,0.513626,0.82,0.0,0.0,pix
real_001_s001_2026-05-15_02-18-02-693,001,001,1,003,003.jpg,131,46.451182,1778804329.146236,2.166667,-180.0,92.0,2940,1912,0.513626,0.82,0.0,0.0,pix
real_001_s001_2026-05-15_02-18-02-693,001,001,1,003,003.jpg,132,46.467849,1778804329.162902,2.183333,-180.0,92.0,2940,1912,0.513626,0.82,0.0,0.0,pix
real_001_s001_2026-05-15_02-18-02-693,001,001,1,003,003.jpg,133,46.484515,1778804329.179569,2.2,-180.0,92.0,2940,1912,0.513626,0.82,0.0,0.0,pix
real_001_s001_2026-05-15_02-18-02-693,001,001,1,003,003.jpg,134,46.501182,1778804329.196236,2.216667,-180.0,92.0,2940,1912,0.513626,0.82,0.0,0.0,pix
real_001_s001_2026-05-15_02-18-02-693,001,001,1,003,003.jpg,135,46.517849,1778804329.212902,2.233333,-180.0,92.0,2940,1912,0.513626,0.82,0.0,0.0,pix
real_001_s001_2026-05-15_02-18-02-693,001,001,1,003,003.jpg,136,46.534515,1778804329.229569,2.25,-180.0,92.0,2940,1912,0.513626,0.82,0.0,0.0,pix
real_001_s001_2026-05-15_02-18-02-693,001,001,1,003,003.jpg,137,46.551182,1778804329.246236,2.266667,-180.0,92.0,2940,1912,0.513626,0.82,0.0,0.0,pix
real_001_s001_2026-05-15_02-18-02-693,001,001,1,003,003.jpg,138,46.567849,1778804329.262902,2.283333,-180.0,92.0,2940,1912,0.513626,0.82,0.0,0.0,pix
real_001_s001_2026-05-15_02-18-02-693,001,001,1,003,003.jpg,139,46.584515,1778804329.279569,2.3,-180.0,92.0,2940,1912,0.513626,0.82,0.0,0.0,pix
real_001_s001_2026-05-15_02-18-02-693,001,001,1,003,003.jpg,140,46.601182,1778804329.296236,2.316667,-180.0,92.0,2940,1912,0.513626,0.82,0.0,0.0,pix
real_001_s001_2026-05-15_02-18-02-693,001,001,1,003,003.jpg,141,46.617849,1778804329.312902,2.333333,-180.0,92.0,2940,1912,0.513626,0.82,0.0,0.0,pix
real_001_s001_2026-05-15_02-18-02-693,001,001,1,003,003.jpg,142,46.634515,1778804329.329569,2.35,-180.0,92.0,2940,1912,0.513626,0.82,0.0,0.0,pix
real_001_s001_2026-05-15_02-18-02-693,001,001,1,003,003.jpg,143,46.651182,1778804329.346236,2.366667,-180.0,92.0,2940,1912,0.513626,0.82,0.0,0.0,pix
real_001_s001_2026-05-15_02-18-02-693,001,001,1,003,003.jpg,144,46.667849,1778804329.362902,2.383333,-180.0,92.0,2940,1912,0.513626,0.82,0.0,0.0,pix
real_001_s001_2026-05-15_02-18-02-693,001,001,1,003,003.jpg,145,46.684515,1778804329.379569,2.4,-180.0,92.0,2940,1912,0.513626,0.82,0.0,0.0,pix
real_001_s001_2026-05-15_02-18-02-693,001,001,1,003,003.jpg,146,46.701182,1778804329.396236,2.416667,-180.0,92.0,2940,1912,0.513626,0.82,0.0,0.0,pix
real_001_s001_2026-05-15_02-18-02-693,001,001,1,003,003.jpg,147,46.717849,1778804329.412902,2.433333,-180.0,92.0,2940,1912,0.513626,0.82,0.0,0.0,pix
real_001_s001_2026-05-15_02-18-02-693,001,001,1,003,003.jpg,148,46.734515,1778804329.429569,2.45,-180.0,92.0,2940,1912,0.513626,0.82,0.0,0.0,pix
real_001_s001_2026-05-15_02-18-02-693,001,001,1,003,003.jpg,149,46.751182,1778804329.446236,2.466667,-180.0,92.0,2940,1912,0.513626,0.82,0.0,0.0,pix
real_001_s001_2026-05-15_02-18-02-693,001,001,1,003,003.jpg,150,46.767849,1778804329.462902,2.483333,-180.0,92.0,2940,1912,0.513626,0.82,0.0,0.0,pix
real_001_s001_2026-05-15_02-18-02-693,001,001,1,003,003.jpg,151,46.784515,1778804329.479569,2.5,-180.0,92.0,2940,1912,0.513626,0.82,0.0,0.0,pix
real_001_s001_2026-05-15_02-18-02-693,001,001,1,003,003.jpg,152,46.801182,1778804329.496236,2.516667,-180.0,92.0,2940,1912,0.513626,0.82,0.0,0.0,pix
real_001_s001_2026-05-15_02-18-02-693,001,001,1,003,003.jpg,153,46.817849,1778804329.512902,2.533333,-180.0,92.0,2940,1912,0.513626,0.82,0.0,0.0,pix
real_001_s001_2026-05-15_02-18-02-693,001,001,1,003,003.jpg,154,46.834515,1778804329.529569,2.55,-180.0,92.0,2940,1912,0.513626,0.82,0.0,0.0,pix
real_001_s001_2026-05-15_02-18-02-693,001,001,1,003,003.jpg,155,46.851182,1778804329.546236,2.566667,-180.0,92.0,2940,1912,0.513626,0.82,0.0,0.0,pix
real_001_s001_2026-05-15_02-18-02-693,001,001,1,003,003.jpg,156,46.867849,1778804329.562902,2.583333,-180.0,92.0,2940,1912,0.513626,0.82,0.0,0.0,pix
real_001_s001_2026-05-15_02-18-02-693,001,001,1,003,003.jpg,157,46.884515,1778804329.579569,2.6,-180.0,92.0,2940,1912,0.513626,0.82,0.0,0.0,pix
real_001_s001_2026-05-15_02-18-02-693,001,001,1,003,003.jpg,158,46.901182,1778804329.596236,2.616667,-180.0,92.0,2940,1912,0.513626,0.82,0.0,0.0,pix
real_001_s001_2026-05-15_02-18-02-693,001,001,1,003,003.jpg,159,46.917849,1778804329.612902,2.633333,-180.0,92.0,2940,1912,0.513626,0.82,0.0,0.0,pix
real_001_s001_2026-05-15_02-18-02-693,001,001,1,003,003.jpg,160,46.934515,1778804329.629569,2.65,-180.0,92.0,2940,1912,0.513626,0.82,0.0,0.0,pix
real_001_s001_2026-05-15_02-18-02-693,001,001,1,003,003.jpg,161,46.951182,1778804329.646236,2.666667,-180.0,92.0,2940,1912,0.513626,0.82,0.0,0.0,pix
real_001_s001_2026-05-15_02-18-02-693,001,001,1,003,003.jpg,162,46.967849,1778804329.662902,2.683333,-180.0,92.0,2940,1912,0.513626,0.82,0.0,0.0,pix
real_001_s001_2026-05-15_02-18-02-693,001,001,1,003,003.jpg,163,46.984515,1778804329.679569,2.7,-180.0,92.0,2940,1912,0.513626,0.82,0.0,0.0,pix
real_001_s001_2026-05-15_02-18-02-693,001,001,1,003,003.jpg,164,47.001182,1778804329.696236,2.716667,-180.0,92.0,2940,1912,0.513626,0.82,0.0,0.0,pix
real_001_s001_2026-05-15_02-18-02-693,001,001,1,003,003.jpg,165,47.017849,1778804329.712902,2.733333,-180.0,92.0,2940,1912,0.513626,0.82,0.0,0.0,pix
real_001_s001_2026-05-15_02-18-02-693,001,001,1,003,003.jpg,166,47.034515,1778804329.729569,2.75,-180.0,92.0,2940,1912,0.513626,0.82,0.0,0.0,pix
real_001_s001_2026-05-15_02-18-02-693,001,001,1,003,003.jpg,167,47.051182,1778804329.746236,2.766667,-180.0,92.0,2940,1912,0.513626,0.82,0.0,0.0,pix
real_001_s001_2026-05-15_02-18-02-693,001,001,1,003,003.jpg,168,47.067849,1778804329.762902,2.783333,-180.0,92.0,2940,1912,0.513626,0.82,0.0,0.0,pix
real_001_s001_2026-05-15_02-18-02-693,001,001,1,003,003.jpg,169,47.084515,1778804329.779569,2.8,-180.0,92.0,2940,1912,0.513626,0.82,0.0,0.0,pix
real_001_s001_2026-05-15_02-18-02-693,001,001,1,003,003.jpg,170,47.101182,1778804329.796236,2.816667,-180.0,92.0,2940,1912,0.513626,0.82,0.0,0.0,pix
real_001_s001_2026-05-15_02-18-02-693,001,001,1,003,003.jpg,171,47.117849,1778804329.812902,2.833333,-180.0,92.0,2940,1912,0.513626,0.82,0.0,0.0,pix
real_001_s001_2026-05-15_02-18-02-693,001,001,1,003,003.jpg,172,47.134515,1778804329.829569,2.85,-180.0,92.0,2940,1912,0.513626,0.82,0.0,0.0,pix
real_001_s001_2026-05-15_02-18-02-693,001,001,1,003,003.jpg,173,47.151182,1778804329.846236,2.866667,-180.0,92.0,2940,1912,0.513626,0.82,0.0,0.0,pix
real_001_s001_2026-05-15_02-18-02-693,001,001,1,003,003.jpg,174,47.167849,1778804329.862902,2.883333,-180.0,92.0,2940,1912,0.513626,0.82,0.0,0.0,pix
real_001_s001_2026-05-15_02-18-02-693,001,001,1,003,003.jpg,175,47.184515,1778804329.879569,2.9,-180.0,92.0,2940,1912,0.513626,0.82,0.0,0.0,pix
real_001_s001_2026-05-15_02-18-02-693,001,001,1,003,003.jpg,176,47.201182,1778804329.896236,2.916667,-180.0,92.0,2940,1912,0.513626,0.82,0.0,0.0,pix
real_001_s001_2026-05-15_02-18-02-693,001,001,1,003,003.jpg,177,47.217849,1778804329.912902,2.933333,-180.0,92.0,2940,1912,0.513626,0.82,0.0,0.0,pix
real_001_s001_2026-05-15_02-18-02-693,001,001,1,003,003.jpg,178,47.234515,1778804329.929569,2.95,-180.0,92.0,2940,1912,0.513626,0.82,0.0,0.0,pix
real_001_s001_2026-05-15_02-18-02-693,001,001,1,003,003.jpg,179,47.251182,1778804329.946236,2.966667,-180.0,92.0,2940,1912,0.513626,0.82,0.0,0.0,pix
real_001_s001_2026-05-15_02-18-02-693,001,001,1,003,003.jpg,180,47.267849,1778804329.962902,2.983333,-180.0,92.0,2940,1912,0.513626,0.82,0.0,0.0,pix
real_001_s001_2026-05-15_02-18-02-693,001,001,1,003,003.jpg,181,47.284515,1778804329.979569,3.0,-180.0,92.0,2940,1912,0.513626,0.82,0.0,0.0,pix
real_001_s001_2026-05-15_02-18-02-693,001,001,1,003,003.jpg,182,47.301182,1778804329.996236,3.016667,-180.0,92.0,2940,1912,0.513626,0.82,0.0,0.0,pix
real_001_s001_2026-05-15_02-18-02-693,001,001,1,003,003.jpg,183,47.317849,1778804330.012902,3.033333,-180.0,92.0,2940,1912,0.513626,0.82,0.0,0.0,pix
real_001_s001_2026-05-15_02-18-02-693,001,001,1,003,003.jpg,184,47.334515,1778804330.029569,3.05,-180.0,92.0,2940,1912,0.513626,0.82,0.0,0.0,pix
real_001_s001_2026-05-15_02-18-02-693,001,001,1,003,003.jpg,185,47.351182,1778804330.046236,3.066667,-180.0,92.0,2940,1912,0.513626,0.82,0.0,0.0,pix
real_001_s001_2026-05-15_02-18-02-693,001,001,1,003,003.jpg,186,47.367849,1778804330.062902,3.083333,-180.0,92.0,2940,1912,0.513626,0.82,0.0,0.0,pix
real_001_s001_2026-05-15_02-18-02-693,001,001,1,003,003.jpg,187,47.384515,1778804330.079569,3.1,-180.0,92.0,2940,1912,0.513626,0.82,0.0,0.0,pix
real_001_s001_2026-05-15_02-18-02-693,001,001,1,003,003.jpg,188,47.401182,1778804330.096236,3.116667,-180.0,92.0,2940,1912,0.513626,0.82,0.0,0.0,pix
real_001_s001_2026-05-15_02-18-02-693,001,001,1,003,003.jpg,189,47.417849,1778804330.112902,3.133333,-180.0,92.0,2940,1912,0.513626,0.82,0.0,0.0,pix
real_001_s001_2026-05-15_02-18-02-693,001,001,1,003,003.jpg,190,47.434515,1778804330.129569,3.15,-180.0,92.0,2940,1912,0.513626,0.82,0.0,0.0,pix
real_001_s001_2026-05-15_02-18-02-693,001,001,1,003,003.jpg,191,47.451182,1778804330.146236,3.166667,-180.0,92.0,2940,1912,0.513626,0.82,0.0,0.0,pix
real_001_s001_2026-05-15_02-18-02-693,001,001,1,003,003.jpg,192,47.467849,1778804330.162902,3.183333,-180.0,92.0,2940,1912,0.513626,0.82,0.0,0.0,pix
real_001_s001_2026-05-15_02-18-02-693,001,001,1,003,003.jpg,193,47.484515,1778804330.179569,3.2,-180.0,92.0,2940,1912,0.513626,0.82,0.0,0.0,pix
real_001_s001_2026-05-15_02-18-02-693,001,001,1,003,003.jpg,194,47.501182,1778804330.196236,3.216667,-180.0,92.0,2940,1912,0.513626,0.82,0.0,0.0,pix
real_001_s001_2026-05-15_02-18-02-693,001,001,1,003,003.jpg,195,47.517849,1778804330.212902,3.233333,-180.0,92.0,2940,1912,0.513626,0.82,0.0,0.0,pix
real_001_s001_2026-05-15_02-18-02-693,001,001,1,003,003.jpg,196,47.534515,1778804330.229569,3.25,-180.0,92.0,2940,1912,0.513626,0.82,0.0,0.0,pix
real_001_s001_2026-05-15_02-18-02-693,001,001,1,003,003.jpg,197,47.551182,1778804330.246236,3.266667,-180.0,92.0,2940,1912,0.513626,0.82,0.0,0.0,pix
real_001_s001_2026-05-15_02-18-02-693,001,001,1,003,003.jpg,198,47.567849,1778804330.262902,3.283333,-180.0,92.0,2940,1912,0.513626,0.82,0.0,0.0,pix
real_001_s001_2026-05-15_02-18-02-693,001,001,1,003,003.jpg,199,47.584515,1778804330.279569,3.3,-180.0,92.0,2940,1912,0.513626,0.82,0.0,0.0,pix
real_001_s001_2026-05-15_02-18-02-693,001,001,1,003,003.jpg,200,47.601182,1778804330.296236,3.316667,-180.0,92.0,2940,1912,0.513626,0.82,0.0,0.0,pix
real_001_s001_2026-05-15_02-18-02-693,001,001,1,003,003.jpg,201,47.617849,1778804330.312902,3.333333,-180.0,92.0,2940,1912,0.513626,0.82,0.0,0.0,pix
real_001_s001_2026-05-15_02-18-02-693,001,001,1,003,003.jpg,202,47.634515,1778804330.329569,3.35,-180.0,92.0,2940,1912,0.513626,0.82,0.0,0.0,pix
real_001_s001_2026-05-15_02-18-02-693,001,001,1,003,003.jpg,203,47.651182,1778804330.346236,3.366667,-180.0,92.0,2940,1912,0.513626,0.82,0.0,0.0,pix
real_001_s001_2026-05-15_02-18-02-693,001,001,1,003,003.jpg,204,47.667849,1778804330.362902,3.383333,-180.0,92.0,2940,1912,0.513626,0.82,0.0,0.0,pix
real_001_s001_2026-05-15_02-18-02-693,001,001,1,003,003.jpg,205,47.684515,1778804330.379569,3.4,-180.0,92.0,2940,1912,0.513626,0.82,0.0,0.0,pix
real_001_s001_2026-05-15_02-18-02-693,001,001,1,003,003.jpg,206,47.701182,1778804330.396236,3.416667,-180.0,92.0,2940,1912,0.513626,0.82,0.0,0.0,pix
real_001_s001_2026-05-15_02-18-02-693,001,001,1,003,003.jpg,207,47.717849,1778804330.412902,3.433333,-180.0,92.0,2940,1912,0.513626,0.82,0.0,0.0,pix
real_001_s001_2026-05-15_02-18-02-693,001,001,1,003,003.jpg,208,47.734515,1778804330.429569,3.45,-180.0,92.0,2940,1912,0.513626,0.82,0.0,0.0,pix
real_001_s001_2026-05-15_02-18-02-693,001,001,1,003,003.jpg,209,47.751182,1778804330.446236,3.466667,-180.0,92.0,2940,1912,0.513626,0.82,0.0,0.0,pix
real_001_s001_2026-05-15_02-18-02-693,001,001,1,003,003.jpg,210,47.767849,1778804330.462902,3.483333,-180.0,92.0,2940,1912,0.513626,0.82,0.0,0.0,pix
real_001_s001_2026-05-15_02-18-02-693,001,001,1,003,003.jpg,211,47.784515,1778804330.479569,3.5,-180.0,92.0,2940,1912,0.513626,0.82,0.0,0.0,pix
real_001_s001_2026-05-15_02-18-02-693,001,001,1,003,003.jpg,212,47.801182,1778804330.496236,3.516667,-180.0,92.0,2940,1912,0.513626,0.82,0.0,0.0,pix
real_001_s001_2026-05-15_02-18-02-693,001,001,1,003,003.jpg,213,47.817849,1778804330.512902,3.533333,-180.0,92.0,2940,1912,0.513626,0.82,0.0,0.0,pix
real_001_s001_2026-05-15_02-18-02-693,001,001,1,003,003.jpg,214,47.834515,1778804330.529569,3.55,-180.0,92.0,2940,1912,0.513626,0.82,0.0,0.0,pix
real_001_s001_2026-05-15_02-18-02-693,001,001,1,003,003.jpg,215,47.851182,1778804330.546236,3.566667,-180.0,92.0,2940,1912,0.513626,0.82,0.0,0.0,pix
real_001_s001_2026-05-15_02-18-02-693,001,001,1,003,003.jpg,216,47.867849,1778804330.562902,3.583333,-180.0,92.0,2940,1912,0.513626,0.82,0.0,0.0,pix
real_001_s001_2026-05-15_02-18-02-693,001,001,1,003,003.jpg,217,47.884515,1778804330.579569,3.6,-180.0,92.0,2940,1912,0.513626,0.82,0.0,0.0,pix
real_001_s001_2026-05-15_02-18-02-693,001,001,1,003,003.jpg,218,47.901182,1778804330.596236,3.616667,-180.0,92.0,2940,1912,0.513626,0.82,0.0,0.0,pix
real_001_s001_2026-05-15_02-18-02-693,001,001,1,003,003.jpg,219,47.917849,1778804330.612902,3.633333,-180.0,92.0,2940,1912,0.513626,0.82,0.0,0.0,pix
real_001_s001_2026-05-15_02-18-02-693,001,001,1,003,003.jpg,220,47.934515,1778804330.629569,3.65,-180.0,92.0,2940,1912,0.513626,0.82,0.0,0.0,pix
real_001_s001_2026-05-15_02-18-02-693,001,001,1,003,003.jpg,221,47.951182,1778804330.646236,3.666667,-180.0,92.0,2940,1912,0.513626,0.82,0.0,0.0,pix
real_001_s001_2026-05-15_02-18-02-693,001,001,1,003,003.jpg,222,47.967849,1778804330.662902,3.683333,-180.0,92.0,2940,1912,0.513626,0.82,0.0,0.0,pix
real_001_s001_2026-05-15_02-18-02-693,001,001,1,003,003.jpg,223,47.984515,1778804330.679569,3.7,-180.0,92.0,2940,1912,0.513626,0.82,0.0,0.0,pix
real_001_s001_2026-05-15_02-18-02-693,001,001,1,003,003.jpg,224,48.001182,1778804330.696236,3.716667,-180.0,92.0,2940,1912,0.513626,0.82,0.0,0.0,pix
real_001_s001_2026-05-15_02-18-02-693,001,001,1,003,003.jpg,225,48.017849,1778804330.712902,3.733333,-180.0,92.0,2940,1912,0.513626,0.82,0.0,0.0,pix
real_001_s001_2026-05-15_02-18-02-693,001,001,1,003,003.jpg,226,48.034515,1778804330.729569,3.75,-180.0,92.0,2940,1912,0.513626,0.82,0.0,0.0,pix
real_001_s001_2026-05-15_02-18-02-693,001,001,1,003,003.jpg,227,48.051182,1778804330.746236,3.766667,-180.0,92.0,2940,1912,0.513626,0.82,0.0,0.0,pix
real_001_s001_2026-05-15_02-18-02-693,001,001,1,003,003.jpg,228,48.067849,1778804330.762902,3.783333,-180.0,92.0,2940,1912,0.513626,0.82,0.0,0.0,pix
real_001_s001_2026-05-15_02-18-02-693,001,001,1,003,003.jpg,229,48.084515,1778804330.779569,3.8,-180.0,92.0,2940,1912,0.513626,0.82,0.0,0.0,pix
real_001_s001_2026-05-15_02-18-02-693,001,001,1,003,003.jpg,230,48.101182,1778804330.796236,3.816667,-180.0,92.0,2940,1912,0.513626,0.82,0.0,0.0,pix
real_001_s001_2026-05-15_02-18-02-693,001,001,1,003,003.jpg,231,48.117849,1778804330.812902,3.833333,-180.0,92.0,2940,1912,0.513626,0.82,0.0,0.0,pix
real_001_s001_2026-05-15_02-18-02-693,001,001,1,003,003.jpg,232,48.134515,1778804330.829569,3.85,-180.0,92.0,2940,1912,0.513626,0.82,0.0,0.0,pix
real_001_s001_2026-05-15_02-18-02-693,001,001,1,003,003.jpg,233,48.151182,1778804330.846236,3.866667,-180.0,92.0,2940,1912,0.513626,0.82,0.0,0.0,pix
real_001_s001_2026-05-15_02-18-02-693,001,001,1,003,003.jpg,234,48.167849,1778804330.862902,3.883333,-180.0,92.0,2940,1912,0.513626,0.82,0.0,0.0,pix
real_001_s001_2026-05-15_02-18-02-693,001,001,1,003,003.jpg,235,48.184515,1778804330.879569,3.9,-180.0,92.0,2940,1912,0.513626,0.82,0.0,0.0,pix
real_001_s001_2026-05-15_02-18-02-693,001,001,1,003,003.jpg,236,48.201182,1778804330.896236,3.916667,-180.0,92.0,2940,1912,0.513626,0.82,0.0,0.0,pix
real_001_s001_2026-05-15_02-18-02-693,001,001,1,003,003.jpg,237,48.217849,1778804330.912902,3.933333,-180.0,92.0,2940,1912,0.513626,0.82,0.0,0.0,pix
real_001_s001_2026-05-15_02-18-02-693,001,001,1,003,003.jpg,238,48.234515,1778804330.929569,3.95,-180.0,92.0,2940,1912,0.513626,0.82,0.0,0.0,pix
real_001_s001_2026-05-15_02-18-02-693,001,001,1,003,003.jpg,239,48.251182,1778804330.946236,3.966667,-180.0,92.0,2940,1912,0.513626,0.82,0.0,0.0,pix
real_001_s001_2026-05-15_02-18-02-693,001,001,1,003,003.jpg,240,48.267849,1778804330.962902,3.983333,-180.0,92.0,2940,1912,0.513626,0.82,0.0,0.0,pix
real_001_s001_2026-05-15_02-18-02-693,001,001,1,003,003.jpg,241,48.284515,1778804330.979569,4.0,-180.0,92.0,2940,1912,0.513626,0.82,0.0,0.0,pix
real_001_s001_2026-05-15_02-18-02-693,001,001,1,003,003.jpg,242,48.301182,1778804330.996236,4.016667,-180.0,92.0,2940,1912,0.513626,0.82,0.0,0.0,pix
real_001_s001_2026-05-15_02-18-02-693,001,001,1,003,003.jpg,243,48.317849,1778804331.012902,4.033333,-180.0,92.0,2940,1912,0.513626,0.82,0.0,0.0,pix
real_001_s001_2026-05-15_02-18-02-693,001,001,1,003,003.jpg,244,48.334515,1778804331.029569,4.05,-180.0,92.0,2940,1912,0.513626,0.82,0.0,0.0,pix
real_001_s001_2026-05-15_02-18-02-693,001,001,1,003,003.jpg,245,48.351182,1778804331.046236,4.066667,-180.0,92.0,2940,1912,0.513626,0.82,0.0,0.0,pix
real_001_s001_2026-05-15_02-18-02-693,001,001,1,003,003.jpg,246,48.367849,1778804331.062902,4.083333,-180.0,92.0,2940,1912,0.513626,0.82,0.0,0.0,pix
real_001_s001_2026-05-15_02-18-02-693,001,001,1,003,003.jpg,247,48.384515,1778804331.079569,4.1,-180.0,92.0,2940,1912,0.513626,0.82,0.0,0.0,pix
real_001_s001_2026-05-15_02-18-02-693,001,001,1,003,003.jpg,248,48.401182,1778804331.096236,4.116667,-180.0,92.0,2940,1912,0.513626,0.82,0.0,0.0,pix
real_001_s001_2026-05-15_02-18-02-693,001,001,1,003,003.jpg,249,48.417849,1778804331.112902,4.133333,-180.0,92.0,2940,1912,0.513626,0.82,0.0,0.0,pix
real_001_s001_2026-05-15_02-18-02-693,001,001,1,003,003.jpg,250,48.434515,1778804331.129569,4.15,-180.0,92.0,2940,1912,0.513626,0.82,0.0,0.0,pix
real_001_s001_2026-05-15_02-18-02-693,001,001,1,003,003.jpg,251,48.451182,1778804331.146236,4.166667,-180.0,92.0,2940,1912,0.513626,0.82,0.0,0.0,pix
real_001_s001_2026-05-15_02-18-02-693,001,001,1,003,003.jpg,252,48.467849,1778804331.162902,4.183333,-180.0,92.0,2940,1912,0.513626,0.82,0.0,0.0,pix
real_001_s001_2026-05-15_02-18-02-693,001,001,1,003,003.jpg,253,48.484515,1778804331.179569,4.2,-180.0,92.0,2940,1912,0.513626,0.82,0.0,0.0,pix
real_001_s001_2026-05-15_02-18-02-693,001,001,1,003,003.jpg,254,48.501182,1778804331.196236,4.216667,-180.0,92.0,2940,1912,0.513626,0.82,0.0,0.0,pix
real_001_s001_2026-05-15_02-18-02-693,001,001,1,003,003.jpg,255,48.517849,1778804331.212902,4.233333,-180.0,92.0,2940,1912,0.513626,0.82,0.0,0.0,pix
real_001_s001_2026-05-15_02-18-02-693,001,001,1,003,003.jpg,256,48.534515,1778804331.229569,4.25,-180.0,92.0,2940,1912,0.513626,0.82,0.0,0.0,pix
real_001_s001_2026-05-15_02-18-02-693,001,001,1,003,003.jpg,257,48.551182,1778804331.246236,4.266667,-180.0,92.0,2940,1912,0.513626,0.82,0.0,0.0,pix
real_001_s001_2026-05-15_02-18-02-693,001,001,1,003,003.jpg,258,48.567849,1778804331.262902,4.283333,-180.0,92.0,2940,1912,0.513626,0.82,0.0,0.0,pix
real_001_s001_2026-05-15_02-18-02-693,001,001,1,003,003.jpg,259,48.584515,1778804331.279569,4.3,-180.0,92.0,2940,1912,0.513626,0.82,0.0,0.0,pix
real_001_s001_2026-05-15_02-18-02-693,001,001,1,003,003.jpg,260,48.601182,1778804331.296236,4.316667,-180.0,92.0,2940,1912,0.513626,0.82,0.0,0.0,pix
real_001_s001_2026-05-15_02-18-02-693,001,001,1,003,003.jpg,261,48.617849,1778804331.312902,4.333333,-180.0,92.0,2940,1912,0.513626,0.82,0.0,0.0,pix
real_001_s001_2026-05-15_02-18-02-693,001,001,1,003,003.jpg,262,48.634515,1778804331.329569,4.35,-180.0,92.0,2940,1912,0.513626,0.82,0.0,0.0,pix
real_001_s001_2026-05-15_02-18-02-693,001,001,1,003,003.jpg,263,48.651182,1778804331.346236,4.366667,-180.0,92.0,2940,1912,0.513626,0.82,0.0,0.0,pix
real_001_s001_2026-05-15_02-18-02-693,001,001,1,003,003.jpg,264,48.667849,1778804331.362902,4.383333,-180.0,92.0,2940,1912,0.513626,0.82,0.0,0.0,pix
real_001_s001_2026-05-15_02-18-02-693,001,001,1,003,003.jpg,265,48.684515,1778804331.379569,4.4,-180.0,92.0,2940,1912,0.513626,0.82,0.0,0.0,pix
real_001_s001_2026-05-15_02-18-02-693,001,001,1,003,003.jpg,266,48.701182,1778804331.396236,4.416667,-180.0,92.0,2940,1912,0.513626,0.82,0.0,0.0,pix
real_001_s001_2026-05-15_02-18-02-693,001,001,1,003,003.jpg,267,48.717849,1778804331.412902,4.433333,-180.0,92.0,2940,1912,0.513626,0.82,0.0,0.0,pix
real_001_s001_2026-05-15_02-18-02-693,001,001,1,003,003.jpg,268,48.734515,1778804331.429569,4.45,-180.0,92.0,2940,1912,0.513626,0.82,0.0,0.0,pix
real_001_s001_2026-05-15_02-18-02-693,001,001,1,003,003.jpg,269,48.751182,1778804331.446236,4.466667,-180.0,92.0,2940,1912,0.513626,0.82,0.0,0.0,pix
real_001_s001_2026-05-15_02-18-02-693,001,001,1,003,003.jpg,270,48.767849,1778804331.462902,4.483333,-180.0,92.0,2940,1912,0.513626,0.82,0.0,0.0,pix
real_001_s001_2026-05-15_02-18-02-693,001,001,1,003,003.jpg,271,48.784515,1778804331.479569,4.5,-180.0,92.0,2940,1912,0.513626,0.82,0.0,0.0,pix
real_001_s001_2026-05-15_02-18-02-693,001,001,1,003,003.jpg,272,48.801182,1778804331.496236,4.516667,-180.0,92.0,2940,1912,0.513626,0.82,0.0,0.0,pix
real_001_s001_2026-05-15_02-18-02-693,001,001,1,003,003.jpg,273,48.817849,1778804331.512902,4.533333,-180.0,92.0,2940,1912,0.513626,0.82,0.0,0.0,pix
real_001_s001_2026-05-15_02-18-02-693,001,001,1,003,003.jpg,274,48.834515,1778804331.529569,4.55,-180.0,92.0,2940,1912,0.513626,0.82,0.0,0.0,pix
real_001_s001_2026-05-15_02-18-02-693,001,001,1,003,003.jpg,275,48.851182,1778804331.546236,4.566667,-180.0,92.0,2940,1912,0.513626,0.82,0.0,0.0,pix
real_001_s001_2026-05-15_02-18-02-693,001,001,1,003,003.jpg,276,48.867849,1778804331.562902,4.583333,-180.0,92.0,2940,1912,0.513626,0.82,0.0,0.0,pix
real_001_s001_2026-05-15_02-18-02-693,001,001,1,003,003.jpg,277,48.884515,1778804331.579569,4.6,-180.0,92.0,2940,1912,0.513626,0.82,0.0,0.0,pix
real_001_s001_2026-05-15_02-18-02-693,001,001,1,003,003.jpg,278,48.901182,1778804331.596236,4.616667,-180.0,92.0,2940,1912,0.513626,0.82,0.0,0.0,pix
real_001_s001_2026-05-15_02-18-02-693,001,001,1,003,003.jpg,279,48.917849,1778804331.612902,4.633333,-180.0,92.0,2940,1912,0.513626,0.82,0.0,0.0,pix
real_001_s001_2026-05-15_02-18-02-693,001,001,1,003,003.jpg,280,48.934515,1778804331.629569,4.65,-180.0,92.0,2940,1912,0.513626,0.82,0.0,0.0,pix
real_001_s001_2026-05-15_02-18-02-693,001,001,1,003,003.jpg,281,48.951182,1778804331.646236,4.666667,-180.0,92.0,2940,1912,0.513626,0.82,0.0,0.0,pix
real_001_s001_2026-05-15_02-18-02-693,001,001,1,003,003.jpg,282,48.967849,1778804331.662902,4.683333,-180.0,92.0,2940,1912,0.513626,0.82,0.0,0.0,pix
real_001_s001_2026-05-15_02-18-02-693,001,001,1,003,003.jpg,283,48.984515,1778804331.679569,4.7,-180.0,92.0,2940,1912,0.513626,0.82,0.0,0.0,pix
real_001_s001_2026-05-15_02-18-02-693,001,001,1,003,003.jpg,284,49.001182,1778804331.696236,4.716667,-180.0,92.0,2940,1912,0.513626,0.82,0.0,0.0,pix
real_001_s001_2026-05-15_02-18-02-693,001,001,1,003,003.jpg,285,49.017849,1778804331.712902,4.733333,-180.0,92.0,2940,1912,0.513626,0.82,0.0,0.0,pix
real_001_s001_2026-05-15_02-18-02-693,001,001,1,003,003.jpg,286,49.034515,1778804331.729569,4.75,-180.0,92.0,2940,1912,0.513626,0.82,0.0,0.0,pix
real_001_s001_2026-05-15_02-18-02-693,001,001,1,003,003.jpg,287,49.051182,1778804331.746236,4.766667,-180.0,92.0,2940,1912,0.513626,0.82,0.0,0.0,pix
real_001_s001_2026-05-15_02-18-02-693,001,001,1,003,003.jpg,288,49.067849,1778804331.762902,4.783333,-180.0,92.0,2940,1912,0.513626,0.82,0.0,0.0,pix
real_001_s001_2026-05-15_02-18-02-693,001,001,1,003,003.jpg,289,49.084515,1778804331.779569,4.8,-180.0,92.0,2940,1912,0.513626,0.82,0.0,0.0,pix
real_001_s001_2026-05-15_02-18-02-693,001,001,1,003,003.jpg,290,49.101182,1778804331.796236,4.816667,-180.0,92.0,2940,1912,0.513626,0.82,0.0,0.0,pix
real_001_s001_2026-05-15_02-18-02-693,001,001,1,003,003.jpg,291,49.117849,1778804331.812902,4.833333,-180.0,92.0,2940,1912,0.513626,0.82,0.0,0.0,pix
real_001_s001_2026-05-15_02-18-02-693,001,001,1,003,003.jpg,292,49.134515,1778804331.829569,4.85,-180.0,92.0,2940,1912,0.513626,0.82,0.0,0.0,pix
real_001_s001_2026-05-15_02-18-02-693,001,001,1,003,003.jpg,293,49.151182,1778804331.846236,4.866667,-180.0,92.0,2940,1912,0.513626,0.82,0.0,0.0,pix
real_001_s001_2026-05-15_02-18-02-693,001,001,1,003,003.jpg,294,49.167849,1778804331.862902,4.883333,-180.0,92.0,2940,1912,0.513626,0.82,0.0,0.0,pix
real_001_s001_2026-05-15_02-18-02-693,001,001,1,003,003.jpg,295,49.184515,1778804331.879569,4.9,-180.0,92.0,2940,1912,0.513626,0.82,0.0,0.0,pix
real_001_s001_2026-05-15_02-18-02-693,001,001,1,003,003.jpg,296,49.201182,1778804331.896236,4.916667,-180.0,92.0,2940,1912,0.513626,0.82,0.0,0.0,pix
real_001_s001_2026-05-15_02-18-02-693,001,001,1,003,003.jpg,297,49.217849,1778804331.912902,4.933333,-180.0,92.0,2940,1912,0.513626,0.82,0.0,0.0,pix
real_001_s001_2026-05-15_02-18-02-693,001,001,1,003,003.jpg,298,49.234515,1778804331.929569,4.95,-180.0,92.0,2940,1912,0.513626,0.82,0.0,0.0,pix
real_001_s001_2026-05-15_02-18-02-693,001,001,1,003,003.jpg,299,49.251182,1778804331.946236,4.966667,-180.0,92.0,2940,1912,0.513626,0.82,0.0,0.0,pix
real_001_s001_2026-05-15_02-18-02-693,001,001,1,003,003.jpg,300,49.267849,1778804331.962902,4.983333,-180.0,92.0,2940,1912,0.513626,0.82,0.0,0.0,pix
real_001_s001_2026-05-15_02-18-02-693,001,001,1,003,003.jpg,301,49.284515,1778804331.979569,5.0,-180.0,92.0,2940,1912,0.513626,0.82,0.0,0.0,pix
real_001_s001_2026-05-15_02-18-02-693,001,001,1,003,003.jpg,302,49.301182,1778804331.996236,5.016667,-180.0,92.0,2940,1912,0.513626,0.82,0.0,0.0,pix
real_001_s001_2026-05-15_02-18-02-693,001,001,1,003,003.jpg,303,49.317849,1778804332.012902,5.033333,-180.0,92.0,2940,1912,0.513626,0.82,0.0,0.0,pix
real_001_s001_2026-05-15_02-18-02-693,001,001,1,003,003.jpg,304,49.334515,1778804332.029569,5.05,-180.0,92.0,2940,1912,0.513626,0.82,0.0,0.0,pix
real_001_s001_2026-05-15_02-18-02-693,001,001,1,003,003.jpg,305,49.351182,1778804332.046236,5.066667,-180.0,92.0,2940,1912,0.513626,0.82,0.0,0.0,pix
real_001_s001_2026-05-15_02-18-02-693,001,001,1,003,003.jpg,306,49.367849,1778804332.062902,5.083333,-180.0,92.0,2940,1912,0.513626,0.82,0.0,0.0,pix
real_001_s001_2026-05-15_02-18-02-693,001,001,1,003,003.jpg,307,49.384515,1778804332.079569,5.1,-180.0,92.0,2940,1912,0.513626,0.82,0.0,0.0,pix
real_001_s001_2026-05-15_02-18-02-693,001,001,1,003,003.jpg,308,49.401182,1778804332.096236,5.116667,-180.0,92.0,2940,1912,0.513626,0.82,0.0,0.0,pix
real_001_s001_2026-05-15_02-18-02-693,001,001,1,003,003.jpg,309,49.417849,1778804332.112902,5.133333,-180.0,92.0,2940,1912,0.513626,0.82,0.0,0.0,pix
real_001_s001_2026-05-15_02-18-02-693,001,001,1,003,003.jpg,310,49.434515,1778804332.129569,5.15,-180.0,92.0,2940,1912,0.513626,0.82,0.0,0.0,pix
real_001_s001_2026-05-15_02-18-02-693,001,001,1,003,003.jpg,311,49.451182,1778804332.146236,5.166667,-180.0,92.0,2940,1912,0.513626,0.82,0.0,0.0,pix
real_001_s001_2026-05-15_02-18-02-693,001,001,1,003,003.jpg,312,49.467849,1778804332.162902,5.183333,-180.0,92.0,2940,1912,0.513626,0.82,0.0,0.0,pix
real_001_s001_2026-05-15_02-18-02-693,001,001,1,003,003.jpg,313,49.484515,1778804332.179569,5.2,-180.0,92.0,2940,1912,0.513626,0.82,0.0,0.0,pix
real_001_s001_2026-05-15_02-18-02-693,001,001,1,003,003.jpg,314,49.501182,1778804332.196236,5.216667,-180.0,92.0,2940,1912,0.513626,0.82,0.0,0.0,pix
real_001_s001_2026-05-15_02-18-02-693,001,001,1,003,003.jpg,315,49.517849,1778804332.212902,5.233333,-180.0,92.0,2940,1912,0.513626,0.82,0.0,0.0,pix
real_001_s001_2026-05-15_02-18-02-693,001,001,1,003,003.jpg,316,49.534515,1778804332.229569,5.25,-180.0,92.0,2940,1912,0.513626,0.82,0.0,0.0,pix
real_001_s001_2026-05-15_02-18-02-693,001,001,1,003,003.jpg,317,49.551182,1778804332.246236,5.266667,-180.0,92.0,2940,1912,0.513626,0.82,0.0,0.0,pix
real_001_s001_2026-05-15_02-18-02-693,001,001,1,003,003.jpg,318,49.567849,1778804332.262902,5.283333,-180.0,92.0,2940,1912,0.513626,0.82,0.0,0.0,pix
real_001_s001_2026-05-15_02-18-02-693,001,001,1,003,003.jpg,319,49.584515,1778804332.279569,5.3,-180.0,92.0,2940,1912,0.513626,0.82,0.0,0.0,pix
real_001_s001_2026-05-15_02-18-02-693,001,001,1,003,003.jpg,320,49.601182,1778804332.296236,5.316667,-180.0,92.0,2940,1912,0.513626,0.82,0.0,0.0,pix
real_001_s001_2026-05-15_02-18-02-693,001,001,1,003,003.jpg,321,49.617849,1778804332.312902,5.333333,-180.0,92.0,2940,1912,0.513626,0.82,0.0,0.0,pix
real_001_s001_2026-05-15_02-18-02-693,001,001,1,003,003.jpg,322,49.634515,1778804332.329569,5.35,-180.0,92.0,2940,1912,0.513626,0.82,0.0,0.0,pix
real_001_s001_2026-05-15_02-18-02-693,001,001,1,003,003.jpg,323,49.651182,1778804332.346236,5.366667,-180.0,92.0,2940,1912,0.513626,0.82,0.0,0.0,pix
real_001_s001_2026-05-15_02-18-02-693,001,001,1,003,003.jpg,324,49.667849,1778804332.362902,5.383333,-180.0,92.0,2940,1912,0.513626,0.82,0.0,0.0,pix
real_001_s001_2026-05-15_02-18-02-693,001,001,1,003,003.jpg,325,49.684515,1778804332.379569,5.4,-180.0,92.0,2940,1912,0.513626,0.82,0.0,0.0,pix
real_001_s001_2026-05-15_02-18-02-693,001,001,1,003,003.jpg,326,49.701182,1778804332.396236,5.416667,-180.0,92.0,2940,1912,0.513626,0.82,0.0,0.0,pix
real_001_s001_2026-05-15_02-18-02-693,001,001,1,003,003.jpg,327,49.717849,1778804332.412902,5.433333,-180.0,92.0,2940,1912,0.513626,0.82,0.0,0.0,pix
real_001_s001_2026-05-15_02-18-02-693,001,001,1,003,003.jpg,328,49.734515,1778804332.429569,5.45,-180.0,92.0,2940,1912,0.513626,0.82,0.0,0.0,pix
real_001_s001_2026-05-15_02-18-02-693,001,001,1,003,003.jpg,329,49.751182,1778804332.446236,5.466667,-180.0,92.0,2940,1912,0.513626,0.82,0.0,0.0,pix
real_001_s001_2026-05-15_02-18-02-693,001,001,1,003,003.jpg,330,49.767849,1778804332.462902,5.483333,-180.0,92.0,2940,1912,0.513626,0.82,0.0,0.0,pix
real_001_s001_2026-05-15_02-18-02-693,001,001,1,003,003.jpg,331,49.784515,1778804332.479569,5.5,-180.0,92.0,2940,1912,0.513626,0.82,0.0,0.0,pix
real_001_s001_2026-05-15_02-18-02-693,001,001,1,003,003.jpg,332,49.801182,1778804332.496236,5.516667,-180.0,92.0,2940,1912,0.513626,0.82,0.0,0.0,pix
real_001_s001_2026-05-15_02-18-02-693,001,001,1,003,003.jpg,333,49.817849,1778804332.512902,5.533333,-180.0,92.0,2940,1912,0.513626,0.82,0.0,0.0,pix
real_001_s001_2026-05-15_02-18-02-693,001,001,1,003,003.jpg,334,49.834515,1778804332.529569,5.55,-180.0,92.0,2940,1912,0.513626,0.82,0.0,0.0,pix
real_001_s001_2026-05-15_02-18-02-693,001,001,1,003,003.jpg,335,49.851182,1778804332.546236,5.566667,-180.0,92.0,2940,1912,0.513626,0.82,0.0,0.0,pix
real_001_s001_2026-05-15_02-18-02-693,001,001,1,003,003.jpg,336,49.867849,1778804332.562902,5.583333,-180.0,92.0,2940,1912,0.513626,0.82,0.0,0.0,pix
real_001_s001_2026-05-15_02-18-02-693,001,001,1,003,003.jpg,337,49.884515,1778804332.579569,5.6,-180.0,92.0,2940,1912,0.513626,0.82,0.0,0.0,pix
real_001_s001_2026-05-15_02-18-02-693,001,001,1,003,003.jpg,338,49.901182,1778804332.596236,5.616667,-180.0,92.0,2940,1912,0.513626,0.82,0.0,0.0,pix
real_001_s001_2026-05-15_02-18-02-693,001,001,1,003,003.jpg,339,49.917849,1778804332.612902,5.633333,-180.0,92.0,2940,1912,0.513626,0.82,0.0,0.0,pix
real_001_s001_2026-05-15_02-18-02-693,001,001,1,003,003.jpg,340,49.934515,1778804332.629569,5.65,-180.0,92.0,2940,1912,0.513626,0.82,0.0,0.0,pix
real_001_s001_2026-05-15_02-18-02-693,001,001,1,003,003.jpg,341,49.951182,1778804332.646236,5.666667,-180.0,92.0,2940,1912,0.513626,0.82,0.0,0.0,pix
real_001_s001_2026-05-15_02-18-02-693,001,001,1,003,003.jpg,342,49.967849,1778804332.662902,5.683333,-180.0,92.0,2940,1912,0.513626,0.82,0.0,0.0,pix
real_001_s001_2026-05-15_02-18-02-693,001,001,1,003,003.jpg,343,49.984515,1778804332.679569,5.7,-180.0,92.0,2940,1912,0.513626,0.82,0.0,0.0,pix
real_001_s001_2026-05-15_02-18-02-693,001,001,1,003,003.jpg,344,50.001182,1778804332.696236,5.716667,-180.0,92.0,2940,1912,0.513626,0.82,0.0,0.0,pix
real_001_s001_2026-05-15_02-18-02-693,001,001,1,003,003.jpg,345,50.017849,1778804332.712902,5.733333,-180.0,92.0,2940,1912,0.513626,0.82,0.0,0.0,pix
real_001_s001_2026-05-15_02-18-02-693,001,001,1,003,003.jpg,346,50.034515,1778804332.729569,5.75,-180.0,92.0,2940,1912,0.513626,0.82,0.0,0.0,pix
real_001_s001_2026-05-15_02-18-02-693,001,001,1,003,003.jpg,347,50.051182,1778804332.746236,5.766667,-180.0,92.0,2940,1912,0.513626,0.82,0.0,0.0,pix
real_001_s001_2026-05-15_02-18-02-693,001,001,1,003,003.jpg,348,50.067849,1778804332.762902,5.783333,-180.0,92.0,2940,1912,0.513626,0.82,0.0,0.0,pix
real_001_s001_2026-05-15_02-18-02-693,001,001,1,003,003.jpg,349,50.084515,1778804332.779569,5.8,-180.0,92.0,2940,1912,0.513626,0.82,0.0,0.0,pix
real_001_s001_2026-05-15_02-18-02-693,001,001,1,003,003.jpg,350,50.101182,1778804332.796236,5.816667,-180.0,92.0,2940,1912,0.513626,0.82,0.0,0.0,pix
real_001_s001_2026-05-15_02-18-02-693,001,001,1,003,003.jpg,351,50.117849,1778804332.812902,5.833333,-180.0,92.0,2940,1912,0.513626,0.82,0.0,0.0,pix
real_001_s001_2026-05-15_02-18-02-693,001,001,1,003,003.jpg,352,50.134515,1778804332.829569,5.85,-180.0,92.0,2940,1912,0.513626,0.82,0.0,0.0,pix
real_001_s001_2026-05-15_02-18-02-693,001,001,1,003,003.jpg,353,50.151182,1778804332.846236,5.866667,-180.0,92.0,2940,1912,0.513626,0.82,0.0,0.0,pix
real_001_s001_2026-05-15_02-18-02-693,001,001,1,003,003.jpg,354,50.167849,1778804332.862902,5.883333,-180.0,92.0,2940,1912,0.513626,0.82,0.0,0.0,pix
real_001_s001_2026-05-15_02-18-02-693,001,001,1,003,003.jpg,355,50.184515,1778804332.879569,5.9,-180.0,92.0,2940,1912,0.513626,0.82,0.0,0.0,pix
real_001_s001_2026-05-15_02-18-02-693,001,001,1,003,003.jpg,356,50.201182,1778804332.896236,5.916667,-180.0,92.0,2940,1912,0.513626,0.82,0.0,0.0,pix
real_001_s001_2026-05-15_02-18-02-693,001,001,1,003,003.jpg,357,50.217849,1778804332.912902,5.933333,-180.0,92.0,2940,1912,0.513626,0.82,0.0,0.0,pix
real_001_s001_2026-05-15_02-18-02-693,001,001,1,003,003.jpg,358,50.234515,1778804332.929569,5.95,-180.0,92.0,2940,1912,0.513626,0.82,0.0,0.0,pix
real_001_s001_2026-05-15_02-18-02-693,001,001,1,003,003.jpg,359,50.251182,1778804332.946236,5.966667,-180.0,92.0,2940,1912,0.513626,0.82,0.0,0.0,pix
real_001_s001_2026-05-15_02-18-02-693,001,001,1,003,003.jpg,360,50.267849,1778804332.962902,5.983333,-180.0,92.0,2940,1912,0.513626,0.82,0.0,0.0,pix
real_001_s001_2026-05-15_02-18-02-693,001,001,1,003,003.jpg,361,50.284515,1778804332.979569,6.0,-180.0,92.0,2940,1912,0.513626,0.82,0.0,0.0,pix
real_001_s001_2026-05-15_02-18-02-693,001,001,1,003,003.jpg,362,50.301182,1778804332.996236,6.016667,-180.0,92.0,2940,1912,0.513626,0.82,0.0,0.0,pix
real_001_s001_2026-05-15_02-18-02-693,001,001,1,003,003.jpg,363,50.317849,1778804333.012902,6.033333,-180.0,92.0,2940,1912,0.513626,0.82,0.0,0.0,pix
real_001_s001_2026-05-15_02-18-02-693,001,001,1,003,003.jpg,364,50.334515,1778804333.029569,6.05,-180.0,92.0,2940,1912,0.513626,0.82,0.0,0.0,pix
real_001_s001_2026-05-15_02-18-02-693,001,001,1,003,003.jpg,365,50.351182,1778804333.046236,6.066667,-180.0,92.0,2940,1912,0.513626,0.82,0.0,0.0,pix
real_001_s001_2026-05-15_02-18-02-693,001,001,1,003,003.jpg,366,50.367849,1778804333.062902,6.083333,-180.0,92.0,2940,1912,0.513626,0.82,0.0,0.0,pix
real_001_s001_2026-05-15_02-18-02-693,001,001,1,003,003.jpg,367,50.384515,1778804333.079569,6.1,-180.0,92.0,2940,1912,0.513626,0.82,0.0,0.0,pix
real_001_s001_2026-05-15_02-18-02-693,001,001,1,003,003.jpg,368,50.401182,1778804333.096236,6.116667,-180.0,92.0,2940,1912,0.513626,0.82,0.0,0.0,pix
real_001_s001_2026-05-15_02-18-02-693,001,001,1,003,003.jpg,369,50.417849,1778804333.112902,6.133333,-180.0,92.0,2940,1912,0.513626,0.82,0.0,0.0,pix
real_001_s001_2026-05-15_02-18-02-693,001,001,1,003,003.jpg,370,50.434515,1778804333.129569,6.15,-180.0,92.0,2940,1912,0.513626,0.82,0.0,0.0,pix
real_001_s001_2026-05-15_02-18-02-693,001,001,1,003,003.jpg,371,50.451182,1778804333.146236,6.166667,-180.0,92.0,2940,1912,0.513626,0.82,0.0,0.0,pix
real_001_s001_2026-05-15_02-18-02-693,001,001,1,003,003.jpg,372,50.467849,1778804333.162902,6.183333,-180.0,92.0,2940,1912,0.513626,0.82,0.0,0.0,pix
real_001_s001_2026-05-15_02-18-02-693,001,001,1,003,003.jpg,373,50.484515,1778804333.179569,6.2,-180.0,92.0,2940,1912,0.513626,0.82,0.0,0.0,pix
real_001_s001_2026-05-15_02-18-02-693,001,001,1,003,003.jpg,374,50.501182,1778804333.196236,6.216667,-180.0,92.0,2940,1912,0.513626,0.82,0.0,0.0,pix
real_001_s001_2026-05-15_02-18-02-693,001,001,1,003,003.jpg,375,50.517849,1778804333.212902,6.233333,-180.0,92.0,2940,1912,0.513626,0.82,0.0,0.0,pix
real_001_s001_2026-05-15_02-18-02-693,001,001,1,003,003.jpg,376,50.534515,1778804333.229569,6.25,-180.0,92.0,2940,1912,0.513626,0.82,0.0,0.0,pix
real_001_s001_2026-05-15_02-18-02-693,001,001,1,003,003.jpg,377,50.551182,1778804333.246236,6.266667,-180.0,92.0,2940,1912,0.513626,0.82,0.0,0.0,pix
real_001_s001_2026-05-15_02-18-02-693,001,001,1,003,003.jpg,378,50.567849,1778804333.262902,6.283333,-180.0,92.0,2940,1912,0.513626,0.82,0.0,0.0,pix
real_001_s001_2026-05-15_02-18-02-693,001,001,1,003,003.jpg,379,50.584515,1778804333.279569,6.3,-180.0,92.0,2940,1912,0.513626,0.82,0.0,0.0,pix
real_001_s001_2026-05-15_02-18-02-693,001,001,1,003,003.jpg,380,50.601182,1778804333.296236,6.316667,-180.0,92.0,2940,1912,0.513626,0.82,0.0,0.0,pix
real_001_s001_2026-05-15_02-18-02-693,001,001,1,003,003.jpg,381,50.617849,1778804333.312902,6.333333,-180.0,92.0,2940,1912,0.513626,0.82,0.0,0.0,pix
real_001_s001_2026-05-15_02-18-02-693,001,001,1,003,003.jpg,382,50.634515,1778804333.329569,6.35,-180.0,92.0,2940,1912,0.513626,0.82,0.0,0.0,pix
real_001_s001_2026-05-15_02-18-02-693,001,001,1,003,003.jpg,383,50.651182,1778804333.346236,6.366667,-180.0,92.0,2940,1912,0.513626,0.82,0.0,0.0,pix
real_001_s001_2026-05-15_02-18-02-693,001,001,1,003,003.jpg,384,50.667849,1778804333.362902,6.383333,-180.0,92.0,2940,1912,0.513626,0.82,0.0,0.0,pix
real_001_s001_2026-05-15_02-18-02-693,001,001,1,003,003.jpg,385,50.684515,1778804333.379569,6.4,-180.0,92.0,2940,1912,0.513626,0.82,0.0,0.0,pix
real_001_s001_2026-05-15_02-18-02-693,001,001,1,003,003.jpg,386,50.701182,1778804333.396236,6.416667,-180.0,92.0,2940,1912,0.513626,0.82,0.0,0.0,pix
real_001_s001_2026-05-15_02-18-02-693,001,001,1,003,003.jpg,387,50.717849,1778804333.412902,6.433333,-180.0,92.0,2940,1912,0.513626,0.82,0.0,0.0,pix
real_001_s001_2026-05-15_02-18-02-693,001,001,1,003,003.jpg,388,50.734515,1778804333.429569,6.45,-180.0,92.0,2940,1912,0.513626,0.82,0.0,0.0,pix
real_001_s001_2026-05-15_02-18-02-693,001,001,1,003,003.jpg,389,50.751182,1778804333.446236,6.466667,-180.0,92.0,2940,1912,0.513626,0.82,0.0,0.0,pix
real_001_s001_2026-05-15_02-18-02-693,001,001,1,003,003.jpg,390,50.767849,1778804333.462902,6.483333,-180.0,92.0,2940,1912,0.513626,0.82,0.0,0.0,pix
real_001_s001_2026-05-15_02-18-02-693,001,001,1,003,003.jpg,391,50.784515,1778804333.479569,6.5,-180.0,92.0,2940,1912,0.513626,0.82,0.0,0.0,pix
real_001_s001_2026-05-15_02-18-02-693,001,001,1,003,003.jpg,392,50.801182,1778804333.496236,6.516667,-180.0,92.0,2940,1912,0.513626,0.82,0.0,0.0,pix
real_001_s001_2026-05-15_02-18-02-693,001,001,1,003,003.jpg,393,50.817849,1778804333.512902,6.533333,-180.0,92.0,2940,1912,0.513626,0.82,0.0,0.0,pix
real_001_s001_2026-05-15_02-18-02-693,001,001,1,003,003.jpg,394,50.834515,1778804333.529569,6.55,-180.0,92.0,2940,1912,0.513626,0.82,0.0,0.0,pix
real_001_s001_2026-05-15_02-18-02-693,001,001,1,003,003.jpg,395,50.851182,1778804333.546236,6.566667,-180.0,92.0,2940,1912,0.513626,0.82,0.0,0.0,pix
real_001_s001_2026-05-15_02-18-02-693,001,001,1,003,003.jpg,396,50.867849,1778804333.562902,6.583333,-180.0,92.0,2940,1912,0.513626,0.82,0.0,0.0,pix
real_001_s001_2026-05-15_02-18-02-693,001,001,1,003,003.jpg,397,50.884515,1778804333.579569,6.6,-180.0,92.0,2940,1912,0.513626,0.82,0.0,0.0,pix
real_001_s001_2026-05-15_02-18-02-693,001,001,1,003,003.jpg,398,50.901182,1778804333.596236,6.616667,-180.0,92.0,2940,1912,0.513626,0.82,0.0,0.0,pix
real_001_s001_2026-05-15_02-18-02-693,001,001,1,003,003.jpg,399,50.917849,1778804333.612902,6.633333,-180.0,92.0,2940,1912,0.513626,0.82,0.0,0.0,pix
real_001_s001_2026-05-15_02-18-02-693,001,001,1,003,003.jpg,400,50.934515,1778804333.629569,6.65,-180.0,92.0,2940,1912,0.513626,0.82,0.0,0.0,pix
real_001_s001_2026-05-15_02-18-02-693,001,001,1,003,003.jpg,401,50.951182,1778804333.646236,6.666667,-180.0,92.0,2940,1912,0.513626,0.82,0.0,0.0,pix
real_001_s001_2026-05-15_02-18-02-693,001,001,1,003,003.jpg,402,50.967849,1778804333.662902,6.683333,-180.0,92.0,2940,1912,0.513626,0.82,0.0,0.0,pix
real_001_s001_2026-05-15_02-18-02-693,001,001,1,003,003.jpg,403,50.984515,1778804333.679569,6.7,-180.0,92.0,2940,1912,0.513626,0.82,0.0,0.0,pix
real_001_s001_2026-05-15_02-18-02-693,001,001,1,003,003.jpg,404,51.001182,1778804333.696236,6.716667,-180.0,92.0,2940,1912,0.513626,0.82,0.0,0.0,pix
real_001_s001_2026-05-15_02-18-02-693,001,001,1,003,003.jpg,405,51.017849,1778804333.712902,6.733333,-180.0,92.0,2940,1912,0.513626,0.82,0.0,0.0,pix
real_001_s001_2026-05-15_02-18-02-693,001,001,1,003,003.jpg,406,51.034515,1778804333.729569,6.75,-180.0,92.0,2940,1912,0.513626,0.82,0.0,0.0,pix
real_001_s001_2026-05-15_02-18-02-693,001,001,1,003,003.jpg,407,51.051182,1778804333.746236,6.766667,-180.0,92.0,2940,1912,0.513626,0.82,0.0,0.0,pix
real_001_s001_2026-05-15_02-18-02-693,001,001,1,003,003.jpg,408,51.067849,1778804333.762902,6.783333,-180.0,92.0,2940,1912,0.513626,0.82,0.0,0.0,pix
real_001_s001_2026-05-15_02-18-02-693,001,001,1,003,003.jpg,409,51.084515,1778804333.779569,6.8,-180.0,92.0,2940,1912,0.513626,0.82,0.0,0.0,pix
real_001_s001_2026-05-15_02-18-02-693,001,001,1,003,003.jpg,410,51.101182,1778804333.796236,6.816667,-180.0,92.0,2940,1912,0.513626,0.82,0.0,0.0,pix
real_001_s001_2026-05-15_02-18-02-693,001,001,1,003,003.jpg,411,51.117849,1778804333.812902,6.833333,-180.0,92.0,2940,1912,0.513626,0.82,0.0,0.0,pix
real_001_s001_2026-05-15_02-18-02-693,001,001,1,003,003.jpg,412,51.134515,1778804333.829569,6.85,-180.0,92.0,2940,1912,0.513626,0.82,0.0,0.0,pix
real_001_s001_2026-05-15_02-18-02-693,001,001,1,003,003.jpg,413,51.151182,1778804333.846236,6.866667,-180.0,92.0,2940,1912,0.513626,0.82,0.0,0.0,pix
real_001_s001_2026-05-15_02-18-02-693,001,001,1,003,003.jpg,414,51.167849,1778804333.862902,6.883333,-180.0,92.0,2940,1912,0.513626,0.82,0.0,0.0,pix
real_001_s001_2026-05-15_02-18-02-693,001,001,1,003,003.jpg,415,51.184515,1778804333.879569,6.9,-180.0,92.0,2940,1912,0.513626,0.82,0.0,0.0,pix
real_001_s001_2026-05-15_02-18-02-693,001,001,1,003,003.jpg,416,51.201182,1778804333.896236,6.916667,-180.0,92.0,2940,1912,0.513626,0.82,0.0,0.0,pix
real_001_s001_2026-05-15_02-18-02-693,001,001,1,003,003.jpg,417,51.217849,1778804333.912902,6.933333,-180.0,92.0,2940,1912,0.513626,0.82,0.0,0.0,pix
real_001_s001_2026-05-15_02-18-02-693,001,001,1,003,003.jpg,418,51.234515,1778804333.929569,6.95,-180.0,92.0,2940,1912,0.513626,0.82,0.0,0.0,pix
real_001_s001_2026-05-15_02-18-02-693,001,001,1,003,003.jpg,419,51.251182,1778804333.946236,6.966667,-180.0,92.0,2940,1912,0.513626,0.82,0.0,0.0,pix
real_001_s001_2026-05-15_02-18-02-693,001,001,1,003,003.jpg,420,51.267849,1778804333.962902,6.983333,-180.0,92.0,2940,1912,0.513626,0.82,0.0,0.0,pix
real_001_s001_2026-05-15_02-18-02-693,001,001,1,003,003.jpg,421,51.284515,1778804333.979569,7.0,-180.0,92.0,2940,1912,0.513626,0.82,0.0,0.0,pix
real_001_s001_2026-05-15_02-18-02-693,001,001,1,003,003.jpg,422,51.301182,1778804333.996236,7.016667,-180.0,92.0,2940,1912,0.513626,0.82,0.0,0.0,pix
real_001_s001_2026-05-15_02-18-02-693,001,001,1,003,003.jpg,423,51.317849,1778804334.012902,7.033333,-180.0,92.0,2940,1912,0.513626,0.82,0.0,0.0,pix
real_001_s001_2026-05-15_02-18-02-693,001,001,1,003,003.jpg,424,51.334515,1778804334.029569,7.05,-180.0,92.0,2940,1912,0.513626,0.82,0.0,0.0,pix
real_001_s001_2026-05-15_02-18-02-693,001,001,1,003,003.jpg,425,51.351182,1778804334.046236,7.066667,-180.0,92.0,2940,1912,0.513626,0.82,0.0,0.0,pix
real_001_s001_2026-05-15_02-18-02-693,001,001,1,003,003.jpg,426,51.367849,1778804334.062902,7.083333,-180.0,92.0,2940,1912,0.513626,0.82,0.0,0.0,pix
real_001_s001_2026-05-15_02-18-02-693,001,001,1,003,003.jpg,427,51.384515,1778804334.079569,7.1,-180.0,92.0,2940,1912,0.513626,0.82,0.0,0.0,pix
real_001_s001_2026-05-15_02-18-02-693,001,001,1,003,003.jpg,428,51.401182,1778804334.096236,7.116667,-180.0,92.0,2940,1912,0.513626,0.82,0.0,0.0,pix
real_001_s001_2026-05-15_02-18-02-693,001,001,1,003,003.jpg,429,51.417849,1778804334.112902,7.133333,-180.0,92.0,2940,1912,0.513626,0.82,0.0,0.0,pix
real_001_s001_2026-05-15_02-18-02-693,001,001,1,003,003.jpg,430,51.434515,1778804334.129569,7.15,-180.0,92.0,2940,1912,0.513626,0.82,0.0,0.0,pix
real_001_s001_2026-05-15_02-18-02-693,001,001,1,003,003.jpg,431,51.451182,1778804334.146236,7.166667,-180.0,92.0,2940,1912,0.513626,0.82,0.0,0.0,pix
real_001_s001_2026-05-15_02-18-02-693,001,001,1,003,003.jpg,432,51.467849,1778804334.162902,7.183333,-180.0,92.0,2940,1912,0.513626,0.82,0.0,0.0,pix
real_001_s001_2026-05-15_02-18-02-693,001,001,1,003,003.jpg,433,51.484515,1778804334.179569,7.2,-180.0,92.0,2940,1912,0.513626,0.82,0.0,0.0,pix
real_001_s001_2026-05-15_02-18-02-693,001,001,1,003,003.jpg,434,51.501182,1778804334.196236,7.216667,-180.0,92.0,2940,1912,0.513626,0.82,0.0,0.0,pix
real_001_s001_2026-05-15_02-18-02-693,001,001,1,003,003.jpg,435,51.517849,1778804334.212902,7.233333,-180.0,92.0,2940,1912,0.513626,0.82,0.0,0.0,pix
real_001_s001_2026-05-15_02-18-02-693,001,001,1,003,003.jpg,436,51.534515,1778804334.229569,7.25,-180.0,92.0,2940,1912,0.513626,0.82,0.0,0.0,pix
real_001_s001_2026-05-15_02-18-02-693,001,001,1,003,003.jpg,437,51.551182,1778804334.246236,7.266667,-180.0,92.0,2940,1912,0.513626,0.82,0.0,0.0,pix
real_001_s001_2026-05-15_02-18-02-693,001,001,1,003,003.jpg,438,51.567849,1778804334.262902,7.283333,-180.0,92.0,2940,1912,0.513626,0.82,0.0,0.0,pix
real_001_s001_2026-05-15_02-18-02-693,001,001,1,003,003.jpg,439,51.584515,1778804334.279569,7.3,-180.0,92.0,2940,1912,0.513626,0.82,0.0,0.0,pix
real_001_s001_2026-05-15_02-18-02-693,001,001,1,003,003.jpg,440,51.601182,1778804334.296236,7.316667,-180.0,92.0,2940,1912,0.513626,0.82,0.0,0.0,pix
real_001_s001_2026-05-15_02-18-02-693,001,001,1,003,003.jpg,441,51.617849,1778804334.312902,7.333333,-180.0,92.0,2940,1912,0.513626,0.82,0.0,0.0,pix
real_001_s001_2026-05-15_02-18-02-693,001,001,1,003,003.jpg,442,51.634515,1778804334.329569,7.35,-180.0,92.0,2940,1912,0.513626,0.82,0.0,0.0,pix
real_001_s001_2026-05-15_02-18-02-693,001,001,1,003,003.jpg,443,51.651182,1778804334.346236,7.366667,-180.0,92.0,2940,1912,0.513626,0.82,0.0,0.0,pix
real_001_s001_2026-05-15_02-18-02-693,001,001,1,003,003.jpg,444,51.667849,1778804334.362902,7.383333,-180.0,92.0,2940,1912,0.513626,0.82,0.0,0.0,pix
real_001_s001_2026-05-15_02-18-02-693,001,001,1,003,003.jpg,445,51.684515,1778804334.379569,7.4,-180.0,92.0,2940,1912,0.513626,0.82,0.0,0.0,pix
real_001_s001_2026-05-15_02-18-02-693,001,001,1,003,003.jpg,446,51.701182,1778804334.396236,7.416667,-180.0,92.0,2940,1912,0.513626,0.82,0.0,0.0,pix
real_001_s001_2026-05-15_02-18-02-693,001,001,1,003,003.jpg,447,51.717849,1778804334.412902,7.433333,-180.0,92.0,2940,1912,0.513626,0.82,0.0,0.0,pix
real_001_s001_2026-05-15_02-18-02-693,001,001,1,003,003.jpg,448,51.734515,1778804334.429569,7.45,-180.0,92.0,2940,1912,0.513626,0.82,0.0,0.0,pix
real_001_s001_2026-05-15_02-18-02-693,001,001,1,003,003.jpg,449,51.751182,1778804334.446236,7.466667,-180.0,92.0,2940,1912,0.513626,0.82,0.0,0.0,pix
real_001_s001_2026-05-15_02-18-02-693,001,001,1,003,003.jpg,450,51.767849,1778804334.462902,7.483333,-180.0,92.0,2940,1912,0.513626,0.82,0.0,0.0,pix
real_001_s001_2026-05-15_02-18-02-693,001,001,1,003,003.jpg,451,51.784515,1778804334.479569,7.5,-180.0,92.0,2940,1912,0.513626,0.82,0.0,0.0,pix
real_001_s001_2026-05-15_02-18-02-693,001,001,1,003,003.jpg,452,51.801182,1778804334.496236,7.516667,-180.0,92.0,2940,1912,0.513626,0.82,0.0,0.0,pix
real_001_s001_2026-05-15_02-18-02-693,001,001,1,003,003.jpg,453,51.817849,1778804334.512902,7.533333,-180.0,92.0,2940,1912,0.513626,0.82,0.0,0.0,pix
real_001_s001_2026-05-15_02-18-02-693,001,001,1,003,003.jpg,454,51.834515,1778804334.529569,7.55,-180.0,92.0,2940,1912,0.513626,0.82,0.0,0.0,pix
real_001_s001_2026-05-15_02-18-02-693,001,001,1,003,003.jpg,455,51.851182,1778804334.546236,7.566667,-180.0,92.0,2940,1912,0.513626,0.82,0.0,0.0,pix
real_001_s001_2026-05-15_02-18-02-693,001,001,1,003,003.jpg,456,51.867849,1778804334.562902,7.583333,-180.0,92.0,2940,1912,0.513626,0.82,0.0,0.0,pix
real_001_s001_2026-05-15_02-18-02-693,001,001,1,003,003.jpg,457,51.884515,1778804334.579569,7.6,-180.0,92.0,2940,1912,0.513626,0.82,0.0,0.0,pix
real_001_s001_2026-05-15_02-18-02-693,001,001,1,003,003.jpg,458,51.901182,1778804334.596236,7.616667,-180.0,92.0,2940,1912,0.513626,0.82,0.0,0.0,pix
real_001_s001_2026-05-15_02-18-02-693,001,001,1,003,003.jpg,459,51.917849,1778804334.612902,7.633333,-180.0,92.0,2940,1912,0.513626,0.82,0.0,0.0,pix
real_001_s001_2026-05-15_02-18-02-693,001,001,1,003,003.jpg,460,51.934515,1778804334.629569,7.65,-180.0,92.0,2940,1912,0.513626,0.82,0.0,0.0,pix
real_001_s001_2026-05-15_02-18-02-693,001,001,1,003,003.jpg,461,51.951182,1778804334.646236,7.666667,-180.0,92.0,2940,1912,0.513626,0.82,0.0,0.0,pix
real_001_s001_2026-05-15_02-18-02-693,001,001,1,003,003.jpg,462,51.967849,1778804334.662902,7.683333,-180.0,92.0,2940,1912,0.513626,0.82,0.0,0.0,pix
real_001_s001_2026-05-15_02-18-02-693,001,001,1,003,003.jpg,463,51.984515,1778804334.679569,7.7,-180.0,92.0,2940,1912,0.513626,0.82,0.0,0.0,pix
real_001_s001_2026-05-15_02-18-02-693,001,001,1,003,003.jpg,464,52.001182,1778804334.696236,7.716667,-180.0,92.0,2940,1912,0.513626,0.82,0.0,0.0,pix
real_001_s001_2026-05-15_02-18-02-693,001,001,1,003,003.jpg,465,52.017849,1778804334.712902,7.733333,-180.0,92.0,2940,1912,0.513626,0.82,0.0,0.0,pix
real_001_s001_2026-05-15_02-18-02-693,001,001,1,003,003.jpg,466,52.034515,1778804334.729569,7.75,-180.0,92.0,2940,1912,0.513626,0.82,0.0,0.0,pix
real_001_s001_2026-05-15_02-18-02-693,001,001,1,003,003.jpg,467,52.051182,1778804334.746236,7.766667,-180.0,92.0,2940,1912,0.513626,0.82,0.0,0.0,pix
real_001_s001_2026-05-15_02-18-02-693,001,001,1,003,003.jpg,468,52.067849,1778804334.762902,7.783333,-180.0,92.0,2940,1912,0.513626,0.82,0.0,0.0,pix
real_001_s001_2026-05-15_02-18-02-693,001,001,1,003,003.jpg,469,52.084515,1778804334.779569,7.8,-180.0,92.0,2940,1912,0.513626,0.82,0.0,0.0,pix
real_001_s001_2026-05-15_02-18-02-693,001,001,1,003,003.jpg,470,52.101182,1778804334.796236,7.816667,-180.0,92.0,2940,1912,0.513626,0.82,0.0,0.0,pix
real_001_s001_2026-05-15_02-18-02-693,001,001,1,003,003.jpg,471,52.117849,1778804334.812902,7.833333,-180.0,92.0,2940,1912,0.513626,0.82,0.0,0.0,pix
real_001_s001_2026-05-15_02-18-02-693,001,001,1,003,003.jpg,472,52.134515,1778804334.829569,7.85,-180.0,92.0,2940,1912,0.513626,0.82,0.0,0.0,pix
real_001_s001_2026-05-15_02-18-02-693,001,001,1,003,003.jpg,473,52.151182,1778804334.846236,7.866667,-180.0,92.0,2940,1912,0.513626,0.82,0.0,0.0,pix
real_001_s001_2026-05-15_02-18-02-693,001,001,1,003,003.jpg,474,52.167849,1778804334.862902,7.883333,-180.0,92.0,2940,1912,0.513626,0.82,0.0,0.0,pix
real_001_s001_2026-05-15_02-18-02-693,001,001,1,003,003.jpg,475,52.184515,1778804334.879569,7.9,-180.0,92.0,2940,1912,0.513626,0.82,0.0,0.0,pix
real_001_s001_2026-05-15_02-18-02-693,001,001,1,003,003.jpg,476,52.201182,1778804334.896236,7.916667,-180.0,92.0,2940,1912,0.513626,0.82,0.0,0.0,pix
real_001_s001_2026-05-15_02-18-02-693,001,001,1,003,003.jpg,477,52.217849,1778804334.912902,7.933333,-180.0,92.0,2940,1912,0.513626,0.82,0.0,0.0,pix
real_001_s001_2026-05-15_02-18-02-693,001,001,1,003,003.jpg,478,52.234515,1778804334.929569,7.95,-180.0,92.0,2940,1912,0.513626,0.82,0.0,0.0,pix
real_001_s001_2026-05-15_02-18-02-693,001,001,1,003,003.jpg,479,52.251182,1778804334.946236,7.966667,-180.0,92.0,2940,1912,0.513626,0.82,0.0,0.0,pix
real_001_s001_2026-05-15_02-18-02-693,001,001,1,003,003.jpg,480,52.267849,1778804334.962902,7.983333,-180.0,92.0,2940,1912,0.513626,0.82,0.0,0.0,pix
real_001_s001_2026-05-15_02-18-02-693,001,001,1,003,003.jpg,481,52.284515,1778804334.979569,8.0,-180.0,92.0,2940,1912,0.513626,0.82,0.0,0.0,pix
real_001_s001_2026-05-15_02-18-02-693,001,001,1,003,003.jpg,482,52.301182,1778804334.996236,8.016667,-180.0,92.0,2940,1912,0.513626,0.82,0.0,0.0,pix
real_001_s001_2026-05-15_02-18-02-693,001,001,1,003,003.jpg,483,52.317849,1778804335.012902,8.033333,-180.0,92.0,2940,1912,0.513626,0.82,0.0,0.0,pix
real_001_s001_2026-05-15_02-18-02-693,001,001,1,003,003.jpg,484,52.334515,1778804335.029569,8.05,-180.0,92.0,2940,1912,0.513626,0.82,0.0,0.0,pix
real_001_s001_2026-05-15_02-18-02-693,001,001,1,003,003.jpg,485,52.351182,1778804335.046236,8.066667,-180.0,92.0,2940,1912,0.513626,0.82,0.0,0.0,pix
real_001_s001_2026-05-15_02-18-02-693,001,001,1,003,003.jpg,486,52.367849,1778804335.062902,8.083333,-180.0,92.0,2940,1912,0.513626,0.82,0.0,0.0,pix
real_001_s001_2026-05-15_02-18-02-693,001,001,1,003,003.jpg,487,52.384515,1778804335.079569,8.1,-180.0,92.0,2940,1912,0.513626,0.82,0.0,0.0,pix
real_001_s001_2026-05-15_02-18-02-693,001,001,1,003,003.jpg,488,52.401182,1778804335.096236,8.116667,-180.0,92.0,2940,1912,0.513626,0.82,0.0,0.0,pix
real_001_s001_2026-05-15_02-18-02-693,001,001,1,003,003.jpg,489,52.417849,1778804335.112902,8.133333,-180.0,92.0,2940,1912,0.513626,0.82,0.0,0.0,pix
real_001_s001_2026-05-15_02-18-02-693,001,001,1,003,003.jpg,490,52.434515,1778804335.129569,8.15,-180.0,92.0,2940,1912,0.513626,0.82,0.0,0.0,pix
real_001_s001_2026-05-15_02-18-02-693,001,001,1,003,003.jpg,491,52.451182,1778804335.146236,8.166667,-180.0,92.0,2940,1912,0.513626,0.82,0.0,0.0,pix
real_001_s001_2026-05-15_02-18-02-693,001,001,1,003,003.jpg,492,52.467849,1778804335.162902,8.183333,-180.0,92.0,2940,1912,0.513626,0.82,0.0,0.0,pix
real_001_s001_2026-05-15_02-18-02-693,001,001,1,003,003.jpg,493,52.484515,1778804335.179569,8.2,-180.0,92.0,2940,1912,0.513626,0.82,0.0,0.0,pix
real_001_s001_2026-05-15_02-18-02-693,001,001,1,003,003.jpg,494,52.501182,1778804335.196236,8.216667,-180.0,92.0,2940,1912,0.513626,0.82,0.0,0.0,pix
real_001_s001_2026-05-15_02-18-02-693,001,001,1,003,003.jpg,495,52.517849,1778804335.212902,8.233333,-180.0,92.0,2940,1912,0.513626,0.82,0.0,0.0,pix
real_001_s001_2026-05-15_02-18-02-693,001,001,1,003,003.jpg,496,52.534515,1778804335.229569,8.25,-180.0,92.0,2940,1912,0.513626,0.82,0.0,0.0,pix
real_001_s001_2026-05-15_02-18-02-693,001,001,1,003,003.jpg,497,52.551182,1778804335.246236,8.266667,-180.0,92.0,2940,1912,0.513626,0.82,0.0,0.0,pix
real_001_s001_2026-05-15_02-18-02-693,001,001,1,003,003.jpg,498,52.567849,1778804335.262902,8.283333,-180.0,92.0,2940,1912,0.513626,0.82,0.0,0.0,pix
real_001_s001_2026-05-15_02-18-02-693,001,001,1,003,003.jpg,499,52.584515,1778804335.279569,8.3,-180.0,92.0,2940,1912,0.513626,0.82,0.0,0.0,pix
real_001_s001_2026-05-15_02-18-02-693,001,001,1,003,003.jpg,500,52.601182,1778804335.296236,8.316667,-180.0,92.0,2940,1912,0.513626,0.82,0.0,0.0,pix
real_001_s001_2026-05-15_02-18-02-693,001,001,1,003,003.jpg,501,52.617849,1778804335.312902,8.333333,-180.0,92.0,2940,1912,0.513626,0.82,0.0,0.0,pix
real_001_s001_2026-05-15_02-18-02-693,001,001,1,003,003.jpg,502,52.634515,1778804335.329569,8.35,-180.0,92.0,2940,1912,0.513626,0.82,0.0,0.0,pix
real_001_s001_2026-05-15_02-18-02-693,001,001,1,003,003.jpg,503,52.651182,1778804335.346236,8.366667,-180.0,92.0,2940,1912,0.513626,0.82,0.0,0.0,pix
real_001_s001_2026-05-15_02-18-02-693,001,001,1,003,003.jpg,504,52.667849,1778804335.362902,8.383333,-180.0,92.0,2940,1912,0.513626,0.82,0.0,0.0,pix
real_001_s001_2026-05-15_02-18-02-693,001,001,1,003,003.jpg,505,52.684515,1778804335.379569,8.4,-180.0,92.0,2940,1912,0.513626,0.82,0.0,0.0,pix
real_001_s001_2026-05-15_02-18-02-693,001,001,1,003,003.jpg,506,52.701182,1778804335.396236,8.416667,-180.0,92.0,2940,1912,0.513626,0.82,0.0,0.0,pix
real_001_s001_2026-05-15_02-18-02-693,001,001,1,003,003.jpg,507,52.717849,1778804335.412902,8.433333,-180.0,92.0,2940,1912,0.513626,0.82,0.0,0.0,pix
real_001_s001_2026-05-15_02-18-02-693,001,001,1,003,003.jpg,508,52.734515,1778804335.429569,8.45,-180.0,92.0,2940,1912,0.513626,0.82,0.0,0.0,pix
real_001_s001_2026-05-15_02-18-02-693,001,001,1,003,003.jpg,509,52.751182,1778804335.446236,8.466667,-180.0,92.0,2940,1912,0.513626,0.82,0.0,0.0,pix
real_001_s001_2026-05-15_02-18-02-693,001,001,1,003,003.jpg,510,52.767849,1778804335.462902,8.483333,-180.0,92.0,2940,1912,0.513626,0.82,0.0,0.0,pix
real_001_s001_2026-05-15_02-18-02-693,001,001,1,003,003.jpg,511,52.784515,1778804335.479569,8.5,-180.0,92.0,2940,1912,0.513626,0.82,0.0,0.0,pix
real_001_s001_2026-05-15_02-18-02-693,001,001,1,003,003.jpg,512,52.801182,1778804335.496236,8.516667,-180.0,92.0,2940,1912,0.513626,0.82,0.0,0.0,pix
real_001_s001_2026-05-15_02-18-02-693,001,001,1,003,003.jpg,513,52.817849,1778804335.512902,8.533333,-180.0,92.0,2940,1912,0.513626,0.82,0.0,0.0,pix
real_001_s001_2026-05-15_02-18-02-693,001,001,1,003,003.jpg,514,52.834515,1778804335.529569,8.55,-180.0,92.0,2940,1912,0.513626,0.82,0.0,0.0,pix
real_001_s001_2026-05-15_02-18-02-693,001,001,1,003,003.jpg,515,52.851182,1778804335.546236,8.566667,-180.0,92.0,2940,1912,0.513626,0.82,0.0,0.0,pix
real_001_s001_2026-05-15_02-18-02-693,001,001,1,003,003.jpg,516,52.867849,1778804335.562902,8.583333,-180.0,92.0,2940,1912,0.513626,0.82,0.0,0.0,pix
real_001_s001_2026-05-15_02-18-02-693,001,001,1,003,003.jpg,517,52.884515,1778804335.579569,8.6,-180.0,92.0,2940,1912,0.513626,0.82,0.0,0.0,pix
real_001_s001_2026-05-15_02-18-02-693,001,001,1,003,003.jpg,518,52.901182,1778804335.596236,8.616667,-180.0,92.0,2940,1912,0.513626,0.82,0.0,0.0,pix
real_001_s001_2026-05-15_02-18-02-693,001,001,1,003,003.jpg,519,52.917849,1778804335.612902,8.633333,-180.0,92.0,2940,1912,0.513626,0.82,0.0,0.0,pix
real_001_s001_2026-05-15_02-18-02-693,001,001,1,003,003.jpg,520,52.934515,1778804335.629569,8.65,-180.0,92.0,2940,1912,0.513626,0.82,0.0,0.0,pix
real_001_s001_2026-05-15_02-18-02-693,001,001,1,003,003.jpg,521,52.951182,1778804335.646236,8.666667,-180.0,92.0,2940,1912,0.513626,0.82,0.0,0.0,pix
real_001_s001_2026-05-15_02-18-02-693,001,001,1,003,003.jpg,522,52.967849,1778804335.662902,8.683333,-180.0,92.0,2940,1912,0.513626,0.82,0.0,0.0,pix
real_001_s001_2026-05-15_02-18-02-693,001,001,1,003,003.jpg,523,52.984515,1778804335.679569,8.7,-180.0,92.0,2940,1912,0.513626,0.82,0.0,0.0,pix
real_001_s001_2026-05-15_02-18-02-693,001,001,1,003,003.jpg,524,53.001182,1778804335.696236,8.716667,-180.0,92.0,2940,1912,0.513626,0.82,0.0,0.0,pix
real_001_s001_2026-05-15_02-18-02-693,001,001,1,003,003.jpg,525,53.017849,1778804335.712902,8.733333,-180.0,92.0,2940,1912,0.513626,0.82,0.0,0.0,pix
real_001_s001_2026-05-15_02-18-02-693,001,001,1,003,003.jpg,526,53.034515,1778804335.729569,8.75,-180.0,92.0,2940,1912,0.513626,0.82,0.0,0.0,pix
real_001_s001_2026-05-15_02-18-02-693,001,001,1,003,003.jpg,527,53.051182,1778804335.746236,8.766667,-180.0,92.0,2940,1912,0.513626,0.82,0.0,0.0,pix
real_001_s001_2026-05-15_02-18-02-693,001,001,1,003,003.jpg,528,53.067849,1778804335.762902,8.783333,-180.0,92.0,2940,1912,0.513626,0.82,0.0,0.0,pix
real_001_s001_2026-05-15_02-18-02-693,001,001,1,003,003.jpg,529,53.084515,1778804335.779569,8.8,-180.0,92.0,2940,1912,0.513626,0.82,0.0,0.0,pix
real_001_s001_2026-05-15_02-18-02-693,001,001,1,003,003.jpg,530,53.101182,1778804335.796236,8.816667,-180.0,92.0,2940,1912,0.513626,0.82,0.0,0.0,pix
real_001_s001_2026-05-15_02-18-02-693,001,001,1,003,003.jpg,531,53.117849,1778804335.812902,8.833333,-180.0,92.0,2940,1912,0.513626,0.82,0.0,0.0,pix
real_001_s001_2026-05-15_02-18-02-693,001,001,1,003,003.jpg,532,53.134515,1778804335.829569,8.85,-180.0,92.0,2940,1912,0.513626,0.82,0.0,0.0,pix
real_001_s001_2026-05-15_02-18-02-693,001,001,1,003,003.jpg,533,53.151182,1778804335.846236,8.866667,-180.0,92.0,2940,1912,0.513626,0.82,0.0,0.0,pix
real_001_s001_2026-05-15_02-18-02-693,001,001,1,003,003.jpg,534,53.167849,1778804335.862902,8.883333,-180.0,92.0,2940,1912,0.513626,0.82,0.0,0.0,pix
real_001_s001_2026-05-15_02-18-02-693,001,001,1,003,003.jpg,535,53.184515,1778804335.879569,8.9,-180.0,92.0,2940,1912,0.513626,0.82,0.0,0.0,pix
real_001_s001_2026-05-15_02-18-02-693,001,001,1,003,003.jpg,536,53.201182,1778804335.896236,8.916667,-180.0,92.0,2940,1912,0.513626,0.82,0.0,0.0,pix
real_001_s001_2026-05-15_02-18-02-693,001,001,1,003,003.jpg,537,53.217849,1778804335.912902,8.933333,-180.0,92.0,2940,1912,0.513626,0.82,0.0,0.0,pix
real_001_s001_2026-05-15_02-18-02-693,001,001,1,003,003.jpg,538,53.234515,1778804335.929569,8.95,-180.0,92.0,2940,1912,0.513626,0.82,0.0,0.0,pix
real_001_s001_2026-05-15_02-18-02-693,001,001,1,003,003.jpg,539,53.251182,1778804335.946236,8.966667,-180.0,92.0,2940,1912,0.513626,0.82,0.0,0.0,pix
real_001_s001_2026-05-15_02-18-02-693,001,001,1,003,003.jpg,540,53.267849,1778804335.962902,8.983333,-180.0,92.0,2940,1912,0.513626,0.82,0.0,0.0,pix
real_001_s001_2026-05-15_02-18-02-693,001,001,1,003,003.jpg,541,53.284515,1778804335.979569,9.0,-180.0,92.0,2940,1912,0.513626,0.82,0.0,0.0,pix
real_001_s001_2026-05-15_02-18-02-693,001,001,1,003,003.jpg,542,53.301182,1778804335.996236,9.016667,-180.0,92.0,2940,1912,0.513626,0.82,0.0,0.0,pix
real_001_s001_2026-05-15_02-18-02-693,001,001,1,003,003.jpg,543,53.317849,1778804336.012902,9.033333,-180.0,92.0,2940,1912,0.513626,0.82,0.0,0.0,pix
real_001_s001_2026-05-15_02-18-02-693,001,001,1,003,003.jpg,544,53.334515,1778804336.029569,9.05,-180.0,92.0,2940,1912,0.513626,0.82,0.0,0.0,pix
real_001_s001_2026-05-15_02-18-02-693,001,001,1,003,003.jpg,545,53.351182,1778804336.046236,9.066667,-180.0,92.0,2940,1912,0.513626,0.82,0.0,0.0,pix
real_001_s001_2026-05-15_02-18-02-693,001,001,1,003,003.jpg,546,53.367849,1778804336.062902,9.083333,-180.0,92.0,2940,1912,0.513626,0.82,0.0,0.0,pix
real_001_s001_2026-05-15_02-18-02-693,001,001,1,003,003.jpg,547,53.384515,1778804336.079569,9.1,-180.0,92.0,2940,1912,0.513626,0.82,0.0,0.0,pix
real_001_s001_2026-05-15_02-18-02-693,001,001,1,003,003.jpg,548,53.401182,1778804336.096236,9.116667,-180.0,92.0,2940,1912,0.513626,0.82,0.0,0.0,pix
real_001_s001_2026-05-15_02-18-02-693,001,001,1,003,003.jpg,549,53.417849,1778804336.112902,9.133333,-180.0,92.0,2940,1912,0.513626,0.82,0.0,0.0,pix
real_001_s001_2026-05-15_02-18-02-693,001,001,1,003,003.jpg,550,53.434515,1778804336.129569,9.15,-180.0,92.0,2940,1912,0.513626,0.82,0.0,0.0,pix
real_001_s001_2026-05-15_02-18-02-693,001,001,1,003,003.jpg,551,53.451182,1778804336.146236,9.166667,-180.0,92.0,2940,1912,0.513626,0.82,0.0,0.0,pix
real_001_s001_2026-05-15_02-18-02-693,001,001,1,003,003.jpg,552,53.467849,1778804336.162902,9.183333,-180.0,92.0,2940,1912,0.513626,0.82,0.0,0.0,pix
real_001_s001_2026-05-15_02-18-02-693,001,001,1,003,003.jpg,553,53.484515,1778804336.179569,9.2,-180.0,92.0,2940,1912,0.513626,0.82,0.0,0.0,pix
real_001_s001_2026-05-15_02-18-02-693,001,001,1,003,003.jpg,554,53.501182,1778804336.196236,9.216667,-180.0,92.0,2940,1912,0.513626,0.82,0.0,0.0,pix
real_001_s001_2026-05-15_02-18-02-693,001,001,1,003,003.jpg,555,53.517849,1778804336.212902,9.233333,-180.0,92.0,2940,1912,0.513626,0.82,0.0,0.0,pix
real_001_s001_2026-05-15_02-18-02-693,001,001,1,003,003.jpg,556,53.534515,1778804336.229569,9.25,-180.0,92.0,2940,1912,0.513626,0.82,0.0,0.0,pix
real_001_s001_2026-05-15_02-18-02-693,001,001,1,003,003.jpg,557,53.551182,1778804336.246236,9.266667,-180.0,92.0,2940,1912,0.513626,0.82,0.0,0.0,pix
real_001_s001_2026-05-15_02-18-02-693,001,001,1,003,003.jpg,558,53.567849,1778804336.262902,9.283333,-180.0,92.0,2940,1912,0.513626,0.82,0.0,0.0,pix
real_001_s001_2026-05-15_02-18-02-693,001,001,1,003,003.jpg,559,53.584515,1778804336.279569,9.3,-180.0,92.0,2940,1912,0.513626,0.82,0.0,0.0,pix
real_001_s001_2026-05-15_02-18-02-693,001,001,1,003,003.jpg,560,53.601182,1778804336.296236,9.316667,-180.0,92.0,2940,1912,0.513626,0.82,0.0,0.0,pix
real_001_s001_2026-05-15_02-18-02-693,001,001,1,003,003.jpg,561,53.617849,1778804336.312902,9.333333,-180.0,92.0,2940,1912,0.513626,0.82,0.0,0.0,pix
real_001_s001_2026-05-15_02-18-02-693,001,001,1,003,003.jpg,562,53.634515,1778804336.329569,9.35,-180.0,92.0,2940,1912,0.513626,0.82,0.0,0.0,pix
real_001_s001_2026-05-15_02-18-02-693,001,001,1,003,003.jpg,563,53.651182,1778804336.346236,9.366667,-180.0,92.0,2940,1912,0.513626,0.82,0.0,0.0,pix
real_001_s001_2026-05-15_02-18-02-693,001,001,1,003,003.jpg,564,53.667849,1778804336.362902,9.383333,-180.0,92.0,2940,1912,0.513626,0.82,0.0,0.0,pix
real_001_s001_2026-05-15_02-18-02-693,001,001,1,003,003.jpg,565,53.684515,1778804336.379569,9.4,-180.0,92.0,2940,1912,0.513626,0.82,0.0,0.0,pix
real_001_s001_2026-05-15_02-18-02-693,001,001,1,003,003.jpg,566,53.701182,1778804336.396236,9.416667,-180.0,92.0,2940,1912,0.513626,0.82,0.0,0.0,pix
real_001_s001_2026-05-15_02-18-02-693,001,001,1,003,003.jpg,567,53.717849,1778804336.412902,9.433333,-180.0,92.0,2940,1912,0.513626,0.82,0.0,0.0,pix
real_001_s001_2026-05-15_02-18-02-693,001,001,1,003,003.jpg,568,53.734515,1778804336.429569,9.45,-180.0,92.0,2940,1912,0.513626,0.82,0.0,0.0,pix
real_001_s001_2026-05-15_02-18-02-693,001,001,1,003,003.jpg,569,53.751182,1778804336.446236,9.466667,-180.0,92.0,2940,1912,0.513626,0.82,0.0,0.0,pix
real_001_s001_2026-05-15_02-18-02-693,001,001,1,003,003.jpg,570,53.767849,1778804336.462902,9.483333,-180.0,92.0,2940,1912,0.513626,0.82,0.0,0.0,pix
real_001_s001_2026-05-15_02-18-02-693,001,001,1,003,003.jpg,571,53.784515,1778804336.479569,9.5,-180.0,92.0,2940,1912,0.513626,0.82,0.0,0.0,pix
real_001_s001_2026-05-15_02-18-02-693,001,001,1,003,003.jpg,572,53.801182,1778804336.496236,9.516667,-180.0,92.0,2940,1912,0.513626,0.82,0.0,0.0,pix
real_001_s001_2026-05-15_02-18-02-693,001,001,1,003,003.jpg,573,53.817849,1778804336.512902,9.533333,-180.0,92.0,2940,1912,0.513626,0.82,0.0,0.0,pix
real_001_s001_2026-05-15_02-18-02-693,001,001,1,003,003.jpg,574,53.834515,1778804336.529569,9.55,-180.0,92.0,2940,1912,0.513626,0.82,0.0,0.0,pix
real_001_s001_2026-05-15_02-18-02-693,001,001,1,003,003.jpg,575,53.851182,1778804336.546236,9.566667,-180.0,92.0,2940,1912,0.513626,0.82,0.0,0.0,pix
real_001_s001_2026-05-15_02-18-02-693,001,001,1,003,003.jpg,576,53.867849,1778804336.562902,9.583333,-180.0,92.0,2940,1912,0.513626,0.82,0.0,0.0,pix
real_001_s001_2026-05-15_02-18-02-693,001,001,1,003,003.jpg,577,53.884515,1778804336.579569,9.6,-180.0,92.0,2940,1912,0.513626,0.82,0.0,0.0,pix
real_001_s001_2026-05-15_02-18-02-693,001,001,1,003,003.jpg,578,53.901182,1778804336.596236,9.616667,-180.0,92.0,2940,1912,0.513626,0.82,0.0,0.0,pix
real_001_s001_2026-05-15_02-18-02-693,001,001,1,003,003.jpg,579,53.917849,1778804336.612902,9.633333,-180.0,92.0,2940,1912,0.513626,0.82,0.0,0.0,pix
real_001_s001_2026-05-15_02-18-02-693,001,001,1,003,003.jpg,580,53.934515,1778804336.629569,9.65,-180.0,92.0,2940,1912,0.513626,0.82,0.0,0.0,pix
real_001_s001_2026-05-15_02-18-02-693,001,001,1,003,003.jpg,581,53.951182,1778804336.646236,9.666667,-180.0,92.0,2940,1912,0.513626,0.82,0.0,0.0,pix
real_001_s001_2026-05-15_02-18-02-693,001,001,1,003,003.jpg,582,53.967849,1778804336.662902,9.683333,-180.0,92.0,2940,1912,0.513626,0.82,0.0,0.0,pix
real_001_s001_2026-05-15_02-18-02-693,001,001,1,003,003.jpg,583,53.984515,1778804336.679569,9.7,-180.0,92.0,2940,1912,0.513626,0.82,0.0,0.0,pix
real_001_s001_2026-05-15_02-18-02-693,001,001,1,003,003.jpg,584,54.001182,1778804336.696236,9.716667,-180.0,92.0,2940,1912,0.513626,0.82,0.0,0.0,pix
real_001_s001_2026-05-15_02-18-02-693,001,001,1,003,003.jpg,585,54.017849,1778804336.712902,9.733333,-180.0,92.0,2940,1912,0.513626,0.82,0.0,0.0,pix
real_001_s001_2026-05-15_02-18-02-693,001,001,1,003,003.jpg,586,54.034515,1778804336.729569,9.75,-180.0,92.0,2940,1912,0.513626,0.82,0.0,0.0,pix
real_001_s001_2026-05-15_02-18-02-693,001,001,1,003,003.jpg,587,54.051182,1778804336.746236,9.766667,-180.0,92.0,2940,1912,0.513626,0.82,0.0,0.0,pix
real_001_s001_2026-05-15_02-18-02-693,001,001,1,003,003.jpg,588,54.067849,1778804336.762902,9.783333,-180.0,92.0,2940,1912,0.513626,0.82,0.0,0.0,pix
real_001_s001_2026-05-15_02-18-02-693,001,001,1,003,003.jpg,589,54.084515,1778804336.779569,9.8,-180.0,92.0,2940,1912,0.513626,0.82,0.0,0.0,pix
real_001_s001_2026-05-15_02-18-02-693,001,001,1,003,003.jpg,590,54.101182,1778804336.796236,9.816667,-180.0,92.0,2940,1912,0.513626,0.82,0.0,0.0,pix
real_001_s001_2026-05-15_02-18-02-693,001,001,1,003,003.jpg,591,54.117849,1778804336.812902,9.833333,-180.0,92.0,2940,1912,0.513626,0.82,0.0,0.0,pix
real_001_s001_2026-05-15_02-18-02-693,001,001,1,003,003.jpg,592,54.134515,1778804336.829569,9.85,-180.0,92.0,2940,1912,0.513626,0.82,0.0,0.0,pix
real_001_s001_2026-05-15_02-18-02-693,001,001,1,003,003.jpg,593,54.151182,1778804336.846236,9.866667,-180.0,92.0,2940,1912,0.513626,0.82,0.0,0.0,pix
real_001_s001_2026-05-15_02-18-02-693,001,001,1,003,003.jpg,594,54.167849,1778804336.862902,9.883333,-180.0,92.0,2940,1912,0.513626,0.82,0.0,0.0,pix
real_001_s001_2026-05-15_02-18-02-693,001,001,1,003,003.jpg,595,54.184515,1778804336.879569,9.9,-180.0,92.0,2940,1912,0.513626,0.82,0.0,0.0,pix
real_001_s001_2026-05-15_02-18-02-693,001,001,1,003,003.jpg,596,54.201182,1778804336.896236,9.916667,-180.0,92.0,2940,1912,0.513626,0.82,0.0,0.0,pix
real_001_s001_2026-05-15_02-18-02-693,001,001,1,003,003.jpg,597,54.217849,1778804336.912902,9.933333,-180.0,92.0,2940,1912,0.513626,0.82,0.0,0.0,pix
real_001_s001_2026-05-15_02-18-02-693,001,001,1,003,003.jpg,598,54.234515,1778804336.929569,9.95,-180.0,92.0,2940,1912,0.513626,0.82,0.0,0.0,pix
real_001_s001_2026-05-15_02-18-02-693,001,001,1,003,003.jpg,599,54.251182,1778804336.946236,9.966667,-180.0,92.0,2940,1912,0.513626,0.82,0.0,0.0,pix
real_001_s001_2026-05-15_02-18-02-693,001,001,1,003,003.jpg,600,54.267849,1778804336.962902,9.983333,-180.0,92.0,2940,1912,0.513626,0.82,0.0,0.0,pix
real_001_s001_2026-05-15_02-18-02-693,001,001,1,003,003.jpg,601,54.284515,1778804336.979569,10.0,-180.0,92.0,2940,1912,0.513626,0.82,0.0,0.0,pix
real_001_s001_2026-05-15_02-18-02-693,001,001,1,003,003.jpg,602,54.301182,1778804336.996236,10.016667,-180.0,92.0,2940,1912,0.513626,0.82,0.0,0.0,pix
real_001_s001_2026-05-15_02-18-02-693,001,001,1,003,003.jpg,603,54.317849,1778804337.012902,10.033333,-180.0,92.0,2940,1912,0.513626,0.82,0.0,0.0,pix
real_001_s001_2026-05-15_02-18-02-693,001,001,1,003,003.jpg,604,54.334515,1778804337.029569,10.05,-180.0,92.0,2940,1912,0.513626,0.82,0.0,0.0,pix
real_001_s001_2026-05-15_02-18-02-693,001,001,1,003,003.jpg,605,54.351182,1778804337.046236,10.066667,-180.0,92.0,2940,1912,0.513626,0.82,0.0,0.0,pix
real_001_s001_2026-05-15_02-18-02-693,001,001,1,003,003.jpg,606,54.367849,1778804337.062902,10.083333,-180.0,92.0,2940,1912,0.513626,0.82,0.0,0.0,pix
real_001_s001_2026-05-15_02-18-02-693,001,001,1,003,003.jpg,607,54.384515,1778804337.079569,10.1,-180.0,92.0,2940,1912,0.513626,0.82,0.0,0.0,pix
real_001_s001_2026-05-15_02-18-02-693,001,001,1,003,003.jpg,608,54.401182,1778804337.096236,10.116667,-180.0,92.0,2940,1912,0.513626,0.82,0.0,0.0,pix
real_001_s001_2026-05-15_02-18-02-693,001,001,1,003,003.jpg,609,54.417849,1778804337.112902,10.133333,-180.0,92.0,2940,1912,0.513626,0.82,0.0,0.0,pix
real_001_s001_2026-05-15_02-18-02-693,001,001,1,003,003.jpg,610,54.434515,1778804337.129569,10.15,-180.0,92.0,2940,1912,0.513626,0.82,0.0,0.0,pix
real_001_s001_2026-05-15_02-18-02-693,001,001,1,003,003.jpg,611,54.451182,1778804337.146236,10.166667,-180.0,92.0,2940,1912,0.513626,0.82,0.0,0.0,pix
real_001_s001_2026-05-15_02-18-02-693,001,001,1,003,003.jpg,612,54.467849,1778804337.162902,10.183333,-180.0,92.0,2940,1912,0.513626,0.82,0.0,0.0,pix
real_001_s001_2026-05-15_02-18-02-693,001,001,1,003,003.jpg,613,54.484515,1778804337.179569,10.2,-180.0,92.0,2940,1912,0.513626,0.82,0.0,0.0,pix
real_001_s001_2026-05-15_02-18-02-693,001,001,1,003,003.jpg,614,54.501182,1778804337.196236,10.216667,-180.0,92.0,2940,1912,0.513626,0.82,0.0,0.0,pix
real_001_s001_2026-05-15_02-18-02-693,001,001,1,003,003.jpg,615,54.517849,1778804337.212902,10.233333,-180.0,92.0,2940,1912,0.513626,0.82,0.0,0.0,pix
real_001_s001_2026-05-15_02-18-02-693,001,001,1,003,003.jpg,616,54.534515,1778804337.229569,10.25,-180.0,92.0,2940,1912,0.513626,0.82,0.0,0.0,pix
real_001_s001_2026-05-15_02-18-02-693,001,001,1,003,003.jpg,617,54.551182,1778804337.246236,10.266667,-180.0,92.0,2940,1912,0.513626,0.82,0.0,0.0,pix
real_001_s001_2026-05-15_02-18-02-693,001,001,1,003,003.jpg,618,54.567849,1778804337.262902,10.283333,-180.0,92.0,2940,1912,0.513626,0.82,0.0,0.0,pix
real_001_s001_2026-05-15_02-18-02-693,001,001,1,003,003.jpg,619,54.584515,1778804337.279569,10.3,-180.0,92.0,2940,1912,0.513626,0.82,0.0,0.0,pix
real_001_s001_2026-05-15_02-18-02-693,001,001,1,003,003.jpg,620,54.601182,1778804337.296236,10.316667,-180.0,92.0,2940,1912,0.513626,0.82,0.0,0.0,pix
real_001_s001_2026-05-15_02-18-02-693,001,001,1,003,003.jpg,621,54.617849,1778804337.312902,10.333333,-180.0,92.0,2940,1912,0.513626,0.82,0.0,0.0,pix
real_001_s001_2026-05-15_02-18-02-693,001,001,1,003,003.jpg,622,54.634515,1778804337.329569,10.35,-180.0,92.0,2940,1912,0.513626,0.82,0.0,0.0,pix
real_001_s001_2026-05-15_02-18-02-693,001,001,1,003,003.jpg,623,54.651182,1778804337.346236,10.366667,-180.0,92.0,2940,1912,0.513626,0.82,0.0,0.0,pix
real_001_s001_2026-05-15_02-18-02-693,001,001,1,003,003.jpg,624,54.667849,1778804337.362902,10.383333,-180.0,92.0,2940,1912,0.513626,0.82,0.0,0.0,pix
real_001_s001_2026-05-15_02-18-02-693,001,001,1,003,003.jpg,625,54.684515,1778804337.379569,10.4,-180.0,92.0,2940,1912,0.513626,0.82,0.0,0.0,pix
real_001_s001_2026-05-15_02-18-02-693,001,001,1,003,003.jpg,626,54.701182,1778804337.396236,10.416667,-180.0,92.0,2940,1912,0.513626,0.82,0.0,0.0,pix
real_001_s001_2026-05-15_02-18-02-693,001,001,2,008,008.jpg,1,72.40092,1778804355.096026,0.0,-180.0,92.0,2940,1912,1.29901,0.82,0.0,0.0,pix
real_001_s001_2026-05-15_02-18-02-693,001,001,2,008,008.jpg,2,72.417586,1778804355.112693,0.016667,-180.0,92.0,2940,1912,1.29901,0.82,0.0,0.0,pix
real_001_s001_2026-05-15_02-18-02-693,001,001,2,008,008.jpg,3,72.434253,1778804355.129359,0.033333,-180.0,92.0,2940,1912,1.29901,0.82,0.0,0.0,pix
real_001_s001_2026-05-15_02-18-02-693,001,001,2,008,008.jpg,4,72.45092,1778804355.146026,0.05,-180.0,92.0,2940,1912,1.29901,0.82,0.0,0.0,pix
real_001_s001_2026-05-15_02-18-02-693,001,001,2,008,008.jpg,5,72.467586,1778804355.162693,0.066667,-180.0,92.0,2940,1912,1.29901,0.82,0.0,0.0,pix
real_001_s001_2026-05-15_02-18-02-693,001,001,2,008,008.jpg,6,72.484253,1778804355.179359,0.083333,-180.0,92.0,2940,1912,1.29901,0.82,0.0,0.0,pix
real_001_s001_2026-05-15_02-18-02-693,001,001,2,008,008.jpg,7,72.50092,1778804355.196026,0.1,-180.0,92.0,2940,1912,1.29901,0.82,0.0,0.0,pix
real_001_s001_2026-05-15_02-18-02-693,001,001,2,008,008.jpg,8,72.517586,1778804355.212693,0.116667,-180.0,92.0,2940,1912,1.29901,0.82,0.0,0.0,pix
real_001_s001_2026-05-15_02-18-02-693,001,001,2,008,008.jpg,9,72.534253,1778804355.22936,0.133333,-180.0,92.0,2940,1912,1.29901,0.82,0.0,0.0,pix
real_001_s001_2026-05-15_02-18-02-693,001,001,2,008,008.jpg,10,72.55092,1778804355.246026,0.15,-180.0,92.0,2940,1912,1.29901,0.82,0.0,0.0,pix
real_001_s001_2026-05-15_02-18-02-693,001,001,2,008,008.jpg,11,72.567586,1778804355.262693,0.166667,-180.0,92.0,2940,1912,1.29901,0.82,0.0,0.0,pix
real_001_s001_2026-05-15_02-18-02-693,001,001,2,008,008.jpg,12,72.584253,1778804355.27936,0.183333,-180.0,92.0,2940,1912,1.29901,0.82,0.0,0.0,pix
real_001_s001_2026-05-15_02-18-02-693,001,001,2,008,008.jpg,13,72.60092,1778804355.296026,0.2,-180.0,92.0,2940,1912,1.29901,0.82,0.0,0.0,pix
real_001_s001_2026-05-15_02-18-02-693,001,001,2,008,008.jpg,14,72.617586,1778804355.312693,0.216667,-180.0,92.0,2940,1912,1.29901,0.82,0.0,0.0,pix
real_001_s001_2026-05-15_02-18-02-693,001,001,2,008,008.jpg,15,72.634253,1778804355.32936,0.233333,-180.0,92.0,2940,1912,1.29901,0.82,0.0,0.0,pix
real_001_s001_2026-05-15_02-18-02-693,001,001,2,008,008.jpg,16,72.65092,1778804355.346026,0.25,-180.0,92.0,2940,1912,1.29901,0.82,0.0,0.0,pix
real_001_s001_2026-05-15_02-18-02-693,001,001,2,008,008.jpg,17,72.667586,1778804355.362693,0.266667,-180.0,92.0,2940,1912,1.29901,0.82,0.0,0.0,pix
real_001_s001_2026-05-15_02-18-02-693,001,001,2,008,008.jpg,18,72.684253,1778804355.379359,0.283333,-180.0,92.0,2940,1912,1.29901,0.82,0.0,0.0,pix
real_001_s001_2026-05-15_02-18-02-693,001,001,2,008,008.jpg,19,72.70092,1778804355.396026,0.3,-180.0,92.0,2940,1912,1.29901,0.82,0.0,0.0,pix
real_001_s001_2026-05-15_02-18-02-693,001,001,2,008,008.jpg,20,72.717586,1778804355.412693,0.316667,-180.0,92.0,2940,1912,1.29901,0.82,0.0,0.0,pix
real_001_s001_2026-05-15_02-18-02-693,001,001,2,008,008.jpg,21,72.734253,1778804355.429359,0.333333,-180.0,92.0,2940,1912,1.29901,0.82,0.0,0.0,pix
real_001_s001_2026-05-15_02-18-02-693,001,001,2,008,008.jpg,22,72.75092,1778804355.446026,0.35,-180.0,92.0,2940,1912,1.29901,0.82,0.0,0.0,pix
real_001_s001_2026-05-15_02-18-02-693,001,001,2,008,008.jpg,23,72.767586,1778804355.462693,0.366667,-180.0,92.0,2940,1912,1.29901,0.82,0.0,0.0,pix
real_001_s001_2026-05-15_02-18-02-693,001,001,2,008,008.jpg,24,72.784253,1778804355.47936,0.383333,-180.0,92.0,2940,1912,1.29901,0.82,0.0,0.0,pix
real_001_s001_2026-05-15_02-18-02-693,001,001,2,008,008.jpg,25,72.80092,1778804355.496026,0.4,-180.0,92.0,2940,1912,1.29901,0.82,0.0,0.0,pix
real_001_s001_2026-05-15_02-18-02-693,001,001,2,008,008.jpg,26,72.817586,1778804355.512693,0.416667,-180.0,92.0,2940,1912,1.29901,0.82,0.0,0.0,pix
real_001_s001_2026-05-15_02-18-02-693,001,001,2,008,008.jpg,27,72.834253,1778804355.52936,0.433333,-180.0,92.0,2940,1912,1.29901,0.82,0.0,0.0,pix
real_001_s001_2026-05-15_02-18-02-693,001,001,2,008,008.jpg,28,72.85092,1778804355.546026,0.45,-180.0,92.0,2940,1912,1.29901,0.82,0.0,0.0,pix
real_001_s001_2026-05-15_02-18-02-693,001,001,2,008,008.jpg,29,72.867586,1778804355.562693,0.466667,-180.0,92.0,2940,1912,1.29901,0.82,0.0,0.0,pix
real_001_s001_2026-05-15_02-18-02-693,001,001,2,008,008.jpg,30,72.884253,1778804355.57936,0.483333,-180.0,92.0,2940,1912,1.29901,0.82,0.0,0.0,pix
real_001_s001_2026-05-15_02-18-02-693,001,001,2,008,008.jpg,31,72.90092,1778804355.596026,0.5,-180.0,92.0,2940,1912,1.29901,0.82,0.0,0.0,pix
real_001_s001_2026-05-15_02-18-02-693,001,001,2,008,008.jpg,32,72.917586,1778804355.612693,0.516667,-180.0,92.0,2940,1912,1.29901,0.82,0.0,0.0,pix
real_001_s001_2026-05-15_02-18-02-693,001,001,2,008,008.jpg,33,72.934253,1778804355.629359,0.533333,-180.0,92.0,2940,1912,1.29901,0.82,0.0,0.0,pix
real_001_s001_2026-05-15_02-18-02-693,001,001,2,008,008.jpg,34,72.95092,1778804355.646026,0.55,-180.0,92.0,2940,1912,1.29901,0.82,0.0,0.0,pix
real_001_s001_2026-05-15_02-18-02-693,001,001,2,008,008.jpg,35,72.967586,1778804355.662693,0.566667,-180.0,92.0,2940,1912,1.29901,0.82,0.0,0.0,pix
real_001_s001_2026-05-15_02-18-02-693,001,001,2,008,008.jpg,36,72.984253,1778804355.679359,0.583333,-180.0,92.0,2940,1912,1.29901,0.82,0.0,0.0,pix
real_001_s001_2026-05-15_02-18-02-693,001,001,2,008,008.jpg,37,73.00092,1778804355.696026,0.6,-180.0,92.0,2940,1912,1.29901,0.82,0.0,0.0,pix
real_001_s001_2026-05-15_02-18-02-693,001,001,2,008,008.jpg,38,73.017586,1778804355.712693,0.616667,-180.0,92.0,2940,1912,1.29901,0.82,0.0,0.0,pix
real_001_s001_2026-05-15_02-18-02-693,001,001,2,008,008.jpg,39,73.034253,1778804355.72936,0.633333,-180.0,92.0,2940,1912,1.29901,0.82,0.0,0.0,pix
real_001_s001_2026-05-15_02-18-02-693,001,001,2,008,008.jpg,40,73.05092,1778804355.746026,0.65,-180.0,92.0,2940,1912,1.29901,0.82,0.0,0.0,pix
real_001_s001_2026-05-15_02-18-02-693,001,001,2,008,008.jpg,41,73.067586,1778804355.762693,0.666667,-180.0,92.0,2940,1912,1.29901,0.82,0.0,0.0,pix
real_001_s001_2026-05-15_02-18-02-693,001,001,2,008,008.jpg,42,73.084253,1778804355.77936,0.683333,-180.0,92.0,2940,1912,1.29901,0.82,0.0,0.0,pix
real_001_s001_2026-05-15_02-18-02-693,001,001,2,008,008.jpg,43,73.10092,1778804355.796026,0.7,-180.0,92.0,2940,1912,1.29901,0.82,0.0,0.0,pix
real_001_s001_2026-05-15_02-18-02-693,001,001,2,008,008.jpg,44,73.117586,1778804355.812693,0.716667,-180.0,92.0,2940,1912,1.29901,0.82,0.0,0.0,pix
real_001_s001_2026-05-15_02-18-02-693,001,001,2,008,008.jpg,45,73.134253,1778804355.82936,0.733333,-180.0,92.0,2940,1912,1.29901,0.82,0.0,0.0,pix
real_001_s001_2026-05-15_02-18-02-693,001,001,2,008,008.jpg,46,73.15092,1778804355.846026,0.75,-180.0,92.0,2940,1912,1.29901,0.82,0.0,0.0,pix
real_001_s001_2026-05-15_02-18-02-693,001,001,2,008,008.jpg,47,73.167586,1778804355.862693,0.766667,-180.0,92.0,2940,1912,1.29901,0.82,0.0,0.0,pix
real_001_s001_2026-05-15_02-18-02-693,001,001,2,008,008.jpg,48,73.184253,1778804355.879359,0.783333,-180.0,92.0,2940,1912,1.29901,0.82,0.0,0.0,pix
real_001_s001_2026-05-15_02-18-02-693,001,001,2,008,008.jpg,49,73.20092,1778804355.896026,0.8,-180.0,92.0,2940,1912,1.29901,0.82,0.0,0.0,pix
real_001_s001_2026-05-15_02-18-02-693,001,001,2,008,008.jpg,50,73.217586,1778804355.912693,0.816667,-180.0,92.0,2940,1912,1.29901,0.82,0.0,0.0,pix
real_001_s001_2026-05-15_02-18-02-693,001,001,2,008,008.jpg,51,73.234253,1778804355.929359,0.833333,-180.0,92.0,2940,1912,1.29901,0.82,0.0,0.0,pix
real_001_s001_2026-05-15_02-18-02-693,001,001,2,008,008.jpg,52,73.25092,1778804355.946026,0.85,-180.0,92.0,2940,1912,1.29901,0.82,0.0,0.0,pix
real_001_s001_2026-05-15_02-18-02-693,001,001,2,008,008.jpg,53,73.267586,1778804355.962693,0.866667,-180.0,92.0,2940,1912,1.29901,0.82,0.0,0.0,pix
real_001_s001_2026-05-15_02-18-02-693,001,001,2,008,008.jpg,54,73.284253,1778804355.97936,0.883333,-180.0,92.0,2940,1912,1.29901,0.82,0.0,0.0,pix
real_001_s001_2026-05-15_02-18-02-693,001,001,2,008,008.jpg,55,73.30092,1778804355.996026,0.9,-180.0,92.0,2940,1912,1.29901,0.82,0.0,0.0,pix
real_001_s001_2026-05-15_02-18-02-693,001,001,2,008,008.jpg,56,73.317586,1778804356.012693,0.916667,-180.0,92.0,2940,1912,1.29901,0.82,0.0,0.0,pix
real_001_s001_2026-05-15_02-18-02-693,001,001,2,008,008.jpg,57,73.334253,1778804356.02936,0.933333,-180.0,92.0,2940,1912,1.29901,0.82,0.0,0.0,pix
real_001_s001_2026-05-15_02-18-02-693,001,001,2,008,008.jpg,58,73.35092,1778804356.046026,0.95,-180.0,92.0,2940,1912,1.29901,0.82,0.0,0.0,pix
real_001_s001_2026-05-15_02-18-02-693,001,001,2,008,008.jpg,59,73.367586,1778804356.062693,0.966667,-180.0,92.0,2940,1912,1.29901,0.82,0.0,0.0,pix
real_001_s001_2026-05-15_02-18-02-693,001,001,2,008,008.jpg,60,73.384253,1778804356.07936,0.983333,-180.0,92.0,2940,1912,1.29901,0.82,0.0,0.0,pix
real_001_s001_2026-05-15_02-18-02-693,001,001,2,008,008.jpg,61,73.40092,1778804356.096026,1.0,-180.0,92.0,2940,1912,1.29901,0.82,0.0,0.0,pix
real_001_s001_2026-05-15_02-18-02-693,001,001,2,008,008.jpg,62,73.417586,1778804356.112693,1.016667,-180.0,92.0,2940,1912,1.29901,0.82,0.0,0.0,pix
real_001_s001_2026-05-15_02-18-02-693,001,001,2,008,008.jpg,63,73.434253,1778804356.129359,1.033333,-180.0,92.0,2940,1912,1.29901,0.82,0.0,0.0,pix
real_001_s001_2026-05-15_02-18-02-693,001,001,2,008,008.jpg,64,73.45092,1778804356.146026,1.05,-180.0,92.0,2940,1912,1.29901,0.82,0.0,0.0,pix
real_001_s001_2026-05-15_02-18-02-693,001,001,2,008,008.jpg,65,73.467586,1778804356.162693,1.066667,-180.0,92.0,2940,1912,1.29901,0.82,0.0,0.0,pix
real_001_s001_2026-05-15_02-18-02-693,001,001,2,008,008.jpg,66,73.484253,1778804356.179359,1.083333,-180.0,92.0,2940,1912,1.29901,0.82,0.0,0.0,pix
real_001_s001_2026-05-15_02-18-02-693,001,001,2,008,008.jpg,67,73.50092,1778804356.196026,1.1,-180.0,92.0,2940,1912,1.29901,0.82,0.0,0.0,pix
real_001_s001_2026-05-15_02-18-02-693,001,001,2,008,008.jpg,68,73.517586,1778804356.212693,1.116667,-180.0,92.0,2940,1912,1.29901,0.82,0.0,0.0,pix
real_001_s001_2026-05-15_02-18-02-693,001,001,2,008,008.jpg,69,73.534253,1778804356.22936,1.133333,-180.0,92.0,2940,1912,1.29901,0.82,0.0,0.0,pix
real_001_s001_2026-05-15_02-18-02-693,001,001,2,008,008.jpg,70,73.55092,1778804356.246026,1.15,-180.0,92.0,2940,1912,1.29901,0.82,0.0,0.0,pix
real_001_s001_2026-05-15_02-18-02-693,001,001,2,008,008.jpg,71,73.567586,1778804356.262693,1.166667,-180.0,92.0,2940,1912,1.29901,0.82,0.0,0.0,pix
real_001_s001_2026-05-15_02-18-02-693,001,001,2,008,008.jpg,72,73.584253,1778804356.27936,1.183333,-180.0,92.0,2940,1912,1.29901,0.82,0.0,0.0,pix
real_001_s001_2026-05-15_02-18-02-693,001,001,2,008,008.jpg,73,73.60092,1778804356.296026,1.2,-180.0,92.0,2940,1912,1.29901,0.82,0.0,0.0,pix
real_001_s001_2026-05-15_02-18-02-693,001,001,2,008,008.jpg,74,73.617586,1778804356.312693,1.216667,-180.0,92.0,2940,1912,1.29901,0.82,0.0,0.0,pix
real_001_s001_2026-05-15_02-18-02-693,001,001,2,008,008.jpg,75,73.634253,1778804356.32936,1.233333,-180.0,92.0,2940,1912,1.29901,0.82,0.0,0.0,pix
real_001_s001_2026-05-15_02-18-02-693,001,001,2,008,008.jpg,76,73.65092,1778804356.346026,1.25,-180.0,92.0,2940,1912,1.29901,0.82,0.0,0.0,pix
real_001_s001_2026-05-15_02-18-02-693,001,001,2,008,008.jpg,77,73.667586,1778804356.362693,1.266667,-180.0,92.0,2940,1912,1.29901,0.82,0.0,0.0,pix
real_001_s001_2026-05-15_02-18-02-693,001,001,2,008,008.jpg,78,73.684253,1778804356.379359,1.283333,-180.0,92.0,2940,1912,1.29901,0.82,0.0,0.0,pix
real_001_s001_2026-05-15_02-18-02-693,001,001,2,008,008.jpg,79,73.70092,1778804356.396026,1.3,-180.0,92.0,2940,1912,1.29901,0.82,0.0,0.0,pix
real_001_s001_2026-05-15_02-18-02-693,001,001,2,008,008.jpg,80,73.717586,1778804356.412693,1.316667,-180.0,92.0,2940,1912,1.29901,0.82,0.0,0.0,pix
real_001_s001_2026-05-15_02-18-02-693,001,001,2,008,008.jpg,81,73.734253,1778804356.429359,1.333333,-180.0,92.0,2940,1912,1.29901,0.82,0.0,0.0,pix
real_001_s001_2026-05-15_02-18-02-693,001,001,2,008,008.jpg,82,73.75092,1778804356.446026,1.35,-180.0,92.0,2940,1912,1.29901,0.82,0.0,0.0,pix
real_001_s001_2026-05-15_02-18-02-693,001,001,2,008,008.jpg,83,73.767586,1778804356.462693,1.366667,-180.0,92.0,2940,1912,1.29901,0.82,0.0,0.0,pix
real_001_s001_2026-05-15_02-18-02-693,001,001,2,008,008.jpg,84,73.784253,1778804356.47936,1.383333,-180.0,92.0,2940,1912,1.29901,0.82,0.0,0.0,pix
real_001_s001_2026-05-15_02-18-02-693,001,001,2,008,008.jpg,85,73.80092,1778804356.496026,1.4,-180.0,92.0,2940,1912,1.29901,0.82,0.0,0.0,pix
real_001_s001_2026-05-15_02-18-02-693,001,001,2,008,008.jpg,86,73.817586,1778804356.512693,1.416667,-180.0,92.0,2940,1912,1.29901,0.82,0.0,0.0,pix
real_001_s001_2026-05-15_02-18-02-693,001,001,2,008,008.jpg,87,73.834253,1778804356.52936,1.433333,-180.0,92.0,2940,1912,1.29901,0.82,0.0,0.0,pix
real_001_s001_2026-05-15_02-18-02-693,001,001,2,008,008.jpg,88,73.85092,1778804356.546026,1.45,-180.0,92.0,2940,1912,1.29901,0.82,0.0,0.0,pix
real_001_s001_2026-05-15_02-18-02-693,001,001,2,008,008.jpg,89,73.867586,1778804356.562693,1.466667,-180.0,92.0,2940,1912,1.29901,0.82,0.0,0.0,pix
real_001_s001_2026-05-15_02-18-02-693,001,001,2,008,008.jpg,90,73.884253,1778804356.57936,1.483333,-180.0,92.0,2940,1912,1.29901,0.82,0.0,0.0,pix
real_001_s001_2026-05-15_02-18-02-693,001,001,2,008,008.jpg,91,73.90092,1778804356.596026,1.5,-180.0,92.0,2940,1912,1.29901,0.82,0.0,0.0,pix
real_001_s001_2026-05-15_02-18-02-693,001,001,2,008,008.jpg,92,73.917586,1778804356.612693,1.516667,-180.0,92.0,2940,1912,1.29901,0.82,0.0,0.0,pix
real_001_s001_2026-05-15_02-18-02-693,001,001,2,008,008.jpg,93,73.934253,1778804356.629359,1.533333,-180.0,92.0,2940,1912,1.29901,0.82,0.0,0.0,pix
real_001_s001_2026-05-15_02-18-02-693,001,001,2,008,008.jpg,94,73.95092,1778804356.646026,1.55,-180.0,92.0,2940,1912,1.29901,0.82,0.0,0.0,pix
real_001_s001_2026-05-15_02-18-02-693,001,001,2,008,008.jpg,95,73.967586,1778804356.662693,1.566667,-180.0,92.0,2940,1912,1.29901,0.82,0.0,0.0,pix
real_001_s001_2026-05-15_02-18-02-693,001,001,2,008,008.jpg,96,73.984253,1778804356.679359,1.583333,-180.0,92.0,2940,1912,1.29901,0.82,0.0,0.0,pix
real_001_s001_2026-05-15_02-18-02-693,001,001,2,008,008.jpg,97,74.00092,1778804356.696026,1.6,-180.0,92.0,2940,1912,1.29901,0.82,0.0,0.0,pix
real_001_s001_2026-05-15_02-18-02-693,001,001,2,008,008.jpg,98,74.017586,1778804356.712693,1.616667,-180.0,92.0,2940,1912,1.29901,0.82,0.0,0.0,pix
real_001_s001_2026-05-15_02-18-02-693,001,001,2,008,008.jpg,99,74.034253,1778804356.72936,1.633333,-180.0,92.0,2940,1912,1.29901,0.82,0.0,0.0,pix
real_001_s001_2026-05-15_02-18-02-693,001,001,2,008,008.jpg,100,74.05092,1778804356.746026,1.65,-180.0,92.0,2940,1912,1.29901,0.82,0.0,0.0,pix
real_001_s001_2026-05-15_02-18-02-693,001,001,2,008,008.jpg,101,74.067586,1778804356.762693,1.666667,-180.0,92.0,2940,1912,1.29901,0.82,0.0,0.0,pix
real_001_s001_2026-05-15_02-18-02-693,001,001,2,008,008.jpg,102,74.084253,1778804356.77936,1.683333,-180.0,92.0,2940,1912,1.29901,0.82,0.0,0.0,pix
real_001_s001_2026-05-15_02-18-02-693,001,001,2,008,008.jpg,103,74.10092,1778804356.796026,1.7,-180.0,92.0,2940,1912,1.29901,0.82,0.0,0.0,pix
real_001_s001_2026-05-15_02-18-02-693,001,001,2,008,008.jpg,104,74.117586,1778804356.812693,1.716667,-180.0,92.0,2940,1912,1.29901,0.82,0.0,0.0,pix
real_001_s001_2026-05-15_02-18-02-693,001,001,2,008,008.jpg,105,74.134253,1778804356.82936,1.733333,-180.0,92.0,2940,1912,1.29901,0.82,0.0,0.0,pix
real_001_s001_2026-05-15_02-18-02-693,001,001,2,008,008.jpg,106,74.15092,1778804356.846026,1.75,-180.0,92.0,2940,1912,1.29901,0.82,0.0,0.0,pix
real_001_s001_2026-05-15_02-18-02-693,001,001,2,008,008.jpg,107,74.167586,1778804356.862693,1.766667,-180.0,92.0,2940,1912,1.29901,0.82,0.0,0.0,pix
real_001_s001_2026-05-15_02-18-02-693,001,001,2,008,008.jpg,108,74.184253,1778804356.879359,1.783333,-180.0,92.0,2940,1912,1.29901,0.82,0.0,0.0,pix
real_001_s001_2026-05-15_02-18-02-693,001,001,2,008,008.jpg,109,74.20092,1778804356.896026,1.8,-180.0,92.0,2940,1912,1.29901,0.82,0.0,0.0,pix
real_001_s001_2026-05-15_02-18-02-693,001,001,2,008,008.jpg,110,74.217586,1778804356.912693,1.816667,-180.0,92.0,2940,1912,1.29901,0.82,0.0,0.0,pix
real_001_s001_2026-05-15_02-18-02-693,001,001,2,008,008.jpg,111,74.234253,1778804356.929359,1.833333,-180.0,92.0,2940,1912,1.29901,0.82,0.0,0.0,pix
real_001_s001_2026-05-15_02-18-02-693,001,001,2,008,008.jpg,112,74.25092,1778804356.946026,1.85,-180.0,92.0,2940,1912,1.29901,0.82,0.0,0.0,pix
real_001_s001_2026-05-15_02-18-02-693,001,001,2,008,008.jpg,113,74.267586,1778804356.962693,1.866667,-180.0,92.0,2940,1912,1.29901,0.82,0.0,0.0,pix
real_001_s001_2026-05-15_02-18-02-693,001,001,2,008,008.jpg,114,74.284253,1778804356.97936,1.883333,-180.0,92.0,2940,1912,1.29901,0.82,0.0,0.0,pix
real_001_s001_2026-05-15_02-18-02-693,001,001,2,008,008.jpg,115,74.30092,1778804356.996026,1.9,-180.0,92.0,2940,1912,1.29901,0.82,0.0,0.0,pix
real_001_s001_2026-05-15_02-18-02-693,001,001,2,008,008.jpg,116,74.317586,1778804357.012693,1.916667,-180.0,92.0,2940,1912,1.29901,0.82,0.0,0.0,pix
real_001_s001_2026-05-15_02-18-02-693,001,001,2,008,008.jpg,117,74.334253,1778804357.02936,1.933333,-180.0,92.0,2940,1912,1.29901,0.82,0.0,0.0,pix
real_001_s001_2026-05-15_02-18-02-693,001,001,2,008,008.jpg,118,74.35092,1778804357.046026,1.95,-180.0,92.0,2940,1912,1.29901,0.82,0.0,0.0,pix
real_001_s001_2026-05-15_02-18-02-693,001,001,2,008,008.jpg,119,74.367586,1778804357.062693,1.966667,-180.0,92.0,2940,1912,1.29901,0.82,0.0,0.0,pix
real_001_s001_2026-05-15_02-18-02-693,001,001,2,008,008.jpg,120,74.384253,1778804357.07936,1.983333,-180.0,92.0,2940,1912,1.29901,0.82,0.0,0.0,pix
real_001_s001_2026-05-15_02-18-02-693,001,001,2,008,008.jpg,121,74.40092,1778804357.096026,2.0,-180.0,92.0,2940,1912,1.29901,0.82,0.0,0.0,pix
real_001_s001_2026-05-15_02-18-02-693,001,001,2,008,008.jpg,122,74.417586,1778804357.112693,2.016667,-180.0,92.0,2940,1912,1.29901,0.82,0.0,0.0,pix
real_001_s001_2026-05-15_02-18-02-693,001,001,2,008,008.jpg,123,74.434253,1778804357.129359,2.033333,-180.0,92.0,2940,1912,1.29901,0.82,0.0,0.0,pix
real_001_s001_2026-05-15_02-18-02-693,001,001,2,008,008.jpg,124,74.45092,1778804357.146026,2.05,-180.0,92.0,2940,1912,1.29901,0.82,0.0,0.0,pix
real_001_s001_2026-05-15_02-18-02-693,001,001,2,008,008.jpg,125,74.467586,1778804357.162693,2.066667,-180.0,92.0,2940,1912,1.29901,0.82,0.0,0.0,pix
real_001_s001_2026-05-15_02-18-02-693,001,001,2,008,008.jpg,126,74.484253,1778804357.179359,2.083333,-180.0,92.0,2940,1912,1.29901,0.82,0.0,0.0,pix
real_001_s001_2026-05-15_02-18-02-693,001,001,2,008,008.jpg,127,74.50092,1778804357.196026,2.1,-180.0,92.0,2940,1912,1.29901,0.82,0.0,0.0,pix
real_001_s001_2026-05-15_02-18-02-693,001,001,2,008,008.jpg,128,74.517586,1778804357.212693,2.116667,-180.0,92.0,2940,1912,1.29901,0.82,0.0,0.0,pix
real_001_s001_2026-05-15_02-18-02-693,001,001,2,008,008.jpg,129,74.534253,1778804357.22936,2.133333,-180.0,92.0,2940,1912,1.29901,0.82,0.0,0.0,pix
real_001_s001_2026-05-15_02-18-02-693,001,001,2,008,008.jpg,130,74.55092,1778804357.246026,2.15,-180.0,92.0,2940,1912,1.29901,0.82,0.0,0.0,pix
real_001_s001_2026-05-15_02-18-02-693,001,001,2,008,008.jpg,131,74.567586,1778804357.262693,2.166667,-180.0,92.0,2940,1912,1.29901,0.82,0.0,0.0,pix
real_001_s001_2026-05-15_02-18-02-693,001,001,2,008,008.jpg,132,74.584253,1778804357.27936,2.183333,-180.0,92.0,2940,1912,1.29901,0.82,0.0,0.0,pix
real_001_s001_2026-05-15_02-18-02-693,001,001,2,008,008.jpg,133,74.60092,1778804357.296026,2.2,-180.0,92.0,2940,1912,1.29901,0.82,0.0,0.0,pix
real_001_s001_2026-05-15_02-18-02-693,001,001,2,008,008.jpg,134,74.617586,1778804357.312693,2.216667,-180.0,92.0,2940,1912,1.29901,0.82,0.0,0.0,pix
real_001_s001_2026-05-15_02-18-02-693,001,001,2,008,008.jpg,135,74.634253,1778804357.32936,2.233333,-180.0,92.0,2940,1912,1.29901,0.82,0.0,0.0,pix
real_001_s001_2026-05-15_02-18-02-693,001,001,2,008,008.jpg,136,74.65092,1778804357.346026,2.25,-180.0,92.0,2940,1912,1.29901,0.82,0.0,0.0,pix
real_001_s001_2026-05-15_02-18-02-693,001,001,2,008,008.jpg,137,74.667586,1778804357.362693,2.266667,-180.0,92.0,2940,1912,1.29901,0.82,0.0,0.0,pix
real_001_s001_2026-05-15_02-18-02-693,001,001,2,008,008.jpg,138,74.684253,1778804357.379359,2.283333,-180.0,92.0,2940,1912,1.29901,0.82,0.0,0.0,pix
real_001_s001_2026-05-15_02-18-02-693,001,001,2,008,008.jpg,139,74.70092,1778804357.396026,2.3,-180.0,92.0,2940,1912,1.29901,0.82,0.0,0.0,pix
real_001_s001_2026-05-15_02-18-02-693,001,001,2,008,008.jpg,140,74.717586,1778804357.412693,2.316667,-180.0,92.0,2940,1912,1.29901,0.82,0.0,0.0,pix
real_001_s001_2026-05-15_02-18-02-693,001,001,2,008,008.jpg,141,74.734253,1778804357.429359,2.333333,-180.0,92.0,2940,1912,1.29901,0.82,0.0,0.0,pix
real_001_s001_2026-05-15_02-18-02-693,001,001,2,008,008.jpg,142,74.75092,1778804357.446026,2.35,-180.0,92.0,2940,1912,1.29901,0.82,0.0,0.0,pix
real_001_s001_2026-05-15_02-18-02-693,001,001,2,008,008.jpg,143,74.767586,1778804357.462693,2.366667,-180.0,92.0,2940,1912,1.29901,0.82,0.0,0.0,pix
real_001_s001_2026-05-15_02-18-02-693,001,001,2,008,008.jpg,144,74.784253,1778804357.47936,2.383333,-180.0,92.0,2940,1912,1.29901,0.82,0.0,0.0,pix
real_001_s001_2026-05-15_02-18-02-693,001,001,2,008,008.jpg,145,74.80092,1778804357.496026,2.4,-180.0,92.0,2940,1912,1.29901,0.82,0.0,0.0,pix
real_001_s001_2026-05-15_02-18-02-693,001,001,2,008,008.jpg,146,74.817586,1778804357.512693,2.416667,-180.0,92.0,2940,1912,1.29901,0.82,0.0,0.0,pix
real_001_s001_2026-05-15_02-18-02-693,001,001,2,008,008.jpg,147,74.834253,1778804357.52936,2.433333,-180.0,92.0,2940,1912,1.29901,0.82,0.0,0.0,pix
real_001_s001_2026-05-15_02-18-02-693,001,001,2,008,008.jpg,148,74.85092,1778804357.546026,2.45,-180.0,92.0,2940,1912,1.29901,0.82,0.0,0.0,pix
real_001_s001_2026-05-15_02-18-02-693,001,001,2,008,008.jpg,149,74.867586,1778804357.562693,2.466667,-180.0,92.0,2940,1912,1.29901,0.82,0.0,0.0,pix
real_001_s001_2026-05-15_02-18-02-693,001,001,2,008,008.jpg,150,74.884253,1778804357.57936,2.483333,-180.0,92.0,2940,1912,1.29901,0.82,0.0,0.0,pix
real_001_s001_2026-05-15_02-18-02-693,001,001,2,008,008.jpg,151,74.90092,1778804357.596026,2.5,-180.0,92.0,2940,1912,1.29901,0.82,0.0,0.0,pix
real_001_s001_2026-05-15_02-18-02-693,001,001,2,008,008.jpg,152,74.917586,1778804357.612693,2.516667,-180.0,92.0,2940,1912,1.29901,0.82,0.0,0.0,pix
real_001_s001_2026-05-15_02-18-02-693,001,001,2,008,008.jpg,153,74.934253,1778804357.629359,2.533333,-180.0,92.0,2940,1912,1.29901,0.82,0.0,0.0,pix
real_001_s001_2026-05-15_02-18-02-693,001,001,2,008,008.jpg,154,74.95092,1778804357.646026,2.55,-180.0,92.0,2940,1912,1.29901,0.82,0.0,0.0,pix
real_001_s001_2026-05-15_02-18-02-693,001,001,2,008,008.jpg,155,74.967586,1778804357.662693,2.566667,-180.0,92.0,2940,1912,1.29901,0.82,0.0,0.0,pix
real_001_s001_2026-05-15_02-18-02-693,001,001,2,008,008.jpg,156,74.984253,1778804357.679359,2.583333,-180.0,92.0,2940,1912,1.29901,0.82,0.0,0.0,pix
real_001_s001_2026-05-15_02-18-02-693,001,001,2,008,008.jpg,157,75.00092,1778804357.696026,2.6,-180.0,92.0,2940,1912,1.29901,0.82,0.0,0.0,pix
real_001_s001_2026-05-15_02-18-02-693,001,001,2,008,008.jpg,158,75.017586,1778804357.712693,2.616667,-180.0,92.0,2940,1912,1.29901,0.82,0.0,0.0,pix
real_001_s001_2026-05-15_02-18-02-693,001,001,2,008,008.jpg,159,75.034253,1778804357.72936,2.633333,-180.0,92.0,2940,1912,1.29901,0.82,0.0,0.0,pix
real_001_s001_2026-05-15_02-18-02-693,001,001,2,008,008.jpg,160,75.05092,1778804357.746026,2.65,-180.0,92.0,2940,1912,1.29901,0.82,0.0,0.0,pix
real_001_s001_2026-05-15_02-18-02-693,001,001,2,008,008.jpg,161,75.067586,1778804357.762693,2.666667,-180.0,92.0,2940,1912,1.29901,0.82,0.0,0.0,pix
real_001_s001_2026-05-15_02-18-02-693,001,001,2,008,008.jpg,162,75.084253,1778804357.77936,2.683333,-180.0,92.0,2940,1912,1.29901,0.82,0.0,0.0,pix
real_001_s001_2026-05-15_02-18-02-693,001,001,2,008,008.jpg,163,75.10092,1778804357.796026,2.7,-180.0,92.0,2940,1912,1.29901,0.82,0.0,0.0,pix
real_001_s001_2026-05-15_02-18-02-693,001,001,2,008,008.jpg,164,75.117586,1778804357.812693,2.716667,-180.0,92.0,2940,1912,1.29901,0.82,0.0,0.0,pix
real_001_s001_2026-05-15_02-18-02-693,001,001,2,008,008.jpg,165,75.134253,1778804357.82936,2.733333,-180.0,92.0,2940,1912,1.29901,0.82,0.0,0.0,pix
real_001_s001_2026-05-15_02-18-02-693,001,001,2,008,008.jpg,166,75.15092,1778804357.846026,2.75,-180.0,92.0,2940,1912,1.29901,0.82,0.0,0.0,pix
real_001_s001_2026-05-15_02-18-02-693,001,001,2,008,008.jpg,167,75.167586,1778804357.862693,2.766667,-180.0,92.0,2940,1912,1.29901,0.82,0.0,0.0,pix
real_001_s001_2026-05-15_02-18-02-693,001,001,2,008,008.jpg,168,75.184253,1778804357.879359,2.783333,-180.0,92.0,2940,1912,1.29901,0.82,0.0,0.0,pix
real_001_s001_2026-05-15_02-18-02-693,001,001,2,008,008.jpg,169,75.20092,1778804357.896026,2.8,-180.0,92.0,2940,1912,1.29901,0.82,0.0,0.0,pix
real_001_s001_2026-05-15_02-18-02-693,001,001,2,008,008.jpg,170,75.217586,1778804357.912693,2.816667,-180.0,92.0,2940,1912,1.29901,0.82,0.0,0.0,pix
real_001_s001_2026-05-15_02-18-02-693,001,001,2,008,008.jpg,171,75.234253,1778804357.929359,2.833333,-180.0,92.0,2940,1912,1.29901,0.82,0.0,0.0,pix
real_001_s001_2026-05-15_02-18-02-693,001,001,2,008,008.jpg,172,75.25092,1778804357.946026,2.85,-180.0,92.0,2940,1912,1.29901,0.82,0.0,0.0,pix
real_001_s001_2026-05-15_02-18-02-693,001,001,2,008,008.jpg,173,75.267586,1778804357.962693,2.866667,-180.0,92.0,2940,1912,1.29901,0.82,0.0,0.0,pix
real_001_s001_2026-05-15_02-18-02-693,001,001,2,008,008.jpg,174,75.284253,1778804357.97936,2.883333,-180.0,92.0,2940,1912,1.29901,0.82,0.0,0.0,pix
real_001_s001_2026-05-15_02-18-02-693,001,001,2,008,008.jpg,175,75.30092,1778804357.996026,2.9,-180.0,92.0,2940,1912,1.29901,0.82,0.0,0.0,pix
real_001_s001_2026-05-15_02-18-02-693,001,001,2,008,008.jpg,176,75.317586,1778804358.012693,2.916667,-180.0,92.0,2940,1912,1.29901,0.82,0.0,0.0,pix
real_001_s001_2026-05-15_02-18-02-693,001,001,2,008,008.jpg,177,75.334253,1778804358.02936,2.933333,-180.0,92.0,2940,1912,1.29901,0.82,0.0,0.0,pix
real_001_s001_2026-05-15_02-18-02-693,001,001,2,008,008.jpg,178,75.35092,1778804358.046026,2.95,-180.0,92.0,2940,1912,1.29901,0.82,0.0,0.0,pix
real_001_s001_2026-05-15_02-18-02-693,001,001,2,008,008.jpg,179,75.367586,1778804358.062693,2.966667,-180.0,92.0,2940,1912,1.29901,0.82,0.0,0.0,pix
real_001_s001_2026-05-15_02-18-02-693,001,001,2,008,008.jpg,180,75.384253,1778804358.07936,2.983333,-180.0,92.0,2940,1912,1.29901,0.82,0.0,0.0,pix
real_001_s001_2026-05-15_02-18-02-693,001,001,2,008,008.jpg,181,75.40092,1778804358.096026,3.0,-180.0,92.0,2940,1912,1.29901,0.82,0.0,0.0,pix
real_001_s001_2026-05-15_02-18-02-693,001,001,2,008,008.jpg,182,75.417586,1778804358.112693,3.016667,-180.0,92.0,2940,1912,1.29901,0.82,0.0,0.0,pix
real_001_s001_2026-05-15_02-18-02-693,001,001,2,008,008.jpg,183,75.434253,1778804358.129359,3.033333,-180.0,92.0,2940,1912,1.29901,0.82,0.0,0.0,pix
real_001_s001_2026-05-15_02-18-02-693,001,001,2,008,008.jpg,184,75.45092,1778804358.146026,3.05,-180.0,92.0,2940,1912,1.29901,0.82,0.0,0.0,pix
real_001_s001_2026-05-15_02-18-02-693,001,001,2,008,008.jpg,185,75.467586,1778804358.162693,3.066667,-180.0,92.0,2940,1912,1.29901,0.82,0.0,0.0,pix
real_001_s001_2026-05-15_02-18-02-693,001,001,2,008,008.jpg,186,75.484253,1778804358.179359,3.083333,-180.0,92.0,2940,1912,1.29901,0.82,0.0,0.0,pix
real_001_s001_2026-05-15_02-18-02-693,001,001,2,008,008.jpg,187,75.50092,1778804358.196026,3.1,-180.0,92.0,2940,1912,1.29901,0.82,0.0,0.0,pix
real_001_s001_2026-05-15_02-18-02-693,001,001,2,008,008.jpg,188,75.517586,1778804358.212693,3.116667,-180.0,92.0,2940,1912,1.29901,0.82,0.0,0.0,pix
real_001_s001_2026-05-15_02-18-02-693,001,001,2,008,008.jpg,189,75.534253,1778804358.22936,3.133333,-180.0,92.0,2940,1912,1.29901,0.82,0.0,0.0,pix
real_001_s001_2026-05-15_02-18-02-693,001,001,2,008,008.jpg,190,75.55092,1778804358.246026,3.15,-180.0,92.0,2940,1912,1.29901,0.82,0.0,0.0,pix
real_001_s001_2026-05-15_02-18-02-693,001,001,2,008,008.jpg,191,75.567586,1778804358.262693,3.166667,-180.0,92.0,2940,1912,1.29901,0.82,0.0,0.0,pix
real_001_s001_2026-05-15_02-18-02-693,001,001,2,008,008.jpg,192,75.584253,1778804358.27936,3.183333,-180.0,92.0,2940,1912,1.29901,0.82,0.0,0.0,pix
real_001_s001_2026-05-15_02-18-02-693,001,001,2,008,008.jpg,193,75.60092,1778804358.296026,3.2,-180.0,92.0,2940,1912,1.29901,0.82,0.0,0.0,pix
real_001_s001_2026-05-15_02-18-02-693,001,001,2,008,008.jpg,194,75.617586,1778804358.312693,3.216667,-180.0,92.0,2940,1912,1.29901,0.82,0.0,0.0,pix
real_001_s001_2026-05-15_02-18-02-693,001,001,2,008,008.jpg,195,75.634253,1778804358.32936,3.233333,-180.0,92.0,2940,1912,1.29901,0.82,0.0,0.0,pix
real_001_s001_2026-05-15_02-18-02-693,001,001,2,008,008.jpg,196,75.65092,1778804358.346026,3.25,-180.0,92.0,2940,1912,1.29901,0.82,0.0,0.0,pix
real_001_s001_2026-05-15_02-18-02-693,001,001,2,008,008.jpg,197,75.667586,1778804358.362693,3.266667,-180.0,92.0,2940,1912,1.29901,0.82,0.0,0.0,pix
real_001_s001_2026-05-15_02-18-02-693,001,001,2,008,008.jpg,198,75.684253,1778804358.379359,3.283333,-180.0,92.0,2940,1912,1.29901,0.82,0.0,0.0,pix
real_001_s001_2026-05-15_02-18-02-693,001,001,2,008,008.jpg,199,75.70092,1778804358.396026,3.3,-180.0,92.0,2940,1912,1.29901,0.82,0.0,0.0,pix
real_001_s001_2026-05-15_02-18-02-693,001,001,2,008,008.jpg,200,75.717586,1778804358.412693,3.316667,-180.0,92.0,2940,1912,1.29901,0.82,0.0,0.0,pix
real_001_s001_2026-05-15_02-18-02-693,001,001,2,008,008.jpg,201,75.734253,1778804358.429359,3.333333,-180.0,92.0,2940,1912,1.29901,0.82,0.0,0.0,pix
real_001_s001_2026-05-15_02-18-02-693,001,001,2,008,008.jpg,202,75.75092,1778804358.446026,3.35,-180.0,92.0,2940,1912,1.29901,0.82,0.0,0.0,pix
real_001_s001_2026-05-15_02-18-02-693,001,001,2,008,008.jpg,203,75.767586,1778804358.462693,3.366667,-180.0,92.0,2940,1912,1.29901,0.82,0.0,0.0,pix
real_001_s001_2026-05-15_02-18-02-693,001,001,2,008,008.jpg,204,75.784253,1778804358.47936,3.383333,-180.0,92.0,2940,1912,1.29901,0.82,0.0,0.0,pix
real_001_s001_2026-05-15_02-18-02-693,001,001,2,008,008.jpg,205,75.80092,1778804358.496026,3.4,-180.0,92.0,2940,1912,1.29901,0.82,0.0,0.0,pix
real_001_s001_2026-05-15_02-18-02-693,001,001,2,008,008.jpg,206,75.817586,1778804358.512693,3.416667,-180.0,92.0,2940,1912,1.29901,0.82,0.0,0.0,pix
real_001_s001_2026-05-15_02-18-02-693,001,001,2,008,008.jpg,207,75.834253,1778804358.52936,3.433333,-180.0,92.0,2940,1912,1.29901,0.82,0.0,0.0,pix
real_001_s001_2026-05-15_02-18-02-693,001,001,2,008,008.jpg,208,75.85092,1778804358.546026,3.45,-180.0,92.0,2940,1912,1.29901,0.82,0.0,0.0,pix
real_001_s001_2026-05-15_02-18-02-693,001,001,2,008,008.jpg,209,75.867586,1778804358.562693,3.466667,-180.0,92.0,2940,1912,1.29901,0.82,0.0,0.0,pix
real_001_s001_2026-05-15_02-18-02-693,001,001,2,008,008.jpg,210,75.884253,1778804358.57936,3.483333,-180.0,92.0,2940,1912,1.29901,0.82,0.0,0.0,pix
real_001_s001_2026-05-15_02-18-02-693,001,001,2,008,008.jpg,211,75.90092,1778804358.596026,3.5,-180.0,92.0,2940,1912,1.29901,0.82,0.0,0.0,pix
real_001_s001_2026-05-15_02-18-02-693,001,001,2,008,008.jpg,212,75.917586,1778804358.612693,3.516667,-180.0,92.0,2940,1912,1.29901,0.82,0.0,0.0,pix
real_001_s001_2026-05-15_02-18-02-693,001,001,2,008,008.jpg,213,75.934253,1778804358.629359,3.533333,-180.0,92.0,2940,1912,1.29901,0.82,0.0,0.0,pix
real_001_s001_2026-05-15_02-18-02-693,001,001,2,008,008.jpg,214,75.95092,1778804358.646026,3.55,-180.0,92.0,2940,1912,1.29901,0.82,0.0,0.0,pix
real_001_s001_2026-05-15_02-18-02-693,001,001,2,008,008.jpg,215,75.967586,1778804358.662693,3.566667,-180.0,92.0,2940,1912,1.29901,0.82,0.0,0.0,pix
real_001_s001_2026-05-15_02-18-02-693,001,001,2,008,008.jpg,216,75.984253,1778804358.679359,3.583333,-180.0,92.0,2940,1912,1.29901,0.82,0.0,0.0,pix
real_001_s001_2026-05-15_02-18-02-693,001,001,2,008,008.jpg,217,76.00092,1778804358.696026,3.6,-180.0,92.0,2940,1912,1.29901,0.82,0.0,0.0,pix
real_001_s001_2026-05-15_02-18-02-693,001,001,2,008,008.jpg,218,76.017586,1778804358.712693,3.616667,-180.0,92.0,2940,1912,1.29901,0.82,0.0,0.0,pix
real_001_s001_2026-05-15_02-18-02-693,001,001,2,008,008.jpg,219,76.034253,1778804358.72936,3.633333,-180.0,92.0,2940,1912,1.29901,0.82,0.0,0.0,pix
real_001_s001_2026-05-15_02-18-02-693,001,001,2,008,008.jpg,220,76.05092,1778804358.746026,3.65,-180.0,92.0,2940,1912,1.29901,0.82,0.0,0.0,pix
real_001_s001_2026-05-15_02-18-02-693,001,001,2,008,008.jpg,221,76.067586,1778804358.762693,3.666667,-180.0,92.0,2940,1912,1.29901,0.82,0.0,0.0,pix
real_001_s001_2026-05-15_02-18-02-693,001,001,2,008,008.jpg,222,76.084253,1778804358.77936,3.683333,-180.0,92.0,2940,1912,1.29901,0.82,0.0,0.0,pix
real_001_s001_2026-05-15_02-18-02-693,001,001,2,008,008.jpg,223,76.10092,1778804358.796026,3.7,-180.0,92.0,2940,1912,1.29901,0.82,0.0,0.0,pix
real_001_s001_2026-05-15_02-18-02-693,001,001,2,008,008.jpg,224,76.117586,1778804358.812693,3.716667,-180.0,92.0,2940,1912,1.29901,0.82,0.0,0.0,pix
real_001_s001_2026-05-15_02-18-02-693,001,001,2,008,008.jpg,225,76.134253,1778804358.82936,3.733333,-180.0,92.0,2940,1912,1.29901,0.82,0.0,0.0,pix
real_001_s001_2026-05-15_02-18-02-693,001,001,2,008,008.jpg,226,76.15092,1778804358.846026,3.75,-180.0,92.0,2940,1912,1.29901,0.82,0.0,0.0,pix
real_001_s001_2026-05-15_02-18-02-693,001,001,2,008,008.jpg,227,76.167586,1778804358.862693,3.766667,-180.0,92.0,2940,1912,1.29901,0.82,0.0,0.0,pix
real_001_s001_2026-05-15_02-18-02-693,001,001,2,008,008.jpg,228,76.184253,1778804358.879359,3.783333,-180.0,92.0,2940,1912,1.29901,0.82,0.0,0.0,pix
real_001_s001_2026-05-15_02-18-02-693,001,001,2,008,008.jpg,229,76.20092,1778804358.896026,3.8,-180.0,92.0,2940,1912,1.29901,0.82,0.0,0.0,pix
real_001_s001_2026-05-15_02-18-02-693,001,001,2,008,008.jpg,230,76.217586,1778804358.912693,3.816667,-180.0,92.0,2940,1912,1.29901,0.82,0.0,0.0,pix
real_001_s001_2026-05-15_02-18-02-693,001,001,2,008,008.jpg,231,76.234253,1778804358.929359,3.833333,-180.0,92.0,2940,1912,1.29901,0.82,0.0,0.0,pix
real_001_s001_2026-05-15_02-18-02-693,001,001,2,008,008.jpg,232,76.25092,1778804358.946026,3.85,-180.0,92.0,2940,1912,1.29901,0.82,0.0,0.0,pix
real_001_s001_2026-05-15_02-18-02-693,001,001,2,008,008.jpg,233,76.267586,1778804358.962693,3.866667,-180.0,92.0,2940,1912,1.29901,0.82,0.0,0.0,pix
real_001_s001_2026-05-15_02-18-02-693,001,001,2,008,008.jpg,234,76.284253,1778804358.97936,3.883333,-180.0,92.0,2940,1912,1.29901,0.82,0.0,0.0,pix
real_001_s001_2026-05-15_02-18-02-693,001,001,2,008,008.jpg,235,76.30092,1778804358.996026,3.9,-180.0,92.0,2940,1912,1.29901,0.82,0.0,0.0,pix
real_001_s001_2026-05-15_02-18-02-693,001,001,2,008,008.jpg,236,76.317586,1778804359.012693,3.916667,-180.0,92.0,2940,1912,1.29901,0.82,0.0,0.0,pix
real_001_s001_2026-05-15_02-18-02-693,001,001,2,008,008.jpg,237,76.334253,1778804359.02936,3.933333,-180.0,92.0,2940,1912,1.29901,0.82,0.0,0.0,pix
real_001_s001_2026-05-15_02-18-02-693,001,001,2,008,008.jpg,238,76.35092,1778804359.046026,3.95,-180.0,92.0,2940,1912,1.29901,0.82,0.0,0.0,pix
real_001_s001_2026-05-15_02-18-02-693,001,001,2,008,008.jpg,239,76.367586,1778804359.062693,3.966667,-180.0,92.0,2940,1912,1.29901,0.82,0.0,0.0,pix
real_001_s001_2026-05-15_02-18-02-693,001,001,2,008,008.jpg,240,76.384253,1778804359.07936,3.983333,-180.0,92.0,2940,1912,1.29901,0.82,0.0,0.0,pix
real_001_s001_2026-05-15_02-18-02-693,001,001,2,008,008.jpg,241,76.40092,1778804359.096026,4.0,-180.0,92.0,2940,1912,1.29901,0.82,0.0,0.0,pix
real_001_s001_2026-05-15_02-18-02-693,001,001,2,008,008.jpg,242,76.417586,1778804359.112693,4.016667,-180.0,92.0,2940,1912,1.29901,0.82,0.0,0.0,pix
real_001_s001_2026-05-15_02-18-02-693,001,001,2,008,008.jpg,243,76.434253,1778804359.129359,4.033333,-180.0,92.0,2940,1912,1.29901,0.82,0.0,0.0,pix
real_001_s001_2026-05-15_02-18-02-693,001,001,2,008,008.jpg,244,76.45092,1778804359.146026,4.05,-180.0,92.0,2940,1912,1.29901,0.82,0.0,0.0,pix
real_001_s001_2026-05-15_02-18-02-693,001,001,2,008,008.jpg,245,76.467586,1778804359.162693,4.066667,-180.0,92.0,2940,1912,1.29901,0.82,0.0,0.0,pix
real_001_s001_2026-05-15_02-18-02-693,001,001,2,008,008.jpg,246,76.484253,1778804359.179359,4.083333,-180.0,92.0,2940,1912,1.29901,0.82,0.0,0.0,pix
real_001_s001_2026-05-15_02-18-02-693,001,001,2,008,008.jpg,247,76.50092,1778804359.196026,4.1,-180.0,92.0,2940,1912,1.29901,0.82,0.0,0.0,pix
real_001_s001_2026-05-15_02-18-02-693,001,001,2,008,008.jpg,248,76.517586,1778804359.212693,4.116667,-180.0,92.0,2940,1912,1.29901,0.82,0.0,0.0,pix
real_001_s001_2026-05-15_02-18-02-693,001,001,2,008,008.jpg,249,76.534253,1778804359.22936,4.133333,-180.0,92.0,2940,1912,1.29901,0.82,0.0,0.0,pix
real_001_s001_2026-05-15_02-18-02-693,001,001,2,008,008.jpg,250,76.55092,1778804359.246026,4.15,-180.0,92.0,2940,1912,1.29901,0.82,0.0,0.0,pix
real_001_s001_2026-05-15_02-18-02-693,001,001,2,008,008.jpg,251,76.567586,1778804359.262693,4.166667,-180.0,92.0,2940,1912,1.29901,0.82,0.0,0.0,pix
real_001_s001_2026-05-15_02-18-02-693,001,001,2,008,008.jpg,252,76.584253,1778804359.27936,4.183333,-180.0,92.0,2940,1912,1.29901,0.82,0.0,0.0,pix
real_001_s001_2026-05-15_02-18-02-693,001,001,2,008,008.jpg,253,76.60092,1778804359.296026,4.2,-180.0,92.0,2940,1912,1.29901,0.82,0.0,0.0,pix
real_001_s001_2026-05-15_02-18-02-693,001,001,2,008,008.jpg,254,76.617586,1778804359.312693,4.216667,-180.0,92.0,2940,1912,1.29901,0.82,0.0,0.0,pix
real_001_s001_2026-05-15_02-18-02-693,001,001,2,008,008.jpg,255,76.634253,1778804359.32936,4.233333,-180.0,92.0,2940,1912,1.29901,0.82,0.0,0.0,pix
real_001_s001_2026-05-15_02-18-02-693,001,001,2,008,008.jpg,256,76.65092,1778804359.346026,4.25,-180.0,92.0,2940,1912,1.29901,0.82,0.0,0.0,pix
real_001_s001_2026-05-15_02-18-02-693,001,001,2,008,008.jpg,257,76.667586,1778804359.362693,4.266667,-180.0,92.0,2940,1912,1.29901,0.82,0.0,0.0,pix
real_001_s001_2026-05-15_02-18-02-693,001,001,2,008,008.jpg,258,76.684253,1778804359.379359,4.283333,-180.0,92.0,2940,1912,1.29901,0.82,0.0,0.0,pix
real_001_s001_2026-05-15_02-18-02-693,001,001,2,008,008.jpg,259,76.70092,1778804359.396026,4.3,-180.0,92.0,2940,1912,1.29901,0.82,0.0,0.0,pix
real_001_s001_2026-05-15_02-18-02-693,001,001,2,008,008.jpg,260,76.717586,1778804359.412693,4.316667,-180.0,92.0,2940,1912,1.29901,0.82,0.0,0.0,pix
real_001_s001_2026-05-15_02-18-02-693,001,001,2,008,008.jpg,261,76.734253,1778804359.429359,4.333333,-180.0,92.0,2940,1912,1.29901,0.82,0.0,0.0,pix
real_001_s001_2026-05-15_02-18-02-693,001,001,2,008,008.jpg,262,76.75092,1778804359.446026,4.35,-180.0,92.0,2940,1912,1.29901,0.82,0.0,0.0,pix
real_001_s001_2026-05-15_02-18-02-693,001,001,2,008,008.jpg,263,76.767586,1778804359.462693,4.366667,-180.0,92.0,2940,1912,1.29901,0.82,0.0,0.0,pix
real_001_s001_2026-05-15_02-18-02-693,001,001,2,008,008.jpg,264,76.784253,1778804359.47936,4.383333,-180.0,92.0,2940,1912,1.29901,0.82,0.0,0.0,pix
real_001_s001_2026-05-15_02-18-02-693,001,001,2,008,008.jpg,265,76.80092,1778804359.496026,4.4,-180.0,92.0,2940,1912,1.29901,0.82,0.0,0.0,pix
real_001_s001_2026-05-15_02-18-02-693,001,001,2,008,008.jpg,266,76.817586,1778804359.512693,4.416667,-180.0,92.0,2940,1912,1.29901,0.82,0.0,0.0,pix
real_001_s001_2026-05-15_02-18-02-693,001,001,2,008,008.jpg,267,76.834253,1778804359.52936,4.433333,-180.0,92.0,2940,1912,1.29901,0.82,0.0,0.0,pix
real_001_s001_2026-05-15_02-18-02-693,001,001,2,008,008.jpg,268,76.85092,1778804359.546026,4.45,-180.0,92.0,2940,1912,1.29901,0.82,0.0,0.0,pix
real_001_s001_2026-05-15_02-18-02-693,001,001,2,008,008.jpg,269,76.867586,1778804359.562693,4.466667,-180.0,92.0,2940,1912,1.29901,0.82,0.0,0.0,pix
real_001_s001_2026-05-15_02-18-02-693,001,001,2,008,008.jpg,270,76.884253,1778804359.57936,4.483333,-180.0,92.0,2940,1912,1.29901,0.82,0.0,0.0,pix
real_001_s001_2026-05-15_02-18-02-693,001,001,2,008,008.jpg,271,76.90092,1778804359.596026,4.5,-180.0,92.0,2940,1912,1.29901,0.82,0.0,0.0,pix
real_001_s001_2026-05-15_02-18-02-693,001,001,2,008,008.jpg,272,76.917586,1778804359.612693,4.516667,-180.0,92.0,2940,1912,1.29901,0.82,0.0,0.0,pix
real_001_s001_2026-05-15_02-18-02-693,001,001,2,008,008.jpg,273,76.934253,1778804359.629359,4.533333,-180.0,92.0,2940,1912,1.29901,0.82,0.0,0.0,pix
real_001_s001_2026-05-15_02-18-02-693,001,001,2,008,008.jpg,274,76.95092,1778804359.646026,4.55,-180.0,92.0,2940,1912,1.29901,0.82,0.0,0.0,pix
real_001_s001_2026-05-15_02-18-02-693,001,001,2,008,008.jpg,275,76.967586,1778804359.662693,4.566667,-180.0,92.0,2940,1912,1.29901,0.82,0.0,0.0,pix
real_001_s001_2026-05-15_02-18-02-693,001,001,2,008,008.jpg,276,76.984253,1778804359.679359,4.583333,-180.0,92.0,2940,1912,1.29901,0.82,0.0,0.0,pix
real_001_s001_2026-05-15_02-18-02-693,001,001,2,008,008.jpg,277,77.00092,1778804359.696026,4.6,-180.0,92.0,2940,1912,1.29901,0.82,0.0,0.0,pix
real_001_s001_2026-05-15_02-18-02-693,001,001,2,008,008.jpg,278,77.017586,1778804359.712693,4.616667,-180.0,92.0,2940,1912,1.29901,0.82,0.0,0.0,pix
real_001_s001_2026-05-15_02-18-02-693,001,001,2,008,008.jpg,279,77.034253,1778804359.72936,4.633333,-180.0,92.0,2940,1912,1.29901,0.82,0.0,0.0,pix
real_001_s001_2026-05-15_02-18-02-693,001,001,2,008,008.jpg,280,77.05092,1778804359.746026,4.65,-180.0,92.0,2940,1912,1.29901,0.82,0.0,0.0,pix
real_001_s001_2026-05-15_02-18-02-693,001,001,2,008,008.jpg,281,77.067586,1778804359.762693,4.666667,-180.0,92.0,2940,1912,1.29901,0.82,0.0,0.0,pix
real_001_s001_2026-05-15_02-18-02-693,001,001,2,008,008.jpg,282,77.084253,1778804359.77936,4.683333,-180.0,92.0,2940,1912,1.29901,0.82,0.0,0.0,pix
real_001_s001_2026-05-15_02-18-02-693,001,001,2,008,008.jpg,283,77.10092,1778804359.796026,4.7,-180.0,92.0,2940,1912,1.29901,0.82,0.0,0.0,pix
real_001_s001_2026-05-15_02-18-02-693,001,001,2,008,008.jpg,284,77.117586,1778804359.812693,4.716667,-180.0,92.0,2940,1912,1.29901,0.82,0.0,0.0,pix
real_001_s001_2026-05-15_02-18-02-693,001,001,2,008,008.jpg,285,77.134253,1778804359.82936,4.733333,-180.0,92.0,2940,1912,1.29901,0.82,0.0,0.0,pix
real_001_s001_2026-05-15_02-18-02-693,001,001,2,008,008.jpg,286,77.15092,1778804359.846026,4.75,-180.0,92.0,2940,1912,1.29901,0.82,0.0,0.0,pix
real_001_s001_2026-05-15_02-18-02-693,001,001,2,008,008.jpg,287,77.167586,1778804359.862693,4.766667,-180.0,92.0,2940,1912,1.29901,0.82,0.0,0.0,pix
real_001_s001_2026-05-15_02-18-02-693,001,001,2,008,008.jpg,288,77.184253,1778804359.879359,4.783333,-180.0,92.0,2940,1912,1.29901,0.82,0.0,0.0,pix
real_001_s001_2026-05-15_02-18-02-693,001,001,2,008,008.jpg,289,77.20092,1778804359.896026,4.8,-180.0,92.0,2940,1912,1.29901,0.82,0.0,0.0,pix
real_001_s001_2026-05-15_02-18-02-693,001,001,2,008,008.jpg,290,77.217586,1778804359.912693,4.816667,-180.0,92.0,2940,1912,1.29901,0.82,0.0,0.0,pix
real_001_s001_2026-05-15_02-18-02-693,001,001,2,008,008.jpg,291,77.234253,1778804359.929359,4.833333,-180.0,92.0,2940,1912,1.29901,0.82,0.0,0.0,pix
real_001_s001_2026-05-15_02-18-02-693,001,001,2,008,008.jpg,292,77.25092,1778804359.946026,4.85,-180.0,92.0,2940,1912,1.29901,0.82,0.0,0.0,pix
real_001_s001_2026-05-15_02-18-02-693,001,001,2,008,008.jpg,293,77.267586,1778804359.962693,4.866667,-180.0,92.0,2940,1912,1.29901,0.82,0.0,0.0,pix
real_001_s001_2026-05-15_02-18-02-693,001,001,2,008,008.jpg,294,77.284253,1778804359.97936,4.883333,-180.0,92.0,2940,1912,1.29901,0.82,0.0,0.0,pix
real_001_s001_2026-05-15_02-18-02-693,001,001,2,008,008.jpg,295,77.30092,1778804359.996026,4.9,-180.0,92.0,2940,1912,1.29901,0.82,0.0,0.0,pix
real_001_s001_2026-05-15_02-18-02-693,001,001,2,008,008.jpg,296,77.317586,1778804360.012693,4.916667,-180.0,92.0,2940,1912,1.29901,0.82,0.0,0.0,pix
real_001_s001_2026-05-15_02-18-02-693,001,001,2,008,008.jpg,297,77.334253,1778804360.02936,4.933333,-180.0,92.0,2940,1912,1.29901,0.82,0.0,0.0,pix
real_001_s001_2026-05-15_02-18-02-693,001,001,2,008,008.jpg,298,77.35092,1778804360.046026,4.95,-180.0,92.0,2940,1912,1.29901,0.82,0.0,0.0,pix
real_001_s001_2026-05-15_02-18-02-693,001,001,2,008,008.jpg,299,77.367586,1778804360.062693,4.966667,-180.0,92.0,2940,1912,1.29901,0.82,0.0,0.0,pix
real_001_s001_2026-05-15_02-18-02-693,001,001,2,008,008.jpg,300,77.384253,1778804360.07936,4.983333,-180.0,92.0,2940,1912,1.29901,0.82,0.0,0.0,pix
real_001_s001_2026-05-15_02-18-02-693,001,001,2,008,008.jpg,301,77.40092,1778804360.096026,5.0,-180.0,92.0,2940,1912,1.29901,0.82,0.0,0.0,pix
real_001_s001_2026-05-15_02-18-02-693,001,001,2,008,008.jpg,302,77.417586,1778804360.112693,5.016667,-180.0,92.0,2940,1912,1.29901,0.82,0.0,0.0,pix
real_001_s001_2026-05-15_02-18-02-693,001,001,2,008,008.jpg,303,77.434253,1778804360.129359,5.033333,-180.0,92.0,2940,1912,1.29901,0.82,0.0,0.0,pix
real_001_s001_2026-05-15_02-18-02-693,001,001,2,008,008.jpg,304,77.45092,1778804360.146026,5.05,-180.0,92.0,2940,1912,1.29901,0.82,0.0,0.0,pix
real_001_s001_2026-05-15_02-18-02-693,001,001,2,008,008.jpg,305,77.467586,1778804360.162693,5.066667,-180.0,92.0,2940,1912,1.29901,0.82,0.0,0.0,pix
real_001_s001_2026-05-15_02-18-02-693,001,001,2,008,008.jpg,306,77.484253,1778804360.179359,5.083333,-180.0,92.0,2940,1912,1.29901,0.82,0.0,0.0,pix
real_001_s001_2026-05-15_02-18-02-693,001,001,2,008,008.jpg,307,77.50092,1778804360.196026,5.1,-180.0,92.0,2940,1912,1.29901,0.82,0.0,0.0,pix
real_001_s001_2026-05-15_02-18-02-693,001,001,2,008,008.jpg,308,77.517586,1778804360.212693,5.116667,-180.0,92.0,2940,1912,1.29901,0.82,0.0,0.0,pix
real_001_s001_2026-05-15_02-18-02-693,001,001,2,008,008.jpg,309,77.534253,1778804360.22936,5.133333,-180.0,92.0,2940,1912,1.29901,0.82,0.0,0.0,pix
real_001_s001_2026-05-15_02-18-02-693,001,001,2,008,008.jpg,310,77.55092,1778804360.246026,5.15,-180.0,92.0,2940,1912,1.29901,0.82,0.0,0.0,pix
real_001_s001_2026-05-15_02-18-02-693,001,001,2,008,008.jpg,311,77.567586,1778804360.262693,5.166667,-180.0,92.0,2940,1912,1.29901,0.82,0.0,0.0,pix
real_001_s001_2026-05-15_02-18-02-693,001,001,2,008,008.jpg,312,77.584253,1778804360.27936,5.183333,-180.0,92.0,2940,1912,1.29901,0.82,0.0,0.0,pix
real_001_s001_2026-05-15_02-18-02-693,001,001,2,008,008.jpg,313,77.60092,1778804360.296026,5.2,-180.0,92.0,2940,1912,1.29901,0.82,0.0,0.0,pix
real_001_s001_2026-05-15_02-18-02-693,001,001,2,008,008.jpg,314,77.617586,1778804360.312693,5.216667,-180.0,92.0,2940,1912,1.29901,0.82,0.0,0.0,pix
real_001_s001_2026-05-15_02-18-02-693,001,001,2,008,008.jpg,315,77.634253,1778804360.32936,5.233333,-180.0,92.0,2940,1912,1.29901,0.82,0.0,0.0,pix
real_001_s001_2026-05-15_02-18-02-693,001,001,2,008,008.jpg,316,77.65092,1778804360.346026,5.25,-180.0,92.0,2940,1912,1.29901,0.82,0.0,0.0,pix
real_001_s001_2026-05-15_02-18-02-693,001,001,2,008,008.jpg,317,77.667586,1778804360.362693,5.266667,-180.0,92.0,2940,1912,1.29901,0.82,0.0,0.0,pix
real_001_s001_2026-05-15_02-18-02-693,001,001,2,008,008.jpg,318,77.684253,1778804360.379359,5.283333,-180.0,92.0,2940,1912,1.29901,0.82,0.0,0.0,pix
real_001_s001_2026-05-15_02-18-02-693,001,001,2,008,008.jpg,319,77.70092,1778804360.396026,5.3,-180.0,92.0,2940,1912,1.29901,0.82,0.0,0.0,pix
real_001_s001_2026-05-15_02-18-02-693,001,001,2,008,008.jpg,320,77.717586,1778804360.412693,5.316667,-180.0,92.0,2940,1912,1.29901,0.82,0.0,0.0,pix
real_001_s001_2026-05-15_02-18-02-693,001,001,2,008,008.jpg,321,77.734253,1778804360.429359,5.333333,-180.0,92.0,2940,1912,1.29901,0.82,0.0,0.0,pix
real_001_s001_2026-05-15_02-18-02-693,001,001,2,008,008.jpg,322,77.75092,1778804360.446026,5.35,-180.0,92.0,2940,1912,1.29901,0.82,0.0,0.0,pix
real_001_s001_2026-05-15_02-18-02-693,001,001,2,008,008.jpg,323,77.767586,1778804360.462693,5.366667,-180.0,92.0,2940,1912,1.29901,0.82,0.0,0.0,pix
real_001_s001_2026-05-15_02-18-02-693,001,001,2,008,008.jpg,324,77.784253,1778804360.47936,5.383333,-180.0,92.0,2940,1912,1.29901,0.82,0.0,0.0,pix
real_001_s001_2026-05-15_02-18-02-693,001,001,2,008,008.jpg,325,77.80092,1778804360.496026,5.4,-180.0,92.0,2940,1912,1.29901,0.82,0.0,0.0,pix
real_001_s001_2026-05-15_02-18-02-693,001,001,2,008,008.jpg,326,77.817586,1778804360.512693,5.416667,-180.0,92.0,2940,1912,1.29901,0.82,0.0,0.0,pix
real_001_s001_2026-05-15_02-18-02-693,001,001,2,008,008.jpg,327,77.834253,1778804360.52936,5.433333,-180.0,92.0,2940,1912,1.29901,0.82,0.0,0.0,pix
real_001_s001_2026-05-15_02-18-02-693,001,001,2,008,008.jpg,328,77.85092,1778804360.546026,5.45,-180.0,92.0,2940,1912,1.29901,0.82,0.0,0.0,pix
real_001_s001_2026-05-15_02-18-02-693,001,001,2,008,008.jpg,329,77.867586,1778804360.562693,5.466667,-180.0,92.0,2940,1912,1.29901,0.82,0.0,0.0,pix
real_001_s001_2026-05-15_02-18-02-693,001,001,2,008,008.jpg,330,77.884253,1778804360.57936,5.483333,-180.0,92.0,2940,1912,1.29901,0.82,0.0,0.0,pix
real_001_s001_2026-05-15_02-18-02-693,001,001,2,008,008.jpg,331,77.90092,1778804360.596026,5.5,-180.0,92.0,2940,1912,1.29901,0.82,0.0,0.0,pix
real_001_s001_2026-05-15_02-18-02-693,001,001,2,008,008.jpg,332,77.917586,1778804360.612693,5.516667,-180.0,92.0,2940,1912,1.29901,0.82,0.0,0.0,pix
real_001_s001_2026-05-15_02-18-02-693,001,001,2,008,008.jpg,333,77.934253,1778804360.629359,5.533333,-180.0,92.0,2940,1912,1.29901,0.82,0.0,0.0,pix
real_001_s001_2026-05-15_02-18-02-693,001,001,2,008,008.jpg,334,77.95092,1778804360.646026,5.55,-180.0,92.0,2940,1912,1.29901,0.82,0.0,0.0,pix
real_001_s001_2026-05-15_02-18-02-693,001,001,2,008,008.jpg,335,77.967586,1778804360.662693,5.566667,-180.0,92.0,2940,1912,1.29901,0.82,0.0,0.0,pix
real_001_s001_2026-05-15_02-18-02-693,001,001,2,008,008.jpg,336,77.984253,1778804360.679359,5.583333,-180.0,92.0,2940,1912,1.29901,0.82,0.0,0.0,pix
real_001_s001_2026-05-15_02-18-02-693,001,001,2,008,008.jpg,337,78.00092,1778804360.696026,5.6,-180.0,92.0,2940,1912,1.29901,0.82,0.0,0.0,pix
real_001_s001_2026-05-15_02-18-02-693,001,001,2,008,008.jpg,338,78.017586,1778804360.712693,5.616667,-180.0,92.0,2940,1912,1.29901,0.82,0.0,0.0,pix
real_001_s001_2026-05-15_02-18-02-693,001,001,2,008,008.jpg,339,78.034253,1778804360.72936,5.633333,-180.0,92.0,2940,1912,1.29901,0.82,0.0,0.0,pix
real_001_s001_2026-05-15_02-18-02-693,001,001,2,008,008.jpg,340,78.05092,1778804360.746026,5.65,-180.0,92.0,2940,1912,1.29901,0.82,0.0,0.0,pix
real_001_s001_2026-05-15_02-18-02-693,001,001,2,008,008.jpg,341,78.067586,1778804360.762693,5.666667,-180.0,92.0,2940,1912,1.29901,0.82,0.0,0.0,pix
real_001_s001_2026-05-15_02-18-02-693,001,001,2,008,008.jpg,342,78.084253,1778804360.77936,5.683333,-180.0,92.0,2940,1912,1.29901,0.82,0.0,0.0,pix
real_001_s001_2026-05-15_02-18-02-693,001,001,2,008,008.jpg,343,78.10092,1778804360.796026,5.7,-180.0,92.0,2940,1912,1.29901,0.82,0.0,0.0,pix
real_001_s001_2026-05-15_02-18-02-693,001,001,2,008,008.jpg,344,78.117586,1778804360.812693,5.716667,-180.0,92.0,2940,1912,1.29901,0.82,0.0,0.0,pix
real_001_s001_2026-05-15_02-18-02-693,001,001,2,008,008.jpg,345,78.134253,1778804360.82936,5.733333,-180.0,92.0,2940,1912,1.29901,0.82,0.0,0.0,pix
real_001_s001_2026-05-15_02-18-02-693,001,001,2,008,008.jpg,346,78.15092,1778804360.846026,5.75,-180.0,92.0,2940,1912,1.29901,0.82,0.0,0.0,pix
real_001_s001_2026-05-15_02-18-02-693,001,001,2,008,008.jpg,347,78.167586,1778804360.862693,5.766667,-180.0,92.0,2940,1912,1.29901,0.82,0.0,0.0,pix
real_001_s001_2026-05-15_02-18-02-693,001,001,2,008,008.jpg,348,78.184253,1778804360.879359,5.783333,-180.0,92.0,2940,1912,1.29901,0.82,0.0,0.0,pix
real_001_s001_2026-05-15_02-18-02-693,001,001,2,008,008.jpg,349,78.20092,1778804360.896026,5.8,-180.0,92.0,2940,1912,1.29901,0.82,0.0,0.0,pix
real_001_s001_2026-05-15_02-18-02-693,001,001,2,008,008.jpg,350,78.217586,1778804360.912693,5.816667,-180.0,92.0,2940,1912,1.29901,0.82,0.0,0.0,pix
real_001_s001_2026-05-15_02-18-02-693,001,001,2,008,008.jpg,351,78.234253,1778804360.929359,5.833333,-180.0,92.0,2940,1912,1.29901,0.82,0.0,0.0,pix
real_001_s001_2026-05-15_02-18-02-693,001,001,2,008,008.jpg,352,78.25092,1778804360.946026,5.85,-180.0,92.0,2940,1912,1.29901,0.82,0.0,0.0,pix
real_001_s001_2026-05-15_02-18-02-693,001,001,2,008,008.jpg,353,78.267586,1778804360.962693,5.866667,-180.0,92.0,2940,1912,1.29901,0.82,0.0,0.0,pix
real_001_s001_2026-05-15_02-18-02-693,001,001,2,008,008.jpg,354,78.284253,1778804360.97936,5.883333,-180.0,92.0,2940,1912,1.29901,0.82,0.0,0.0,pix
real_001_s001_2026-05-15_02-18-02-693,001,001,2,008,008.jpg,355,78.30092,1778804360.996026,5.9,-180.0,92.0,2940,1912,1.29901,0.82,0.0,0.0,pix
real_001_s001_2026-05-15_02-18-02-693,001,001,2,008,008.jpg,356,78.317586,1778804361.012693,5.916667,-180.0,92.0,2940,1912,1.29901,0.82,0.0,0.0,pix
real_001_s001_2026-05-15_02-18-02-693,001,001,2,008,008.jpg,357,78.334253,1778804361.02936,5.933333,-180.0,92.0,2940,1912,1.29901,0.82,0.0,0.0,pix
real_001_s001_2026-05-15_02-18-02-693,001,001,2,008,008.jpg,358,78.35092,1778804361.046026,5.95,-180.0,92.0,2940,1912,1.29901,0.82,0.0,0.0,pix
real_001_s001_2026-05-15_02-18-02-693,001,001,2,008,008.jpg,359,78.367586,1778804361.062693,5.966667,-180.0,92.0,2940,1912,1.29901,0.82,0.0,0.0,pix
real_001_s001_2026-05-15_02-18-02-693,001,001,2,008,008.jpg,360,78.384253,1778804361.07936,5.983333,-180.0,92.0,2940,1912,1.29901,0.82,0.0,0.0,pix
real_001_s001_2026-05-15_02-18-02-693,001,001,2,008,008.jpg,361,78.40092,1778804361.096026,6.0,-180.0,92.0,2940,1912,1.29901,0.82,0.0,0.0,pix
real_001_s001_2026-05-15_02-18-02-693,001,001,2,008,008.jpg,362,78.417586,1778804361.112693,6.016667,-180.0,92.0,2940,1912,1.29901,0.82,0.0,0.0,pix
real_001_s001_2026-05-15_02-18-02-693,001,001,2,008,008.jpg,363,78.434253,1778804361.129359,6.033333,-180.0,92.0,2940,1912,1.29901,0.82,0.0,0.0,pix
real_001_s001_2026-05-15_02-18-02-693,001,001,2,008,008.jpg,364,78.45092,1778804361.146026,6.05,-180.0,92.0,2940,1912,1.29901,0.82,0.0,0.0,pix
real_001_s001_2026-05-15_02-18-02-693,001,001,2,008,008.jpg,365,78.467586,1778804361.162693,6.066667,-180.0,92.0,2940,1912,1.29901,0.82,0.0,0.0,pix
real_001_s001_2026-05-15_02-18-02-693,001,001,2,008,008.jpg,366,78.484253,1778804361.179359,6.083333,-180.0,92.0,2940,1912,1.29901,0.82,0.0,0.0,pix
real_001_s001_2026-05-15_02-18-02-693,001,001,2,008,008.jpg,367,78.50092,1778804361.196026,6.1,-180.0,92.0,2940,1912,1.29901,0.82,0.0,0.0,pix
real_001_s001_2026-05-15_02-18-02-693,001,001,2,008,008.jpg,368,78.517586,1778804361.212693,6.116667,-180.0,92.0,2940,1912,1.29901,0.82,0.0,0.0,pix
real_001_s001_2026-05-15_02-18-02-693,001,001,2,008,008.jpg,369,78.534253,1778804361.22936,6.133333,-180.0,92.0,2940,1912,1.29901,0.82,0.0,0.0,pix
real_001_s001_2026-05-15_02-18-02-693,001,001,2,008,008.jpg,370,78.55092,1778804361.246026,6.15,-180.0,92.0,2940,1912,1.29901,0.82,0.0,0.0,pix
real_001_s001_2026-05-15_02-18-02-693,001,001,2,008,008.jpg,371,78.567586,1778804361.262693,6.166667,-180.0,92.0,2940,1912,1.29901,0.82,0.0,0.0,pix
real_001_s001_2026-05-15_02-18-02-693,001,001,2,008,008.jpg,372,78.584253,1778804361.27936,6.183333,-180.0,92.0,2940,1912,1.29901,0.82,0.0,0.0,pix
real_001_s001_2026-05-15_02-18-02-693,001,001,2,008,008.jpg,373,78.60092,1778804361.296026,6.2,-180.0,92.0,2940,1912,1.29901,0.82,0.0,0.0,pix
real_001_s001_2026-05-15_02-18-02-693,001,001,2,008,008.jpg,374,78.617586,1778804361.312693,6.216667,-180.0,92.0,2940,1912,1.29901,0.82,0.0,0.0,pix
real_001_s001_2026-05-15_02-18-02-693,001,001,2,008,008.jpg,375,78.634253,1778804361.32936,6.233333,-180.0,92.0,2940,1912,1.29901,0.82,0.0,0.0,pix
real_001_s001_2026-05-15_02-18-02-693,001,001,2,008,008.jpg,376,78.65092,1778804361.346026,6.25,-180.0,92.0,2940,1912,1.29901,0.82,0.0,0.0,pix
real_001_s001_2026-05-15_02-18-02-693,001,001,2,008,008.jpg,377,78.667586,1778804361.362693,6.266667,-180.0,92.0,2940,1912,1.29901,0.82,0.0,0.0,pix
real_001_s001_2026-05-15_02-18-02-693,001,001,2,008,008.jpg,378,78.684253,1778804361.379359,6.283333,-180.0,92.0,2940,1912,1.29901,0.82,0.0,0.0,pix
real_001_s001_2026-05-15_02-18-02-693,001,001,2,008,008.jpg,379,78.70092,1778804361.396026,6.3,-180.0,92.0,2940,1912,1.29901,0.82,0.0,0.0,pix
real_001_s001_2026-05-15_02-18-02-693,001,001,2,008,008.jpg,380,78.717586,1778804361.412693,6.316667,-180.0,92.0,2940,1912,1.29901,0.82,0.0,0.0,pix
real_001_s001_2026-05-15_02-18-02-693,001,001,2,008,008.jpg,381,78.734253,1778804361.429359,6.333333,-180.0,92.0,2940,1912,1.29901,0.82,0.0,0.0,pix
real_001_s001_2026-05-15_02-18-02-693,001,001,2,008,008.jpg,382,78.75092,1778804361.446026,6.35,-180.0,92.0,2940,1912,1.29901,0.82,0.0,0.0,pix
real_001_s001_2026-05-15_02-18-02-693,001,001,2,008,008.jpg,383,78.767586,1778804361.462693,6.366667,-180.0,92.0,2940,1912,1.29901,0.82,0.0,0.0,pix
real_001_s001_2026-05-15_02-18-02-693,001,001,2,008,008.jpg,384,78.784253,1778804361.47936,6.383333,-180.0,92.0,2940,1912,1.29901,0.82,0.0,0.0,pix
real_001_s001_2026-05-15_02-18-02-693,001,001,2,008,008.jpg,385,78.80092,1778804361.496026,6.4,-180.0,92.0,2940,1912,1.29901,0.82,0.0,0.0,pix
real_001_s001_2026-05-15_02-18-02-693,001,001,2,008,008.jpg,386,78.817586,1778804361.512693,6.416667,-180.0,92.0,2940,1912,1.29901,0.82,0.0,0.0,pix
real_001_s001_2026-05-15_02-18-02-693,001,001,2,008,008.jpg,387,78.834253,1778804361.52936,6.433333,-180.0,92.0,2940,1912,1.29901,0.82,0.0,0.0,pix
real_001_s001_2026-05-15_02-18-02-693,001,001,2,008,008.jpg,388,78.85092,1778804361.546026,6.45,-180.0,92.0,2940,1912,1.29901,0.82,0.0,0.0,pix
real_001_s001_2026-05-15_02-18-02-693,001,001,2,008,008.jpg,389,78.867586,1778804361.562693,6.466667,-180.0,92.0,2940,1912,1.29901,0.82,0.0,0.0,pix
real_001_s001_2026-05-15_02-18-02-693,001,001,2,008,008.jpg,390,78.884253,1778804361.57936,6.483333,-180.0,92.0,2940,1912,1.29901,0.82,0.0,0.0,pix
real_001_s001_2026-05-15_02-18-02-693,001,001,2,008,008.jpg,391,78.90092,1778804361.596026,6.5,-180.0,92.0,2940,1912,1.29901,0.82,0.0,0.0,pix
real_001_s001_2026-05-15_02-18-02-693,001,001,2,008,008.jpg,392,78.917586,1778804361.612693,6.516667,-180.0,92.0,2940,1912,1.29901,0.82,0.0,0.0,pix
real_001_s001_2026-05-15_02-18-02-693,001,001,2,008,008.jpg,393,78.934253,1778804361.629359,6.533333,-180.0,92.0,2940,1912,1.29901,0.82,0.0,0.0,pix
real_001_s001_2026-05-15_02-18-02-693,001,001,2,008,008.jpg,394,78.95092,1778804361.646026,6.55,-180.0,92.0,2940,1912,1.29901,0.82,0.0,0.0,pix
real_001_s001_2026-05-15_02-18-02-693,001,001,2,008,008.jpg,395,78.967586,1778804361.662693,6.566667,-180.0,92.0,2940,1912,1.29901,0.82,0.0,0.0,pix
real_001_s001_2026-05-15_02-18-02-693,001,001,2,008,008.jpg,396,78.984253,1778804361.679359,6.583333,-180.0,92.0,2940,1912,1.29901,0.82,0.0,0.0,pix
real_001_s001_2026-05-15_02-18-02-693,001,001,2,008,008.jpg,397,79.00092,1778804361.696026,6.6,-180.0,92.0,2940,1912,1.29901,0.82,0.0,0.0,pix
real_001_s001_2026-05-15_02-18-02-693,001,001,2,008,008.jpg,398,79.017586,1778804361.712693,6.616667,-180.0,92.0,2940,1912,1.29901,0.82,0.0,0.0,pix
real_001_s001_2026-05-15_02-18-02-693,001,001,2,008,008.jpg,399,79.034253,1778804361.72936,6.633333,-180.0,92.0,2940,1912,1.29901,0.82,0.0,0.0,pix
real_001_s001_2026-05-15_02-18-02-693,001,001,2,008,008.jpg,400,79.05092,1778804361.746026,6.65,-180.0,92.0,2940,1912,1.29901,0.82,0.0,0.0,pix
real_001_s001_2026-05-15_02-18-02-693,001,001,2,008,008.jpg,401,79.067586,1778804361.762693,6.666667,-180.0,92.0,2940,1912,1.29901,0.82,0.0,0.0,pix
real_001_s001_2026-05-15_02-18-02-693,001,001,2,008,008.jpg,402,79.084253,1778804361.77936,6.683333,-180.0,92.0,2940,1912,1.29901,0.82,0.0,0.0,pix
real_001_s001_2026-05-15_02-18-02-693,001,001,2,008,008.jpg,403,79.10092,1778804361.796026,6.7,-180.0,92.0,2940,1912,1.29901,0.82,0.0,0.0,pix
real_001_s001_2026-05-15_02-18-02-693,001,001,2,008,008.jpg,404,79.117586,1778804361.812693,6.716667,-180.0,92.0,2940,1912,1.29901,0.82,0.0,0.0,pix
real_001_s001_2026-05-15_02-18-02-693,001,001,2,008,008.jpg,405,79.134253,1778804361.82936,6.733333,-180.0,92.0,2940,1912,1.29901,0.82,0.0,0.0,pix
real_001_s001_2026-05-15_02-18-02-693,001,001,2,008,008.jpg,406,79.15092,1778804361.846026,6.75,-180.0,92.0,2940,1912,1.29901,0.82,0.0,0.0,pix
real_001_s001_2026-05-15_02-18-02-693,001,001,2,008,008.jpg,407,79.167586,1778804361.862693,6.766667,-180.0,92.0,2940,1912,1.29901,0.82,0.0,0.0,pix
real_001_s001_2026-05-15_02-18-02-693,001,001,2,008,008.jpg,408,79.184253,1778804361.879359,6.783333,-180.0,92.0,2940,1912,1.29901,0.82,0.0,0.0,pix
real_001_s001_2026-05-15_02-18-02-693,001,001,2,008,008.jpg,409,79.20092,1778804361.896026,6.8,-180.0,92.0,2940,1912,1.29901,0.82,0.0,0.0,pix
real_001_s001_2026-05-15_02-18-02-693,001,001,2,008,008.jpg,410,79.217586,1778804361.912693,6.816667,-180.0,92.0,2940,1912,1.29901,0.82,0.0,0.0,pix
real_001_s001_2026-05-15_02-18-02-693,001,001,2,008,008.jpg,411,79.234253,1778804361.929359,6.833333,-180.0,92.0,2940,1912,1.29901,0.82,0.0,0.0,pix
real_001_s001_2026-05-15_02-18-02-693,001,001,2,008,008.jpg,412,79.25092,1778804361.946026,6.85,-180.0,92.0,2940,1912,1.29901,0.82,0.0,0.0,pix
real_001_s001_2026-05-15_02-18-02-693,001,001,2,008,008.jpg,413,79.267586,1778804361.962693,6.866667,-180.0,92.0,2940,1912,1.29901,0.82,0.0,0.0,pix
real_001_s001_2026-05-15_02-18-02-693,001,001,2,008,008.jpg,414,79.284253,1778804361.97936,6.883333,-180.0,92.0,2940,1912,1.29901,0.82,0.0,0.0,pix
real_001_s001_2026-05-15_02-18-02-693,001,001,2,008,008.jpg,415,79.30092,1778804361.996026,6.9,-180.0,92.0,2940,1912,1.29901,0.82,0.0,0.0,pix
real_001_s001_2026-05-15_02-18-02-693,001,001,2,008,008.jpg,416,79.317586,1778804362.012693,6.916667,-180.0,92.0,2940,1912,1.29901,0.82,0.0,0.0,pix
real_001_s001_2026-05-15_02-18-02-693,001,001,2,008,008.jpg,417,79.334253,1778804362.02936,6.933333,-180.0,92.0,2940,1912,1.29901,0.82,0.0,0.0,pix
real_001_s001_2026-05-15_02-18-02-693,001,001,2,008,008.jpg,418,79.35092,1778804362.046026,6.95,-180.0,92.0,2940,1912,1.29901,0.82,0.0,0.0,pix
real_001_s001_2026-05-15_02-18-02-693,001,001,2,008,008.jpg,419,79.367586,1778804362.062693,6.966667,-180.0,92.0,2940,1912,1.29901,0.82,0.0,0.0,pix
real_001_s001_2026-05-15_02-18-02-693,001,001,2,008,008.jpg,420,79.384253,1778804362.07936,6.983333,-180.0,92.0,2940,1912,1.29901,0.82,0.0,0.0,pix
real_001_s001_2026-05-15_02-18-02-693,001,001,2,008,008.jpg,421,79.40092,1778804362.096026,7.0,-180.0,92.0,2940,1912,1.29901,0.82,0.0,0.0,pix
real_001_s001_2026-05-15_02-18-02-693,001,001,2,008,008.jpg,422,79.417586,1778804362.112693,7.016667,-180.0,92.0,2940,1912,1.29901,0.82,0.0,0.0,pix
real_001_s001_2026-05-15_02-18-02-693,001,001,2,008,008.jpg,423,79.434253,1778804362.129359,7.033333,-180.0,92.0,2940,1912,1.29901,0.82,0.0,0.0,pix
real_001_s001_2026-05-15_02-18-02-693,001,001,2,008,008.jpg,424,79.45092,1778804362.146026,7.05,-180.0,92.0,2940,1912,1.29901,0.82,0.0,0.0,pix
real_001_s001_2026-05-15_02-18-02-693,001,001,2,008,008.jpg,425,79.467586,1778804362.162693,7.066667,-180.0,92.0,2940,1912,1.29901,0.82,0.0,0.0,pix
real_001_s001_2026-05-15_02-18-02-693,001,001,2,008,008.jpg,426,79.484253,1778804362.179359,7.083333,-180.0,92.0,2940,1912,1.29901,0.82,0.0,0.0,pix
real_001_s001_2026-05-15_02-18-02-693,001,001,2,008,008.jpg,427,79.50092,1778804362.196026,7.1,-180.0,92.0,2940,1912,1.29901,0.82,0.0,0.0,pix
real_001_s001_2026-05-15_02-18-02-693,001,001,2,008,008.jpg,428,79.517586,1778804362.212693,7.116667,-180.0,92.0,2940,1912,1.29901,0.82,0.0,0.0,pix
real_001_s001_2026-05-15_02-18-02-693,001,001,2,008,008.jpg,429,79.534253,1778804362.22936,7.133333,-180.0,92.0,2940,1912,1.29901,0.82,0.0,0.0,pix
real_001_s001_2026-05-15_02-18-02-693,001,001,2,008,008.jpg,430,79.55092,1778804362.246026,7.15,-180.0,92.0,2940,1912,1.29901,0.82,0.0,0.0,pix
real_001_s001_2026-05-15_02-18-02-693,001,001,2,008,008.jpg,431,79.567586,1778804362.262693,7.166667,-180.0,92.0,2940,1912,1.29901,0.82,0.0,0.0,pix
real_001_s001_2026-05-15_02-18-02-693,001,001,2,008,008.jpg,432,79.584253,1778804362.27936,7.183333,-180.0,92.0,2940,1912,1.29901,0.82,0.0,0.0,pix
real_001_s001_2026-05-15_02-18-02-693,001,001,2,008,008.jpg,433,79.60092,1778804362.296026,7.2,-180.0,92.0,2940,1912,1.29901,0.82,0.0,0.0,pix
real_001_s001_2026-05-15_02-18-02-693,001,001,2,008,008.jpg,434,79.617586,1778804362.312693,7.216667,-180.0,92.0,2940,1912,1.29901,0.82,0.0,0.0,pix
real_001_s001_2026-05-15_02-18-02-693,001,001,2,008,008.jpg,435,79.634253,1778804362.32936,7.233333,-180.0,92.0,2940,1912,1.29901,0.82,0.0,0.0,pix
real_001_s001_2026-05-15_02-18-02-693,001,001,2,008,008.jpg,436,79.65092,1778804362.346026,7.25,-180.0,92.0,2940,1912,1.29901,0.82,0.0,0.0,pix
real_001_s001_2026-05-15_02-18-02-693,001,001,2,008,008.jpg,437,79.667586,1778804362.362693,7.266667,-180.0,92.0,2940,1912,1.29901,0.82,0.0,0.0,pix
real_001_s001_2026-05-15_02-18-02-693,001,001,2,008,008.jpg,438,79.684253,1778804362.379359,7.283333,-180.0,92.0,2940,1912,1.29901,0.82,0.0,0.0,pix
real_001_s001_2026-05-15_02-18-02-693,001,001,2,008,008.jpg,439,79.70092,1778804362.396026,7.3,-180.0,92.0,2940,1912,1.29901,0.82,0.0,0.0,pix
real_001_s001_2026-05-15_02-18-02-693,001,001,2,008,008.jpg,440,79.717586,1778804362.412693,7.316667,-180.0,92.0,2940,1912,1.29901,0.82,0.0,0.0,pix
real_001_s001_2026-05-15_02-18-02-693,001,001,2,008,008.jpg,441,79.734253,1778804362.429359,7.333333,-180.0,92.0,2940,1912,1.29901,0.82,0.0,0.0,pix
real_001_s001_2026-05-15_02-18-02-693,001,001,2,008,008.jpg,442,79.75092,1778804362.446026,7.35,-180.0,92.0,2940,1912,1.29901,0.82,0.0,0.0,pix
real_001_s001_2026-05-15_02-18-02-693,001,001,2,008,008.jpg,443,79.767586,1778804362.462693,7.366667,-180.0,92.0,2940,1912,1.29901,0.82,0.0,0.0,pix
real_001_s001_2026-05-15_02-18-02-693,001,001,2,008,008.jpg,444,79.784253,1778804362.47936,7.383333,-180.0,92.0,2940,1912,1.29901,0.82,0.0,0.0,pix
real_001_s001_2026-05-15_02-18-02-693,001,001,2,008,008.jpg,445,79.80092,1778804362.496026,7.4,-180.0,92.0,2940,1912,1.29901,0.82,0.0,0.0,pix
real_001_s001_2026-05-15_02-18-02-693,001,001,2,008,008.jpg,446,79.817586,1778804362.512693,7.416667,-180.0,92.0,2940,1912,1.29901,0.82,0.0,0.0,pix
real_001_s001_2026-05-15_02-18-02-693,001,001,2,008,008.jpg,447,79.834253,1778804362.52936,7.433333,-180.0,92.0,2940,1912,1.29901,0.82,0.0,0.0,pix
real_001_s001_2026-05-15_02-18-02-693,001,001,2,008,008.jpg,448,79.85092,1778804362.546026,7.45,-180.0,92.0,2940,1912,1.29901,0.82,0.0,0.0,pix
real_001_s001_2026-05-15_02-18-02-693,001,001,2,008,008.jpg,449,79.867586,1778804362.562693,7.466667,-180.0,92.0,2940,1912,1.29901,0.82,0.0,0.0,pix
real_001_s001_2026-05-15_02-18-02-693,001,001,2,008,008.jpg,450,79.884253,1778804362.57936,7.483333,-180.0,92.0,2940,1912,1.29901,0.82,0.0,0.0,pix
real_001_s001_2026-05-15_02-18-02-693,001,001,2,008,008.jpg,451,79.90092,1778804362.596026,7.5,-180.0,92.0,2940,1912,1.29901,0.82,0.0,0.0,pix
real_001_s001_2026-05-15_02-18-02-693,001,001,2,008,008.jpg,452,79.917586,1778804362.612693,7.516667,-180.0,92.0,2940,1912,1.29901,0.82,0.0,0.0,pix
real_001_s001_2026-05-15_02-18-02-693,001,001,2,008,008.jpg,453,79.934253,1778804362.629359,7.533333,-180.0,92.0,2940,1912,1.29901,0.82,0.0,0.0,pix
real_001_s001_2026-05-15_02-18-02-693,001,001,2,008,008.jpg,454,79.95092,1778804362.646026,7.55,-180.0,92.0,2940,1912,1.29901,0.82,0.0,0.0,pix
real_001_s001_2026-05-15_02-18-02-693,001,001,2,008,008.jpg,455,79.967586,1778804362.662693,7.566667,-180.0,92.0,2940,1912,1.29901,0.82,0.0,0.0,pix
real_001_s001_2026-05-15_02-18-02-693,001,001,2,008,008.jpg,456,79.984253,1778804362.679359,7.583333,-180.0,92.0,2940,1912,1.29901,0.82,0.0,0.0,pix
real_001_s001_2026-05-15_02-18-02-693,001,001,2,008,008.jpg,457,80.00092,1778804362.696026,7.6,-180.0,92.0,2940,1912,1.29901,0.82,0.0,0.0,pix
real_001_s001_2026-05-15_02-18-02-693,001,001,2,008,008.jpg,458,80.017586,1778804362.712693,7.616667,-180.0,92.0,2940,1912,1.29901,0.82,0.0,0.0,pix
real_001_s001_2026-05-15_02-18-02-693,001,001,2,008,008.jpg,459,80.034253,1778804362.72936,7.633333,-180.0,92.0,2940,1912,1.29901,0.82,0.0,0.0,pix
real_001_s001_2026-05-15_02-18-02-693,001,001,2,008,008.jpg,460,80.05092,1778804362.746026,7.65,-180.0,92.0,2940,1912,1.29901,0.82,0.0,0.0,pix
real_001_s001_2026-05-15_02-18-02-693,001,001,2,008,008.jpg,461,80.067586,1778804362.762693,7.666667,-180.0,92.0,2940,1912,1.29901,0.82,0.0,0.0,pix
real_001_s001_2026-05-15_02-18-02-693,001,001,2,008,008.jpg,462,80.084253,1778804362.77936,7.683333,-180.0,92.0,2940,1912,1.29901,0.82,0.0,0.0,pix
real_001_s001_2026-05-15_02-18-02-693,001,001,2,008,008.jpg,463,80.10092,1778804362.796026,7.7,-180.0,92.0,2940,1912,1.29901,0.82,0.0,0.0,pix
real_001_s001_2026-05-15_02-18-02-693,001,001,2,008,008.jpg,464,80.117586,1778804362.812693,7.716667,-180.0,92.0,2940,1912,1.29901,0.82,0.0,0.0,pix
real_001_s001_2026-05-15_02-18-02-693,001,001,2,008,008.jpg,465,80.134253,1778804362.82936,7.733333,-180.0,92.0,2940,1912,1.29901,0.82,0.0,0.0,pix
real_001_s001_2026-05-15_02-18-02-693,001,001,2,008,008.jpg,466,80.15092,1778804362.846026,7.75,-180.0,92.0,2940,1912,1.29901,0.82,0.0,0.0,pix
real_001_s001_2026-05-15_02-18-02-693,001,001,2,008,008.jpg,467,80.167586,1778804362.862693,7.766667,-180.0,92.0,2940,1912,1.29901,0.82,0.0,0.0,pix
real_001_s001_2026-05-15_02-18-02-693,001,001,2,008,008.jpg,468,80.184253,1778804362.879359,7.783333,-180.0,92.0,2940,1912,1.29901,0.82,0.0,0.0,pix
real_001_s001_2026-05-15_02-18-02-693,001,001,2,008,008.jpg,469,80.20092,1778804362.896026,7.8,-180.0,92.0,2940,1912,1.29901,0.82,0.0,0.0,pix
real_001_s001_2026-05-15_02-18-02-693,001,001,2,008,008.jpg,470,80.217586,1778804362.912693,7.816667,-180.0,92.0,2940,1912,1.29901,0.82,0.0,0.0,pix
real_001_s001_2026-05-15_02-18-02-693,001,001,2,008,008.jpg,471,80.234253,1778804362.929359,7.833333,-180.0,92.0,2940,1912,1.29901,0.82,0.0,0.0,pix
real_001_s001_2026-05-15_02-18-02-693,001,001,2,008,008.jpg,472,80.25092,1778804362.946026,7.85,-180.0,92.0,2940,1912,1.29901,0.82,0.0,0.0,pix
real_001_s001_2026-05-15_02-18-02-693,001,001,2,008,008.jpg,473,80.267586,1778804362.962693,7.866667,-180.0,92.0,2940,1912,1.29901,0.82,0.0,0.0,pix
real_001_s001_2026-05-15_02-18-02-693,001,001,2,008,008.jpg,474,80.284253,1778804362.97936,7.883333,-180.0,92.0,2940,1912,1.29901,0.82,0.0,0.0,pix
real_001_s001_2026-05-15_02-18-02-693,001,001,2,008,008.jpg,475,80.30092,1778804362.996026,7.9,-180.0,92.0,2940,1912,1.29901,0.82,0.0,0.0,pix
real_001_s001_2026-05-15_02-18-02-693,001,001,2,008,008.jpg,476,80.317586,1778804363.012693,7.916667,-180.0,92.0,2940,1912,1.29901,0.82,0.0,0.0,pix
real_001_s001_2026-05-15_02-18-02-693,001,001,2,008,008.jpg,477,80.334253,1778804363.02936,7.933333,-180.0,92.0,2940,1912,1.29901,0.82,0.0,0.0,pix
real_001_s001_2026-05-15_02-18-02-693,001,001,2,008,008.jpg,478,80.35092,1778804363.046026,7.95,-180.0,92.0,2940,1912,1.29901,0.82,0.0,0.0,pix
real_001_s001_2026-05-15_02-18-02-693,001,001,2,008,008.jpg,479,80.367586,1778804363.062693,7.966667,-180.0,92.0,2940,1912,1.29901,0.82,0.0,0.0,pix
real_001_s001_2026-05-15_02-18-02-693,001,001,2,008,008.jpg,480,80.384253,1778804363.07936,7.983333,-180.0,92.0,2940,1912,1.29901,0.82,0.0,0.0,pix
real_001_s001_2026-05-15_02-18-02-693,001,001,2,008,008.jpg,481,80.40092,1778804363.096026,8.0,-180.0,92.0,2940,1912,1.29901,0.82,0.0,0.0,pix
real_001_s001_2026-05-15_02-18-02-693,001,001,2,008,008.jpg,482,80.417586,1778804363.112693,8.016667,-180.0,92.0,2940,1912,1.29901,0.82,0.0,0.0,pix
real_001_s001_2026-05-15_02-18-02-693,001,001,2,008,008.jpg,483,80.434253,1778804363.129359,8.033333,-180.0,92.0,2940,1912,1.29901,0.82,0.0,0.0,pix
real_001_s001_2026-05-15_02-18-02-693,001,001,2,008,008.jpg,484,80.45092,1778804363.146026,8.05,-180.0,92.0,2940,1912,1.29901,0.82,0.0,0.0,pix
real_001_s001_2026-05-15_02-18-02-693,001,001,2,008,008.jpg,485,80.467586,1778804363.162693,8.066667,-180.0,92.0,2940,1912,1.29901,0.82,0.0,0.0,pix
real_001_s001_2026-05-15_02-18-02-693,001,001,2,008,008.jpg,486,80.484253,1778804363.179359,8.083333,-180.0,92.0,2940,1912,1.29901,0.82,0.0,0.0,pix
real_001_s001_2026-05-15_02-18-02-693,001,001,2,008,008.jpg,487,80.50092,1778804363.196026,8.1,-180.0,92.0,2940,1912,1.29901,0.82,0.0,0.0,pix
real_001_s001_2026-05-15_02-18-02-693,001,001,2,008,008.jpg,488,80.517586,1778804363.212693,8.116667,-180.0,92.0,2940,1912,1.29901,0.82,0.0,0.0,pix
real_001_s001_2026-05-15_02-18-02-693,001,001,2,008,008.jpg,489,80.534253,1778804363.22936,8.133333,-180.0,92.0,2940,1912,1.29901,0.82,0.0,0.0,pix
real_001_s001_2026-05-15_02-18-02-693,001,001,2,008,008.jpg,490,80.55092,1778804363.246026,8.15,-180.0,92.0,2940,1912,1.29901,0.82,0.0,0.0,pix
real_001_s001_2026-05-15_02-18-02-693,001,001,2,008,008.jpg,491,80.567586,1778804363.262693,8.166667,-180.0,92.0,2940,1912,1.29901,0.82,0.0,0.0,pix
real_001_s001_2026-05-15_02-18-02-693,001,001,2,008,008.jpg,492,80.584253,1778804363.27936,8.183333,-180.0,92.0,2940,1912,1.29901,0.82,0.0,0.0,pix
real_001_s001_2026-05-15_02-18-02-693,001,001,2,008,008.jpg,493,80.60092,1778804363.296026,8.2,-180.0,92.0,2940,1912,1.29901,0.82,0.0,0.0,pix
real_001_s001_2026-05-15_02-18-02-693,001,001,2,008,008.jpg,494,80.617586,1778804363.312693,8.216667,-180.0,92.0,2940,1912,1.29901,0.82,0.0,0.0,pix
real_001_s001_2026-05-15_02-18-02-693,001,001,2,008,008.jpg,495,80.634253,1778804363.32936,8.233333,-180.0,92.0,2940,1912,1.29901,0.82,0.0,0.0,pix
real_001_s001_2026-05-15_02-18-02-693,001,001,2,008,008.jpg,496,80.65092,1778804363.346026,8.25,-180.0,92.0,2940,1912,1.29901,0.82,0.0,0.0,pix
real_001_s001_2026-05-15_02-18-02-693,001,001,2,008,008.jpg,497,80.667586,1778804363.362693,8.266667,-180.0,92.0,2940,1912,1.29901,0.82,0.0,0.0,pix
real_001_s001_2026-05-15_02-18-02-693,001,001,2,008,008.jpg,498,80.684253,1778804363.379359,8.283333,-180.0,92.0,2940,1912,1.29901,0.82,0.0,0.0,pix
real_001_s001_2026-05-15_02-18-02-693,001,001,2,008,008.jpg,499,80.70092,1778804363.396026,8.3,-180.0,92.0,2940,1912,1.29901,0.82,0.0,0.0,pix
real_001_s001_2026-05-15_02-18-02-693,001,001,2,008,008.jpg,500,80.717586,1778804363.412693,8.316667,-180.0,92.0,2940,1912,1.29901,0.82,0.0,0.0,pix
real_001_s001_2026-05-15_02-18-02-693,001,001,2,008,008.jpg,501,80.734253,1778804363.429359,8.333333,-180.0,92.0,2940,1912,1.29901,0.82,0.0,0.0,pix
real_001_s001_2026-05-15_02-18-02-693,001,001,2,008,008.jpg,502,80.75092,1778804363.446026,8.35,-180.0,92.0,2940,1912,1.29901,0.82,0.0,0.0,pix
real_001_s001_2026-05-15_02-18-02-693,001,001,2,008,008.jpg,503,80.767586,1778804363.462693,8.366667,-180.0,92.0,2940,1912,1.29901,0.82,0.0,0.0,pix
real_001_s001_2026-05-15_02-18-02-693,001,001,2,008,008.jpg,504,80.784253,1778804363.47936,8.383333,-180.0,92.0,2940,1912,1.29901,0.82,0.0,0.0,pix
real_001_s001_2026-05-15_02-18-02-693,001,001,2,008,008.jpg,505,80.80092,1778804363.496026,8.4,-180.0,92.0,2940,1912,1.29901,0.82,0.0,0.0,pix
real_001_s001_2026-05-15_02-18-02-693,001,001,2,008,008.jpg,506,80.817586,1778804363.512693,8.416667,-180.0,92.0,2940,1912,1.29901,0.82,0.0,0.0,pix
real_001_s001_2026-05-15_02-18-02-693,001,001,2,008,008.jpg,507,80.834253,1778804363.52936,8.433333,-180.0,92.0,2940,1912,1.29901,0.82,0.0,0.0,pix
real_001_s001_2026-05-15_02-18-02-693,001,001,2,008,008.jpg,508,80.85092,1778804363.546026,8.45,-180.0,92.0,2940,1912,1.29901,0.82,0.0,0.0,pix
real_001_s001_2026-05-15_02-18-02-693,001,001,2,008,008.jpg,509,80.867586,1778804363.562693,8.466667,-180.0,92.0,2940,1912,1.29901,0.82,0.0,0.0,pix
real_001_s001_2026-05-15_02-18-02-693,001,001,2,008,008.jpg,510,80.884253,1778804363.57936,8.483333,-180.0,92.0,2940,1912,1.29901,0.82,0.0,0.0,pix
real_001_s001_2026-05-15_02-18-02-693,001,001,2,008,008.jpg,511,80.90092,1778804363.596026,8.5,-180.0,92.0,2940,1912,1.29901,0.82,0.0,0.0,pix
real_001_s001_2026-05-15_02-18-02-693,001,001,2,008,008.jpg,512,80.917586,1778804363.612693,8.516667,-180.0,92.0,2940,1912,1.29901,0.82,0.0,0.0,pix
real_001_s001_2026-05-15_02-18-02-693,001,001,2,008,008.jpg,513,80.934253,1778804363.629359,8.533333,-180.0,92.0,2940,1912,1.29901,0.82,0.0,0.0,pix
real_001_s001_2026-05-15_02-18-02-693,001,001,2,008,008.jpg,514,80.95092,1778804363.646026,8.55,-180.0,92.0,2940,1912,1.29901,0.82,0.0,0.0,pix
real_001_s001_2026-05-15_02-18-02-693,001,001,2,008,008.jpg,515,80.967586,1778804363.662693,8.566667,-180.0,92.0,2940,1912,1.29901,0.82,0.0,0.0,pix
real_001_s001_2026-05-15_02-18-02-693,001,001,2,008,008.jpg,516,80.984253,1778804363.679359,8.583333,-180.0,92.0,2940,1912,1.29901,0.82,0.0,0.0,pix
real_001_s001_2026-05-15_02-18-02-693,001,001,2,008,008.jpg,517,81.00092,1778804363.696026,8.6,-180.0,92.0,2940,1912,1.29901,0.82,0.0,0.0,pix
real_001_s001_2026-05-15_02-18-02-693,001,001,2,008,008.jpg,518,81.017586,1778804363.712693,8.616667,-180.0,92.0,2940,1912,1.29901,0.82,0.0,0.0,pix
real_001_s001_2026-05-15_02-18-02-693,001,001,2,008,008.jpg,519,81.034253,1778804363.72936,8.633333,-180.0,92.0,2940,1912,1.29901,0.82,0.0,0.0,pix
real_001_s001_2026-05-15_02-18-02-693,001,001,2,008,008.jpg,520,81.05092,1778804363.746026,8.65,-180.0,92.0,2940,1912,1.29901,0.82,0.0,0.0,pix
real_001_s001_2026-05-15_02-18-02-693,001,001,2,008,008.jpg,521,81.067586,1778804363.762693,8.666667,-180.0,92.0,2940,1912,1.29901,0.82,0.0,0.0,pix
real_001_s001_2026-05-15_02-18-02-693,001,001,2,008,008.jpg,522,81.084253,1778804363.77936,8.683333,-180.0,92.0,2940,1912,1.29901,0.82,0.0,0.0,pix
real_001_s001_2026-05-15_02-18-02-693,001,001,2,008,008.jpg,523,81.10092,1778804363.796026,8.7,-180.0,92.0,2940,1912,1.29901,0.82,0.0,0.0,pix
real_001_s001_2026-05-15_02-18-02-693,001,001,2,008,008.jpg,524,81.117586,1778804363.812693,8.716667,-180.0,92.0,2940,1912,1.29901,0.82,0.0,0.0,pix
real_001_s001_2026-05-15_02-18-02-693,001,001,2,008,008.jpg,525,81.134253,1778804363.82936,8.733333,-180.0,92.0,2940,1912,1.29901,0.82,0.0,0.0,pix
real_001_s001_2026-05-15_02-18-02-693,001,001,2,008,008.jpg,526,81.15092,1778804363.846026,8.75,-180.0,92.0,2940,1912,1.29901,0.82,0.0,0.0,pix
real_001_s001_2026-05-15_02-18-02-693,001,001,2,008,008.jpg,527,81.167586,1778804363.862693,8.766667,-180.0,92.0,2940,1912,1.29901,0.82,0.0,0.0,pix
real_001_s001_2026-05-15_02-18-02-693,001,001,2,008,008.jpg,528,81.184253,1778804363.879359,8.783333,-180.0,92.0,2940,1912,1.29901,0.82,0.0,0.0,pix
real_001_s001_2026-05-15_02-18-02-693,001,001,2,008,008.jpg,529,81.20092,1778804363.896026,8.8,-180.0,92.0,2940,1912,1.29901,0.82,0.0,0.0,pix
real_001_s001_2026-05-15_02-18-02-693,001,001,2,008,008.jpg,530,81.217586,1778804363.912693,8.816667,-180.0,92.0,2940,1912,1.29901,0.82,0.0,0.0,pix
real_001_s001_2026-05-15_02-18-02-693,001,001,2,008,008.jpg,531,81.234253,1778804363.929359,8.833333,-180.0,92.0,2940,1912,1.29901,0.82,0.0,0.0,pix
real_001_s001_2026-05-15_02-18-02-693,001,001,2,008,008.jpg,532,81.25092,1778804363.946026,8.85,-180.0,92.0,2940,1912,1.29901,0.82,0.0,0.0,pix
real_001_s001_2026-05-15_02-18-02-693,001,001,2,008,008.jpg,533,81.267586,1778804363.962693,8.866667,-180.0,92.0,2940,1912,1.29901,0.82,0.0,0.0,pix
real_001_s001_2026-05-15_02-18-02-693,001,001,2,008,008.jpg,534,81.284253,1778804363.97936,8.883333,-180.0,92.0,2940,1912,1.29901,0.82,0.0,0.0,pix
real_001_s001_2026-05-15_02-18-02-693,001,001,2,008,008.jpg,535,81.30092,1778804363.996026,8.9,-180.0,92.0,2940,1912,1.29901,0.82,0.0,0.0,pix
real_001_s001_2026-05-15_02-18-02-693,001,001,2,008,008.jpg,536,81.317586,1778804364.012693,8.916667,-180.0,92.0,2940,1912,1.29901,0.82,0.0,0.0,pix
real_001_s001_2026-05-15_02-18-02-693,001,001,2,008,008.jpg,537,81.334253,1778804364.02936,8.933333,-180.0,92.0,2940,1912,1.29901,0.82,0.0,0.0,pix
real_001_s001_2026-05-15_02-18-02-693,001,001,2,008,008.jpg,538,81.35092,1778804364.046026,8.95,-180.0,92.0,2940,1912,1.29901,0.82,0.0,0.0,pix
real_001_s001_2026-05-15_02-18-02-693,001,001,2,008,008.jpg,539,81.367586,1778804364.062693,8.966667,-180.0,92.0,2940,1912,1.29901,0.82,0.0,0.0,pix
real_001_s001_2026-05-15_02-18-02-693,001,001,2,008,008.jpg,540,81.384253,1778804364.07936,8.983333,-180.0,92.0,2940,1912,1.29901,0.82,0.0,0.0,pix
