run_id,participant,session,trial_index,trial_id,image_file,sample_index,sample_session_s,sample_unix_s,sample_from_image_onset_s,gaze_x_pix,gaze_y_pix,gaze_movement_px,gaze_movement_cumulative_px,screen_width_px,screen_height_px,image_stim_width_units,image_stim_height_units,image_stim_center_x_units,image_stim_center_y_units,units
real_001_s001_2026-05-18_16-38-02-358,001,001,1,044,044.jpg,1,22.741635,1779115105.101107,0.0,36.0,-394.0,0.0,0.0,2940,1912,1.076018,0.82,0.0,0.0,pix
real_001_s001_2026-05-18_16-38-02-358,001,001,1,044,044.jpg,2,22.758302,1779115105.117774,0.016667,36.0,-394.0,0.0,0.0,2940,1912,1.076018,0.82,0.0,0.0,pix
real_001_s001_2026-05-18_16-38-02-358,001,001,1,044,044.jpg,3,22.774969,1779115105.13444,0.033333,36.0,-394.0,0.0,0.0,2940,1912,1.076018,0.82,0.0,0.0,pix
real_001_s001_2026-05-18_16-38-02-358,001,001,1,044,044.jpg,4,22.791635,1779115105.151107,0.05,36.0,-394.0,0.0,0.0,2940,1912,1.076018,0.82,0.0,0.0,pix
real_001_s001_2026-05-18_16-38-02-358,001,001,1,044,044.jpg,5,22.808302,1779115105.167773,0.066667,36.0,-394.0,0.0,0.0,2940,1912,1.076018,0.82,0.0,0.0,pix
real_001_s001_2026-05-18_16-38-02-358,001,001,1,044,044.jpg,6,22.824969,1779115105.18444,0.083333,36.0,-394.0,0.0,0.0,2940,1912,1.076018,0.82,0.0,0.0,pix
real_001_s001_2026-05-18_16-38-02-358,001,001,1,044,044.jpg,7,22.841635,1779115105.201107,0.1,36.0,-394.0,0.0,0.0,2940,1912,1.076018,0.82,0.0,0.0,pix
real_001_s001_2026-05-18_16-38-02-358,001,001,1,044,044.jpg,8,22.858302,1779115105.217773,0.116667,36.0,-394.0,0.0,0.0,2940,1912,1.076018,0.82,0.0,0.0,pix
real_001_s001_2026-05-18_16-38-02-358,001,001,1,044,044.jpg,9,22.874969,1779115105.23444,0.133333,36.0,-394.0,0.0,0.0,2940,1912,1.076018,0.82,0.0,0.0,pix
real_001_s001_2026-05-18_16-38-02-358,001,001,1,044,044.jpg,10,22.891635,1779115105.251107,0.15,36.0,-394.0,0.0,0.0,2940,1912,1.076018,0.82,0.0,0.0,pix
real_001_s001_2026-05-18_16-38-02-358,001,001,1,044,044.jpg,11,22.908302,1779115105.267774,0.166667,36.0,-394.0,0.0,0.0,2940,1912,1.076018,0.82,0.0,0.0,pix
real_001_s001_2026-05-18_16-38-02-358,001,001,1,044,044.jpg,12,22.924969,1779115105.28444,0.183333,36.0,-394.0,0.0,0.0,2940,1912,1.076018,0.82,0.0,0.0,pix
real_001_s001_2026-05-18_16-38-02-358,001,001,1,044,044.jpg,13,22.941635,1779115105.301107,0.2,36.0,-394.0,0.0,0.0,2940,1912,1.076018,0.82,0.0,0.0,pix
real_001_s001_2026-05-18_16-38-02-358,001,001,1,044,044.jpg,14,22.958302,1779115105.317774,0.216667,36.0,-394.0,0.0,0.0,2940,1912,1.076018,0.82,0.0,0.0,pix
real_001_s001_2026-05-18_16-38-02-358,001,001,1,044,044.jpg,15,22.974969,1779115105.33444,0.233333,36.0,-394.0,0.0,0.0,2940,1912,1.076018,0.82,0.0,0.0,pix
real_001_s001_2026-05-18_16-38-02-358,001,001,1,044,044.jpg,16,22.991635,1779115105.351107,0.25,36.0,-394.0,0.0,0.0,2940,1912,1.076018,0.82,0.0,0.0,pix
real_001_s001_2026-05-18_16-38-02-358,001,001,1,044,044.jpg,17,23.008302,1779115105.367774,0.266667,36.0,-394.0,0.0,0.0,2940,1912,1.076018,0.82,0.0,0.0,pix
real_001_s001_2026-05-18_16-38-02-358,001,001,1,044,044.jpg,18,23.024969,1779115105.38444,0.283333,36.0,-394.0,0.0,0.0,2940,1912,1.076018,0.82,0.0,0.0,pix
real_001_s001_2026-05-18_16-38-02-358,001,001,1,044,044.jpg,19,23.041635,1779115105.401107,0.3,36.0,-394.0,0.0,0.0,2940,1912,1.076018,0.82,0.0,0.0,pix
real_001_s001_2026-05-18_16-38-02-358,001,001,1,044,044.jpg,20,23.058302,1779115105.417773,0.316667,36.0,-394.0,0.0,0.0,2940,1912,1.076018,0.82,0.0,0.0,pix
real_001_s001_2026-05-18_16-38-02-358,001,001,1,044,044.jpg,21,23.074969,1779115105.43444,0.333333,36.0,-394.0,0.0,0.0,2940,1912,1.076018,0.82,0.0,0.0,pix
real_001_s001_2026-05-18_16-38-02-358,001,001,1,044,044.jpg,22,23.091635,1779115105.451107,0.35,36.0,-394.0,0.0,0.0,2940,1912,1.076018,0.82,0.0,0.0,pix
real_001_s001_2026-05-18_16-38-02-358,001,001,1,044,044.jpg,23,23.108302,1779115105.467773,0.366667,36.0,-394.0,0.0,0.0,2940,1912,1.076018,0.82,0.0,0.0,pix
real_001_s001_2026-05-18_16-38-02-358,001,001,1,044,044.jpg,24,23.124969,1779115105.48444,0.383333,36.0,-394.0,0.0,0.0,2940,1912,1.076018,0.82,0.0,0.0,pix
real_001_s001_2026-05-18_16-38-02-358,001,001,1,044,044.jpg,25,23.141635,1779115105.501107,0.4,36.0,-394.0,0.0,0.0,2940,1912,1.076018,0.82,0.0,0.0,pix
real_001_s001_2026-05-18_16-38-02-358,001,001,1,044,044.jpg,26,23.158302,1779115105.517774,0.416667,36.0,-394.0,0.0,0.0,2940,1912,1.076018,0.82,0.0,0.0,pix
real_001_s001_2026-05-18_16-38-02-358,001,001,1,044,044.jpg,27,23.174969,1779115105.53444,0.433333,36.0,-394.0,0.0,0.0,2940,1912,1.076018,0.82,0.0,0.0,pix
real_001_s001_2026-05-18_16-38-02-358,001,001,1,044,044.jpg,28,23.191635,1779115105.551107,0.45,36.0,-394.0,0.0,0.0,2940,1912,1.076018,0.82,0.0,0.0,pix
real_001_s001_2026-05-18_16-38-02-358,001,001,1,044,044.jpg,29,23.208302,1779115105.567774,0.466667,36.0,-394.0,0.0,0.0,2940,1912,1.076018,0.82,0.0,0.0,pix
real_001_s001_2026-05-18_16-38-02-358,001,001,1,044,044.jpg,30,23.224969,1779115105.58444,0.483333,36.0,-394.0,0.0,0.0,2940,1912,1.076018,0.82,0.0,0.0,pix
real_001_s001_2026-05-18_16-38-02-358,001,001,1,044,044.jpg,31,23.241635,1779115105.601107,0.5,36.0,-394.0,0.0,0.0,2940,1912,1.076018,0.82,0.0,0.0,pix
real_001_s001_2026-05-18_16-38-02-358,001,001,1,044,044.jpg,32,23.258302,1779115105.617774,0.516667,36.0,-394.0,0.0,0.0,2940,1912,1.076018,0.82,0.0,0.0,pix
real_001_s001_2026-05-18_16-38-02-358,001,001,1,044,044.jpg,33,23.274969,1779115105.63444,0.533333,36.0,-394.0,0.0,0.0,2940,1912,1.076018,0.82,0.0,0.0,pix
real_001_s001_2026-05-18_16-38-02-358,001,001,1,044,044.jpg,34,23.291635,1779115105.651107,0.55,36.0,-394.0,0.0,0.0,2940,1912,1.076018,0.82,0.0,0.0,pix
real_001_s001_2026-05-18_16-38-02-358,001,001,1,044,044.jpg,35,23.308302,1779115105.667773,0.566667,36.0,-394.0,0.0,0.0,2940,1912,1.076018,0.82,0.0,0.0,pix
real_001_s001_2026-05-18_16-38-02-358,001,001,1,044,044.jpg,36,23.324969,1779115105.68444,0.583333,36.0,-394.0,0.0,0.0,2940,1912,1.076018,0.82,0.0,0.0,pix
real_001_s001_2026-05-18_16-38-02-358,001,001,1,044,044.jpg,37,23.341635,1779115105.701107,0.6,36.0,-394.0,0.0,0.0,2940,1912,1.076018,0.82,0.0,0.0,pix
real_001_s001_2026-05-18_16-38-02-358,001,001,1,044,044.jpg,38,23.358302,1779115105.717773,0.616667,36.0,-394.0,0.0,0.0,2940,1912,1.076018,0.82,0.0,0.0,pix
real_001_s001_2026-05-18_16-38-02-358,001,001,1,044,044.jpg,39,23.374969,1779115105.73444,0.633333,36.0,-394.0,0.0,0.0,2940,1912,1.076018,0.82,0.0,0.0,pix
real_001_s001_2026-05-18_16-38-02-358,001,001,1,044,044.jpg,40,23.391635,1779115105.751107,0.65,36.0,-394.0,0.0,0.0,2940,1912,1.076018,0.82,0.0,0.0,pix
real_001_s001_2026-05-18_16-38-02-358,001,001,1,044,044.jpg,41,23.408302,1779115105.767774,0.666667,36.0,-394.0,0.0,0.0,2940,1912,1.076018,0.82,0.0,0.0,pix
real_001_s001_2026-05-18_16-38-02-358,001,001,1,044,044.jpg,42,23.424969,1779115105.78444,0.683333,36.0,-394.0,0.0,0.0,2940,1912,1.076018,0.82,0.0,0.0,pix
real_001_s001_2026-05-18_16-38-02-358,001,001,1,044,044.jpg,43,23.441635,1779115105.801107,0.7,36.0,-394.0,0.0,0.0,2940,1912,1.076018,0.82,0.0,0.0,pix
real_001_s001_2026-05-18_16-38-02-358,001,001,1,044,044.jpg,44,23.458302,1779115105.817774,0.716667,36.0,-394.0,0.0,0.0,2940,1912,1.076018,0.82,0.0,0.0,pix
real_001_s001_2026-05-18_16-38-02-358,001,001,1,044,044.jpg,45,23.474969,1779115105.83444,0.733333,36.0,-394.0,0.0,0.0,2940,1912,1.076018,0.82,0.0,0.0,pix
real_001_s001_2026-05-18_16-38-02-358,001,001,1,044,044.jpg,46,23.491635,1779115105.851107,0.75,36.0,-394.0,0.0,0.0,2940,1912,1.076018,0.82,0.0,0.0,pix
real_001_s001_2026-05-18_16-38-02-358,001,001,1,044,044.jpg,47,23.508302,1779115105.867774,0.766667,36.0,-394.0,0.0,0.0,2940,1912,1.076018,0.82,0.0,0.0,pix
real_001_s001_2026-05-18_16-38-02-358,001,001,1,044,044.jpg,48,23.524969,1779115105.88444,0.783333,36.0,-394.0,0.0,0.0,2940,1912,1.076018,0.82,0.0,0.0,pix
real_001_s001_2026-05-18_16-38-02-358,001,001,1,044,044.jpg,49,23.541635,1779115105.901107,0.8,36.0,-394.0,0.0,0.0,2940,1912,1.076018,0.82,0.0,0.0,pix
real_001_s001_2026-05-18_16-38-02-358,001,001,1,044,044.jpg,50,23.558302,1779115105.917773,0.816667,36.0,-394.0,0.0,0.0,2940,1912,1.076018,0.82,0.0,0.0,pix
real_001_s001_2026-05-18_16-38-02-358,001,001,1,044,044.jpg,51,23.574969,1779115105.93444,0.833333,36.0,-394.0,0.0,0.0,2940,1912,1.076018,0.82,0.0,0.0,pix
real_001_s001_2026-05-18_16-38-02-358,001,001,1,044,044.jpg,52,23.591635,1779115105.951107,0.85,36.0,-394.0,0.0,0.0,2940,1912,1.076018,0.82,0.0,0.0,pix
real_001_s001_2026-05-18_16-38-02-358,001,001,1,044,044.jpg,53,23.608302,1779115105.967773,0.866667,36.0,-394.0,0.0,0.0,2940,1912,1.076018,0.82,0.0,0.0,pix
real_001_s001_2026-05-18_16-38-02-358,001,001,1,044,044.jpg,54,23.624969,1779115105.98444,0.883333,36.0,-394.0,0.0,0.0,2940,1912,1.076018,0.82,0.0,0.0,pix
real_001_s001_2026-05-18_16-38-02-358,001,001,1,044,044.jpg,55,23.641635,1779115106.001107,0.9,36.0,-394.0,0.0,0.0,2940,1912,1.076018,0.82,0.0,0.0,pix
real_001_s001_2026-05-18_16-38-02-358,001,001,1,044,044.jpg,56,23.658302,1779115106.017774,0.916667,36.0,-394.0,0.0,0.0,2940,1912,1.076018,0.82,0.0,0.0,pix
real_001_s001_2026-05-18_16-38-02-358,001,001,1,044,044.jpg,57,23.674969,1779115106.03444,0.933333,36.0,-394.0,0.0,0.0,2940,1912,1.076018,0.82,0.0,0.0,pix
real_001_s001_2026-05-18_16-38-02-358,001,001,1,044,044.jpg,58,23.691635,1779115106.051107,0.95,36.0,-394.0,0.0,0.0,2940,1912,1.076018,0.82,0.0,0.0,pix
real_001_s001_2026-05-18_16-38-02-358,001,001,1,044,044.jpg,59,23.708302,1779115106.067774,0.966667,36.0,-394.0,0.0,0.0,2940,1912,1.076018,0.82,0.0,0.0,pix
real_001_s001_2026-05-18_16-38-02-358,001,001,1,044,044.jpg,60,23.724969,1779115106.08444,0.983333,36.0,-394.0,0.0,0.0,2940,1912,1.076018,0.82,0.0,0.0,pix
real_001_s001_2026-05-18_16-38-02-358,001,001,1,044,044.jpg,61,23.741635,1779115106.101107,1.0,36.0,-394.0,0.0,0.0,2940,1912,1.076018,0.82,0.0,0.0,pix
real_001_s001_2026-05-18_16-38-02-358,001,001,1,044,044.jpg,62,23.758302,1779115106.117774,1.016667,36.0,-394.0,0.0,0.0,2940,1912,1.076018,0.82,0.0,0.0,pix
real_001_s001_2026-05-18_16-38-02-358,001,001,1,044,044.jpg,63,23.774969,1779115106.13444,1.033333,36.0,-394.0,0.0,0.0,2940,1912,1.076018,0.82,0.0,0.0,pix
real_001_s001_2026-05-18_16-38-02-358,001,001,1,044,044.jpg,64,23.791635,1779115106.151107,1.05,36.0,-394.0,0.0,0.0,2940,1912,1.076018,0.82,0.0,0.0,pix
real_001_s001_2026-05-18_16-38-02-358,001,001,1,044,044.jpg,65,23.808302,1779115106.167773,1.066667,36.0,-394.0,0.0,0.0,2940,1912,1.076018,0.82,0.0,0.0,pix
real_001_s001_2026-05-18_16-38-02-358,001,001,1,044,044.jpg,66,23.824969,1779115106.18444,1.083333,36.0,-394.0,0.0,0.0,2940,1912,1.076018,0.82,0.0,0.0,pix
real_001_s001_2026-05-18_16-38-02-358,001,001,1,044,044.jpg,67,23.841635,1779115106.201107,1.1,36.0,-394.0,0.0,0.0,2940,1912,1.076018,0.82,0.0,0.0,pix
real_001_s001_2026-05-18_16-38-02-358,001,001,1,044,044.jpg,68,23.858302,1779115106.217773,1.116667,36.0,-394.0,0.0,0.0,2940,1912,1.076018,0.82,0.0,0.0,pix
real_001_s001_2026-05-18_16-38-02-358,001,001,1,044,044.jpg,69,23.874969,1779115106.23444,1.133333,36.0,-394.0,0.0,0.0,2940,1912,1.076018,0.82,0.0,0.0,pix
real_001_s001_2026-05-18_16-38-02-358,001,001,1,044,044.jpg,70,23.891635,1779115106.251107,1.15,36.0,-394.0,0.0,0.0,2940,1912,1.076018,0.82,0.0,0.0,pix
real_001_s001_2026-05-18_16-38-02-358,001,001,1,044,044.jpg,71,23.908302,1779115106.267774,1.166667,36.0,-394.0,0.0,0.0,2940,1912,1.076018,0.82,0.0,0.0,pix
real_001_s001_2026-05-18_16-38-02-358,001,001,1,044,044.jpg,72,23.924969,1779115106.28444,1.183333,36.0,-394.0,0.0,0.0,2940,1912,1.076018,0.82,0.0,0.0,pix
real_001_s001_2026-05-18_16-38-02-358,001,001,1,044,044.jpg,73,23.941635,1779115106.301107,1.2,36.0,-394.0,0.0,0.0,2940,1912,1.076018,0.82,0.0,0.0,pix
real_001_s001_2026-05-18_16-38-02-358,001,001,1,044,044.jpg,74,23.958302,1779115106.317774,1.216667,36.0,-394.0,0.0,0.0,2940,1912,1.076018,0.82,0.0,0.0,pix
real_001_s001_2026-05-18_16-38-02-358,001,001,1,044,044.jpg,75,23.974969,1779115106.33444,1.233333,36.0,-394.0,0.0,0.0,2940,1912,1.076018,0.82,0.0,0.0,pix
real_001_s001_2026-05-18_16-38-02-358,001,001,1,044,044.jpg,76,23.991635,1779115106.351107,1.25,36.0,-394.0,0.0,0.0,2940,1912,1.076018,0.82,0.0,0.0,pix
real_001_s001_2026-05-18_16-38-02-358,001,001,1,044,044.jpg,77,24.008302,1779115106.367774,1.266667,36.0,-394.0,0.0,0.0,2940,1912,1.076018,0.82,0.0,0.0,pix
real_001_s001_2026-05-18_16-38-02-358,001,001,1,044,044.jpg,78,24.024969,1779115106.38444,1.283333,36.0,-394.0,0.0,0.0,2940,1912,1.076018,0.82,0.0,0.0,pix
real_001_s001_2026-05-18_16-38-02-358,001,001,1,044,044.jpg,79,24.041635,1779115106.401107,1.3,36.0,-394.0,0.0,0.0,2940,1912,1.076018,0.82,0.0,0.0,pix
real_001_s001_2026-05-18_16-38-02-358,001,001,1,044,044.jpg,80,24.058302,1779115106.417773,1.316667,36.0,-394.0,0.0,0.0,2940,1912,1.076018,0.82,0.0,0.0,pix
real_001_s001_2026-05-18_16-38-02-358,001,001,1,044,044.jpg,81,24.074969,1779115106.43444,1.333333,36.0,-394.0,0.0,0.0,2940,1912,1.076018,0.82,0.0,0.0,pix
real_001_s001_2026-05-18_16-38-02-358,001,001,1,044,044.jpg,82,24.091635,1779115106.451107,1.35,36.0,-394.0,0.0,0.0,2940,1912,1.076018,0.82,0.0,0.0,pix
real_001_s001_2026-05-18_16-38-02-358,001,001,1,044,044.jpg,83,24.108302,1779115106.467773,1.366667,36.0,-394.0,0.0,0.0,2940,1912,1.076018,0.82,0.0,0.0,pix
real_001_s001_2026-05-18_16-38-02-358,001,001,1,044,044.jpg,84,24.124969,1779115106.48444,1.383333,36.0,-394.0,0.0,0.0,2940,1912,1.076018,0.82,0.0,0.0,pix
real_001_s001_2026-05-18_16-38-02-358,001,001,1,044,044.jpg,85,24.141635,1779115106.501107,1.4,36.0,-394.0,0.0,0.0,2940,1912,1.076018,0.82,0.0,0.0,pix
real_001_s001_2026-05-18_16-38-02-358,001,001,1,044,044.jpg,86,24.158302,1779115106.517774,1.416667,36.0,-394.0,0.0,0.0,2940,1912,1.076018,0.82,0.0,0.0,pix
real_001_s001_2026-05-18_16-38-02-358,001,001,1,044,044.jpg,87,24.174969,1779115106.53444,1.433333,36.0,-394.0,0.0,0.0,2940,1912,1.076018,0.82,0.0,0.0,pix
real_001_s001_2026-05-18_16-38-02-358,001,001,1,044,044.jpg,88,24.191635,1779115106.551107,1.45,36.0,-394.0,0.0,0.0,2940,1912,1.076018,0.82,0.0,0.0,pix
real_001_s001_2026-05-18_16-38-02-358,001,001,1,044,044.jpg,89,24.208302,1779115106.567774,1.466667,36.0,-394.0,0.0,0.0,2940,1912,1.076018,0.82,0.0,0.0,pix
real_001_s001_2026-05-18_16-38-02-358,001,001,1,044,044.jpg,90,24.224969,1779115106.58444,1.483333,36.0,-394.0,0.0,0.0,2940,1912,1.076018,0.82,0.0,0.0,pix
real_001_s001_2026-05-18_16-38-02-358,001,001,1,044,044.jpg,91,24.241635,1779115106.601107,1.5,36.0,-394.0,0.0,0.0,2940,1912,1.076018,0.82,0.0,0.0,pix
real_001_s001_2026-05-18_16-38-02-358,001,001,1,044,044.jpg,92,24.258302,1779115106.617774,1.516667,36.0,-394.0,0.0,0.0,2940,1912,1.076018,0.82,0.0,0.0,pix
real_001_s001_2026-05-18_16-38-02-358,001,001,1,044,044.jpg,93,24.274969,1779115106.63444,1.533333,36.0,-394.0,0.0,0.0,2940,1912,1.076018,0.82,0.0,0.0,pix
real_001_s001_2026-05-18_16-38-02-358,001,001,1,044,044.jpg,94,24.291635,1779115106.651107,1.55,36.0,-394.0,0.0,0.0,2940,1912,1.076018,0.82,0.0,0.0,pix
real_001_s001_2026-05-18_16-38-02-358,001,001,1,044,044.jpg,95,24.308302,1779115106.667773,1.566667,36.0,-394.0,0.0,0.0,2940,1912,1.076018,0.82,0.0,0.0,pix
real_001_s001_2026-05-18_16-38-02-358,001,001,1,044,044.jpg,96,24.324969,1779115106.68444,1.583333,36.0,-394.0,0.0,0.0,2940,1912,1.076018,0.82,0.0,0.0,pix
real_001_s001_2026-05-18_16-38-02-358,001,001,1,044,044.jpg,97,24.341635,1779115106.701107,1.6,36.0,-394.0,0.0,0.0,2940,1912,1.076018,0.82,0.0,0.0,pix
real_001_s001_2026-05-18_16-38-02-358,001,001,1,044,044.jpg,98,24.358302,1779115106.717773,1.616667,36.0,-394.0,0.0,0.0,2940,1912,1.076018,0.82,0.0,0.0,pix
real_001_s001_2026-05-18_16-38-02-358,001,001,1,044,044.jpg,99,24.374969,1779115106.73444,1.633333,36.0,-394.0,0.0,0.0,2940,1912,1.076018,0.82,0.0,0.0,pix
real_001_s001_2026-05-18_16-38-02-358,001,001,1,044,044.jpg,100,24.391635,1779115106.751107,1.65,36.0,-394.0,0.0,0.0,2940,1912,1.076018,0.82,0.0,0.0,pix
real_001_s001_2026-05-18_16-38-02-358,001,001,1,044,044.jpg,101,24.408302,1779115106.767774,1.666667,36.0,-394.0,0.0,0.0,2940,1912,1.076018,0.82,0.0,0.0,pix
real_001_s001_2026-05-18_16-38-02-358,001,001,1,044,044.jpg,102,24.424969,1779115106.78444,1.683333,36.0,-394.0,0.0,0.0,2940,1912,1.076018,0.82,0.0,0.0,pix
real_001_s001_2026-05-18_16-38-02-358,001,001,1,044,044.jpg,103,24.441635,1779115106.801107,1.7,36.0,-394.0,0.0,0.0,2940,1912,1.076018,0.82,0.0,0.0,pix
real_001_s001_2026-05-18_16-38-02-358,001,001,1,044,044.jpg,104,24.458302,1779115106.817774,1.716667,36.0,-394.0,0.0,0.0,2940,1912,1.076018,0.82,0.0,0.0,pix
real_001_s001_2026-05-18_16-38-02-358,001,001,1,044,044.jpg,105,24.474969,1779115106.83444,1.733333,36.0,-394.0,0.0,0.0,2940,1912,1.076018,0.82,0.0,0.0,pix
real_001_s001_2026-05-18_16-38-02-358,001,001,1,044,044.jpg,106,24.491635,1779115106.851107,1.75,36.0,-394.0,0.0,0.0,2940,1912,1.076018,0.82,0.0,0.0,pix
real_001_s001_2026-05-18_16-38-02-358,001,001,1,044,044.jpg,107,24.508302,1779115106.867774,1.766667,36.0,-394.0,0.0,0.0,2940,1912,1.076018,0.82,0.0,0.0,pix
real_001_s001_2026-05-18_16-38-02-358,001,001,1,044,044.jpg,108,24.524969,1779115106.88444,1.783333,36.0,-394.0,0.0,0.0,2940,1912,1.076018,0.82,0.0,0.0,pix
real_001_s001_2026-05-18_16-38-02-358,001,001,1,044,044.jpg,109,24.541635,1779115106.901107,1.8,36.0,-394.0,0.0,0.0,2940,1912,1.076018,0.82,0.0,0.0,pix
real_001_s001_2026-05-18_16-38-02-358,001,001,1,044,044.jpg,110,24.558302,1779115106.917773,1.816667,36.0,-394.0,0.0,0.0,2940,1912,1.076018,0.82,0.0,0.0,pix
real_001_s001_2026-05-18_16-38-02-358,001,001,1,044,044.jpg,111,24.574969,1779115106.93444,1.833333,36.0,-394.0,0.0,0.0,2940,1912,1.076018,0.82,0.0,0.0,pix
real_001_s001_2026-05-18_16-38-02-358,001,001,1,044,044.jpg,112,24.591635,1779115106.951107,1.85,36.0,-394.0,0.0,0.0,2940,1912,1.076018,0.82,0.0,0.0,pix
real_001_s001_2026-05-18_16-38-02-358,001,001,1,044,044.jpg,113,24.608302,1779115106.967773,1.866667,36.0,-394.0,0.0,0.0,2940,1912,1.076018,0.82,0.0,0.0,pix
real_001_s001_2026-05-18_16-38-02-358,001,001,1,044,044.jpg,114,24.624969,1779115106.98444,1.883333,36.0,-394.0,0.0,0.0,2940,1912,1.076018,0.82,0.0,0.0,pix
real_001_s001_2026-05-18_16-38-02-358,001,001,1,044,044.jpg,115,24.641635,1779115107.001107,1.9,36.0,-394.0,0.0,0.0,2940,1912,1.076018,0.82,0.0,0.0,pix
real_001_s001_2026-05-18_16-38-02-358,001,001,1,044,044.jpg,116,24.658302,1779115107.017774,1.916667,36.0,-394.0,0.0,0.0,2940,1912,1.076018,0.82,0.0,0.0,pix
real_001_s001_2026-05-18_16-38-02-358,001,001,1,044,044.jpg,117,24.674969,1779115107.03444,1.933333,36.0,-394.0,0.0,0.0,2940,1912,1.076018,0.82,0.0,0.0,pix
real_001_s001_2026-05-18_16-38-02-358,001,001,1,044,044.jpg,118,24.691635,1779115107.051107,1.95,36.0,-394.0,0.0,0.0,2940,1912,1.076018,0.82,0.0,0.0,pix
real_001_s001_2026-05-18_16-38-02-358,001,001,1,044,044.jpg,119,24.708302,1779115107.067774,1.966667,36.0,-394.0,0.0,0.0,2940,1912,1.076018,0.82,0.0,0.0,pix
real_001_s001_2026-05-18_16-38-02-358,001,001,1,044,044.jpg,120,24.724969,1779115107.08444,1.983333,36.0,-394.0,0.0,0.0,2940,1912,1.076018,0.82,0.0,0.0,pix
real_001_s001_2026-05-18_16-38-02-358,001,001,1,044,044.jpg,121,24.741635,1779115107.101107,2.0,36.0,-394.0,0.0,0.0,2940,1912,1.076018,0.82,0.0,0.0,pix
real_001_s001_2026-05-18_16-38-02-358,001,001,1,044,044.jpg,122,24.758302,1779115107.117774,2.016667,36.0,-394.0,0.0,0.0,2940,1912,1.076018,0.82,0.0,0.0,pix
real_001_s001_2026-05-18_16-38-02-358,001,001,1,044,044.jpg,123,24.774969,1779115107.13444,2.033333,36.0,-394.0,0.0,0.0,2940,1912,1.076018,0.82,0.0,0.0,pix
real_001_s001_2026-05-18_16-38-02-358,001,001,1,044,044.jpg,124,24.791635,1779115107.151107,2.05,36.0,-394.0,0.0,0.0,2940,1912,1.076018,0.82,0.0,0.0,pix
real_001_s001_2026-05-18_16-38-02-358,001,001,1,044,044.jpg,125,24.808302,1779115107.167773,2.066667,36.0,-394.0,0.0,0.0,2940,1912,1.076018,0.82,0.0,0.0,pix
real_001_s001_2026-05-18_16-38-02-358,001,001,1,044,044.jpg,126,24.824969,1779115107.18444,2.083333,36.0,-394.0,0.0,0.0,2940,1912,1.076018,0.82,0.0,0.0,pix
real_001_s001_2026-05-18_16-38-02-358,001,001,1,044,044.jpg,127,24.841635,1779115107.201107,2.1,36.0,-394.0,0.0,0.0,2940,1912,1.076018,0.82,0.0,0.0,pix
real_001_s001_2026-05-18_16-38-02-358,001,001,1,044,044.jpg,128,24.858302,1779115107.217773,2.116667,36.0,-394.0,0.0,0.0,2940,1912,1.076018,0.82,0.0,0.0,pix
real_001_s001_2026-05-18_16-38-02-358,001,001,1,044,044.jpg,129,24.874969,1779115107.23444,2.133333,36.0,-394.0,0.0,0.0,2940,1912,1.076018,0.82,0.0,0.0,pix
real_001_s001_2026-05-18_16-38-02-358,001,001,1,044,044.jpg,130,24.891635,1779115107.251107,2.15,36.0,-394.0,0.0,0.0,2940,1912,1.076018,0.82,0.0,0.0,pix
real_001_s001_2026-05-18_16-38-02-358,001,001,1,044,044.jpg,131,24.908302,1779115107.267774,2.166667,36.0,-394.0,0.0,0.0,2940,1912,1.076018,0.82,0.0,0.0,pix
real_001_s001_2026-05-18_16-38-02-358,001,001,1,044,044.jpg,132,24.924969,1779115107.28444,2.183333,36.0,-394.0,0.0,0.0,2940,1912,1.076018,0.82,0.0,0.0,pix
real_001_s001_2026-05-18_16-38-02-358,001,001,1,044,044.jpg,133,24.941635,1779115107.301107,2.2,36.0,-394.0,0.0,0.0,2940,1912,1.076018,0.82,0.0,0.0,pix
real_001_s001_2026-05-18_16-38-02-358,001,001,1,044,044.jpg,134,24.958302,1779115107.317774,2.216667,36.0,-394.0,0.0,0.0,2940,1912,1.076018,0.82,0.0,0.0,pix
real_001_s001_2026-05-18_16-38-02-358,001,001,1,044,044.jpg,135,24.974969,1779115107.33444,2.233333,36.0,-394.0,0.0,0.0,2940,1912,1.076018,0.82,0.0,0.0,pix
real_001_s001_2026-05-18_16-38-02-358,001,001,1,044,044.jpg,136,24.991635,1779115107.351107,2.25,36.0,-394.0,0.0,0.0,2940,1912,1.076018,0.82,0.0,0.0,pix
real_001_s001_2026-05-18_16-38-02-358,001,001,1,044,044.jpg,137,25.008302,1779115107.367774,2.266667,36.0,-394.0,0.0,0.0,2940,1912,1.076018,0.82,0.0,0.0,pix
real_001_s001_2026-05-18_16-38-02-358,001,001,1,044,044.jpg,138,25.024969,1779115107.38444,2.283333,36.0,-394.0,0.0,0.0,2940,1912,1.076018,0.82,0.0,0.0,pix
real_001_s001_2026-05-18_16-38-02-358,001,001,1,044,044.jpg,139,25.041635,1779115107.401107,2.3,36.0,-394.0,0.0,0.0,2940,1912,1.076018,0.82,0.0,0.0,pix
real_001_s001_2026-05-18_16-38-02-358,001,001,1,044,044.jpg,140,25.058302,1779115107.417773,2.316667,36.0,-394.0,0.0,0.0,2940,1912,1.076018,0.82,0.0,0.0,pix
real_001_s001_2026-05-18_16-38-02-358,001,001,1,044,044.jpg,141,25.074969,1779115107.43444,2.333333,36.0,-394.0,0.0,0.0,2940,1912,1.076018,0.82,0.0,0.0,pix
real_001_s001_2026-05-18_16-38-02-358,001,001,1,044,044.jpg,142,25.091635,1779115107.451107,2.35,36.0,-394.0,0.0,0.0,2940,1912,1.076018,0.82,0.0,0.0,pix
real_001_s001_2026-05-18_16-38-02-358,001,001,1,044,044.jpg,143,25.108302,1779115107.467773,2.366667,36.0,-394.0,0.0,0.0,2940,1912,1.076018,0.82,0.0,0.0,pix
real_001_s001_2026-05-18_16-38-02-358,001,001,1,044,044.jpg,144,25.124969,1779115107.48444,2.383333,36.0,-394.0,0.0,0.0,2940,1912,1.076018,0.82,0.0,0.0,pix
real_001_s001_2026-05-18_16-38-02-358,001,001,1,044,044.jpg,145,25.141635,1779115107.501107,2.4,36.0,-394.0,0.0,0.0,2940,1912,1.076018,0.82,0.0,0.0,pix
real_001_s001_2026-05-18_16-38-02-358,001,001,1,044,044.jpg,146,25.158302,1779115107.517774,2.416667,36.0,-394.0,0.0,0.0,2940,1912,1.076018,0.82,0.0,0.0,pix
real_001_s001_2026-05-18_16-38-02-358,001,001,1,044,044.jpg,147,25.174969,1779115107.53444,2.433333,36.0,-394.0,0.0,0.0,2940,1912,1.076018,0.82,0.0,0.0,pix
real_001_s001_2026-05-18_16-38-02-358,001,001,1,044,044.jpg,148,25.191635,1779115107.551107,2.45,36.0,-394.0,0.0,0.0,2940,1912,1.076018,0.82,0.0,0.0,pix
real_001_s001_2026-05-18_16-38-02-358,001,001,1,044,044.jpg,149,25.208302,1779115107.567774,2.466667,36.0,-394.0,0.0,0.0,2940,1912,1.076018,0.82,0.0,0.0,pix
real_001_s001_2026-05-18_16-38-02-358,001,001,1,044,044.jpg,150,25.224969,1779115107.58444,2.483333,36.0,-394.0,0.0,0.0,2940,1912,1.076018,0.82,0.0,0.0,pix
real_001_s001_2026-05-18_16-38-02-358,001,001,1,044,044.jpg,151,25.241635,1779115107.601107,2.5,36.0,-394.0,0.0,0.0,2940,1912,1.076018,0.82,0.0,0.0,pix
real_001_s001_2026-05-18_16-38-02-358,001,001,1,044,044.jpg,152,25.258302,1779115107.617774,2.516667,36.0,-394.0,0.0,0.0,2940,1912,1.076018,0.82,0.0,0.0,pix
real_001_s001_2026-05-18_16-38-02-358,001,001,1,044,044.jpg,153,25.274969,1779115107.63444,2.533333,36.0,-394.0,0.0,0.0,2940,1912,1.076018,0.82,0.0,0.0,pix
real_001_s001_2026-05-18_16-38-02-358,001,001,1,044,044.jpg,154,25.291635,1779115107.651107,2.55,36.0,-394.0,0.0,0.0,2940,1912,1.076018,0.82,0.0,0.0,pix
real_001_s001_2026-05-18_16-38-02-358,001,001,1,044,044.jpg,155,25.308302,1779115107.667773,2.566667,36.0,-394.0,0.0,0.0,2940,1912,1.076018,0.82,0.0,0.0,pix
real_001_s001_2026-05-18_16-38-02-358,001,001,1,044,044.jpg,156,25.324969,1779115107.68444,2.583333,36.0,-394.0,0.0,0.0,2940,1912,1.076018,0.82,0.0,0.0,pix
real_001_s001_2026-05-18_16-38-02-358,001,001,1,044,044.jpg,157,25.341635,1779115107.701107,2.6,36.0,-394.0,0.0,0.0,2940,1912,1.076018,0.82,0.0,0.0,pix
real_001_s001_2026-05-18_16-38-02-358,001,001,1,044,044.jpg,158,25.358302,1779115107.717773,2.616667,36.0,-394.0,0.0,0.0,2940,1912,1.076018,0.82,0.0,0.0,pix
real_001_s001_2026-05-18_16-38-02-358,001,001,1,044,044.jpg,159,25.374969,1779115107.73444,2.633333,36.0,-394.0,0.0,0.0,2940,1912,1.076018,0.82,0.0,0.0,pix
real_001_s001_2026-05-18_16-38-02-358,001,001,1,044,044.jpg,160,25.391635,1779115107.751107,2.65,36.0,-394.0,0.0,0.0,2940,1912,1.076018,0.82,0.0,0.0,pix
real_001_s001_2026-05-18_16-38-02-358,001,001,1,044,044.jpg,161,25.408302,1779115107.767774,2.666667,36.0,-394.0,0.0,0.0,2940,1912,1.076018,0.82,0.0,0.0,pix
real_001_s001_2026-05-18_16-38-02-358,001,001,1,044,044.jpg,162,25.424969,1779115107.78444,2.683333,36.0,-394.0,0.0,0.0,2940,1912,1.076018,0.82,0.0,0.0,pix
real_001_s001_2026-05-18_16-38-02-358,001,001,1,044,044.jpg,163,25.441635,1779115107.801107,2.7,36.0,-394.0,0.0,0.0,2940,1912,1.076018,0.82,0.0,0.0,pix
real_001_s001_2026-05-18_16-38-02-358,001,001,1,044,044.jpg,164,25.458302,1779115107.817774,2.716667,36.0,-394.0,0.0,0.0,2940,1912,1.076018,0.82,0.0,0.0,pix
real_001_s001_2026-05-18_16-38-02-358,001,001,1,044,044.jpg,165,25.474969,1779115107.83444,2.733333,36.0,-394.0,0.0,0.0,2940,1912,1.076018,0.82,0.0,0.0,pix
real_001_s001_2026-05-18_16-38-02-358,001,001,1,044,044.jpg,166,25.491635,1779115107.851107,2.75,36.0,-394.0,0.0,0.0,2940,1912,1.076018,0.82,0.0,0.0,pix
real_001_s001_2026-05-18_16-38-02-358,001,001,1,044,044.jpg,167,25.508302,1779115107.867774,2.766667,36.0,-394.0,0.0,0.0,2940,1912,1.076018,0.82,0.0,0.0,pix
real_001_s001_2026-05-18_16-38-02-358,001,001,1,044,044.jpg,168,25.524969,1779115107.88444,2.783333,36.0,-394.0,0.0,0.0,2940,1912,1.076018,0.82,0.0,0.0,pix
real_001_s001_2026-05-18_16-38-02-358,001,001,1,044,044.jpg,169,25.541635,1779115107.901107,2.8,36.0,-394.0,0.0,0.0,2940,1912,1.076018,0.82,0.0,0.0,pix
real_001_s001_2026-05-18_16-38-02-358,001,001,1,044,044.jpg,170,25.558302,1779115107.917773,2.816667,36.0,-394.0,0.0,0.0,2940,1912,1.076018,0.82,0.0,0.0,pix
real_001_s001_2026-05-18_16-38-02-358,001,001,1,044,044.jpg,171,25.574969,1779115107.93444,2.833333,36.0,-394.0,0.0,0.0,2940,1912,1.076018,0.82,0.0,0.0,pix
real_001_s001_2026-05-18_16-38-02-358,001,001,1,044,044.jpg,172,25.591635,1779115107.951107,2.85,36.0,-394.0,0.0,0.0,2940,1912,1.076018,0.82,0.0,0.0,pix
real_001_s001_2026-05-18_16-38-02-358,001,001,1,044,044.jpg,173,25.608302,1779115107.967773,2.866667,36.0,-394.0,0.0,0.0,2940,1912,1.076018,0.82,0.0,0.0,pix
real_001_s001_2026-05-18_16-38-02-358,001,001,1,044,044.jpg,174,25.624969,1779115107.98444,2.883333,36.0,-394.0,0.0,0.0,2940,1912,1.076018,0.82,0.0,0.0,pix
real_001_s001_2026-05-18_16-38-02-358,001,001,1,044,044.jpg,175,25.641635,1779115108.001107,2.9,36.0,-394.0,0.0,0.0,2940,1912,1.076018,0.82,0.0,0.0,pix
real_001_s001_2026-05-18_16-38-02-358,001,001,1,044,044.jpg,176,25.658302,1779115108.017774,2.916667,36.0,-394.0,0.0,0.0,2940,1912,1.076018,0.82,0.0,0.0,pix
real_001_s001_2026-05-18_16-38-02-358,001,001,1,044,044.jpg,177,25.674969,1779115108.03444,2.933333,36.0,-394.0,0.0,0.0,2940,1912,1.076018,0.82,0.0,0.0,pix
real_001_s001_2026-05-18_16-38-02-358,001,001,1,044,044.jpg,178,25.691635,1779115108.051107,2.95,36.0,-394.0,0.0,0.0,2940,1912,1.076018,0.82,0.0,0.0,pix
real_001_s001_2026-05-18_16-38-02-358,001,001,1,044,044.jpg,179,25.708302,1779115108.067774,2.966667,36.0,-394.0,0.0,0.0,2940,1912,1.076018,0.82,0.0,0.0,pix
real_001_s001_2026-05-18_16-38-02-358,001,001,1,044,044.jpg,180,25.724969,1779115108.08444,2.983333,36.0,-394.0,0.0,0.0,2940,1912,1.076018,0.82,0.0,0.0,pix
real_001_s001_2026-05-18_16-38-02-358,001,001,1,044,044.jpg,181,25.741635,1779115108.101107,3.0,36.0,-394.0,0.0,0.0,2940,1912,1.076018,0.82,0.0,0.0,pix
real_001_s001_2026-05-18_16-38-02-358,001,001,1,044,044.jpg,182,25.758302,1779115108.117774,3.016667,36.0,-394.0,0.0,0.0,2940,1912,1.076018,0.82,0.0,0.0,pix
real_001_s001_2026-05-18_16-38-02-358,001,001,1,044,044.jpg,183,25.774969,1779115108.13444,3.033333,36.0,-394.0,0.0,0.0,2940,1912,1.076018,0.82,0.0,0.0,pix
real_001_s001_2026-05-18_16-38-02-358,001,001,1,044,044.jpg,184,25.791635,1779115108.151107,3.05,36.0,-394.0,0.0,0.0,2940,1912,1.076018,0.82,0.0,0.0,pix
real_001_s001_2026-05-18_16-38-02-358,001,001,1,044,044.jpg,185,25.808302,1779115108.167773,3.066667,36.0,-394.0,0.0,0.0,2940,1912,1.076018,0.82,0.0,0.0,pix
real_001_s001_2026-05-18_16-38-02-358,001,001,1,044,044.jpg,186,25.824969,1779115108.18444,3.083333,36.0,-394.0,0.0,0.0,2940,1912,1.076018,0.82,0.0,0.0,pix
real_001_s001_2026-05-18_16-38-02-358,001,001,1,044,044.jpg,187,25.841635,1779115108.201107,3.1,36.0,-394.0,0.0,0.0,2940,1912,1.076018,0.82,0.0,0.0,pix
real_001_s001_2026-05-18_16-38-02-358,001,001,1,044,044.jpg,188,25.858302,1779115108.217773,3.116667,36.0,-394.0,0.0,0.0,2940,1912,1.076018,0.82,0.0,0.0,pix
real_001_s001_2026-05-18_16-38-02-358,001,001,1,044,044.jpg,189,25.874969,1779115108.23444,3.133333,36.0,-394.0,0.0,0.0,2940,1912,1.076018,0.82,0.0,0.0,pix
real_001_s001_2026-05-18_16-38-02-358,001,001,1,044,044.jpg,190,25.891635,1779115108.251107,3.15,36.0,-394.0,0.0,0.0,2940,1912,1.076018,0.82,0.0,0.0,pix
real_001_s001_2026-05-18_16-38-02-358,001,001,1,044,044.jpg,191,25.908302,1779115108.267774,3.166667,36.0,-394.0,0.0,0.0,2940,1912,1.076018,0.82,0.0,0.0,pix
real_001_s001_2026-05-18_16-38-02-358,001,001,1,044,044.jpg,192,25.924969,1779115108.28444,3.183333,36.0,-394.0,0.0,0.0,2940,1912,1.076018,0.82,0.0,0.0,pix
real_001_s001_2026-05-18_16-38-02-358,001,001,1,044,044.jpg,193,25.941635,1779115108.301107,3.2,36.0,-394.0,0.0,0.0,2940,1912,1.076018,0.82,0.0,0.0,pix
real_001_s001_2026-05-18_16-38-02-358,001,001,1,044,044.jpg,194,25.958302,1779115108.317774,3.216667,36.0,-394.0,0.0,0.0,2940,1912,1.076018,0.82,0.0,0.0,pix
real_001_s001_2026-05-18_16-38-02-358,001,001,1,044,044.jpg,195,25.974969,1779115108.33444,3.233333,36.0,-394.0,0.0,0.0,2940,1912,1.076018,0.82,0.0,0.0,pix
real_001_s001_2026-05-18_16-38-02-358,001,001,1,044,044.jpg,196,25.991635,1779115108.351107,3.25,36.0,-394.0,0.0,0.0,2940,1912,1.076018,0.82,0.0,0.0,pix
real_001_s001_2026-05-18_16-38-02-358,001,001,1,044,044.jpg,197,26.008302,1779115108.367774,3.266667,36.0,-394.0,0.0,0.0,2940,1912,1.076018,0.82,0.0,0.0,pix
real_001_s001_2026-05-18_16-38-02-358,001,001,1,044,044.jpg,198,26.024969,1779115108.38444,3.283333,36.0,-394.0,0.0,0.0,2940,1912,1.076018,0.82,0.0,0.0,pix
real_001_s001_2026-05-18_16-38-02-358,001,001,1,044,044.jpg,199,26.041635,1779115108.401107,3.3,36.0,-394.0,0.0,0.0,2940,1912,1.076018,0.82,0.0,0.0,pix
real_001_s001_2026-05-18_16-38-02-358,001,001,1,044,044.jpg,200,26.058302,1779115108.417773,3.316667,36.0,-394.0,0.0,0.0,2940,1912,1.076018,0.82,0.0,0.0,pix
real_001_s001_2026-05-18_16-38-02-358,001,001,1,044,044.jpg,201,26.074969,1779115108.43444,3.333333,36.0,-394.0,0.0,0.0,2940,1912,1.076018,0.82,0.0,0.0,pix
real_001_s001_2026-05-18_16-38-02-358,001,001,1,044,044.jpg,202,26.091635,1779115108.451107,3.35,36.0,-394.0,0.0,0.0,2940,1912,1.076018,0.82,0.0,0.0,pix
real_001_s001_2026-05-18_16-38-02-358,001,001,1,044,044.jpg,203,26.108302,1779115108.467773,3.366667,36.0,-394.0,0.0,0.0,2940,1912,1.076018,0.82,0.0,0.0,pix
real_001_s001_2026-05-18_16-38-02-358,001,001,1,044,044.jpg,204,26.124969,1779115108.48444,3.383333,36.0,-394.0,0.0,0.0,2940,1912,1.076018,0.82,0.0,0.0,pix
real_001_s001_2026-05-18_16-38-02-358,001,001,1,044,044.jpg,205,26.141635,1779115108.501107,3.4,36.0,-394.0,0.0,0.0,2940,1912,1.076018,0.82,0.0,0.0,pix
real_001_s001_2026-05-18_16-38-02-358,001,001,1,044,044.jpg,206,26.158302,1779115108.517774,3.416667,36.0,-394.0,0.0,0.0,2940,1912,1.076018,0.82,0.0,0.0,pix
real_001_s001_2026-05-18_16-38-02-358,001,001,1,044,044.jpg,207,26.174969,1779115108.53444,3.433333,36.0,-394.0,0.0,0.0,2940,1912,1.076018,0.82,0.0,0.0,pix
real_001_s001_2026-05-18_16-38-02-358,001,001,1,044,044.jpg,208,26.191635,1779115108.551107,3.45,36.0,-394.0,0.0,0.0,2940,1912,1.076018,0.82,0.0,0.0,pix
real_001_s001_2026-05-18_16-38-02-358,001,001,1,044,044.jpg,209,26.208302,1779115108.567774,3.466667,36.0,-394.0,0.0,0.0,2940,1912,1.076018,0.82,0.0,0.0,pix
real_001_s001_2026-05-18_16-38-02-358,001,001,1,044,044.jpg,210,26.224969,1779115108.58444,3.483333,36.0,-394.0,0.0,0.0,2940,1912,1.076018,0.82,0.0,0.0,pix
real_001_s001_2026-05-18_16-38-02-358,001,001,1,044,044.jpg,211,26.241635,1779115108.601107,3.5,36.0,-394.0,0.0,0.0,2940,1912,1.076018,0.82,0.0,0.0,pix
real_001_s001_2026-05-18_16-38-02-358,001,001,1,044,044.jpg,212,26.258302,1779115108.617774,3.516667,36.0,-394.0,0.0,0.0,2940,1912,1.076018,0.82,0.0,0.0,pix
real_001_s001_2026-05-18_16-38-02-358,001,001,1,044,044.jpg,213,26.274969,1779115108.63444,3.533333,36.0,-394.0,0.0,0.0,2940,1912,1.076018,0.82,0.0,0.0,pix
real_001_s001_2026-05-18_16-38-02-358,001,001,1,044,044.jpg,214,26.291635,1779115108.651107,3.55,36.0,-394.0,0.0,0.0,2940,1912,1.076018,0.82,0.0,0.0,pix
real_001_s001_2026-05-18_16-38-02-358,001,001,1,044,044.jpg,215,26.308302,1779115108.667773,3.566667,36.0,-394.0,0.0,0.0,2940,1912,1.076018,0.82,0.0,0.0,pix
real_001_s001_2026-05-18_16-38-02-358,001,001,1,044,044.jpg,216,26.324969,1779115108.68444,3.583333,36.0,-394.0,0.0,0.0,2940,1912,1.076018,0.82,0.0,0.0,pix
real_001_s001_2026-05-18_16-38-02-358,001,001,1,044,044.jpg,217,26.341635,1779115108.701107,3.6,36.0,-394.0,0.0,0.0,2940,1912,1.076018,0.82,0.0,0.0,pix
real_001_s001_2026-05-18_16-38-02-358,001,001,1,044,044.jpg,218,26.358302,1779115108.717773,3.616667,36.0,-394.0,0.0,0.0,2940,1912,1.076018,0.82,0.0,0.0,pix
real_001_s001_2026-05-18_16-38-02-358,001,001,1,044,044.jpg,219,26.374969,1779115108.73444,3.633333,36.0,-394.0,0.0,0.0,2940,1912,1.076018,0.82,0.0,0.0,pix
real_001_s001_2026-05-18_16-38-02-358,001,001,1,044,044.jpg,220,26.391635,1779115108.751107,3.65,36.0,-394.0,0.0,0.0,2940,1912,1.076018,0.82,0.0,0.0,pix
real_001_s001_2026-05-18_16-38-02-358,001,001,1,044,044.jpg,221,26.408302,1779115108.767774,3.666667,36.0,-394.0,0.0,0.0,2940,1912,1.076018,0.82,0.0,0.0,pix
real_001_s001_2026-05-18_16-38-02-358,001,001,1,044,044.jpg,222,26.424969,1779115108.78444,3.683333,36.0,-394.0,0.0,0.0,2940,1912,1.076018,0.82,0.0,0.0,pix
real_001_s001_2026-05-18_16-38-02-358,001,001,1,044,044.jpg,223,26.441635,1779115108.801107,3.7,36.0,-394.0,0.0,0.0,2940,1912,1.076018,0.82,0.0,0.0,pix
real_001_s001_2026-05-18_16-38-02-358,001,001,1,044,044.jpg,224,26.458302,1779115108.817774,3.716667,36.0,-394.0,0.0,0.0,2940,1912,1.076018,0.82,0.0,0.0,pix
real_001_s001_2026-05-18_16-38-02-358,001,001,1,044,044.jpg,225,26.474969,1779115108.83444,3.733333,36.0,-394.0,0.0,0.0,2940,1912,1.076018,0.82,0.0,0.0,pix
real_001_s001_2026-05-18_16-38-02-358,001,001,1,044,044.jpg,226,26.491635,1779115108.851107,3.75,36.0,-394.0,0.0,0.0,2940,1912,1.076018,0.82,0.0,0.0,pix
real_001_s001_2026-05-18_16-38-02-358,001,001,1,044,044.jpg,227,26.508302,1779115108.867774,3.766667,36.0,-394.0,0.0,0.0,2940,1912,1.076018,0.82,0.0,0.0,pix
real_001_s001_2026-05-18_16-38-02-358,001,001,1,044,044.jpg,228,26.524969,1779115108.88444,3.783333,36.0,-394.0,0.0,0.0,2940,1912,1.076018,0.82,0.0,0.0,pix
real_001_s001_2026-05-18_16-38-02-358,001,001,1,044,044.jpg,229,26.541635,1779115108.901107,3.8,36.0,-394.0,0.0,0.0,2940,1912,1.076018,0.82,0.0,0.0,pix
real_001_s001_2026-05-18_16-38-02-358,001,001,1,044,044.jpg,230,26.558302,1779115108.917773,3.816667,36.0,-394.0,0.0,0.0,2940,1912,1.076018,0.82,0.0,0.0,pix
real_001_s001_2026-05-18_16-38-02-358,001,001,1,044,044.jpg,231,26.574969,1779115108.93444,3.833333,36.0,-394.0,0.0,0.0,2940,1912,1.076018,0.82,0.0,0.0,pix
real_001_s001_2026-05-18_16-38-02-358,001,001,1,044,044.jpg,232,26.591635,1779115108.951107,3.85,36.0,-394.0,0.0,0.0,2940,1912,1.076018,0.82,0.0,0.0,pix
real_001_s001_2026-05-18_16-38-02-358,001,001,1,044,044.jpg,233,26.608302,1779115108.967773,3.866667,36.0,-394.0,0.0,0.0,2940,1912,1.076018,0.82,0.0,0.0,pix
real_001_s001_2026-05-18_16-38-02-358,001,001,1,044,044.jpg,234,26.624969,1779115108.98444,3.883333,36.0,-394.0,0.0,0.0,2940,1912,1.076018,0.82,0.0,0.0,pix
real_001_s001_2026-05-18_16-38-02-358,001,001,1,044,044.jpg,235,26.641635,1779115109.001107,3.9,36.0,-394.0,0.0,0.0,2940,1912,1.076018,0.82,0.0,0.0,pix
real_001_s001_2026-05-18_16-38-02-358,001,001,1,044,044.jpg,236,26.658302,1779115109.017774,3.916667,36.0,-394.0,0.0,0.0,2940,1912,1.076018,0.82,0.0,0.0,pix
real_001_s001_2026-05-18_16-38-02-358,001,001,1,044,044.jpg,237,26.674969,1779115109.03444,3.933333,36.0,-394.0,0.0,0.0,2940,1912,1.076018,0.82,0.0,0.0,pix
real_001_s001_2026-05-18_16-38-02-358,001,001,1,044,044.jpg,238,26.691635,1779115109.051107,3.95,36.0,-394.0,0.0,0.0,2940,1912,1.076018,0.82,0.0,0.0,pix
real_001_s001_2026-05-18_16-38-02-358,001,001,1,044,044.jpg,239,26.708302,1779115109.067774,3.966667,36.0,-394.0,0.0,0.0,2940,1912,1.076018,0.82,0.0,0.0,pix
real_001_s001_2026-05-18_16-38-02-358,001,001,1,044,044.jpg,240,26.724969,1779115109.08444,3.983333,36.0,-394.0,0.0,0.0,2940,1912,1.076018,0.82,0.0,0.0,pix
real_001_s001_2026-05-18_16-38-02-358,001,001,1,044,044.jpg,241,26.741635,1779115109.101107,4.0,36.0,-394.0,0.0,0.0,2940,1912,1.076018,0.82,0.0,0.0,pix
real_001_s001_2026-05-18_16-38-02-358,001,001,1,044,044.jpg,242,26.758302,1779115109.117774,4.016667,36.0,-394.0,0.0,0.0,2940,1912,1.076018,0.82,0.0,0.0,pix
real_001_s001_2026-05-18_16-38-02-358,001,001,1,044,044.jpg,243,26.774969,1779115109.13444,4.033333,36.0,-394.0,0.0,0.0,2940,1912,1.076018,0.82,0.0,0.0,pix
real_001_s001_2026-05-18_16-38-02-358,001,001,1,044,044.jpg,244,26.791635,1779115109.151107,4.05,36.0,-394.0,0.0,0.0,2940,1912,1.076018,0.82,0.0,0.0,pix
real_001_s001_2026-05-18_16-38-02-358,001,001,1,044,044.jpg,245,26.808302,1779115109.167773,4.066667,36.0,-394.0,0.0,0.0,2940,1912,1.076018,0.82,0.0,0.0,pix
real_001_s001_2026-05-18_16-38-02-358,001,001,1,044,044.jpg,246,26.824969,1779115109.18444,4.083333,36.0,-394.0,0.0,0.0,2940,1912,1.076018,0.82,0.0,0.0,pix
real_001_s001_2026-05-18_16-38-02-358,001,001,1,044,044.jpg,247,26.841635,1779115109.201107,4.1,36.0,-394.0,0.0,0.0,2940,1912,1.076018,0.82,0.0,0.0,pix
real_001_s001_2026-05-18_16-38-02-358,001,001,1,044,044.jpg,248,26.858302,1779115109.217773,4.116667,36.0,-394.0,0.0,0.0,2940,1912,1.076018,0.82,0.0,0.0,pix
real_001_s001_2026-05-18_16-38-02-358,001,001,1,044,044.jpg,249,26.874969,1779115109.23444,4.133333,36.0,-394.0,0.0,0.0,2940,1912,1.076018,0.82,0.0,0.0,pix
real_001_s001_2026-05-18_16-38-02-358,001,001,1,044,044.jpg,250,26.891635,1779115109.251107,4.15,36.0,-394.0,0.0,0.0,2940,1912,1.076018,0.82,0.0,0.0,pix
real_001_s001_2026-05-18_16-38-02-358,001,001,1,044,044.jpg,251,26.908302,1779115109.267774,4.166667,36.0,-394.0,0.0,0.0,2940,1912,1.076018,0.82,0.0,0.0,pix
real_001_s001_2026-05-18_16-38-02-358,001,001,1,044,044.jpg,252,26.924969,1779115109.28444,4.183333,36.0,-394.0,0.0,0.0,2940,1912,1.076018,0.82,0.0,0.0,pix
real_001_s001_2026-05-18_16-38-02-358,001,001,1,044,044.jpg,253,26.941635,1779115109.301107,4.2,36.0,-394.0,0.0,0.0,2940,1912,1.076018,0.82,0.0,0.0,pix
real_001_s001_2026-05-18_16-38-02-358,001,001,1,044,044.jpg,254,26.958302,1779115109.317774,4.216667,36.0,-394.0,0.0,0.0,2940,1912,1.076018,0.82,0.0,0.0,pix
real_001_s001_2026-05-18_16-38-02-358,001,001,1,044,044.jpg,255,26.974969,1779115109.33444,4.233333,36.0,-394.0,0.0,0.0,2940,1912,1.076018,0.82,0.0,0.0,pix
real_001_s001_2026-05-18_16-38-02-358,001,001,1,044,044.jpg,256,26.991635,1779115109.351107,4.25,36.0,-394.0,0.0,0.0,2940,1912,1.076018,0.82,0.0,0.0,pix
real_001_s001_2026-05-18_16-38-02-358,001,001,1,044,044.jpg,257,27.008302,1779115109.367774,4.266667,36.0,-394.0,0.0,0.0,2940,1912,1.076018,0.82,0.0,0.0,pix
real_001_s001_2026-05-18_16-38-02-358,001,001,1,044,044.jpg,258,27.024969,1779115109.38444,4.283333,36.0,-394.0,0.0,0.0,2940,1912,1.076018,0.82,0.0,0.0,pix
real_001_s001_2026-05-18_16-38-02-358,001,001,1,044,044.jpg,259,27.041635,1779115109.401107,4.3,36.0,-394.0,0.0,0.0,2940,1912,1.076018,0.82,0.0,0.0,pix
real_001_s001_2026-05-18_16-38-02-358,001,001,1,044,044.jpg,260,27.058302,1779115109.417773,4.316667,36.0,-394.0,0.0,0.0,2940,1912,1.076018,0.82,0.0,0.0,pix
real_001_s001_2026-05-18_16-38-02-358,001,001,1,044,044.jpg,261,27.074969,1779115109.43444,4.333333,36.0,-394.0,0.0,0.0,2940,1912,1.076018,0.82,0.0,0.0,pix
real_001_s001_2026-05-18_16-38-02-358,001,001,1,044,044.jpg,262,27.091635,1779115109.451107,4.35,36.0,-394.0,0.0,0.0,2940,1912,1.076018,0.82,0.0,0.0,pix
real_001_s001_2026-05-18_16-38-02-358,001,001,1,044,044.jpg,263,27.108302,1779115109.467773,4.366667,36.0,-394.0,0.0,0.0,2940,1912,1.076018,0.82,0.0,0.0,pix
real_001_s001_2026-05-18_16-38-02-358,001,001,1,044,044.jpg,264,27.124969,1779115109.48444,4.383333,36.0,-394.0,0.0,0.0,2940,1912,1.076018,0.82,0.0,0.0,pix
real_001_s001_2026-05-18_16-38-02-358,001,001,1,044,044.jpg,265,27.141635,1779115109.501107,4.4,36.0,-394.0,0.0,0.0,2940,1912,1.076018,0.82,0.0,0.0,pix
real_001_s001_2026-05-18_16-38-02-358,001,001,1,044,044.jpg,266,27.158302,1779115109.517774,4.416667,36.0,-394.0,0.0,0.0,2940,1912,1.076018,0.82,0.0,0.0,pix
real_001_s001_2026-05-18_16-38-02-358,001,001,1,044,044.jpg,267,27.174969,1779115109.53444,4.433333,36.0,-394.0,0.0,0.0,2940,1912,1.076018,0.82,0.0,0.0,pix
real_001_s001_2026-05-18_16-38-02-358,001,001,1,044,044.jpg,268,27.191635,1779115109.551107,4.45,36.0,-394.0,0.0,0.0,2940,1912,1.076018,0.82,0.0,0.0,pix
real_001_s001_2026-05-18_16-38-02-358,001,001,1,044,044.jpg,269,27.208302,1779115109.567774,4.466667,36.0,-394.0,0.0,0.0,2940,1912,1.076018,0.82,0.0,0.0,pix
real_001_s001_2026-05-18_16-38-02-358,001,001,1,044,044.jpg,270,27.224969,1779115109.58444,4.483333,36.0,-394.0,0.0,0.0,2940,1912,1.076018,0.82,0.0,0.0,pix
real_001_s001_2026-05-18_16-38-02-358,001,001,1,044,044.jpg,271,27.241635,1779115109.601107,4.5,36.0,-394.0,0.0,0.0,2940,1912,1.076018,0.82,0.0,0.0,pix
real_001_s001_2026-05-18_16-38-02-358,001,001,1,044,044.jpg,272,27.258302,1779115109.617774,4.516667,36.0,-394.0,0.0,0.0,2940,1912,1.076018,0.82,0.0,0.0,pix
real_001_s001_2026-05-18_16-38-02-358,001,001,1,044,044.jpg,273,27.274969,1779115109.63444,4.533333,36.0,-394.0,0.0,0.0,2940,1912,1.076018,0.82,0.0,0.0,pix
real_001_s001_2026-05-18_16-38-02-358,001,001,1,044,044.jpg,274,27.291635,1779115109.651107,4.55,36.0,-394.0,0.0,0.0,2940,1912,1.076018,0.82,0.0,0.0,pix
real_001_s001_2026-05-18_16-38-02-358,001,001,1,044,044.jpg,275,27.308302,1779115109.667773,4.566667,36.0,-394.0,0.0,0.0,2940,1912,1.076018,0.82,0.0,0.0,pix
real_001_s001_2026-05-18_16-38-02-358,001,001,1,044,044.jpg,276,27.324969,1779115109.68444,4.583333,36.0,-394.0,0.0,0.0,2940,1912,1.076018,0.82,0.0,0.0,pix
real_001_s001_2026-05-18_16-38-02-358,001,001,1,044,044.jpg,277,27.341635,1779115109.701107,4.6,36.0,-394.0,0.0,0.0,2940,1912,1.076018,0.82,0.0,0.0,pix
real_001_s001_2026-05-18_16-38-02-358,001,001,1,044,044.jpg,278,27.358302,1779115109.717773,4.616667,36.0,-394.0,0.0,0.0,2940,1912,1.076018,0.82,0.0,0.0,pix
real_001_s001_2026-05-18_16-38-02-358,001,001,1,044,044.jpg,279,27.374969,1779115109.73444,4.633333,36.0,-394.0,0.0,0.0,2940,1912,1.076018,0.82,0.0,0.0,pix
real_001_s001_2026-05-18_16-38-02-358,001,001,1,044,044.jpg,280,27.391635,1779115109.751107,4.65,36.0,-394.0,0.0,0.0,2940,1912,1.076018,0.82,0.0,0.0,pix
real_001_s001_2026-05-18_16-38-02-358,001,001,1,044,044.jpg,281,27.408302,1779115109.767774,4.666667,36.0,-394.0,0.0,0.0,2940,1912,1.076018,0.82,0.0,0.0,pix
real_001_s001_2026-05-18_16-38-02-358,001,001,1,044,044.jpg,282,27.424969,1779115109.78444,4.683333,36.0,-394.0,0.0,0.0,2940,1912,1.076018,0.82,0.0,0.0,pix
real_001_s001_2026-05-18_16-38-02-358,001,001,1,044,044.jpg,283,27.441635,1779115109.801107,4.7,36.0,-394.0,0.0,0.0,2940,1912,1.076018,0.82,0.0,0.0,pix
real_001_s001_2026-05-18_16-38-02-358,001,001,1,044,044.jpg,284,27.458302,1779115109.817774,4.716667,36.0,-394.0,0.0,0.0,2940,1912,1.076018,0.82,0.0,0.0,pix
real_001_s001_2026-05-18_16-38-02-358,001,001,1,044,044.jpg,285,27.474969,1779115109.83444,4.733333,36.0,-394.0,0.0,0.0,2940,1912,1.076018,0.82,0.0,0.0,pix
real_001_s001_2026-05-18_16-38-02-358,001,001,1,044,044.jpg,286,27.491635,1779115109.851107,4.75,36.0,-394.0,0.0,0.0,2940,1912,1.076018,0.82,0.0,0.0,pix
real_001_s001_2026-05-18_16-38-02-358,001,001,1,044,044.jpg,287,27.508302,1779115109.867774,4.766667,36.0,-394.0,0.0,0.0,2940,1912,1.076018,0.82,0.0,0.0,pix
real_001_s001_2026-05-18_16-38-02-358,001,001,1,044,044.jpg,288,27.524969,1779115109.88444,4.783333,36.0,-394.0,0.0,0.0,2940,1912,1.076018,0.82,0.0,0.0,pix
real_001_s001_2026-05-18_16-38-02-358,001,001,1,044,044.jpg,289,27.541635,1779115109.901107,4.8,36.0,-394.0,0.0,0.0,2940,1912,1.076018,0.82,0.0,0.0,pix
real_001_s001_2026-05-18_16-38-02-358,001,001,1,044,044.jpg,290,27.558302,1779115109.917773,4.816667,36.0,-394.0,0.0,0.0,2940,1912,1.076018,0.82,0.0,0.0,pix
real_001_s001_2026-05-18_16-38-02-358,001,001,1,044,044.jpg,291,27.574969,1779115109.93444,4.833333,36.0,-394.0,0.0,0.0,2940,1912,1.076018,0.82,0.0,0.0,pix
real_001_s001_2026-05-18_16-38-02-358,001,001,1,044,044.jpg,292,27.591635,1779115109.951107,4.85,36.0,-394.0,0.0,0.0,2940,1912,1.076018,0.82,0.0,0.0,pix
real_001_s001_2026-05-18_16-38-02-358,001,001,1,044,044.jpg,293,27.608302,1779115109.967773,4.866667,36.0,-394.0,0.0,0.0,2940,1912,1.076018,0.82,0.0,0.0,pix
real_001_s001_2026-05-18_16-38-02-358,001,001,1,044,044.jpg,294,27.624969,1779115109.98444,4.883333,36.0,-394.0,0.0,0.0,2940,1912,1.076018,0.82,0.0,0.0,pix
real_001_s001_2026-05-18_16-38-02-358,001,001,1,044,044.jpg,295,27.641635,1779115110.001107,4.9,36.0,-394.0,0.0,0.0,2940,1912,1.076018,0.82,0.0,0.0,pix
real_001_s001_2026-05-18_16-38-02-358,001,001,1,044,044.jpg,296,27.658302,1779115110.017774,4.916667,36.0,-394.0,0.0,0.0,2940,1912,1.076018,0.82,0.0,0.0,pix
real_001_s001_2026-05-18_16-38-02-358,001,001,1,044,044.jpg,297,27.674969,1779115110.03444,4.933333,36.0,-394.0,0.0,0.0,2940,1912,1.076018,0.82,0.0,0.0,pix
real_001_s001_2026-05-18_16-38-02-358,001,001,1,044,044.jpg,298,27.691635,1779115110.051107,4.95,36.0,-394.0,0.0,0.0,2940,1912,1.076018,0.82,0.0,0.0,pix
real_001_s001_2026-05-18_16-38-02-358,001,001,1,044,044.jpg,299,27.708302,1779115110.067774,4.966667,36.0,-394.0,0.0,0.0,2940,1912,1.076018,0.82,0.0,0.0,pix
real_001_s001_2026-05-18_16-38-02-358,001,001,1,044,044.jpg,300,27.724969,1779115110.08444,4.983333,36.0,-394.0,0.0,0.0,2940,1912,1.076018,0.82,0.0,0.0,pix
real_001_s001_2026-05-18_16-38-02-358,001,001,1,044,044.jpg,301,27.741635,1779115110.101107,5.0,36.0,-394.0,0.0,0.0,2940,1912,1.076018,0.82,0.0,0.0,pix
real_001_s001_2026-05-18_16-38-02-358,001,001,1,044,044.jpg,302,27.758302,1779115110.117774,5.016667,36.0,-394.0,0.0,0.0,2940,1912,1.076018,0.82,0.0,0.0,pix
real_001_s001_2026-05-18_16-38-02-358,001,001,1,044,044.jpg,303,27.774969,1779115110.13444,5.033333,36.0,-394.0,0.0,0.0,2940,1912,1.076018,0.82,0.0,0.0,pix
real_001_s001_2026-05-18_16-38-02-358,001,001,1,044,044.jpg,304,27.791635,1779115110.151107,5.05,36.0,-394.0,0.0,0.0,2940,1912,1.076018,0.82,0.0,0.0,pix
real_001_s001_2026-05-18_16-38-02-358,001,001,1,044,044.jpg,305,27.808302,1779115110.167773,5.066667,36.0,-394.0,0.0,0.0,2940,1912,1.076018,0.82,0.0,0.0,pix
real_001_s001_2026-05-18_16-38-02-358,001,001,1,044,044.jpg,306,27.824969,1779115110.18444,5.083333,36.0,-394.0,0.0,0.0,2940,1912,1.076018,0.82,0.0,0.0,pix
real_001_s001_2026-05-18_16-38-02-358,001,001,1,044,044.jpg,307,27.841635,1779115110.201107,5.1,36.0,-394.0,0.0,0.0,2940,1912,1.076018,0.82,0.0,0.0,pix
real_001_s001_2026-05-18_16-38-02-358,001,001,1,044,044.jpg,308,27.858302,1779115110.217773,5.116667,36.0,-394.0,0.0,0.0,2940,1912,1.076018,0.82,0.0,0.0,pix
real_001_s001_2026-05-18_16-38-02-358,001,001,1,044,044.jpg,309,27.874969,1779115110.23444,5.133333,36.0,-394.0,0.0,0.0,2940,1912,1.076018,0.82,0.0,0.0,pix
real_001_s001_2026-05-18_16-38-02-358,001,001,1,044,044.jpg,310,27.891635,1779115110.251107,5.15,36.0,-394.0,0.0,0.0,2940,1912,1.076018,0.82,0.0,0.0,pix
real_001_s001_2026-05-18_16-38-02-358,001,001,1,044,044.jpg,311,27.908302,1779115110.267774,5.166667,36.0,-394.0,0.0,0.0,2940,1912,1.076018,0.82,0.0,0.0,pix
real_001_s001_2026-05-18_16-38-02-358,001,001,1,044,044.jpg,312,27.924969,1779115110.28444,5.183333,36.0,-394.0,0.0,0.0,2940,1912,1.076018,0.82,0.0,0.0,pix
real_001_s001_2026-05-18_16-38-02-358,001,001,1,044,044.jpg,313,27.941635,1779115110.301107,5.2,36.0,-394.0,0.0,0.0,2940,1912,1.076018,0.82,0.0,0.0,pix
real_001_s001_2026-05-18_16-38-02-358,001,001,1,044,044.jpg,314,27.958302,1779115110.317774,5.216667,36.0,-394.0,0.0,0.0,2940,1912,1.076018,0.82,0.0,0.0,pix
real_001_s001_2026-05-18_16-38-02-358,001,001,1,044,044.jpg,315,27.974969,1779115110.33444,5.233333,36.0,-394.0,0.0,0.0,2940,1912,1.076018,0.82,0.0,0.0,pix
real_001_s001_2026-05-18_16-38-02-358,001,001,1,044,044.jpg,316,27.991635,1779115110.351107,5.25,36.0,-394.0,0.0,0.0,2940,1912,1.076018,0.82,0.0,0.0,pix
real_001_s001_2026-05-18_16-38-02-358,001,001,1,044,044.jpg,317,28.008302,1779115110.367774,5.266667,36.0,-394.0,0.0,0.0,2940,1912,1.076018,0.82,0.0,0.0,pix
real_001_s001_2026-05-18_16-38-02-358,001,001,1,044,044.jpg,318,28.024969,1779115110.38444,5.283333,36.0,-394.0,0.0,0.0,2940,1912,1.076018,0.82,0.0,0.0,pix
real_001_s001_2026-05-18_16-38-02-358,001,001,1,044,044.jpg,319,28.041635,1779115110.401107,5.3,36.0,-394.0,0.0,0.0,2940,1912,1.076018,0.82,0.0,0.0,pix
real_001_s001_2026-05-18_16-38-02-358,001,001,1,044,044.jpg,320,28.058302,1779115110.417773,5.316667,36.0,-394.0,0.0,0.0,2940,1912,1.076018,0.82,0.0,0.0,pix
real_001_s001_2026-05-18_16-38-02-358,001,001,1,044,044.jpg,321,28.074969,1779115110.43444,5.333333,36.0,-394.0,0.0,0.0,2940,1912,1.076018,0.82,0.0,0.0,pix
real_001_s001_2026-05-18_16-38-02-358,001,001,1,044,044.jpg,322,28.091635,1779115110.451107,5.35,36.0,-394.0,0.0,0.0,2940,1912,1.076018,0.82,0.0,0.0,pix
real_001_s001_2026-05-18_16-38-02-358,001,001,1,044,044.jpg,323,28.108302,1779115110.467773,5.366667,36.0,-394.0,0.0,0.0,2940,1912,1.076018,0.82,0.0,0.0,pix
real_001_s001_2026-05-18_16-38-02-358,001,001,1,044,044.jpg,324,28.124969,1779115110.48444,5.383333,36.0,-394.0,0.0,0.0,2940,1912,1.076018,0.82,0.0,0.0,pix
real_001_s001_2026-05-18_16-38-02-358,001,001,1,044,044.jpg,325,28.141635,1779115110.501107,5.4,36.0,-394.0,0.0,0.0,2940,1912,1.076018,0.82,0.0,0.0,pix
real_001_s001_2026-05-18_16-38-02-358,001,001,1,044,044.jpg,326,28.158302,1779115110.517774,5.416667,36.0,-394.0,0.0,0.0,2940,1912,1.076018,0.82,0.0,0.0,pix
real_001_s001_2026-05-18_16-38-02-358,001,001,1,044,044.jpg,327,28.174969,1779115110.53444,5.433333,36.0,-394.0,0.0,0.0,2940,1912,1.076018,0.82,0.0,0.0,pix
real_001_s001_2026-05-18_16-38-02-358,001,001,1,044,044.jpg,328,28.191635,1779115110.551107,5.45,36.0,-394.0,0.0,0.0,2940,1912,1.076018,0.82,0.0,0.0,pix
real_001_s001_2026-05-18_16-38-02-358,001,001,1,044,044.jpg,329,28.208302,1779115110.567774,5.466667,36.0,-394.0,0.0,0.0,2940,1912,1.076018,0.82,0.0,0.0,pix
real_001_s001_2026-05-18_16-38-02-358,001,001,1,044,044.jpg,330,28.224969,1779115110.58444,5.483333,36.0,-394.0,0.0,0.0,2940,1912,1.076018,0.82,0.0,0.0,pix
real_001_s001_2026-05-18_16-38-02-358,001,001,1,044,044.jpg,331,28.241635,1779115110.601107,5.5,36.0,-394.0,0.0,0.0,2940,1912,1.076018,0.82,0.0,0.0,pix
real_001_s001_2026-05-18_16-38-02-358,001,001,1,044,044.jpg,332,28.258302,1779115110.617774,5.516667,36.0,-394.0,0.0,0.0,2940,1912,1.076018,0.82,0.0,0.0,pix
real_001_s001_2026-05-18_16-38-02-358,001,001,1,044,044.jpg,333,28.274969,1779115110.63444,5.533333,36.0,-394.0,0.0,0.0,2940,1912,1.076018,0.82,0.0,0.0,pix
real_001_s001_2026-05-18_16-38-02-358,001,001,1,044,044.jpg,334,28.291635,1779115110.651107,5.55,36.0,-394.0,0.0,0.0,2940,1912,1.076018,0.82,0.0,0.0,pix
real_001_s001_2026-05-18_16-38-02-358,001,001,1,044,044.jpg,335,28.308302,1779115110.667773,5.566667,36.0,-394.0,0.0,0.0,2940,1912,1.076018,0.82,0.0,0.0,pix
real_001_s001_2026-05-18_16-38-02-358,001,001,1,044,044.jpg,336,28.324969,1779115110.68444,5.583333,36.0,-394.0,0.0,0.0,2940,1912,1.076018,0.82,0.0,0.0,pix
real_001_s001_2026-05-18_16-38-02-358,001,001,1,044,044.jpg,337,28.341635,1779115110.701107,5.6,36.0,-394.0,0.0,0.0,2940,1912,1.076018,0.82,0.0,0.0,pix
real_001_s001_2026-05-18_16-38-02-358,001,001,1,044,044.jpg,338,28.358302,1779115110.717773,5.616667,36.0,-394.0,0.0,0.0,2940,1912,1.076018,0.82,0.0,0.0,pix
real_001_s001_2026-05-18_16-38-02-358,001,001,1,044,044.jpg,339,28.374969,1779115110.73444,5.633333,36.0,-394.0,0.0,0.0,2940,1912,1.076018,0.82,0.0,0.0,pix
real_001_s001_2026-05-18_16-38-02-358,001,001,1,044,044.jpg,340,28.391635,1779115110.751107,5.65,36.0,-394.0,0.0,0.0,2940,1912,1.076018,0.82,0.0,0.0,pix
real_001_s001_2026-05-18_16-38-02-358,001,001,1,044,044.jpg,341,28.408302,1779115110.767774,5.666667,36.0,-394.0,0.0,0.0,2940,1912,1.076018,0.82,0.0,0.0,pix
real_001_s001_2026-05-18_16-38-02-358,001,001,1,044,044.jpg,342,28.424969,1779115110.78444,5.683333,36.0,-394.0,0.0,0.0,2940,1912,1.076018,0.82,0.0,0.0,pix
real_001_s001_2026-05-18_16-38-02-358,001,001,1,044,044.jpg,343,28.441635,1779115110.801107,5.7,36.0,-394.0,0.0,0.0,2940,1912,1.076018,0.82,0.0,0.0,pix
real_001_s001_2026-05-18_16-38-02-358,001,001,1,044,044.jpg,344,28.458302,1779115110.817774,5.716667,36.0,-394.0,0.0,0.0,2940,1912,1.076018,0.82,0.0,0.0,pix
real_001_s001_2026-05-18_16-38-02-358,001,001,1,044,044.jpg,345,28.474969,1779115110.83444,5.733333,36.0,-394.0,0.0,0.0,2940,1912,1.076018,0.82,0.0,0.0,pix
real_001_s001_2026-05-18_16-38-02-358,001,001,1,044,044.jpg,346,28.491635,1779115110.851107,5.75,36.0,-394.0,0.0,0.0,2940,1912,1.076018,0.82,0.0,0.0,pix
real_001_s001_2026-05-18_16-38-02-358,001,001,1,044,044.jpg,347,28.508302,1779115110.867774,5.766667,36.0,-394.0,0.0,0.0,2940,1912,1.076018,0.82,0.0,0.0,pix
real_001_s001_2026-05-18_16-38-02-358,001,001,1,044,044.jpg,348,28.524969,1779115110.88444,5.783333,36.0,-394.0,0.0,0.0,2940,1912,1.076018,0.82,0.0,0.0,pix
real_001_s001_2026-05-18_16-38-02-358,001,001,1,044,044.jpg,349,28.541635,1779115110.901107,5.8,36.0,-394.0,0.0,0.0,2940,1912,1.076018,0.82,0.0,0.0,pix
real_001_s001_2026-05-18_16-38-02-358,001,001,1,044,044.jpg,350,28.558302,1779115110.917773,5.816667,36.0,-394.0,0.0,0.0,2940,1912,1.076018,0.82,0.0,0.0,pix
real_001_s001_2026-05-18_16-38-02-358,001,001,1,044,044.jpg,351,28.574969,1779115110.93444,5.833333,36.0,-394.0,0.0,0.0,2940,1912,1.076018,0.82,0.0,0.0,pix
real_001_s001_2026-05-18_16-38-02-358,001,001,1,044,044.jpg,352,28.591635,1779115110.951107,5.85,36.0,-394.0,0.0,0.0,2940,1912,1.076018,0.82,0.0,0.0,pix
real_001_s001_2026-05-18_16-38-02-358,001,001,1,044,044.jpg,353,28.608302,1779115110.967773,5.866667,36.0,-394.0,0.0,0.0,2940,1912,1.076018,0.82,0.0,0.0,pix
real_001_s001_2026-05-18_16-38-02-358,001,001,1,044,044.jpg,354,28.624969,1779115110.98444,5.883333,36.0,-394.0,0.0,0.0,2940,1912,1.076018,0.82,0.0,0.0,pix
real_001_s001_2026-05-18_16-38-02-358,001,001,1,044,044.jpg,355,28.641635,1779115111.001107,5.9,36.0,-394.0,0.0,0.0,2940,1912,1.076018,0.82,0.0,0.0,pix
real_001_s001_2026-05-18_16-38-02-358,001,001,1,044,044.jpg,356,28.658302,1779115111.017774,5.916667,36.0,-394.0,0.0,0.0,2940,1912,1.076018,0.82,0.0,0.0,pix
real_001_s001_2026-05-18_16-38-02-358,001,001,1,044,044.jpg,357,28.674969,1779115111.03444,5.933333,36.0,-394.0,0.0,0.0,2940,1912,1.076018,0.82,0.0,0.0,pix
real_001_s001_2026-05-18_16-38-02-358,001,001,1,044,044.jpg,358,28.691635,1779115111.051107,5.95,36.0,-394.0,0.0,0.0,2940,1912,1.076018,0.82,0.0,0.0,pix
real_001_s001_2026-05-18_16-38-02-358,001,001,1,044,044.jpg,359,28.708302,1779115111.067774,5.966667,36.0,-394.0,0.0,0.0,2940,1912,1.076018,0.82,0.0,0.0,pix
real_001_s001_2026-05-18_16-38-02-358,001,001,1,044,044.jpg,360,28.724969,1779115111.08444,5.983333,36.0,-394.0,0.0,0.0,2940,1912,1.076018,0.82,0.0,0.0,pix
real_001_s001_2026-05-18_16-38-02-358,001,001,1,044,044.jpg,361,28.741635,1779115111.101107,6.0,36.0,-394.0,0.0,0.0,2940,1912,1.076018,0.82,0.0,0.0,pix
real_001_s001_2026-05-18_16-38-02-358,001,001,1,044,044.jpg,362,28.758302,1779115111.117774,6.016667,36.0,-394.0,0.0,0.0,2940,1912,1.076018,0.82,0.0,0.0,pix
real_001_s001_2026-05-18_16-38-02-358,001,001,1,044,044.jpg,363,28.774969,1779115111.13444,6.033333,36.0,-394.0,0.0,0.0,2940,1912,1.076018,0.82,0.0,0.0,pix
real_001_s001_2026-05-18_16-38-02-358,001,001,1,044,044.jpg,364,28.791635,1779115111.151107,6.05,36.0,-394.0,0.0,0.0,2940,1912,1.076018,0.82,0.0,0.0,pix
real_001_s001_2026-05-18_16-38-02-358,001,001,1,044,044.jpg,365,28.808302,1779115111.167773,6.066667,36.0,-394.0,0.0,0.0,2940,1912,1.076018,0.82,0.0,0.0,pix
real_001_s001_2026-05-18_16-38-02-358,001,001,1,044,044.jpg,366,28.824969,1779115111.18444,6.083333,36.0,-394.0,0.0,0.0,2940,1912,1.076018,0.82,0.0,0.0,pix
real_001_s001_2026-05-18_16-38-02-358,001,001,1,044,044.jpg,367,28.841635,1779115111.201107,6.1,36.0,-394.0,0.0,0.0,2940,1912,1.076018,0.82,0.0,0.0,pix
real_001_s001_2026-05-18_16-38-02-358,001,001,1,044,044.jpg,368,28.858302,1779115111.217773,6.116667,36.0,-394.0,0.0,0.0,2940,1912,1.076018,0.82,0.0,0.0,pix
real_001_s001_2026-05-18_16-38-02-358,001,001,1,044,044.jpg,369,28.874969,1779115111.23444,6.133333,36.0,-394.0,0.0,0.0,2940,1912,1.076018,0.82,0.0,0.0,pix
real_001_s001_2026-05-18_16-38-02-358,001,001,1,044,044.jpg,370,28.891635,1779115111.251107,6.15,36.0,-394.0,0.0,0.0,2940,1912,1.076018,0.82,0.0,0.0,pix
real_001_s001_2026-05-18_16-38-02-358,001,001,1,044,044.jpg,371,28.908302,1779115111.267774,6.166667,36.0,-394.0,0.0,0.0,2940,1912,1.076018,0.82,0.0,0.0,pix
real_001_s001_2026-05-18_16-38-02-358,001,001,1,044,044.jpg,372,28.924969,1779115111.28444,6.183333,36.0,-394.0,0.0,0.0,2940,1912,1.076018,0.82,0.0,0.0,pix
real_001_s001_2026-05-18_16-38-02-358,001,001,1,044,044.jpg,373,28.941635,1779115111.301107,6.2,36.0,-394.0,0.0,0.0,2940,1912,1.076018,0.82,0.0,0.0,pix
real_001_s001_2026-05-18_16-38-02-358,001,001,1,044,044.jpg,374,28.958302,1779115111.317774,6.216667,36.0,-394.0,0.0,0.0,2940,1912,1.076018,0.82,0.0,0.0,pix
real_001_s001_2026-05-18_16-38-02-358,001,001,1,044,044.jpg,375,28.974969,1779115111.33444,6.233333,36.0,-394.0,0.0,0.0,2940,1912,1.076018,0.82,0.0,0.0,pix
real_001_s001_2026-05-18_16-38-02-358,001,001,1,044,044.jpg,376,28.991635,1779115111.351107,6.25,36.0,-394.0,0.0,0.0,2940,1912,1.076018,0.82,0.0,0.0,pix
real_001_s001_2026-05-18_16-38-02-358,001,001,1,044,044.jpg,377,29.008302,1779115111.367774,6.266667,36.0,-394.0,0.0,0.0,2940,1912,1.076018,0.82,0.0,0.0,pix
real_001_s001_2026-05-18_16-38-02-358,001,001,1,044,044.jpg,378,29.024969,1779115111.38444,6.283333,36.0,-394.0,0.0,0.0,2940,1912,1.076018,0.82,0.0,0.0,pix
real_001_s001_2026-05-18_16-38-02-358,001,001,1,044,044.jpg,379,29.041635,1779115111.401107,6.3,36.0,-394.0,0.0,0.0,2940,1912,1.076018,0.82,0.0,0.0,pix
real_001_s001_2026-05-18_16-38-02-358,001,001,1,044,044.jpg,380,29.058302,1779115111.417773,6.316667,36.0,-394.0,0.0,0.0,2940,1912,1.076018,0.82,0.0,0.0,pix
real_001_s001_2026-05-18_16-38-02-358,001,001,1,044,044.jpg,381,29.074969,1779115111.43444,6.333333,36.0,-394.0,0.0,0.0,2940,1912,1.076018,0.82,0.0,0.0,pix
real_001_s001_2026-05-18_16-38-02-358,001,001,1,044,044.jpg,382,29.091635,1779115111.451107,6.35,36.0,-394.0,0.0,0.0,2940,1912,1.076018,0.82,0.0,0.0,pix
real_001_s001_2026-05-18_16-38-02-358,001,001,1,044,044.jpg,383,29.108302,1779115111.467773,6.366667,36.0,-394.0,0.0,0.0,2940,1912,1.076018,0.82,0.0,0.0,pix
real_001_s001_2026-05-18_16-38-02-358,001,001,1,044,044.jpg,384,29.124969,1779115111.48444,6.383333,36.0,-394.0,0.0,0.0,2940,1912,1.076018,0.82,0.0,0.0,pix
real_001_s001_2026-05-18_16-38-02-358,001,001,1,044,044.jpg,385,29.141635,1779115111.501107,6.4,36.0,-394.0,0.0,0.0,2940,1912,1.076018,0.82,0.0,0.0,pix
real_001_s001_2026-05-18_16-38-02-358,001,001,1,044,044.jpg,386,29.158302,1779115111.517774,6.416667,36.0,-394.0,0.0,0.0,2940,1912,1.076018,0.82,0.0,0.0,pix
real_001_s001_2026-05-18_16-38-02-358,001,001,1,044,044.jpg,387,29.174969,1779115111.53444,6.433333,36.0,-394.0,0.0,0.0,2940,1912,1.076018,0.82,0.0,0.0,pix
real_001_s001_2026-05-18_16-38-02-358,001,001,1,044,044.jpg,388,29.191635,1779115111.551107,6.45,36.0,-394.0,0.0,0.0,2940,1912,1.076018,0.82,0.0,0.0,pix
real_001_s001_2026-05-18_16-38-02-358,001,001,1,044,044.jpg,389,29.208302,1779115111.567774,6.466667,36.0,-394.0,0.0,0.0,2940,1912,1.076018,0.82,0.0,0.0,pix
real_001_s001_2026-05-18_16-38-02-358,001,001,1,044,044.jpg,390,29.224969,1779115111.58444,6.483333,36.0,-394.0,0.0,0.0,2940,1912,1.076018,0.82,0.0,0.0,pix
real_001_s001_2026-05-18_16-38-02-358,001,001,1,044,044.jpg,391,29.241635,1779115111.601107,6.5,36.0,-394.0,0.0,0.0,2940,1912,1.076018,0.82,0.0,0.0,pix
real_001_s001_2026-05-18_16-38-02-358,001,001,1,044,044.jpg,392,29.258302,1779115111.617774,6.516667,36.0,-394.0,0.0,0.0,2940,1912,1.076018,0.82,0.0,0.0,pix
real_001_s001_2026-05-18_16-38-02-358,001,001,1,044,044.jpg,393,29.274969,1779115111.63444,6.533333,36.0,-394.0,0.0,0.0,2940,1912,1.076018,0.82,0.0,0.0,pix
real_001_s001_2026-05-18_16-38-02-358,001,001,1,044,044.jpg,394,29.291635,1779115111.651107,6.55,36.0,-394.0,0.0,0.0,2940,1912,1.076018,0.82,0.0,0.0,pix
real_001_s001_2026-05-18_16-38-02-358,001,001,1,044,044.jpg,395,29.308302,1779115111.667773,6.566667,36.0,-394.0,0.0,0.0,2940,1912,1.076018,0.82,0.0,0.0,pix
real_001_s001_2026-05-18_16-38-02-358,001,001,1,044,044.jpg,396,29.324969,1779115111.68444,6.583333,36.0,-394.0,0.0,0.0,2940,1912,1.076018,0.82,0.0,0.0,pix
real_001_s001_2026-05-18_16-38-02-358,001,001,1,044,044.jpg,397,29.341635,1779115111.701107,6.6,36.0,-394.0,0.0,0.0,2940,1912,1.076018,0.82,0.0,0.0,pix
real_001_s001_2026-05-18_16-38-02-358,001,001,1,044,044.jpg,398,29.358302,1779115111.717773,6.616667,36.0,-394.0,0.0,0.0,2940,1912,1.076018,0.82,0.0,0.0,pix
real_001_s001_2026-05-18_16-38-02-358,001,001,1,044,044.jpg,399,29.374969,1779115111.73444,6.633333,36.0,-394.0,0.0,0.0,2940,1912,1.076018,0.82,0.0,0.0,pix
real_001_s001_2026-05-18_16-38-02-358,001,001,1,044,044.jpg,400,29.391635,1779115111.751107,6.65,36.0,-394.0,0.0,0.0,2940,1912,1.076018,0.82,0.0,0.0,pix
real_001_s001_2026-05-18_16-38-02-358,001,001,1,044,044.jpg,401,29.408302,1779115111.767774,6.666667,36.0,-394.0,0.0,0.0,2940,1912,1.076018,0.82,0.0,0.0,pix
real_001_s001_2026-05-18_16-38-02-358,001,001,1,044,044.jpg,402,29.424969,1779115111.78444,6.683333,36.0,-394.0,0.0,0.0,2940,1912,1.076018,0.82,0.0,0.0,pix
real_001_s001_2026-05-18_16-38-02-358,001,001,1,044,044.jpg,403,29.441635,1779115111.801107,6.7,36.0,-394.0,0.0,0.0,2940,1912,1.076018,0.82,0.0,0.0,pix
real_001_s001_2026-05-18_16-38-02-358,001,001,1,044,044.jpg,404,29.458302,1779115111.817774,6.716667,36.0,-394.0,0.0,0.0,2940,1912,1.076018,0.82,0.0,0.0,pix
real_001_s001_2026-05-18_16-38-02-358,001,001,1,044,044.jpg,405,29.474969,1779115111.83444,6.733333,36.0,-394.0,0.0,0.0,2940,1912,1.076018,0.82,0.0,0.0,pix
real_001_s001_2026-05-18_16-38-02-358,001,001,1,044,044.jpg,406,29.491635,1779115111.851107,6.75,36.0,-394.0,0.0,0.0,2940,1912,1.076018,0.82,0.0,0.0,pix
real_001_s001_2026-05-18_16-38-02-358,001,001,1,044,044.jpg,407,29.508302,1779115111.867774,6.766667,36.0,-394.0,0.0,0.0,2940,1912,1.076018,0.82,0.0,0.0,pix
real_001_s001_2026-05-18_16-38-02-358,001,001,1,044,044.jpg,408,29.524969,1779115111.88444,6.783333,36.0,-394.0,0.0,0.0,2940,1912,1.076018,0.82,0.0,0.0,pix
real_001_s001_2026-05-18_16-38-02-358,001,001,1,044,044.jpg,409,29.541635,1779115111.901107,6.8,36.0,-394.0,0.0,0.0,2940,1912,1.076018,0.82,0.0,0.0,pix
real_001_s001_2026-05-18_16-38-02-358,001,001,1,044,044.jpg,410,29.558302,1779115111.917773,6.816667,36.0,-394.0,0.0,0.0,2940,1912,1.076018,0.82,0.0,0.0,pix
real_001_s001_2026-05-18_16-38-02-358,001,001,1,044,044.jpg,411,29.574969,1779115111.93444,6.833333,36.0,-394.0,0.0,0.0,2940,1912,1.076018,0.82,0.0,0.0,pix
real_001_s001_2026-05-18_16-38-02-358,001,001,1,044,044.jpg,412,29.591635,1779115111.951107,6.85,36.0,-394.0,0.0,0.0,2940,1912,1.076018,0.82,0.0,0.0,pix
real_001_s001_2026-05-18_16-38-02-358,001,001,1,044,044.jpg,413,29.608302,1779115111.967773,6.866667,36.0,-394.0,0.0,0.0,2940,1912,1.076018,0.82,0.0,0.0,pix
real_001_s001_2026-05-18_16-38-02-358,001,001,1,044,044.jpg,414,29.624969,1779115111.98444,6.883333,36.0,-394.0,0.0,0.0,2940,1912,1.076018,0.82,0.0,0.0,pix
real_001_s001_2026-05-18_16-38-02-358,001,001,1,044,044.jpg,415,29.641635,1779115112.001107,6.9,36.0,-394.0,0.0,0.0,2940,1912,1.076018,0.82,0.0,0.0,pix
real_001_s001_2026-05-18_16-38-02-358,001,001,1,044,044.jpg,416,29.658302,1779115112.017774,6.916667,36.0,-394.0,0.0,0.0,2940,1912,1.076018,0.82,0.0,0.0,pix
real_001_s001_2026-05-18_16-38-02-358,001,001,1,044,044.jpg,417,29.674969,1779115112.03444,6.933333,36.0,-394.0,0.0,0.0,2940,1912,1.076018,0.82,0.0,0.0,pix
real_001_s001_2026-05-18_16-38-02-358,001,001,1,044,044.jpg,418,29.691635,1779115112.051107,6.95,36.0,-394.0,0.0,0.0,2940,1912,1.076018,0.82,0.0,0.0,pix
real_001_s001_2026-05-18_16-38-02-358,001,001,1,044,044.jpg,419,29.708302,1779115112.067774,6.966667,36.0,-394.0,0.0,0.0,2940,1912,1.076018,0.82,0.0,0.0,pix
real_001_s001_2026-05-18_16-38-02-358,001,001,1,044,044.jpg,420,29.724969,1779115112.08444,6.983333,36.0,-394.0,0.0,0.0,2940,1912,1.076018,0.82,0.0,0.0,pix
real_001_s001_2026-05-18_16-38-02-358,001,001,1,044,044.jpg,421,29.741635,1779115112.101107,7.0,36.0,-394.0,0.0,0.0,2940,1912,1.076018,0.82,0.0,0.0,pix
real_001_s001_2026-05-18_16-38-02-358,001,001,1,044,044.jpg,422,29.758302,1779115112.117774,7.016667,36.0,-394.0,0.0,0.0,2940,1912,1.076018,0.82,0.0,0.0,pix
real_001_s001_2026-05-18_16-38-02-358,001,001,1,044,044.jpg,423,29.774969,1779115112.13444,7.033333,36.0,-394.0,0.0,0.0,2940,1912,1.076018,0.82,0.0,0.0,pix
real_001_s001_2026-05-18_16-38-02-358,001,001,1,044,044.jpg,424,29.791635,1779115112.151107,7.05,36.0,-394.0,0.0,0.0,2940,1912,1.076018,0.82,0.0,0.0,pix
real_001_s001_2026-05-18_16-38-02-358,001,001,1,044,044.jpg,425,29.808302,1779115112.167773,7.066667,36.0,-394.0,0.0,0.0,2940,1912,1.076018,0.82,0.0,0.0,pix
real_001_s001_2026-05-18_16-38-02-358,001,001,1,044,044.jpg,426,29.824969,1779115112.18444,7.083333,36.0,-394.0,0.0,0.0,2940,1912,1.076018,0.82,0.0,0.0,pix
real_001_s001_2026-05-18_16-38-02-358,001,001,1,044,044.jpg,427,29.841635,1779115112.201107,7.1,36.0,-394.0,0.0,0.0,2940,1912,1.076018,0.82,0.0,0.0,pix
real_001_s001_2026-05-18_16-38-02-358,001,001,1,044,044.jpg,428,29.858302,1779115112.217773,7.116667,36.0,-394.0,0.0,0.0,2940,1912,1.076018,0.82,0.0,0.0,pix
real_001_s001_2026-05-18_16-38-02-358,001,001,1,044,044.jpg,429,29.874969,1779115112.23444,7.133333,36.0,-394.0,0.0,0.0,2940,1912,1.076018,0.82,0.0,0.0,pix
real_001_s001_2026-05-18_16-38-02-358,001,001,1,044,044.jpg,430,29.891635,1779115112.251107,7.15,36.0,-394.0,0.0,0.0,2940,1912,1.076018,0.82,0.0,0.0,pix
real_001_s001_2026-05-18_16-38-02-358,001,001,1,044,044.jpg,431,29.908302,1779115112.267774,7.166667,36.0,-394.0,0.0,0.0,2940,1912,1.076018,0.82,0.0,0.0,pix
real_001_s001_2026-05-18_16-38-02-358,001,001,1,044,044.jpg,432,29.924969,1779115112.28444,7.183333,36.0,-394.0,0.0,0.0,2940,1912,1.076018,0.82,0.0,0.0,pix
real_001_s001_2026-05-18_16-38-02-358,001,001,1,044,044.jpg,433,29.941635,1779115112.301107,7.2,36.0,-394.0,0.0,0.0,2940,1912,1.076018,0.82,0.0,0.0,pix
real_001_s001_2026-05-18_16-38-02-358,001,001,1,044,044.jpg,434,29.958302,1779115112.317774,7.216667,36.0,-394.0,0.0,0.0,2940,1912,1.076018,0.82,0.0,0.0,pix
real_001_s001_2026-05-18_16-38-02-358,001,001,1,044,044.jpg,435,29.974969,1779115112.33444,7.233333,36.0,-394.0,0.0,0.0,2940,1912,1.076018,0.82,0.0,0.0,pix
real_001_s001_2026-05-18_16-38-02-358,001,001,1,044,044.jpg,436,29.991635,1779115112.351107,7.25,36.0,-394.0,0.0,0.0,2940,1912,1.076018,0.82,0.0,0.0,pix
real_001_s001_2026-05-18_16-38-02-358,001,001,1,044,044.jpg,437,30.008302,1779115112.367774,7.266667,36.0,-394.0,0.0,0.0,2940,1912,1.076018,0.82,0.0,0.0,pix
real_001_s001_2026-05-18_16-38-02-358,001,001,1,044,044.jpg,438,30.024969,1779115112.38444,7.283333,36.0,-394.0,0.0,0.0,2940,1912,1.076018,0.82,0.0,0.0,pix
real_001_s001_2026-05-18_16-38-02-358,001,001,1,044,044.jpg,439,30.041635,1779115112.401107,7.3,36.0,-394.0,0.0,0.0,2940,1912,1.076018,0.82,0.0,0.0,pix
real_001_s001_2026-05-18_16-38-02-358,001,001,1,044,044.jpg,440,30.058302,1779115112.417773,7.316667,36.0,-394.0,0.0,0.0,2940,1912,1.076018,0.82,0.0,0.0,pix
real_001_s001_2026-05-18_16-38-02-358,001,001,1,044,044.jpg,441,30.074969,1779115112.43444,7.333333,36.0,-394.0,0.0,0.0,2940,1912,1.076018,0.82,0.0,0.0,pix
real_001_s001_2026-05-18_16-38-02-358,001,001,1,044,044.jpg,442,30.091635,1779115112.451107,7.35,36.0,-394.0,0.0,0.0,2940,1912,1.076018,0.82,0.0,0.0,pix
real_001_s001_2026-05-18_16-38-02-358,001,001,1,044,044.jpg,443,30.108302,1779115112.467773,7.366667,36.0,-394.0,0.0,0.0,2940,1912,1.076018,0.82,0.0,0.0,pix
real_001_s001_2026-05-18_16-38-02-358,001,001,1,044,044.jpg,444,30.124969,1779115112.48444,7.383333,36.0,-394.0,0.0,0.0,2940,1912,1.076018,0.82,0.0,0.0,pix
real_001_s001_2026-05-18_16-38-02-358,001,001,1,044,044.jpg,445,30.141635,1779115112.501107,7.4,36.0,-394.0,0.0,0.0,2940,1912,1.076018,0.82,0.0,0.0,pix
real_001_s001_2026-05-18_16-38-02-358,001,001,1,044,044.jpg,446,30.158302,1779115112.517774,7.416667,36.0,-394.0,0.0,0.0,2940,1912,1.076018,0.82,0.0,0.0,pix
real_001_s001_2026-05-18_16-38-02-358,001,001,1,044,044.jpg,447,30.174969,1779115112.53444,7.433333,36.0,-394.0,0.0,0.0,2940,1912,1.076018,0.82,0.0,0.0,pix
real_001_s001_2026-05-18_16-38-02-358,001,001,1,044,044.jpg,448,30.191635,1779115112.551107,7.45,36.0,-394.0,0.0,0.0,2940,1912,1.076018,0.82,0.0,0.0,pix
real_001_s001_2026-05-18_16-38-02-358,001,001,1,044,044.jpg,449,30.208302,1779115112.567774,7.466667,36.0,-394.0,0.0,0.0,2940,1912,1.076018,0.82,0.0,0.0,pix
real_001_s001_2026-05-18_16-38-02-358,001,001,1,044,044.jpg,450,30.224969,1779115112.58444,7.483333,36.0,-394.0,0.0,0.0,2940,1912,1.076018,0.82,0.0,0.0,pix
real_001_s001_2026-05-18_16-38-02-358,001,001,1,044,044.jpg,451,30.241635,1779115112.601107,7.5,36.0,-394.0,0.0,0.0,2940,1912,1.076018,0.82,0.0,0.0,pix
real_001_s001_2026-05-18_16-38-02-358,001,001,1,044,044.jpg,452,30.258302,1779115112.617774,7.516667,36.0,-394.0,0.0,0.0,2940,1912,1.076018,0.82,0.0,0.0,pix
real_001_s001_2026-05-18_16-38-02-358,001,001,1,044,044.jpg,453,30.274969,1779115112.63444,7.533333,36.0,-394.0,0.0,0.0,2940,1912,1.076018,0.82,0.0,0.0,pix
real_001_s001_2026-05-18_16-38-02-358,001,001,1,044,044.jpg,454,30.291635,1779115112.651107,7.55,36.0,-394.0,0.0,0.0,2940,1912,1.076018,0.82,0.0,0.0,pix
real_001_s001_2026-05-18_16-38-02-358,001,001,1,044,044.jpg,455,30.308302,1779115112.667773,7.566667,36.0,-394.0,0.0,0.0,2940,1912,1.076018,0.82,0.0,0.0,pix
real_001_s001_2026-05-18_16-38-02-358,001,001,1,044,044.jpg,456,30.324969,1779115112.68444,7.583333,36.0,-394.0,0.0,0.0,2940,1912,1.076018,0.82,0.0,0.0,pix
real_001_s001_2026-05-18_16-38-02-358,001,001,1,044,044.jpg,457,30.341635,1779115112.701107,7.6,36.0,-394.0,0.0,0.0,2940,1912,1.076018,0.82,0.0,0.0,pix
real_001_s001_2026-05-18_16-38-02-358,001,001,1,044,044.jpg,458,30.358302,1779115112.717773,7.616667,36.0,-394.0,0.0,0.0,2940,1912,1.076018,0.82,0.0,0.0,pix
real_001_s001_2026-05-18_16-38-02-358,001,001,1,044,044.jpg,459,30.374969,1779115112.73444,7.633333,36.0,-394.0,0.0,0.0,2940,1912,1.076018,0.82,0.0,0.0,pix
real_001_s001_2026-05-18_16-38-02-358,001,001,1,044,044.jpg,460,30.391635,1779115112.751107,7.65,36.0,-394.0,0.0,0.0,2940,1912,1.076018,0.82,0.0,0.0,pix
real_001_s001_2026-05-18_16-38-02-358,001,001,1,044,044.jpg,461,30.408302,1779115112.767774,7.666667,36.0,-394.0,0.0,0.0,2940,1912,1.076018,0.82,0.0,0.0,pix
real_001_s001_2026-05-18_16-38-02-358,001,001,1,044,044.jpg,462,30.424969,1779115112.78444,7.683333,36.0,-394.0,0.0,0.0,2940,1912,1.076018,0.82,0.0,0.0,pix
real_001_s001_2026-05-18_16-38-02-358,001,001,1,044,044.jpg,463,30.441635,1779115112.801107,7.7,36.0,-394.0,0.0,0.0,2940,1912,1.076018,0.82,0.0,0.0,pix
real_001_s001_2026-05-18_16-38-02-358,001,001,1,044,044.jpg,464,30.458302,1779115112.817774,7.716667,36.0,-394.0,0.0,0.0,2940,1912,1.076018,0.82,0.0,0.0,pix
real_001_s001_2026-05-18_16-38-02-358,001,001,1,044,044.jpg,465,30.474969,1779115112.83444,7.733333,36.0,-394.0,0.0,0.0,2940,1912,1.076018,0.82,0.0,0.0,pix
real_001_s001_2026-05-18_16-38-02-358,001,001,1,044,044.jpg,466,30.491635,1779115112.851107,7.75,36.0,-394.0,0.0,0.0,2940,1912,1.076018,0.82,0.0,0.0,pix
real_001_s001_2026-05-18_16-38-02-358,001,001,1,044,044.jpg,467,30.508302,1779115112.867774,7.766667,36.0,-394.0,0.0,0.0,2940,1912,1.076018,0.82,0.0,0.0,pix
real_001_s001_2026-05-18_16-38-02-358,001,001,1,044,044.jpg,468,30.524969,1779115112.88444,7.783333,36.0,-394.0,0.0,0.0,2940,1912,1.076018,0.82,0.0,0.0,pix
real_001_s001_2026-05-18_16-38-02-358,001,001,1,044,044.jpg,469,30.541635,1779115112.901107,7.8,36.0,-394.0,0.0,0.0,2940,1912,1.076018,0.82,0.0,0.0,pix
real_001_s001_2026-05-18_16-38-02-358,001,001,1,044,044.jpg,470,30.558302,1779115112.917773,7.816667,36.0,-394.0,0.0,0.0,2940,1912,1.076018,0.82,0.0,0.0,pix
real_001_s001_2026-05-18_16-38-02-358,001,001,1,044,044.jpg,471,30.574969,1779115112.93444,7.833333,36.0,-394.0,0.0,0.0,2940,1912,1.076018,0.82,0.0,0.0,pix
real_001_s001_2026-05-18_16-38-02-358,001,001,1,044,044.jpg,472,30.591635,1779115112.951107,7.85,36.0,-394.0,0.0,0.0,2940,1912,1.076018,0.82,0.0,0.0,pix
real_001_s001_2026-05-18_16-38-02-358,001,001,1,044,044.jpg,473,30.608302,1779115112.967773,7.866667,36.0,-394.0,0.0,0.0,2940,1912,1.076018,0.82,0.0,0.0,pix
real_001_s001_2026-05-18_16-38-02-358,001,001,1,044,044.jpg,474,30.624969,1779115112.98444,7.883333,36.0,-394.0,0.0,0.0,2940,1912,1.076018,0.82,0.0,0.0,pix
real_001_s001_2026-05-18_16-38-02-358,001,001,1,044,044.jpg,475,30.641635,1779115113.001107,7.9,36.0,-394.0,0.0,0.0,2940,1912,1.076018,0.82,0.0,0.0,pix
real_001_s001_2026-05-18_16-38-02-358,001,001,1,044,044.jpg,476,30.658302,1779115113.017774,7.916667,36.0,-394.0,0.0,0.0,2940,1912,1.076018,0.82,0.0,0.0,pix
real_001_s001_2026-05-18_16-38-02-358,001,001,1,044,044.jpg,477,30.674969,1779115113.03444,7.933333,36.0,-394.0,0.0,0.0,2940,1912,1.076018,0.82,0.0,0.0,pix
real_001_s001_2026-05-18_16-38-02-358,001,001,1,044,044.jpg,478,30.691635,1779115113.051107,7.95,36.0,-394.0,0.0,0.0,2940,1912,1.076018,0.82,0.0,0.0,pix
real_001_s001_2026-05-18_16-38-02-358,001,001,1,044,044.jpg,479,30.708302,1779115113.067774,7.966667,36.0,-394.0,0.0,0.0,2940,1912,1.076018,0.82,0.0,0.0,pix
real_001_s001_2026-05-18_16-38-02-358,001,001,1,044,044.jpg,480,30.724969,1779115113.08444,7.983333,36.0,-394.0,0.0,0.0,2940,1912,1.076018,0.82,0.0,0.0,pix
real_001_s001_2026-05-18_16-38-02-358,001,001,1,044,044.jpg,481,30.741635,1779115113.101107,8.0,36.0,-394.0,0.0,0.0,2940,1912,1.076018,0.82,0.0,0.0,pix
real_001_s001_2026-05-18_16-38-02-358,001,001,1,044,044.jpg,482,30.758302,1779115113.117774,8.016667,36.0,-394.0,0.0,0.0,2940,1912,1.076018,0.82,0.0,0.0,pix
real_001_s001_2026-05-18_16-38-02-358,001,001,1,044,044.jpg,483,30.774969,1779115113.13444,8.033333,36.0,-394.0,0.0,0.0,2940,1912,1.076018,0.82,0.0,0.0,pix
real_001_s001_2026-05-18_16-38-02-358,001,001,1,044,044.jpg,484,30.791635,1779115113.151107,8.05,36.0,-394.0,0.0,0.0,2940,1912,1.076018,0.82,0.0,0.0,pix
real_001_s001_2026-05-18_16-38-02-358,001,001,1,044,044.jpg,485,30.808302,1779115113.167773,8.066667,36.0,-394.0,0.0,0.0,2940,1912,1.076018,0.82,0.0,0.0,pix
real_001_s001_2026-05-18_16-38-02-358,001,001,1,044,044.jpg,486,30.824969,1779115113.18444,8.083333,36.0,-394.0,0.0,0.0,2940,1912,1.076018,0.82,0.0,0.0,pix
real_001_s001_2026-05-18_16-38-02-358,001,001,1,044,044.jpg,487,30.841635,1779115113.201107,8.1,36.0,-394.0,0.0,0.0,2940,1912,1.076018,0.82,0.0,0.0,pix
real_001_s001_2026-05-18_16-38-02-358,001,001,1,044,044.jpg,488,30.858302,1779115113.217773,8.116667,36.0,-394.0,0.0,0.0,2940,1912,1.076018,0.82,0.0,0.0,pix
real_001_s001_2026-05-18_16-38-02-358,001,001,1,044,044.jpg,489,30.874969,1779115113.23444,8.133333,36.0,-394.0,0.0,0.0,2940,1912,1.076018,0.82,0.0,0.0,pix
real_001_s001_2026-05-18_16-38-02-358,001,001,1,044,044.jpg,490,30.891635,1779115113.251107,8.15,36.0,-394.0,0.0,0.0,2940,1912,1.076018,0.82,0.0,0.0,pix
real_001_s001_2026-05-18_16-38-02-358,001,001,1,044,044.jpg,491,30.908302,1779115113.267774,8.166667,36.0,-394.0,0.0,0.0,2940,1912,1.076018,0.82,0.0,0.0,pix
real_001_s001_2026-05-18_16-38-02-358,001,001,1,044,044.jpg,492,30.924969,1779115113.28444,8.183333,36.0,-394.0,0.0,0.0,2940,1912,1.076018,0.82,0.0,0.0,pix
real_001_s001_2026-05-18_16-38-02-358,001,001,1,044,044.jpg,493,30.941635,1779115113.301107,8.2,36.0,-394.0,0.0,0.0,2940,1912,1.076018,0.82,0.0,0.0,pix
real_001_s001_2026-05-18_16-38-02-358,001,001,1,044,044.jpg,494,30.958302,1779115113.317774,8.216667,36.0,-394.0,0.0,0.0,2940,1912,1.076018,0.82,0.0,0.0,pix
real_001_s001_2026-05-18_16-38-02-358,001,001,1,044,044.jpg,495,30.974969,1779115113.33444,8.233333,36.0,-394.0,0.0,0.0,2940,1912,1.076018,0.82,0.0,0.0,pix
real_001_s001_2026-05-18_16-38-02-358,001,001,1,044,044.jpg,496,30.991635,1779115113.351107,8.25,36.0,-394.0,0.0,0.0,2940,1912,1.076018,0.82,0.0,0.0,pix
real_001_s001_2026-05-18_16-38-02-358,001,001,1,044,044.jpg,497,31.008302,1779115113.367774,8.266667,36.0,-394.0,0.0,0.0,2940,1912,1.076018,0.82,0.0,0.0,pix
real_001_s001_2026-05-18_16-38-02-358,001,001,1,044,044.jpg,498,31.024969,1779115113.38444,8.283333,36.0,-394.0,0.0,0.0,2940,1912,1.076018,0.82,0.0,0.0,pix
real_001_s001_2026-05-18_16-38-02-358,001,001,1,044,044.jpg,499,31.041635,1779115113.401107,8.3,36.0,-394.0,0.0,0.0,2940,1912,1.076018,0.82,0.0,0.0,pix
real_001_s001_2026-05-18_16-38-02-358,001,001,1,044,044.jpg,500,31.058302,1779115113.417773,8.316667,36.0,-394.0,0.0,0.0,2940,1912,1.076018,0.82,0.0,0.0,pix
real_001_s001_2026-05-18_16-38-02-358,001,001,1,044,044.jpg,501,31.074969,1779115113.43444,8.333333,36.0,-394.0,0.0,0.0,2940,1912,1.076018,0.82,0.0,0.0,pix
real_001_s001_2026-05-18_16-38-02-358,001,001,1,044,044.jpg,502,31.091635,1779115113.451107,8.35,36.0,-394.0,0.0,0.0,2940,1912,1.076018,0.82,0.0,0.0,pix
real_001_s001_2026-05-18_16-38-02-358,001,001,1,044,044.jpg,503,31.108302,1779115113.467773,8.366667,36.0,-394.0,0.0,0.0,2940,1912,1.076018,0.82,0.0,0.0,pix
real_001_s001_2026-05-18_16-38-02-358,001,001,1,044,044.jpg,504,31.124969,1779115113.48444,8.383333,36.0,-394.0,0.0,0.0,2940,1912,1.076018,0.82,0.0,0.0,pix
real_001_s001_2026-05-18_16-38-02-358,001,001,1,044,044.jpg,505,31.141635,1779115113.501107,8.4,36.0,-394.0,0.0,0.0,2940,1912,1.076018,0.82,0.0,0.0,pix
real_001_s001_2026-05-18_16-38-02-358,001,001,1,044,044.jpg,506,31.158302,1779115113.517774,8.416667,36.0,-394.0,0.0,0.0,2940,1912,1.076018,0.82,0.0,0.0,pix
real_001_s001_2026-05-18_16-38-02-358,001,001,1,044,044.jpg,507,31.174969,1779115113.53444,8.433333,36.0,-394.0,0.0,0.0,2940,1912,1.076018,0.82,0.0,0.0,pix
real_001_s001_2026-05-18_16-38-02-358,001,001,1,044,044.jpg,508,31.191635,1779115113.551107,8.45,36.0,-394.0,0.0,0.0,2940,1912,1.076018,0.82,0.0,0.0,pix
real_001_s001_2026-05-18_16-38-02-358,001,001,1,044,044.jpg,509,31.208302,1779115113.567774,8.466667,36.0,-394.0,0.0,0.0,2940,1912,1.076018,0.82,0.0,0.0,pix
real_001_s001_2026-05-18_16-38-02-358,001,001,1,044,044.jpg,510,31.224969,1779115113.58444,8.483333,36.0,-394.0,0.0,0.0,2940,1912,1.076018,0.82,0.0,0.0,pix
real_001_s001_2026-05-18_16-38-02-358,001,001,1,044,044.jpg,511,31.241635,1779115113.601107,8.5,36.0,-394.0,0.0,0.0,2940,1912,1.076018,0.82,0.0,0.0,pix
real_001_s001_2026-05-18_16-38-02-358,001,001,1,044,044.jpg,512,31.258302,1779115113.617774,8.516667,36.0,-394.0,0.0,0.0,2940,1912,1.076018,0.82,0.0,0.0,pix
real_001_s001_2026-05-18_16-38-02-358,001,001,1,044,044.jpg,513,31.274969,1779115113.63444,8.533333,36.0,-394.0,0.0,0.0,2940,1912,1.076018,0.82,0.0,0.0,pix
real_001_s001_2026-05-18_16-38-02-358,001,001,1,044,044.jpg,514,31.291635,1779115113.651107,8.55,36.0,-394.0,0.0,0.0,2940,1912,1.076018,0.82,0.0,0.0,pix
real_001_s001_2026-05-18_16-38-02-358,001,001,1,044,044.jpg,515,31.308302,1779115113.667773,8.566667,36.0,-394.0,0.0,0.0,2940,1912,1.076018,0.82,0.0,0.0,pix
real_001_s001_2026-05-18_16-38-02-358,001,001,1,044,044.jpg,516,31.324969,1779115113.68444,8.583333,36.0,-394.0,0.0,0.0,2940,1912,1.076018,0.82,0.0,0.0,pix
real_001_s001_2026-05-18_16-38-02-358,001,001,2,045,045.jpg,1,68.374596,1779115150.734156,0.0,36.0,-394.0,0.0,0.0,2940,1912,1.135179,0.82,0.0,0.0,pix
real_001_s001_2026-05-18_16-38-02-358,001,001,2,045,045.jpg,2,68.391263,1779115150.750823,0.016667,36.0,-394.0,0.0,0.0,2940,1912,1.135179,0.82,0.0,0.0,pix
real_001_s001_2026-05-18_16-38-02-358,001,001,2,045,045.jpg,3,68.407929,1779115150.767489,0.033333,36.0,-394.0,0.0,0.0,2940,1912,1.135179,0.82,0.0,0.0,pix
real_001_s001_2026-05-18_16-38-02-358,001,001,2,045,045.jpg,4,68.424596,1779115150.784156,0.05,36.0,-394.0,0.0,0.0,2940,1912,1.135179,0.82,0.0,0.0,pix
real_001_s001_2026-05-18_16-38-02-358,001,001,2,045,045.jpg,5,68.441263,1779115150.800823,0.066667,36.0,-394.0,0.0,0.0,2940,1912,1.135179,0.82,0.0,0.0,pix
real_001_s001_2026-05-18_16-38-02-358,001,001,2,045,045.jpg,6,68.457929,1779115150.817489,0.083333,36.0,-394.0,0.0,0.0,2940,1912,1.135179,0.82,0.0,0.0,pix
real_001_s001_2026-05-18_16-38-02-358,001,001,2,045,045.jpg,7,68.474596,1779115150.834156,0.1,36.0,-394.0,0.0,0.0,2940,1912,1.135179,0.82,0.0,0.0,pix
real_001_s001_2026-05-18_16-38-02-358,001,001,2,045,045.jpg,8,68.491263,1779115150.850823,0.116667,36.0,-394.0,0.0,0.0,2940,1912,1.135179,0.82,0.0,0.0,pix
real_001_s001_2026-05-18_16-38-02-358,001,001,2,045,045.jpg,9,68.507929,1779115150.86749,0.133333,36.0,-394.0,0.0,0.0,2940,1912,1.135179,0.82,0.0,0.0,pix
real_001_s001_2026-05-18_16-38-02-358,001,001,2,045,045.jpg,10,68.524596,1779115150.884156,0.15,36.0,-394.0,0.0,0.0,2940,1912,1.135179,0.82,0.0,0.0,pix
real_001_s001_2026-05-18_16-38-02-358,001,001,2,045,045.jpg,11,68.541263,1779115150.900823,0.166667,36.0,-394.0,0.0,0.0,2940,1912,1.135179,0.82,0.0,0.0,pix
real_001_s001_2026-05-18_16-38-02-358,001,001,2,045,045.jpg,12,68.557929,1779115150.91749,0.183333,36.0,-394.0,0.0,0.0,2940,1912,1.135179,0.82,0.0,0.0,pix
real_001_s001_2026-05-18_16-38-02-358,001,001,2,045,045.jpg,13,68.574596,1779115150.934156,0.2,36.0,-394.0,0.0,0.0,2940,1912,1.135179,0.82,0.0,0.0,pix
real_001_s001_2026-05-18_16-38-02-358,001,001,2,045,045.jpg,14,68.591263,1779115150.950823,0.216667,36.0,-394.0,0.0,0.0,2940,1912,1.135179,0.82,0.0,0.0,pix
real_001_s001_2026-05-18_16-38-02-358,001,001,2,045,045.jpg,15,68.607929,1779115150.967489,0.233333,36.0,-394.0,0.0,0.0,2940,1912,1.135179,0.82,0.0,0.0,pix
real_001_s001_2026-05-18_16-38-02-358,001,001,2,045,045.jpg,16,68.624596,1779115150.984156,0.25,36.0,-394.0,0.0,0.0,2940,1912,1.135179,0.82,0.0,0.0,pix
real_001_s001_2026-05-18_16-38-02-358,001,001,2,045,045.jpg,17,68.641263,1779115151.000823,0.266667,36.0,-394.0,0.0,0.0,2940,1912,1.135179,0.82,0.0,0.0,pix
real_001_s001_2026-05-18_16-38-02-358,001,001,2,045,045.jpg,18,68.657929,1779115151.017489,0.283333,36.0,-394.0,0.0,0.0,2940,1912,1.135179,0.82,0.0,0.0,pix
real_001_s001_2026-05-18_16-38-02-358,001,001,2,045,045.jpg,19,68.674596,1779115151.034156,0.3,36.0,-394.0,0.0,0.0,2940,1912,1.135179,0.82,0.0,0.0,pix
real_001_s001_2026-05-18_16-38-02-358,001,001,2,045,045.jpg,20,68.691263,1779115151.050823,0.316667,36.0,-394.0,0.0,0.0,2940,1912,1.135179,0.82,0.0,0.0,pix
real_001_s001_2026-05-18_16-38-02-358,001,001,2,045,045.jpg,21,68.707929,1779115151.067489,0.333333,36.0,-394.0,0.0,0.0,2940,1912,1.135179,0.82,0.0,0.0,pix
real_001_s001_2026-05-18_16-38-02-358,001,001,2,045,045.jpg,22,68.724596,1779115151.084156,0.35,36.0,-394.0,0.0,0.0,2940,1912,1.135179,0.82,0.0,0.0,pix
real_001_s001_2026-05-18_16-38-02-358,001,001,2,045,045.jpg,23,68.741263,1779115151.100823,0.366667,36.0,-394.0,0.0,0.0,2940,1912,1.135179,0.82,0.0,0.0,pix
real_001_s001_2026-05-18_16-38-02-358,001,001,2,045,045.jpg,24,68.757929,1779115151.11749,0.383333,36.0,-394.0,0.0,0.0,2940,1912,1.135179,0.82,0.0,0.0,pix
real_001_s001_2026-05-18_16-38-02-358,001,001,2,045,045.jpg,25,68.774596,1779115151.134156,0.4,36.0,-394.0,0.0,0.0,2940,1912,1.135179,0.82,0.0,0.0,pix
real_001_s001_2026-05-18_16-38-02-358,001,001,2,045,045.jpg,26,68.791263,1779115151.150823,0.416667,36.0,-394.0,0.0,0.0,2940,1912,1.135179,0.82,0.0,0.0,pix
real_001_s001_2026-05-18_16-38-02-358,001,001,2,045,045.jpg,27,68.807929,1779115151.16749,0.433333,36.0,-394.0,0.0,0.0,2940,1912,1.135179,0.82,0.0,0.0,pix
real_001_s001_2026-05-18_16-38-02-358,001,001,2,045,045.jpg,28,68.824596,1779115151.184156,0.45,36.0,-394.0,0.0,0.0,2940,1912,1.135179,0.82,0.0,0.0,pix
real_001_s001_2026-05-18_16-38-02-358,001,001,2,045,045.jpg,29,68.841263,1779115151.200823,0.466667,36.0,-394.0,0.0,0.0,2940,1912,1.135179,0.82,0.0,0.0,pix
real_001_s001_2026-05-18_16-38-02-358,001,001,2,045,045.jpg,30,68.857929,1779115151.217489,0.483333,36.0,-394.0,0.0,0.0,2940,1912,1.135179,0.82,0.0,0.0,pix
real_001_s001_2026-05-18_16-38-02-358,001,001,2,045,045.jpg,31,68.874596,1779115151.234156,0.5,36.0,-394.0,0.0,0.0,2940,1912,1.135179,0.82,0.0,0.0,pix
real_001_s001_2026-05-18_16-38-02-358,001,001,2,045,045.jpg,32,68.891263,1779115151.250823,0.516667,36.0,-394.0,0.0,0.0,2940,1912,1.135179,0.82,0.0,0.0,pix
real_001_s001_2026-05-18_16-38-02-358,001,001,2,045,045.jpg,33,68.907929,1779115151.267489,0.533333,36.0,-394.0,0.0,0.0,2940,1912,1.135179,0.82,0.0,0.0,pix
real_001_s001_2026-05-18_16-38-02-358,001,001,2,045,045.jpg,34,68.924596,1779115151.284156,0.55,36.0,-394.0,0.0,0.0,2940,1912,1.135179,0.82,0.0,0.0,pix
real_001_s001_2026-05-18_16-38-02-358,001,001,2,045,045.jpg,35,68.941263,1779115151.300823,0.566667,36.0,-394.0,0.0,0.0,2940,1912,1.135179,0.82,0.0,0.0,pix
real_001_s001_2026-05-18_16-38-02-358,001,001,2,045,045.jpg,36,68.957929,1779115151.317489,0.583333,36.0,-394.0,0.0,0.0,2940,1912,1.135179,0.82,0.0,0.0,pix
real_001_s001_2026-05-18_16-38-02-358,001,001,2,045,045.jpg,37,68.974596,1779115151.334156,0.6,36.0,-394.0,0.0,0.0,2940,1912,1.135179,0.82,0.0,0.0,pix
real_001_s001_2026-05-18_16-38-02-358,001,001,2,045,045.jpg,38,68.991263,1779115151.350823,0.616667,36.0,-394.0,0.0,0.0,2940,1912,1.135179,0.82,0.0,0.0,pix
real_001_s001_2026-05-18_16-38-02-358,001,001,2,045,045.jpg,39,69.007929,1779115151.36749,0.633333,36.0,-394.0,0.0,0.0,2940,1912,1.135179,0.82,0.0,0.0,pix
real_001_s001_2026-05-18_16-38-02-358,001,001,2,045,045.jpg,40,69.024596,1779115151.384156,0.65,36.0,-394.0,0.0,0.0,2940,1912,1.135179,0.82,0.0,0.0,pix
real_001_s001_2026-05-18_16-38-02-358,001,001,2,045,045.jpg,41,69.041263,1779115151.400823,0.666667,36.0,-394.0,0.0,0.0,2940,1912,1.135179,0.82,0.0,0.0,pix
real_001_s001_2026-05-18_16-38-02-358,001,001,2,045,045.jpg,42,69.057929,1779115151.41749,0.683333,36.0,-394.0,0.0,0.0,2940,1912,1.135179,0.82,0.0,0.0,pix
real_001_s001_2026-05-18_16-38-02-358,001,001,2,045,045.jpg,43,69.074596,1779115151.434156,0.7,36.0,-394.0,0.0,0.0,2940,1912,1.135179,0.82,0.0,0.0,pix
real_001_s001_2026-05-18_16-38-02-358,001,001,2,045,045.jpg,44,69.091263,1779115151.450823,0.716667,36.0,-394.0,0.0,0.0,2940,1912,1.135179,0.82,0.0,0.0,pix
real_001_s001_2026-05-18_16-38-02-358,001,001,2,045,045.jpg,45,69.107929,1779115151.467489,0.733333,36.0,-394.0,0.0,0.0,2940,1912,1.135179,0.82,0.0,0.0,pix
real_001_s001_2026-05-18_16-38-02-358,001,001,2,045,045.jpg,46,69.124596,1779115151.484156,0.75,36.0,-394.0,0.0,0.0,2940,1912,1.135179,0.82,0.0,0.0,pix
real_001_s001_2026-05-18_16-38-02-358,001,001,2,045,045.jpg,47,69.141263,1779115151.500823,0.766667,36.0,-394.0,0.0,0.0,2940,1912,1.135179,0.82,0.0,0.0,pix
real_001_s001_2026-05-18_16-38-02-358,001,001,2,045,045.jpg,48,69.157929,1779115151.517489,0.783333,36.0,-394.0,0.0,0.0,2940,1912,1.135179,0.82,0.0,0.0,pix
real_001_s001_2026-05-18_16-38-02-358,001,001,2,045,045.jpg,49,69.174596,1779115151.534156,0.8,36.0,-394.0,0.0,0.0,2940,1912,1.135179,0.82,0.0,0.0,pix
real_001_s001_2026-05-18_16-38-02-358,001,001,2,045,045.jpg,50,69.191263,1779115151.550823,0.816667,36.0,-394.0,0.0,0.0,2940,1912,1.135179,0.82,0.0,0.0,pix
real_001_s001_2026-05-18_16-38-02-358,001,001,2,045,045.jpg,51,69.207929,1779115151.567489,0.833333,36.0,-394.0,0.0,0.0,2940,1912,1.135179,0.82,0.0,0.0,pix
real_001_s001_2026-05-18_16-38-02-358,001,001,2,045,045.jpg,52,69.224596,1779115151.584156,0.85,36.0,-394.0,0.0,0.0,2940,1912,1.135179,0.82,0.0,0.0,pix
real_001_s001_2026-05-18_16-38-02-358,001,001,2,045,045.jpg,53,69.241263,1779115151.600823,0.866667,36.0,-394.0,0.0,0.0,2940,1912,1.135179,0.82,0.0,0.0,pix
real_001_s001_2026-05-18_16-38-02-358,001,001,2,045,045.jpg,54,69.257929,1779115151.61749,0.883333,36.0,-394.0,0.0,0.0,2940,1912,1.135179,0.82,0.0,0.0,pix
real_001_s001_2026-05-18_16-38-02-358,001,001,2,045,045.jpg,55,69.274596,1779115151.634156,0.9,36.0,-394.0,0.0,0.0,2940,1912,1.135179,0.82,0.0,0.0,pix
real_001_s001_2026-05-18_16-38-02-358,001,001,2,045,045.jpg,56,69.291263,1779115151.650823,0.916667,36.0,-394.0,0.0,0.0,2940,1912,1.135179,0.82,0.0,0.0,pix
real_001_s001_2026-05-18_16-38-02-358,001,001,2,045,045.jpg,57,69.307929,1779115151.66749,0.933333,36.0,-394.0,0.0,0.0,2940,1912,1.135179,0.82,0.0,0.0,pix
real_001_s001_2026-05-18_16-38-02-358,001,001,2,045,045.jpg,58,69.324596,1779115151.684156,0.95,36.0,-394.0,0.0,0.0,2940,1912,1.135179,0.82,0.0,0.0,pix
real_001_s001_2026-05-18_16-38-02-358,001,001,2,045,045.jpg,59,69.341263,1779115151.700823,0.966667,36.0,-394.0,0.0,0.0,2940,1912,1.135179,0.82,0.0,0.0,pix
real_001_s001_2026-05-18_16-38-02-358,001,001,2,045,045.jpg,60,69.357929,1779115151.717489,0.983333,36.0,-394.0,0.0,0.0,2940,1912,1.135179,0.82,0.0,0.0,pix
real_001_s001_2026-05-18_16-38-02-358,001,001,2,045,045.jpg,61,69.374596,1779115151.734156,1.0,36.0,-394.0,0.0,0.0,2940,1912,1.135179,0.82,0.0,0.0,pix
real_001_s001_2026-05-18_16-38-02-358,001,001,2,045,045.jpg,62,69.391263,1779115151.750823,1.016667,36.0,-394.0,0.0,0.0,2940,1912,1.135179,0.82,0.0,0.0,pix
real_001_s001_2026-05-18_16-38-02-358,001,001,2,045,045.jpg,63,69.407929,1779115151.767489,1.033333,36.0,-394.0,0.0,0.0,2940,1912,1.135179,0.82,0.0,0.0,pix
real_001_s001_2026-05-18_16-38-02-358,001,001,2,045,045.jpg,64,69.424596,1779115151.784156,1.05,36.0,-394.0,0.0,0.0,2940,1912,1.135179,0.82,0.0,0.0,pix
real_001_s001_2026-05-18_16-38-02-358,001,001,2,045,045.jpg,65,69.441263,1779115151.800823,1.066667,36.0,-394.0,0.0,0.0,2940,1912,1.135179,0.82,0.0,0.0,pix
real_001_s001_2026-05-18_16-38-02-358,001,001,2,045,045.jpg,66,69.457929,1779115151.817489,1.083333,36.0,-394.0,0.0,0.0,2940,1912,1.135179,0.82,0.0,0.0,pix
real_001_s001_2026-05-18_16-38-02-358,001,001,2,045,045.jpg,67,69.474596,1779115151.834156,1.1,36.0,-394.0,0.0,0.0,2940,1912,1.135179,0.82,0.0,0.0,pix
real_001_s001_2026-05-18_16-38-02-358,001,001,2,045,045.jpg,68,69.491263,1779115151.850823,1.116667,36.0,-394.0,0.0,0.0,2940,1912,1.135179,0.82,0.0,0.0,pix
real_001_s001_2026-05-18_16-38-02-358,001,001,2,045,045.jpg,69,69.507929,1779115151.86749,1.133333,36.0,-394.0,0.0,0.0,2940,1912,1.135179,0.82,0.0,0.0,pix
real_001_s001_2026-05-18_16-38-02-358,001,001,2,045,045.jpg,70,69.524596,1779115151.884156,1.15,36.0,-394.0,0.0,0.0,2940,1912,1.135179,0.82,0.0,0.0,pix
real_001_s001_2026-05-18_16-38-02-358,001,001,2,045,045.jpg,71,69.541263,1779115151.900823,1.166667,36.0,-394.0,0.0,0.0,2940,1912,1.135179,0.82,0.0,0.0,pix
real_001_s001_2026-05-18_16-38-02-358,001,001,2,045,045.jpg,72,69.557929,1779115151.91749,1.183333,36.0,-394.0,0.0,0.0,2940,1912,1.135179,0.82,0.0,0.0,pix
real_001_s001_2026-05-18_16-38-02-358,001,001,2,045,045.jpg,73,69.574596,1779115151.934156,1.2,36.0,-394.0,0.0,0.0,2940,1912,1.135179,0.82,0.0,0.0,pix
real_001_s001_2026-05-18_16-38-02-358,001,001,2,045,045.jpg,74,69.591263,1779115151.950823,1.216667,36.0,-394.0,0.0,0.0,2940,1912,1.135179,0.82,0.0,0.0,pix
real_001_s001_2026-05-18_16-38-02-358,001,001,2,045,045.jpg,75,69.607929,1779115151.967489,1.233333,36.0,-394.0,0.0,0.0,2940,1912,1.135179,0.82,0.0,0.0,pix
real_001_s001_2026-05-18_16-38-02-358,001,001,2,045,045.jpg,76,69.624596,1779115151.984156,1.25,36.0,-394.0,0.0,0.0,2940,1912,1.135179,0.82,0.0,0.0,pix
real_001_s001_2026-05-18_16-38-02-358,001,001,2,045,045.jpg,77,69.641263,1779115152.000823,1.266667,36.0,-394.0,0.0,0.0,2940,1912,1.135179,0.82,0.0,0.0,pix
real_001_s001_2026-05-18_16-38-02-358,001,001,2,045,045.jpg,78,69.657929,1779115152.017489,1.283333,36.0,-394.0,0.0,0.0,2940,1912,1.135179,0.82,0.0,0.0,pix
real_001_s001_2026-05-18_16-38-02-358,001,001,2,045,045.jpg,79,69.674596,1779115152.034156,1.3,36.0,-394.0,0.0,0.0,2940,1912,1.135179,0.82,0.0,0.0,pix
real_001_s001_2026-05-18_16-38-02-358,001,001,2,045,045.jpg,80,69.691263,1779115152.050823,1.316667,36.0,-394.0,0.0,0.0,2940,1912,1.135179,0.82,0.0,0.0,pix
real_001_s001_2026-05-18_16-38-02-358,001,001,2,045,045.jpg,81,69.707929,1779115152.067489,1.333333,36.0,-394.0,0.0,0.0,2940,1912,1.135179,0.82,0.0,0.0,pix
real_001_s001_2026-05-18_16-38-02-358,001,001,2,045,045.jpg,82,69.724596,1779115152.084156,1.35,36.0,-394.0,0.0,0.0,2940,1912,1.135179,0.82,0.0,0.0,pix
real_001_s001_2026-05-18_16-38-02-358,001,001,2,045,045.jpg,83,69.741263,1779115152.100823,1.366667,36.0,-394.0,0.0,0.0,2940,1912,1.135179,0.82,0.0,0.0,pix
real_001_s001_2026-05-18_16-38-02-358,001,001,2,045,045.jpg,84,69.757929,1779115152.11749,1.383333,36.0,-394.0,0.0,0.0,2940,1912,1.135179,0.82,0.0,0.0,pix
real_001_s001_2026-05-18_16-38-02-358,001,001,2,045,045.jpg,85,69.774596,1779115152.134156,1.4,36.0,-394.0,0.0,0.0,2940,1912,1.135179,0.82,0.0,0.0,pix
real_001_s001_2026-05-18_16-38-02-358,001,001,2,045,045.jpg,86,69.791263,1779115152.150823,1.416667,36.0,-394.0,0.0,0.0,2940,1912,1.135179,0.82,0.0,0.0,pix
real_001_s001_2026-05-18_16-38-02-358,001,001,2,045,045.jpg,87,69.807929,1779115152.16749,1.433333,36.0,-394.0,0.0,0.0,2940,1912,1.135179,0.82,0.0,0.0,pix
real_001_s001_2026-05-18_16-38-02-358,001,001,2,045,045.jpg,88,69.824596,1779115152.184156,1.45,36.0,-394.0,0.0,0.0,2940,1912,1.135179,0.82,0.0,0.0,pix
real_001_s001_2026-05-18_16-38-02-358,001,001,2,045,045.jpg,89,69.841263,1779115152.200823,1.466667,36.0,-394.0,0.0,0.0,2940,1912,1.135179,0.82,0.0,0.0,pix
real_001_s001_2026-05-18_16-38-02-358,001,001,2,045,045.jpg,90,69.857929,1779115152.217489,1.483333,36.0,-394.0,0.0,0.0,2940,1912,1.135179,0.82,0.0,0.0,pix
real_001_s001_2026-05-18_16-38-02-358,001,001,2,045,045.jpg,91,69.874596,1779115152.234156,1.5,36.0,-394.0,0.0,0.0,2940,1912,1.135179,0.82,0.0,0.0,pix
real_001_s001_2026-05-18_16-38-02-358,001,001,2,045,045.jpg,92,69.891263,1779115152.250823,1.516667,36.0,-394.0,0.0,0.0,2940,1912,1.135179,0.82,0.0,0.0,pix
real_001_s001_2026-05-18_16-38-02-358,001,001,2,045,045.jpg,93,69.907929,1779115152.267489,1.533333,36.0,-394.0,0.0,0.0,2940,1912,1.135179,0.82,0.0,0.0,pix
real_001_s001_2026-05-18_16-38-02-358,001,001,2,045,045.jpg,94,69.924596,1779115152.284156,1.55,36.0,-394.0,0.0,0.0,2940,1912,1.135179,0.82,0.0,0.0,pix
real_001_s001_2026-05-18_16-38-02-358,001,001,2,045,045.jpg,95,69.941263,1779115152.300823,1.566667,36.0,-394.0,0.0,0.0,2940,1912,1.135179,0.82,0.0,0.0,pix
real_001_s001_2026-05-18_16-38-02-358,001,001,2,045,045.jpg,96,69.957929,1779115152.317489,1.583333,36.0,-394.0,0.0,0.0,2940,1912,1.135179,0.82,0.0,0.0,pix
real_001_s001_2026-05-18_16-38-02-358,001,001,2,045,045.jpg,97,69.974596,1779115152.334156,1.6,36.0,-394.0,0.0,0.0,2940,1912,1.135179,0.82,0.0,0.0,pix
real_001_s001_2026-05-18_16-38-02-358,001,001,2,045,045.jpg,98,69.991263,1779115152.350823,1.616667,36.0,-394.0,0.0,0.0,2940,1912,1.135179,0.82,0.0,0.0,pix
real_001_s001_2026-05-18_16-38-02-358,001,001,2,045,045.jpg,99,70.007929,1779115152.36749,1.633333,36.0,-394.0,0.0,0.0,2940,1912,1.135179,0.82,0.0,0.0,pix
real_001_s001_2026-05-18_16-38-02-358,001,001,2,045,045.jpg,100,70.024596,1779115152.384156,1.65,36.0,-394.0,0.0,0.0,2940,1912,1.135179,0.82,0.0,0.0,pix
real_001_s001_2026-05-18_16-38-02-358,001,001,2,045,045.jpg,101,70.041263,1779115152.400823,1.666667,36.0,-394.0,0.0,0.0,2940,1912,1.135179,0.82,0.0,0.0,pix
real_001_s001_2026-05-18_16-38-02-358,001,001,2,045,045.jpg,102,70.057929,1779115152.41749,1.683333,36.0,-394.0,0.0,0.0,2940,1912,1.135179,0.82,0.0,0.0,pix
real_001_s001_2026-05-18_16-38-02-358,001,001,2,045,045.jpg,103,70.074596,1779115152.434156,1.7,36.0,-394.0,0.0,0.0,2940,1912,1.135179,0.82,0.0,0.0,pix
real_001_s001_2026-05-18_16-38-02-358,001,001,2,045,045.jpg,104,70.091263,1779115152.450823,1.716667,36.0,-394.0,0.0,0.0,2940,1912,1.135179,0.82,0.0,0.0,pix
real_001_s001_2026-05-18_16-38-02-358,001,001,2,045,045.jpg,105,70.107929,1779115152.467489,1.733333,36.0,-394.0,0.0,0.0,2940,1912,1.135179,0.82,0.0,0.0,pix
real_001_s001_2026-05-18_16-38-02-358,001,001,2,045,045.jpg,106,70.124596,1779115152.484156,1.75,36.0,-394.0,0.0,0.0,2940,1912,1.135179,0.82,0.0,0.0,pix
real_001_s001_2026-05-18_16-38-02-358,001,001,2,045,045.jpg,107,70.141263,1779115152.500823,1.766667,36.0,-394.0,0.0,0.0,2940,1912,1.135179,0.82,0.0,0.0,pix
real_001_s001_2026-05-18_16-38-02-358,001,001,2,045,045.jpg,108,70.157929,1779115152.517489,1.783333,36.0,-394.0,0.0,0.0,2940,1912,1.135179,0.82,0.0,0.0,pix
real_001_s001_2026-05-18_16-38-02-358,001,001,2,045,045.jpg,109,70.174596,1779115152.534156,1.8,36.0,-394.0,0.0,0.0,2940,1912,1.135179,0.82,0.0,0.0,pix
real_001_s001_2026-05-18_16-38-02-358,001,001,2,045,045.jpg,110,70.191263,1779115152.550823,1.816667,36.0,-394.0,0.0,0.0,2940,1912,1.135179,0.82,0.0,0.0,pix
real_001_s001_2026-05-18_16-38-02-358,001,001,2,045,045.jpg,111,70.207929,1779115152.567489,1.833333,36.0,-394.0,0.0,0.0,2940,1912,1.135179,0.82,0.0,0.0,pix
real_001_s001_2026-05-18_16-38-02-358,001,001,2,045,045.jpg,112,70.224596,1779115152.584156,1.85,36.0,-394.0,0.0,0.0,2940,1912,1.135179,0.82,0.0,0.0,pix
real_001_s001_2026-05-18_16-38-02-358,001,001,2,045,045.jpg,113,70.241263,1779115152.600823,1.866667,36.0,-394.0,0.0,0.0,2940,1912,1.135179,0.82,0.0,0.0,pix
real_001_s001_2026-05-18_16-38-02-358,001,001,2,045,045.jpg,114,70.257929,1779115152.61749,1.883333,36.0,-394.0,0.0,0.0,2940,1912,1.135179,0.82,0.0,0.0,pix
real_001_s001_2026-05-18_16-38-02-358,001,001,2,045,045.jpg,115,70.274596,1779115152.634156,1.9,36.0,-394.0,0.0,0.0,2940,1912,1.135179,0.82,0.0,0.0,pix
real_001_s001_2026-05-18_16-38-02-358,001,001,2,045,045.jpg,116,70.291263,1779115152.650823,1.916667,36.0,-394.0,0.0,0.0,2940,1912,1.135179,0.82,0.0,0.0,pix
real_001_s001_2026-05-18_16-38-02-358,001,001,2,045,045.jpg,117,70.307929,1779115152.66749,1.933333,36.0,-394.0,0.0,0.0,2940,1912,1.135179,0.82,0.0,0.0,pix
real_001_s001_2026-05-18_16-38-02-358,001,001,2,045,045.jpg,118,70.324596,1779115152.684156,1.95,36.0,-394.0,0.0,0.0,2940,1912,1.135179,0.82,0.0,0.0,pix
real_001_s001_2026-05-18_16-38-02-358,001,001,2,045,045.jpg,119,70.341263,1779115152.700823,1.966667,36.0,-394.0,0.0,0.0,2940,1912,1.135179,0.82,0.0,0.0,pix
real_001_s001_2026-05-18_16-38-02-358,001,001,2,045,045.jpg,120,70.357929,1779115152.717489,1.983333,36.0,-394.0,0.0,0.0,2940,1912,1.135179,0.82,0.0,0.0,pix
real_001_s001_2026-05-18_16-38-02-358,001,001,2,045,045.jpg,121,70.374596,1779115152.734156,2.0,36.0,-394.0,0.0,0.0,2940,1912,1.135179,0.82,0.0,0.0,pix
real_001_s001_2026-05-18_16-38-02-358,001,001,2,045,045.jpg,122,70.391263,1779115152.750823,2.016667,36.0,-394.0,0.0,0.0,2940,1912,1.135179,0.82,0.0,0.0,pix
real_001_s001_2026-05-18_16-38-02-358,001,001,2,045,045.jpg,123,70.407929,1779115152.767489,2.033333,36.0,-394.0,0.0,0.0,2940,1912,1.135179,0.82,0.0,0.0,pix
real_001_s001_2026-05-18_16-38-02-358,001,001,2,045,045.jpg,124,70.424596,1779115152.784156,2.05,36.0,-394.0,0.0,0.0,2940,1912,1.135179,0.82,0.0,0.0,pix
real_001_s001_2026-05-18_16-38-02-358,001,001,2,045,045.jpg,125,70.441263,1779115152.800823,2.066667,36.0,-394.0,0.0,0.0,2940,1912,1.135179,0.82,0.0,0.0,pix
real_001_s001_2026-05-18_16-38-02-358,001,001,2,045,045.jpg,126,70.457929,1779115152.817489,2.083333,36.0,-394.0,0.0,0.0,2940,1912,1.135179,0.82,0.0,0.0,pix
real_001_s001_2026-05-18_16-38-02-358,001,001,2,045,045.jpg,127,70.474596,1779115152.834156,2.1,36.0,-394.0,0.0,0.0,2940,1912,1.135179,0.82,0.0,0.0,pix
real_001_s001_2026-05-18_16-38-02-358,001,001,2,045,045.jpg,128,70.491263,1779115152.850823,2.116667,36.0,-394.0,0.0,0.0,2940,1912,1.135179,0.82,0.0,0.0,pix
real_001_s001_2026-05-18_16-38-02-358,001,001,2,045,045.jpg,129,70.507929,1779115152.86749,2.133333,36.0,-394.0,0.0,0.0,2940,1912,1.135179,0.82,0.0,0.0,pix
real_001_s001_2026-05-18_16-38-02-358,001,001,2,045,045.jpg,130,70.524596,1779115152.884156,2.15,36.0,-394.0,0.0,0.0,2940,1912,1.135179,0.82,0.0,0.0,pix
real_001_s001_2026-05-18_16-38-02-358,001,001,2,045,045.jpg,131,70.541263,1779115152.900823,2.166667,36.0,-394.0,0.0,0.0,2940,1912,1.135179,0.82,0.0,0.0,pix
real_001_s001_2026-05-18_16-38-02-358,001,001,2,045,045.jpg,132,70.557929,1779115152.91749,2.183333,36.0,-394.0,0.0,0.0,2940,1912,1.135179,0.82,0.0,0.0,pix
real_001_s001_2026-05-18_16-38-02-358,001,001,2,045,045.jpg,133,70.574596,1779115152.934156,2.2,36.0,-394.0,0.0,0.0,2940,1912,1.135179,0.82,0.0,0.0,pix
real_001_s001_2026-05-18_16-38-02-358,001,001,2,045,045.jpg,134,70.591263,1779115152.950823,2.216667,36.0,-394.0,0.0,0.0,2940,1912,1.135179,0.82,0.0,0.0,pix
real_001_s001_2026-05-18_16-38-02-358,001,001,2,045,045.jpg,135,70.607929,1779115152.967489,2.233333,36.0,-394.0,0.0,0.0,2940,1912,1.135179,0.82,0.0,0.0,pix
real_001_s001_2026-05-18_16-38-02-358,001,001,2,045,045.jpg,136,70.624596,1779115152.984156,2.25,36.0,-394.0,0.0,0.0,2940,1912,1.135179,0.82,0.0,0.0,pix
real_001_s001_2026-05-18_16-38-02-358,001,001,2,045,045.jpg,137,70.641263,1779115153.000823,2.266667,36.0,-394.0,0.0,0.0,2940,1912,1.135179,0.82,0.0,0.0,pix
real_001_s001_2026-05-18_16-38-02-358,001,001,2,045,045.jpg,138,70.657929,1779115153.017489,2.283333,36.0,-394.0,0.0,0.0,2940,1912,1.135179,0.82,0.0,0.0,pix
real_001_s001_2026-05-18_16-38-02-358,001,001,2,045,045.jpg,139,70.674596,1779115153.034156,2.3,36.0,-394.0,0.0,0.0,2940,1912,1.135179,0.82,0.0,0.0,pix
real_001_s001_2026-05-18_16-38-02-358,001,001,2,045,045.jpg,140,70.691263,1779115153.050823,2.316667,36.0,-394.0,0.0,0.0,2940,1912,1.135179,0.82,0.0,0.0,pix
real_001_s001_2026-05-18_16-38-02-358,001,001,2,045,045.jpg,141,70.707929,1779115153.067489,2.333333,36.0,-394.0,0.0,0.0,2940,1912,1.135179,0.82,0.0,0.0,pix
real_001_s001_2026-05-18_16-38-02-358,001,001,2,045,045.jpg,142,70.724596,1779115153.084156,2.35,36.0,-394.0,0.0,0.0,2940,1912,1.135179,0.82,0.0,0.0,pix
real_001_s001_2026-05-18_16-38-02-358,001,001,2,045,045.jpg,143,70.741263,1779115153.100823,2.366667,36.0,-394.0,0.0,0.0,2940,1912,1.135179,0.82,0.0,0.0,pix
real_001_s001_2026-05-18_16-38-02-358,001,001,2,045,045.jpg,144,70.757929,1779115153.11749,2.383333,36.0,-394.0,0.0,0.0,2940,1912,1.135179,0.82,0.0,0.0,pix
real_001_s001_2026-05-18_16-38-02-358,001,001,2,045,045.jpg,145,70.774596,1779115153.134156,2.4,36.0,-394.0,0.0,0.0,2940,1912,1.135179,0.82,0.0,0.0,pix
real_001_s001_2026-05-18_16-38-02-358,001,001,2,045,045.jpg,146,70.791263,1779115153.150823,2.416667,36.0,-394.0,0.0,0.0,2940,1912,1.135179,0.82,0.0,0.0,pix
real_001_s001_2026-05-18_16-38-02-358,001,001,2,045,045.jpg,147,70.807929,1779115153.16749,2.433333,36.0,-394.0,0.0,0.0,2940,1912,1.135179,0.82,0.0,0.0,pix
real_001_s001_2026-05-18_16-38-02-358,001,001,2,045,045.jpg,148,70.824596,1779115153.184156,2.45,36.0,-394.0,0.0,0.0,2940,1912,1.135179,0.82,0.0,0.0,pix
real_001_s001_2026-05-18_16-38-02-358,001,001,2,045,045.jpg,149,70.841263,1779115153.200823,2.466667,36.0,-394.0,0.0,0.0,2940,1912,1.135179,0.82,0.0,0.0,pix
real_001_s001_2026-05-18_16-38-02-358,001,001,2,045,045.jpg,150,70.857929,1779115153.217489,2.483333,36.0,-394.0,0.0,0.0,2940,1912,1.135179,0.82,0.0,0.0,pix
real_001_s001_2026-05-18_16-38-02-358,001,001,2,045,045.jpg,151,70.874596,1779115153.234156,2.5,36.0,-394.0,0.0,0.0,2940,1912,1.135179,0.82,0.0,0.0,pix
real_001_s001_2026-05-18_16-38-02-358,001,001,2,045,045.jpg,152,70.891263,1779115153.250823,2.516667,36.0,-394.0,0.0,0.0,2940,1912,1.135179,0.82,0.0,0.0,pix
real_001_s001_2026-05-18_16-38-02-358,001,001,2,045,045.jpg,153,70.907929,1779115153.267489,2.533333,36.0,-394.0,0.0,0.0,2940,1912,1.135179,0.82,0.0,0.0,pix
real_001_s001_2026-05-18_16-38-02-358,001,001,2,045,045.jpg,154,70.924596,1779115153.284156,2.55,36.0,-394.0,0.0,0.0,2940,1912,1.135179,0.82,0.0,0.0,pix
real_001_s001_2026-05-18_16-38-02-358,001,001,2,045,045.jpg,155,70.941263,1779115153.300823,2.566667,36.0,-394.0,0.0,0.0,2940,1912,1.135179,0.82,0.0,0.0,pix
real_001_s001_2026-05-18_16-38-02-358,001,001,2,045,045.jpg,156,70.957929,1779115153.317489,2.583333,36.0,-394.0,0.0,0.0,2940,1912,1.135179,0.82,0.0,0.0,pix
real_001_s001_2026-05-18_16-38-02-358,001,001,2,045,045.jpg,157,70.974596,1779115153.334156,2.6,36.0,-394.0,0.0,0.0,2940,1912,1.135179,0.82,0.0,0.0,pix
real_001_s001_2026-05-18_16-38-02-358,001,001,2,045,045.jpg,158,70.991263,1779115153.350823,2.616667,36.0,-394.0,0.0,0.0,2940,1912,1.135179,0.82,0.0,0.0,pix
real_001_s001_2026-05-18_16-38-02-358,001,001,2,045,045.jpg,159,71.007929,1779115153.36749,2.633333,36.0,-394.0,0.0,0.0,2940,1912,1.135179,0.82,0.0,0.0,pix
real_001_s001_2026-05-18_16-38-02-358,001,001,2,045,045.jpg,160,71.024596,1779115153.384156,2.65,36.0,-394.0,0.0,0.0,2940,1912,1.135179,0.82,0.0,0.0,pix
real_001_s001_2026-05-18_16-38-02-358,001,001,2,045,045.jpg,161,71.041263,1779115153.400823,2.666667,36.0,-394.0,0.0,0.0,2940,1912,1.135179,0.82,0.0,0.0,pix
real_001_s001_2026-05-18_16-38-02-358,001,001,2,045,045.jpg,162,71.057929,1779115153.41749,2.683333,36.0,-394.0,0.0,0.0,2940,1912,1.135179,0.82,0.0,0.0,pix
real_001_s001_2026-05-18_16-38-02-358,001,001,2,045,045.jpg,163,71.074596,1779115153.434156,2.7,36.0,-394.0,0.0,0.0,2940,1912,1.135179,0.82,0.0,0.0,pix
real_001_s001_2026-05-18_16-38-02-358,001,001,2,045,045.jpg,164,71.091263,1779115153.450823,2.716667,36.0,-394.0,0.0,0.0,2940,1912,1.135179,0.82,0.0,0.0,pix
real_001_s001_2026-05-18_16-38-02-358,001,001,2,045,045.jpg,165,71.107929,1779115153.467489,2.733333,36.0,-394.0,0.0,0.0,2940,1912,1.135179,0.82,0.0,0.0,pix
real_001_s001_2026-05-18_16-38-02-358,001,001,2,045,045.jpg,166,71.124596,1779115153.484156,2.75,36.0,-394.0,0.0,0.0,2940,1912,1.135179,0.82,0.0,0.0,pix
real_001_s001_2026-05-18_16-38-02-358,001,001,2,045,045.jpg,167,71.141263,1779115153.500823,2.766667,36.0,-394.0,0.0,0.0,2940,1912,1.135179,0.82,0.0,0.0,pix
real_001_s001_2026-05-18_16-38-02-358,001,001,2,045,045.jpg,168,71.157929,1779115153.517489,2.783333,36.0,-394.0,0.0,0.0,2940,1912,1.135179,0.82,0.0,0.0,pix
real_001_s001_2026-05-18_16-38-02-358,001,001,2,045,045.jpg,169,71.174596,1779115153.534156,2.8,36.0,-394.0,0.0,0.0,2940,1912,1.135179,0.82,0.0,0.0,pix
real_001_s001_2026-05-18_16-38-02-358,001,001,2,045,045.jpg,170,71.191263,1779115153.550823,2.816667,36.0,-394.0,0.0,0.0,2940,1912,1.135179,0.82,0.0,0.0,pix
real_001_s001_2026-05-18_16-38-02-358,001,001,2,045,045.jpg,171,71.207929,1779115153.567489,2.833333,36.0,-394.0,0.0,0.0,2940,1912,1.135179,0.82,0.0,0.0,pix
real_001_s001_2026-05-18_16-38-02-358,001,001,2,045,045.jpg,172,71.224596,1779115153.584156,2.85,36.0,-394.0,0.0,0.0,2940,1912,1.135179,0.82,0.0,0.0,pix
real_001_s001_2026-05-18_16-38-02-358,001,001,2,045,045.jpg,173,71.241263,1779115153.600823,2.866667,36.0,-394.0,0.0,0.0,2940,1912,1.135179,0.82,0.0,0.0,pix
real_001_s001_2026-05-18_16-38-02-358,001,001,2,045,045.jpg,174,71.257929,1779115153.61749,2.883333,36.0,-394.0,0.0,0.0,2940,1912,1.135179,0.82,0.0,0.0,pix
real_001_s001_2026-05-18_16-38-02-358,001,001,2,045,045.jpg,175,71.274596,1779115153.634156,2.9,36.0,-394.0,0.0,0.0,2940,1912,1.135179,0.82,0.0,0.0,pix
real_001_s001_2026-05-18_16-38-02-358,001,001,2,045,045.jpg,176,71.291263,1779115153.650823,2.916667,36.0,-394.0,0.0,0.0,2940,1912,1.135179,0.82,0.0,0.0,pix
real_001_s001_2026-05-18_16-38-02-358,001,001,2,045,045.jpg,177,71.307929,1779115153.66749,2.933333,36.0,-394.0,0.0,0.0,2940,1912,1.135179,0.82,0.0,0.0,pix
real_001_s001_2026-05-18_16-38-02-358,001,001,2,045,045.jpg,178,71.324596,1779115153.684156,2.95,36.0,-394.0,0.0,0.0,2940,1912,1.135179,0.82,0.0,0.0,pix
real_001_s001_2026-05-18_16-38-02-358,001,001,2,045,045.jpg,179,71.341263,1779115153.700823,2.966667,36.0,-394.0,0.0,0.0,2940,1912,1.135179,0.82,0.0,0.0,pix
real_001_s001_2026-05-18_16-38-02-358,001,001,2,045,045.jpg,180,71.357929,1779115153.717489,2.983333,36.0,-394.0,0.0,0.0,2940,1912,1.135179,0.82,0.0,0.0,pix
real_001_s001_2026-05-18_16-38-02-358,001,001,2,045,045.jpg,181,71.374596,1779115153.734156,3.0,36.0,-394.0,0.0,0.0,2940,1912,1.135179,0.82,0.0,0.0,pix
real_001_s001_2026-05-18_16-38-02-358,001,001,2,045,045.jpg,182,71.391263,1779115153.750823,3.016667,36.0,-394.0,0.0,0.0,2940,1912,1.135179,0.82,0.0,0.0,pix
real_001_s001_2026-05-18_16-38-02-358,001,001,2,045,045.jpg,183,71.407929,1779115153.767489,3.033333,36.0,-394.0,0.0,0.0,2940,1912,1.135179,0.82,0.0,0.0,pix
real_001_s001_2026-05-18_16-38-02-358,001,001,2,045,045.jpg,184,71.424596,1779115153.784156,3.05,36.0,-394.0,0.0,0.0,2940,1912,1.135179,0.82,0.0,0.0,pix
real_001_s001_2026-05-18_16-38-02-358,001,001,2,045,045.jpg,185,71.441263,1779115153.800823,3.066667,36.0,-394.0,0.0,0.0,2940,1912,1.135179,0.82,0.0,0.0,pix
real_001_s001_2026-05-18_16-38-02-358,001,001,2,045,045.jpg,186,71.457929,1779115153.817489,3.083333,36.0,-394.0,0.0,0.0,2940,1912,1.135179,0.82,0.0,0.0,pix
real_001_s001_2026-05-18_16-38-02-358,001,001,2,045,045.jpg,187,71.474596,1779115153.834156,3.1,36.0,-394.0,0.0,0.0,2940,1912,1.135179,0.82,0.0,0.0,pix
real_001_s001_2026-05-18_16-38-02-358,001,001,2,045,045.jpg,188,71.491263,1779115153.850823,3.116667,36.0,-394.0,0.0,0.0,2940,1912,1.135179,0.82,0.0,0.0,pix
real_001_s001_2026-05-18_16-38-02-358,001,001,2,045,045.jpg,189,71.507929,1779115153.86749,3.133333,36.0,-394.0,0.0,0.0,2940,1912,1.135179,0.82,0.0,0.0,pix
real_001_s001_2026-05-18_16-38-02-358,001,001,2,045,045.jpg,190,71.524596,1779115153.884156,3.15,36.0,-394.0,0.0,0.0,2940,1912,1.135179,0.82,0.0,0.0,pix
real_001_s001_2026-05-18_16-38-02-358,001,001,2,045,045.jpg,191,71.541263,1779115153.900823,3.166667,36.0,-394.0,0.0,0.0,2940,1912,1.135179,0.82,0.0,0.0,pix
real_001_s001_2026-05-18_16-38-02-358,001,001,2,045,045.jpg,192,71.557929,1779115153.91749,3.183333,36.0,-394.0,0.0,0.0,2940,1912,1.135179,0.82,0.0,0.0,pix
real_001_s001_2026-05-18_16-38-02-358,001,001,2,045,045.jpg,193,71.574596,1779115153.934156,3.2,36.0,-394.0,0.0,0.0,2940,1912,1.135179,0.82,0.0,0.0,pix
real_001_s001_2026-05-18_16-38-02-358,001,001,2,045,045.jpg,194,71.591263,1779115153.950823,3.216667,36.0,-394.0,0.0,0.0,2940,1912,1.135179,0.82,0.0,0.0,pix
real_001_s001_2026-05-18_16-38-02-358,001,001,2,045,045.jpg,195,71.607929,1779115153.967489,3.233333,36.0,-394.0,0.0,0.0,2940,1912,1.135179,0.82,0.0,0.0,pix
real_001_s001_2026-05-18_16-38-02-358,001,001,2,045,045.jpg,196,71.624596,1779115153.984156,3.25,36.0,-394.0,0.0,0.0,2940,1912,1.135179,0.82,0.0,0.0,pix
real_001_s001_2026-05-18_16-38-02-358,001,001,2,045,045.jpg,197,71.641263,1779115154.000823,3.266667,36.0,-394.0,0.0,0.0,2940,1912,1.135179,0.82,0.0,0.0,pix
real_001_s001_2026-05-18_16-38-02-358,001,001,2,045,045.jpg,198,71.657929,1779115154.017489,3.283333,36.0,-394.0,0.0,0.0,2940,1912,1.135179,0.82,0.0,0.0,pix
real_001_s001_2026-05-18_16-38-02-358,001,001,2,045,045.jpg,199,71.674596,1779115154.034156,3.3,36.0,-394.0,0.0,0.0,2940,1912,1.135179,0.82,0.0,0.0,pix
real_001_s001_2026-05-18_16-38-02-358,001,001,2,045,045.jpg,200,71.691263,1779115154.050823,3.316667,36.0,-394.0,0.0,0.0,2940,1912,1.135179,0.82,0.0,0.0,pix
real_001_s001_2026-05-18_16-38-02-358,001,001,2,045,045.jpg,201,71.707929,1779115154.067489,3.333333,36.0,-394.0,0.0,0.0,2940,1912,1.135179,0.82,0.0,0.0,pix
real_001_s001_2026-05-18_16-38-02-358,001,001,2,045,045.jpg,202,71.724596,1779115154.084156,3.35,36.0,-394.0,0.0,0.0,2940,1912,1.135179,0.82,0.0,0.0,pix
real_001_s001_2026-05-18_16-38-02-358,001,001,2,045,045.jpg,203,71.741263,1779115154.100823,3.366667,36.0,-394.0,0.0,0.0,2940,1912,1.135179,0.82,0.0,0.0,pix
real_001_s001_2026-05-18_16-38-02-358,001,001,2,045,045.jpg,204,71.757929,1779115154.11749,3.383333,36.0,-394.0,0.0,0.0,2940,1912,1.135179,0.82,0.0,0.0,pix
real_001_s001_2026-05-18_16-38-02-358,001,001,2,045,045.jpg,205,71.774596,1779115154.134156,3.4,36.0,-394.0,0.0,0.0,2940,1912,1.135179,0.82,0.0,0.0,pix
real_001_s001_2026-05-18_16-38-02-358,001,001,2,045,045.jpg,206,71.791263,1779115154.150823,3.416667,36.0,-394.0,0.0,0.0,2940,1912,1.135179,0.82,0.0,0.0,pix
real_001_s001_2026-05-18_16-38-02-358,001,001,2,045,045.jpg,207,71.807929,1779115154.16749,3.433333,36.0,-394.0,0.0,0.0,2940,1912,1.135179,0.82,0.0,0.0,pix
real_001_s001_2026-05-18_16-38-02-358,001,001,2,045,045.jpg,208,71.824596,1779115154.184156,3.45,36.0,-394.0,0.0,0.0,2940,1912,1.135179,0.82,0.0,0.0,pix
real_001_s001_2026-05-18_16-38-02-358,001,001,2,045,045.jpg,209,71.841263,1779115154.200823,3.466667,36.0,-394.0,0.0,0.0,2940,1912,1.135179,0.82,0.0,0.0,pix
real_001_s001_2026-05-18_16-38-02-358,001,001,2,045,045.jpg,210,71.857929,1779115154.217489,3.483333,36.0,-394.0,0.0,0.0,2940,1912,1.135179,0.82,0.0,0.0,pix
real_001_s001_2026-05-18_16-38-02-358,001,001,2,045,045.jpg,211,71.874596,1779115154.234156,3.5,36.0,-394.0,0.0,0.0,2940,1912,1.135179,0.82,0.0,0.0,pix
real_001_s001_2026-05-18_16-38-02-358,001,001,2,045,045.jpg,212,71.891263,1779115154.250823,3.516667,36.0,-394.0,0.0,0.0,2940,1912,1.135179,0.82,0.0,0.0,pix
real_001_s001_2026-05-18_16-38-02-358,001,001,2,045,045.jpg,213,71.907929,1779115154.267489,3.533333,36.0,-394.0,0.0,0.0,2940,1912,1.135179,0.82,0.0,0.0,pix
real_001_s001_2026-05-18_16-38-02-358,001,001,2,045,045.jpg,214,71.924596,1779115154.284156,3.55,36.0,-394.0,0.0,0.0,2940,1912,1.135179,0.82,0.0,0.0,pix
real_001_s001_2026-05-18_16-38-02-358,001,001,2,045,045.jpg,215,71.941263,1779115154.300823,3.566667,36.0,-394.0,0.0,0.0,2940,1912,1.135179,0.82,0.0,0.0,pix
real_001_s001_2026-05-18_16-38-02-358,001,001,2,045,045.jpg,216,71.957929,1779115154.317489,3.583333,36.0,-394.0,0.0,0.0,2940,1912,1.135179,0.82,0.0,0.0,pix
real_001_s001_2026-05-18_16-38-02-358,001,001,2,045,045.jpg,217,71.974596,1779115154.334156,3.6,36.0,-394.0,0.0,0.0,2940,1912,1.135179,0.82,0.0,0.0,pix
real_001_s001_2026-05-18_16-38-02-358,001,001,2,045,045.jpg,218,71.991263,1779115154.350823,3.616667,36.0,-394.0,0.0,0.0,2940,1912,1.135179,0.82,0.0,0.0,pix
real_001_s001_2026-05-18_16-38-02-358,001,001,2,045,045.jpg,219,72.007929,1779115154.36749,3.633333,36.0,-394.0,0.0,0.0,2940,1912,1.135179,0.82,0.0,0.0,pix
real_001_s001_2026-05-18_16-38-02-358,001,001,2,045,045.jpg,220,72.024596,1779115154.384156,3.65,36.0,-394.0,0.0,0.0,2940,1912,1.135179,0.82,0.0,0.0,pix
real_001_s001_2026-05-18_16-38-02-358,001,001,2,045,045.jpg,221,72.041263,1779115154.400823,3.666667,36.0,-394.0,0.0,0.0,2940,1912,1.135179,0.82,0.0,0.0,pix
real_001_s001_2026-05-18_16-38-02-358,001,001,2,045,045.jpg,222,72.057929,1779115154.41749,3.683333,36.0,-394.0,0.0,0.0,2940,1912,1.135179,0.82,0.0,0.0,pix
real_001_s001_2026-05-18_16-38-02-358,001,001,2,045,045.jpg,223,72.074596,1779115154.434156,3.7,36.0,-394.0,0.0,0.0,2940,1912,1.135179,0.82,0.0,0.0,pix
real_001_s001_2026-05-18_16-38-02-358,001,001,2,045,045.jpg,224,72.091263,1779115154.450823,3.716667,36.0,-394.0,0.0,0.0,2940,1912,1.135179,0.82,0.0,0.0,pix
real_001_s001_2026-05-18_16-38-02-358,001,001,2,045,045.jpg,225,72.107929,1779115154.467489,3.733333,36.0,-394.0,0.0,0.0,2940,1912,1.135179,0.82,0.0,0.0,pix
real_001_s001_2026-05-18_16-38-02-358,001,001,2,045,045.jpg,226,72.124596,1779115154.484156,3.75,36.0,-394.0,0.0,0.0,2940,1912,1.135179,0.82,0.0,0.0,pix
real_001_s001_2026-05-18_16-38-02-358,001,001,2,045,045.jpg,227,72.141263,1779115154.500823,3.766667,36.0,-394.0,0.0,0.0,2940,1912,1.135179,0.82,0.0,0.0,pix
real_001_s001_2026-05-18_16-38-02-358,001,001,2,045,045.jpg,228,72.157929,1779115154.517489,3.783333,36.0,-394.0,0.0,0.0,2940,1912,1.135179,0.82,0.0,0.0,pix
real_001_s001_2026-05-18_16-38-02-358,001,001,2,045,045.jpg,229,72.174596,1779115154.534156,3.8,36.0,-394.0,0.0,0.0,2940,1912,1.135179,0.82,0.0,0.0,pix
real_001_s001_2026-05-18_16-38-02-358,001,001,2,045,045.jpg,230,72.191263,1779115154.550823,3.816667,36.0,-394.0,0.0,0.0,2940,1912,1.135179,0.82,0.0,0.0,pix
real_001_s001_2026-05-18_16-38-02-358,001,001,2,045,045.jpg,231,72.207929,1779115154.567489,3.833333,36.0,-394.0,0.0,0.0,2940,1912,1.135179,0.82,0.0,0.0,pix
real_001_s001_2026-05-18_16-38-02-358,001,001,2,045,045.jpg,232,72.224596,1779115154.584156,3.85,36.0,-394.0,0.0,0.0,2940,1912,1.135179,0.82,0.0,0.0,pix
real_001_s001_2026-05-18_16-38-02-358,001,001,2,045,045.jpg,233,72.241263,1779115154.600823,3.866667,36.0,-394.0,0.0,0.0,2940,1912,1.135179,0.82,0.0,0.0,pix
real_001_s001_2026-05-18_16-38-02-358,001,001,2,045,045.jpg,234,72.257929,1779115154.61749,3.883333,36.0,-394.0,0.0,0.0,2940,1912,1.135179,0.82,0.0,0.0,pix
real_001_s001_2026-05-18_16-38-02-358,001,001,2,045,045.jpg,235,72.274596,1779115154.634156,3.9,36.0,-394.0,0.0,0.0,2940,1912,1.135179,0.82,0.0,0.0,pix
real_001_s001_2026-05-18_16-38-02-358,001,001,2,045,045.jpg,236,72.291263,1779115154.650823,3.916667,36.0,-394.0,0.0,0.0,2940,1912,1.135179,0.82,0.0,0.0,pix
real_001_s001_2026-05-18_16-38-02-358,001,001,2,045,045.jpg,237,72.307929,1779115154.66749,3.933333,36.0,-394.0,0.0,0.0,2940,1912,1.135179,0.82,0.0,0.0,pix
real_001_s001_2026-05-18_16-38-02-358,001,001,2,045,045.jpg,238,72.324596,1779115154.684156,3.95,36.0,-394.0,0.0,0.0,2940,1912,1.135179,0.82,0.0,0.0,pix
real_001_s001_2026-05-18_16-38-02-358,001,001,2,045,045.jpg,239,72.341263,1779115154.700823,3.966667,36.0,-394.0,0.0,0.0,2940,1912,1.135179,0.82,0.0,0.0,pix
real_001_s001_2026-05-18_16-38-02-358,001,001,2,045,045.jpg,240,72.357929,1779115154.717489,3.983333,36.0,-394.0,0.0,0.0,2940,1912,1.135179,0.82,0.0,0.0,pix
real_001_s001_2026-05-18_16-38-02-358,001,001,2,045,045.jpg,241,72.374596,1779115154.734156,4.0,36.0,-394.0,0.0,0.0,2940,1912,1.135179,0.82,0.0,0.0,pix
real_001_s001_2026-05-18_16-38-02-358,001,001,2,045,045.jpg,242,72.391263,1779115154.750823,4.016667,36.0,-394.0,0.0,0.0,2940,1912,1.135179,0.82,0.0,0.0,pix
real_001_s001_2026-05-18_16-38-02-358,001,001,2,045,045.jpg,243,72.407929,1779115154.767489,4.033333,36.0,-394.0,0.0,0.0,2940,1912,1.135179,0.82,0.0,0.0,pix
real_001_s001_2026-05-18_16-38-02-358,001,001,2,045,045.jpg,244,72.424596,1779115154.784156,4.05,36.0,-394.0,0.0,0.0,2940,1912,1.135179,0.82,0.0,0.0,pix
real_001_s001_2026-05-18_16-38-02-358,001,001,2,045,045.jpg,245,72.441263,1779115154.800823,4.066667,36.0,-394.0,0.0,0.0,2940,1912,1.135179,0.82,0.0,0.0,pix
real_001_s001_2026-05-18_16-38-02-358,001,001,2,045,045.jpg,246,72.457929,1779115154.817489,4.083333,36.0,-394.0,0.0,0.0,2940,1912,1.135179,0.82,0.0,0.0,pix
real_001_s001_2026-05-18_16-38-02-358,001,001,2,045,045.jpg,247,72.474596,1779115154.834156,4.1,36.0,-394.0,0.0,0.0,2940,1912,1.135179,0.82,0.0,0.0,pix
real_001_s001_2026-05-18_16-38-02-358,001,001,2,045,045.jpg,248,72.491263,1779115154.850823,4.116667,36.0,-394.0,0.0,0.0,2940,1912,1.135179,0.82,0.0,0.0,pix
real_001_s001_2026-05-18_16-38-02-358,001,001,2,045,045.jpg,249,72.507929,1779115154.86749,4.133333,36.0,-394.0,0.0,0.0,2940,1912,1.135179,0.82,0.0,0.0,pix
real_001_s001_2026-05-18_16-38-02-358,001,001,2,045,045.jpg,250,72.524596,1779115154.884156,4.15,36.0,-394.0,0.0,0.0,2940,1912,1.135179,0.82,0.0,0.0,pix
real_001_s001_2026-05-18_16-38-02-358,001,001,2,045,045.jpg,251,72.541263,1779115154.900823,4.166667,36.0,-394.0,0.0,0.0,2940,1912,1.135179,0.82,0.0,0.0,pix
real_001_s001_2026-05-18_16-38-02-358,001,001,2,045,045.jpg,252,72.557929,1779115154.91749,4.183333,36.0,-394.0,0.0,0.0,2940,1912,1.135179,0.82,0.0,0.0,pix
real_001_s001_2026-05-18_16-38-02-358,001,001,2,045,045.jpg,253,72.574596,1779115154.934156,4.2,36.0,-394.0,0.0,0.0,2940,1912,1.135179,0.82,0.0,0.0,pix
real_001_s001_2026-05-18_16-38-02-358,001,001,2,045,045.jpg,254,72.591263,1779115154.950823,4.216667,36.0,-394.0,0.0,0.0,2940,1912,1.135179,0.82,0.0,0.0,pix
real_001_s001_2026-05-18_16-38-02-358,001,001,2,045,045.jpg,255,72.607929,1779115154.967489,4.233333,36.0,-394.0,0.0,0.0,2940,1912,1.135179,0.82,0.0,0.0,pix
real_001_s001_2026-05-18_16-38-02-358,001,001,2,045,045.jpg,256,72.624596,1779115154.984156,4.25,36.0,-394.0,0.0,0.0,2940,1912,1.135179,0.82,0.0,0.0,pix
real_001_s001_2026-05-18_16-38-02-358,001,001,2,045,045.jpg,257,72.641263,1779115155.000823,4.266667,36.0,-394.0,0.0,0.0,2940,1912,1.135179,0.82,0.0,0.0,pix
real_001_s001_2026-05-18_16-38-02-358,001,001,2,045,045.jpg,258,72.657929,1779115155.017489,4.283333,36.0,-394.0,0.0,0.0,2940,1912,1.135179,0.82,0.0,0.0,pix
real_001_s001_2026-05-18_16-38-02-358,001,001,2,045,045.jpg,259,72.674596,1779115155.034156,4.3,36.0,-394.0,0.0,0.0,2940,1912,1.135179,0.82,0.0,0.0,pix
real_001_s001_2026-05-18_16-38-02-358,001,001,2,045,045.jpg,260,72.691263,1779115155.050823,4.316667,36.0,-394.0,0.0,0.0,2940,1912,1.135179,0.82,0.0,0.0,pix
real_001_s001_2026-05-18_16-38-02-358,001,001,2,045,045.jpg,261,72.707929,1779115155.067489,4.333333,36.0,-394.0,0.0,0.0,2940,1912,1.135179,0.82,0.0,0.0,pix
real_001_s001_2026-05-18_16-38-02-358,001,001,2,045,045.jpg,262,72.724596,1779115155.084156,4.35,36.0,-394.0,0.0,0.0,2940,1912,1.135179,0.82,0.0,0.0,pix
real_001_s001_2026-05-18_16-38-02-358,001,001,2,045,045.jpg,263,72.741263,1779115155.100823,4.366667,36.0,-394.0,0.0,0.0,2940,1912,1.135179,0.82,0.0,0.0,pix
real_001_s001_2026-05-18_16-38-02-358,001,001,2,045,045.jpg,264,72.757929,1779115155.11749,4.383333,36.0,-394.0,0.0,0.0,2940,1912,1.135179,0.82,0.0,0.0,pix
real_001_s001_2026-05-18_16-38-02-358,001,001,2,045,045.jpg,265,72.774596,1779115155.134156,4.4,36.0,-394.0,0.0,0.0,2940,1912,1.135179,0.82,0.0,0.0,pix
real_001_s001_2026-05-18_16-38-02-358,001,001,2,045,045.jpg,266,72.791263,1779115155.150823,4.416667,36.0,-394.0,0.0,0.0,2940,1912,1.135179,0.82,0.0,0.0,pix
real_001_s001_2026-05-18_16-38-02-358,001,001,2,045,045.jpg,267,72.807929,1779115155.16749,4.433333,36.0,-394.0,0.0,0.0,2940,1912,1.135179,0.82,0.0,0.0,pix
real_001_s001_2026-05-18_16-38-02-358,001,001,2,045,045.jpg,268,72.824596,1779115155.184156,4.45,36.0,-394.0,0.0,0.0,2940,1912,1.135179,0.82,0.0,0.0,pix
real_001_s001_2026-05-18_16-38-02-358,001,001,2,045,045.jpg,269,72.841263,1779115155.200823,4.466667,36.0,-394.0,0.0,0.0,2940,1912,1.135179,0.82,0.0,0.0,pix
real_001_s001_2026-05-18_16-38-02-358,001,001,2,045,045.jpg,270,72.857929,1779115155.217489,4.483333,36.0,-394.0,0.0,0.0,2940,1912,1.135179,0.82,0.0,0.0,pix
real_001_s001_2026-05-18_16-38-02-358,001,001,2,045,045.jpg,271,72.874596,1779115155.234156,4.5,36.0,-394.0,0.0,0.0,2940,1912,1.135179,0.82,0.0,0.0,pix
real_001_s001_2026-05-18_16-38-02-358,001,001,2,045,045.jpg,272,72.891263,1779115155.250823,4.516667,36.0,-394.0,0.0,0.0,2940,1912,1.135179,0.82,0.0,0.0,pix
real_001_s001_2026-05-18_16-38-02-358,001,001,2,045,045.jpg,273,72.907929,1779115155.267489,4.533333,36.0,-394.0,0.0,0.0,2940,1912,1.135179,0.82,0.0,0.0,pix
real_001_s001_2026-05-18_16-38-02-358,001,001,2,045,045.jpg,274,72.924596,1779115155.284156,4.55,36.0,-394.0,0.0,0.0,2940,1912,1.135179,0.82,0.0,0.0,pix
real_001_s001_2026-05-18_16-38-02-358,001,001,2,045,045.jpg,275,72.941263,1779115155.300823,4.566667,36.0,-394.0,0.0,0.0,2940,1912,1.135179,0.82,0.0,0.0,pix
real_001_s001_2026-05-18_16-38-02-358,001,001,2,045,045.jpg,276,72.957929,1779115155.317489,4.583333,36.0,-394.0,0.0,0.0,2940,1912,1.135179,0.82,0.0,0.0,pix
real_001_s001_2026-05-18_16-38-02-358,001,001,2,045,045.jpg,277,72.974596,1779115155.334156,4.6,36.0,-394.0,0.0,0.0,2940,1912,1.135179,0.82,0.0,0.0,pix
real_001_s001_2026-05-18_16-38-02-358,001,001,2,045,045.jpg,278,72.991263,1779115155.350823,4.616667,36.0,-394.0,0.0,0.0,2940,1912,1.135179,0.82,0.0,0.0,pix
real_001_s001_2026-05-18_16-38-02-358,001,001,2,045,045.jpg,279,73.007929,1779115155.36749,4.633333,36.0,-394.0,0.0,0.0,2940,1912,1.135179,0.82,0.0,0.0,pix
real_001_s001_2026-05-18_16-38-02-358,001,001,2,045,045.jpg,280,73.024596,1779115155.384156,4.65,36.0,-394.0,0.0,0.0,2940,1912,1.135179,0.82,0.0,0.0,pix
real_001_s001_2026-05-18_16-38-02-358,001,001,2,045,045.jpg,281,73.041263,1779115155.400823,4.666667,36.0,-394.0,0.0,0.0,2940,1912,1.135179,0.82,0.0,0.0,pix
real_001_s001_2026-05-18_16-38-02-358,001,001,2,045,045.jpg,282,73.057929,1779115155.41749,4.683333,36.0,-394.0,0.0,0.0,2940,1912,1.135179,0.82,0.0,0.0,pix
real_001_s001_2026-05-18_16-38-02-358,001,001,2,045,045.jpg,283,73.074596,1779115155.434156,4.7,36.0,-394.0,0.0,0.0,2940,1912,1.135179,0.82,0.0,0.0,pix
real_001_s001_2026-05-18_16-38-02-358,001,001,2,045,045.jpg,284,73.091263,1779115155.450823,4.716667,36.0,-394.0,0.0,0.0,2940,1912,1.135179,0.82,0.0,0.0,pix
real_001_s001_2026-05-18_16-38-02-358,001,001,2,045,045.jpg,285,73.107929,1779115155.467489,4.733333,36.0,-394.0,0.0,0.0,2940,1912,1.135179,0.82,0.0,0.0,pix
real_001_s001_2026-05-18_16-38-02-358,001,001,2,045,045.jpg,286,73.124596,1779115155.484156,4.75,36.0,-394.0,0.0,0.0,2940,1912,1.135179,0.82,0.0,0.0,pix
real_001_s001_2026-05-18_16-38-02-358,001,001,2,045,045.jpg,287,73.141263,1779115155.500823,4.766667,36.0,-394.0,0.0,0.0,2940,1912,1.135179,0.82,0.0,0.0,pix
real_001_s001_2026-05-18_16-38-02-358,001,001,2,045,045.jpg,288,73.157929,1779115155.517489,4.783333,36.0,-394.0,0.0,0.0,2940,1912,1.135179,0.82,0.0,0.0,pix
real_001_s001_2026-05-18_16-38-02-358,001,001,2,045,045.jpg,289,73.174596,1779115155.534156,4.8,36.0,-394.0,0.0,0.0,2940,1912,1.135179,0.82,0.0,0.0,pix
real_001_s001_2026-05-18_16-38-02-358,001,001,2,045,045.jpg,290,73.191263,1779115155.550823,4.816667,36.0,-394.0,0.0,0.0,2940,1912,1.135179,0.82,0.0,0.0,pix
real_001_s001_2026-05-18_16-38-02-358,001,001,2,045,045.jpg,291,73.207929,1779115155.567489,4.833333,36.0,-394.0,0.0,0.0,2940,1912,1.135179,0.82,0.0,0.0,pix
real_001_s001_2026-05-18_16-38-02-358,001,001,2,045,045.jpg,292,73.224596,1779115155.584156,4.85,36.0,-394.0,0.0,0.0,2940,1912,1.135179,0.82,0.0,0.0,pix
real_001_s001_2026-05-18_16-38-02-358,001,001,2,045,045.jpg,293,73.241263,1779115155.600823,4.866667,36.0,-394.0,0.0,0.0,2940,1912,1.135179,0.82,0.0,0.0,pix
real_001_s001_2026-05-18_16-38-02-358,001,001,2,045,045.jpg,294,73.257929,1779115155.61749,4.883333,36.0,-394.0,0.0,0.0,2940,1912,1.135179,0.82,0.0,0.0,pix
real_001_s001_2026-05-18_16-38-02-358,001,001,2,045,045.jpg,295,73.274596,1779115155.634156,4.9,36.0,-394.0,0.0,0.0,2940,1912,1.135179,0.82,0.0,0.0,pix
real_001_s001_2026-05-18_16-38-02-358,001,001,2,045,045.jpg,296,73.291263,1779115155.650823,4.916667,36.0,-394.0,0.0,0.0,2940,1912,1.135179,0.82,0.0,0.0,pix
real_001_s001_2026-05-18_16-38-02-358,001,001,2,045,045.jpg,297,73.307929,1779115155.66749,4.933333,36.0,-394.0,0.0,0.0,2940,1912,1.135179,0.82,0.0,0.0,pix
real_001_s001_2026-05-18_16-38-02-358,001,001,2,045,045.jpg,298,73.324596,1779115155.684156,4.95,36.0,-394.0,0.0,0.0,2940,1912,1.135179,0.82,0.0,0.0,pix
real_001_s001_2026-05-18_16-38-02-358,001,001,2,045,045.jpg,299,73.341263,1779115155.700823,4.966667,36.0,-394.0,0.0,0.0,2940,1912,1.135179,0.82,0.0,0.0,pix
real_001_s001_2026-05-18_16-38-02-358,001,001,2,045,045.jpg,300,73.357929,1779115155.717489,4.983333,36.0,-394.0,0.0,0.0,2940,1912,1.135179,0.82,0.0,0.0,pix
real_001_s001_2026-05-18_16-38-02-358,001,001,2,045,045.jpg,301,73.374596,1779115155.734156,5.0,36.0,-394.0,0.0,0.0,2940,1912,1.135179,0.82,0.0,0.0,pix
real_001_s001_2026-05-18_16-38-02-358,001,001,2,045,045.jpg,302,73.391263,1779115155.750823,5.016667,36.0,-394.0,0.0,0.0,2940,1912,1.135179,0.82,0.0,0.0,pix
real_001_s001_2026-05-18_16-38-02-358,001,001,2,045,045.jpg,303,73.407929,1779115155.767489,5.033333,36.0,-394.0,0.0,0.0,2940,1912,1.135179,0.82,0.0,0.0,pix
real_001_s001_2026-05-18_16-38-02-358,001,001,2,045,045.jpg,304,73.424596,1779115155.784156,5.05,36.0,-394.0,0.0,0.0,2940,1912,1.135179,0.82,0.0,0.0,pix
real_001_s001_2026-05-18_16-38-02-358,001,001,2,045,045.jpg,305,73.441263,1779115155.800823,5.066667,36.0,-394.0,0.0,0.0,2940,1912,1.135179,0.82,0.0,0.0,pix
real_001_s001_2026-05-18_16-38-02-358,001,001,2,045,045.jpg,306,73.457929,1779115155.817489,5.083333,36.0,-394.0,0.0,0.0,2940,1912,1.135179,0.82,0.0,0.0,pix
real_001_s001_2026-05-18_16-38-02-358,001,001,2,045,045.jpg,307,73.474596,1779115155.834156,5.1,36.0,-394.0,0.0,0.0,2940,1912,1.135179,0.82,0.0,0.0,pix
real_001_s001_2026-05-18_16-38-02-358,001,001,2,045,045.jpg,308,73.491263,1779115155.850823,5.116667,36.0,-394.0,0.0,0.0,2940,1912,1.135179,0.82,0.0,0.0,pix
real_001_s001_2026-05-18_16-38-02-358,001,001,2,045,045.jpg,309,73.507929,1779115155.86749,5.133333,36.0,-394.0,0.0,0.0,2940,1912,1.135179,0.82,0.0,0.0,pix
real_001_s001_2026-05-18_16-38-02-358,001,001,2,045,045.jpg,310,73.524596,1779115155.884156,5.15,36.0,-394.0,0.0,0.0,2940,1912,1.135179,0.82,0.0,0.0,pix
real_001_s001_2026-05-18_16-38-02-358,001,001,2,045,045.jpg,311,73.541263,1779115155.900823,5.166667,36.0,-394.0,0.0,0.0,2940,1912,1.135179,0.82,0.0,0.0,pix
real_001_s001_2026-05-18_16-38-02-358,001,001,2,045,045.jpg,312,73.557929,1779115155.91749,5.183333,36.0,-394.0,0.0,0.0,2940,1912,1.135179,0.82,0.0,0.0,pix
real_001_s001_2026-05-18_16-38-02-358,001,001,2,045,045.jpg,313,73.574596,1779115155.934156,5.2,36.0,-394.0,0.0,0.0,2940,1912,1.135179,0.82,0.0,0.0,pix
real_001_s001_2026-05-18_16-38-02-358,001,001,2,045,045.jpg,314,73.591263,1779115155.950823,5.216667,36.0,-394.0,0.0,0.0,2940,1912,1.135179,0.82,0.0,0.0,pix
real_001_s001_2026-05-18_16-38-02-358,001,001,2,045,045.jpg,315,73.607929,1779115155.967489,5.233333,36.0,-394.0,0.0,0.0,2940,1912,1.135179,0.82,0.0,0.0,pix
real_001_s001_2026-05-18_16-38-02-358,001,001,2,045,045.jpg,316,73.624596,1779115155.984156,5.25,36.0,-394.0,0.0,0.0,2940,1912,1.135179,0.82,0.0,0.0,pix
real_001_s001_2026-05-18_16-38-02-358,001,001,2,045,045.jpg,317,73.641263,1779115156.000823,5.266667,36.0,-394.0,0.0,0.0,2940,1912,1.135179,0.82,0.0,0.0,pix
real_001_s001_2026-05-18_16-38-02-358,001,001,2,045,045.jpg,318,73.657929,1779115156.017489,5.283333,36.0,-394.0,0.0,0.0,2940,1912,1.135179,0.82,0.0,0.0,pix
real_001_s001_2026-05-18_16-38-02-358,001,001,2,045,045.jpg,319,73.674596,1779115156.034156,5.3,36.0,-394.0,0.0,0.0,2940,1912,1.135179,0.82,0.0,0.0,pix
real_001_s001_2026-05-18_16-38-02-358,001,001,2,045,045.jpg,320,73.691263,1779115156.050823,5.316667,36.0,-394.0,0.0,0.0,2940,1912,1.135179,0.82,0.0,0.0,pix
real_001_s001_2026-05-18_16-38-02-358,001,001,2,045,045.jpg,321,73.707929,1779115156.067489,5.333333,36.0,-394.0,0.0,0.0,2940,1912,1.135179,0.82,0.0,0.0,pix
real_001_s001_2026-05-18_16-38-02-358,001,001,2,045,045.jpg,322,73.724596,1779115156.084156,5.35,36.0,-394.0,0.0,0.0,2940,1912,1.135179,0.82,0.0,0.0,pix
real_001_s001_2026-05-18_16-38-02-358,001,001,2,045,045.jpg,323,73.741263,1779115156.100823,5.366667,36.0,-394.0,0.0,0.0,2940,1912,1.135179,0.82,0.0,0.0,pix
real_001_s001_2026-05-18_16-38-02-358,001,001,2,045,045.jpg,324,73.757929,1779115156.11749,5.383333,36.0,-394.0,0.0,0.0,2940,1912,1.135179,0.82,0.0,0.0,pix
real_001_s001_2026-05-18_16-38-02-358,001,001,2,045,045.jpg,325,73.774596,1779115156.134156,5.4,36.0,-394.0,0.0,0.0,2940,1912,1.135179,0.82,0.0,0.0,pix
real_001_s001_2026-05-18_16-38-02-358,001,001,2,045,045.jpg,326,73.791263,1779115156.150823,5.416667,36.0,-394.0,0.0,0.0,2940,1912,1.135179,0.82,0.0,0.0,pix
real_001_s001_2026-05-18_16-38-02-358,001,001,2,045,045.jpg,327,73.807929,1779115156.16749,5.433333,36.0,-394.0,0.0,0.0,2940,1912,1.135179,0.82,0.0,0.0,pix
real_001_s001_2026-05-18_16-38-02-358,001,001,2,045,045.jpg,328,73.824596,1779115156.184156,5.45,36.0,-394.0,0.0,0.0,2940,1912,1.135179,0.82,0.0,0.0,pix
real_001_s001_2026-05-18_16-38-02-358,001,001,2,045,045.jpg,329,73.841263,1779115156.200823,5.466667,36.0,-394.0,0.0,0.0,2940,1912,1.135179,0.82,0.0,0.0,pix
real_001_s001_2026-05-18_16-38-02-358,001,001,2,045,045.jpg,330,73.857929,1779115156.217489,5.483333,36.0,-394.0,0.0,0.0,2940,1912,1.135179,0.82,0.0,0.0,pix
real_001_s001_2026-05-18_16-38-02-358,001,001,2,045,045.jpg,331,73.874596,1779115156.234156,5.5,36.0,-394.0,0.0,0.0,2940,1912,1.135179,0.82,0.0,0.0,pix
real_001_s001_2026-05-18_16-38-02-358,001,001,2,045,045.jpg,332,73.891263,1779115156.250823,5.516667,36.0,-394.0,0.0,0.0,2940,1912,1.135179,0.82,0.0,0.0,pix
real_001_s001_2026-05-18_16-38-02-358,001,001,2,045,045.jpg,333,73.907929,1779115156.267489,5.533333,36.0,-394.0,0.0,0.0,2940,1912,1.135179,0.82,0.0,0.0,pix
real_001_s001_2026-05-18_16-38-02-358,001,001,2,045,045.jpg,334,73.924596,1779115156.284156,5.55,36.0,-394.0,0.0,0.0,2940,1912,1.135179,0.82,0.0,0.0,pix
real_001_s001_2026-05-18_16-38-02-358,001,001,2,045,045.jpg,335,73.941263,1779115156.300823,5.566667,36.0,-394.0,0.0,0.0,2940,1912,1.135179,0.82,0.0,0.0,pix
real_001_s001_2026-05-18_16-38-02-358,001,001,2,045,045.jpg,336,73.957929,1779115156.317489,5.583333,36.0,-394.0,0.0,0.0,2940,1912,1.135179,0.82,0.0,0.0,pix
real_001_s001_2026-05-18_16-38-02-358,001,001,2,045,045.jpg,337,73.974596,1779115156.334156,5.6,36.0,-394.0,0.0,0.0,2940,1912,1.135179,0.82,0.0,0.0,pix
real_001_s001_2026-05-18_16-38-02-358,001,001,2,045,045.jpg,338,73.991263,1779115156.350823,5.616667,36.0,-394.0,0.0,0.0,2940,1912,1.135179,0.82,0.0,0.0,pix
real_001_s001_2026-05-18_16-38-02-358,001,001,2,045,045.jpg,339,74.007929,1779115156.36749,5.633333,36.0,-394.0,0.0,0.0,2940,1912,1.135179,0.82,0.0,0.0,pix
real_001_s001_2026-05-18_16-38-02-358,001,001,2,045,045.jpg,340,74.024596,1779115156.384156,5.65,36.0,-394.0,0.0,0.0,2940,1912,1.135179,0.82,0.0,0.0,pix
real_001_s001_2026-05-18_16-38-02-358,001,001,2,045,045.jpg,341,74.041263,1779115156.400823,5.666667,36.0,-394.0,0.0,0.0,2940,1912,1.135179,0.82,0.0,0.0,pix
real_001_s001_2026-05-18_16-38-02-358,001,001,2,045,045.jpg,342,74.057929,1779115156.41749,5.683333,36.0,-394.0,0.0,0.0,2940,1912,1.135179,0.82,0.0,0.0,pix
real_001_s001_2026-05-18_16-38-02-358,001,001,2,045,045.jpg,343,74.074596,1779115156.434156,5.7,36.0,-394.0,0.0,0.0,2940,1912,1.135179,0.82,0.0,0.0,pix
real_001_s001_2026-05-18_16-38-02-358,001,001,2,045,045.jpg,344,74.091263,1779115156.450823,5.716667,36.0,-394.0,0.0,0.0,2940,1912,1.135179,0.82,0.0,0.0,pix
real_001_s001_2026-05-18_16-38-02-358,001,001,2,045,045.jpg,345,74.107929,1779115156.467489,5.733333,36.0,-394.0,0.0,0.0,2940,1912,1.135179,0.82,0.0,0.0,pix
real_001_s001_2026-05-18_16-38-02-358,001,001,2,045,045.jpg,346,74.124596,1779115156.484156,5.75,36.0,-394.0,0.0,0.0,2940,1912,1.135179,0.82,0.0,0.0,pix
real_001_s001_2026-05-18_16-38-02-358,001,001,2,045,045.jpg,347,74.141263,1779115156.500823,5.766667,36.0,-394.0,0.0,0.0,2940,1912,1.135179,0.82,0.0,0.0,pix
real_001_s001_2026-05-18_16-38-02-358,001,001,2,045,045.jpg,348,74.157929,1779115156.517489,5.783333,36.0,-394.0,0.0,0.0,2940,1912,1.135179,0.82,0.0,0.0,pix
real_001_s001_2026-05-18_16-38-02-358,001,001,2,045,045.jpg,349,74.174596,1779115156.534156,5.8,36.0,-394.0,0.0,0.0,2940,1912,1.135179,0.82,0.0,0.0,pix
real_001_s001_2026-05-18_16-38-02-358,001,001,2,045,045.jpg,350,74.191263,1779115156.550823,5.816667,36.0,-394.0,0.0,0.0,2940,1912,1.135179,0.82,0.0,0.0,pix
real_001_s001_2026-05-18_16-38-02-358,001,001,2,045,045.jpg,351,74.207929,1779115156.567489,5.833333,36.0,-394.0,0.0,0.0,2940,1912,1.135179,0.82,0.0,0.0,pix
real_001_s001_2026-05-18_16-38-02-358,001,001,2,045,045.jpg,352,74.224596,1779115156.584156,5.85,36.0,-394.0,0.0,0.0,2940,1912,1.135179,0.82,0.0,0.0,pix
real_001_s001_2026-05-18_16-38-02-358,001,001,2,045,045.jpg,353,74.241263,1779115156.600823,5.866667,36.0,-394.0,0.0,0.0,2940,1912,1.135179,0.82,0.0,0.0,pix
real_001_s001_2026-05-18_16-38-02-358,001,001,2,045,045.jpg,354,74.257929,1779115156.61749,5.883333,36.0,-394.0,0.0,0.0,2940,1912,1.135179,0.82,0.0,0.0,pix
real_001_s001_2026-05-18_16-38-02-358,001,001,2,045,045.jpg,355,74.274596,1779115156.634156,5.9,36.0,-394.0,0.0,0.0,2940,1912,1.135179,0.82,0.0,0.0,pix
real_001_s001_2026-05-18_16-38-02-358,001,001,2,045,045.jpg,356,74.291263,1779115156.650823,5.916667,36.0,-394.0,0.0,0.0,2940,1912,1.135179,0.82,0.0,0.0,pix
real_001_s001_2026-05-18_16-38-02-358,001,001,2,045,045.jpg,357,74.307929,1779115156.66749,5.933333,36.0,-394.0,0.0,0.0,2940,1912,1.135179,0.82,0.0,0.0,pix
real_001_s001_2026-05-18_16-38-02-358,001,001,2,045,045.jpg,358,74.324596,1779115156.684156,5.95,36.0,-394.0,0.0,0.0,2940,1912,1.135179,0.82,0.0,0.0,pix
real_001_s001_2026-05-18_16-38-02-358,001,001,2,045,045.jpg,359,74.341263,1779115156.700823,5.966667,36.0,-394.0,0.0,0.0,2940,1912,1.135179,0.82,0.0,0.0,pix
real_001_s001_2026-05-18_16-38-02-358,001,001,2,045,045.jpg,360,74.357929,1779115156.717489,5.983333,36.0,-394.0,0.0,0.0,2940,1912,1.135179,0.82,0.0,0.0,pix
real_001_s001_2026-05-18_16-38-02-358,001,001,2,045,045.jpg,361,74.374596,1779115156.734156,6.0,36.0,-394.0,0.0,0.0,2940,1912,1.135179,0.82,0.0,0.0,pix
real_001_s001_2026-05-18_16-38-02-358,001,001,2,045,045.jpg,362,74.391263,1779115156.750823,6.016667,36.0,-394.0,0.0,0.0,2940,1912,1.135179,0.82,0.0,0.0,pix
real_001_s001_2026-05-18_16-38-02-358,001,001,2,045,045.jpg,363,74.407929,1779115156.767489,6.033333,36.0,-394.0,0.0,0.0,2940,1912,1.135179,0.82,0.0,0.0,pix
real_001_s001_2026-05-18_16-38-02-358,001,001,2,045,045.jpg,364,74.424596,1779115156.784156,6.05,36.0,-394.0,0.0,0.0,2940,1912,1.135179,0.82,0.0,0.0,pix
real_001_s001_2026-05-18_16-38-02-358,001,001,2,045,045.jpg,365,74.441263,1779115156.800823,6.066667,36.0,-394.0,0.0,0.0,2940,1912,1.135179,0.82,0.0,0.0,pix
real_001_s001_2026-05-18_16-38-02-358,001,001,2,045,045.jpg,366,74.457929,1779115156.817489,6.083333,36.0,-394.0,0.0,0.0,2940,1912,1.135179,0.82,0.0,0.0,pix
real_001_s001_2026-05-18_16-38-02-358,001,001,2,045,045.jpg,367,74.474596,1779115156.834156,6.1,36.0,-394.0,0.0,0.0,2940,1912,1.135179,0.82,0.0,0.0,pix
real_001_s001_2026-05-18_16-38-02-358,001,001,2,045,045.jpg,368,74.491263,1779115156.850823,6.116667,36.0,-394.0,0.0,0.0,2940,1912,1.135179,0.82,0.0,0.0,pix
real_001_s001_2026-05-18_16-38-02-358,001,001,2,045,045.jpg,369,74.507929,1779115156.86749,6.133333,36.0,-394.0,0.0,0.0,2940,1912,1.135179,0.82,0.0,0.0,pix
real_001_s001_2026-05-18_16-38-02-358,001,001,2,045,045.jpg,370,74.524596,1779115156.884156,6.15,36.0,-394.0,0.0,0.0,2940,1912,1.135179,0.82,0.0,0.0,pix
real_001_s001_2026-05-18_16-38-02-358,001,001,2,045,045.jpg,371,74.541263,1779115156.900823,6.166667,36.0,-394.0,0.0,0.0,2940,1912,1.135179,0.82,0.0,0.0,pix
real_001_s001_2026-05-18_16-38-02-358,001,001,2,045,045.jpg,372,74.557929,1779115156.91749,6.183333,36.0,-394.0,0.0,0.0,2940,1912,1.135179,0.82,0.0,0.0,pix
real_001_s001_2026-05-18_16-38-02-358,001,001,2,045,045.jpg,373,74.574596,1779115156.934156,6.2,36.0,-394.0,0.0,0.0,2940,1912,1.135179,0.82,0.0,0.0,pix
real_001_s001_2026-05-18_16-38-02-358,001,001,2,045,045.jpg,374,74.591263,1779115156.950823,6.216667,36.0,-394.0,0.0,0.0,2940,1912,1.135179,0.82,0.0,0.0,pix
real_001_s001_2026-05-18_16-38-02-358,001,001,2,045,045.jpg,375,74.607929,1779115156.967489,6.233333,36.0,-394.0,0.0,0.0,2940,1912,1.135179,0.82,0.0,0.0,pix
real_001_s001_2026-05-18_16-38-02-358,001,001,2,045,045.jpg,376,74.624596,1779115156.984156,6.25,36.0,-394.0,0.0,0.0,2940,1912,1.135179,0.82,0.0,0.0,pix
real_001_s001_2026-05-18_16-38-02-358,001,001,2,045,045.jpg,377,74.641263,1779115157.000823,6.266667,36.0,-394.0,0.0,0.0,2940,1912,1.135179,0.82,0.0,0.0,pix
real_001_s001_2026-05-18_16-38-02-358,001,001,2,045,045.jpg,378,74.657929,1779115157.017489,6.283333,36.0,-394.0,0.0,0.0,2940,1912,1.135179,0.82,0.0,0.0,pix
real_001_s001_2026-05-18_16-38-02-358,001,001,2,045,045.jpg,379,74.674596,1779115157.034156,6.3,36.0,-394.0,0.0,0.0,2940,1912,1.135179,0.82,0.0,0.0,pix
real_001_s001_2026-05-18_16-38-02-358,001,001,2,045,045.jpg,380,74.691263,1779115157.050823,6.316667,36.0,-394.0,0.0,0.0,2940,1912,1.135179,0.82,0.0,0.0,pix
real_001_s001_2026-05-18_16-38-02-358,001,001,2,045,045.jpg,381,74.707929,1779115157.067489,6.333333,36.0,-394.0,0.0,0.0,2940,1912,1.135179,0.82,0.0,0.0,pix
real_001_s001_2026-05-18_16-38-02-358,001,001,2,045,045.jpg,382,74.724596,1779115157.084156,6.35,36.0,-394.0,0.0,0.0,2940,1912,1.135179,0.82,0.0,0.0,pix
real_001_s001_2026-05-18_16-38-02-358,001,001,2,045,045.jpg,383,74.741263,1779115157.100823,6.366667,36.0,-394.0,0.0,0.0,2940,1912,1.135179,0.82,0.0,0.0,pix
real_001_s001_2026-05-18_16-38-02-358,001,001,2,045,045.jpg,384,74.757929,1779115157.11749,6.383333,36.0,-394.0,0.0,0.0,2940,1912,1.135179,0.82,0.0,0.0,pix
real_001_s001_2026-05-18_16-38-02-358,001,001,2,045,045.jpg,385,74.774596,1779115157.134156,6.4,36.0,-394.0,0.0,0.0,2940,1912,1.135179,0.82,0.0,0.0,pix
real_001_s001_2026-05-18_16-38-02-358,001,001,2,045,045.jpg,386,74.791263,1779115157.150823,6.416667,36.0,-394.0,0.0,0.0,2940,1912,1.135179,0.82,0.0,0.0,pix
real_001_s001_2026-05-18_16-38-02-358,001,001,2,045,045.jpg,387,74.807929,1779115157.16749,6.433333,36.0,-394.0,0.0,0.0,2940,1912,1.135179,0.82,0.0,0.0,pix
real_001_s001_2026-05-18_16-38-02-358,001,001,2,045,045.jpg,388,74.824596,1779115157.184156,6.45,36.0,-394.0,0.0,0.0,2940,1912,1.135179,0.82,0.0,0.0,pix
real_001_s001_2026-05-18_16-38-02-358,001,001,2,045,045.jpg,389,74.841263,1779115157.200823,6.466667,36.0,-394.0,0.0,0.0,2940,1912,1.135179,0.82,0.0,0.0,pix
real_001_s001_2026-05-18_16-38-02-358,001,001,2,045,045.jpg,390,74.857929,1779115157.217489,6.483333,36.0,-394.0,0.0,0.0,2940,1912,1.135179,0.82,0.0,0.0,pix
real_001_s001_2026-05-18_16-38-02-358,001,001,2,045,045.jpg,391,74.874596,1779115157.234156,6.5,36.0,-394.0,0.0,0.0,2940,1912,1.135179,0.82,0.0,0.0,pix
real_001_s001_2026-05-18_16-38-02-358,001,001,2,045,045.jpg,392,74.891263,1779115157.250823,6.516667,36.0,-394.0,0.0,0.0,2940,1912,1.135179,0.82,0.0,0.0,pix
real_001_s001_2026-05-18_16-38-02-358,001,001,2,045,045.jpg,393,74.907929,1779115157.267489,6.533333,36.0,-394.0,0.0,0.0,2940,1912,1.135179,0.82,0.0,0.0,pix
real_001_s001_2026-05-18_16-38-02-358,001,001,2,045,045.jpg,394,74.924596,1779115157.284156,6.55,36.0,-394.0,0.0,0.0,2940,1912,1.135179,0.82,0.0,0.0,pix
real_001_s001_2026-05-18_16-38-02-358,001,001,2,045,045.jpg,395,74.941263,1779115157.300823,6.566667,36.0,-394.0,0.0,0.0,2940,1912,1.135179,0.82,0.0,0.0,pix
real_001_s001_2026-05-18_16-38-02-358,001,001,2,045,045.jpg,396,74.957929,1779115157.317489,6.583333,36.0,-394.0,0.0,0.0,2940,1912,1.135179,0.82,0.0,0.0,pix
real_001_s001_2026-05-18_16-38-02-358,001,001,2,045,045.jpg,397,74.974596,1779115157.334156,6.6,36.0,-394.0,0.0,0.0,2940,1912,1.135179,0.82,0.0,0.0,pix
real_001_s001_2026-05-18_16-38-02-358,001,001,2,045,045.jpg,398,74.991263,1779115157.350823,6.616667,36.0,-394.0,0.0,0.0,2940,1912,1.135179,0.82,0.0,0.0,pix
real_001_s001_2026-05-18_16-38-02-358,001,001,2,045,045.jpg,399,75.007929,1779115157.36749,6.633333,36.0,-394.0,0.0,0.0,2940,1912,1.135179,0.82,0.0,0.0,pix
real_001_s001_2026-05-18_16-38-02-358,001,001,2,045,045.jpg,400,75.024596,1779115157.384156,6.65,36.0,-394.0,0.0,0.0,2940,1912,1.135179,0.82,0.0,0.0,pix
real_001_s001_2026-05-18_16-38-02-358,001,001,2,045,045.jpg,401,75.041263,1779115157.400823,6.666667,36.0,-394.0,0.0,0.0,2940,1912,1.135179,0.82,0.0,0.0,pix
real_001_s001_2026-05-18_16-38-02-358,001,001,2,045,045.jpg,402,75.057929,1779115157.41749,6.683333,36.0,-394.0,0.0,0.0,2940,1912,1.135179,0.82,0.0,0.0,pix
real_001_s001_2026-05-18_16-38-02-358,001,001,2,045,045.jpg,403,75.074596,1779115157.434156,6.7,36.0,-394.0,0.0,0.0,2940,1912,1.135179,0.82,0.0,0.0,pix
real_001_s001_2026-05-18_16-38-02-358,001,001,2,045,045.jpg,404,75.091263,1779115157.450823,6.716667,36.0,-394.0,0.0,0.0,2940,1912,1.135179,0.82,0.0,0.0,pix
real_001_s001_2026-05-18_16-38-02-358,001,001,2,045,045.jpg,405,75.107929,1779115157.467489,6.733333,36.0,-394.0,0.0,0.0,2940,1912,1.135179,0.82,0.0,0.0,pix
real_001_s001_2026-05-18_16-38-02-358,001,001,2,045,045.jpg,406,75.124596,1779115157.484156,6.75,36.0,-394.0,0.0,0.0,2940,1912,1.135179,0.82,0.0,0.0,pix
real_001_s001_2026-05-18_16-38-02-358,001,001,2,045,045.jpg,407,75.141263,1779115157.500823,6.766667,36.0,-394.0,0.0,0.0,2940,1912,1.135179,0.82,0.0,0.0,pix
real_001_s001_2026-05-18_16-38-02-358,001,001,2,045,045.jpg,408,75.157929,1779115157.517489,6.783333,36.0,-394.0,0.0,0.0,2940,1912,1.135179,0.82,0.0,0.0,pix
real_001_s001_2026-05-18_16-38-02-358,001,001,2,045,045.jpg,409,75.174596,1779115157.534156,6.8,36.0,-394.0,0.0,0.0,2940,1912,1.135179,0.82,0.0,0.0,pix
real_001_s001_2026-05-18_16-38-02-358,001,001,2,045,045.jpg,410,75.191263,1779115157.550823,6.816667,36.0,-394.0,0.0,0.0,2940,1912,1.135179,0.82,0.0,0.0,pix
real_001_s001_2026-05-18_16-38-02-358,001,001,2,045,045.jpg,411,75.207929,1779115157.567489,6.833333,36.0,-394.0,0.0,0.0,2940,1912,1.135179,0.82,0.0,0.0,pix
real_001_s001_2026-05-18_16-38-02-358,001,001,2,045,045.jpg,412,75.224596,1779115157.584156,6.85,36.0,-394.0,0.0,0.0,2940,1912,1.135179,0.82,0.0,0.0,pix
real_001_s001_2026-05-18_16-38-02-358,001,001,2,045,045.jpg,413,75.241263,1779115157.600823,6.866667,36.0,-394.0,0.0,0.0,2940,1912,1.135179,0.82,0.0,0.0,pix
real_001_s001_2026-05-18_16-38-02-358,001,001,2,045,045.jpg,414,75.257929,1779115157.61749,6.883333,36.0,-394.0,0.0,0.0,2940,1912,1.135179,0.82,0.0,0.0,pix
real_001_s001_2026-05-18_16-38-02-358,001,001,2,045,045.jpg,415,75.274596,1779115157.634156,6.9,36.0,-394.0,0.0,0.0,2940,1912,1.135179,0.82,0.0,0.0,pix
real_001_s001_2026-05-18_16-38-02-358,001,001,2,045,045.jpg,416,75.291263,1779115157.650823,6.916667,36.0,-394.0,0.0,0.0,2940,1912,1.135179,0.82,0.0,0.0,pix
real_001_s001_2026-05-18_16-38-02-358,001,001,2,045,045.jpg,417,75.307929,1779115157.66749,6.933333,36.0,-394.0,0.0,0.0,2940,1912,1.135179,0.82,0.0,0.0,pix
real_001_s001_2026-05-18_16-38-02-358,001,001,2,045,045.jpg,418,75.324596,1779115157.684156,6.95,36.0,-394.0,0.0,0.0,2940,1912,1.135179,0.82,0.0,0.0,pix
real_001_s001_2026-05-18_16-38-02-358,001,001,2,045,045.jpg,419,75.341263,1779115157.700823,6.966667,36.0,-394.0,0.0,0.0,2940,1912,1.135179,0.82,0.0,0.0,pix
real_001_s001_2026-05-18_16-38-02-358,001,001,2,045,045.jpg,420,75.357929,1779115157.717489,6.983333,36.0,-394.0,0.0,0.0,2940,1912,1.135179,0.82,0.0,0.0,pix
real_001_s001_2026-05-18_16-38-02-358,001,001,2,045,045.jpg,421,75.374596,1779115157.734156,7.0,36.0,-394.0,0.0,0.0,2940,1912,1.135179,0.82,0.0,0.0,pix
real_001_s001_2026-05-18_16-38-02-358,001,001,2,045,045.jpg,422,75.391263,1779115157.750823,7.016667,36.0,-394.0,0.0,0.0,2940,1912,1.135179,0.82,0.0,0.0,pix
real_001_s001_2026-05-18_16-38-02-358,001,001,2,045,045.jpg,423,75.407929,1779115157.767489,7.033333,36.0,-394.0,0.0,0.0,2940,1912,1.135179,0.82,0.0,0.0,pix
real_001_s001_2026-05-18_16-38-02-358,001,001,2,045,045.jpg,424,75.424596,1779115157.784156,7.05,36.0,-394.0,0.0,0.0,2940,1912,1.135179,0.82,0.0,0.0,pix
real_001_s001_2026-05-18_16-38-02-358,001,001,2,045,045.jpg,425,75.441263,1779115157.800823,7.066667,36.0,-394.0,0.0,0.0,2940,1912,1.135179,0.82,0.0,0.0,pix
real_001_s001_2026-05-18_16-38-02-358,001,001,2,045,045.jpg,426,75.457929,1779115157.817489,7.083333,36.0,-394.0,0.0,0.0,2940,1912,1.135179,0.82,0.0,0.0,pix
real_001_s001_2026-05-18_16-38-02-358,001,001,2,045,045.jpg,427,75.474596,1779115157.834156,7.1,36.0,-394.0,0.0,0.0,2940,1912,1.135179,0.82,0.0,0.0,pix
real_001_s001_2026-05-18_16-38-02-358,001,001,2,045,045.jpg,428,75.491263,1779115157.850823,7.116667,36.0,-394.0,0.0,0.0,2940,1912,1.135179,0.82,0.0,0.0,pix
real_001_s001_2026-05-18_16-38-02-358,001,001,2,045,045.jpg,429,75.507929,1779115157.86749,7.133333,36.0,-394.0,0.0,0.0,2940,1912,1.135179,0.82,0.0,0.0,pix
real_001_s001_2026-05-18_16-38-02-358,001,001,2,045,045.jpg,430,75.524596,1779115157.884156,7.15,36.0,-394.0,0.0,0.0,2940,1912,1.135179,0.82,0.0,0.0,pix
real_001_s001_2026-05-18_16-38-02-358,001,001,2,045,045.jpg,431,75.541263,1779115157.900823,7.166667,36.0,-394.0,0.0,0.0,2940,1912,1.135179,0.82,0.0,0.0,pix
real_001_s001_2026-05-18_16-38-02-358,001,001,2,045,045.jpg,432,75.557929,1779115157.91749,7.183333,36.0,-394.0,0.0,0.0,2940,1912,1.135179,0.82,0.0,0.0,pix
real_001_s001_2026-05-18_16-38-02-358,001,001,2,045,045.jpg,433,75.574596,1779115157.934156,7.2,36.0,-394.0,0.0,0.0,2940,1912,1.135179,0.82,0.0,0.0,pix
real_001_s001_2026-05-18_16-38-02-358,001,001,2,045,045.jpg,434,75.591263,1779115157.950823,7.216667,36.0,-394.0,0.0,0.0,2940,1912,1.135179,0.82,0.0,0.0,pix
real_001_s001_2026-05-18_16-38-02-358,001,001,2,045,045.jpg,435,75.607929,1779115157.967489,7.233333,36.0,-394.0,0.0,0.0,2940,1912,1.135179,0.82,0.0,0.0,pix
real_001_s001_2026-05-18_16-38-02-358,001,001,2,045,045.jpg,436,75.624596,1779115157.984156,7.25,36.0,-394.0,0.0,0.0,2940,1912,1.135179,0.82,0.0,0.0,pix
real_001_s001_2026-05-18_16-38-02-358,001,001,2,045,045.jpg,437,75.641263,1779115158.000823,7.266667,36.0,-394.0,0.0,0.0,2940,1912,1.135179,0.82,0.0,0.0,pix
real_001_s001_2026-05-18_16-38-02-358,001,001,2,045,045.jpg,438,75.657929,1779115158.017489,7.283333,36.0,-394.0,0.0,0.0,2940,1912,1.135179,0.82,0.0,0.0,pix
real_001_s001_2026-05-18_16-38-02-358,001,001,2,045,045.jpg,439,75.674596,1779115158.034156,7.3,36.0,-394.0,0.0,0.0,2940,1912,1.135179,0.82,0.0,0.0,pix
real_001_s001_2026-05-18_16-38-02-358,001,001,2,045,045.jpg,440,75.691263,1779115158.050823,7.316667,36.0,-394.0,0.0,0.0,2940,1912,1.135179,0.82,0.0,0.0,pix
real_001_s001_2026-05-18_16-38-02-358,001,001,2,045,045.jpg,441,75.707929,1779115158.067489,7.333333,36.0,-394.0,0.0,0.0,2940,1912,1.135179,0.82,0.0,0.0,pix
real_001_s001_2026-05-18_16-38-02-358,001,001,2,045,045.jpg,442,75.724596,1779115158.084156,7.35,36.0,-394.0,0.0,0.0,2940,1912,1.135179,0.82,0.0,0.0,pix
real_001_s001_2026-05-18_16-38-02-358,001,001,2,045,045.jpg,443,75.741263,1779115158.100823,7.366667,36.0,-394.0,0.0,0.0,2940,1912,1.135179,0.82,0.0,0.0,pix
real_001_s001_2026-05-18_16-38-02-358,001,001,2,045,045.jpg,444,75.757929,1779115158.11749,7.383333,36.0,-394.0,0.0,0.0,2940,1912,1.135179,0.82,0.0,0.0,pix
real_001_s001_2026-05-18_16-38-02-358,001,001,2,045,045.jpg,445,75.774596,1779115158.134156,7.4,36.0,-394.0,0.0,0.0,2940,1912,1.135179,0.82,0.0,0.0,pix
real_001_s001_2026-05-18_16-38-02-358,001,001,2,045,045.jpg,446,75.791263,1779115158.150823,7.416667,36.0,-394.0,0.0,0.0,2940,1912,1.135179,0.82,0.0,0.0,pix
real_001_s001_2026-05-18_16-38-02-358,001,001,2,045,045.jpg,447,75.807929,1779115158.16749,7.433333,36.0,-394.0,0.0,0.0,2940,1912,1.135179,0.82,0.0,0.0,pix
real_001_s001_2026-05-18_16-38-02-358,001,001,2,045,045.jpg,448,75.824596,1779115158.184156,7.45,36.0,-394.0,0.0,0.0,2940,1912,1.135179,0.82,0.0,0.0,pix
real_001_s001_2026-05-18_16-38-02-358,001,001,2,045,045.jpg,449,75.841263,1779115158.200823,7.466667,36.0,-394.0,0.0,0.0,2940,1912,1.135179,0.82,0.0,0.0,pix
real_001_s001_2026-05-18_16-38-02-358,001,001,2,045,045.jpg,450,75.857929,1779115158.217489,7.483333,36.0,-394.0,0.0,0.0,2940,1912,1.135179,0.82,0.0,0.0,pix
real_001_s001_2026-05-18_16-38-02-358,001,001,2,045,045.jpg,451,75.874596,1779115158.234156,7.5,36.0,-394.0,0.0,0.0,2940,1912,1.135179,0.82,0.0,0.0,pix
real_001_s001_2026-05-18_16-38-02-358,001,001,2,045,045.jpg,452,75.891263,1779115158.250823,7.516667,36.0,-394.0,0.0,0.0,2940,1912,1.135179,0.82,0.0,0.0,pix
real_001_s001_2026-05-18_16-38-02-358,001,001,2,045,045.jpg,453,75.907929,1779115158.267489,7.533333,36.0,-394.0,0.0,0.0,2940,1912,1.135179,0.82,0.0,0.0,pix
real_001_s001_2026-05-18_16-38-02-358,001,001,2,045,045.jpg,454,75.924596,1779115158.284156,7.55,36.0,-394.0,0.0,0.0,2940,1912,1.135179,0.82,0.0,0.0,pix
real_001_s001_2026-05-18_16-38-02-358,001,001,2,045,045.jpg,455,75.941263,1779115158.300823,7.566667,36.0,-394.0,0.0,0.0,2940,1912,1.135179,0.82,0.0,0.0,pix
real_001_s001_2026-05-18_16-38-02-358,001,001,2,045,045.jpg,456,75.957929,1779115158.317489,7.583333,36.0,-394.0,0.0,0.0,2940,1912,1.135179,0.82,0.0,0.0,pix
real_001_s001_2026-05-18_16-38-02-358,001,001,2,045,045.jpg,457,75.974596,1779115158.334156,7.6,36.0,-394.0,0.0,0.0,2940,1912,1.135179,0.82,0.0,0.0,pix
real_001_s001_2026-05-18_16-38-02-358,001,001,2,045,045.jpg,458,75.991263,1779115158.350823,7.616667,36.0,-394.0,0.0,0.0,2940,1912,1.135179,0.82,0.0,0.0,pix
real_001_s001_2026-05-18_16-38-02-358,001,001,2,045,045.jpg,459,76.007929,1779115158.36749,7.633333,36.0,-394.0,0.0,0.0,2940,1912,1.135179,0.82,0.0,0.0,pix
real_001_s001_2026-05-18_16-38-02-358,001,001,2,045,045.jpg,460,76.024596,1779115158.384156,7.65,36.0,-394.0,0.0,0.0,2940,1912,1.135179,0.82,0.0,0.0,pix
real_001_s001_2026-05-18_16-38-02-358,001,001,2,045,045.jpg,461,76.041263,1779115158.400823,7.666667,36.0,-394.0,0.0,0.0,2940,1912,1.135179,0.82,0.0,0.0,pix
real_001_s001_2026-05-18_16-38-02-358,001,001,2,045,045.jpg,462,76.057929,1779115158.41749,7.683333,36.0,-394.0,0.0,0.0,2940,1912,1.135179,0.82,0.0,0.0,pix
real_001_s001_2026-05-18_16-38-02-358,001,001,2,045,045.jpg,463,76.074596,1779115158.434156,7.7,36.0,-394.0,0.0,0.0,2940,1912,1.135179,0.82,0.0,0.0,pix
real_001_s001_2026-05-18_16-38-02-358,001,001,2,045,045.jpg,464,76.091263,1779115158.450823,7.716667,36.0,-394.0,0.0,0.0,2940,1912,1.135179,0.82,0.0,0.0,pix
real_001_s001_2026-05-18_16-38-02-358,001,001,2,045,045.jpg,465,76.107929,1779115158.467489,7.733333,36.0,-394.0,0.0,0.0,2940,1912,1.135179,0.82,0.0,0.0,pix
real_001_s001_2026-05-18_16-38-02-358,001,001,2,045,045.jpg,466,76.124596,1779115158.484156,7.75,36.0,-394.0,0.0,0.0,2940,1912,1.135179,0.82,0.0,0.0,pix
real_001_s001_2026-05-18_16-38-02-358,001,001,2,045,045.jpg,467,76.141263,1779115158.500823,7.766667,36.0,-394.0,0.0,0.0,2940,1912,1.135179,0.82,0.0,0.0,pix
real_001_s001_2026-05-18_16-38-02-358,001,001,2,045,045.jpg,468,76.157929,1779115158.517489,7.783333,36.0,-394.0,0.0,0.0,2940,1912,1.135179,0.82,0.0,0.0,pix
real_001_s001_2026-05-18_16-38-02-358,001,001,2,045,045.jpg,469,76.174596,1779115158.534156,7.8,36.0,-394.0,0.0,0.0,2940,1912,1.135179,0.82,0.0,0.0,pix
real_001_s001_2026-05-18_16-38-02-358,001,001,2,045,045.jpg,470,76.191263,1779115158.550823,7.816667,36.0,-394.0,0.0,0.0,2940,1912,1.135179,0.82,0.0,0.0,pix
real_001_s001_2026-05-18_16-38-02-358,001,001,2,045,045.jpg,471,76.207929,1779115158.567489,7.833333,36.0,-394.0,0.0,0.0,2940,1912,1.135179,0.82,0.0,0.0,pix
real_001_s001_2026-05-18_16-38-02-358,001,001,2,045,045.jpg,472,76.224596,1779115158.584156,7.85,36.0,-394.0,0.0,0.0,2940,1912,1.135179,0.82,0.0,0.0,pix
real_001_s001_2026-05-18_16-38-02-358,001,001,2,045,045.jpg,473,76.241263,1779115158.600823,7.866667,36.0,-394.0,0.0,0.0,2940,1912,1.135179,0.82,0.0,0.0,pix
real_001_s001_2026-05-18_16-38-02-358,001,001,2,045,045.jpg,474,76.257929,1779115158.61749,7.883333,36.0,-394.0,0.0,0.0,2940,1912,1.135179,0.82,0.0,0.0,pix
real_001_s001_2026-05-18_16-38-02-358,001,001,2,045,045.jpg,475,76.274596,1779115158.634156,7.9,36.0,-394.0,0.0,0.0,2940,1912,1.135179,0.82,0.0,0.0,pix
real_001_s001_2026-05-18_16-38-02-358,001,001,2,045,045.jpg,476,76.291263,1779115158.650823,7.916667,36.0,-394.0,0.0,0.0,2940,1912,1.135179,0.82,0.0,0.0,pix
real_001_s001_2026-05-18_16-38-02-358,001,001,2,045,045.jpg,477,76.307929,1779115158.66749,7.933333,36.0,-394.0,0.0,0.0,2940,1912,1.135179,0.82,0.0,0.0,pix
real_001_s001_2026-05-18_16-38-02-358,001,001,2,045,045.jpg,478,76.324596,1779115158.684156,7.95,36.0,-394.0,0.0,0.0,2940,1912,1.135179,0.82,0.0,0.0,pix
real_001_s001_2026-05-18_16-38-02-358,001,001,2,045,045.jpg,479,76.341263,1779115158.700823,7.966667,36.0,-394.0,0.0,0.0,2940,1912,1.135179,0.82,0.0,0.0,pix
real_001_s001_2026-05-18_16-38-02-358,001,001,2,045,045.jpg,480,76.357929,1779115158.717489,7.983333,36.0,-394.0,0.0,0.0,2940,1912,1.135179,0.82,0.0,0.0,pix
real_001_s001_2026-05-18_16-38-02-358,001,001,2,045,045.jpg,481,76.374596,1779115158.734156,8.0,36.0,-394.0,0.0,0.0,2940,1912,1.135179,0.82,0.0,0.0,pix
real_001_s001_2026-05-18_16-38-02-358,001,001,2,045,045.jpg,482,76.391263,1779115158.750823,8.016667,36.0,-394.0,0.0,0.0,2940,1912,1.135179,0.82,0.0,0.0,pix
real_001_s001_2026-05-18_16-38-02-358,001,001,2,045,045.jpg,483,76.407929,1779115158.767489,8.033333,36.0,-394.0,0.0,0.0,2940,1912,1.135179,0.82,0.0,0.0,pix
real_001_s001_2026-05-18_16-38-02-358,001,001,2,045,045.jpg,484,76.424596,1779115158.784156,8.05,36.0,-394.0,0.0,0.0,2940,1912,1.135179,0.82,0.0,0.0,pix
real_001_s001_2026-05-18_16-38-02-358,001,001,2,045,045.jpg,485,76.441263,1779115158.800823,8.066667,36.0,-394.0,0.0,0.0,2940,1912,1.135179,0.82,0.0,0.0,pix
real_001_s001_2026-05-18_16-38-02-358,001,001,2,045,045.jpg,486,76.457929,1779115158.817489,8.083333,36.0,-394.0,0.0,0.0,2940,1912,1.135179,0.82,0.0,0.0,pix
real_001_s001_2026-05-18_16-38-02-358,001,001,2,045,045.jpg,487,76.474596,1779115158.834156,8.1,36.0,-394.0,0.0,0.0,2940,1912,1.135179,0.82,0.0,0.0,pix
real_001_s001_2026-05-18_16-38-02-358,001,001,2,045,045.jpg,488,76.491263,1779115158.850823,8.116667,36.0,-394.0,0.0,0.0,2940,1912,1.135179,0.82,0.0,0.0,pix
real_001_s001_2026-05-18_16-38-02-358,001,001,2,045,045.jpg,489,76.507929,1779115158.86749,8.133333,36.0,-394.0,0.0,0.0,2940,1912,1.135179,0.82,0.0,0.0,pix
real_001_s001_2026-05-18_16-38-02-358,001,001,2,045,045.jpg,490,76.524596,1779115158.884156,8.15,36.0,-394.0,0.0,0.0,2940,1912,1.135179,0.82,0.0,0.0,pix
real_001_s001_2026-05-18_16-38-02-358,001,001,2,045,045.jpg,491,76.541263,1779115158.900823,8.166667,36.0,-394.0,0.0,0.0,2940,1912,1.135179,0.82,0.0,0.0,pix
real_001_s001_2026-05-18_16-38-02-358,001,001,2,045,045.jpg,492,76.557929,1779115158.91749,8.183333,36.0,-394.0,0.0,0.0,2940,1912,1.135179,0.82,0.0,0.0,pix
real_001_s001_2026-05-18_16-38-02-358,001,001,2,045,045.jpg,493,76.574596,1779115158.934156,8.2,36.0,-394.0,0.0,0.0,2940,1912,1.135179,0.82,0.0,0.0,pix
real_001_s001_2026-05-18_16-38-02-358,001,001,2,045,045.jpg,494,76.591263,1779115158.950823,8.216667,36.0,-394.0,0.0,0.0,2940,1912,1.135179,0.82,0.0,0.0,pix
real_001_s001_2026-05-18_16-38-02-358,001,001,2,045,045.jpg,495,76.607929,1779115158.967489,8.233333,36.0,-394.0,0.0,0.0,2940,1912,1.135179,0.82,0.0,0.0,pix
real_001_s001_2026-05-18_16-38-02-358,001,001,2,045,045.jpg,496,76.624596,1779115158.984156,8.25,36.0,-394.0,0.0,0.0,2940,1912,1.135179,0.82,0.0,0.0,pix
real_001_s001_2026-05-18_16-38-02-358,001,001,2,045,045.jpg,497,76.641263,1779115159.000823,8.266667,36.0,-394.0,0.0,0.0,2940,1912,1.135179,0.82,0.0,0.0,pix
real_001_s001_2026-05-18_16-38-02-358,001,001,2,045,045.jpg,498,76.657929,1779115159.017489,8.283333,36.0,-394.0,0.0,0.0,2940,1912,1.135179,0.82,0.0,0.0,pix
real_001_s001_2026-05-18_16-38-02-358,001,001,2,045,045.jpg,499,76.674596,1779115159.034156,8.3,36.0,-394.0,0.0,0.0,2940,1912,1.135179,0.82,0.0,0.0,pix
real_001_s001_2026-05-18_16-38-02-358,001,001,2,045,045.jpg,500,76.691263,1779115159.050823,8.316667,36.0,-394.0,0.0,0.0,2940,1912,1.135179,0.82,0.0,0.0,pix
real_001_s001_2026-05-18_16-38-02-358,001,001,2,045,045.jpg,501,76.707929,1779115159.067489,8.333333,36.0,-394.0,0.0,0.0,2940,1912,1.135179,0.82,0.0,0.0,pix
real_001_s001_2026-05-18_16-38-02-358,001,001,2,045,045.jpg,502,76.724596,1779115159.084156,8.35,36.0,-394.0,0.0,0.0,2940,1912,1.135179,0.82,0.0,0.0,pix
real_001_s001_2026-05-18_16-38-02-358,001,001,2,045,045.jpg,503,76.741263,1779115159.100823,8.366667,36.0,-394.0,0.0,0.0,2940,1912,1.135179,0.82,0.0,0.0,pix
real_001_s001_2026-05-18_16-38-02-358,001,001,2,045,045.jpg,504,76.757929,1779115159.11749,8.383333,36.0,-394.0,0.0,0.0,2940,1912,1.135179,0.82,0.0,0.0,pix
real_001_s001_2026-05-18_16-38-02-358,001,001,2,045,045.jpg,505,76.774596,1779115159.134156,8.4,36.0,-394.0,0.0,0.0,2940,1912,1.135179,0.82,0.0,0.0,pix
real_001_s001_2026-05-18_16-38-02-358,001,001,2,045,045.jpg,506,76.791263,1779115159.150823,8.416667,36.0,-394.0,0.0,0.0,2940,1912,1.135179,0.82,0.0,0.0,pix
real_001_s001_2026-05-18_16-38-02-358,001,001,2,045,045.jpg,507,76.807929,1779115159.16749,8.433333,36.0,-394.0,0.0,0.0,2940,1912,1.135179,0.82,0.0,0.0,pix
real_001_s001_2026-05-18_16-38-02-358,001,001,2,045,045.jpg,508,76.824596,1779115159.184156,8.45,36.0,-394.0,0.0,0.0,2940,1912,1.135179,0.82,0.0,0.0,pix
real_001_s001_2026-05-18_16-38-02-358,001,001,2,045,045.jpg,509,76.841263,1779115159.200823,8.466667,36.0,-394.0,0.0,0.0,2940,1912,1.135179,0.82,0.0,0.0,pix
real_001_s001_2026-05-18_16-38-02-358,001,001,2,045,045.jpg,510,76.857929,1779115159.217489,8.483333,36.0,-394.0,0.0,0.0,2940,1912,1.135179,0.82,0.0,0.0,pix
real_001_s001_2026-05-18_16-38-02-358,001,001,2,045,045.jpg,511,76.874596,1779115159.234156,8.5,36.0,-394.0,0.0,0.0,2940,1912,1.135179,0.82,0.0,0.0,pix
real_001_s001_2026-05-18_16-38-02-358,001,001,2,045,045.jpg,512,76.891263,1779115159.250823,8.516667,36.0,-394.0,0.0,0.0,2940,1912,1.135179,0.82,0.0,0.0,pix
real_001_s001_2026-05-18_16-38-02-358,001,001,2,045,045.jpg,513,76.907929,1779115159.267489,8.533333,36.0,-394.0,0.0,0.0,2940,1912,1.135179,0.82,0.0,0.0,pix
real_001_s001_2026-05-18_16-38-02-358,001,001,2,045,045.jpg,514,76.924596,1779115159.284156,8.55,36.0,-394.0,0.0,0.0,2940,1912,1.135179,0.82,0.0,0.0,pix
real_001_s001_2026-05-18_16-38-02-358,001,001,2,045,045.jpg,515,76.941263,1779115159.300823,8.566667,36.0,-394.0,0.0,0.0,2940,1912,1.135179,0.82,0.0,0.0,pix
real_001_s001_2026-05-18_16-38-02-358,001,001,2,045,045.jpg,516,76.957929,1779115159.317489,8.583333,36.0,-394.0,0.0,0.0,2940,1912,1.135179,0.82,0.0,0.0,pix
real_001_s001_2026-05-18_16-38-02-358,001,001,2,045,045.jpg,517,76.974596,1779115159.334156,8.6,36.0,-394.0,0.0,0.0,2940,1912,1.135179,0.82,0.0,0.0,pix
real_001_s001_2026-05-18_16-38-02-358,001,001,2,045,045.jpg,518,76.991263,1779115159.350823,8.616667,36.0,-394.0,0.0,0.0,2940,1912,1.135179,0.82,0.0,0.0,pix
real_001_s001_2026-05-18_16-38-02-358,001,001,2,045,045.jpg,519,77.007929,1779115159.36749,8.633333,36.0,-394.0,0.0,0.0,2940,1912,1.135179,0.82,0.0,0.0,pix
real_001_s001_2026-05-18_16-38-02-358,001,001,2,045,045.jpg,520,77.024596,1779115159.384156,8.65,36.0,-394.0,0.0,0.0,2940,1912,1.135179,0.82,0.0,0.0,pix
real_001_s001_2026-05-18_16-38-02-358,001,001,2,045,045.jpg,521,77.041263,1779115159.400823,8.666667,36.0,-394.0,0.0,0.0,2940,1912,1.135179,0.82,0.0,0.0,pix
real_001_s001_2026-05-18_16-38-02-358,001,001,2,045,045.jpg,522,77.057929,1779115159.41749,8.683333,36.0,-394.0,0.0,0.0,2940,1912,1.135179,0.82,0.0,0.0,pix
real_001_s001_2026-05-18_16-38-02-358,001,001,2,045,045.jpg,523,77.074596,1779115159.434156,8.7,36.0,-394.0,0.0,0.0,2940,1912,1.135179,0.82,0.0,0.0,pix
real_001_s001_2026-05-18_16-38-02-358,001,001,2,045,045.jpg,524,77.091263,1779115159.450823,8.716667,36.0,-394.0,0.0,0.0,2940,1912,1.135179,0.82,0.0,0.0,pix
real_001_s001_2026-05-18_16-38-02-358,001,001,2,045,045.jpg,525,77.107929,1779115159.467489,8.733333,36.0,-394.0,0.0,0.0,2940,1912,1.135179,0.82,0.0,0.0,pix
real_001_s001_2026-05-18_16-38-02-358,001,001,2,045,045.jpg,526,77.124596,1779115159.484156,8.75,36.0,-394.0,0.0,0.0,2940,1912,1.135179,0.82,0.0,0.0,pix
real_001_s001_2026-05-18_16-38-02-358,001,001,2,045,045.jpg,527,77.141263,1779115159.500823,8.766667,36.0,-394.0,0.0,0.0,2940,1912,1.135179,0.82,0.0,0.0,pix
real_001_s001_2026-05-18_16-38-02-358,001,001,2,045,045.jpg,528,77.157929,1779115159.517489,8.783333,36.0,-394.0,0.0,0.0,2940,1912,1.135179,0.82,0.0,0.0,pix
real_001_s001_2026-05-18_16-38-02-358,001,001,2,045,045.jpg,529,77.174596,1779115159.534156,8.8,36.0,-394.0,0.0,0.0,2940,1912,1.135179,0.82,0.0,0.0,pix
real_001_s001_2026-05-18_16-38-02-358,001,001,2,045,045.jpg,530,77.191263,1779115159.550823,8.816667,36.0,-394.0,0.0,0.0,2940,1912,1.135179,0.82,0.0,0.0,pix
real_001_s001_2026-05-18_16-38-02-358,001,001,2,045,045.jpg,531,77.207929,1779115159.567489,8.833333,36.0,-394.0,0.0,0.0,2940,1912,1.135179,0.82,0.0,0.0,pix
real_001_s001_2026-05-18_16-38-02-358,001,001,2,045,045.jpg,532,77.224596,1779115159.584156,8.85,36.0,-394.0,0.0,0.0,2940,1912,1.135179,0.82,0.0,0.0,pix
real_001_s001_2026-05-18_16-38-02-358,001,001,2,045,045.jpg,533,77.241263,1779115159.600823,8.866667,36.0,-394.0,0.0,0.0,2940,1912,1.135179,0.82,0.0,0.0,pix
real_001_s001_2026-05-18_16-38-02-358,001,001,2,045,045.jpg,534,77.257929,1779115159.61749,8.883333,36.0,-394.0,0.0,0.0,2940,1912,1.135179,0.82,0.0,0.0,pix
real_001_s001_2026-05-18_16-38-02-358,001,001,2,045,045.jpg,535,77.274596,1779115159.634156,8.9,36.0,-394.0,0.0,0.0,2940,1912,1.135179,0.82,0.0,0.0,pix
real_001_s001_2026-05-18_16-38-02-358,001,001,2,045,045.jpg,536,77.291263,1779115159.650823,8.916667,36.0,-394.0,0.0,0.0,2940,1912,1.135179,0.82,0.0,0.0,pix
real_001_s001_2026-05-18_16-38-02-358,001,001,2,045,045.jpg,537,77.307929,1779115159.66749,8.933333,36.0,-394.0,0.0,0.0,2940,1912,1.135179,0.82,0.0,0.0,pix
real_001_s001_2026-05-18_16-38-02-358,001,001,2,045,045.jpg,538,77.324596,1779115159.684156,8.95,36.0,-394.0,0.0,0.0,2940,1912,1.135179,0.82,0.0,0.0,pix
real_001_s001_2026-05-18_16-38-02-358,001,001,2,045,045.jpg,539,77.341263,1779115159.700823,8.966667,36.0,-394.0,0.0,0.0,2940,1912,1.135179,0.82,0.0,0.0,pix
real_001_s001_2026-05-18_16-38-02-358,001,001,2,045,045.jpg,540,77.357929,1779115159.717489,8.983333,36.0,-394.0,0.0,0.0,2940,1912,1.135179,0.82,0.0,0.0,pix
real_001_s001_2026-05-18_16-38-02-358,001,001,2,045,045.jpg,541,77.374596,1779115159.734156,9.0,36.0,-394.0,0.0,0.0,2940,1912,1.135179,0.82,0.0,0.0,pix
real_001_s001_2026-05-18_16-38-02-358,001,001,2,045,045.jpg,542,77.391263,1779115159.750823,9.016667,36.0,-394.0,0.0,0.0,2940,1912,1.135179,0.82,0.0,0.0,pix
real_001_s001_2026-05-18_16-38-02-358,001,001,2,045,045.jpg,543,77.407929,1779115159.767489,9.033333,36.0,-394.0,0.0,0.0,2940,1912,1.135179,0.82,0.0,0.0,pix
real_001_s001_2026-05-18_16-38-02-358,001,001,2,045,045.jpg,544,77.424596,1779115159.784156,9.05,36.0,-394.0,0.0,0.0,2940,1912,1.135179,0.82,0.0,0.0,pix
real_001_s001_2026-05-18_16-38-02-358,001,001,2,045,045.jpg,545,77.441263,1779115159.800823,9.066667,36.0,-394.0,0.0,0.0,2940,1912,1.135179,0.82,0.0,0.0,pix
real_001_s001_2026-05-18_16-38-02-358,001,001,2,045,045.jpg,546,77.457929,1779115159.817489,9.083333,36.0,-394.0,0.0,0.0,2940,1912,1.135179,0.82,0.0,0.0,pix
real_001_s001_2026-05-18_16-38-02-358,001,001,2,045,045.jpg,547,77.474596,1779115159.834156,9.1,36.0,-394.0,0.0,0.0,2940,1912,1.135179,0.82,0.0,0.0,pix
real_001_s001_2026-05-18_16-38-02-358,001,001,2,045,045.jpg,548,77.491263,1779115159.850823,9.116667,36.0,-394.0,0.0,0.0,2940,1912,1.135179,0.82,0.0,0.0,pix
real_001_s001_2026-05-18_16-38-02-358,001,001,2,045,045.jpg,549,77.507929,1779115159.86749,9.133333,36.0,-394.0,0.0,0.0,2940,1912,1.135179,0.82,0.0,0.0,pix
real_001_s001_2026-05-18_16-38-02-358,001,001,2,045,045.jpg,550,77.524596,1779115159.884156,9.15,36.0,-394.0,0.0,0.0,2940,1912,1.135179,0.82,0.0,0.0,pix
real_001_s001_2026-05-18_16-38-02-358,001,001,2,045,045.jpg,551,77.541263,1779115159.900823,9.166667,36.0,-394.0,0.0,0.0,2940,1912,1.135179,0.82,0.0,0.0,pix
real_001_s001_2026-05-18_16-38-02-358,001,001,2,045,045.jpg,552,77.557929,1779115159.91749,9.183333,36.0,-394.0,0.0,0.0,2940,1912,1.135179,0.82,0.0,0.0,pix
real_001_s001_2026-05-18_16-38-02-358,001,001,2,045,045.jpg,553,77.574596,1779115159.934156,9.2,36.0,-394.0,0.0,0.0,2940,1912,1.135179,0.82,0.0,0.0,pix
real_001_s001_2026-05-18_16-38-02-358,001,001,2,045,045.jpg,554,77.591263,1779115159.950823,9.216667,36.0,-394.0,0.0,0.0,2940,1912,1.135179,0.82,0.0,0.0,pix
real_001_s001_2026-05-18_16-38-02-358,001,001,2,045,045.jpg,555,77.607929,1779115159.967489,9.233333,36.0,-394.0,0.0,0.0,2940,1912,1.135179,0.82,0.0,0.0,pix
real_001_s001_2026-05-18_16-38-02-358,001,001,2,045,045.jpg,556,77.624596,1779115159.984156,9.25,36.0,-394.0,0.0,0.0,2940,1912,1.135179,0.82,0.0,0.0,pix
real_001_s001_2026-05-18_16-38-02-358,001,001,2,045,045.jpg,557,77.641263,1779115160.000823,9.266667,36.0,-394.0,0.0,0.0,2940,1912,1.135179,0.82,0.0,0.0,pix
real_001_s001_2026-05-18_16-38-02-358,001,001,2,045,045.jpg,558,77.657929,1779115160.017489,9.283333,36.0,-394.0,0.0,0.0,2940,1912,1.135179,0.82,0.0,0.0,pix
real_001_s001_2026-05-18_16-38-02-358,001,001,2,045,045.jpg,559,77.674596,1779115160.034156,9.3,36.0,-394.0,0.0,0.0,2940,1912,1.135179,0.82,0.0,0.0,pix
real_001_s001_2026-05-18_16-38-02-358,001,001,2,045,045.jpg,560,77.691263,1779115160.050823,9.316667,36.0,-394.0,0.0,0.0,2940,1912,1.135179,0.82,0.0,0.0,pix
real_001_s001_2026-05-18_16-38-02-358,001,001,2,045,045.jpg,561,77.707929,1779115160.067489,9.333333,36.0,-394.0,0.0,0.0,2940,1912,1.135179,0.82,0.0,0.0,pix
real_001_s001_2026-05-18_16-38-02-358,001,001,2,045,045.jpg,562,77.724596,1779115160.084156,9.35,36.0,-394.0,0.0,0.0,2940,1912,1.135179,0.82,0.0,0.0,pix
real_001_s001_2026-05-18_16-38-02-358,001,001,2,045,045.jpg,563,77.741263,1779115160.100823,9.366667,36.0,-394.0,0.0,0.0,2940,1912,1.135179,0.82,0.0,0.0,pix
real_001_s001_2026-05-18_16-38-02-358,001,001,2,045,045.jpg,564,77.757929,1779115160.11749,9.383333,36.0,-394.0,0.0,0.0,2940,1912,1.135179,0.82,0.0,0.0,pix
real_001_s001_2026-05-18_16-38-02-358,001,001,2,045,045.jpg,565,77.774596,1779115160.134156,9.4,36.0,-394.0,0.0,0.0,2940,1912,1.135179,0.82,0.0,0.0,pix
real_001_s001_2026-05-18_16-38-02-358,001,001,2,045,045.jpg,566,77.791263,1779115160.150823,9.416667,36.0,-394.0,0.0,0.0,2940,1912,1.135179,0.82,0.0,0.0,pix
real_001_s001_2026-05-18_16-38-02-358,001,001,2,045,045.jpg,567,77.807929,1779115160.16749,9.433333,36.0,-394.0,0.0,0.0,2940,1912,1.135179,0.82,0.0,0.0,pix
real_001_s001_2026-05-18_16-38-02-358,001,001,2,045,045.jpg,568,77.824596,1779115160.184156,9.45,36.0,-394.0,0.0,0.0,2940,1912,1.135179,0.82,0.0,0.0,pix
real_001_s001_2026-05-18_16-38-02-358,001,001,2,045,045.jpg,569,77.841263,1779115160.200823,9.466667,36.0,-394.0,0.0,0.0,2940,1912,1.135179,0.82,0.0,0.0,pix
real_001_s001_2026-05-18_16-38-02-358,001,001,2,045,045.jpg,570,77.857929,1779115160.217489,9.483333,36.0,-394.0,0.0,0.0,2940,1912,1.135179,0.82,0.0,0.0,pix
real_001_s001_2026-05-18_16-38-02-358,001,001,2,045,045.jpg,571,77.874596,1779115160.234156,9.5,36.0,-394.0,0.0,0.0,2940,1912,1.135179,0.82,0.0,0.0,pix
real_001_s001_2026-05-18_16-38-02-358,001,001,2,045,045.jpg,572,77.891263,1779115160.250823,9.516667,36.0,-394.0,0.0,0.0,2940,1912,1.135179,0.82,0.0,0.0,pix
real_001_s001_2026-05-18_16-38-02-358,001,001,2,045,045.jpg,573,77.907929,1779115160.267489,9.533333,36.0,-394.0,0.0,0.0,2940,1912,1.135179,0.82,0.0,0.0,pix
real_001_s001_2026-05-18_16-38-02-358,001,001,2,045,045.jpg,574,77.924596,1779115160.284156,9.55,36.0,-394.0,0.0,0.0,2940,1912,1.135179,0.82,0.0,0.0,pix
real_001_s001_2026-05-18_16-38-02-358,001,001,2,045,045.jpg,575,77.941263,1779115160.300823,9.566667,36.0,-394.0,0.0,0.0,2940,1912,1.135179,0.82,0.0,0.0,pix
real_001_s001_2026-05-18_16-38-02-358,001,001,2,045,045.jpg,576,77.957929,1779115160.317489,9.583333,36.0,-394.0,0.0,0.0,2940,1912,1.135179,0.82,0.0,0.0,pix
real_001_s001_2026-05-18_16-38-02-358,001,001,2,045,045.jpg,577,77.974596,1779115160.334156,9.6,36.0,-394.0,0.0,0.0,2940,1912,1.135179,0.82,0.0,0.0,pix
real_001_s001_2026-05-18_16-38-02-358,001,001,2,045,045.jpg,578,77.991263,1779115160.350823,9.616667,36.0,-394.0,0.0,0.0,2940,1912,1.135179,0.82,0.0,0.0,pix
real_001_s001_2026-05-18_16-38-02-358,001,001,2,045,045.jpg,579,78.007929,1779115160.36749,9.633333,36.0,-394.0,0.0,0.0,2940,1912,1.135179,0.82,0.0,0.0,pix
real_001_s001_2026-05-18_16-38-02-358,001,001,2,045,045.jpg,580,78.024596,1779115160.384156,9.65,36.0,-394.0,0.0,0.0,2940,1912,1.135179,0.82,0.0,0.0,pix
real_001_s001_2026-05-18_16-38-02-358,001,001,2,045,045.jpg,581,78.041263,1779115160.400823,9.666667,36.0,-394.0,0.0,0.0,2940,1912,1.135179,0.82,0.0,0.0,pix
real_001_s001_2026-05-18_16-38-02-358,001,001,2,045,045.jpg,582,78.057929,1779115160.41749,9.683333,36.0,-394.0,0.0,0.0,2940,1912,1.135179,0.82,0.0,0.0,pix
real_001_s001_2026-05-18_16-38-02-358,001,001,2,045,045.jpg,583,78.074596,1779115160.434156,9.7,36.0,-394.0,0.0,0.0,2940,1912,1.135179,0.82,0.0,0.0,pix
real_001_s001_2026-05-18_16-38-02-358,001,001,2,045,045.jpg,584,78.091263,1779115160.450823,9.716667,36.0,-394.0,0.0,0.0,2940,1912,1.135179,0.82,0.0,0.0,pix
real_001_s001_2026-05-18_16-38-02-358,001,001,2,045,045.jpg,585,78.107929,1779115160.467489,9.733333,36.0,-394.0,0.0,0.0,2940,1912,1.135179,0.82,0.0,0.0,pix
real_001_s001_2026-05-18_16-38-02-358,001,001,2,045,045.jpg,586,78.124596,1779115160.484156,9.75,36.0,-394.0,0.0,0.0,2940,1912,1.135179,0.82,0.0,0.0,pix
real_001_s001_2026-05-18_16-38-02-358,001,001,2,045,045.jpg,587,78.141263,1779115160.500823,9.766667,36.0,-394.0,0.0,0.0,2940,1912,1.135179,0.82,0.0,0.0,pix
real_001_s001_2026-05-18_16-38-02-358,001,001,2,045,045.jpg,588,78.157929,1779115160.517489,9.783333,36.0,-394.0,0.0,0.0,2940,1912,1.135179,0.82,0.0,0.0,pix
real_001_s001_2026-05-18_16-38-02-358,001,001,2,045,045.jpg,589,78.174596,1779115160.534156,9.8,36.0,-394.0,0.0,0.0,2940,1912,1.135179,0.82,0.0,0.0,pix
real_001_s001_2026-05-18_16-38-02-358,001,001,2,045,045.jpg,590,78.191263,1779115160.550823,9.816667,36.0,-394.0,0.0,0.0,2940,1912,1.135179,0.82,0.0,0.0,pix
real_001_s001_2026-05-18_16-38-02-358,001,001,2,045,045.jpg,591,78.207929,1779115160.567489,9.833333,36.0,-394.0,0.0,0.0,2940,1912,1.135179,0.82,0.0,0.0,pix
real_001_s001_2026-05-18_16-38-02-358,001,001,2,045,045.jpg,592,78.224596,1779115160.584156,9.85,36.0,-394.0,0.0,0.0,2940,1912,1.135179,0.82,0.0,0.0,pix
real_001_s001_2026-05-18_16-38-02-358,001,001,2,045,045.jpg,593,78.241263,1779115160.600823,9.866667,36.0,-394.0,0.0,0.0,2940,1912,1.135179,0.82,0.0,0.0,pix
real_001_s001_2026-05-18_16-38-02-358,001,001,2,045,045.jpg,594,78.257929,1779115160.61749,9.883333,36.0,-394.0,0.0,0.0,2940,1912,1.135179,0.82,0.0,0.0,pix
real_001_s001_2026-05-18_16-38-02-358,001,001,2,045,045.jpg,595,78.274596,1779115160.634156,9.9,36.0,-394.0,0.0,0.0,2940,1912,1.135179,0.82,0.0,0.0,pix
real_001_s001_2026-05-18_16-38-02-358,001,001,2,045,045.jpg,596,78.291263,1779115160.650823,9.916667,36.0,-394.0,0.0,0.0,2940,1912,1.135179,0.82,0.0,0.0,pix
real_001_s001_2026-05-18_16-38-02-358,001,001,2,045,045.jpg,597,78.307929,1779115160.66749,9.933333,36.0,-394.0,0.0,0.0,2940,1912,1.135179,0.82,0.0,0.0,pix
real_001_s001_2026-05-18_16-38-02-358,001,001,2,045,045.jpg,598,78.324596,1779115160.684156,9.95,36.0,-394.0,0.0,0.0,2940,1912,1.135179,0.82,0.0,0.0,pix
real_001_s001_2026-05-18_16-38-02-358,001,001,2,045,045.jpg,599,78.341263,1779115160.700823,9.966667,36.0,-394.0,0.0,0.0,2940,1912,1.135179,0.82,0.0,0.0,pix
real_001_s001_2026-05-18_16-38-02-358,001,001,2,045,045.jpg,600,78.357929,1779115160.717489,9.983333,36.0,-394.0,0.0,0.0,2940,1912,1.135179,0.82,0.0,0.0,pix
real_001_s001_2026-05-18_16-38-02-358,001,001,2,045,045.jpg,601,78.374596,1779115160.734156,10.0,36.0,-394.0,0.0,0.0,2940,1912,1.135179,0.82,0.0,0.0,pix
real_001_s001_2026-05-18_16-38-02-358,001,001,2,045,045.jpg,602,78.391263,1779115160.750823,10.016667,36.0,-394.0,0.0,0.0,2940,1912,1.135179,0.82,0.0,0.0,pix
real_001_s001_2026-05-18_16-38-02-358,001,001,2,045,045.jpg,603,78.407929,1779115160.767489,10.033333,36.0,-394.0,0.0,0.0,2940,1912,1.135179,0.82,0.0,0.0,pix
real_001_s001_2026-05-18_16-38-02-358,001,001,2,045,045.jpg,604,78.424596,1779115160.784156,10.05,36.0,-394.0,0.0,0.0,2940,1912,1.135179,0.82,0.0,0.0,pix
real_001_s001_2026-05-18_16-38-02-358,001,001,2,045,045.jpg,605,78.441263,1779115160.800823,10.066667,36.0,-394.0,0.0,0.0,2940,1912,1.135179,0.82,0.0,0.0,pix
real_001_s001_2026-05-18_16-38-02-358,001,001,2,045,045.jpg,606,78.457929,1779115160.817489,10.083333,36.0,-394.0,0.0,0.0,2940,1912,1.135179,0.82,0.0,0.0,pix
real_001_s001_2026-05-18_16-38-02-358,001,001,2,045,045.jpg,607,78.474596,1779115160.834156,10.1,36.0,-394.0,0.0,0.0,2940,1912,1.135179,0.82,0.0,0.0,pix
real_001_s001_2026-05-18_16-38-02-358,001,001,2,045,045.jpg,608,78.491263,1779115160.850823,10.116667,36.0,-394.0,0.0,0.0,2940,1912,1.135179,0.82,0.0,0.0,pix
real_001_s001_2026-05-18_16-38-02-358,001,001,2,045,045.jpg,609,78.507929,1779115160.86749,10.133333,36.0,-394.0,0.0,0.0,2940,1912,1.135179,0.82,0.0,0.0,pix
real_001_s001_2026-05-18_16-38-02-358,001,001,2,045,045.jpg,610,78.524596,1779115160.884156,10.15,36.0,-394.0,0.0,0.0,2940,1912,1.135179,0.82,0.0,0.0,pix
real_001_s001_2026-05-18_16-38-02-358,001,001,2,045,045.jpg,611,78.541263,1779115160.900823,10.166667,36.0,-394.0,0.0,0.0,2940,1912,1.135179,0.82,0.0,0.0,pix
real_001_s001_2026-05-18_16-38-02-358,001,001,2,045,045.jpg,612,78.557929,1779115160.91749,10.183333,36.0,-394.0,0.0,0.0,2940,1912,1.135179,0.82,0.0,0.0,pix
real_001_s001_2026-05-18_16-38-02-358,001,001,2,045,045.jpg,613,78.574596,1779115160.934156,10.2,36.0,-394.0,0.0,0.0,2940,1912,1.135179,0.82,0.0,0.0,pix
real_001_s001_2026-05-18_16-38-02-358,001,001,2,045,045.jpg,614,78.591263,1779115160.950823,10.216667,36.0,-394.0,0.0,0.0,2940,1912,1.135179,0.82,0.0,0.0,pix
real_001_s001_2026-05-18_16-38-02-358,001,001,2,045,045.jpg,615,78.607929,1779115160.967489,10.233333,36.0,-394.0,0.0,0.0,2940,1912,1.135179,0.82,0.0,0.0,pix
real_001_s001_2026-05-18_16-38-02-358,001,001,2,045,045.jpg,616,78.624596,1779115160.984156,10.25,36.0,-394.0,0.0,0.0,2940,1912,1.135179,0.82,0.0,0.0,pix
real_001_s001_2026-05-18_16-38-02-358,001,001,2,045,045.jpg,617,78.641263,1779115161.000823,10.266667,36.0,-394.0,0.0,0.0,2940,1912,1.135179,0.82,0.0,0.0,pix
real_001_s001_2026-05-18_16-38-02-358,001,001,2,045,045.jpg,618,78.657929,1779115161.017489,10.283333,36.0,-394.0,0.0,0.0,2940,1912,1.135179,0.82,0.0,0.0,pix
real_001_s001_2026-05-18_16-38-02-358,001,001,2,045,045.jpg,619,78.674596,1779115161.034156,10.3,36.0,-394.0,0.0,0.0,2940,1912,1.135179,0.82,0.0,0.0,pix
real_001_s001_2026-05-18_16-38-02-358,001,001,2,045,045.jpg,620,78.691263,1779115161.050823,10.316667,36.0,-394.0,0.0,0.0,2940,1912,1.135179,0.82,0.0,0.0,pix
real_001_s001_2026-05-18_16-38-02-358,001,001,2,045,045.jpg,621,78.707929,1779115161.067489,10.333333,36.0,-394.0,0.0,0.0,2940,1912,1.135179,0.82,0.0,0.0,pix
real_001_s001_2026-05-18_16-38-02-358,001,001,2,045,045.jpg,622,78.724596,1779115161.084156,10.35,36.0,-394.0,0.0,0.0,2940,1912,1.135179,0.82,0.0,0.0,pix
real_001_s001_2026-05-18_16-38-02-358,001,001,2,045,045.jpg,623,78.741263,1779115161.100823,10.366667,36.0,-394.0,0.0,0.0,2940,1912,1.135179,0.82,0.0,0.0,pix
real_001_s001_2026-05-18_16-38-02-358,001,001,2,045,045.jpg,624,78.757929,1779115161.11749,10.383333,36.0,-394.0,0.0,0.0,2940,1912,1.135179,0.82,0.0,0.0,pix
real_001_s001_2026-05-18_16-38-02-358,001,001,2,045,045.jpg,625,78.774596,1779115161.134156,10.4,36.0,-394.0,0.0,0.0,2940,1912,1.135179,0.82,0.0,0.0,pix
real_001_s001_2026-05-18_16-38-02-358,001,001,2,045,045.jpg,626,78.791263,1779115161.150823,10.416667,36.0,-394.0,0.0,0.0,2940,1912,1.135179,0.82,0.0,0.0,pix
real_001_s001_2026-05-18_16-38-02-358,001,001,2,045,045.jpg,627,78.807929,1779115161.16749,10.433333,36.0,-394.0,0.0,0.0,2940,1912,1.135179,0.82,0.0,0.0,pix
real_001_s001_2026-05-18_16-38-02-358,001,001,2,045,045.jpg,628,78.824596,1779115161.184156,10.45,36.0,-394.0,0.0,0.0,2940,1912,1.135179,0.82,0.0,0.0,pix
real_001_s001_2026-05-18_16-38-02-358,001,001,2,045,045.jpg,629,78.841263,1779115161.200823,10.466667,36.0,-394.0,0.0,0.0,2940,1912,1.135179,0.82,0.0,0.0,pix
real_001_s001_2026-05-18_16-38-02-358,001,001,2,045,045.jpg,630,78.857929,1779115161.217489,10.483333,36.0,-394.0,0.0,0.0,2940,1912,1.135179,0.82,0.0,0.0,pix
real_001_s001_2026-05-18_16-38-02-358,001,001,2,045,045.jpg,631,78.874596,1779115161.234156,10.5,36.0,-394.0,0.0,0.0,2940,1912,1.135179,0.82,0.0,0.0,pix
real_001_s001_2026-05-18_16-38-02-358,001,001,2,045,045.jpg,632,78.891263,1779115161.250823,10.516667,36.0,-394.0,0.0,0.0,2940,1912,1.135179,0.82,0.0,0.0,pix
real_001_s001_2026-05-18_16-38-02-358,001,001,2,045,045.jpg,633,78.907929,1779115161.267489,10.533333,36.0,-394.0,0.0,0.0,2940,1912,1.135179,0.82,0.0,0.0,pix
real_001_s001_2026-05-18_16-38-02-358,001,001,2,045,045.jpg,634,78.924596,1779115161.284156,10.55,36.0,-394.0,0.0,0.0,2940,1912,1.135179,0.82,0.0,0.0,pix
real_001_s001_2026-05-18_16-38-02-358,001,001,2,045,045.jpg,635,78.941263,1779115161.300823,10.566667,36.0,-394.0,0.0,0.0,2940,1912,1.135179,0.82,0.0,0.0,pix
real_001_s001_2026-05-18_16-38-02-358,001,001,2,045,045.jpg,636,78.957929,1779115161.317489,10.583333,36.0,-394.0,0.0,0.0,2940,1912,1.135179,0.82,0.0,0.0,pix
real_001_s001_2026-05-18_16-38-02-358,001,001,2,045,045.jpg,637,78.974596,1779115161.334156,10.6,36.0,-394.0,0.0,0.0,2940,1912,1.135179,0.82,0.0,0.0,pix
real_001_s001_2026-05-18_16-38-02-358,001,001,2,045,045.jpg,638,78.991263,1779115161.350823,10.616667,36.0,-394.0,0.0,0.0,2940,1912,1.135179,0.82,0.0,0.0,pix
real_001_s001_2026-05-18_16-38-02-358,001,001,2,045,045.jpg,639,79.007929,1779115161.36749,10.633333,36.0,-394.0,0.0,0.0,2940,1912,1.135179,0.82,0.0,0.0,pix
real_001_s001_2026-05-18_16-38-02-358,001,001,2,045,045.jpg,640,79.024596,1779115161.384156,10.65,36.0,-394.0,0.0,0.0,2940,1912,1.135179,0.82,0.0,0.0,pix
real_001_s001_2026-05-18_16-38-02-358,001,001,2,045,045.jpg,641,79.041263,1779115161.400823,10.666667,36.0,-394.0,0.0,0.0,2940,1912,1.135179,0.82,0.0,0.0,pix
real_001_s001_2026-05-18_16-38-02-358,001,001,2,045,045.jpg,642,79.057929,1779115161.41749,10.683333,36.0,-394.0,0.0,0.0,2940,1912,1.135179,0.82,0.0,0.0,pix
real_001_s001_2026-05-18_16-38-02-358,001,001,2,045,045.jpg,643,79.074596,1779115161.434156,10.7,36.0,-394.0,0.0,0.0,2940,1912,1.135179,0.82,0.0,0.0,pix
real_001_s001_2026-05-18_16-38-02-358,001,001,2,045,045.jpg,644,79.091263,1779115161.450823,10.716667,36.0,-394.0,0.0,0.0,2940,1912,1.135179,0.82,0.0,0.0,pix
real_001_s001_2026-05-18_16-38-02-358,001,001,2,045,045.jpg,645,79.107929,1779115161.467489,10.733333,36.0,-394.0,0.0,0.0,2940,1912,1.135179,0.82,0.0,0.0,pix
real_001_s001_2026-05-18_16-38-02-358,001,001,2,045,045.jpg,646,79.124596,1779115161.484156,10.75,36.0,-394.0,0.0,0.0,2940,1912,1.135179,0.82,0.0,0.0,pix
real_001_s001_2026-05-18_16-38-02-358,001,001,2,045,045.jpg,647,79.141263,1779115161.500823,10.766667,36.0,-394.0,0.0,0.0,2940,1912,1.135179,0.82,0.0,0.0,pix
real_001_s001_2026-05-18_16-38-02-358,001,001,2,045,045.jpg,648,79.157929,1779115161.517489,10.783333,36.0,-394.0,0.0,0.0,2940,1912,1.135179,0.82,0.0,0.0,pix
real_001_s001_2026-05-18_16-38-02-358,001,001,2,045,045.jpg,649,79.174596,1779115161.534156,10.8,36.0,-394.0,0.0,0.0,2940,1912,1.135179,0.82,0.0,0.0,pix
real_001_s001_2026-05-18_16-38-02-358,001,001,2,045,045.jpg,650,79.191263,1779115161.550823,10.816667,36.0,-394.0,0.0,0.0,2940,1912,1.135179,0.82,0.0,0.0,pix
real_001_s001_2026-05-18_16-38-02-358,001,001,2,045,045.jpg,651,79.207929,1779115161.567489,10.833333,36.0,-394.0,0.0,0.0,2940,1912,1.135179,0.82,0.0,0.0,pix
real_001_s001_2026-05-18_16-38-02-358,001,001,2,045,045.jpg,652,79.224596,1779115161.584156,10.85,36.0,-394.0,0.0,0.0,2940,1912,1.135179,0.82,0.0,0.0,pix
real_001_s001_2026-05-18_16-38-02-358,001,001,2,045,045.jpg,653,79.241263,1779115161.600823,10.866667,36.0,-394.0,0.0,0.0,2940,1912,1.135179,0.82,0.0,0.0,pix
real_001_s001_2026-05-18_16-38-02-358,001,001,2,045,045.jpg,654,79.257929,1779115161.61749,10.883333,36.0,-394.0,0.0,0.0,2940,1912,1.135179,0.82,0.0,0.0,pix
real_001_s001_2026-05-18_16-38-02-358,001,001,2,045,045.jpg,655,79.274596,1779115161.634156,10.9,36.0,-394.0,0.0,0.0,2940,1912,1.135179,0.82,0.0,0.0,pix
real_001_s001_2026-05-18_16-38-02-358,001,001,2,045,045.jpg,656,79.291263,1779115161.650823,10.916667,36.0,-394.0,0.0,0.0,2940,1912,1.135179,0.82,0.0,0.0,pix
real_001_s001_2026-05-18_16-38-02-358,001,001,2,045,045.jpg,657,79.307929,1779115161.66749,10.933333,36.0,-394.0,0.0,0.0,2940,1912,1.135179,0.82,0.0,0.0,pix
real_001_s001_2026-05-18_16-38-02-358,001,001,2,045,045.jpg,658,79.324596,1779115161.684156,10.95,36.0,-394.0,0.0,0.0,2940,1912,1.135179,0.82,0.0,0.0,pix
real_001_s001_2026-05-18_16-38-02-358,001,001,2,045,045.jpg,659,79.341263,1779115161.700823,10.966667,36.0,-394.0,0.0,0.0,2940,1912,1.135179,0.82,0.0,0.0,pix
real_001_s001_2026-05-18_16-38-02-358,001,001,2,045,045.jpg,660,79.357929,1779115161.717489,10.983333,36.0,-394.0,0.0,0.0,2940,1912,1.135179,0.82,0.0,0.0,pix
real_001_s001_2026-05-18_16-38-02-358,001,001,2,045,045.jpg,661,79.374596,1779115161.734156,11.0,36.0,-394.0,0.0,0.0,2940,1912,1.135179,0.82,0.0,0.0,pix
