run_id,participant,session,trial_index,trial_id,image_file,sample_index,sample_session_s,sample_unix_s,sample_from_image_onset_s,gaze_x_pix,gaze_y_pix,gaze_movement_px,gaze_movement_cumulative_px,screen_width_px,screen_height_px,image_stim_width_units,image_stim_height_units,image_stim_center_x_units,image_stim_center_y_units,units
real_001_s001_2026-05-18_22-18-09-416,001,001,1,074,074.jpg,1,78.305413,1779135567.723025,0.0,186.0,-58.0,0.0,0.0,2940,1912,1.010267,0.82,0.0,0.0,pix
real_001_s001_2026-05-18_22-18-09-416,001,001,1,074,074.jpg,2,78.32208,1779135567.739691,0.016667,186.0,-58.0,0.0,0.0,2940,1912,1.010267,0.82,0.0,0.0,pix
real_001_s001_2026-05-18_22-18-09-416,001,001,1,074,074.jpg,3,78.338746,1779135567.756358,0.033333,186.0,-58.0,0.0,0.0,2940,1912,1.010267,0.82,0.0,0.0,pix
real_001_s001_2026-05-18_22-18-09-416,001,001,1,074,074.jpg,4,78.355413,1779135567.773025,0.05,186.0,-58.0,0.0,0.0,2940,1912,1.010267,0.82,0.0,0.0,pix
real_001_s001_2026-05-18_22-18-09-416,001,001,1,074,074.jpg,5,78.37208,1779135567.789691,0.066667,186.0,-58.0,0.0,0.0,2940,1912,1.010267,0.82,0.0,0.0,pix
real_001_s001_2026-05-18_22-18-09-416,001,001,1,074,074.jpg,6,78.388746,1779135567.806358,0.083333,186.0,-58.0,0.0,0.0,2940,1912,1.010267,0.82,0.0,0.0,pix
real_001_s001_2026-05-18_22-18-09-416,001,001,1,074,074.jpg,7,78.405413,1779135567.823025,0.1,186.0,-58.0,0.0,0.0,2940,1912,1.010267,0.82,0.0,0.0,pix
real_001_s001_2026-05-18_22-18-09-416,001,001,1,074,074.jpg,8,78.42208,1779135567.839691,0.116667,186.0,-58.0,0.0,0.0,2940,1912,1.010267,0.82,0.0,0.0,pix
real_001_s001_2026-05-18_22-18-09-416,001,001,1,074,074.jpg,9,78.438746,1779135567.856358,0.133333,186.0,-58.0,0.0,0.0,2940,1912,1.010267,0.82,0.0,0.0,pix
real_001_s001_2026-05-18_22-18-09-416,001,001,1,074,074.jpg,10,78.455413,1779135567.873025,0.15,186.0,-58.0,0.0,0.0,2940,1912,1.010267,0.82,0.0,0.0,pix
real_001_s001_2026-05-18_22-18-09-416,001,001,1,074,074.jpg,11,78.47208,1779135567.889692,0.166667,186.0,-58.0,0.0,0.0,2940,1912,1.010267,0.82,0.0,0.0,pix
real_001_s001_2026-05-18_22-18-09-416,001,001,1,074,074.jpg,12,78.488746,1779135567.906358,0.183333,186.0,-58.0,0.0,0.0,2940,1912,1.010267,0.82,0.0,0.0,pix
real_001_s001_2026-05-18_22-18-09-416,001,001,1,074,074.jpg,13,78.505413,1779135567.923025,0.2,186.0,-58.0,0.0,0.0,2940,1912,1.010267,0.82,0.0,0.0,pix
real_001_s001_2026-05-18_22-18-09-416,001,001,1,074,074.jpg,14,78.52208,1779135567.939692,0.216667,186.0,-58.0,0.0,0.0,2940,1912,1.010267,0.82,0.0,0.0,pix
real_001_s001_2026-05-18_22-18-09-416,001,001,1,074,074.jpg,15,78.538746,1779135567.956358,0.233333,186.0,-58.0,0.0,0.0,2940,1912,1.010267,0.82,0.0,0.0,pix
real_001_s001_2026-05-18_22-18-09-416,001,001,1,074,074.jpg,16,78.555413,1779135567.973025,0.25,186.0,-58.0,0.0,0.0,2940,1912,1.010267,0.82,0.0,0.0,pix
real_001_s001_2026-05-18_22-18-09-416,001,001,1,074,074.jpg,17,78.57208,1779135567.989691,0.266667,186.0,-58.0,0.0,0.0,2940,1912,1.010267,0.82,0.0,0.0,pix
real_001_s001_2026-05-18_22-18-09-416,001,001,1,074,074.jpg,18,78.588746,1779135568.006358,0.283333,186.0,-58.0,0.0,0.0,2940,1912,1.010267,0.82,0.0,0.0,pix
real_001_s001_2026-05-18_22-18-09-416,001,001,1,074,074.jpg,19,78.605413,1779135568.023025,0.3,186.0,-58.0,0.0,0.0,2940,1912,1.010267,0.82,0.0,0.0,pix
real_001_s001_2026-05-18_22-18-09-416,001,001,1,074,074.jpg,20,78.62208,1779135568.039691,0.316667,186.0,-58.0,0.0,0.0,2940,1912,1.010267,0.82,0.0,0.0,pix
real_001_s001_2026-05-18_22-18-09-416,001,001,1,074,074.jpg,21,78.638746,1779135568.056358,0.333333,186.0,-58.0,0.0,0.0,2940,1912,1.010267,0.82,0.0,0.0,pix
real_001_s001_2026-05-18_22-18-09-416,001,001,1,074,074.jpg,22,78.655413,1779135568.073025,0.35,186.0,-58.0,0.0,0.0,2940,1912,1.010267,0.82,0.0,0.0,pix
real_001_s001_2026-05-18_22-18-09-416,001,001,1,074,074.jpg,23,78.67208,1779135568.089691,0.366667,186.0,-58.0,0.0,0.0,2940,1912,1.010267,0.82,0.0,0.0,pix
real_001_s001_2026-05-18_22-18-09-416,001,001,1,074,074.jpg,24,78.688746,1779135568.106358,0.383333,186.0,-58.0,0.0,0.0,2940,1912,1.010267,0.82,0.0,0.0,pix
real_001_s001_2026-05-18_22-18-09-416,001,001,1,074,074.jpg,25,78.705413,1779135568.123025,0.4,186.0,-58.0,0.0,0.0,2940,1912,1.010267,0.82,0.0,0.0,pix
real_001_s001_2026-05-18_22-18-09-416,001,001,1,074,074.jpg,26,78.72208,1779135568.139692,0.416667,186.0,-58.0,0.0,0.0,2940,1912,1.010267,0.82,0.0,0.0,pix
real_001_s001_2026-05-18_22-18-09-416,001,001,1,074,074.jpg,27,78.738746,1779135568.156358,0.433333,186.0,-58.0,0.0,0.0,2940,1912,1.010267,0.82,0.0,0.0,pix
real_001_s001_2026-05-18_22-18-09-416,001,001,1,074,074.jpg,28,78.755413,1779135568.173025,0.45,186.0,-58.0,0.0,0.0,2940,1912,1.010267,0.82,0.0,0.0,pix
real_001_s001_2026-05-18_22-18-09-416,001,001,1,074,074.jpg,29,78.77208,1779135568.189692,0.466667,186.0,-58.0,0.0,0.0,2940,1912,1.010267,0.82,0.0,0.0,pix
real_001_s001_2026-05-18_22-18-09-416,001,001,1,074,074.jpg,30,78.788746,1779135568.206358,0.483333,186.0,-58.0,0.0,0.0,2940,1912,1.010267,0.82,0.0,0.0,pix
real_001_s001_2026-05-18_22-18-09-416,001,001,1,074,074.jpg,31,78.805413,1779135568.223025,0.5,186.0,-58.0,0.0,0.0,2940,1912,1.010267,0.82,0.0,0.0,pix
real_001_s001_2026-05-18_22-18-09-416,001,001,1,074,074.jpg,32,78.82208,1779135568.239691,0.516667,186.0,-58.0,0.0,0.0,2940,1912,1.010267,0.82,0.0,0.0,pix
real_001_s001_2026-05-18_22-18-09-416,001,001,1,074,074.jpg,33,78.838746,1779135568.256358,0.533333,186.0,-58.0,0.0,0.0,2940,1912,1.010267,0.82,0.0,0.0,pix
real_001_s001_2026-05-18_22-18-09-416,001,001,1,074,074.jpg,34,78.855413,1779135568.273025,0.55,186.0,-58.0,0.0,0.0,2940,1912,1.010267,0.82,0.0,0.0,pix
real_001_s001_2026-05-18_22-18-09-416,001,001,1,074,074.jpg,35,78.87208,1779135568.289691,0.566667,186.0,-58.0,0.0,0.0,2940,1912,1.010267,0.82,0.0,0.0,pix
real_001_s001_2026-05-18_22-18-09-416,001,001,1,074,074.jpg,36,78.888746,1779135568.306358,0.583333,186.0,-58.0,0.0,0.0,2940,1912,1.010267,0.82,0.0,0.0,pix
real_001_s001_2026-05-18_22-18-09-416,001,001,1,074,074.jpg,37,78.905413,1779135568.323025,0.6,186.0,-58.0,0.0,0.0,2940,1912,1.010267,0.82,0.0,0.0,pix
real_001_s001_2026-05-18_22-18-09-416,001,001,1,074,074.jpg,38,78.92208,1779135568.339691,0.616667,186.0,-58.0,0.0,0.0,2940,1912,1.010267,0.82,0.0,0.0,pix
real_001_s001_2026-05-18_22-18-09-416,001,001,1,074,074.jpg,39,78.938746,1779135568.356358,0.633333,186.0,-58.0,0.0,0.0,2940,1912,1.010267,0.82,0.0,0.0,pix
real_001_s001_2026-05-18_22-18-09-416,001,001,1,074,074.jpg,40,78.955413,1779135568.373025,0.65,186.0,-58.0,0.0,0.0,2940,1912,1.010267,0.82,0.0,0.0,pix
real_001_s001_2026-05-18_22-18-09-416,001,001,1,074,074.jpg,41,78.97208,1779135568.389692,0.666667,186.0,-58.0,0.0,0.0,2940,1912,1.010267,0.82,0.0,0.0,pix
real_001_s001_2026-05-18_22-18-09-416,001,001,1,074,074.jpg,42,78.988746,1779135568.406358,0.683333,186.0,-58.0,0.0,0.0,2940,1912,1.010267,0.82,0.0,0.0,pix
real_001_s001_2026-05-18_22-18-09-416,001,001,1,074,074.jpg,43,79.005413,1779135568.423025,0.7,186.0,-58.0,0.0,0.0,2940,1912,1.010267,0.82,0.0,0.0,pix
real_001_s001_2026-05-18_22-18-09-416,001,001,1,074,074.jpg,44,79.02208,1779135568.439692,0.716667,186.0,-58.0,0.0,0.0,2940,1912,1.010267,0.82,0.0,0.0,pix
real_001_s001_2026-05-18_22-18-09-416,001,001,1,074,074.jpg,45,79.038746,1779135568.456358,0.733333,186.0,-58.0,0.0,0.0,2940,1912,1.010267,0.82,0.0,0.0,pix
real_001_s001_2026-05-18_22-18-09-416,001,001,1,074,074.jpg,46,79.055413,1779135568.473025,0.75,186.0,-58.0,0.0,0.0,2940,1912,1.010267,0.82,0.0,0.0,pix
real_001_s001_2026-05-18_22-18-09-416,001,001,1,074,074.jpg,47,79.07208,1779135568.489691,0.766667,186.0,-58.0,0.0,0.0,2940,1912,1.010267,0.82,0.0,0.0,pix
real_001_s001_2026-05-18_22-18-09-416,001,001,1,074,074.jpg,48,79.088746,1779135568.506358,0.783333,186.0,-58.0,0.0,0.0,2940,1912,1.010267,0.82,0.0,0.0,pix
real_001_s001_2026-05-18_22-18-09-416,001,001,1,074,074.jpg,49,79.105413,1779135568.523025,0.8,186.0,-58.0,0.0,0.0,2940,1912,1.010267,0.82,0.0,0.0,pix
real_001_s001_2026-05-18_22-18-09-416,001,001,1,074,074.jpg,50,79.12208,1779135568.539691,0.816667,186.0,-58.0,0.0,0.0,2940,1912,1.010267,0.82,0.0,0.0,pix
real_001_s001_2026-05-18_22-18-09-416,001,001,1,074,074.jpg,51,79.138746,1779135568.556358,0.833333,186.0,-58.0,0.0,0.0,2940,1912,1.010267,0.82,0.0,0.0,pix
real_001_s001_2026-05-18_22-18-09-416,001,001,1,074,074.jpg,52,79.155413,1779135568.573025,0.85,186.0,-58.0,0.0,0.0,2940,1912,1.010267,0.82,0.0,0.0,pix
real_001_s001_2026-05-18_22-18-09-416,001,001,1,074,074.jpg,53,79.17208,1779135568.589691,0.866667,186.0,-58.0,0.0,0.0,2940,1912,1.010267,0.82,0.0,0.0,pix
real_001_s001_2026-05-18_22-18-09-416,001,001,1,074,074.jpg,54,79.188746,1779135568.606358,0.883333,186.0,-58.0,0.0,0.0,2940,1912,1.010267,0.82,0.0,0.0,pix
real_001_s001_2026-05-18_22-18-09-416,001,001,1,074,074.jpg,55,79.205413,1779135568.623025,0.9,186.0,-58.0,0.0,0.0,2940,1912,1.010267,0.82,0.0,0.0,pix
real_001_s001_2026-05-18_22-18-09-416,001,001,1,074,074.jpg,56,79.22208,1779135568.639692,0.916667,186.0,-58.0,0.0,0.0,2940,1912,1.010267,0.82,0.0,0.0,pix
real_001_s001_2026-05-18_22-18-09-416,001,001,1,074,074.jpg,57,79.238746,1779135568.656358,0.933333,186.0,-58.0,0.0,0.0,2940,1912,1.010267,0.82,0.0,0.0,pix
real_001_s001_2026-05-18_22-18-09-416,001,001,1,074,074.jpg,58,79.255413,1779135568.673025,0.95,186.0,-58.0,0.0,0.0,2940,1912,1.010267,0.82,0.0,0.0,pix
real_001_s001_2026-05-18_22-18-09-416,001,001,1,074,074.jpg,59,79.27208,1779135568.689692,0.966667,186.0,-58.0,0.0,0.0,2940,1912,1.010267,0.82,0.0,0.0,pix
real_001_s001_2026-05-18_22-18-09-416,001,001,1,074,074.jpg,60,79.288746,1779135568.706358,0.983333,186.0,-58.0,0.0,0.0,2940,1912,1.010267,0.82,0.0,0.0,pix
real_001_s001_2026-05-18_22-18-09-416,001,001,1,074,074.jpg,61,79.305413,1779135568.723025,1.0,186.0,-58.0,0.0,0.0,2940,1912,1.010267,0.82,0.0,0.0,pix
real_001_s001_2026-05-18_22-18-09-416,001,001,1,074,074.jpg,62,79.32208,1779135568.739691,1.016667,186.0,-58.0,0.0,0.0,2940,1912,1.010267,0.82,0.0,0.0,pix
real_001_s001_2026-05-18_22-18-09-416,001,001,1,074,074.jpg,63,79.338746,1779135568.756358,1.033333,186.0,-58.0,0.0,0.0,2940,1912,1.010267,0.82,0.0,0.0,pix
real_001_s001_2026-05-18_22-18-09-416,001,001,1,074,074.jpg,64,79.355413,1779135568.773025,1.05,186.0,-58.0,0.0,0.0,2940,1912,1.010267,0.82,0.0,0.0,pix
real_001_s001_2026-05-18_22-18-09-416,001,001,1,074,074.jpg,65,79.37208,1779135568.789691,1.066667,186.0,-58.0,0.0,0.0,2940,1912,1.010267,0.82,0.0,0.0,pix
real_001_s001_2026-05-18_22-18-09-416,001,001,1,074,074.jpg,66,79.388746,1779135568.806358,1.083333,186.0,-58.0,0.0,0.0,2940,1912,1.010267,0.82,0.0,0.0,pix
real_001_s001_2026-05-18_22-18-09-416,001,001,1,074,074.jpg,67,79.405413,1779135568.823025,1.1,186.0,-58.0,0.0,0.0,2940,1912,1.010267,0.82,0.0,0.0,pix
real_001_s001_2026-05-18_22-18-09-416,001,001,1,074,074.jpg,68,79.42208,1779135568.839691,1.116667,186.0,-58.0,0.0,0.0,2940,1912,1.010267,0.82,0.0,0.0,pix
real_001_s001_2026-05-18_22-18-09-416,001,001,1,074,074.jpg,69,79.438746,1779135568.856358,1.133333,186.0,-58.0,0.0,0.0,2940,1912,1.010267,0.82,0.0,0.0,pix
real_001_s001_2026-05-18_22-18-09-416,001,001,1,074,074.jpg,70,79.455413,1779135568.873025,1.15,186.0,-58.0,0.0,0.0,2940,1912,1.010267,0.82,0.0,0.0,pix
real_001_s001_2026-05-18_22-18-09-416,001,001,1,074,074.jpg,71,79.47208,1779135568.889692,1.166667,186.0,-58.0,0.0,0.0,2940,1912,1.010267,0.82,0.0,0.0,pix
real_001_s001_2026-05-18_22-18-09-416,001,001,1,074,074.jpg,72,79.488746,1779135568.906358,1.183333,186.0,-58.0,0.0,0.0,2940,1912,1.010267,0.82,0.0,0.0,pix
real_001_s001_2026-05-18_22-18-09-416,001,001,1,074,074.jpg,73,79.505413,1779135568.923025,1.2,186.0,-58.0,0.0,0.0,2940,1912,1.010267,0.82,0.0,0.0,pix
real_001_s001_2026-05-18_22-18-09-416,001,001,1,074,074.jpg,74,79.52208,1779135568.939692,1.216667,186.0,-58.0,0.0,0.0,2940,1912,1.010267,0.82,0.0,0.0,pix
real_001_s001_2026-05-18_22-18-09-416,001,001,1,074,074.jpg,75,79.538746,1779135568.956358,1.233333,186.0,-58.0,0.0,0.0,2940,1912,1.010267,0.82,0.0,0.0,pix
real_001_s001_2026-05-18_22-18-09-416,001,001,1,074,074.jpg,76,79.555413,1779135568.973025,1.25,186.0,-58.0,0.0,0.0,2940,1912,1.010267,0.82,0.0,0.0,pix
real_001_s001_2026-05-18_22-18-09-416,001,001,1,074,074.jpg,77,79.57208,1779135568.989691,1.266667,186.0,-58.0,0.0,0.0,2940,1912,1.010267,0.82,0.0,0.0,pix
real_001_s001_2026-05-18_22-18-09-416,001,001,1,074,074.jpg,78,79.588746,1779135569.006358,1.283333,186.0,-58.0,0.0,0.0,2940,1912,1.010267,0.82,0.0,0.0,pix
real_001_s001_2026-05-18_22-18-09-416,001,001,1,074,074.jpg,79,79.605413,1779135569.023025,1.3,186.0,-58.0,0.0,0.0,2940,1912,1.010267,0.82,0.0,0.0,pix
real_001_s001_2026-05-18_22-18-09-416,001,001,1,074,074.jpg,80,79.62208,1779135569.039691,1.316667,186.0,-58.0,0.0,0.0,2940,1912,1.010267,0.82,0.0,0.0,pix
real_001_s001_2026-05-18_22-18-09-416,001,001,1,074,074.jpg,81,79.638746,1779135569.056358,1.333333,186.0,-58.0,0.0,0.0,2940,1912,1.010267,0.82,0.0,0.0,pix
real_001_s001_2026-05-18_22-18-09-416,001,001,1,074,074.jpg,82,79.655413,1779135569.073025,1.35,186.0,-58.0,0.0,0.0,2940,1912,1.010267,0.82,0.0,0.0,pix
real_001_s001_2026-05-18_22-18-09-416,001,001,1,074,074.jpg,83,79.67208,1779135569.089691,1.366667,186.0,-58.0,0.0,0.0,2940,1912,1.010267,0.82,0.0,0.0,pix
real_001_s001_2026-05-18_22-18-09-416,001,001,1,074,074.jpg,84,79.688746,1779135569.106358,1.383333,186.0,-58.0,0.0,0.0,2940,1912,1.010267,0.82,0.0,0.0,pix
real_001_s001_2026-05-18_22-18-09-416,001,001,1,074,074.jpg,85,79.705413,1779135569.123025,1.4,186.0,-58.0,0.0,0.0,2940,1912,1.010267,0.82,0.0,0.0,pix
real_001_s001_2026-05-18_22-18-09-416,001,001,1,074,074.jpg,86,79.72208,1779135569.139692,1.416667,186.0,-58.0,0.0,0.0,2940,1912,1.010267,0.82,0.0,0.0,pix
real_001_s001_2026-05-18_22-18-09-416,001,001,1,074,074.jpg,87,79.738746,1779135569.156358,1.433333,186.0,-58.0,0.0,0.0,2940,1912,1.010267,0.82,0.0,0.0,pix
real_001_s001_2026-05-18_22-18-09-416,001,001,1,074,074.jpg,88,79.755413,1779135569.173025,1.45,186.0,-58.0,0.0,0.0,2940,1912,1.010267,0.82,0.0,0.0,pix
real_001_s001_2026-05-18_22-18-09-416,001,001,1,074,074.jpg,89,79.77208,1779135569.189692,1.466667,186.0,-58.0,0.0,0.0,2940,1912,1.010267,0.82,0.0,0.0,pix
real_001_s001_2026-05-18_22-18-09-416,001,001,1,074,074.jpg,90,79.788746,1779135569.206358,1.483333,186.0,-58.0,0.0,0.0,2940,1912,1.010267,0.82,0.0,0.0,pix
real_001_s001_2026-05-18_22-18-09-416,001,001,1,074,074.jpg,91,79.805413,1779135569.223025,1.5,186.0,-58.0,0.0,0.0,2940,1912,1.010267,0.82,0.0,0.0,pix
real_001_s001_2026-05-18_22-18-09-416,001,001,1,074,074.jpg,92,79.82208,1779135569.239691,1.516667,186.0,-58.0,0.0,0.0,2940,1912,1.010267,0.82,0.0,0.0,pix
real_001_s001_2026-05-18_22-18-09-416,001,001,1,074,074.jpg,93,79.838746,1779135569.256358,1.533333,186.0,-58.0,0.0,0.0,2940,1912,1.010267,0.82,0.0,0.0,pix
real_001_s001_2026-05-18_22-18-09-416,001,001,1,074,074.jpg,94,79.855413,1779135569.273025,1.55,186.0,-58.0,0.0,0.0,2940,1912,1.010267,0.82,0.0,0.0,pix
real_001_s001_2026-05-18_22-18-09-416,001,001,1,074,074.jpg,95,79.87208,1779135569.289691,1.566667,186.0,-58.0,0.0,0.0,2940,1912,1.010267,0.82,0.0,0.0,pix
real_001_s001_2026-05-18_22-18-09-416,001,001,1,074,074.jpg,96,79.888746,1779135569.306358,1.583333,186.0,-58.0,0.0,0.0,2940,1912,1.010267,0.82,0.0,0.0,pix
real_001_s001_2026-05-18_22-18-09-416,001,001,1,074,074.jpg,97,79.905413,1779135569.323025,1.6,186.0,-58.0,0.0,0.0,2940,1912,1.010267,0.82,0.0,0.0,pix
real_001_s001_2026-05-18_22-18-09-416,001,001,1,074,074.jpg,98,79.92208,1779135569.339691,1.616667,186.0,-58.0,0.0,0.0,2940,1912,1.010267,0.82,0.0,0.0,pix
real_001_s001_2026-05-18_22-18-09-416,001,001,1,074,074.jpg,99,79.938746,1779135569.356358,1.633333,186.0,-58.0,0.0,0.0,2940,1912,1.010267,0.82,0.0,0.0,pix
real_001_s001_2026-05-18_22-18-09-416,001,001,1,074,074.jpg,100,79.955413,1779135569.373025,1.65,186.0,-58.0,0.0,0.0,2940,1912,1.010267,0.82,0.0,0.0,pix
real_001_s001_2026-05-18_22-18-09-416,001,001,1,074,074.jpg,101,79.97208,1779135569.389692,1.666667,186.0,-58.0,0.0,0.0,2940,1912,1.010267,0.82,0.0,0.0,pix
real_001_s001_2026-05-18_22-18-09-416,001,001,1,074,074.jpg,102,79.988746,1779135569.406358,1.683333,186.0,-58.0,0.0,0.0,2940,1912,1.010267,0.82,0.0,0.0,pix
real_001_s001_2026-05-18_22-18-09-416,001,001,1,074,074.jpg,103,80.005413,1779135569.423025,1.7,186.0,-58.0,0.0,0.0,2940,1912,1.010267,0.82,0.0,0.0,pix
real_001_s001_2026-05-18_22-18-09-416,001,001,1,074,074.jpg,104,80.02208,1779135569.439692,1.716667,186.0,-58.0,0.0,0.0,2940,1912,1.010267,0.82,0.0,0.0,pix
real_001_s001_2026-05-18_22-18-09-416,001,001,1,074,074.jpg,105,80.038746,1779135569.456358,1.733333,186.0,-58.0,0.0,0.0,2940,1912,1.010267,0.82,0.0,0.0,pix
real_001_s001_2026-05-18_22-18-09-416,001,001,1,074,074.jpg,106,80.055413,1779135569.473025,1.75,186.0,-58.0,0.0,0.0,2940,1912,1.010267,0.82,0.0,0.0,pix
real_001_s001_2026-05-18_22-18-09-416,001,001,1,074,074.jpg,107,80.07208,1779135569.489691,1.766667,186.0,-58.0,0.0,0.0,2940,1912,1.010267,0.82,0.0,0.0,pix
real_001_s001_2026-05-18_22-18-09-416,001,001,1,074,074.jpg,108,80.088746,1779135569.506358,1.783333,186.0,-58.0,0.0,0.0,2940,1912,1.010267,0.82,0.0,0.0,pix
real_001_s001_2026-05-18_22-18-09-416,001,001,1,074,074.jpg,109,80.105413,1779135569.523025,1.8,186.0,-58.0,0.0,0.0,2940,1912,1.010267,0.82,0.0,0.0,pix
real_001_s001_2026-05-18_22-18-09-416,001,001,1,074,074.jpg,110,80.12208,1779135569.539691,1.816667,186.0,-58.0,0.0,0.0,2940,1912,1.010267,0.82,0.0,0.0,pix
real_001_s001_2026-05-18_22-18-09-416,001,001,1,074,074.jpg,111,80.138746,1779135569.556358,1.833333,186.0,-58.0,0.0,0.0,2940,1912,1.010267,0.82,0.0,0.0,pix
real_001_s001_2026-05-18_22-18-09-416,001,001,1,074,074.jpg,112,80.155413,1779135569.573025,1.85,186.0,-58.0,0.0,0.0,2940,1912,1.010267,0.82,0.0,0.0,pix
real_001_s001_2026-05-18_22-18-09-416,001,001,1,074,074.jpg,113,80.17208,1779135569.589691,1.866667,186.0,-58.0,0.0,0.0,2940,1912,1.010267,0.82,0.0,0.0,pix
real_001_s001_2026-05-18_22-18-09-416,001,001,1,074,074.jpg,114,80.188746,1779135569.606358,1.883333,186.0,-58.0,0.0,0.0,2940,1912,1.010267,0.82,0.0,0.0,pix
real_001_s001_2026-05-18_22-18-09-416,001,001,1,074,074.jpg,115,80.205413,1779135569.623025,1.9,186.0,-58.0,0.0,0.0,2940,1912,1.010267,0.82,0.0,0.0,pix
real_001_s001_2026-05-18_22-18-09-416,001,001,1,074,074.jpg,116,80.22208,1779135569.639692,1.916667,186.0,-58.0,0.0,0.0,2940,1912,1.010267,0.82,0.0,0.0,pix
real_001_s001_2026-05-18_22-18-09-416,001,001,1,074,074.jpg,117,80.238746,1779135569.656358,1.933333,186.0,-58.0,0.0,0.0,2940,1912,1.010267,0.82,0.0,0.0,pix
real_001_s001_2026-05-18_22-18-09-416,001,001,1,074,074.jpg,118,80.255413,1779135569.673025,1.95,186.0,-58.0,0.0,0.0,2940,1912,1.010267,0.82,0.0,0.0,pix
real_001_s001_2026-05-18_22-18-09-416,001,001,1,074,074.jpg,119,80.27208,1779135569.689692,1.966667,186.0,-58.0,0.0,0.0,2940,1912,1.010267,0.82,0.0,0.0,pix
real_001_s001_2026-05-18_22-18-09-416,001,001,1,074,074.jpg,120,80.288746,1779135569.706358,1.983333,186.0,-58.0,0.0,0.0,2940,1912,1.010267,0.82,0.0,0.0,pix
real_001_s001_2026-05-18_22-18-09-416,001,001,1,074,074.jpg,121,80.305413,1779135569.723025,2.0,186.0,-58.0,0.0,0.0,2940,1912,1.010267,0.82,0.0,0.0,pix
real_001_s001_2026-05-18_22-18-09-416,001,001,1,074,074.jpg,122,80.32208,1779135569.739691,2.016667,186.0,-58.0,0.0,0.0,2940,1912,1.010267,0.82,0.0,0.0,pix
real_001_s001_2026-05-18_22-18-09-416,001,001,1,074,074.jpg,123,80.338746,1779135569.756358,2.033333,186.0,-58.0,0.0,0.0,2940,1912,1.010267,0.82,0.0,0.0,pix
real_001_s001_2026-05-18_22-18-09-416,001,001,1,074,074.jpg,124,80.355413,1779135569.773025,2.05,186.0,-58.0,0.0,0.0,2940,1912,1.010267,0.82,0.0,0.0,pix
real_001_s001_2026-05-18_22-18-09-416,001,001,1,074,074.jpg,125,80.37208,1779135569.789691,2.066667,186.0,-58.0,0.0,0.0,2940,1912,1.010267,0.82,0.0,0.0,pix
real_001_s001_2026-05-18_22-18-09-416,001,001,1,074,074.jpg,126,80.388746,1779135569.806358,2.083333,186.0,-58.0,0.0,0.0,2940,1912,1.010267,0.82,0.0,0.0,pix
real_001_s001_2026-05-18_22-18-09-416,001,001,1,074,074.jpg,127,80.405413,1779135569.823025,2.1,186.0,-58.0,0.0,0.0,2940,1912,1.010267,0.82,0.0,0.0,pix
real_001_s001_2026-05-18_22-18-09-416,001,001,1,074,074.jpg,128,80.42208,1779135569.839691,2.116667,186.0,-58.0,0.0,0.0,2940,1912,1.010267,0.82,0.0,0.0,pix
real_001_s001_2026-05-18_22-18-09-416,001,001,1,074,074.jpg,129,80.438746,1779135569.856358,2.133333,186.0,-58.0,0.0,0.0,2940,1912,1.010267,0.82,0.0,0.0,pix
real_001_s001_2026-05-18_22-18-09-416,001,001,1,074,074.jpg,130,80.455413,1779135569.873025,2.15,186.0,-58.0,0.0,0.0,2940,1912,1.010267,0.82,0.0,0.0,pix
real_001_s001_2026-05-18_22-18-09-416,001,001,1,074,074.jpg,131,80.47208,1779135569.889692,2.166667,186.0,-58.0,0.0,0.0,2940,1912,1.010267,0.82,0.0,0.0,pix
real_001_s001_2026-05-18_22-18-09-416,001,001,1,074,074.jpg,132,80.488746,1779135569.906358,2.183333,186.0,-58.0,0.0,0.0,2940,1912,1.010267,0.82,0.0,0.0,pix
real_001_s001_2026-05-18_22-18-09-416,001,001,1,074,074.jpg,133,80.505413,1779135569.923025,2.2,186.0,-58.0,0.0,0.0,2940,1912,1.010267,0.82,0.0,0.0,pix
real_001_s001_2026-05-18_22-18-09-416,001,001,1,074,074.jpg,134,80.52208,1779135569.939692,2.216667,186.0,-58.0,0.0,0.0,2940,1912,1.010267,0.82,0.0,0.0,pix
real_001_s001_2026-05-18_22-18-09-416,001,001,1,074,074.jpg,135,80.538746,1779135569.956358,2.233333,186.0,-58.0,0.0,0.0,2940,1912,1.010267,0.82,0.0,0.0,pix
real_001_s001_2026-05-18_22-18-09-416,001,001,1,074,074.jpg,136,80.555413,1779135569.973025,2.25,186.0,-58.0,0.0,0.0,2940,1912,1.010267,0.82,0.0,0.0,pix
real_001_s001_2026-05-18_22-18-09-416,001,001,1,074,074.jpg,137,80.57208,1779135569.989691,2.266667,186.0,-58.0,0.0,0.0,2940,1912,1.010267,0.82,0.0,0.0,pix
real_001_s001_2026-05-18_22-18-09-416,001,001,1,074,074.jpg,138,80.588746,1779135570.006358,2.283333,186.0,-58.0,0.0,0.0,2940,1912,1.010267,0.82,0.0,0.0,pix
real_001_s001_2026-05-18_22-18-09-416,001,001,1,074,074.jpg,139,80.605413,1779135570.023025,2.3,186.0,-58.0,0.0,0.0,2940,1912,1.010267,0.82,0.0,0.0,pix
real_001_s001_2026-05-18_22-18-09-416,001,001,1,074,074.jpg,140,80.62208,1779135570.039691,2.316667,186.0,-58.0,0.0,0.0,2940,1912,1.010267,0.82,0.0,0.0,pix
real_001_s001_2026-05-18_22-18-09-416,001,001,1,074,074.jpg,141,80.638746,1779135570.056358,2.333333,186.0,-58.0,0.0,0.0,2940,1912,1.010267,0.82,0.0,0.0,pix
real_001_s001_2026-05-18_22-18-09-416,001,001,1,074,074.jpg,142,80.655413,1779135570.073025,2.35,186.0,-58.0,0.0,0.0,2940,1912,1.010267,0.82,0.0,0.0,pix
real_001_s001_2026-05-18_22-18-09-416,001,001,1,074,074.jpg,143,80.67208,1779135570.089691,2.366667,186.0,-58.0,0.0,0.0,2940,1912,1.010267,0.82,0.0,0.0,pix
real_001_s001_2026-05-18_22-18-09-416,001,001,1,074,074.jpg,144,80.688746,1779135570.106358,2.383333,186.0,-58.0,0.0,0.0,2940,1912,1.010267,0.82,0.0,0.0,pix
real_001_s001_2026-05-18_22-18-09-416,001,001,1,074,074.jpg,145,80.705413,1779135570.123025,2.4,186.0,-58.0,0.0,0.0,2940,1912,1.010267,0.82,0.0,0.0,pix
real_001_s001_2026-05-18_22-18-09-416,001,001,1,074,074.jpg,146,80.72208,1779135570.139692,2.416667,186.0,-58.0,0.0,0.0,2940,1912,1.010267,0.82,0.0,0.0,pix
real_001_s001_2026-05-18_22-18-09-416,001,001,1,074,074.jpg,147,80.738746,1779135570.156358,2.433333,186.0,-58.0,0.0,0.0,2940,1912,1.010267,0.82,0.0,0.0,pix
real_001_s001_2026-05-18_22-18-09-416,001,001,1,074,074.jpg,148,80.755413,1779135570.173025,2.45,186.0,-58.0,0.0,0.0,2940,1912,1.010267,0.82,0.0,0.0,pix
real_001_s001_2026-05-18_22-18-09-416,001,001,1,074,074.jpg,149,80.77208,1779135570.189692,2.466667,186.0,-58.0,0.0,0.0,2940,1912,1.010267,0.82,0.0,0.0,pix
real_001_s001_2026-05-18_22-18-09-416,001,001,1,074,074.jpg,150,80.788746,1779135570.206358,2.483333,186.0,-58.0,0.0,0.0,2940,1912,1.010267,0.82,0.0,0.0,pix
real_001_s001_2026-05-18_22-18-09-416,001,001,1,074,074.jpg,151,80.805413,1779135570.223025,2.5,186.0,-58.0,0.0,0.0,2940,1912,1.010267,0.82,0.0,0.0,pix
real_001_s001_2026-05-18_22-18-09-416,001,001,1,074,074.jpg,152,80.82208,1779135570.239691,2.516667,186.0,-58.0,0.0,0.0,2940,1912,1.010267,0.82,0.0,0.0,pix
real_001_s001_2026-05-18_22-18-09-416,001,001,1,074,074.jpg,153,80.838746,1779135570.256358,2.533333,186.0,-58.0,0.0,0.0,2940,1912,1.010267,0.82,0.0,0.0,pix
real_001_s001_2026-05-18_22-18-09-416,001,001,1,074,074.jpg,154,80.855413,1779135570.273025,2.55,186.0,-58.0,0.0,0.0,2940,1912,1.010267,0.82,0.0,0.0,pix
real_001_s001_2026-05-18_22-18-09-416,001,001,1,074,074.jpg,155,80.87208,1779135570.289691,2.566667,186.0,-58.0,0.0,0.0,2940,1912,1.010267,0.82,0.0,0.0,pix
real_001_s001_2026-05-18_22-18-09-416,001,001,1,074,074.jpg,156,80.888746,1779135570.306358,2.583333,186.0,-58.0,0.0,0.0,2940,1912,1.010267,0.82,0.0,0.0,pix
real_001_s001_2026-05-18_22-18-09-416,001,001,1,074,074.jpg,157,80.905413,1779135570.323025,2.6,186.0,-58.0,0.0,0.0,2940,1912,1.010267,0.82,0.0,0.0,pix
real_001_s001_2026-05-18_22-18-09-416,001,001,1,074,074.jpg,158,80.92208,1779135570.339691,2.616667,186.0,-58.0,0.0,0.0,2940,1912,1.010267,0.82,0.0,0.0,pix
real_001_s001_2026-05-18_22-18-09-416,001,001,1,074,074.jpg,159,80.938746,1779135570.356358,2.633333,186.0,-58.0,0.0,0.0,2940,1912,1.010267,0.82,0.0,0.0,pix
real_001_s001_2026-05-18_22-18-09-416,001,001,1,074,074.jpg,160,80.955413,1779135570.373025,2.65,186.0,-58.0,0.0,0.0,2940,1912,1.010267,0.82,0.0,0.0,pix
real_001_s001_2026-05-18_22-18-09-416,001,001,1,074,074.jpg,161,80.97208,1779135570.389692,2.666667,186.0,-58.0,0.0,0.0,2940,1912,1.010267,0.82,0.0,0.0,pix
real_001_s001_2026-05-18_22-18-09-416,001,001,1,074,074.jpg,162,80.988746,1779135570.406358,2.683333,186.0,-58.0,0.0,0.0,2940,1912,1.010267,0.82,0.0,0.0,pix
real_001_s001_2026-05-18_22-18-09-416,001,001,1,074,074.jpg,163,81.005413,1779135570.423025,2.7,186.0,-58.0,0.0,0.0,2940,1912,1.010267,0.82,0.0,0.0,pix
real_001_s001_2026-05-18_22-18-09-416,001,001,1,074,074.jpg,164,81.02208,1779135570.439692,2.716667,186.0,-58.0,0.0,0.0,2940,1912,1.010267,0.82,0.0,0.0,pix
real_001_s001_2026-05-18_22-18-09-416,001,001,1,074,074.jpg,165,81.038746,1779135570.456358,2.733333,186.0,-58.0,0.0,0.0,2940,1912,1.010267,0.82,0.0,0.0,pix
real_001_s001_2026-05-18_22-18-09-416,001,001,1,074,074.jpg,166,81.055413,1779135570.473025,2.75,186.0,-58.0,0.0,0.0,2940,1912,1.010267,0.82,0.0,0.0,pix
real_001_s001_2026-05-18_22-18-09-416,001,001,1,074,074.jpg,167,81.07208,1779135570.489691,2.766667,186.0,-58.0,0.0,0.0,2940,1912,1.010267,0.82,0.0,0.0,pix
real_001_s001_2026-05-18_22-18-09-416,001,001,1,074,074.jpg,168,81.088746,1779135570.506358,2.783333,186.0,-58.0,0.0,0.0,2940,1912,1.010267,0.82,0.0,0.0,pix
real_001_s001_2026-05-18_22-18-09-416,001,001,1,074,074.jpg,169,81.105413,1779135570.523025,2.8,186.0,-58.0,0.0,0.0,2940,1912,1.010267,0.82,0.0,0.0,pix
real_001_s001_2026-05-18_22-18-09-416,001,001,1,074,074.jpg,170,81.12208,1779135570.539691,2.816667,186.0,-58.0,0.0,0.0,2940,1912,1.010267,0.82,0.0,0.0,pix
real_001_s001_2026-05-18_22-18-09-416,001,001,1,074,074.jpg,171,81.138746,1779135570.556358,2.833333,186.0,-58.0,0.0,0.0,2940,1912,1.010267,0.82,0.0,0.0,pix
real_001_s001_2026-05-18_22-18-09-416,001,001,1,074,074.jpg,172,81.155413,1779135570.573025,2.85,186.0,-58.0,0.0,0.0,2940,1912,1.010267,0.82,0.0,0.0,pix
real_001_s001_2026-05-18_22-18-09-416,001,001,1,074,074.jpg,173,81.17208,1779135570.589691,2.866667,186.0,-58.0,0.0,0.0,2940,1912,1.010267,0.82,0.0,0.0,pix
real_001_s001_2026-05-18_22-18-09-416,001,001,1,074,074.jpg,174,81.188746,1779135570.606358,2.883333,186.0,-58.0,0.0,0.0,2940,1912,1.010267,0.82,0.0,0.0,pix
real_001_s001_2026-05-18_22-18-09-416,001,001,1,074,074.jpg,175,81.205413,1779135570.623025,2.9,186.0,-58.0,0.0,0.0,2940,1912,1.010267,0.82,0.0,0.0,pix
real_001_s001_2026-05-18_22-18-09-416,001,001,1,074,074.jpg,176,81.22208,1779135570.639692,2.916667,186.0,-58.0,0.0,0.0,2940,1912,1.010267,0.82,0.0,0.0,pix
real_001_s001_2026-05-18_22-18-09-416,001,001,1,074,074.jpg,177,81.238746,1779135570.656358,2.933333,186.0,-58.0,0.0,0.0,2940,1912,1.010267,0.82,0.0,0.0,pix
real_001_s001_2026-05-18_22-18-09-416,001,001,1,074,074.jpg,178,81.255413,1779135570.673025,2.95,186.0,-58.0,0.0,0.0,2940,1912,1.010267,0.82,0.0,0.0,pix
real_001_s001_2026-05-18_22-18-09-416,001,001,1,074,074.jpg,179,81.27208,1779135570.689692,2.966667,186.0,-58.0,0.0,0.0,2940,1912,1.010267,0.82,0.0,0.0,pix
real_001_s001_2026-05-18_22-18-09-416,001,001,1,074,074.jpg,180,81.288746,1779135570.706358,2.983333,186.0,-58.0,0.0,0.0,2940,1912,1.010267,0.82,0.0,0.0,pix
real_001_s001_2026-05-18_22-18-09-416,001,001,1,074,074.jpg,181,81.305413,1779135570.723025,3.0,186.0,-58.0,0.0,0.0,2940,1912,1.010267,0.82,0.0,0.0,pix
real_001_s001_2026-05-18_22-18-09-416,001,001,1,074,074.jpg,182,81.32208,1779135570.739691,3.016667,186.0,-58.0,0.0,0.0,2940,1912,1.010267,0.82,0.0,0.0,pix
real_001_s001_2026-05-18_22-18-09-416,001,001,1,074,074.jpg,183,81.338746,1779135570.756358,3.033333,186.0,-58.0,0.0,0.0,2940,1912,1.010267,0.82,0.0,0.0,pix
real_001_s001_2026-05-18_22-18-09-416,001,001,1,074,074.jpg,184,81.355413,1779135570.773025,3.05,186.0,-58.0,0.0,0.0,2940,1912,1.010267,0.82,0.0,0.0,pix
real_001_s001_2026-05-18_22-18-09-416,001,001,1,074,074.jpg,185,81.37208,1779135570.789691,3.066667,186.0,-58.0,0.0,0.0,2940,1912,1.010267,0.82,0.0,0.0,pix
real_001_s001_2026-05-18_22-18-09-416,001,001,1,074,074.jpg,186,81.388746,1779135570.806358,3.083333,186.0,-58.0,0.0,0.0,2940,1912,1.010267,0.82,0.0,0.0,pix
real_001_s001_2026-05-18_22-18-09-416,001,001,1,074,074.jpg,187,81.405413,1779135570.823025,3.1,186.0,-58.0,0.0,0.0,2940,1912,1.010267,0.82,0.0,0.0,pix
real_001_s001_2026-05-18_22-18-09-416,001,001,1,074,074.jpg,188,81.42208,1779135570.839691,3.116667,186.0,-58.0,0.0,0.0,2940,1912,1.010267,0.82,0.0,0.0,pix
real_001_s001_2026-05-18_22-18-09-416,001,001,1,074,074.jpg,189,81.438746,1779135570.856358,3.133333,186.0,-58.0,0.0,0.0,2940,1912,1.010267,0.82,0.0,0.0,pix
real_001_s001_2026-05-18_22-18-09-416,001,001,1,074,074.jpg,190,81.455413,1779135570.873025,3.15,186.0,-58.0,0.0,0.0,2940,1912,1.010267,0.82,0.0,0.0,pix
real_001_s001_2026-05-18_22-18-09-416,001,001,1,074,074.jpg,191,81.47208,1779135570.889692,3.166667,186.0,-58.0,0.0,0.0,2940,1912,1.010267,0.82,0.0,0.0,pix
real_001_s001_2026-05-18_22-18-09-416,001,001,1,074,074.jpg,192,81.488746,1779135570.906358,3.183333,186.0,-58.0,0.0,0.0,2940,1912,1.010267,0.82,0.0,0.0,pix
real_001_s001_2026-05-18_22-18-09-416,001,001,1,074,074.jpg,193,81.505413,1779135570.923025,3.2,186.0,-58.0,0.0,0.0,2940,1912,1.010267,0.82,0.0,0.0,pix
real_001_s001_2026-05-18_22-18-09-416,001,001,1,074,074.jpg,194,81.52208,1779135570.939692,3.216667,186.0,-58.0,0.0,0.0,2940,1912,1.010267,0.82,0.0,0.0,pix
real_001_s001_2026-05-18_22-18-09-416,001,001,1,074,074.jpg,195,81.538746,1779135570.956358,3.233333,186.0,-58.0,0.0,0.0,2940,1912,1.010267,0.82,0.0,0.0,pix
real_001_s001_2026-05-18_22-18-09-416,001,001,1,074,074.jpg,196,81.555413,1779135570.973025,3.25,186.0,-58.0,0.0,0.0,2940,1912,1.010267,0.82,0.0,0.0,pix
real_001_s001_2026-05-18_22-18-09-416,001,001,1,074,074.jpg,197,81.57208,1779135570.989691,3.266667,186.0,-58.0,0.0,0.0,2940,1912,1.010267,0.82,0.0,0.0,pix
real_001_s001_2026-05-18_22-18-09-416,001,001,1,074,074.jpg,198,81.588746,1779135571.006358,3.283333,186.0,-58.0,0.0,0.0,2940,1912,1.010267,0.82,0.0,0.0,pix
real_001_s001_2026-05-18_22-18-09-416,001,001,1,074,074.jpg,199,81.605413,1779135571.023025,3.3,186.0,-58.0,0.0,0.0,2940,1912,1.010267,0.82,0.0,0.0,pix
real_001_s001_2026-05-18_22-18-09-416,001,001,1,074,074.jpg,200,81.62208,1779135571.039691,3.316667,186.0,-58.0,0.0,0.0,2940,1912,1.010267,0.82,0.0,0.0,pix
real_001_s001_2026-05-18_22-18-09-416,001,001,1,074,074.jpg,201,81.638746,1779135571.056358,3.333333,186.0,-58.0,0.0,0.0,2940,1912,1.010267,0.82,0.0,0.0,pix
real_001_s001_2026-05-18_22-18-09-416,001,001,1,074,074.jpg,202,81.655413,1779135571.073025,3.35,186.0,-58.0,0.0,0.0,2940,1912,1.010267,0.82,0.0,0.0,pix
real_001_s001_2026-05-18_22-18-09-416,001,001,1,074,074.jpg,203,81.67208,1779135571.089691,3.366667,186.0,-58.0,0.0,0.0,2940,1912,1.010267,0.82,0.0,0.0,pix
real_001_s001_2026-05-18_22-18-09-416,001,001,1,074,074.jpg,204,81.688746,1779135571.106358,3.383333,186.0,-58.0,0.0,0.0,2940,1912,1.010267,0.82,0.0,0.0,pix
real_001_s001_2026-05-18_22-18-09-416,001,001,1,074,074.jpg,205,81.705413,1779135571.123025,3.4,186.0,-58.0,0.0,0.0,2940,1912,1.010267,0.82,0.0,0.0,pix
real_001_s001_2026-05-18_22-18-09-416,001,001,1,074,074.jpg,206,81.72208,1779135571.139692,3.416667,186.0,-58.0,0.0,0.0,2940,1912,1.010267,0.82,0.0,0.0,pix
real_001_s001_2026-05-18_22-18-09-416,001,001,1,074,074.jpg,207,81.738746,1779135571.156358,3.433333,186.0,-58.0,0.0,0.0,2940,1912,1.010267,0.82,0.0,0.0,pix
real_001_s001_2026-05-18_22-18-09-416,001,001,1,074,074.jpg,208,81.755413,1779135571.173025,3.45,186.0,-58.0,0.0,0.0,2940,1912,1.010267,0.82,0.0,0.0,pix
real_001_s001_2026-05-18_22-18-09-416,001,001,1,074,074.jpg,209,81.77208,1779135571.189692,3.466667,186.0,-58.0,0.0,0.0,2940,1912,1.010267,0.82,0.0,0.0,pix
real_001_s001_2026-05-18_22-18-09-416,001,001,1,074,074.jpg,210,81.788746,1779135571.206358,3.483333,186.0,-58.0,0.0,0.0,2940,1912,1.010267,0.82,0.0,0.0,pix
real_001_s001_2026-05-18_22-18-09-416,001,001,1,074,074.jpg,211,81.805413,1779135571.223025,3.5,186.0,-58.0,0.0,0.0,2940,1912,1.010267,0.82,0.0,0.0,pix
real_001_s001_2026-05-18_22-18-09-416,001,001,1,074,074.jpg,212,81.82208,1779135571.239691,3.516667,186.0,-58.0,0.0,0.0,2940,1912,1.010267,0.82,0.0,0.0,pix
real_001_s001_2026-05-18_22-18-09-416,001,001,1,074,074.jpg,213,81.838746,1779135571.256358,3.533333,186.0,-58.0,0.0,0.0,2940,1912,1.010267,0.82,0.0,0.0,pix
real_001_s001_2026-05-18_22-18-09-416,001,001,1,074,074.jpg,214,81.855413,1779135571.273025,3.55,186.0,-58.0,0.0,0.0,2940,1912,1.010267,0.82,0.0,0.0,pix
real_001_s001_2026-05-18_22-18-09-416,001,001,1,074,074.jpg,215,81.87208,1779135571.289691,3.566667,186.0,-58.0,0.0,0.0,2940,1912,1.010267,0.82,0.0,0.0,pix
real_001_s001_2026-05-18_22-18-09-416,001,001,1,074,074.jpg,216,81.888746,1779135571.306358,3.583333,186.0,-58.0,0.0,0.0,2940,1912,1.010267,0.82,0.0,0.0,pix
real_001_s001_2026-05-18_22-18-09-416,001,001,1,074,074.jpg,217,81.905413,1779135571.323025,3.6,186.0,-58.0,0.0,0.0,2940,1912,1.010267,0.82,0.0,0.0,pix
real_001_s001_2026-05-18_22-18-09-416,001,001,1,074,074.jpg,218,81.92208,1779135571.339691,3.616667,186.0,-58.0,0.0,0.0,2940,1912,1.010267,0.82,0.0,0.0,pix
real_001_s001_2026-05-18_22-18-09-416,001,001,1,074,074.jpg,219,81.938746,1779135571.356358,3.633333,186.0,-58.0,0.0,0.0,2940,1912,1.010267,0.82,0.0,0.0,pix
real_001_s001_2026-05-18_22-18-09-416,001,001,1,074,074.jpg,220,81.955413,1779135571.373025,3.65,186.0,-58.0,0.0,0.0,2940,1912,1.010267,0.82,0.0,0.0,pix
real_001_s001_2026-05-18_22-18-09-416,001,001,1,074,074.jpg,221,81.97208,1779135571.389692,3.666667,186.0,-58.0,0.0,0.0,2940,1912,1.010267,0.82,0.0,0.0,pix
real_001_s001_2026-05-18_22-18-09-416,001,001,1,074,074.jpg,222,81.988746,1779135571.406358,3.683333,186.0,-58.0,0.0,0.0,2940,1912,1.010267,0.82,0.0,0.0,pix
real_001_s001_2026-05-18_22-18-09-416,001,001,1,074,074.jpg,223,82.005413,1779135571.423025,3.7,186.0,-58.0,0.0,0.0,2940,1912,1.010267,0.82,0.0,0.0,pix
real_001_s001_2026-05-18_22-18-09-416,001,001,1,074,074.jpg,224,82.02208,1779135571.439692,3.716667,186.0,-58.0,0.0,0.0,2940,1912,1.010267,0.82,0.0,0.0,pix
real_001_s001_2026-05-18_22-18-09-416,001,001,1,074,074.jpg,225,82.038746,1779135571.456358,3.733333,186.0,-58.0,0.0,0.0,2940,1912,1.010267,0.82,0.0,0.0,pix
real_001_s001_2026-05-18_22-18-09-416,001,001,1,074,074.jpg,226,82.055413,1779135571.473025,3.75,186.0,-58.0,0.0,0.0,2940,1912,1.010267,0.82,0.0,0.0,pix
real_001_s001_2026-05-18_22-18-09-416,001,001,1,074,074.jpg,227,82.07208,1779135571.489691,3.766667,186.0,-58.0,0.0,0.0,2940,1912,1.010267,0.82,0.0,0.0,pix
real_001_s001_2026-05-18_22-18-09-416,001,001,1,074,074.jpg,228,82.088746,1779135571.506358,3.783333,186.0,-58.0,0.0,0.0,2940,1912,1.010267,0.82,0.0,0.0,pix
real_001_s001_2026-05-18_22-18-09-416,001,001,1,074,074.jpg,229,82.105413,1779135571.523025,3.8,186.0,-58.0,0.0,0.0,2940,1912,1.010267,0.82,0.0,0.0,pix
real_001_s001_2026-05-18_22-18-09-416,001,001,1,074,074.jpg,230,82.12208,1779135571.539691,3.816667,186.0,-58.0,0.0,0.0,2940,1912,1.010267,0.82,0.0,0.0,pix
real_001_s001_2026-05-18_22-18-09-416,001,001,1,074,074.jpg,231,82.138746,1779135571.556358,3.833333,186.0,-58.0,0.0,0.0,2940,1912,1.010267,0.82,0.0,0.0,pix
real_001_s001_2026-05-18_22-18-09-416,001,001,1,074,074.jpg,232,82.155413,1779135571.573025,3.85,186.0,-58.0,0.0,0.0,2940,1912,1.010267,0.82,0.0,0.0,pix
real_001_s001_2026-05-18_22-18-09-416,001,001,1,074,074.jpg,233,82.17208,1779135571.589691,3.866667,186.0,-58.0,0.0,0.0,2940,1912,1.010267,0.82,0.0,0.0,pix
real_001_s001_2026-05-18_22-18-09-416,001,001,1,074,074.jpg,234,82.188746,1779135571.606358,3.883333,186.0,-58.0,0.0,0.0,2940,1912,1.010267,0.82,0.0,0.0,pix
real_001_s001_2026-05-18_22-18-09-416,001,001,1,074,074.jpg,235,82.205413,1779135571.623025,3.9,186.0,-58.0,0.0,0.0,2940,1912,1.010267,0.82,0.0,0.0,pix
real_001_s001_2026-05-18_22-18-09-416,001,001,1,074,074.jpg,236,82.22208,1779135571.639692,3.916667,186.0,-58.0,0.0,0.0,2940,1912,1.010267,0.82,0.0,0.0,pix
real_001_s001_2026-05-18_22-18-09-416,001,001,1,074,074.jpg,237,82.238746,1779135571.656358,3.933333,186.0,-58.0,0.0,0.0,2940,1912,1.010267,0.82,0.0,0.0,pix
real_001_s001_2026-05-18_22-18-09-416,001,001,1,074,074.jpg,238,82.255413,1779135571.673025,3.95,186.0,-58.0,0.0,0.0,2940,1912,1.010267,0.82,0.0,0.0,pix
real_001_s001_2026-05-18_22-18-09-416,001,001,1,074,074.jpg,239,82.27208,1779135571.689692,3.966667,186.0,-58.0,0.0,0.0,2940,1912,1.010267,0.82,0.0,0.0,pix
real_001_s001_2026-05-18_22-18-09-416,001,001,1,074,074.jpg,240,82.288746,1779135571.706358,3.983333,186.0,-58.0,0.0,0.0,2940,1912,1.010267,0.82,0.0,0.0,pix
real_001_s001_2026-05-18_22-18-09-416,001,001,1,074,074.jpg,241,82.305413,1779135571.723025,4.0,186.0,-58.0,0.0,0.0,2940,1912,1.010267,0.82,0.0,0.0,pix
real_001_s001_2026-05-18_22-18-09-416,001,001,1,074,074.jpg,242,82.32208,1779135571.739691,4.016667,186.0,-58.0,0.0,0.0,2940,1912,1.010267,0.82,0.0,0.0,pix
real_001_s001_2026-05-18_22-18-09-416,001,001,1,074,074.jpg,243,82.338746,1779135571.756358,4.033333,186.0,-58.0,0.0,0.0,2940,1912,1.010267,0.82,0.0,0.0,pix
real_001_s001_2026-05-18_22-18-09-416,001,001,1,074,074.jpg,244,82.355413,1779135571.773025,4.05,186.0,-58.0,0.0,0.0,2940,1912,1.010267,0.82,0.0,0.0,pix
real_001_s001_2026-05-18_22-18-09-416,001,001,1,074,074.jpg,245,82.37208,1779135571.789691,4.066667,186.0,-58.0,0.0,0.0,2940,1912,1.010267,0.82,0.0,0.0,pix
real_001_s001_2026-05-18_22-18-09-416,001,001,1,074,074.jpg,246,82.388746,1779135571.806358,4.083333,186.0,-58.0,0.0,0.0,2940,1912,1.010267,0.82,0.0,0.0,pix
real_001_s001_2026-05-18_22-18-09-416,001,001,1,074,074.jpg,247,82.405413,1779135571.823025,4.1,186.0,-58.0,0.0,0.0,2940,1912,1.010267,0.82,0.0,0.0,pix
real_001_s001_2026-05-18_22-18-09-416,001,001,1,074,074.jpg,248,82.42208,1779135571.839691,4.116667,186.0,-58.0,0.0,0.0,2940,1912,1.010267,0.82,0.0,0.0,pix
real_001_s001_2026-05-18_22-18-09-416,001,001,1,074,074.jpg,249,82.438746,1779135571.856358,4.133333,186.0,-58.0,0.0,0.0,2940,1912,1.010267,0.82,0.0,0.0,pix
real_001_s001_2026-05-18_22-18-09-416,001,001,1,074,074.jpg,250,82.455413,1779135571.873025,4.15,186.0,-58.0,0.0,0.0,2940,1912,1.010267,0.82,0.0,0.0,pix
real_001_s001_2026-05-18_22-18-09-416,001,001,1,074,074.jpg,251,82.47208,1779135571.889692,4.166667,186.0,-58.0,0.0,0.0,2940,1912,1.010267,0.82,0.0,0.0,pix
real_001_s001_2026-05-18_22-18-09-416,001,001,1,074,074.jpg,252,82.488746,1779135571.906358,4.183333,186.0,-58.0,0.0,0.0,2940,1912,1.010267,0.82,0.0,0.0,pix
real_001_s001_2026-05-18_22-18-09-416,001,001,1,074,074.jpg,253,82.505413,1779135571.923025,4.2,186.0,-58.0,0.0,0.0,2940,1912,1.010267,0.82,0.0,0.0,pix
real_001_s001_2026-05-18_22-18-09-416,001,001,1,074,074.jpg,254,82.52208,1779135571.939692,4.216667,186.0,-58.0,0.0,0.0,2940,1912,1.010267,0.82,0.0,0.0,pix
real_001_s001_2026-05-18_22-18-09-416,001,001,1,074,074.jpg,255,82.538746,1779135571.956358,4.233333,186.0,-58.0,0.0,0.0,2940,1912,1.010267,0.82,0.0,0.0,pix
real_001_s001_2026-05-18_22-18-09-416,001,001,1,074,074.jpg,256,82.555413,1779135571.973025,4.25,186.0,-58.0,0.0,0.0,2940,1912,1.010267,0.82,0.0,0.0,pix
real_001_s001_2026-05-18_22-18-09-416,001,001,1,074,074.jpg,257,82.57208,1779135571.989691,4.266667,186.0,-58.0,0.0,0.0,2940,1912,1.010267,0.82,0.0,0.0,pix
real_001_s001_2026-05-18_22-18-09-416,001,001,1,074,074.jpg,258,82.588746,1779135572.006358,4.283333,186.0,-58.0,0.0,0.0,2940,1912,1.010267,0.82,0.0,0.0,pix
real_001_s001_2026-05-18_22-18-09-416,001,001,1,074,074.jpg,259,82.605413,1779135572.023025,4.3,186.0,-58.0,0.0,0.0,2940,1912,1.010267,0.82,0.0,0.0,pix
real_001_s001_2026-05-18_22-18-09-416,001,001,1,074,074.jpg,260,82.62208,1779135572.039691,4.316667,186.0,-58.0,0.0,0.0,2940,1912,1.010267,0.82,0.0,0.0,pix
real_001_s001_2026-05-18_22-18-09-416,001,001,1,074,074.jpg,261,82.638746,1779135572.056358,4.333333,186.0,-58.0,0.0,0.0,2940,1912,1.010267,0.82,0.0,0.0,pix
real_001_s001_2026-05-18_22-18-09-416,001,001,1,074,074.jpg,262,82.655413,1779135572.073025,4.35,186.0,-58.0,0.0,0.0,2940,1912,1.010267,0.82,0.0,0.0,pix
real_001_s001_2026-05-18_22-18-09-416,001,001,1,074,074.jpg,263,82.67208,1779135572.089691,4.366667,186.0,-58.0,0.0,0.0,2940,1912,1.010267,0.82,0.0,0.0,pix
real_001_s001_2026-05-18_22-18-09-416,001,001,1,074,074.jpg,264,82.688746,1779135572.106358,4.383333,186.0,-58.0,0.0,0.0,2940,1912,1.010267,0.82,0.0,0.0,pix
real_001_s001_2026-05-18_22-18-09-416,001,001,1,074,074.jpg,265,82.705413,1779135572.123025,4.4,186.0,-58.0,0.0,0.0,2940,1912,1.010267,0.82,0.0,0.0,pix
real_001_s001_2026-05-18_22-18-09-416,001,001,1,074,074.jpg,266,82.72208,1779135572.139692,4.416667,186.0,-58.0,0.0,0.0,2940,1912,1.010267,0.82,0.0,0.0,pix
real_001_s001_2026-05-18_22-18-09-416,001,001,1,074,074.jpg,267,82.738746,1779135572.156358,4.433333,186.0,-58.0,0.0,0.0,2940,1912,1.010267,0.82,0.0,0.0,pix
real_001_s001_2026-05-18_22-18-09-416,001,001,1,074,074.jpg,268,82.755413,1779135572.173025,4.45,186.0,-58.0,0.0,0.0,2940,1912,1.010267,0.82,0.0,0.0,pix
real_001_s001_2026-05-18_22-18-09-416,001,001,1,074,074.jpg,269,82.77208,1779135572.189692,4.466667,186.0,-58.0,0.0,0.0,2940,1912,1.010267,0.82,0.0,0.0,pix
real_001_s001_2026-05-18_22-18-09-416,001,001,1,074,074.jpg,270,82.788746,1779135572.206358,4.483333,186.0,-58.0,0.0,0.0,2940,1912,1.010267,0.82,0.0,0.0,pix
real_001_s001_2026-05-18_22-18-09-416,001,001,1,074,074.jpg,271,82.805413,1779135572.223025,4.5,186.0,-58.0,0.0,0.0,2940,1912,1.010267,0.82,0.0,0.0,pix
real_001_s001_2026-05-18_22-18-09-416,001,001,1,074,074.jpg,272,82.82208,1779135572.239691,4.516667,186.0,-58.0,0.0,0.0,2940,1912,1.010267,0.82,0.0,0.0,pix
real_001_s001_2026-05-18_22-18-09-416,001,001,1,074,074.jpg,273,82.838746,1779135572.256358,4.533333,186.0,-58.0,0.0,0.0,2940,1912,1.010267,0.82,0.0,0.0,pix
real_001_s001_2026-05-18_22-18-09-416,001,001,1,074,074.jpg,274,82.855413,1779135572.273025,4.55,186.0,-58.0,0.0,0.0,2940,1912,1.010267,0.82,0.0,0.0,pix
real_001_s001_2026-05-18_22-18-09-416,001,001,1,074,074.jpg,275,82.87208,1779135572.289691,4.566667,186.0,-58.0,0.0,0.0,2940,1912,1.010267,0.82,0.0,0.0,pix
real_001_s001_2026-05-18_22-18-09-416,001,001,1,074,074.jpg,276,82.888746,1779135572.306358,4.583333,186.0,-58.0,0.0,0.0,2940,1912,1.010267,0.82,0.0,0.0,pix
real_001_s001_2026-05-18_22-18-09-416,001,001,1,074,074.jpg,277,82.905413,1779135572.323025,4.6,186.0,-58.0,0.0,0.0,2940,1912,1.010267,0.82,0.0,0.0,pix
real_001_s001_2026-05-18_22-18-09-416,001,001,1,074,074.jpg,278,82.92208,1779135572.339691,4.616667,186.0,-58.0,0.0,0.0,2940,1912,1.010267,0.82,0.0,0.0,pix
real_001_s001_2026-05-18_22-18-09-416,001,001,1,074,074.jpg,279,82.938746,1779135572.356358,4.633333,186.0,-58.0,0.0,0.0,2940,1912,1.010267,0.82,0.0,0.0,pix
real_001_s001_2026-05-18_22-18-09-416,001,001,1,074,074.jpg,280,82.955413,1779135572.373025,4.65,186.0,-58.0,0.0,0.0,2940,1912,1.010267,0.82,0.0,0.0,pix
real_001_s001_2026-05-18_22-18-09-416,001,001,1,074,074.jpg,281,82.97208,1779135572.389692,4.666667,186.0,-58.0,0.0,0.0,2940,1912,1.010267,0.82,0.0,0.0,pix
real_001_s001_2026-05-18_22-18-09-416,001,001,1,074,074.jpg,282,82.988746,1779135572.406358,4.683333,186.0,-58.0,0.0,0.0,2940,1912,1.010267,0.82,0.0,0.0,pix
real_001_s001_2026-05-18_22-18-09-416,001,001,1,074,074.jpg,283,83.005413,1779135572.423025,4.7,186.0,-58.0,0.0,0.0,2940,1912,1.010267,0.82,0.0,0.0,pix
real_001_s001_2026-05-18_22-18-09-416,001,001,1,074,074.jpg,284,83.02208,1779135572.439692,4.716667,186.0,-58.0,0.0,0.0,2940,1912,1.010267,0.82,0.0,0.0,pix
real_001_s001_2026-05-18_22-18-09-416,001,001,1,074,074.jpg,285,83.038746,1779135572.456358,4.733333,186.0,-58.0,0.0,0.0,2940,1912,1.010267,0.82,0.0,0.0,pix
real_001_s001_2026-05-18_22-18-09-416,001,001,1,074,074.jpg,286,83.055413,1779135572.473025,4.75,186.0,-58.0,0.0,0.0,2940,1912,1.010267,0.82,0.0,0.0,pix
real_001_s001_2026-05-18_22-18-09-416,001,001,1,074,074.jpg,287,83.07208,1779135572.489691,4.766667,186.0,-58.0,0.0,0.0,2940,1912,1.010267,0.82,0.0,0.0,pix
real_001_s001_2026-05-18_22-18-09-416,001,001,1,074,074.jpg,288,83.088746,1779135572.506358,4.783333,186.0,-58.0,0.0,0.0,2940,1912,1.010267,0.82,0.0,0.0,pix
real_001_s001_2026-05-18_22-18-09-416,001,001,1,074,074.jpg,289,83.105413,1779135572.523025,4.8,186.0,-58.0,0.0,0.0,2940,1912,1.010267,0.82,0.0,0.0,pix
real_001_s001_2026-05-18_22-18-09-416,001,001,1,074,074.jpg,290,83.12208,1779135572.539691,4.816667,186.0,-58.0,0.0,0.0,2940,1912,1.010267,0.82,0.0,0.0,pix
real_001_s001_2026-05-18_22-18-09-416,001,001,1,074,074.jpg,291,83.138746,1779135572.556358,4.833333,186.0,-58.0,0.0,0.0,2940,1912,1.010267,0.82,0.0,0.0,pix
real_001_s001_2026-05-18_22-18-09-416,001,001,1,074,074.jpg,292,83.155413,1779135572.573025,4.85,186.0,-58.0,0.0,0.0,2940,1912,1.010267,0.82,0.0,0.0,pix
real_001_s001_2026-05-18_22-18-09-416,001,001,1,074,074.jpg,293,83.17208,1779135572.589691,4.866667,186.0,-58.0,0.0,0.0,2940,1912,1.010267,0.82,0.0,0.0,pix
real_001_s001_2026-05-18_22-18-09-416,001,001,1,074,074.jpg,294,83.188746,1779135572.606358,4.883333,186.0,-58.0,0.0,0.0,2940,1912,1.010267,0.82,0.0,0.0,pix
real_001_s001_2026-05-18_22-18-09-416,001,001,1,074,074.jpg,295,83.205413,1779135572.623025,4.9,186.0,-58.0,0.0,0.0,2940,1912,1.010267,0.82,0.0,0.0,pix
real_001_s001_2026-05-18_22-18-09-416,001,001,1,074,074.jpg,296,83.22208,1779135572.639692,4.916667,186.0,-58.0,0.0,0.0,2940,1912,1.010267,0.82,0.0,0.0,pix
real_001_s001_2026-05-18_22-18-09-416,001,001,1,074,074.jpg,297,83.238746,1779135572.656358,4.933333,186.0,-58.0,0.0,0.0,2940,1912,1.010267,0.82,0.0,0.0,pix
real_001_s001_2026-05-18_22-18-09-416,001,001,1,074,074.jpg,298,83.255413,1779135572.673025,4.95,186.0,-58.0,0.0,0.0,2940,1912,1.010267,0.82,0.0,0.0,pix
real_001_s001_2026-05-18_22-18-09-416,001,001,1,074,074.jpg,299,83.27208,1779135572.689692,4.966667,186.0,-58.0,0.0,0.0,2940,1912,1.010267,0.82,0.0,0.0,pix
real_001_s001_2026-05-18_22-18-09-416,001,001,1,074,074.jpg,300,83.288746,1779135572.706358,4.983333,186.0,-58.0,0.0,0.0,2940,1912,1.010267,0.82,0.0,0.0,pix
real_001_s001_2026-05-18_22-18-09-416,001,001,1,074,074.jpg,301,83.305413,1779135572.723025,5.0,186.0,-58.0,0.0,0.0,2940,1912,1.010267,0.82,0.0,0.0,pix
real_001_s001_2026-05-18_22-18-09-416,001,001,1,074,074.jpg,302,83.32208,1779135572.739691,5.016667,186.0,-58.0,0.0,0.0,2940,1912,1.010267,0.82,0.0,0.0,pix
real_001_s001_2026-05-18_22-18-09-416,001,001,1,074,074.jpg,303,83.338746,1779135572.756358,5.033333,186.0,-58.0,0.0,0.0,2940,1912,1.010267,0.82,0.0,0.0,pix
real_001_s001_2026-05-18_22-18-09-416,001,001,1,074,074.jpg,304,83.355413,1779135572.773025,5.05,186.0,-58.0,0.0,0.0,2940,1912,1.010267,0.82,0.0,0.0,pix
real_001_s001_2026-05-18_22-18-09-416,001,001,1,074,074.jpg,305,83.37208,1779135572.789691,5.066667,186.0,-58.0,0.0,0.0,2940,1912,1.010267,0.82,0.0,0.0,pix
real_001_s001_2026-05-18_22-18-09-416,001,001,1,074,074.jpg,306,83.388746,1779135572.806358,5.083333,186.0,-58.0,0.0,0.0,2940,1912,1.010267,0.82,0.0,0.0,pix
real_001_s001_2026-05-18_22-18-09-416,001,001,1,074,074.jpg,307,83.405413,1779135572.823025,5.1,186.0,-58.0,0.0,0.0,2940,1912,1.010267,0.82,0.0,0.0,pix
real_001_s001_2026-05-18_22-18-09-416,001,001,1,074,074.jpg,308,83.42208,1779135572.839691,5.116667,186.0,-58.0,0.0,0.0,2940,1912,1.010267,0.82,0.0,0.0,pix
real_001_s001_2026-05-18_22-18-09-416,001,001,1,074,074.jpg,309,83.438746,1779135572.856358,5.133333,186.0,-58.0,0.0,0.0,2940,1912,1.010267,0.82,0.0,0.0,pix
real_001_s001_2026-05-18_22-18-09-416,001,001,1,074,074.jpg,310,83.455413,1779135572.873025,5.15,186.0,-58.0,0.0,0.0,2940,1912,1.010267,0.82,0.0,0.0,pix
real_001_s001_2026-05-18_22-18-09-416,001,001,1,074,074.jpg,311,83.47208,1779135572.889692,5.166667,186.0,-58.0,0.0,0.0,2940,1912,1.010267,0.82,0.0,0.0,pix
real_001_s001_2026-05-18_22-18-09-416,001,001,1,074,074.jpg,312,83.488746,1779135572.906358,5.183333,186.0,-58.0,0.0,0.0,2940,1912,1.010267,0.82,0.0,0.0,pix
real_001_s001_2026-05-18_22-18-09-416,001,001,1,074,074.jpg,313,83.505413,1779135572.923025,5.2,186.0,-58.0,0.0,0.0,2940,1912,1.010267,0.82,0.0,0.0,pix
real_001_s001_2026-05-18_22-18-09-416,001,001,1,074,074.jpg,314,83.52208,1779135572.939692,5.216667,186.0,-58.0,0.0,0.0,2940,1912,1.010267,0.82,0.0,0.0,pix
real_001_s001_2026-05-18_22-18-09-416,001,001,1,074,074.jpg,315,83.538746,1779135572.956358,5.233333,186.0,-58.0,0.0,0.0,2940,1912,1.010267,0.82,0.0,0.0,pix
real_001_s001_2026-05-18_22-18-09-416,001,001,1,074,074.jpg,316,83.555413,1779135572.973025,5.25,186.0,-58.0,0.0,0.0,2940,1912,1.010267,0.82,0.0,0.0,pix
real_001_s001_2026-05-18_22-18-09-416,001,001,1,074,074.jpg,317,83.57208,1779135572.989691,5.266667,186.0,-58.0,0.0,0.0,2940,1912,1.010267,0.82,0.0,0.0,pix
real_001_s001_2026-05-18_22-18-09-416,001,001,1,074,074.jpg,318,83.588746,1779135573.006358,5.283333,186.0,-58.0,0.0,0.0,2940,1912,1.010267,0.82,0.0,0.0,pix
real_001_s001_2026-05-18_22-18-09-416,001,001,1,074,074.jpg,319,83.605413,1779135573.023025,5.3,186.0,-58.0,0.0,0.0,2940,1912,1.010267,0.82,0.0,0.0,pix
real_001_s001_2026-05-18_22-18-09-416,001,001,1,074,074.jpg,320,83.62208,1779135573.039691,5.316667,186.0,-58.0,0.0,0.0,2940,1912,1.010267,0.82,0.0,0.0,pix
real_001_s001_2026-05-18_22-18-09-416,001,001,1,074,074.jpg,321,83.638746,1779135573.056358,5.333333,186.0,-58.0,0.0,0.0,2940,1912,1.010267,0.82,0.0,0.0,pix
real_001_s001_2026-05-18_22-18-09-416,001,001,1,074,074.jpg,322,83.655413,1779135573.073025,5.35,186.0,-58.0,0.0,0.0,2940,1912,1.010267,0.82,0.0,0.0,pix
real_001_s001_2026-05-18_22-18-09-416,001,001,1,074,074.jpg,323,83.67208,1779135573.089691,5.366667,186.0,-58.0,0.0,0.0,2940,1912,1.010267,0.82,0.0,0.0,pix
real_001_s001_2026-05-18_22-18-09-416,001,001,1,074,074.jpg,324,83.688746,1779135573.106358,5.383333,186.0,-58.0,0.0,0.0,2940,1912,1.010267,0.82,0.0,0.0,pix
real_001_s001_2026-05-18_22-18-09-416,001,001,1,074,074.jpg,325,83.705413,1779135573.123025,5.4,186.0,-58.0,0.0,0.0,2940,1912,1.010267,0.82,0.0,0.0,pix
real_001_s001_2026-05-18_22-18-09-416,001,001,1,074,074.jpg,326,83.72208,1779135573.139692,5.416667,186.0,-58.0,0.0,0.0,2940,1912,1.010267,0.82,0.0,0.0,pix
real_001_s001_2026-05-18_22-18-09-416,001,001,1,074,074.jpg,327,83.738746,1779135573.156358,5.433333,186.0,-58.0,0.0,0.0,2940,1912,1.010267,0.82,0.0,0.0,pix
real_001_s001_2026-05-18_22-18-09-416,001,001,1,074,074.jpg,328,83.755413,1779135573.173025,5.45,186.0,-58.0,0.0,0.0,2940,1912,1.010267,0.82,0.0,0.0,pix
real_001_s001_2026-05-18_22-18-09-416,001,001,1,074,074.jpg,329,83.77208,1779135573.189692,5.466667,186.0,-58.0,0.0,0.0,2940,1912,1.010267,0.82,0.0,0.0,pix
real_001_s001_2026-05-18_22-18-09-416,001,001,1,074,074.jpg,330,83.788746,1779135573.206358,5.483333,186.0,-58.0,0.0,0.0,2940,1912,1.010267,0.82,0.0,0.0,pix
real_001_s001_2026-05-18_22-18-09-416,001,001,1,074,074.jpg,331,83.805413,1779135573.223025,5.5,186.0,-58.0,0.0,0.0,2940,1912,1.010267,0.82,0.0,0.0,pix
real_001_s001_2026-05-18_22-18-09-416,001,001,1,074,074.jpg,332,83.82208,1779135573.239691,5.516667,186.0,-58.0,0.0,0.0,2940,1912,1.010267,0.82,0.0,0.0,pix
real_001_s001_2026-05-18_22-18-09-416,001,001,1,074,074.jpg,333,83.838746,1779135573.256358,5.533333,186.0,-58.0,0.0,0.0,2940,1912,1.010267,0.82,0.0,0.0,pix
real_001_s001_2026-05-18_22-18-09-416,001,001,1,074,074.jpg,334,83.855413,1779135573.273025,5.55,186.0,-58.0,0.0,0.0,2940,1912,1.010267,0.82,0.0,0.0,pix
real_001_s001_2026-05-18_22-18-09-416,001,001,1,074,074.jpg,335,83.87208,1779135573.289691,5.566667,186.0,-58.0,0.0,0.0,2940,1912,1.010267,0.82,0.0,0.0,pix
real_001_s001_2026-05-18_22-18-09-416,001,001,1,074,074.jpg,336,83.888746,1779135573.306358,5.583333,186.0,-58.0,0.0,0.0,2940,1912,1.010267,0.82,0.0,0.0,pix
real_001_s001_2026-05-18_22-18-09-416,001,001,1,074,074.jpg,337,83.905413,1779135573.323025,5.6,186.0,-58.0,0.0,0.0,2940,1912,1.010267,0.82,0.0,0.0,pix
real_001_s001_2026-05-18_22-18-09-416,001,001,1,074,074.jpg,338,83.92208,1779135573.339691,5.616667,186.0,-58.0,0.0,0.0,2940,1912,1.010267,0.82,0.0,0.0,pix
real_001_s001_2026-05-18_22-18-09-416,001,001,1,074,074.jpg,339,83.938746,1779135573.356358,5.633333,186.0,-58.0,0.0,0.0,2940,1912,1.010267,0.82,0.0,0.0,pix
real_001_s001_2026-05-18_22-18-09-416,001,001,1,074,074.jpg,340,83.955413,1779135573.373025,5.65,186.0,-58.0,0.0,0.0,2940,1912,1.010267,0.82,0.0,0.0,pix
real_001_s001_2026-05-18_22-18-09-416,001,001,1,074,074.jpg,341,83.97208,1779135573.389692,5.666667,186.0,-58.0,0.0,0.0,2940,1912,1.010267,0.82,0.0,0.0,pix
real_001_s001_2026-05-18_22-18-09-416,001,001,1,074,074.jpg,342,83.988746,1779135573.406358,5.683333,186.0,-58.0,0.0,0.0,2940,1912,1.010267,0.82,0.0,0.0,pix
real_001_s001_2026-05-18_22-18-09-416,001,001,1,074,074.jpg,343,84.005413,1779135573.423025,5.7,186.0,-58.0,0.0,0.0,2940,1912,1.010267,0.82,0.0,0.0,pix
real_001_s001_2026-05-18_22-18-09-416,001,001,1,074,074.jpg,344,84.02208,1779135573.439692,5.716667,186.0,-58.0,0.0,0.0,2940,1912,1.010267,0.82,0.0,0.0,pix
real_001_s001_2026-05-18_22-18-09-416,001,001,1,074,074.jpg,345,84.038746,1779135573.456358,5.733333,186.0,-58.0,0.0,0.0,2940,1912,1.010267,0.82,0.0,0.0,pix
real_001_s001_2026-05-18_22-18-09-416,001,001,1,074,074.jpg,346,84.055413,1779135573.473025,5.75,186.0,-58.0,0.0,0.0,2940,1912,1.010267,0.82,0.0,0.0,pix
real_001_s001_2026-05-18_22-18-09-416,001,001,1,074,074.jpg,347,84.07208,1779135573.489691,5.766667,186.0,-58.0,0.0,0.0,2940,1912,1.010267,0.82,0.0,0.0,pix
real_001_s001_2026-05-18_22-18-09-416,001,001,1,074,074.jpg,348,84.088746,1779135573.506358,5.783333,186.0,-58.0,0.0,0.0,2940,1912,1.010267,0.82,0.0,0.0,pix
real_001_s001_2026-05-18_22-18-09-416,001,001,1,074,074.jpg,349,84.105413,1779135573.523025,5.8,186.0,-58.0,0.0,0.0,2940,1912,1.010267,0.82,0.0,0.0,pix
real_001_s001_2026-05-18_22-18-09-416,001,001,1,074,074.jpg,350,84.12208,1779135573.539691,5.816667,186.0,-58.0,0.0,0.0,2940,1912,1.010267,0.82,0.0,0.0,pix
real_001_s001_2026-05-18_22-18-09-416,001,001,1,074,074.jpg,351,84.138746,1779135573.556358,5.833333,186.0,-58.0,0.0,0.0,2940,1912,1.010267,0.82,0.0,0.0,pix
real_001_s001_2026-05-18_22-18-09-416,001,001,1,074,074.jpg,352,84.155413,1779135573.573025,5.85,186.0,-58.0,0.0,0.0,2940,1912,1.010267,0.82,0.0,0.0,pix
real_001_s001_2026-05-18_22-18-09-416,001,001,1,074,074.jpg,353,84.17208,1779135573.589691,5.866667,186.0,-58.0,0.0,0.0,2940,1912,1.010267,0.82,0.0,0.0,pix
real_001_s001_2026-05-18_22-18-09-416,001,001,1,074,074.jpg,354,84.188746,1779135573.606358,5.883333,186.0,-58.0,0.0,0.0,2940,1912,1.010267,0.82,0.0,0.0,pix
real_001_s001_2026-05-18_22-18-09-416,001,001,1,074,074.jpg,355,84.205413,1779135573.623025,5.9,186.0,-58.0,0.0,0.0,2940,1912,1.010267,0.82,0.0,0.0,pix
real_001_s001_2026-05-18_22-18-09-416,001,001,1,074,074.jpg,356,84.22208,1779135573.639692,5.916667,186.0,-58.0,0.0,0.0,2940,1912,1.010267,0.82,0.0,0.0,pix
real_001_s001_2026-05-18_22-18-09-416,001,001,1,074,074.jpg,357,84.238746,1779135573.656358,5.933333,186.0,-58.0,0.0,0.0,2940,1912,1.010267,0.82,0.0,0.0,pix
real_001_s001_2026-05-18_22-18-09-416,001,001,1,074,074.jpg,358,84.255413,1779135573.673025,5.95,186.0,-58.0,0.0,0.0,2940,1912,1.010267,0.82,0.0,0.0,pix
real_001_s001_2026-05-18_22-18-09-416,001,001,1,074,074.jpg,359,84.27208,1779135573.689692,5.966667,186.0,-58.0,0.0,0.0,2940,1912,1.010267,0.82,0.0,0.0,pix
real_001_s001_2026-05-18_22-18-09-416,001,001,1,074,074.jpg,360,84.288746,1779135573.706358,5.983333,186.0,-58.0,0.0,0.0,2940,1912,1.010267,0.82,0.0,0.0,pix
real_001_s001_2026-05-18_22-18-09-416,001,001,1,074,074.jpg,361,84.305413,1779135573.723025,6.0,186.0,-58.0,0.0,0.0,2940,1912,1.010267,0.82,0.0,0.0,pix
real_001_s001_2026-05-18_22-18-09-416,001,001,1,074,074.jpg,362,84.32208,1779135573.739691,6.016667,186.0,-58.0,0.0,0.0,2940,1912,1.010267,0.82,0.0,0.0,pix
real_001_s001_2026-05-18_22-18-09-416,001,001,1,074,074.jpg,363,84.338746,1779135573.756358,6.033333,186.0,-58.0,0.0,0.0,2940,1912,1.010267,0.82,0.0,0.0,pix
real_001_s001_2026-05-18_22-18-09-416,001,001,1,074,074.jpg,364,84.355413,1779135573.773025,6.05,186.0,-58.0,0.0,0.0,2940,1912,1.010267,0.82,0.0,0.0,pix
real_001_s001_2026-05-18_22-18-09-416,001,001,1,074,074.jpg,365,84.37208,1779135573.789691,6.066667,186.0,-58.0,0.0,0.0,2940,1912,1.010267,0.82,0.0,0.0,pix
real_001_s001_2026-05-18_22-18-09-416,001,001,1,074,074.jpg,366,84.388746,1779135573.806358,6.083333,186.0,-58.0,0.0,0.0,2940,1912,1.010267,0.82,0.0,0.0,pix
real_001_s001_2026-05-18_22-18-09-416,001,001,1,074,074.jpg,367,84.405413,1779135573.823025,6.1,186.0,-58.0,0.0,0.0,2940,1912,1.010267,0.82,0.0,0.0,pix
real_001_s001_2026-05-18_22-18-09-416,001,001,1,074,074.jpg,368,84.42208,1779135573.839691,6.116667,186.0,-58.0,0.0,0.0,2940,1912,1.010267,0.82,0.0,0.0,pix
real_001_s001_2026-05-18_22-18-09-416,001,001,1,074,074.jpg,369,84.438746,1779135573.856358,6.133333,186.0,-58.0,0.0,0.0,2940,1912,1.010267,0.82,0.0,0.0,pix
real_001_s001_2026-05-18_22-18-09-416,001,001,1,074,074.jpg,370,84.455413,1779135573.873025,6.15,186.0,-58.0,0.0,0.0,2940,1912,1.010267,0.82,0.0,0.0,pix
real_001_s001_2026-05-18_22-18-09-416,001,001,1,074,074.jpg,371,84.47208,1779135573.889692,6.166667,186.0,-58.0,0.0,0.0,2940,1912,1.010267,0.82,0.0,0.0,pix
real_001_s001_2026-05-18_22-18-09-416,001,001,1,074,074.jpg,372,84.488746,1779135573.906358,6.183333,186.0,-58.0,0.0,0.0,2940,1912,1.010267,0.82,0.0,0.0,pix
real_001_s001_2026-05-18_22-18-09-416,001,001,1,074,074.jpg,373,84.505413,1779135573.923025,6.2,186.0,-58.0,0.0,0.0,2940,1912,1.010267,0.82,0.0,0.0,pix
real_001_s001_2026-05-18_22-18-09-416,001,001,1,074,074.jpg,374,84.52208,1779135573.939692,6.216667,186.0,-58.0,0.0,0.0,2940,1912,1.010267,0.82,0.0,0.0,pix
real_001_s001_2026-05-18_22-18-09-416,001,001,1,074,074.jpg,375,84.538746,1779135573.956358,6.233333,186.0,-58.0,0.0,0.0,2940,1912,1.010267,0.82,0.0,0.0,pix
real_001_s001_2026-05-18_22-18-09-416,001,001,1,074,074.jpg,376,84.555413,1779135573.973025,6.25,186.0,-58.0,0.0,0.0,2940,1912,1.010267,0.82,0.0,0.0,pix
real_001_s001_2026-05-18_22-18-09-416,001,001,1,074,074.jpg,377,84.57208,1779135573.989691,6.266667,186.0,-58.0,0.0,0.0,2940,1912,1.010267,0.82,0.0,0.0,pix
real_001_s001_2026-05-18_22-18-09-416,001,001,1,074,074.jpg,378,84.588746,1779135574.006358,6.283333,186.0,-58.0,0.0,0.0,2940,1912,1.010267,0.82,0.0,0.0,pix
real_001_s001_2026-05-18_22-18-09-416,001,001,1,074,074.jpg,379,84.605413,1779135574.023025,6.3,186.0,-58.0,0.0,0.0,2940,1912,1.010267,0.82,0.0,0.0,pix
real_001_s001_2026-05-18_22-18-09-416,001,001,1,074,074.jpg,380,84.62208,1779135574.039691,6.316667,186.0,-58.0,0.0,0.0,2940,1912,1.010267,0.82,0.0,0.0,pix
real_001_s001_2026-05-18_22-18-09-416,001,001,1,074,074.jpg,381,84.638746,1779135574.056358,6.333333,186.0,-58.0,0.0,0.0,2940,1912,1.010267,0.82,0.0,0.0,pix
real_001_s001_2026-05-18_22-18-09-416,001,001,1,074,074.jpg,382,84.655413,1779135574.073025,6.35,186.0,-58.0,0.0,0.0,2940,1912,1.010267,0.82,0.0,0.0,pix
real_001_s001_2026-05-18_22-18-09-416,001,001,1,074,074.jpg,383,84.67208,1779135574.089691,6.366667,186.0,-58.0,0.0,0.0,2940,1912,1.010267,0.82,0.0,0.0,pix
real_001_s001_2026-05-18_22-18-09-416,001,001,1,074,074.jpg,384,84.688746,1779135574.106358,6.383333,186.0,-58.0,0.0,0.0,2940,1912,1.010267,0.82,0.0,0.0,pix
real_001_s001_2026-05-18_22-18-09-416,001,001,1,074,074.jpg,385,84.705413,1779135574.123025,6.4,186.0,-58.0,0.0,0.0,2940,1912,1.010267,0.82,0.0,0.0,pix
real_001_s001_2026-05-18_22-18-09-416,001,001,1,074,074.jpg,386,84.72208,1779135574.139692,6.416667,186.0,-58.0,0.0,0.0,2940,1912,1.010267,0.82,0.0,0.0,pix
real_001_s001_2026-05-18_22-18-09-416,001,001,1,074,074.jpg,387,84.738746,1779135574.156358,6.433333,186.0,-58.0,0.0,0.0,2940,1912,1.010267,0.82,0.0,0.0,pix
real_001_s001_2026-05-18_22-18-09-416,001,001,1,074,074.jpg,388,84.755413,1779135574.173025,6.45,186.0,-58.0,0.0,0.0,2940,1912,1.010267,0.82,0.0,0.0,pix
real_001_s001_2026-05-18_22-18-09-416,001,001,1,074,074.jpg,389,84.77208,1779135574.189692,6.466667,186.0,-58.0,0.0,0.0,2940,1912,1.010267,0.82,0.0,0.0,pix
real_001_s001_2026-05-18_22-18-09-416,001,001,1,074,074.jpg,390,84.788746,1779135574.206358,6.483333,186.0,-58.0,0.0,0.0,2940,1912,1.010267,0.82,0.0,0.0,pix
real_001_s001_2026-05-18_22-18-09-416,001,001,1,074,074.jpg,391,84.805413,1779135574.223025,6.5,186.0,-58.0,0.0,0.0,2940,1912,1.010267,0.82,0.0,0.0,pix
real_001_s001_2026-05-18_22-18-09-416,001,001,1,074,074.jpg,392,84.82208,1779135574.239691,6.516667,186.0,-58.0,0.0,0.0,2940,1912,1.010267,0.82,0.0,0.0,pix
real_001_s001_2026-05-18_22-18-09-416,001,001,1,074,074.jpg,393,84.838746,1779135574.256358,6.533333,186.0,-58.0,0.0,0.0,2940,1912,1.010267,0.82,0.0,0.0,pix
real_001_s001_2026-05-18_22-18-09-416,001,001,1,074,074.jpg,394,84.855413,1779135574.273025,6.55,186.0,-58.0,0.0,0.0,2940,1912,1.010267,0.82,0.0,0.0,pix
real_001_s001_2026-05-18_22-18-09-416,001,001,1,074,074.jpg,395,84.87208,1779135574.289691,6.566667,186.0,-58.0,0.0,0.0,2940,1912,1.010267,0.82,0.0,0.0,pix
real_001_s001_2026-05-18_22-18-09-416,001,001,1,074,074.jpg,396,84.888746,1779135574.306358,6.583333,186.0,-58.0,0.0,0.0,2940,1912,1.010267,0.82,0.0,0.0,pix
real_001_s001_2026-05-18_22-18-09-416,001,001,1,074,074.jpg,397,84.905413,1779135574.323025,6.6,186.0,-58.0,0.0,0.0,2940,1912,1.010267,0.82,0.0,0.0,pix
real_001_s001_2026-05-18_22-18-09-416,001,001,1,074,074.jpg,398,84.92208,1779135574.339691,6.616667,186.0,-58.0,0.0,0.0,2940,1912,1.010267,0.82,0.0,0.0,pix
real_001_s001_2026-05-18_22-18-09-416,001,001,1,074,074.jpg,399,84.938746,1779135574.356358,6.633333,186.0,-58.0,0.0,0.0,2940,1912,1.010267,0.82,0.0,0.0,pix
real_001_s001_2026-05-18_22-18-09-416,001,001,1,074,074.jpg,400,84.955413,1779135574.373025,6.65,186.0,-58.0,0.0,0.0,2940,1912,1.010267,0.82,0.0,0.0,pix
real_001_s001_2026-05-18_22-18-09-416,001,001,1,074,074.jpg,401,84.97208,1779135574.389692,6.666667,186.0,-58.0,0.0,0.0,2940,1912,1.010267,0.82,0.0,0.0,pix
real_001_s001_2026-05-18_22-18-09-416,001,001,1,074,074.jpg,402,84.988746,1779135574.406358,6.683333,186.0,-58.0,0.0,0.0,2940,1912,1.010267,0.82,0.0,0.0,pix
real_001_s001_2026-05-18_22-18-09-416,001,001,1,074,074.jpg,403,85.005413,1779135574.423025,6.7,186.0,-58.0,0.0,0.0,2940,1912,1.010267,0.82,0.0,0.0,pix
real_001_s001_2026-05-18_22-18-09-416,001,001,1,074,074.jpg,404,85.02208,1779135574.439692,6.716667,186.0,-58.0,0.0,0.0,2940,1912,1.010267,0.82,0.0,0.0,pix
real_001_s001_2026-05-18_22-18-09-416,001,001,1,074,074.jpg,405,85.038746,1779135574.456358,6.733333,186.0,-58.0,0.0,0.0,2940,1912,1.010267,0.82,0.0,0.0,pix
real_001_s001_2026-05-18_22-18-09-416,001,001,1,074,074.jpg,406,85.055413,1779135574.473025,6.75,186.0,-58.0,0.0,0.0,2940,1912,1.010267,0.82,0.0,0.0,pix
real_001_s001_2026-05-18_22-18-09-416,001,001,1,074,074.jpg,407,85.07208,1779135574.489691,6.766667,186.0,-58.0,0.0,0.0,2940,1912,1.010267,0.82,0.0,0.0,pix
real_001_s001_2026-05-18_22-18-09-416,001,001,1,074,074.jpg,408,85.088746,1779135574.506358,6.783333,186.0,-58.0,0.0,0.0,2940,1912,1.010267,0.82,0.0,0.0,pix
real_001_s001_2026-05-18_22-18-09-416,001,001,1,074,074.jpg,409,85.105413,1779135574.523025,6.8,186.0,-58.0,0.0,0.0,2940,1912,1.010267,0.82,0.0,0.0,pix
real_001_s001_2026-05-18_22-18-09-416,001,001,1,074,074.jpg,410,85.12208,1779135574.539691,6.816667,186.0,-58.0,0.0,0.0,2940,1912,1.010267,0.82,0.0,0.0,pix
real_001_s001_2026-05-18_22-18-09-416,001,001,1,074,074.jpg,411,85.138746,1779135574.556358,6.833333,186.0,-58.0,0.0,0.0,2940,1912,1.010267,0.82,0.0,0.0,pix
real_001_s001_2026-05-18_22-18-09-416,001,001,1,074,074.jpg,412,85.155413,1779135574.573025,6.85,186.0,-58.0,0.0,0.0,2940,1912,1.010267,0.82,0.0,0.0,pix
real_001_s001_2026-05-18_22-18-09-416,001,001,1,074,074.jpg,413,85.17208,1779135574.589691,6.866667,186.0,-58.0,0.0,0.0,2940,1912,1.010267,0.82,0.0,0.0,pix
real_001_s001_2026-05-18_22-18-09-416,001,001,1,074,074.jpg,414,85.188746,1779135574.606358,6.883333,186.0,-58.0,0.0,0.0,2940,1912,1.010267,0.82,0.0,0.0,pix
real_001_s001_2026-05-18_22-18-09-416,001,001,1,074,074.jpg,415,85.205413,1779135574.623025,6.9,186.0,-58.0,0.0,0.0,2940,1912,1.010267,0.82,0.0,0.0,pix
real_001_s001_2026-05-18_22-18-09-416,001,001,1,074,074.jpg,416,85.22208,1779135574.639692,6.916667,186.0,-58.0,0.0,0.0,2940,1912,1.010267,0.82,0.0,0.0,pix
real_001_s001_2026-05-18_22-18-09-416,001,001,1,074,074.jpg,417,85.238746,1779135574.656358,6.933333,186.0,-58.0,0.0,0.0,2940,1912,1.010267,0.82,0.0,0.0,pix
real_001_s001_2026-05-18_22-18-09-416,001,001,1,074,074.jpg,418,85.255413,1779135574.673025,6.95,186.0,-58.0,0.0,0.0,2940,1912,1.010267,0.82,0.0,0.0,pix
real_001_s001_2026-05-18_22-18-09-416,001,001,1,074,074.jpg,419,85.27208,1779135574.689692,6.966667,186.0,-58.0,0.0,0.0,2940,1912,1.010267,0.82,0.0,0.0,pix
real_001_s001_2026-05-18_22-18-09-416,001,001,1,074,074.jpg,420,85.288746,1779135574.706358,6.983333,186.0,-58.0,0.0,0.0,2940,1912,1.010267,0.82,0.0,0.0,pix
real_001_s001_2026-05-18_22-18-09-416,001,001,1,074,074.jpg,421,85.305413,1779135574.723025,7.0,186.0,-58.0,0.0,0.0,2940,1912,1.010267,0.82,0.0,0.0,pix
real_001_s001_2026-05-18_22-18-09-416,001,001,1,074,074.jpg,422,85.32208,1779135574.739691,7.016667,186.0,-58.0,0.0,0.0,2940,1912,1.010267,0.82,0.0,0.0,pix
real_001_s001_2026-05-18_22-18-09-416,001,001,1,074,074.jpg,423,85.338746,1779135574.756358,7.033333,186.0,-58.0,0.0,0.0,2940,1912,1.010267,0.82,0.0,0.0,pix
real_001_s001_2026-05-18_22-18-09-416,001,001,1,074,074.jpg,424,85.355413,1779135574.773025,7.05,186.0,-58.0,0.0,0.0,2940,1912,1.010267,0.82,0.0,0.0,pix
real_001_s001_2026-05-18_22-18-09-416,001,001,1,074,074.jpg,425,85.37208,1779135574.789691,7.066667,186.0,-58.0,0.0,0.0,2940,1912,1.010267,0.82,0.0,0.0,pix
real_001_s001_2026-05-18_22-18-09-416,001,001,1,074,074.jpg,426,85.388746,1779135574.806358,7.083333,186.0,-58.0,0.0,0.0,2940,1912,1.010267,0.82,0.0,0.0,pix
real_001_s001_2026-05-18_22-18-09-416,001,001,1,074,074.jpg,427,85.405413,1779135574.823025,7.1,186.0,-58.0,0.0,0.0,2940,1912,1.010267,0.82,0.0,0.0,pix
real_001_s001_2026-05-18_22-18-09-416,001,001,1,074,074.jpg,428,85.42208,1779135574.839691,7.116667,186.0,-58.0,0.0,0.0,2940,1912,1.010267,0.82,0.0,0.0,pix
real_001_s001_2026-05-18_22-18-09-416,001,001,1,074,074.jpg,429,85.438746,1779135574.856358,7.133333,186.0,-58.0,0.0,0.0,2940,1912,1.010267,0.82,0.0,0.0,pix
real_001_s001_2026-05-18_22-18-09-416,001,001,1,074,074.jpg,430,85.455413,1779135574.873025,7.15,186.0,-58.0,0.0,0.0,2940,1912,1.010267,0.82,0.0,0.0,pix
real_001_s001_2026-05-18_22-18-09-416,001,001,1,074,074.jpg,431,85.47208,1779135574.889692,7.166667,186.0,-58.0,0.0,0.0,2940,1912,1.010267,0.82,0.0,0.0,pix
real_001_s001_2026-05-18_22-18-09-416,001,001,1,074,074.jpg,432,85.488746,1779135574.906358,7.183333,186.0,-58.0,0.0,0.0,2940,1912,1.010267,0.82,0.0,0.0,pix
real_001_s001_2026-05-18_22-18-09-416,001,001,1,074,074.jpg,433,85.505413,1779135574.923025,7.2,186.0,-58.0,0.0,0.0,2940,1912,1.010267,0.82,0.0,0.0,pix
real_001_s001_2026-05-18_22-18-09-416,001,001,1,074,074.jpg,434,85.52208,1779135574.939692,7.216667,186.0,-58.0,0.0,0.0,2940,1912,1.010267,0.82,0.0,0.0,pix
real_001_s001_2026-05-18_22-18-09-416,001,001,1,074,074.jpg,435,85.538746,1779135574.956358,7.233333,186.0,-58.0,0.0,0.0,2940,1912,1.010267,0.82,0.0,0.0,pix
real_001_s001_2026-05-18_22-18-09-416,001,001,1,074,074.jpg,436,85.555413,1779135574.973025,7.25,186.0,-58.0,0.0,0.0,2940,1912,1.010267,0.82,0.0,0.0,pix
real_001_s001_2026-05-18_22-18-09-416,001,001,1,074,074.jpg,437,85.57208,1779135574.989691,7.266667,186.0,-58.0,0.0,0.0,2940,1912,1.010267,0.82,0.0,0.0,pix
real_001_s001_2026-05-18_22-18-09-416,001,001,1,074,074.jpg,438,85.588746,1779135575.006358,7.283333,186.0,-58.0,0.0,0.0,2940,1912,1.010267,0.82,0.0,0.0,pix
real_001_s001_2026-05-18_22-18-09-416,001,001,1,074,074.jpg,439,85.605413,1779135575.023025,7.3,186.0,-58.0,0.0,0.0,2940,1912,1.010267,0.82,0.0,0.0,pix
real_001_s001_2026-05-18_22-18-09-416,001,001,1,074,074.jpg,440,85.62208,1779135575.039691,7.316667,186.0,-58.0,0.0,0.0,2940,1912,1.010267,0.82,0.0,0.0,pix
real_001_s001_2026-05-18_22-18-09-416,001,001,1,074,074.jpg,441,85.638746,1779135575.056358,7.333333,186.0,-58.0,0.0,0.0,2940,1912,1.010267,0.82,0.0,0.0,pix
real_001_s001_2026-05-18_22-18-09-416,001,001,1,074,074.jpg,442,85.655413,1779135575.073025,7.35,186.0,-58.0,0.0,0.0,2940,1912,1.010267,0.82,0.0,0.0,pix
real_001_s001_2026-05-18_22-18-09-416,001,001,1,074,074.jpg,443,85.67208,1779135575.089691,7.366667,186.0,-58.0,0.0,0.0,2940,1912,1.010267,0.82,0.0,0.0,pix
real_001_s001_2026-05-18_22-18-09-416,001,001,1,074,074.jpg,444,85.688746,1779135575.106358,7.383333,186.0,-58.0,0.0,0.0,2940,1912,1.010267,0.82,0.0,0.0,pix
real_001_s001_2026-05-18_22-18-09-416,001,001,1,074,074.jpg,445,85.705413,1779135575.123025,7.4,186.0,-58.0,0.0,0.0,2940,1912,1.010267,0.82,0.0,0.0,pix
real_001_s001_2026-05-18_22-18-09-416,001,001,1,074,074.jpg,446,85.72208,1779135575.139692,7.416667,186.0,-58.0,0.0,0.0,2940,1912,1.010267,0.82,0.0,0.0,pix
real_001_s001_2026-05-18_22-18-09-416,001,001,1,074,074.jpg,447,85.738746,1779135575.156358,7.433333,186.0,-58.0,0.0,0.0,2940,1912,1.010267,0.82,0.0,0.0,pix
real_001_s001_2026-05-18_22-18-09-416,001,001,1,074,074.jpg,448,85.755413,1779135575.173025,7.45,186.0,-58.0,0.0,0.0,2940,1912,1.010267,0.82,0.0,0.0,pix
real_001_s001_2026-05-18_22-18-09-416,001,001,1,074,074.jpg,449,85.77208,1779135575.189692,7.466667,186.0,-58.0,0.0,0.0,2940,1912,1.010267,0.82,0.0,0.0,pix
real_001_s001_2026-05-18_22-18-09-416,001,001,1,074,074.jpg,450,85.788746,1779135575.206358,7.483333,186.0,-58.0,0.0,0.0,2940,1912,1.010267,0.82,0.0,0.0,pix
real_001_s001_2026-05-18_22-18-09-416,001,001,1,074,074.jpg,451,85.805413,1779135575.223025,7.5,186.0,-58.0,0.0,0.0,2940,1912,1.010267,0.82,0.0,0.0,pix
real_001_s001_2026-05-18_22-18-09-416,001,001,1,074,074.jpg,452,85.82208,1779135575.239691,7.516667,186.0,-58.0,0.0,0.0,2940,1912,1.010267,0.82,0.0,0.0,pix
real_001_s001_2026-05-18_22-18-09-416,001,001,1,074,074.jpg,453,85.838746,1779135575.256358,7.533333,186.0,-58.0,0.0,0.0,2940,1912,1.010267,0.82,0.0,0.0,pix
real_001_s001_2026-05-18_22-18-09-416,001,001,1,074,074.jpg,454,85.855413,1779135575.273025,7.55,186.0,-58.0,0.0,0.0,2940,1912,1.010267,0.82,0.0,0.0,pix
real_001_s001_2026-05-18_22-18-09-416,001,001,1,074,074.jpg,455,85.87208,1779135575.289691,7.566667,186.0,-58.0,0.0,0.0,2940,1912,1.010267,0.82,0.0,0.0,pix
real_001_s001_2026-05-18_22-18-09-416,001,001,1,074,074.jpg,456,85.888746,1779135575.306358,7.583333,186.0,-58.0,0.0,0.0,2940,1912,1.010267,0.82,0.0,0.0,pix
real_001_s001_2026-05-18_22-18-09-416,001,001,1,074,074.jpg,457,85.905413,1779135575.323025,7.6,186.0,-58.0,0.0,0.0,2940,1912,1.010267,0.82,0.0,0.0,pix
real_001_s001_2026-05-18_22-18-09-416,001,001,1,074,074.jpg,458,85.92208,1779135575.339691,7.616667,186.0,-58.0,0.0,0.0,2940,1912,1.010267,0.82,0.0,0.0,pix
real_001_s001_2026-05-18_22-18-09-416,001,001,1,074,074.jpg,459,85.938746,1779135575.356358,7.633333,186.0,-58.0,0.0,0.0,2940,1912,1.010267,0.82,0.0,0.0,pix
real_001_s001_2026-05-18_22-18-09-416,001,001,1,074,074.jpg,460,85.955413,1779135575.373025,7.65,186.0,-58.0,0.0,0.0,2940,1912,1.010267,0.82,0.0,0.0,pix
real_001_s001_2026-05-18_22-18-09-416,001,001,1,074,074.jpg,461,85.97208,1779135575.389692,7.666667,186.0,-58.0,0.0,0.0,2940,1912,1.010267,0.82,0.0,0.0,pix
real_001_s001_2026-05-18_22-18-09-416,001,001,1,074,074.jpg,462,85.988746,1779135575.406358,7.683333,186.0,-58.0,0.0,0.0,2940,1912,1.010267,0.82,0.0,0.0,pix
real_001_s001_2026-05-18_22-18-09-416,001,001,1,074,074.jpg,463,86.005413,1779135575.423025,7.7,186.0,-58.0,0.0,0.0,2940,1912,1.010267,0.82,0.0,0.0,pix
real_001_s001_2026-05-18_22-18-09-416,001,001,1,074,074.jpg,464,86.02208,1779135575.439692,7.716667,186.0,-58.0,0.0,0.0,2940,1912,1.010267,0.82,0.0,0.0,pix
real_001_s001_2026-05-18_22-18-09-416,001,001,1,074,074.jpg,465,86.038746,1779135575.456358,7.733333,186.0,-58.0,0.0,0.0,2940,1912,1.010267,0.82,0.0,0.0,pix
real_001_s001_2026-05-18_22-18-09-416,001,001,1,074,074.jpg,466,86.055413,1779135575.473025,7.75,186.0,-58.0,0.0,0.0,2940,1912,1.010267,0.82,0.0,0.0,pix
real_001_s001_2026-05-18_22-18-09-416,001,001,1,074,074.jpg,467,86.07208,1779135575.489691,7.766667,186.0,-58.0,0.0,0.0,2940,1912,1.010267,0.82,0.0,0.0,pix
real_001_s001_2026-05-18_22-18-09-416,001,001,1,074,074.jpg,468,86.088746,1779135575.506358,7.783333,186.0,-58.0,0.0,0.0,2940,1912,1.010267,0.82,0.0,0.0,pix
real_001_s001_2026-05-18_22-18-09-416,001,001,1,074,074.jpg,469,86.105413,1779135575.523025,7.8,186.0,-58.0,0.0,0.0,2940,1912,1.010267,0.82,0.0,0.0,pix
real_001_s001_2026-05-18_22-18-09-416,001,001,1,074,074.jpg,470,86.12208,1779135575.539691,7.816667,186.0,-58.0,0.0,0.0,2940,1912,1.010267,0.82,0.0,0.0,pix
real_001_s001_2026-05-18_22-18-09-416,001,001,1,074,074.jpg,471,86.138746,1779135575.556358,7.833333,186.0,-58.0,0.0,0.0,2940,1912,1.010267,0.82,0.0,0.0,pix
real_001_s001_2026-05-18_22-18-09-416,001,001,1,074,074.jpg,472,86.155413,1779135575.573025,7.85,186.0,-58.0,0.0,0.0,2940,1912,1.010267,0.82,0.0,0.0,pix
real_001_s001_2026-05-18_22-18-09-416,001,001,1,074,074.jpg,473,86.17208,1779135575.589691,7.866667,186.0,-58.0,0.0,0.0,2940,1912,1.010267,0.82,0.0,0.0,pix
real_001_s001_2026-05-18_22-18-09-416,001,001,1,074,074.jpg,474,86.188746,1779135575.606358,7.883333,186.0,-58.0,0.0,0.0,2940,1912,1.010267,0.82,0.0,0.0,pix
real_001_s001_2026-05-18_22-18-09-416,001,001,1,074,074.jpg,475,86.205413,1779135575.623025,7.9,186.0,-58.0,0.0,0.0,2940,1912,1.010267,0.82,0.0,0.0,pix
real_001_s001_2026-05-18_22-18-09-416,001,001,1,074,074.jpg,476,86.22208,1779135575.639692,7.916667,186.0,-58.0,0.0,0.0,2940,1912,1.010267,0.82,0.0,0.0,pix
real_001_s001_2026-05-18_22-18-09-416,001,001,1,074,074.jpg,477,86.238746,1779135575.656358,7.933333,186.0,-58.0,0.0,0.0,2940,1912,1.010267,0.82,0.0,0.0,pix
real_001_s001_2026-05-18_22-18-09-416,001,001,1,074,074.jpg,478,86.255413,1779135575.673025,7.95,186.0,-58.0,0.0,0.0,2940,1912,1.010267,0.82,0.0,0.0,pix
real_001_s001_2026-05-18_22-18-09-416,001,001,1,074,074.jpg,479,86.27208,1779135575.689692,7.966667,186.0,-58.0,0.0,0.0,2940,1912,1.010267,0.82,0.0,0.0,pix
real_001_s001_2026-05-18_22-18-09-416,001,001,1,074,074.jpg,480,86.288746,1779135575.706358,7.983333,186.0,-58.0,0.0,0.0,2940,1912,1.010267,0.82,0.0,0.0,pix
real_001_s001_2026-05-18_22-18-09-416,001,001,1,074,074.jpg,481,86.305413,1779135575.723025,8.0,186.0,-58.0,0.0,0.0,2940,1912,1.010267,0.82,0.0,0.0,pix
real_001_s001_2026-05-18_22-18-09-416,001,001,1,074,074.jpg,482,86.32208,1779135575.739691,8.016667,186.0,-58.0,0.0,0.0,2940,1912,1.010267,0.82,0.0,0.0,pix
real_001_s001_2026-05-18_22-18-09-416,001,001,1,074,074.jpg,483,86.338746,1779135575.756358,8.033333,186.0,-58.0,0.0,0.0,2940,1912,1.010267,0.82,0.0,0.0,pix
real_001_s001_2026-05-18_22-18-09-416,001,001,1,074,074.jpg,484,86.355413,1779135575.773025,8.05,186.0,-58.0,0.0,0.0,2940,1912,1.010267,0.82,0.0,0.0,pix
real_001_s001_2026-05-18_22-18-09-416,001,001,1,074,074.jpg,485,86.37208,1779135575.789691,8.066667,186.0,-58.0,0.0,0.0,2940,1912,1.010267,0.82,0.0,0.0,pix
real_001_s001_2026-05-18_22-18-09-416,001,001,1,074,074.jpg,486,86.388746,1779135575.806358,8.083333,186.0,-58.0,0.0,0.0,2940,1912,1.010267,0.82,0.0,0.0,pix
real_001_s001_2026-05-18_22-18-09-416,001,001,1,074,074.jpg,487,86.405413,1779135575.823025,8.1,186.0,-58.0,0.0,0.0,2940,1912,1.010267,0.82,0.0,0.0,pix
real_001_s001_2026-05-18_22-18-09-416,001,001,1,074,074.jpg,488,86.42208,1779135575.839691,8.116667,186.0,-58.0,0.0,0.0,2940,1912,1.010267,0.82,0.0,0.0,pix
real_001_s001_2026-05-18_22-18-09-416,001,001,1,074,074.jpg,489,86.438746,1779135575.856358,8.133333,186.0,-58.0,0.0,0.0,2940,1912,1.010267,0.82,0.0,0.0,pix
real_001_s001_2026-05-18_22-18-09-416,001,001,1,074,074.jpg,490,86.455413,1779135575.873025,8.15,186.0,-58.0,0.0,0.0,2940,1912,1.010267,0.82,0.0,0.0,pix
real_001_s001_2026-05-18_22-18-09-416,001,001,1,074,074.jpg,491,86.47208,1779135575.889692,8.166667,186.0,-58.0,0.0,0.0,2940,1912,1.010267,0.82,0.0,0.0,pix
real_001_s001_2026-05-18_22-18-09-416,001,001,1,074,074.jpg,492,86.488746,1779135575.906358,8.183333,186.0,-58.0,0.0,0.0,2940,1912,1.010267,0.82,0.0,0.0,pix
real_001_s001_2026-05-18_22-18-09-416,001,001,1,074,074.jpg,493,86.505413,1779135575.923025,8.2,186.0,-58.0,0.0,0.0,2940,1912,1.010267,0.82,0.0,0.0,pix
real_001_s001_2026-05-18_22-18-09-416,001,001,1,074,074.jpg,494,86.52208,1779135575.939692,8.216667,186.0,-58.0,0.0,0.0,2940,1912,1.010267,0.82,0.0,0.0,pix
real_001_s001_2026-05-18_22-18-09-416,001,001,1,074,074.jpg,495,86.538746,1779135575.956358,8.233333,186.0,-58.0,0.0,0.0,2940,1912,1.010267,0.82,0.0,0.0,pix
real_001_s001_2026-05-18_22-18-09-416,001,001,1,074,074.jpg,496,86.555413,1779135575.973025,8.25,186.0,-58.0,0.0,0.0,2940,1912,1.010267,0.82,0.0,0.0,pix
real_001_s001_2026-05-18_22-18-09-416,001,001,1,074,074.jpg,497,86.57208,1779135575.989691,8.266667,186.0,-58.0,0.0,0.0,2940,1912,1.010267,0.82,0.0,0.0,pix
real_001_s001_2026-05-18_22-18-09-416,001,001,1,074,074.jpg,498,86.588746,1779135576.006358,8.283333,186.0,-58.0,0.0,0.0,2940,1912,1.010267,0.82,0.0,0.0,pix
real_001_s001_2026-05-18_22-18-09-416,001,001,1,074,074.jpg,499,86.605413,1779135576.023025,8.3,186.0,-58.0,0.0,0.0,2940,1912,1.010267,0.82,0.0,0.0,pix
real_001_s001_2026-05-18_22-18-09-416,001,001,1,074,074.jpg,500,86.62208,1779135576.039691,8.316667,186.0,-58.0,0.0,0.0,2940,1912,1.010267,0.82,0.0,0.0,pix
real_001_s001_2026-05-18_22-18-09-416,001,001,1,074,074.jpg,501,86.638746,1779135576.056358,8.333333,186.0,-58.0,0.0,0.0,2940,1912,1.010267,0.82,0.0,0.0,pix
real_001_s001_2026-05-18_22-18-09-416,001,001,1,074,074.jpg,502,86.655413,1779135576.073025,8.35,186.0,-58.0,0.0,0.0,2940,1912,1.010267,0.82,0.0,0.0,pix
real_001_s001_2026-05-18_22-18-09-416,001,001,1,074,074.jpg,503,86.67208,1779135576.089691,8.366667,186.0,-58.0,0.0,0.0,2940,1912,1.010267,0.82,0.0,0.0,pix
real_001_s001_2026-05-18_22-18-09-416,001,001,1,074,074.jpg,504,86.688746,1779135576.106358,8.383333,186.0,-58.0,0.0,0.0,2940,1912,1.010267,0.82,0.0,0.0,pix
real_001_s001_2026-05-18_22-18-09-416,001,001,1,074,074.jpg,505,86.705413,1779135576.123025,8.4,186.0,-58.0,0.0,0.0,2940,1912,1.010267,0.82,0.0,0.0,pix
real_001_s001_2026-05-18_22-18-09-416,001,001,1,074,074.jpg,506,86.72208,1779135576.139692,8.416667,186.0,-58.0,0.0,0.0,2940,1912,1.010267,0.82,0.0,0.0,pix
real_001_s001_2026-05-18_22-18-09-416,001,001,1,074,074.jpg,507,86.738746,1779135576.156358,8.433333,186.0,-58.0,0.0,0.0,2940,1912,1.010267,0.82,0.0,0.0,pix
real_001_s001_2026-05-18_22-18-09-416,001,001,1,074,074.jpg,508,86.755413,1779135576.173025,8.45,186.0,-58.0,0.0,0.0,2940,1912,1.010267,0.82,0.0,0.0,pix
real_001_s001_2026-05-18_22-18-09-416,001,001,1,074,074.jpg,509,86.77208,1779135576.189692,8.466667,186.0,-58.0,0.0,0.0,2940,1912,1.010267,0.82,0.0,0.0,pix
real_001_s001_2026-05-18_22-18-09-416,001,001,1,074,074.jpg,510,86.788746,1779135576.206358,8.483333,186.0,-58.0,0.0,0.0,2940,1912,1.010267,0.82,0.0,0.0,pix
real_001_s001_2026-05-18_22-18-09-416,001,001,1,074,074.jpg,511,86.805413,1779135576.223025,8.5,186.0,-58.0,0.0,0.0,2940,1912,1.010267,0.82,0.0,0.0,pix
real_001_s001_2026-05-18_22-18-09-416,001,001,1,074,074.jpg,512,86.82208,1779135576.239691,8.516667,186.0,-58.0,0.0,0.0,2940,1912,1.010267,0.82,0.0,0.0,pix
real_001_s001_2026-05-18_22-18-09-416,001,001,1,074,074.jpg,513,86.838746,1779135576.256358,8.533333,186.0,-58.0,0.0,0.0,2940,1912,1.010267,0.82,0.0,0.0,pix
real_001_s001_2026-05-18_22-18-09-416,001,001,1,074,074.jpg,514,86.855413,1779135576.273025,8.55,186.0,-58.0,0.0,0.0,2940,1912,1.010267,0.82,0.0,0.0,pix
real_001_s001_2026-05-18_22-18-09-416,001,001,1,074,074.jpg,515,86.87208,1779135576.289691,8.566667,186.0,-58.0,0.0,0.0,2940,1912,1.010267,0.82,0.0,0.0,pix
real_001_s001_2026-05-18_22-18-09-416,001,001,1,074,074.jpg,516,86.888746,1779135576.306358,8.583333,186.0,-58.0,0.0,0.0,2940,1912,1.010267,0.82,0.0,0.0,pix
real_001_s001_2026-05-18_22-18-09-416,001,001,1,074,074.jpg,517,86.905413,1779135576.323025,8.6,186.0,-58.0,0.0,0.0,2940,1912,1.010267,0.82,0.0,0.0,pix
real_001_s001_2026-05-18_22-18-09-416,001,001,1,074,074.jpg,518,86.92208,1779135576.339691,8.616667,186.0,-58.0,0.0,0.0,2940,1912,1.010267,0.82,0.0,0.0,pix
real_001_s001_2026-05-18_22-18-09-416,001,001,1,074,074.jpg,519,86.938746,1779135576.356358,8.633333,186.0,-58.0,0.0,0.0,2940,1912,1.010267,0.82,0.0,0.0,pix
real_001_s001_2026-05-18_22-18-09-416,001,001,1,074,074.jpg,520,86.955413,1779135576.373025,8.65,186.0,-58.0,0.0,0.0,2940,1912,1.010267,0.82,0.0,0.0,pix
real_001_s001_2026-05-18_22-18-09-416,001,001,1,074,074.jpg,521,86.97208,1779135576.389692,8.666667,186.0,-58.0,0.0,0.0,2940,1912,1.010267,0.82,0.0,0.0,pix
real_001_s001_2026-05-18_22-18-09-416,001,001,1,074,074.jpg,522,86.988746,1779135576.406358,8.683333,186.0,-58.0,0.0,0.0,2940,1912,1.010267,0.82,0.0,0.0,pix
real_001_s001_2026-05-18_22-18-09-416,001,001,1,074,074.jpg,523,87.005413,1779135576.423025,8.7,186.0,-58.0,0.0,0.0,2940,1912,1.010267,0.82,0.0,0.0,pix
real_001_s001_2026-05-18_22-18-09-416,001,001,1,074,074.jpg,524,87.02208,1779135576.439692,8.716667,186.0,-58.0,0.0,0.0,2940,1912,1.010267,0.82,0.0,0.0,pix
real_001_s001_2026-05-18_22-18-09-416,001,001,1,074,074.jpg,525,87.038746,1779135576.456358,8.733333,186.0,-58.0,0.0,0.0,2940,1912,1.010267,0.82,0.0,0.0,pix
real_001_s001_2026-05-18_22-18-09-416,001,001,1,074,074.jpg,526,87.055413,1779135576.473025,8.75,186.0,-58.0,0.0,0.0,2940,1912,1.010267,0.82,0.0,0.0,pix
real_001_s001_2026-05-18_22-18-09-416,001,001,1,074,074.jpg,527,87.07208,1779135576.489691,8.766667,186.0,-58.0,0.0,0.0,2940,1912,1.010267,0.82,0.0,0.0,pix
real_001_s001_2026-05-18_22-18-09-416,001,001,1,074,074.jpg,528,87.088746,1779135576.506358,8.783333,186.0,-58.0,0.0,0.0,2940,1912,1.010267,0.82,0.0,0.0,pix
real_001_s001_2026-05-18_22-18-09-416,001,001,1,074,074.jpg,529,87.105413,1779135576.523025,8.8,186.0,-58.0,0.0,0.0,2940,1912,1.010267,0.82,0.0,0.0,pix
real_001_s001_2026-05-18_22-18-09-416,001,001,1,074,074.jpg,530,87.12208,1779135576.539691,8.816667,186.0,-58.0,0.0,0.0,2940,1912,1.010267,0.82,0.0,0.0,pix
real_001_s001_2026-05-18_22-18-09-416,001,001,1,074,074.jpg,531,87.138746,1779135576.556358,8.833333,186.0,-58.0,0.0,0.0,2940,1912,1.010267,0.82,0.0,0.0,pix
real_001_s001_2026-05-18_22-18-09-416,001,001,1,074,074.jpg,532,87.155413,1779135576.573025,8.85,186.0,-58.0,0.0,0.0,2940,1912,1.010267,0.82,0.0,0.0,pix
real_001_s001_2026-05-18_22-18-09-416,001,001,1,074,074.jpg,533,87.17208,1779135576.589691,8.866667,186.0,-58.0,0.0,0.0,2940,1912,1.010267,0.82,0.0,0.0,pix
real_001_s001_2026-05-18_22-18-09-416,001,001,1,074,074.jpg,534,87.188746,1779135576.606358,8.883333,186.0,-58.0,0.0,0.0,2940,1912,1.010267,0.82,0.0,0.0,pix
real_001_s001_2026-05-18_22-18-09-416,001,001,1,074,074.jpg,535,87.205413,1779135576.623025,8.9,186.0,-58.0,0.0,0.0,2940,1912,1.010267,0.82,0.0,0.0,pix
real_001_s001_2026-05-18_22-18-09-416,001,001,1,074,074.jpg,536,87.22208,1779135576.639692,8.916667,186.0,-58.0,0.0,0.0,2940,1912,1.010267,0.82,0.0,0.0,pix
real_001_s001_2026-05-18_22-18-09-416,001,001,1,074,074.jpg,537,87.238746,1779135576.656358,8.933333,186.0,-58.0,0.0,0.0,2940,1912,1.010267,0.82,0.0,0.0,pix
real_001_s001_2026-05-18_22-18-09-416,001,001,1,074,074.jpg,538,87.255413,1779135576.673025,8.95,186.0,-58.0,0.0,0.0,2940,1912,1.010267,0.82,0.0,0.0,pix
real_001_s001_2026-05-18_22-18-09-416,001,001,1,074,074.jpg,539,87.27208,1779135576.689692,8.966667,186.0,-58.0,0.0,0.0,2940,1912,1.010267,0.82,0.0,0.0,pix
real_001_s001_2026-05-18_22-18-09-416,001,001,1,074,074.jpg,540,87.288746,1779135576.706358,8.983333,186.0,-58.0,0.0,0.0,2940,1912,1.010267,0.82,0.0,0.0,pix
real_001_s001_2026-05-18_22-18-09-416,001,001,1,074,074.jpg,541,87.305413,1779135576.723025,9.0,186.0,-58.0,0.0,0.0,2940,1912,1.010267,0.82,0.0,0.0,pix
real_001_s001_2026-05-18_22-18-09-416,001,001,1,074,074.jpg,542,87.32208,1779135576.739691,9.016667,186.0,-58.0,0.0,0.0,2940,1912,1.010267,0.82,0.0,0.0,pix
real_001_s001_2026-05-18_22-18-09-416,001,001,1,074,074.jpg,543,87.338746,1779135576.756358,9.033333,186.0,-58.0,0.0,0.0,2940,1912,1.010267,0.82,0.0,0.0,pix
real_001_s001_2026-05-18_22-18-09-416,001,001,1,074,074.jpg,544,87.355413,1779135576.773025,9.05,186.0,-58.0,0.0,0.0,2940,1912,1.010267,0.82,0.0,0.0,pix
real_001_s001_2026-05-18_22-18-09-416,001,001,1,074,074.jpg,545,87.37208,1779135576.789691,9.066667,186.0,-58.0,0.0,0.0,2940,1912,1.010267,0.82,0.0,0.0,pix
real_001_s001_2026-05-18_22-18-09-416,001,001,1,074,074.jpg,546,87.388746,1779135576.806358,9.083333,186.0,-58.0,0.0,0.0,2940,1912,1.010267,0.82,0.0,0.0,pix
real_001_s001_2026-05-18_22-18-09-416,001,001,1,074,074.jpg,547,87.405413,1779135576.823025,9.1,186.0,-58.0,0.0,0.0,2940,1912,1.010267,0.82,0.0,0.0,pix
real_001_s001_2026-05-18_22-18-09-416,001,001,1,074,074.jpg,548,87.42208,1779135576.839691,9.116667,186.0,-58.0,0.0,0.0,2940,1912,1.010267,0.82,0.0,0.0,pix
real_001_s001_2026-05-18_22-18-09-416,001,001,1,074,074.jpg,549,87.438746,1779135576.856358,9.133333,186.0,-58.0,0.0,0.0,2940,1912,1.010267,0.82,0.0,0.0,pix
real_001_s001_2026-05-18_22-18-09-416,001,001,1,074,074.jpg,550,87.455413,1779135576.873025,9.15,186.0,-58.0,0.0,0.0,2940,1912,1.010267,0.82,0.0,0.0,pix
real_001_s001_2026-05-18_22-18-09-416,001,001,1,074,074.jpg,551,87.47208,1779135576.889692,9.166667,186.0,-58.0,0.0,0.0,2940,1912,1.010267,0.82,0.0,0.0,pix
real_001_s001_2026-05-18_22-18-09-416,001,001,1,074,074.jpg,552,87.488746,1779135576.906358,9.183333,186.0,-58.0,0.0,0.0,2940,1912,1.010267,0.82,0.0,0.0,pix
real_001_s001_2026-05-18_22-18-09-416,001,001,1,074,074.jpg,553,87.505413,1779135576.923025,9.2,186.0,-58.0,0.0,0.0,2940,1912,1.010267,0.82,0.0,0.0,pix
real_001_s001_2026-05-18_22-18-09-416,001,001,1,074,074.jpg,554,87.52208,1779135576.939692,9.216667,186.0,-58.0,0.0,0.0,2940,1912,1.010267,0.82,0.0,0.0,pix
real_001_s001_2026-05-18_22-18-09-416,001,001,1,074,074.jpg,555,87.538746,1779135576.956358,9.233333,186.0,-58.0,0.0,0.0,2940,1912,1.010267,0.82,0.0,0.0,pix
real_001_s001_2026-05-18_22-18-09-416,001,001,1,074,074.jpg,556,87.555413,1779135576.973025,9.25,186.0,-58.0,0.0,0.0,2940,1912,1.010267,0.82,0.0,0.0,pix
real_001_s001_2026-05-18_22-18-09-416,001,001,1,074,074.jpg,557,87.57208,1779135576.989691,9.266667,186.0,-58.0,0.0,0.0,2940,1912,1.010267,0.82,0.0,0.0,pix
real_001_s001_2026-05-18_22-18-09-416,001,001,1,074,074.jpg,558,87.588746,1779135577.006358,9.283333,186.0,-58.0,0.0,0.0,2940,1912,1.010267,0.82,0.0,0.0,pix
real_001_s001_2026-05-18_22-18-09-416,001,001,1,074,074.jpg,559,87.605413,1779135577.023025,9.3,186.0,-58.0,0.0,0.0,2940,1912,1.010267,0.82,0.0,0.0,pix
real_001_s001_2026-05-18_22-18-09-416,001,001,1,074,074.jpg,560,87.62208,1779135577.039691,9.316667,186.0,-58.0,0.0,0.0,2940,1912,1.010267,0.82,0.0,0.0,pix
real_001_s001_2026-05-18_22-18-09-416,001,001,1,074,074.jpg,561,87.638746,1779135577.056358,9.333333,186.0,-58.0,0.0,0.0,2940,1912,1.010267,0.82,0.0,0.0,pix
real_001_s001_2026-05-18_22-18-09-416,001,001,1,074,074.jpg,562,87.655413,1779135577.073025,9.35,186.0,-58.0,0.0,0.0,2940,1912,1.010267,0.82,0.0,0.0,pix
real_001_s001_2026-05-18_22-18-09-416,001,001,1,074,074.jpg,563,87.67208,1779135577.089691,9.366667,186.0,-58.0,0.0,0.0,2940,1912,1.010267,0.82,0.0,0.0,pix
real_001_s001_2026-05-18_22-18-09-416,001,001,1,074,074.jpg,564,87.688746,1779135577.106358,9.383333,186.0,-58.0,0.0,0.0,2940,1912,1.010267,0.82,0.0,0.0,pix
real_001_s001_2026-05-18_22-18-09-416,001,001,1,074,074.jpg,565,87.705413,1779135577.123025,9.4,186.0,-58.0,0.0,0.0,2940,1912,1.010267,0.82,0.0,0.0,pix
real_001_s001_2026-05-18_22-18-09-416,001,001,1,074,074.jpg,566,87.72208,1779135577.139692,9.416667,186.0,-58.0,0.0,0.0,2940,1912,1.010267,0.82,0.0,0.0,pix
real_001_s001_2026-05-18_22-18-09-416,001,001,1,074,074.jpg,567,87.738746,1779135577.156358,9.433333,186.0,-58.0,0.0,0.0,2940,1912,1.010267,0.82,0.0,0.0,pix
real_001_s001_2026-05-18_22-18-09-416,001,001,1,074,074.jpg,568,87.755413,1779135577.173025,9.45,186.0,-58.0,0.0,0.0,2940,1912,1.010267,0.82,0.0,0.0,pix
real_001_s001_2026-05-18_22-18-09-416,001,001,1,074,074.jpg,569,87.77208,1779135577.189692,9.466667,186.0,-58.0,0.0,0.0,2940,1912,1.010267,0.82,0.0,0.0,pix
real_001_s001_2026-05-18_22-18-09-416,001,001,1,074,074.jpg,570,87.788746,1779135577.206358,9.483333,186.0,-58.0,0.0,0.0,2940,1912,1.010267,0.82,0.0,0.0,pix
real_001_s001_2026-05-18_22-18-09-416,001,001,1,074,074.jpg,571,87.805413,1779135577.223025,9.5,186.0,-58.0,0.0,0.0,2940,1912,1.010267,0.82,0.0,0.0,pix
real_001_s001_2026-05-18_22-18-09-416,001,001,1,074,074.jpg,572,87.82208,1779135577.239691,9.516667,186.0,-58.0,0.0,0.0,2940,1912,1.010267,0.82,0.0,0.0,pix
real_001_s001_2026-05-18_22-18-09-416,001,001,1,074,074.jpg,573,87.838746,1779135577.256358,9.533333,186.0,-58.0,0.0,0.0,2940,1912,1.010267,0.82,0.0,0.0,pix
real_001_s001_2026-05-18_22-18-09-416,001,001,1,074,074.jpg,574,87.855413,1779135577.273025,9.55,186.0,-58.0,0.0,0.0,2940,1912,1.010267,0.82,0.0,0.0,pix
real_001_s001_2026-05-18_22-18-09-416,001,001,1,074,074.jpg,575,87.87208,1779135577.289691,9.566667,186.0,-58.0,0.0,0.0,2940,1912,1.010267,0.82,0.0,0.0,pix
real_001_s001_2026-05-18_22-18-09-416,001,001,1,074,074.jpg,576,87.888746,1779135577.306358,9.583333,186.0,-58.0,0.0,0.0,2940,1912,1.010267,0.82,0.0,0.0,pix
real_001_s001_2026-05-18_22-18-09-416,001,001,1,074,074.jpg,577,87.905413,1779135577.323025,9.6,186.0,-58.0,0.0,0.0,2940,1912,1.010267,0.82,0.0,0.0,pix
real_001_s001_2026-05-18_22-18-09-416,001,001,1,074,074.jpg,578,87.92208,1779135577.339691,9.616667,186.0,-58.0,0.0,0.0,2940,1912,1.010267,0.82,0.0,0.0,pix
real_001_s001_2026-05-18_22-18-09-416,001,001,1,074,074.jpg,579,87.938746,1779135577.356358,9.633333,186.0,-58.0,0.0,0.0,2940,1912,1.010267,0.82,0.0,0.0,pix
real_001_s001_2026-05-18_22-18-09-416,001,001,1,074,074.jpg,580,87.955413,1779135577.373025,9.65,186.0,-58.0,0.0,0.0,2940,1912,1.010267,0.82,0.0,0.0,pix
real_001_s001_2026-05-18_22-18-09-416,001,001,1,074,074.jpg,581,87.97208,1779135577.389692,9.666667,186.0,-58.0,0.0,0.0,2940,1912,1.010267,0.82,0.0,0.0,pix
real_001_s001_2026-05-18_22-18-09-416,001,001,1,074,074.jpg,582,87.988746,1779135577.406358,9.683333,186.0,-58.0,0.0,0.0,2940,1912,1.010267,0.82,0.0,0.0,pix
real_001_s001_2026-05-18_22-18-09-416,001,001,1,074,074.jpg,583,88.005413,1779135577.423025,9.7,186.0,-58.0,0.0,0.0,2940,1912,1.010267,0.82,0.0,0.0,pix
real_001_s001_2026-05-18_22-18-09-416,001,001,1,074,074.jpg,584,88.02208,1779135577.439692,9.716667,186.0,-58.0,0.0,0.0,2940,1912,1.010267,0.82,0.0,0.0,pix
real_001_s001_2026-05-18_22-18-09-416,001,001,1,074,074.jpg,585,88.038746,1779135577.456358,9.733333,186.0,-58.0,0.0,0.0,2940,1912,1.010267,0.82,0.0,0.0,pix
real_001_s001_2026-05-18_22-18-09-416,001,001,1,074,074.jpg,586,88.055413,1779135577.473025,9.75,186.0,-58.0,0.0,0.0,2940,1912,1.010267,0.82,0.0,0.0,pix
real_001_s001_2026-05-18_22-18-09-416,001,001,1,074,074.jpg,587,88.07208,1779135577.489691,9.766667,186.0,-58.0,0.0,0.0,2940,1912,1.010267,0.82,0.0,0.0,pix
real_001_s001_2026-05-18_22-18-09-416,001,001,1,074,074.jpg,588,88.088746,1779135577.506358,9.783333,186.0,-58.0,0.0,0.0,2940,1912,1.010267,0.82,0.0,0.0,pix
real_001_s001_2026-05-18_22-18-09-416,001,001,1,074,074.jpg,589,88.105413,1779135577.523025,9.8,186.0,-58.0,0.0,0.0,2940,1912,1.010267,0.82,0.0,0.0,pix
real_001_s001_2026-05-18_22-18-09-416,001,001,1,074,074.jpg,590,88.12208,1779135577.539691,9.816667,186.0,-58.0,0.0,0.0,2940,1912,1.010267,0.82,0.0,0.0,pix
real_001_s001_2026-05-18_22-18-09-416,001,001,1,074,074.jpg,591,88.138746,1779135577.556358,9.833333,186.0,-58.0,0.0,0.0,2940,1912,1.010267,0.82,0.0,0.0,pix
real_001_s001_2026-05-18_22-18-09-416,001,001,1,074,074.jpg,592,88.155413,1779135577.573025,9.85,186.0,-58.0,0.0,0.0,2940,1912,1.010267,0.82,0.0,0.0,pix
real_001_s001_2026-05-18_22-18-09-416,001,001,1,074,074.jpg,593,88.17208,1779135577.589691,9.866667,186.0,-58.0,0.0,0.0,2940,1912,1.010267,0.82,0.0,0.0,pix
real_001_s001_2026-05-18_22-18-09-416,001,001,1,074,074.jpg,594,88.188746,1779135577.606358,9.883333,186.0,-58.0,0.0,0.0,2940,1912,1.010267,0.82,0.0,0.0,pix
real_001_s001_2026-05-18_22-18-09-416,001,001,1,074,074.jpg,595,88.205413,1779135577.623025,9.9,186.0,-58.0,0.0,0.0,2940,1912,1.010267,0.82,0.0,0.0,pix
real_001_s001_2026-05-18_22-18-09-416,001,001,1,074,074.jpg,596,88.22208,1779135577.639692,9.916667,186.0,-58.0,0.0,0.0,2940,1912,1.010267,0.82,0.0,0.0,pix
real_001_s001_2026-05-18_22-18-09-416,001,001,1,074,074.jpg,597,88.238746,1779135577.656358,9.933333,186.0,-58.0,0.0,0.0,2940,1912,1.010267,0.82,0.0,0.0,pix
real_001_s001_2026-05-18_22-18-09-416,001,001,1,074,074.jpg,598,88.255413,1779135577.673025,9.95,186.0,-58.0,0.0,0.0,2940,1912,1.010267,0.82,0.0,0.0,pix
real_001_s001_2026-05-18_22-18-09-416,001,001,1,074,074.jpg,599,88.27208,1779135577.689692,9.966667,186.0,-58.0,0.0,0.0,2940,1912,1.010267,0.82,0.0,0.0,pix
real_001_s001_2026-05-18_22-18-09-416,001,001,1,074,074.jpg,600,88.288746,1779135577.706358,9.983333,186.0,-58.0,0.0,0.0,2940,1912,1.010267,0.82,0.0,0.0,pix
real_001_s001_2026-05-18_22-18-09-416,001,001,1,074,074.jpg,601,88.305413,1779135577.723025,10.0,186.0,-58.0,0.0,0.0,2940,1912,1.010267,0.82,0.0,0.0,pix
real_001_s001_2026-05-18_22-18-09-416,001,001,1,074,074.jpg,602,88.32208,1779135577.739691,10.016667,186.0,-58.0,0.0,0.0,2940,1912,1.010267,0.82,0.0,0.0,pix
real_001_s001_2026-05-18_22-18-09-416,001,001,1,074,074.jpg,603,88.338746,1779135577.756358,10.033333,186.0,-58.0,0.0,0.0,2940,1912,1.010267,0.82,0.0,0.0,pix
real_001_s001_2026-05-18_22-18-09-416,001,001,1,074,074.jpg,604,88.355413,1779135577.773025,10.05,186.0,-58.0,0.0,0.0,2940,1912,1.010267,0.82,0.0,0.0,pix
real_001_s001_2026-05-18_22-18-09-416,001,001,1,074,074.jpg,605,88.37208,1779135577.789691,10.066667,186.0,-58.0,0.0,0.0,2940,1912,1.010267,0.82,0.0,0.0,pix
real_001_s001_2026-05-18_22-18-09-416,001,001,1,074,074.jpg,606,88.388746,1779135577.806358,10.083333,186.0,-58.0,0.0,0.0,2940,1912,1.010267,0.82,0.0,0.0,pix
real_001_s001_2026-05-18_22-18-09-416,001,001,1,074,074.jpg,607,88.405413,1779135577.823025,10.1,186.0,-58.0,0.0,0.0,2940,1912,1.010267,0.82,0.0,0.0,pix
real_001_s001_2026-05-18_22-18-09-416,001,001,1,074,074.jpg,608,88.42208,1779135577.839691,10.116667,186.0,-58.0,0.0,0.0,2940,1912,1.010267,0.82,0.0,0.0,pix
real_001_s001_2026-05-18_22-18-09-416,001,001,1,074,074.jpg,609,88.438746,1779135577.856358,10.133333,186.0,-58.0,0.0,0.0,2940,1912,1.010267,0.82,0.0,0.0,pix
real_001_s001_2026-05-18_22-18-09-416,001,001,1,074,074.jpg,610,88.455413,1779135577.873025,10.15,186.0,-58.0,0.0,0.0,2940,1912,1.010267,0.82,0.0,0.0,pix
real_001_s001_2026-05-18_22-18-09-416,001,001,2,031,031.jpg,1,122.305069,1779135611.722671,0.0,186.0,-58.0,0.0,0.0,2940,1912,0.562286,0.82,0.0,0.0,pix
real_001_s001_2026-05-18_22-18-09-416,001,001,2,031,031.jpg,2,122.321735,1779135611.739338,0.016667,186.0,-58.0,0.0,0.0,2940,1912,0.562286,0.82,0.0,0.0,pix
real_001_s001_2026-05-18_22-18-09-416,001,001,2,031,031.jpg,3,122.338402,1779135611.756004,0.033333,186.0,-58.0,0.0,0.0,2940,1912,0.562286,0.82,0.0,0.0,pix
real_001_s001_2026-05-18_22-18-09-416,001,001,2,031,031.jpg,4,122.355069,1779135611.772671,0.05,186.0,-58.0,0.0,0.0,2940,1912,0.562286,0.82,0.0,0.0,pix
real_001_s001_2026-05-18_22-18-09-416,001,001,2,031,031.jpg,5,122.371735,1779135611.789338,0.066667,186.0,-58.0,0.0,0.0,2940,1912,0.562286,0.82,0.0,0.0,pix
real_001_s001_2026-05-18_22-18-09-416,001,001,2,031,031.jpg,6,122.388402,1779135611.806004,0.083333,186.0,-58.0,0.0,0.0,2940,1912,0.562286,0.82,0.0,0.0,pix
real_001_s001_2026-05-18_22-18-09-416,001,001,2,031,031.jpg,7,122.405069,1779135611.822671,0.1,186.0,-58.0,0.0,0.0,2940,1912,0.562286,0.82,0.0,0.0,pix
real_001_s001_2026-05-18_22-18-09-416,001,001,2,031,031.jpg,8,122.421735,1779135611.839338,0.116667,186.0,-58.0,0.0,0.0,2940,1912,0.562286,0.82,0.0,0.0,pix
real_001_s001_2026-05-18_22-18-09-416,001,001,2,031,031.jpg,9,122.438402,1779135611.856004,0.133333,186.0,-58.0,0.0,0.0,2940,1912,0.562286,0.82,0.0,0.0,pix
real_001_s001_2026-05-18_22-18-09-416,001,001,2,031,031.jpg,10,122.455069,1779135611.872671,0.15,186.0,-58.0,0.0,0.0,2940,1912,0.562286,0.82,0.0,0.0,pix
real_001_s001_2026-05-18_22-18-09-416,001,001,2,031,031.jpg,11,122.471735,1779135611.889338,0.166667,186.0,-58.0,0.0,0.0,2940,1912,0.562286,0.82,0.0,0.0,pix
real_001_s001_2026-05-18_22-18-09-416,001,001,2,031,031.jpg,12,122.488402,1779135611.906004,0.183333,186.0,-58.0,0.0,0.0,2940,1912,0.562286,0.82,0.0,0.0,pix
real_001_s001_2026-05-18_22-18-09-416,001,001,2,031,031.jpg,13,122.505069,1779135611.922671,0.2,186.0,-58.0,0.0,0.0,2940,1912,0.562286,0.82,0.0,0.0,pix
real_001_s001_2026-05-18_22-18-09-416,001,001,2,031,031.jpg,14,122.521735,1779135611.939338,0.216667,186.0,-58.0,0.0,0.0,2940,1912,0.562286,0.82,0.0,0.0,pix
real_001_s001_2026-05-18_22-18-09-416,001,001,2,031,031.jpg,15,122.538402,1779135611.956004,0.233333,186.0,-58.0,0.0,0.0,2940,1912,0.562286,0.82,0.0,0.0,pix
real_001_s001_2026-05-18_22-18-09-416,001,001,2,031,031.jpg,16,122.555069,1779135611.972671,0.25,186.0,-58.0,0.0,0.0,2940,1912,0.562286,0.82,0.0,0.0,pix
real_001_s001_2026-05-18_22-18-09-416,001,001,2,031,031.jpg,17,122.571735,1779135611.989338,0.266667,186.0,-58.0,0.0,0.0,2940,1912,0.562286,0.82,0.0,0.0,pix
real_001_s001_2026-05-18_22-18-09-416,001,001,2,031,031.jpg,18,122.588402,1779135612.006004,0.283333,186.0,-58.0,0.0,0.0,2940,1912,0.562286,0.82,0.0,0.0,pix
real_001_s001_2026-05-18_22-18-09-416,001,001,2,031,031.jpg,19,122.605069,1779135612.022671,0.3,186.0,-58.0,0.0,0.0,2940,1912,0.562286,0.82,0.0,0.0,pix
real_001_s001_2026-05-18_22-18-09-416,001,001,2,031,031.jpg,20,122.621735,1779135612.039338,0.316667,186.0,-58.0,0.0,0.0,2940,1912,0.562286,0.82,0.0,0.0,pix
real_001_s001_2026-05-18_22-18-09-416,001,001,2,031,031.jpg,21,122.638402,1779135612.056004,0.333333,186.0,-58.0,0.0,0.0,2940,1912,0.562286,0.82,0.0,0.0,pix
real_001_s001_2026-05-18_22-18-09-416,001,001,2,031,031.jpg,22,122.655069,1779135612.072671,0.35,186.0,-58.0,0.0,0.0,2940,1912,0.562286,0.82,0.0,0.0,pix
real_001_s001_2026-05-18_22-18-09-416,001,001,2,031,031.jpg,23,122.671735,1779135612.089338,0.366667,186.0,-58.0,0.0,0.0,2940,1912,0.562286,0.82,0.0,0.0,pix
real_001_s001_2026-05-18_22-18-09-416,001,001,2,031,031.jpg,24,122.688402,1779135612.106004,0.383333,186.0,-58.0,0.0,0.0,2940,1912,0.562286,0.82,0.0,0.0,pix
real_001_s001_2026-05-18_22-18-09-416,001,001,2,031,031.jpg,25,122.705069,1779135612.122671,0.4,186.0,-58.0,0.0,0.0,2940,1912,0.562286,0.82,0.0,0.0,pix
real_001_s001_2026-05-18_22-18-09-416,001,001,2,031,031.jpg,26,122.721735,1779135612.139338,0.416667,186.0,-58.0,0.0,0.0,2940,1912,0.562286,0.82,0.0,0.0,pix
real_001_s001_2026-05-18_22-18-09-416,001,001,2,031,031.jpg,27,122.738402,1779135612.156004,0.433333,186.0,-58.0,0.0,0.0,2940,1912,0.562286,0.82,0.0,0.0,pix
real_001_s001_2026-05-18_22-18-09-416,001,001,2,031,031.jpg,28,122.755069,1779135612.172671,0.45,186.0,-58.0,0.0,0.0,2940,1912,0.562286,0.82,0.0,0.0,pix
real_001_s001_2026-05-18_22-18-09-416,001,001,2,031,031.jpg,29,122.771735,1779135612.189338,0.466667,186.0,-58.0,0.0,0.0,2940,1912,0.562286,0.82,0.0,0.0,pix
real_001_s001_2026-05-18_22-18-09-416,001,001,2,031,031.jpg,30,122.788402,1779135612.206004,0.483333,186.0,-58.0,0.0,0.0,2940,1912,0.562286,0.82,0.0,0.0,pix
real_001_s001_2026-05-18_22-18-09-416,001,001,2,031,031.jpg,31,122.805069,1779135612.222671,0.5,186.0,-58.0,0.0,0.0,2940,1912,0.562286,0.82,0.0,0.0,pix
real_001_s001_2026-05-18_22-18-09-416,001,001,2,031,031.jpg,32,122.821735,1779135612.239338,0.516667,186.0,-58.0,0.0,0.0,2940,1912,0.562286,0.82,0.0,0.0,pix
real_001_s001_2026-05-18_22-18-09-416,001,001,2,031,031.jpg,33,122.838402,1779135612.256004,0.533333,186.0,-58.0,0.0,0.0,2940,1912,0.562286,0.82,0.0,0.0,pix
real_001_s001_2026-05-18_22-18-09-416,001,001,2,031,031.jpg,34,122.855069,1779135612.272671,0.55,186.0,-58.0,0.0,0.0,2940,1912,0.562286,0.82,0.0,0.0,pix
real_001_s001_2026-05-18_22-18-09-416,001,001,2,031,031.jpg,35,122.871735,1779135612.289338,0.566667,186.0,-58.0,0.0,0.0,2940,1912,0.562286,0.82,0.0,0.0,pix
real_001_s001_2026-05-18_22-18-09-416,001,001,2,031,031.jpg,36,122.888402,1779135612.306004,0.583333,186.0,-58.0,0.0,0.0,2940,1912,0.562286,0.82,0.0,0.0,pix
real_001_s001_2026-05-18_22-18-09-416,001,001,2,031,031.jpg,37,122.905069,1779135612.322671,0.6,186.0,-58.0,0.0,0.0,2940,1912,0.562286,0.82,0.0,0.0,pix
real_001_s001_2026-05-18_22-18-09-416,001,001,2,031,031.jpg,38,122.921735,1779135612.339338,0.616667,186.0,-58.0,0.0,0.0,2940,1912,0.562286,0.82,0.0,0.0,pix
real_001_s001_2026-05-18_22-18-09-416,001,001,2,031,031.jpg,39,122.938402,1779135612.356004,0.633333,186.0,-58.0,0.0,0.0,2940,1912,0.562286,0.82,0.0,0.0,pix
real_001_s001_2026-05-18_22-18-09-416,001,001,2,031,031.jpg,40,122.955069,1779135612.372671,0.65,186.0,-58.0,0.0,0.0,2940,1912,0.562286,0.82,0.0,0.0,pix
real_001_s001_2026-05-18_22-18-09-416,001,001,2,031,031.jpg,41,122.971735,1779135612.389338,0.666667,186.0,-58.0,0.0,0.0,2940,1912,0.562286,0.82,0.0,0.0,pix
real_001_s001_2026-05-18_22-18-09-416,001,001,2,031,031.jpg,42,122.988402,1779135612.406004,0.683333,186.0,-58.0,0.0,0.0,2940,1912,0.562286,0.82,0.0,0.0,pix
real_001_s001_2026-05-18_22-18-09-416,001,001,2,031,031.jpg,43,123.005069,1779135612.422671,0.7,186.0,-58.0,0.0,0.0,2940,1912,0.562286,0.82,0.0,0.0,pix
real_001_s001_2026-05-18_22-18-09-416,001,001,2,031,031.jpg,44,123.021735,1779135612.439338,0.716667,186.0,-58.0,0.0,0.0,2940,1912,0.562286,0.82,0.0,0.0,pix
real_001_s001_2026-05-18_22-18-09-416,001,001,2,031,031.jpg,45,123.038402,1779135612.456004,0.733333,186.0,-58.0,0.0,0.0,2940,1912,0.562286,0.82,0.0,0.0,pix
real_001_s001_2026-05-18_22-18-09-416,001,001,2,031,031.jpg,46,123.055069,1779135612.472671,0.75,186.0,-58.0,0.0,0.0,2940,1912,0.562286,0.82,0.0,0.0,pix
real_001_s001_2026-05-18_22-18-09-416,001,001,2,031,031.jpg,47,123.071735,1779135612.489338,0.766667,186.0,-58.0,0.0,0.0,2940,1912,0.562286,0.82,0.0,0.0,pix
real_001_s001_2026-05-18_22-18-09-416,001,001,2,031,031.jpg,48,123.088402,1779135612.506004,0.783333,186.0,-58.0,0.0,0.0,2940,1912,0.562286,0.82,0.0,0.0,pix
real_001_s001_2026-05-18_22-18-09-416,001,001,2,031,031.jpg,49,123.105069,1779135612.522671,0.8,186.0,-58.0,0.0,0.0,2940,1912,0.562286,0.82,0.0,0.0,pix
real_001_s001_2026-05-18_22-18-09-416,001,001,2,031,031.jpg,50,123.121735,1779135612.539338,0.816667,186.0,-58.0,0.0,0.0,2940,1912,0.562286,0.82,0.0,0.0,pix
real_001_s001_2026-05-18_22-18-09-416,001,001,2,031,031.jpg,51,123.138402,1779135612.556004,0.833333,186.0,-58.0,0.0,0.0,2940,1912,0.562286,0.82,0.0,0.0,pix
real_001_s001_2026-05-18_22-18-09-416,001,001,2,031,031.jpg,52,123.155069,1779135612.572671,0.85,186.0,-58.0,0.0,0.0,2940,1912,0.562286,0.82,0.0,0.0,pix
real_001_s001_2026-05-18_22-18-09-416,001,001,2,031,031.jpg,53,123.171735,1779135612.589338,0.866667,186.0,-58.0,0.0,0.0,2940,1912,0.562286,0.82,0.0,0.0,pix
real_001_s001_2026-05-18_22-18-09-416,001,001,2,031,031.jpg,54,123.188402,1779135612.606004,0.883333,186.0,-58.0,0.0,0.0,2940,1912,0.562286,0.82,0.0,0.0,pix
real_001_s001_2026-05-18_22-18-09-416,001,001,2,031,031.jpg,55,123.205069,1779135612.622671,0.9,186.0,-58.0,0.0,0.0,2940,1912,0.562286,0.82,0.0,0.0,pix
real_001_s001_2026-05-18_22-18-09-416,001,001,2,031,031.jpg,56,123.221735,1779135612.639338,0.916667,186.0,-58.0,0.0,0.0,2940,1912,0.562286,0.82,0.0,0.0,pix
real_001_s001_2026-05-18_22-18-09-416,001,001,2,031,031.jpg,57,123.238402,1779135612.656004,0.933333,186.0,-58.0,0.0,0.0,2940,1912,0.562286,0.82,0.0,0.0,pix
real_001_s001_2026-05-18_22-18-09-416,001,001,2,031,031.jpg,58,123.255069,1779135612.672671,0.95,186.0,-58.0,0.0,0.0,2940,1912,0.562286,0.82,0.0,0.0,pix
real_001_s001_2026-05-18_22-18-09-416,001,001,2,031,031.jpg,59,123.271735,1779135612.689338,0.966667,186.0,-58.0,0.0,0.0,2940,1912,0.562286,0.82,0.0,0.0,pix
real_001_s001_2026-05-18_22-18-09-416,001,001,2,031,031.jpg,60,123.288402,1779135612.706004,0.983333,186.0,-58.0,0.0,0.0,2940,1912,0.562286,0.82,0.0,0.0,pix
real_001_s001_2026-05-18_22-18-09-416,001,001,2,031,031.jpg,61,123.305069,1779135612.722671,1.0,186.0,-58.0,0.0,0.0,2940,1912,0.562286,0.82,0.0,0.0,pix
real_001_s001_2026-05-18_22-18-09-416,001,001,2,031,031.jpg,62,123.321735,1779135612.739338,1.016667,186.0,-58.0,0.0,0.0,2940,1912,0.562286,0.82,0.0,0.0,pix
real_001_s001_2026-05-18_22-18-09-416,001,001,2,031,031.jpg,63,123.338402,1779135612.756004,1.033333,186.0,-58.0,0.0,0.0,2940,1912,0.562286,0.82,0.0,0.0,pix
real_001_s001_2026-05-18_22-18-09-416,001,001,2,031,031.jpg,64,123.355069,1779135612.772671,1.05,186.0,-58.0,0.0,0.0,2940,1912,0.562286,0.82,0.0,0.0,pix
real_001_s001_2026-05-18_22-18-09-416,001,001,2,031,031.jpg,65,123.371735,1779135612.789338,1.066667,186.0,-58.0,0.0,0.0,2940,1912,0.562286,0.82,0.0,0.0,pix
real_001_s001_2026-05-18_22-18-09-416,001,001,2,031,031.jpg,66,123.388402,1779135612.806004,1.083333,186.0,-58.0,0.0,0.0,2940,1912,0.562286,0.82,0.0,0.0,pix
real_001_s001_2026-05-18_22-18-09-416,001,001,2,031,031.jpg,67,123.405069,1779135612.822671,1.1,186.0,-58.0,0.0,0.0,2940,1912,0.562286,0.82,0.0,0.0,pix
real_001_s001_2026-05-18_22-18-09-416,001,001,2,031,031.jpg,68,123.421735,1779135612.839338,1.116667,186.0,-58.0,0.0,0.0,2940,1912,0.562286,0.82,0.0,0.0,pix
real_001_s001_2026-05-18_22-18-09-416,001,001,2,031,031.jpg,69,123.438402,1779135612.856004,1.133333,186.0,-58.0,0.0,0.0,2940,1912,0.562286,0.82,0.0,0.0,pix
real_001_s001_2026-05-18_22-18-09-416,001,001,2,031,031.jpg,70,123.455069,1779135612.872671,1.15,186.0,-58.0,0.0,0.0,2940,1912,0.562286,0.82,0.0,0.0,pix
real_001_s001_2026-05-18_22-18-09-416,001,001,2,031,031.jpg,71,123.471735,1779135612.889338,1.166667,186.0,-58.0,0.0,0.0,2940,1912,0.562286,0.82,0.0,0.0,pix
real_001_s001_2026-05-18_22-18-09-416,001,001,2,031,031.jpg,72,123.488402,1779135612.906004,1.183333,186.0,-58.0,0.0,0.0,2940,1912,0.562286,0.82,0.0,0.0,pix
real_001_s001_2026-05-18_22-18-09-416,001,001,2,031,031.jpg,73,123.505069,1779135612.922671,1.2,186.0,-58.0,0.0,0.0,2940,1912,0.562286,0.82,0.0,0.0,pix
real_001_s001_2026-05-18_22-18-09-416,001,001,2,031,031.jpg,74,123.521735,1779135612.939338,1.216667,186.0,-58.0,0.0,0.0,2940,1912,0.562286,0.82,0.0,0.0,pix
real_001_s001_2026-05-18_22-18-09-416,001,001,2,031,031.jpg,75,123.538402,1779135612.956004,1.233333,186.0,-58.0,0.0,0.0,2940,1912,0.562286,0.82,0.0,0.0,pix
real_001_s001_2026-05-18_22-18-09-416,001,001,2,031,031.jpg,76,123.555069,1779135612.972671,1.25,186.0,-58.0,0.0,0.0,2940,1912,0.562286,0.82,0.0,0.0,pix
real_001_s001_2026-05-18_22-18-09-416,001,001,2,031,031.jpg,77,123.571735,1779135612.989338,1.266667,186.0,-58.0,0.0,0.0,2940,1912,0.562286,0.82,0.0,0.0,pix
real_001_s001_2026-05-18_22-18-09-416,001,001,2,031,031.jpg,78,123.588402,1779135613.006004,1.283333,186.0,-58.0,0.0,0.0,2940,1912,0.562286,0.82,0.0,0.0,pix
real_001_s001_2026-05-18_22-18-09-416,001,001,2,031,031.jpg,79,123.605069,1779135613.022671,1.3,186.0,-58.0,0.0,0.0,2940,1912,0.562286,0.82,0.0,0.0,pix
real_001_s001_2026-05-18_22-18-09-416,001,001,2,031,031.jpg,80,123.621735,1779135613.039338,1.316667,186.0,-58.0,0.0,0.0,2940,1912,0.562286,0.82,0.0,0.0,pix
real_001_s001_2026-05-18_22-18-09-416,001,001,2,031,031.jpg,81,123.638402,1779135613.056004,1.333333,186.0,-58.0,0.0,0.0,2940,1912,0.562286,0.82,0.0,0.0,pix
real_001_s001_2026-05-18_22-18-09-416,001,001,2,031,031.jpg,82,123.655069,1779135613.072671,1.35,186.0,-58.0,0.0,0.0,2940,1912,0.562286,0.82,0.0,0.0,pix
real_001_s001_2026-05-18_22-18-09-416,001,001,2,031,031.jpg,83,123.671735,1779135613.089338,1.366667,186.0,-58.0,0.0,0.0,2940,1912,0.562286,0.82,0.0,0.0,pix
real_001_s001_2026-05-18_22-18-09-416,001,001,2,031,031.jpg,84,123.688402,1779135613.106004,1.383333,186.0,-58.0,0.0,0.0,2940,1912,0.562286,0.82,0.0,0.0,pix
real_001_s001_2026-05-18_22-18-09-416,001,001,2,031,031.jpg,85,123.705069,1779135613.122671,1.4,186.0,-58.0,0.0,0.0,2940,1912,0.562286,0.82,0.0,0.0,pix
real_001_s001_2026-05-18_22-18-09-416,001,001,2,031,031.jpg,86,123.721735,1779135613.139338,1.416667,186.0,-58.0,0.0,0.0,2940,1912,0.562286,0.82,0.0,0.0,pix
real_001_s001_2026-05-18_22-18-09-416,001,001,2,031,031.jpg,87,123.738402,1779135613.156004,1.433333,186.0,-58.0,0.0,0.0,2940,1912,0.562286,0.82,0.0,0.0,pix
real_001_s001_2026-05-18_22-18-09-416,001,001,2,031,031.jpg,88,123.755069,1779135613.172671,1.45,186.0,-58.0,0.0,0.0,2940,1912,0.562286,0.82,0.0,0.0,pix
real_001_s001_2026-05-18_22-18-09-416,001,001,2,031,031.jpg,89,123.771735,1779135613.189338,1.466667,186.0,-58.0,0.0,0.0,2940,1912,0.562286,0.82,0.0,0.0,pix
real_001_s001_2026-05-18_22-18-09-416,001,001,2,031,031.jpg,90,123.788402,1779135613.206004,1.483333,186.0,-58.0,0.0,0.0,2940,1912,0.562286,0.82,0.0,0.0,pix
real_001_s001_2026-05-18_22-18-09-416,001,001,2,031,031.jpg,91,123.805069,1779135613.222671,1.5,186.0,-58.0,0.0,0.0,2940,1912,0.562286,0.82,0.0,0.0,pix
real_001_s001_2026-05-18_22-18-09-416,001,001,2,031,031.jpg,92,123.821735,1779135613.239338,1.516667,186.0,-58.0,0.0,0.0,2940,1912,0.562286,0.82,0.0,0.0,pix
real_001_s001_2026-05-18_22-18-09-416,001,001,2,031,031.jpg,93,123.838402,1779135613.256004,1.533333,186.0,-58.0,0.0,0.0,2940,1912,0.562286,0.82,0.0,0.0,pix
real_001_s001_2026-05-18_22-18-09-416,001,001,2,031,031.jpg,94,123.855069,1779135613.272671,1.55,186.0,-58.0,0.0,0.0,2940,1912,0.562286,0.82,0.0,0.0,pix
real_001_s001_2026-05-18_22-18-09-416,001,001,2,031,031.jpg,95,123.871735,1779135613.289338,1.566667,186.0,-58.0,0.0,0.0,2940,1912,0.562286,0.82,0.0,0.0,pix
real_001_s001_2026-05-18_22-18-09-416,001,001,2,031,031.jpg,96,123.888402,1779135613.306004,1.583333,186.0,-58.0,0.0,0.0,2940,1912,0.562286,0.82,0.0,0.0,pix
real_001_s001_2026-05-18_22-18-09-416,001,001,2,031,031.jpg,97,123.905069,1779135613.322671,1.6,186.0,-58.0,0.0,0.0,2940,1912,0.562286,0.82,0.0,0.0,pix
real_001_s001_2026-05-18_22-18-09-416,001,001,2,031,031.jpg,98,123.921735,1779135613.339338,1.616667,186.0,-58.0,0.0,0.0,2940,1912,0.562286,0.82,0.0,0.0,pix
real_001_s001_2026-05-18_22-18-09-416,001,001,2,031,031.jpg,99,123.938402,1779135613.356004,1.633333,186.0,-58.0,0.0,0.0,2940,1912,0.562286,0.82,0.0,0.0,pix
real_001_s001_2026-05-18_22-18-09-416,001,001,2,031,031.jpg,100,123.955069,1779135613.372671,1.65,186.0,-58.0,0.0,0.0,2940,1912,0.562286,0.82,0.0,0.0,pix
real_001_s001_2026-05-18_22-18-09-416,001,001,2,031,031.jpg,101,123.971735,1779135613.389338,1.666667,186.0,-58.0,0.0,0.0,2940,1912,0.562286,0.82,0.0,0.0,pix
real_001_s001_2026-05-18_22-18-09-416,001,001,2,031,031.jpg,102,123.988402,1779135613.406004,1.683333,186.0,-58.0,0.0,0.0,2940,1912,0.562286,0.82,0.0,0.0,pix
real_001_s001_2026-05-18_22-18-09-416,001,001,2,031,031.jpg,103,124.005069,1779135613.422671,1.7,186.0,-58.0,0.0,0.0,2940,1912,0.562286,0.82,0.0,0.0,pix
real_001_s001_2026-05-18_22-18-09-416,001,001,2,031,031.jpg,104,124.021735,1779135613.439338,1.716667,186.0,-58.0,0.0,0.0,2940,1912,0.562286,0.82,0.0,0.0,pix
real_001_s001_2026-05-18_22-18-09-416,001,001,2,031,031.jpg,105,124.038402,1779135613.456004,1.733333,186.0,-58.0,0.0,0.0,2940,1912,0.562286,0.82,0.0,0.0,pix
real_001_s001_2026-05-18_22-18-09-416,001,001,2,031,031.jpg,106,124.055069,1779135613.472671,1.75,186.0,-58.0,0.0,0.0,2940,1912,0.562286,0.82,0.0,0.0,pix
real_001_s001_2026-05-18_22-18-09-416,001,001,2,031,031.jpg,107,124.071735,1779135613.489338,1.766667,186.0,-58.0,0.0,0.0,2940,1912,0.562286,0.82,0.0,0.0,pix
real_001_s001_2026-05-18_22-18-09-416,001,001,2,031,031.jpg,108,124.088402,1779135613.506004,1.783333,186.0,-58.0,0.0,0.0,2940,1912,0.562286,0.82,0.0,0.0,pix
real_001_s001_2026-05-18_22-18-09-416,001,001,2,031,031.jpg,109,124.105069,1779135613.522671,1.8,186.0,-58.0,0.0,0.0,2940,1912,0.562286,0.82,0.0,0.0,pix
real_001_s001_2026-05-18_22-18-09-416,001,001,2,031,031.jpg,110,124.121735,1779135613.539338,1.816667,186.0,-58.0,0.0,0.0,2940,1912,0.562286,0.82,0.0,0.0,pix
real_001_s001_2026-05-18_22-18-09-416,001,001,2,031,031.jpg,111,124.138402,1779135613.556004,1.833333,186.0,-58.0,0.0,0.0,2940,1912,0.562286,0.82,0.0,0.0,pix
real_001_s001_2026-05-18_22-18-09-416,001,001,2,031,031.jpg,112,124.155069,1779135613.572671,1.85,186.0,-58.0,0.0,0.0,2940,1912,0.562286,0.82,0.0,0.0,pix
real_001_s001_2026-05-18_22-18-09-416,001,001,2,031,031.jpg,113,124.171735,1779135613.589338,1.866667,186.0,-58.0,0.0,0.0,2940,1912,0.562286,0.82,0.0,0.0,pix
real_001_s001_2026-05-18_22-18-09-416,001,001,2,031,031.jpg,114,124.188402,1779135613.606004,1.883333,186.0,-58.0,0.0,0.0,2940,1912,0.562286,0.82,0.0,0.0,pix
real_001_s001_2026-05-18_22-18-09-416,001,001,2,031,031.jpg,115,124.205069,1779135613.622671,1.9,186.0,-58.0,0.0,0.0,2940,1912,0.562286,0.82,0.0,0.0,pix
real_001_s001_2026-05-18_22-18-09-416,001,001,2,031,031.jpg,116,124.221735,1779135613.639338,1.916667,186.0,-58.0,0.0,0.0,2940,1912,0.562286,0.82,0.0,0.0,pix
real_001_s001_2026-05-18_22-18-09-416,001,001,2,031,031.jpg,117,124.238402,1779135613.656004,1.933333,186.0,-58.0,0.0,0.0,2940,1912,0.562286,0.82,0.0,0.0,pix
real_001_s001_2026-05-18_22-18-09-416,001,001,2,031,031.jpg,118,124.255069,1779135613.672671,1.95,186.0,-58.0,0.0,0.0,2940,1912,0.562286,0.82,0.0,0.0,pix
real_001_s001_2026-05-18_22-18-09-416,001,001,2,031,031.jpg,119,124.271735,1779135613.689338,1.966667,186.0,-58.0,0.0,0.0,2940,1912,0.562286,0.82,0.0,0.0,pix
real_001_s001_2026-05-18_22-18-09-416,001,001,2,031,031.jpg,120,124.288402,1779135613.706004,1.983333,186.0,-58.0,0.0,0.0,2940,1912,0.562286,0.82,0.0,0.0,pix
real_001_s001_2026-05-18_22-18-09-416,001,001,2,031,031.jpg,121,124.305069,1779135613.722671,2.0,186.0,-58.0,0.0,0.0,2940,1912,0.562286,0.82,0.0,0.0,pix
real_001_s001_2026-05-18_22-18-09-416,001,001,2,031,031.jpg,122,124.321735,1779135613.739338,2.016667,186.0,-58.0,0.0,0.0,2940,1912,0.562286,0.82,0.0,0.0,pix
real_001_s001_2026-05-18_22-18-09-416,001,001,2,031,031.jpg,123,124.338402,1779135613.756004,2.033333,186.0,-58.0,0.0,0.0,2940,1912,0.562286,0.82,0.0,0.0,pix
real_001_s001_2026-05-18_22-18-09-416,001,001,2,031,031.jpg,124,124.355069,1779135613.772671,2.05,186.0,-58.0,0.0,0.0,2940,1912,0.562286,0.82,0.0,0.0,pix
real_001_s001_2026-05-18_22-18-09-416,001,001,2,031,031.jpg,125,124.371735,1779135613.789338,2.066667,186.0,-58.0,0.0,0.0,2940,1912,0.562286,0.82,0.0,0.0,pix
real_001_s001_2026-05-18_22-18-09-416,001,001,2,031,031.jpg,126,124.388402,1779135613.806004,2.083333,186.0,-58.0,0.0,0.0,2940,1912,0.562286,0.82,0.0,0.0,pix
real_001_s001_2026-05-18_22-18-09-416,001,001,2,031,031.jpg,127,124.405069,1779135613.822671,2.1,186.0,-58.0,0.0,0.0,2940,1912,0.562286,0.82,0.0,0.0,pix
real_001_s001_2026-05-18_22-18-09-416,001,001,2,031,031.jpg,128,124.421735,1779135613.839338,2.116667,186.0,-58.0,0.0,0.0,2940,1912,0.562286,0.82,0.0,0.0,pix
real_001_s001_2026-05-18_22-18-09-416,001,001,2,031,031.jpg,129,124.438402,1779135613.856004,2.133333,186.0,-58.0,0.0,0.0,2940,1912,0.562286,0.82,0.0,0.0,pix
real_001_s001_2026-05-18_22-18-09-416,001,001,2,031,031.jpg,130,124.455069,1779135613.872671,2.15,186.0,-58.0,0.0,0.0,2940,1912,0.562286,0.82,0.0,0.0,pix
real_001_s001_2026-05-18_22-18-09-416,001,001,2,031,031.jpg,131,124.471735,1779135613.889338,2.166667,186.0,-58.0,0.0,0.0,2940,1912,0.562286,0.82,0.0,0.0,pix
real_001_s001_2026-05-18_22-18-09-416,001,001,2,031,031.jpg,132,124.488402,1779135613.906004,2.183333,186.0,-58.0,0.0,0.0,2940,1912,0.562286,0.82,0.0,0.0,pix
real_001_s001_2026-05-18_22-18-09-416,001,001,2,031,031.jpg,133,124.505069,1779135613.922671,2.2,186.0,-58.0,0.0,0.0,2940,1912,0.562286,0.82,0.0,0.0,pix
real_001_s001_2026-05-18_22-18-09-416,001,001,2,031,031.jpg,134,124.521735,1779135613.939338,2.216667,186.0,-58.0,0.0,0.0,2940,1912,0.562286,0.82,0.0,0.0,pix
real_001_s001_2026-05-18_22-18-09-416,001,001,2,031,031.jpg,135,124.538402,1779135613.956004,2.233333,186.0,-58.0,0.0,0.0,2940,1912,0.562286,0.82,0.0,0.0,pix
real_001_s001_2026-05-18_22-18-09-416,001,001,2,031,031.jpg,136,124.555069,1779135613.972671,2.25,186.0,-58.0,0.0,0.0,2940,1912,0.562286,0.82,0.0,0.0,pix
real_001_s001_2026-05-18_22-18-09-416,001,001,2,031,031.jpg,137,124.571735,1779135613.989338,2.266667,186.0,-58.0,0.0,0.0,2940,1912,0.562286,0.82,0.0,0.0,pix
real_001_s001_2026-05-18_22-18-09-416,001,001,2,031,031.jpg,138,124.588402,1779135614.006004,2.283333,186.0,-58.0,0.0,0.0,2940,1912,0.562286,0.82,0.0,0.0,pix
real_001_s001_2026-05-18_22-18-09-416,001,001,2,031,031.jpg,139,124.605069,1779135614.022671,2.3,186.0,-58.0,0.0,0.0,2940,1912,0.562286,0.82,0.0,0.0,pix
real_001_s001_2026-05-18_22-18-09-416,001,001,2,031,031.jpg,140,124.621735,1779135614.039338,2.316667,186.0,-58.0,0.0,0.0,2940,1912,0.562286,0.82,0.0,0.0,pix
real_001_s001_2026-05-18_22-18-09-416,001,001,2,031,031.jpg,141,124.638402,1779135614.056004,2.333333,186.0,-58.0,0.0,0.0,2940,1912,0.562286,0.82,0.0,0.0,pix
real_001_s001_2026-05-18_22-18-09-416,001,001,2,031,031.jpg,142,124.655069,1779135614.072671,2.35,186.0,-58.0,0.0,0.0,2940,1912,0.562286,0.82,0.0,0.0,pix
real_001_s001_2026-05-18_22-18-09-416,001,001,2,031,031.jpg,143,124.671735,1779135614.089338,2.366667,186.0,-58.0,0.0,0.0,2940,1912,0.562286,0.82,0.0,0.0,pix
real_001_s001_2026-05-18_22-18-09-416,001,001,2,031,031.jpg,144,124.688402,1779135614.106004,2.383333,186.0,-58.0,0.0,0.0,2940,1912,0.562286,0.82,0.0,0.0,pix
real_001_s001_2026-05-18_22-18-09-416,001,001,2,031,031.jpg,145,124.705069,1779135614.122671,2.4,186.0,-58.0,0.0,0.0,2940,1912,0.562286,0.82,0.0,0.0,pix
real_001_s001_2026-05-18_22-18-09-416,001,001,2,031,031.jpg,146,124.721735,1779135614.139338,2.416667,186.0,-58.0,0.0,0.0,2940,1912,0.562286,0.82,0.0,0.0,pix
real_001_s001_2026-05-18_22-18-09-416,001,001,2,031,031.jpg,147,124.738402,1779135614.156004,2.433333,186.0,-58.0,0.0,0.0,2940,1912,0.562286,0.82,0.0,0.0,pix
real_001_s001_2026-05-18_22-18-09-416,001,001,2,031,031.jpg,148,124.755069,1779135614.172671,2.45,186.0,-58.0,0.0,0.0,2940,1912,0.562286,0.82,0.0,0.0,pix
real_001_s001_2026-05-18_22-18-09-416,001,001,2,031,031.jpg,149,124.771735,1779135614.189338,2.466667,186.0,-58.0,0.0,0.0,2940,1912,0.562286,0.82,0.0,0.0,pix
real_001_s001_2026-05-18_22-18-09-416,001,001,2,031,031.jpg,150,124.788402,1779135614.206004,2.483333,186.0,-58.0,0.0,0.0,2940,1912,0.562286,0.82,0.0,0.0,pix
real_001_s001_2026-05-18_22-18-09-416,001,001,2,031,031.jpg,151,124.805069,1779135614.222671,2.5,186.0,-58.0,0.0,0.0,2940,1912,0.562286,0.82,0.0,0.0,pix
real_001_s001_2026-05-18_22-18-09-416,001,001,2,031,031.jpg,152,124.821735,1779135614.239338,2.516667,186.0,-58.0,0.0,0.0,2940,1912,0.562286,0.82,0.0,0.0,pix
real_001_s001_2026-05-18_22-18-09-416,001,001,2,031,031.jpg,153,124.838402,1779135614.256004,2.533333,186.0,-58.0,0.0,0.0,2940,1912,0.562286,0.82,0.0,0.0,pix
real_001_s001_2026-05-18_22-18-09-416,001,001,2,031,031.jpg,154,124.855069,1779135614.272671,2.55,186.0,-58.0,0.0,0.0,2940,1912,0.562286,0.82,0.0,0.0,pix
real_001_s001_2026-05-18_22-18-09-416,001,001,2,031,031.jpg,155,124.871735,1779135614.289338,2.566667,186.0,-58.0,0.0,0.0,2940,1912,0.562286,0.82,0.0,0.0,pix
real_001_s001_2026-05-18_22-18-09-416,001,001,2,031,031.jpg,156,124.888402,1779135614.306004,2.583333,186.0,-58.0,0.0,0.0,2940,1912,0.562286,0.82,0.0,0.0,pix
real_001_s001_2026-05-18_22-18-09-416,001,001,2,031,031.jpg,157,124.905069,1779135614.322671,2.6,186.0,-58.0,0.0,0.0,2940,1912,0.562286,0.82,0.0,0.0,pix
real_001_s001_2026-05-18_22-18-09-416,001,001,2,031,031.jpg,158,124.921735,1779135614.339338,2.616667,186.0,-58.0,0.0,0.0,2940,1912,0.562286,0.82,0.0,0.0,pix
real_001_s001_2026-05-18_22-18-09-416,001,001,2,031,031.jpg,159,124.938402,1779135614.356004,2.633333,186.0,-58.0,0.0,0.0,2940,1912,0.562286,0.82,0.0,0.0,pix
real_001_s001_2026-05-18_22-18-09-416,001,001,2,031,031.jpg,160,124.955069,1779135614.372671,2.65,186.0,-58.0,0.0,0.0,2940,1912,0.562286,0.82,0.0,0.0,pix
real_001_s001_2026-05-18_22-18-09-416,001,001,2,031,031.jpg,161,124.971735,1779135614.389338,2.666667,186.0,-58.0,0.0,0.0,2940,1912,0.562286,0.82,0.0,0.0,pix
real_001_s001_2026-05-18_22-18-09-416,001,001,2,031,031.jpg,162,124.988402,1779135614.406004,2.683333,186.0,-58.0,0.0,0.0,2940,1912,0.562286,0.82,0.0,0.0,pix
real_001_s001_2026-05-18_22-18-09-416,001,001,2,031,031.jpg,163,125.005069,1779135614.422671,2.7,186.0,-58.0,0.0,0.0,2940,1912,0.562286,0.82,0.0,0.0,pix
real_001_s001_2026-05-18_22-18-09-416,001,001,2,031,031.jpg,164,125.021735,1779135614.439338,2.716667,186.0,-58.0,0.0,0.0,2940,1912,0.562286,0.82,0.0,0.0,pix
real_001_s001_2026-05-18_22-18-09-416,001,001,2,031,031.jpg,165,125.038402,1779135614.456004,2.733333,186.0,-58.0,0.0,0.0,2940,1912,0.562286,0.82,0.0,0.0,pix
real_001_s001_2026-05-18_22-18-09-416,001,001,2,031,031.jpg,166,125.055069,1779135614.472671,2.75,186.0,-58.0,0.0,0.0,2940,1912,0.562286,0.82,0.0,0.0,pix
real_001_s001_2026-05-18_22-18-09-416,001,001,2,031,031.jpg,167,125.071735,1779135614.489338,2.766667,186.0,-58.0,0.0,0.0,2940,1912,0.562286,0.82,0.0,0.0,pix
real_001_s001_2026-05-18_22-18-09-416,001,001,2,031,031.jpg,168,125.088402,1779135614.506004,2.783333,186.0,-58.0,0.0,0.0,2940,1912,0.562286,0.82,0.0,0.0,pix
real_001_s001_2026-05-18_22-18-09-416,001,001,2,031,031.jpg,169,125.105069,1779135614.522671,2.8,186.0,-58.0,0.0,0.0,2940,1912,0.562286,0.82,0.0,0.0,pix
real_001_s001_2026-05-18_22-18-09-416,001,001,2,031,031.jpg,170,125.121735,1779135614.539338,2.816667,186.0,-58.0,0.0,0.0,2940,1912,0.562286,0.82,0.0,0.0,pix
real_001_s001_2026-05-18_22-18-09-416,001,001,2,031,031.jpg,171,125.138402,1779135614.556004,2.833333,186.0,-58.0,0.0,0.0,2940,1912,0.562286,0.82,0.0,0.0,pix
real_001_s001_2026-05-18_22-18-09-416,001,001,2,031,031.jpg,172,125.155069,1779135614.572671,2.85,186.0,-58.0,0.0,0.0,2940,1912,0.562286,0.82,0.0,0.0,pix
real_001_s001_2026-05-18_22-18-09-416,001,001,2,031,031.jpg,173,125.171735,1779135614.589338,2.866667,186.0,-58.0,0.0,0.0,2940,1912,0.562286,0.82,0.0,0.0,pix
real_001_s001_2026-05-18_22-18-09-416,001,001,2,031,031.jpg,174,125.188402,1779135614.606004,2.883333,186.0,-58.0,0.0,0.0,2940,1912,0.562286,0.82,0.0,0.0,pix
real_001_s001_2026-05-18_22-18-09-416,001,001,2,031,031.jpg,175,125.205069,1779135614.622671,2.9,186.0,-58.0,0.0,0.0,2940,1912,0.562286,0.82,0.0,0.0,pix
real_001_s001_2026-05-18_22-18-09-416,001,001,2,031,031.jpg,176,125.221735,1779135614.639338,2.916667,186.0,-58.0,0.0,0.0,2940,1912,0.562286,0.82,0.0,0.0,pix
real_001_s001_2026-05-18_22-18-09-416,001,001,2,031,031.jpg,177,125.238402,1779135614.656004,2.933333,186.0,-58.0,0.0,0.0,2940,1912,0.562286,0.82,0.0,0.0,pix
real_001_s001_2026-05-18_22-18-09-416,001,001,2,031,031.jpg,178,125.255069,1779135614.672671,2.95,186.0,-58.0,0.0,0.0,2940,1912,0.562286,0.82,0.0,0.0,pix
real_001_s001_2026-05-18_22-18-09-416,001,001,2,031,031.jpg,179,125.271735,1779135614.689338,2.966667,186.0,-58.0,0.0,0.0,2940,1912,0.562286,0.82,0.0,0.0,pix
real_001_s001_2026-05-18_22-18-09-416,001,001,2,031,031.jpg,180,125.288402,1779135614.706004,2.983333,186.0,-58.0,0.0,0.0,2940,1912,0.562286,0.82,0.0,0.0,pix
real_001_s001_2026-05-18_22-18-09-416,001,001,2,031,031.jpg,181,125.305069,1779135614.722671,3.0,186.0,-58.0,0.0,0.0,2940,1912,0.562286,0.82,0.0,0.0,pix
real_001_s001_2026-05-18_22-18-09-416,001,001,2,031,031.jpg,182,125.321735,1779135614.739338,3.016667,186.0,-58.0,0.0,0.0,2940,1912,0.562286,0.82,0.0,0.0,pix
real_001_s001_2026-05-18_22-18-09-416,001,001,2,031,031.jpg,183,125.338402,1779135614.756004,3.033333,186.0,-58.0,0.0,0.0,2940,1912,0.562286,0.82,0.0,0.0,pix
real_001_s001_2026-05-18_22-18-09-416,001,001,2,031,031.jpg,184,125.355069,1779135614.772671,3.05,186.0,-58.0,0.0,0.0,2940,1912,0.562286,0.82,0.0,0.0,pix
real_001_s001_2026-05-18_22-18-09-416,001,001,2,031,031.jpg,185,125.371735,1779135614.789338,3.066667,186.0,-58.0,0.0,0.0,2940,1912,0.562286,0.82,0.0,0.0,pix
real_001_s001_2026-05-18_22-18-09-416,001,001,2,031,031.jpg,186,125.388402,1779135614.806004,3.083333,186.0,-58.0,0.0,0.0,2940,1912,0.562286,0.82,0.0,0.0,pix
real_001_s001_2026-05-18_22-18-09-416,001,001,2,031,031.jpg,187,125.405069,1779135614.822671,3.1,186.0,-58.0,0.0,0.0,2940,1912,0.562286,0.82,0.0,0.0,pix
real_001_s001_2026-05-18_22-18-09-416,001,001,2,031,031.jpg,188,125.421735,1779135614.839338,3.116667,186.0,-58.0,0.0,0.0,2940,1912,0.562286,0.82,0.0,0.0,pix
real_001_s001_2026-05-18_22-18-09-416,001,001,2,031,031.jpg,189,125.438402,1779135614.856004,3.133333,186.0,-58.0,0.0,0.0,2940,1912,0.562286,0.82,0.0,0.0,pix
real_001_s001_2026-05-18_22-18-09-416,001,001,2,031,031.jpg,190,125.455069,1779135614.872671,3.15,186.0,-58.0,0.0,0.0,2940,1912,0.562286,0.82,0.0,0.0,pix
real_001_s001_2026-05-18_22-18-09-416,001,001,2,031,031.jpg,191,125.471735,1779135614.889338,3.166667,186.0,-58.0,0.0,0.0,2940,1912,0.562286,0.82,0.0,0.0,pix
real_001_s001_2026-05-18_22-18-09-416,001,001,2,031,031.jpg,192,125.488402,1779135614.906004,3.183333,186.0,-58.0,0.0,0.0,2940,1912,0.562286,0.82,0.0,0.0,pix
real_001_s001_2026-05-18_22-18-09-416,001,001,2,031,031.jpg,193,125.505069,1779135614.922671,3.2,186.0,-58.0,0.0,0.0,2940,1912,0.562286,0.82,0.0,0.0,pix
real_001_s001_2026-05-18_22-18-09-416,001,001,2,031,031.jpg,194,125.521735,1779135614.939338,3.216667,186.0,-58.0,0.0,0.0,2940,1912,0.562286,0.82,0.0,0.0,pix
real_001_s001_2026-05-18_22-18-09-416,001,001,2,031,031.jpg,195,125.538402,1779135614.956004,3.233333,186.0,-58.0,0.0,0.0,2940,1912,0.562286,0.82,0.0,0.0,pix
real_001_s001_2026-05-18_22-18-09-416,001,001,2,031,031.jpg,196,125.555069,1779135614.972671,3.25,186.0,-58.0,0.0,0.0,2940,1912,0.562286,0.82,0.0,0.0,pix
real_001_s001_2026-05-18_22-18-09-416,001,001,2,031,031.jpg,197,125.571735,1779135614.989338,3.266667,186.0,-58.0,0.0,0.0,2940,1912,0.562286,0.82,0.0,0.0,pix
real_001_s001_2026-05-18_22-18-09-416,001,001,2,031,031.jpg,198,125.588402,1779135615.006004,3.283333,186.0,-58.0,0.0,0.0,2940,1912,0.562286,0.82,0.0,0.0,pix
real_001_s001_2026-05-18_22-18-09-416,001,001,2,031,031.jpg,199,125.605069,1779135615.022671,3.3,186.0,-58.0,0.0,0.0,2940,1912,0.562286,0.82,0.0,0.0,pix
real_001_s001_2026-05-18_22-18-09-416,001,001,2,031,031.jpg,200,125.621735,1779135615.039338,3.316667,186.0,-58.0,0.0,0.0,2940,1912,0.562286,0.82,0.0,0.0,pix
real_001_s001_2026-05-18_22-18-09-416,001,001,2,031,031.jpg,201,125.638402,1779135615.056004,3.333333,186.0,-58.0,0.0,0.0,2940,1912,0.562286,0.82,0.0,0.0,pix
real_001_s001_2026-05-18_22-18-09-416,001,001,2,031,031.jpg,202,125.655069,1779135615.072671,3.35,186.0,-58.0,0.0,0.0,2940,1912,0.562286,0.82,0.0,0.0,pix
real_001_s001_2026-05-18_22-18-09-416,001,001,2,031,031.jpg,203,125.671735,1779135615.089338,3.366667,186.0,-58.0,0.0,0.0,2940,1912,0.562286,0.82,0.0,0.0,pix
real_001_s001_2026-05-18_22-18-09-416,001,001,2,031,031.jpg,204,125.688402,1779135615.106004,3.383333,186.0,-58.0,0.0,0.0,2940,1912,0.562286,0.82,0.0,0.0,pix
real_001_s001_2026-05-18_22-18-09-416,001,001,2,031,031.jpg,205,125.705069,1779135615.122671,3.4,186.0,-58.0,0.0,0.0,2940,1912,0.562286,0.82,0.0,0.0,pix
real_001_s001_2026-05-18_22-18-09-416,001,001,2,031,031.jpg,206,125.721735,1779135615.139338,3.416667,186.0,-58.0,0.0,0.0,2940,1912,0.562286,0.82,0.0,0.0,pix
real_001_s001_2026-05-18_22-18-09-416,001,001,2,031,031.jpg,207,125.738402,1779135615.156004,3.433333,186.0,-58.0,0.0,0.0,2940,1912,0.562286,0.82,0.0,0.0,pix
real_001_s001_2026-05-18_22-18-09-416,001,001,2,031,031.jpg,208,125.755069,1779135615.172671,3.45,186.0,-58.0,0.0,0.0,2940,1912,0.562286,0.82,0.0,0.0,pix
real_001_s001_2026-05-18_22-18-09-416,001,001,2,031,031.jpg,209,125.771735,1779135615.189338,3.466667,186.0,-58.0,0.0,0.0,2940,1912,0.562286,0.82,0.0,0.0,pix
real_001_s001_2026-05-18_22-18-09-416,001,001,2,031,031.jpg,210,125.788402,1779135615.206004,3.483333,186.0,-58.0,0.0,0.0,2940,1912,0.562286,0.82,0.0,0.0,pix
real_001_s001_2026-05-18_22-18-09-416,001,001,2,031,031.jpg,211,125.805069,1779135615.222671,3.5,186.0,-58.0,0.0,0.0,2940,1912,0.562286,0.82,0.0,0.0,pix
real_001_s001_2026-05-18_22-18-09-416,001,001,2,031,031.jpg,212,125.821735,1779135615.239338,3.516667,186.0,-58.0,0.0,0.0,2940,1912,0.562286,0.82,0.0,0.0,pix
real_001_s001_2026-05-18_22-18-09-416,001,001,2,031,031.jpg,213,125.838402,1779135615.256004,3.533333,186.0,-58.0,0.0,0.0,2940,1912,0.562286,0.82,0.0,0.0,pix
real_001_s001_2026-05-18_22-18-09-416,001,001,2,031,031.jpg,214,125.855069,1779135615.272671,3.55,186.0,-58.0,0.0,0.0,2940,1912,0.562286,0.82,0.0,0.0,pix
real_001_s001_2026-05-18_22-18-09-416,001,001,2,031,031.jpg,215,125.871735,1779135615.289338,3.566667,186.0,-58.0,0.0,0.0,2940,1912,0.562286,0.82,0.0,0.0,pix
real_001_s001_2026-05-18_22-18-09-416,001,001,2,031,031.jpg,216,125.888402,1779135615.306004,3.583333,186.0,-58.0,0.0,0.0,2940,1912,0.562286,0.82,0.0,0.0,pix
real_001_s001_2026-05-18_22-18-09-416,001,001,2,031,031.jpg,217,125.905069,1779135615.322671,3.6,186.0,-58.0,0.0,0.0,2940,1912,0.562286,0.82,0.0,0.0,pix
real_001_s001_2026-05-18_22-18-09-416,001,001,2,031,031.jpg,218,125.921735,1779135615.339338,3.616667,186.0,-58.0,0.0,0.0,2940,1912,0.562286,0.82,0.0,0.0,pix
real_001_s001_2026-05-18_22-18-09-416,001,001,2,031,031.jpg,219,125.938402,1779135615.356004,3.633333,186.0,-58.0,0.0,0.0,2940,1912,0.562286,0.82,0.0,0.0,pix
real_001_s001_2026-05-18_22-18-09-416,001,001,2,031,031.jpg,220,125.955069,1779135615.372671,3.65,186.0,-58.0,0.0,0.0,2940,1912,0.562286,0.82,0.0,0.0,pix
real_001_s001_2026-05-18_22-18-09-416,001,001,2,031,031.jpg,221,125.971735,1779135615.389338,3.666667,186.0,-58.0,0.0,0.0,2940,1912,0.562286,0.82,0.0,0.0,pix
real_001_s001_2026-05-18_22-18-09-416,001,001,2,031,031.jpg,222,125.988402,1779135615.406004,3.683333,186.0,-58.0,0.0,0.0,2940,1912,0.562286,0.82,0.0,0.0,pix
real_001_s001_2026-05-18_22-18-09-416,001,001,2,031,031.jpg,223,126.005069,1779135615.422671,3.7,186.0,-58.0,0.0,0.0,2940,1912,0.562286,0.82,0.0,0.0,pix
real_001_s001_2026-05-18_22-18-09-416,001,001,2,031,031.jpg,224,126.021735,1779135615.439338,3.716667,186.0,-58.0,0.0,0.0,2940,1912,0.562286,0.82,0.0,0.0,pix
real_001_s001_2026-05-18_22-18-09-416,001,001,2,031,031.jpg,225,126.038402,1779135615.456004,3.733333,186.0,-58.0,0.0,0.0,2940,1912,0.562286,0.82,0.0,0.0,pix
real_001_s001_2026-05-18_22-18-09-416,001,001,2,031,031.jpg,226,126.055069,1779135615.472671,3.75,186.0,-58.0,0.0,0.0,2940,1912,0.562286,0.82,0.0,0.0,pix
real_001_s001_2026-05-18_22-18-09-416,001,001,2,031,031.jpg,227,126.071735,1779135615.489338,3.766667,186.0,-58.0,0.0,0.0,2940,1912,0.562286,0.82,0.0,0.0,pix
real_001_s001_2026-05-18_22-18-09-416,001,001,2,031,031.jpg,228,126.088402,1779135615.506004,3.783333,186.0,-58.0,0.0,0.0,2940,1912,0.562286,0.82,0.0,0.0,pix
real_001_s001_2026-05-18_22-18-09-416,001,001,2,031,031.jpg,229,126.105069,1779135615.522671,3.8,186.0,-58.0,0.0,0.0,2940,1912,0.562286,0.82,0.0,0.0,pix
real_001_s001_2026-05-18_22-18-09-416,001,001,2,031,031.jpg,230,126.121735,1779135615.539338,3.816667,186.0,-58.0,0.0,0.0,2940,1912,0.562286,0.82,0.0,0.0,pix
real_001_s001_2026-05-18_22-18-09-416,001,001,2,031,031.jpg,231,126.138402,1779135615.556004,3.833333,186.0,-58.0,0.0,0.0,2940,1912,0.562286,0.82,0.0,0.0,pix
real_001_s001_2026-05-18_22-18-09-416,001,001,2,031,031.jpg,232,126.155069,1779135615.572671,3.85,186.0,-58.0,0.0,0.0,2940,1912,0.562286,0.82,0.0,0.0,pix
real_001_s001_2026-05-18_22-18-09-416,001,001,2,031,031.jpg,233,126.171735,1779135615.589338,3.866667,186.0,-58.0,0.0,0.0,2940,1912,0.562286,0.82,0.0,0.0,pix
real_001_s001_2026-05-18_22-18-09-416,001,001,2,031,031.jpg,234,126.188402,1779135615.606004,3.883333,186.0,-58.0,0.0,0.0,2940,1912,0.562286,0.82,0.0,0.0,pix
real_001_s001_2026-05-18_22-18-09-416,001,001,2,031,031.jpg,235,126.205069,1779135615.622671,3.9,186.0,-58.0,0.0,0.0,2940,1912,0.562286,0.82,0.0,0.0,pix
real_001_s001_2026-05-18_22-18-09-416,001,001,2,031,031.jpg,236,126.221735,1779135615.639338,3.916667,186.0,-58.0,0.0,0.0,2940,1912,0.562286,0.82,0.0,0.0,pix
real_001_s001_2026-05-18_22-18-09-416,001,001,2,031,031.jpg,237,126.238402,1779135615.656004,3.933333,186.0,-58.0,0.0,0.0,2940,1912,0.562286,0.82,0.0,0.0,pix
real_001_s001_2026-05-18_22-18-09-416,001,001,2,031,031.jpg,238,126.255069,1779135615.672671,3.95,186.0,-58.0,0.0,0.0,2940,1912,0.562286,0.82,0.0,0.0,pix
real_001_s001_2026-05-18_22-18-09-416,001,001,2,031,031.jpg,239,126.271735,1779135615.689338,3.966667,186.0,-58.0,0.0,0.0,2940,1912,0.562286,0.82,0.0,0.0,pix
real_001_s001_2026-05-18_22-18-09-416,001,001,2,031,031.jpg,240,126.288402,1779135615.706004,3.983333,186.0,-58.0,0.0,0.0,2940,1912,0.562286,0.82,0.0,0.0,pix
real_001_s001_2026-05-18_22-18-09-416,001,001,2,031,031.jpg,241,126.305069,1779135615.722671,4.0,186.0,-58.0,0.0,0.0,2940,1912,0.562286,0.82,0.0,0.0,pix
real_001_s001_2026-05-18_22-18-09-416,001,001,2,031,031.jpg,242,126.321735,1779135615.739338,4.016667,186.0,-58.0,0.0,0.0,2940,1912,0.562286,0.82,0.0,0.0,pix
real_001_s001_2026-05-18_22-18-09-416,001,001,2,031,031.jpg,243,126.338402,1779135615.756004,4.033333,186.0,-58.0,0.0,0.0,2940,1912,0.562286,0.82,0.0,0.0,pix
real_001_s001_2026-05-18_22-18-09-416,001,001,2,031,031.jpg,244,126.355069,1779135615.772671,4.05,186.0,-58.0,0.0,0.0,2940,1912,0.562286,0.82,0.0,0.0,pix
real_001_s001_2026-05-18_22-18-09-416,001,001,2,031,031.jpg,245,126.371735,1779135615.789338,4.066667,186.0,-58.0,0.0,0.0,2940,1912,0.562286,0.82,0.0,0.0,pix
real_001_s001_2026-05-18_22-18-09-416,001,001,2,031,031.jpg,246,126.388402,1779135615.806004,4.083333,186.0,-58.0,0.0,0.0,2940,1912,0.562286,0.82,0.0,0.0,pix
real_001_s001_2026-05-18_22-18-09-416,001,001,2,031,031.jpg,247,126.405069,1779135615.822671,4.1,186.0,-58.0,0.0,0.0,2940,1912,0.562286,0.82,0.0,0.0,pix
real_001_s001_2026-05-18_22-18-09-416,001,001,2,031,031.jpg,248,126.421735,1779135615.839338,4.116667,186.0,-58.0,0.0,0.0,2940,1912,0.562286,0.82,0.0,0.0,pix
real_001_s001_2026-05-18_22-18-09-416,001,001,2,031,031.jpg,249,126.438402,1779135615.856004,4.133333,186.0,-58.0,0.0,0.0,2940,1912,0.562286,0.82,0.0,0.0,pix
real_001_s001_2026-05-18_22-18-09-416,001,001,2,031,031.jpg,250,126.455069,1779135615.872671,4.15,186.0,-58.0,0.0,0.0,2940,1912,0.562286,0.82,0.0,0.0,pix
real_001_s001_2026-05-18_22-18-09-416,001,001,2,031,031.jpg,251,126.471735,1779135615.889338,4.166667,186.0,-58.0,0.0,0.0,2940,1912,0.562286,0.82,0.0,0.0,pix
real_001_s001_2026-05-18_22-18-09-416,001,001,2,031,031.jpg,252,126.488402,1779135615.906004,4.183333,186.0,-58.0,0.0,0.0,2940,1912,0.562286,0.82,0.0,0.0,pix
real_001_s001_2026-05-18_22-18-09-416,001,001,2,031,031.jpg,253,126.505069,1779135615.922671,4.2,186.0,-58.0,0.0,0.0,2940,1912,0.562286,0.82,0.0,0.0,pix
real_001_s001_2026-05-18_22-18-09-416,001,001,2,031,031.jpg,254,126.521735,1779135615.939338,4.216667,186.0,-58.0,0.0,0.0,2940,1912,0.562286,0.82,0.0,0.0,pix
real_001_s001_2026-05-18_22-18-09-416,001,001,2,031,031.jpg,255,126.538402,1779135615.956004,4.233333,186.0,-58.0,0.0,0.0,2940,1912,0.562286,0.82,0.0,0.0,pix
real_001_s001_2026-05-18_22-18-09-416,001,001,2,031,031.jpg,256,126.555069,1779135615.972671,4.25,186.0,-58.0,0.0,0.0,2940,1912,0.562286,0.82,0.0,0.0,pix
real_001_s001_2026-05-18_22-18-09-416,001,001,2,031,031.jpg,257,126.571735,1779135615.989338,4.266667,186.0,-58.0,0.0,0.0,2940,1912,0.562286,0.82,0.0,0.0,pix
real_001_s001_2026-05-18_22-18-09-416,001,001,2,031,031.jpg,258,126.588402,1779135616.006004,4.283333,186.0,-58.0,0.0,0.0,2940,1912,0.562286,0.82,0.0,0.0,pix
real_001_s001_2026-05-18_22-18-09-416,001,001,2,031,031.jpg,259,126.605069,1779135616.022671,4.3,186.0,-58.0,0.0,0.0,2940,1912,0.562286,0.82,0.0,0.0,pix
real_001_s001_2026-05-18_22-18-09-416,001,001,2,031,031.jpg,260,126.621735,1779135616.039338,4.316667,186.0,-58.0,0.0,0.0,2940,1912,0.562286,0.82,0.0,0.0,pix
real_001_s001_2026-05-18_22-18-09-416,001,001,2,031,031.jpg,261,126.638402,1779135616.056004,4.333333,186.0,-58.0,0.0,0.0,2940,1912,0.562286,0.82,0.0,0.0,pix
real_001_s001_2026-05-18_22-18-09-416,001,001,2,031,031.jpg,262,126.655069,1779135616.072671,4.35,186.0,-58.0,0.0,0.0,2940,1912,0.562286,0.82,0.0,0.0,pix
real_001_s001_2026-05-18_22-18-09-416,001,001,2,031,031.jpg,263,126.671735,1779135616.089338,4.366667,186.0,-58.0,0.0,0.0,2940,1912,0.562286,0.82,0.0,0.0,pix
real_001_s001_2026-05-18_22-18-09-416,001,001,2,031,031.jpg,264,126.688402,1779135616.106004,4.383333,186.0,-58.0,0.0,0.0,2940,1912,0.562286,0.82,0.0,0.0,pix
real_001_s001_2026-05-18_22-18-09-416,001,001,2,031,031.jpg,265,126.705069,1779135616.122671,4.4,186.0,-58.0,0.0,0.0,2940,1912,0.562286,0.82,0.0,0.0,pix
real_001_s001_2026-05-18_22-18-09-416,001,001,2,031,031.jpg,266,126.721735,1779135616.139338,4.416667,186.0,-58.0,0.0,0.0,2940,1912,0.562286,0.82,0.0,0.0,pix
real_001_s001_2026-05-18_22-18-09-416,001,001,2,031,031.jpg,267,126.738402,1779135616.156004,4.433333,186.0,-58.0,0.0,0.0,2940,1912,0.562286,0.82,0.0,0.0,pix
real_001_s001_2026-05-18_22-18-09-416,001,001,2,031,031.jpg,268,126.755069,1779135616.172671,4.45,186.0,-58.0,0.0,0.0,2940,1912,0.562286,0.82,0.0,0.0,pix
real_001_s001_2026-05-18_22-18-09-416,001,001,2,031,031.jpg,269,126.771735,1779135616.189338,4.466667,186.0,-58.0,0.0,0.0,2940,1912,0.562286,0.82,0.0,0.0,pix
real_001_s001_2026-05-18_22-18-09-416,001,001,2,031,031.jpg,270,126.788402,1779135616.206004,4.483333,186.0,-58.0,0.0,0.0,2940,1912,0.562286,0.82,0.0,0.0,pix
real_001_s001_2026-05-18_22-18-09-416,001,001,2,031,031.jpg,271,126.805069,1779135616.222671,4.5,186.0,-58.0,0.0,0.0,2940,1912,0.562286,0.82,0.0,0.0,pix
real_001_s001_2026-05-18_22-18-09-416,001,001,2,031,031.jpg,272,126.821735,1779135616.239338,4.516667,186.0,-58.0,0.0,0.0,2940,1912,0.562286,0.82,0.0,0.0,pix
real_001_s001_2026-05-18_22-18-09-416,001,001,2,031,031.jpg,273,126.838402,1779135616.256004,4.533333,186.0,-58.0,0.0,0.0,2940,1912,0.562286,0.82,0.0,0.0,pix
real_001_s001_2026-05-18_22-18-09-416,001,001,2,031,031.jpg,274,126.855069,1779135616.272671,4.55,186.0,-58.0,0.0,0.0,2940,1912,0.562286,0.82,0.0,0.0,pix
real_001_s001_2026-05-18_22-18-09-416,001,001,2,031,031.jpg,275,126.871735,1779135616.289338,4.566667,186.0,-58.0,0.0,0.0,2940,1912,0.562286,0.82,0.0,0.0,pix
real_001_s001_2026-05-18_22-18-09-416,001,001,2,031,031.jpg,276,126.888402,1779135616.306004,4.583333,186.0,-58.0,0.0,0.0,2940,1912,0.562286,0.82,0.0,0.0,pix
real_001_s001_2026-05-18_22-18-09-416,001,001,2,031,031.jpg,277,126.905069,1779135616.322671,4.6,186.0,-58.0,0.0,0.0,2940,1912,0.562286,0.82,0.0,0.0,pix
real_001_s001_2026-05-18_22-18-09-416,001,001,2,031,031.jpg,278,126.921735,1779135616.339338,4.616667,186.0,-58.0,0.0,0.0,2940,1912,0.562286,0.82,0.0,0.0,pix
real_001_s001_2026-05-18_22-18-09-416,001,001,2,031,031.jpg,279,126.938402,1779135616.356004,4.633333,186.0,-58.0,0.0,0.0,2940,1912,0.562286,0.82,0.0,0.0,pix
real_001_s001_2026-05-18_22-18-09-416,001,001,2,031,031.jpg,280,126.955069,1779135616.372671,4.65,186.0,-58.0,0.0,0.0,2940,1912,0.562286,0.82,0.0,0.0,pix
real_001_s001_2026-05-18_22-18-09-416,001,001,2,031,031.jpg,281,126.971735,1779135616.389338,4.666667,186.0,-58.0,0.0,0.0,2940,1912,0.562286,0.82,0.0,0.0,pix
real_001_s001_2026-05-18_22-18-09-416,001,001,2,031,031.jpg,282,126.988402,1779135616.406004,4.683333,186.0,-58.0,0.0,0.0,2940,1912,0.562286,0.82,0.0,0.0,pix
real_001_s001_2026-05-18_22-18-09-416,001,001,2,031,031.jpg,283,127.005069,1779135616.422671,4.7,186.0,-58.0,0.0,0.0,2940,1912,0.562286,0.82,0.0,0.0,pix
real_001_s001_2026-05-18_22-18-09-416,001,001,2,031,031.jpg,284,127.021735,1779135616.439338,4.716667,186.0,-58.0,0.0,0.0,2940,1912,0.562286,0.82,0.0,0.0,pix
real_001_s001_2026-05-18_22-18-09-416,001,001,2,031,031.jpg,285,127.038402,1779135616.456004,4.733333,186.0,-58.0,0.0,0.0,2940,1912,0.562286,0.82,0.0,0.0,pix
real_001_s001_2026-05-18_22-18-09-416,001,001,2,031,031.jpg,286,127.055069,1779135616.472671,4.75,186.0,-58.0,0.0,0.0,2940,1912,0.562286,0.82,0.0,0.0,pix
real_001_s001_2026-05-18_22-18-09-416,001,001,2,031,031.jpg,287,127.071735,1779135616.489338,4.766667,186.0,-58.0,0.0,0.0,2940,1912,0.562286,0.82,0.0,0.0,pix
real_001_s001_2026-05-18_22-18-09-416,001,001,2,031,031.jpg,288,127.088402,1779135616.506004,4.783333,186.0,-58.0,0.0,0.0,2940,1912,0.562286,0.82,0.0,0.0,pix
real_001_s001_2026-05-18_22-18-09-416,001,001,2,031,031.jpg,289,127.105069,1779135616.522671,4.8,186.0,-58.0,0.0,0.0,2940,1912,0.562286,0.82,0.0,0.0,pix
real_001_s001_2026-05-18_22-18-09-416,001,001,2,031,031.jpg,290,127.121735,1779135616.539338,4.816667,186.0,-58.0,0.0,0.0,2940,1912,0.562286,0.82,0.0,0.0,pix
real_001_s001_2026-05-18_22-18-09-416,001,001,2,031,031.jpg,291,127.138402,1779135616.556004,4.833333,186.0,-58.0,0.0,0.0,2940,1912,0.562286,0.82,0.0,0.0,pix
real_001_s001_2026-05-18_22-18-09-416,001,001,2,031,031.jpg,292,127.155069,1779135616.572671,4.85,186.0,-58.0,0.0,0.0,2940,1912,0.562286,0.82,0.0,0.0,pix
real_001_s001_2026-05-18_22-18-09-416,001,001,2,031,031.jpg,293,127.171735,1779135616.589338,4.866667,186.0,-58.0,0.0,0.0,2940,1912,0.562286,0.82,0.0,0.0,pix
real_001_s001_2026-05-18_22-18-09-416,001,001,2,031,031.jpg,294,127.188402,1779135616.606004,4.883333,186.0,-58.0,0.0,0.0,2940,1912,0.562286,0.82,0.0,0.0,pix
real_001_s001_2026-05-18_22-18-09-416,001,001,2,031,031.jpg,295,127.205069,1779135616.622671,4.9,186.0,-58.0,0.0,0.0,2940,1912,0.562286,0.82,0.0,0.0,pix
real_001_s001_2026-05-18_22-18-09-416,001,001,2,031,031.jpg,296,127.221735,1779135616.639338,4.916667,186.0,-58.0,0.0,0.0,2940,1912,0.562286,0.82,0.0,0.0,pix
real_001_s001_2026-05-18_22-18-09-416,001,001,2,031,031.jpg,297,127.238402,1779135616.656004,4.933333,186.0,-58.0,0.0,0.0,2940,1912,0.562286,0.82,0.0,0.0,pix
real_001_s001_2026-05-18_22-18-09-416,001,001,2,031,031.jpg,298,127.255069,1779135616.672671,4.95,186.0,-58.0,0.0,0.0,2940,1912,0.562286,0.82,0.0,0.0,pix
real_001_s001_2026-05-18_22-18-09-416,001,001,2,031,031.jpg,299,127.271735,1779135616.689338,4.966667,186.0,-58.0,0.0,0.0,2940,1912,0.562286,0.82,0.0,0.0,pix
real_001_s001_2026-05-18_22-18-09-416,001,001,2,031,031.jpg,300,127.288402,1779135616.706004,4.983333,186.0,-58.0,0.0,0.0,2940,1912,0.562286,0.82,0.0,0.0,pix
real_001_s001_2026-05-18_22-18-09-416,001,001,2,031,031.jpg,301,127.305069,1779135616.722671,5.0,186.0,-58.0,0.0,0.0,2940,1912,0.562286,0.82,0.0,0.0,pix
real_001_s001_2026-05-18_22-18-09-416,001,001,2,031,031.jpg,302,127.321735,1779135616.739338,5.016667,186.0,-58.0,0.0,0.0,2940,1912,0.562286,0.82,0.0,0.0,pix
real_001_s001_2026-05-18_22-18-09-416,001,001,2,031,031.jpg,303,127.338402,1779135616.756004,5.033333,186.0,-58.0,0.0,0.0,2940,1912,0.562286,0.82,0.0,0.0,pix
real_001_s001_2026-05-18_22-18-09-416,001,001,2,031,031.jpg,304,127.355069,1779135616.772671,5.05,186.0,-58.0,0.0,0.0,2940,1912,0.562286,0.82,0.0,0.0,pix
real_001_s001_2026-05-18_22-18-09-416,001,001,2,031,031.jpg,305,127.371735,1779135616.789338,5.066667,186.0,-58.0,0.0,0.0,2940,1912,0.562286,0.82,0.0,0.0,pix
real_001_s001_2026-05-18_22-18-09-416,001,001,2,031,031.jpg,306,127.388402,1779135616.806004,5.083333,186.0,-58.0,0.0,0.0,2940,1912,0.562286,0.82,0.0,0.0,pix
real_001_s001_2026-05-18_22-18-09-416,001,001,2,031,031.jpg,307,127.405069,1779135616.822671,5.1,186.0,-58.0,0.0,0.0,2940,1912,0.562286,0.82,0.0,0.0,pix
real_001_s001_2026-05-18_22-18-09-416,001,001,2,031,031.jpg,308,127.421735,1779135616.839338,5.116667,186.0,-58.0,0.0,0.0,2940,1912,0.562286,0.82,0.0,0.0,pix
real_001_s001_2026-05-18_22-18-09-416,001,001,2,031,031.jpg,309,127.438402,1779135616.856004,5.133333,186.0,-58.0,0.0,0.0,2940,1912,0.562286,0.82,0.0,0.0,pix
real_001_s001_2026-05-18_22-18-09-416,001,001,2,031,031.jpg,310,127.455069,1779135616.872671,5.15,186.0,-58.0,0.0,0.0,2940,1912,0.562286,0.82,0.0,0.0,pix
real_001_s001_2026-05-18_22-18-09-416,001,001,2,031,031.jpg,311,127.471735,1779135616.889338,5.166667,186.0,-58.0,0.0,0.0,2940,1912,0.562286,0.82,0.0,0.0,pix
real_001_s001_2026-05-18_22-18-09-416,001,001,2,031,031.jpg,312,127.488402,1779135616.906004,5.183333,186.0,-58.0,0.0,0.0,2940,1912,0.562286,0.82,0.0,0.0,pix
real_001_s001_2026-05-18_22-18-09-416,001,001,2,031,031.jpg,313,127.505069,1779135616.922671,5.2,186.0,-58.0,0.0,0.0,2940,1912,0.562286,0.82,0.0,0.0,pix
real_001_s001_2026-05-18_22-18-09-416,001,001,2,031,031.jpg,314,127.521735,1779135616.939338,5.216667,186.0,-58.0,0.0,0.0,2940,1912,0.562286,0.82,0.0,0.0,pix
real_001_s001_2026-05-18_22-18-09-416,001,001,2,031,031.jpg,315,127.538402,1779135616.956004,5.233333,186.0,-58.0,0.0,0.0,2940,1912,0.562286,0.82,0.0,0.0,pix
real_001_s001_2026-05-18_22-18-09-416,001,001,2,031,031.jpg,316,127.555069,1779135616.972671,5.25,186.0,-58.0,0.0,0.0,2940,1912,0.562286,0.82,0.0,0.0,pix
real_001_s001_2026-05-18_22-18-09-416,001,001,2,031,031.jpg,317,127.571735,1779135616.989338,5.266667,186.0,-58.0,0.0,0.0,2940,1912,0.562286,0.82,0.0,0.0,pix
real_001_s001_2026-05-18_22-18-09-416,001,001,2,031,031.jpg,318,127.588402,1779135617.006004,5.283333,186.0,-58.0,0.0,0.0,2940,1912,0.562286,0.82,0.0,0.0,pix
real_001_s001_2026-05-18_22-18-09-416,001,001,2,031,031.jpg,319,127.605069,1779135617.022671,5.3,186.0,-58.0,0.0,0.0,2940,1912,0.562286,0.82,0.0,0.0,pix
real_001_s001_2026-05-18_22-18-09-416,001,001,2,031,031.jpg,320,127.621735,1779135617.039338,5.316667,186.0,-58.0,0.0,0.0,2940,1912,0.562286,0.82,0.0,0.0,pix
real_001_s001_2026-05-18_22-18-09-416,001,001,2,031,031.jpg,321,127.638402,1779135617.056004,5.333333,186.0,-58.0,0.0,0.0,2940,1912,0.562286,0.82,0.0,0.0,pix
real_001_s001_2026-05-18_22-18-09-416,001,001,2,031,031.jpg,322,127.655069,1779135617.072671,5.35,186.0,-58.0,0.0,0.0,2940,1912,0.562286,0.82,0.0,0.0,pix
real_001_s001_2026-05-18_22-18-09-416,001,001,2,031,031.jpg,323,127.671735,1779135617.089338,5.366667,186.0,-58.0,0.0,0.0,2940,1912,0.562286,0.82,0.0,0.0,pix
real_001_s001_2026-05-18_22-18-09-416,001,001,2,031,031.jpg,324,127.688402,1779135617.106004,5.383333,186.0,-58.0,0.0,0.0,2940,1912,0.562286,0.82,0.0,0.0,pix
real_001_s001_2026-05-18_22-18-09-416,001,001,2,031,031.jpg,325,127.705069,1779135617.122671,5.4,186.0,-58.0,0.0,0.0,2940,1912,0.562286,0.82,0.0,0.0,pix
real_001_s001_2026-05-18_22-18-09-416,001,001,2,031,031.jpg,326,127.721735,1779135617.139338,5.416667,186.0,-58.0,0.0,0.0,2940,1912,0.562286,0.82,0.0,0.0,pix
real_001_s001_2026-05-18_22-18-09-416,001,001,2,031,031.jpg,327,127.738402,1779135617.156004,5.433333,186.0,-58.0,0.0,0.0,2940,1912,0.562286,0.82,0.0,0.0,pix
real_001_s001_2026-05-18_22-18-09-416,001,001,2,031,031.jpg,328,127.755069,1779135617.172671,5.45,186.0,-58.0,0.0,0.0,2940,1912,0.562286,0.82,0.0,0.0,pix
real_001_s001_2026-05-18_22-18-09-416,001,001,2,031,031.jpg,329,127.771735,1779135617.189338,5.466667,186.0,-58.0,0.0,0.0,2940,1912,0.562286,0.82,0.0,0.0,pix
real_001_s001_2026-05-18_22-18-09-416,001,001,2,031,031.jpg,330,127.788402,1779135617.206004,5.483333,186.0,-58.0,0.0,0.0,2940,1912,0.562286,0.82,0.0,0.0,pix
real_001_s001_2026-05-18_22-18-09-416,001,001,2,031,031.jpg,331,127.805069,1779135617.222671,5.5,186.0,-58.0,0.0,0.0,2940,1912,0.562286,0.82,0.0,0.0,pix
real_001_s001_2026-05-18_22-18-09-416,001,001,2,031,031.jpg,332,127.821735,1779135617.239338,5.516667,186.0,-58.0,0.0,0.0,2940,1912,0.562286,0.82,0.0,0.0,pix
real_001_s001_2026-05-18_22-18-09-416,001,001,2,031,031.jpg,333,127.838402,1779135617.256004,5.533333,186.0,-58.0,0.0,0.0,2940,1912,0.562286,0.82,0.0,0.0,pix
real_001_s001_2026-05-18_22-18-09-416,001,001,2,031,031.jpg,334,127.855069,1779135617.272671,5.55,186.0,-58.0,0.0,0.0,2940,1912,0.562286,0.82,0.0,0.0,pix
real_001_s001_2026-05-18_22-18-09-416,001,001,2,031,031.jpg,335,127.871735,1779135617.289338,5.566667,186.0,-58.0,0.0,0.0,2940,1912,0.562286,0.82,0.0,0.0,pix
real_001_s001_2026-05-18_22-18-09-416,001,001,2,031,031.jpg,336,127.888402,1779135617.306004,5.583333,186.0,-58.0,0.0,0.0,2940,1912,0.562286,0.82,0.0,0.0,pix
real_001_s001_2026-05-18_22-18-09-416,001,001,2,031,031.jpg,337,127.905069,1779135617.322671,5.6,186.0,-58.0,0.0,0.0,2940,1912,0.562286,0.82,0.0,0.0,pix
real_001_s001_2026-05-18_22-18-09-416,001,001,2,031,031.jpg,338,127.921735,1779135617.339338,5.616667,186.0,-58.0,0.0,0.0,2940,1912,0.562286,0.82,0.0,0.0,pix
real_001_s001_2026-05-18_22-18-09-416,001,001,2,031,031.jpg,339,127.938402,1779135617.356004,5.633333,186.0,-58.0,0.0,0.0,2940,1912,0.562286,0.82,0.0,0.0,pix
real_001_s001_2026-05-18_22-18-09-416,001,001,2,031,031.jpg,340,127.955069,1779135617.372671,5.65,186.0,-58.0,0.0,0.0,2940,1912,0.562286,0.82,0.0,0.0,pix
real_001_s001_2026-05-18_22-18-09-416,001,001,2,031,031.jpg,341,127.971735,1779135617.389338,5.666667,186.0,-58.0,0.0,0.0,2940,1912,0.562286,0.82,0.0,0.0,pix
real_001_s001_2026-05-18_22-18-09-416,001,001,2,031,031.jpg,342,127.988402,1779135617.406004,5.683333,186.0,-58.0,0.0,0.0,2940,1912,0.562286,0.82,0.0,0.0,pix
real_001_s001_2026-05-18_22-18-09-416,001,001,2,031,031.jpg,343,128.005069,1779135617.422671,5.7,186.0,-58.0,0.0,0.0,2940,1912,0.562286,0.82,0.0,0.0,pix
real_001_s001_2026-05-18_22-18-09-416,001,001,2,031,031.jpg,344,128.021735,1779135617.439338,5.716667,186.0,-58.0,0.0,0.0,2940,1912,0.562286,0.82,0.0,0.0,pix
real_001_s001_2026-05-18_22-18-09-416,001,001,2,031,031.jpg,345,128.038402,1779135617.456004,5.733333,186.0,-58.0,0.0,0.0,2940,1912,0.562286,0.82,0.0,0.0,pix
real_001_s001_2026-05-18_22-18-09-416,001,001,2,031,031.jpg,346,128.055069,1779135617.472671,5.75,186.0,-58.0,0.0,0.0,2940,1912,0.562286,0.82,0.0,0.0,pix
real_001_s001_2026-05-18_22-18-09-416,001,001,2,031,031.jpg,347,128.071735,1779135617.489338,5.766667,186.0,-58.0,0.0,0.0,2940,1912,0.562286,0.82,0.0,0.0,pix
real_001_s001_2026-05-18_22-18-09-416,001,001,2,031,031.jpg,348,128.088402,1779135617.506004,5.783333,186.0,-58.0,0.0,0.0,2940,1912,0.562286,0.82,0.0,0.0,pix
real_001_s001_2026-05-18_22-18-09-416,001,001,2,031,031.jpg,349,128.105069,1779135617.522671,5.8,186.0,-58.0,0.0,0.0,2940,1912,0.562286,0.82,0.0,0.0,pix
real_001_s001_2026-05-18_22-18-09-416,001,001,2,031,031.jpg,350,128.121735,1779135617.539338,5.816667,186.0,-58.0,0.0,0.0,2940,1912,0.562286,0.82,0.0,0.0,pix
real_001_s001_2026-05-18_22-18-09-416,001,001,2,031,031.jpg,351,128.138402,1779135617.556004,5.833333,186.0,-58.0,0.0,0.0,2940,1912,0.562286,0.82,0.0,0.0,pix
real_001_s001_2026-05-18_22-18-09-416,001,001,2,031,031.jpg,352,128.155069,1779135617.572671,5.85,186.0,-58.0,0.0,0.0,2940,1912,0.562286,0.82,0.0,0.0,pix
real_001_s001_2026-05-18_22-18-09-416,001,001,2,031,031.jpg,353,128.171735,1779135617.589338,5.866667,186.0,-58.0,0.0,0.0,2940,1912,0.562286,0.82,0.0,0.0,pix
real_001_s001_2026-05-18_22-18-09-416,001,001,2,031,031.jpg,354,128.188402,1779135617.606004,5.883333,186.0,-58.0,0.0,0.0,2940,1912,0.562286,0.82,0.0,0.0,pix
real_001_s001_2026-05-18_22-18-09-416,001,001,2,031,031.jpg,355,128.205069,1779135617.622671,5.9,186.0,-58.0,0.0,0.0,2940,1912,0.562286,0.82,0.0,0.0,pix
real_001_s001_2026-05-18_22-18-09-416,001,001,2,031,031.jpg,356,128.221735,1779135617.639338,5.916667,186.0,-58.0,0.0,0.0,2940,1912,0.562286,0.82,0.0,0.0,pix
real_001_s001_2026-05-18_22-18-09-416,001,001,2,031,031.jpg,357,128.238402,1779135617.656004,5.933333,186.0,-58.0,0.0,0.0,2940,1912,0.562286,0.82,0.0,0.0,pix
real_001_s001_2026-05-18_22-18-09-416,001,001,2,031,031.jpg,358,128.255069,1779135617.672671,5.95,186.0,-58.0,0.0,0.0,2940,1912,0.562286,0.82,0.0,0.0,pix
real_001_s001_2026-05-18_22-18-09-416,001,001,2,031,031.jpg,359,128.271735,1779135617.689338,5.966667,186.0,-58.0,0.0,0.0,2940,1912,0.562286,0.82,0.0,0.0,pix
real_001_s001_2026-05-18_22-18-09-416,001,001,2,031,031.jpg,360,128.288402,1779135617.706004,5.983333,186.0,-58.0,0.0,0.0,2940,1912,0.562286,0.82,0.0,0.0,pix
real_001_s001_2026-05-18_22-18-09-416,001,001,2,031,031.jpg,361,128.305069,1779135617.722671,6.0,186.0,-58.0,0.0,0.0,2940,1912,0.562286,0.82,0.0,0.0,pix
real_001_s001_2026-05-18_22-18-09-416,001,001,2,031,031.jpg,362,128.321735,1779135617.739338,6.016667,186.0,-58.0,0.0,0.0,2940,1912,0.562286,0.82,0.0,0.0,pix
real_001_s001_2026-05-18_22-18-09-416,001,001,2,031,031.jpg,363,128.338402,1779135617.756004,6.033333,186.0,-58.0,0.0,0.0,2940,1912,0.562286,0.82,0.0,0.0,pix
real_001_s001_2026-05-18_22-18-09-416,001,001,2,031,031.jpg,364,128.355069,1779135617.772671,6.05,186.0,-58.0,0.0,0.0,2940,1912,0.562286,0.82,0.0,0.0,pix
real_001_s001_2026-05-18_22-18-09-416,001,001,2,031,031.jpg,365,128.371735,1779135617.789338,6.066667,186.0,-58.0,0.0,0.0,2940,1912,0.562286,0.82,0.0,0.0,pix
real_001_s001_2026-05-18_22-18-09-416,001,001,2,031,031.jpg,366,128.388402,1779135617.806004,6.083333,186.0,-58.0,0.0,0.0,2940,1912,0.562286,0.82,0.0,0.0,pix
real_001_s001_2026-05-18_22-18-09-416,001,001,2,031,031.jpg,367,128.405069,1779135617.822671,6.1,186.0,-58.0,0.0,0.0,2940,1912,0.562286,0.82,0.0,0.0,pix
real_001_s001_2026-05-18_22-18-09-416,001,001,2,031,031.jpg,368,128.421735,1779135617.839338,6.116667,186.0,-58.0,0.0,0.0,2940,1912,0.562286,0.82,0.0,0.0,pix
real_001_s001_2026-05-18_22-18-09-416,001,001,2,031,031.jpg,369,128.438402,1779135617.856004,6.133333,186.0,-58.0,0.0,0.0,2940,1912,0.562286,0.82,0.0,0.0,pix
real_001_s001_2026-05-18_22-18-09-416,001,001,2,031,031.jpg,370,128.455069,1779135617.872671,6.15,186.0,-58.0,0.0,0.0,2940,1912,0.562286,0.82,0.0,0.0,pix
real_001_s001_2026-05-18_22-18-09-416,001,001,2,031,031.jpg,371,128.471735,1779135617.889338,6.166667,186.0,-58.0,0.0,0.0,2940,1912,0.562286,0.82,0.0,0.0,pix
real_001_s001_2026-05-18_22-18-09-416,001,001,2,031,031.jpg,372,128.488402,1779135617.906004,6.183333,186.0,-58.0,0.0,0.0,2940,1912,0.562286,0.82,0.0,0.0,pix
real_001_s001_2026-05-18_22-18-09-416,001,001,2,031,031.jpg,373,128.505069,1779135617.922671,6.2,186.0,-58.0,0.0,0.0,2940,1912,0.562286,0.82,0.0,0.0,pix
real_001_s001_2026-05-18_22-18-09-416,001,001,2,031,031.jpg,374,128.521735,1779135617.939338,6.216667,186.0,-58.0,0.0,0.0,2940,1912,0.562286,0.82,0.0,0.0,pix
real_001_s001_2026-05-18_22-18-09-416,001,001,2,031,031.jpg,375,128.538402,1779135617.956004,6.233333,186.0,-58.0,0.0,0.0,2940,1912,0.562286,0.82,0.0,0.0,pix
real_001_s001_2026-05-18_22-18-09-416,001,001,2,031,031.jpg,376,128.555069,1779135617.972671,6.25,186.0,-58.0,0.0,0.0,2940,1912,0.562286,0.82,0.0,0.0,pix
real_001_s001_2026-05-18_22-18-09-416,001,001,2,031,031.jpg,377,128.571735,1779135617.989338,6.266667,186.0,-58.0,0.0,0.0,2940,1912,0.562286,0.82,0.0,0.0,pix
real_001_s001_2026-05-18_22-18-09-416,001,001,2,031,031.jpg,378,128.588402,1779135618.006004,6.283333,186.0,-58.0,0.0,0.0,2940,1912,0.562286,0.82,0.0,0.0,pix
real_001_s001_2026-05-18_22-18-09-416,001,001,2,031,031.jpg,379,128.605069,1779135618.022671,6.3,186.0,-58.0,0.0,0.0,2940,1912,0.562286,0.82,0.0,0.0,pix
real_001_s001_2026-05-18_22-18-09-416,001,001,2,031,031.jpg,380,128.621735,1779135618.039338,6.316667,186.0,-58.0,0.0,0.0,2940,1912,0.562286,0.82,0.0,0.0,pix
real_001_s001_2026-05-18_22-18-09-416,001,001,2,031,031.jpg,381,128.638402,1779135618.056004,6.333333,186.0,-58.0,0.0,0.0,2940,1912,0.562286,0.82,0.0,0.0,pix
real_001_s001_2026-05-18_22-18-09-416,001,001,2,031,031.jpg,382,128.655069,1779135618.072671,6.35,186.0,-58.0,0.0,0.0,2940,1912,0.562286,0.82,0.0,0.0,pix
real_001_s001_2026-05-18_22-18-09-416,001,001,2,031,031.jpg,383,128.671735,1779135618.089338,6.366667,186.0,-58.0,0.0,0.0,2940,1912,0.562286,0.82,0.0,0.0,pix
real_001_s001_2026-05-18_22-18-09-416,001,001,2,031,031.jpg,384,128.688402,1779135618.106004,6.383333,186.0,-58.0,0.0,0.0,2940,1912,0.562286,0.82,0.0,0.0,pix
real_001_s001_2026-05-18_22-18-09-416,001,001,2,031,031.jpg,385,128.705069,1779135618.122671,6.4,186.0,-58.0,0.0,0.0,2940,1912,0.562286,0.82,0.0,0.0,pix
real_001_s001_2026-05-18_22-18-09-416,001,001,2,031,031.jpg,386,128.721735,1779135618.139338,6.416667,186.0,-58.0,0.0,0.0,2940,1912,0.562286,0.82,0.0,0.0,pix
real_001_s001_2026-05-18_22-18-09-416,001,001,2,031,031.jpg,387,128.738402,1779135618.156004,6.433333,186.0,-58.0,0.0,0.0,2940,1912,0.562286,0.82,0.0,0.0,pix
real_001_s001_2026-05-18_22-18-09-416,001,001,2,031,031.jpg,388,128.755069,1779135618.172671,6.45,186.0,-58.0,0.0,0.0,2940,1912,0.562286,0.82,0.0,0.0,pix
real_001_s001_2026-05-18_22-18-09-416,001,001,2,031,031.jpg,389,128.771735,1779135618.189338,6.466667,186.0,-58.0,0.0,0.0,2940,1912,0.562286,0.82,0.0,0.0,pix
real_001_s001_2026-05-18_22-18-09-416,001,001,2,031,031.jpg,390,128.788402,1779135618.206004,6.483333,186.0,-58.0,0.0,0.0,2940,1912,0.562286,0.82,0.0,0.0,pix
real_001_s001_2026-05-18_22-18-09-416,001,001,2,031,031.jpg,391,128.805069,1779135618.222671,6.5,186.0,-58.0,0.0,0.0,2940,1912,0.562286,0.82,0.0,0.0,pix
real_001_s001_2026-05-18_22-18-09-416,001,001,2,031,031.jpg,392,128.821735,1779135618.239338,6.516667,186.0,-58.0,0.0,0.0,2940,1912,0.562286,0.82,0.0,0.0,pix
real_001_s001_2026-05-18_22-18-09-416,001,001,2,031,031.jpg,393,128.838402,1779135618.256004,6.533333,186.0,-58.0,0.0,0.0,2940,1912,0.562286,0.82,0.0,0.0,pix
real_001_s001_2026-05-18_22-18-09-416,001,001,2,031,031.jpg,394,128.855069,1779135618.272671,6.55,186.0,-58.0,0.0,0.0,2940,1912,0.562286,0.82,0.0,0.0,pix
real_001_s001_2026-05-18_22-18-09-416,001,001,2,031,031.jpg,395,128.871735,1779135618.289338,6.566667,186.0,-58.0,0.0,0.0,2940,1912,0.562286,0.82,0.0,0.0,pix
real_001_s001_2026-05-18_22-18-09-416,001,001,2,031,031.jpg,396,128.888402,1779135618.306004,6.583333,186.0,-58.0,0.0,0.0,2940,1912,0.562286,0.82,0.0,0.0,pix
real_001_s001_2026-05-18_22-18-09-416,001,001,2,031,031.jpg,397,128.905069,1779135618.322671,6.6,186.0,-58.0,0.0,0.0,2940,1912,0.562286,0.82,0.0,0.0,pix
real_001_s001_2026-05-18_22-18-09-416,001,001,2,031,031.jpg,398,128.921735,1779135618.339338,6.616667,186.0,-58.0,0.0,0.0,2940,1912,0.562286,0.82,0.0,0.0,pix
real_001_s001_2026-05-18_22-18-09-416,001,001,2,031,031.jpg,399,128.938402,1779135618.356004,6.633333,186.0,-58.0,0.0,0.0,2940,1912,0.562286,0.82,0.0,0.0,pix
real_001_s001_2026-05-18_22-18-09-416,001,001,2,031,031.jpg,400,128.955069,1779135618.372671,6.65,186.0,-58.0,0.0,0.0,2940,1912,0.562286,0.82,0.0,0.0,pix
real_001_s001_2026-05-18_22-18-09-416,001,001,2,031,031.jpg,401,128.971735,1779135618.389338,6.666667,186.0,-58.0,0.0,0.0,2940,1912,0.562286,0.82,0.0,0.0,pix
real_001_s001_2026-05-18_22-18-09-416,001,001,2,031,031.jpg,402,128.988402,1779135618.406004,6.683333,186.0,-58.0,0.0,0.0,2940,1912,0.562286,0.82,0.0,0.0,pix
real_001_s001_2026-05-18_22-18-09-416,001,001,2,031,031.jpg,403,129.005069,1779135618.422671,6.7,186.0,-58.0,0.0,0.0,2940,1912,0.562286,0.82,0.0,0.0,pix
real_001_s001_2026-05-18_22-18-09-416,001,001,2,031,031.jpg,404,129.021735,1779135618.439338,6.716667,186.0,-58.0,0.0,0.0,2940,1912,0.562286,0.82,0.0,0.0,pix
real_001_s001_2026-05-18_22-18-09-416,001,001,2,031,031.jpg,405,129.038402,1779135618.456004,6.733333,186.0,-58.0,0.0,0.0,2940,1912,0.562286,0.82,0.0,0.0,pix
real_001_s001_2026-05-18_22-18-09-416,001,001,2,031,031.jpg,406,129.055069,1779135618.472671,6.75,186.0,-58.0,0.0,0.0,2940,1912,0.562286,0.82,0.0,0.0,pix
real_001_s001_2026-05-18_22-18-09-416,001,001,2,031,031.jpg,407,129.071735,1779135618.489338,6.766667,186.0,-58.0,0.0,0.0,2940,1912,0.562286,0.82,0.0,0.0,pix
real_001_s001_2026-05-18_22-18-09-416,001,001,2,031,031.jpg,408,129.088402,1779135618.506004,6.783333,186.0,-58.0,0.0,0.0,2940,1912,0.562286,0.82,0.0,0.0,pix
real_001_s001_2026-05-18_22-18-09-416,001,001,2,031,031.jpg,409,129.105069,1779135618.522671,6.8,186.0,-58.0,0.0,0.0,2940,1912,0.562286,0.82,0.0,0.0,pix
real_001_s001_2026-05-18_22-18-09-416,001,001,2,031,031.jpg,410,129.121735,1779135618.539338,6.816667,186.0,-58.0,0.0,0.0,2940,1912,0.562286,0.82,0.0,0.0,pix
real_001_s001_2026-05-18_22-18-09-416,001,001,2,031,031.jpg,411,129.138402,1779135618.556004,6.833333,186.0,-58.0,0.0,0.0,2940,1912,0.562286,0.82,0.0,0.0,pix
real_001_s001_2026-05-18_22-18-09-416,001,001,2,031,031.jpg,412,129.155069,1779135618.572671,6.85,186.0,-58.0,0.0,0.0,2940,1912,0.562286,0.82,0.0,0.0,pix
real_001_s001_2026-05-18_22-18-09-416,001,001,2,031,031.jpg,413,129.171735,1779135618.589338,6.866667,186.0,-58.0,0.0,0.0,2940,1912,0.562286,0.82,0.0,0.0,pix
real_001_s001_2026-05-18_22-18-09-416,001,001,2,031,031.jpg,414,129.188402,1779135618.606004,6.883333,186.0,-58.0,0.0,0.0,2940,1912,0.562286,0.82,0.0,0.0,pix
real_001_s001_2026-05-18_22-18-09-416,001,001,2,031,031.jpg,415,129.205069,1779135618.622671,6.9,186.0,-58.0,0.0,0.0,2940,1912,0.562286,0.82,0.0,0.0,pix
real_001_s001_2026-05-18_22-18-09-416,001,001,2,031,031.jpg,416,129.221735,1779135618.639338,6.916667,186.0,-58.0,0.0,0.0,2940,1912,0.562286,0.82,0.0,0.0,pix
real_001_s001_2026-05-18_22-18-09-416,001,001,2,031,031.jpg,417,129.238402,1779135618.656004,6.933333,186.0,-58.0,0.0,0.0,2940,1912,0.562286,0.82,0.0,0.0,pix
real_001_s001_2026-05-18_22-18-09-416,001,001,2,031,031.jpg,418,129.255069,1779135618.672671,6.95,186.0,-58.0,0.0,0.0,2940,1912,0.562286,0.82,0.0,0.0,pix
real_001_s001_2026-05-18_22-18-09-416,001,001,2,031,031.jpg,419,129.271735,1779135618.689338,6.966667,186.0,-58.0,0.0,0.0,2940,1912,0.562286,0.82,0.0,0.0,pix
real_001_s001_2026-05-18_22-18-09-416,001,001,2,031,031.jpg,420,129.288402,1779135618.706004,6.983333,186.0,-58.0,0.0,0.0,2940,1912,0.562286,0.82,0.0,0.0,pix
real_001_s001_2026-05-18_22-18-09-416,001,001,2,031,031.jpg,421,129.305069,1779135618.722671,7.0,186.0,-58.0,0.0,0.0,2940,1912,0.562286,0.82,0.0,0.0,pix
real_001_s001_2026-05-18_22-18-09-416,001,001,2,031,031.jpg,422,129.321735,1779135618.739338,7.016667,186.0,-58.0,0.0,0.0,2940,1912,0.562286,0.82,0.0,0.0,pix
real_001_s001_2026-05-18_22-18-09-416,001,001,2,031,031.jpg,423,129.338402,1779135618.756004,7.033333,186.0,-58.0,0.0,0.0,2940,1912,0.562286,0.82,0.0,0.0,pix
real_001_s001_2026-05-18_22-18-09-416,001,001,2,031,031.jpg,424,129.355069,1779135618.772671,7.05,186.0,-58.0,0.0,0.0,2940,1912,0.562286,0.82,0.0,0.0,pix
real_001_s001_2026-05-18_22-18-09-416,001,001,2,031,031.jpg,425,129.371735,1779135618.789338,7.066667,186.0,-58.0,0.0,0.0,2940,1912,0.562286,0.82,0.0,0.0,pix
real_001_s001_2026-05-18_22-18-09-416,001,001,2,031,031.jpg,426,129.388402,1779135618.806004,7.083333,186.0,-58.0,0.0,0.0,2940,1912,0.562286,0.82,0.0,0.0,pix
real_001_s001_2026-05-18_22-18-09-416,001,001,2,031,031.jpg,427,129.405069,1779135618.822671,7.1,186.0,-58.0,0.0,0.0,2940,1912,0.562286,0.82,0.0,0.0,pix
real_001_s001_2026-05-18_22-18-09-416,001,001,2,031,031.jpg,428,129.421735,1779135618.839338,7.116667,186.0,-58.0,0.0,0.0,2940,1912,0.562286,0.82,0.0,0.0,pix
real_001_s001_2026-05-18_22-18-09-416,001,001,2,031,031.jpg,429,129.438402,1779135618.856004,7.133333,186.0,-58.0,0.0,0.0,2940,1912,0.562286,0.82,0.0,0.0,pix
real_001_s001_2026-05-18_22-18-09-416,001,001,2,031,031.jpg,430,129.455069,1779135618.872671,7.15,186.0,-58.0,0.0,0.0,2940,1912,0.562286,0.82,0.0,0.0,pix
real_001_s001_2026-05-18_22-18-09-416,001,001,2,031,031.jpg,431,129.471735,1779135618.889338,7.166667,186.0,-58.0,0.0,0.0,2940,1912,0.562286,0.82,0.0,0.0,pix
real_001_s001_2026-05-18_22-18-09-416,001,001,2,031,031.jpg,432,129.488402,1779135618.906004,7.183333,186.0,-58.0,0.0,0.0,2940,1912,0.562286,0.82,0.0,0.0,pix
real_001_s001_2026-05-18_22-18-09-416,001,001,2,031,031.jpg,433,129.505069,1779135618.922671,7.2,186.0,-58.0,0.0,0.0,2940,1912,0.562286,0.82,0.0,0.0,pix
real_001_s001_2026-05-18_22-18-09-416,001,001,2,031,031.jpg,434,129.521735,1779135618.939338,7.216667,186.0,-58.0,0.0,0.0,2940,1912,0.562286,0.82,0.0,0.0,pix
real_001_s001_2026-05-18_22-18-09-416,001,001,2,031,031.jpg,435,129.538402,1779135618.956004,7.233333,186.0,-58.0,0.0,0.0,2940,1912,0.562286,0.82,0.0,0.0,pix
real_001_s001_2026-05-18_22-18-09-416,001,001,2,031,031.jpg,436,129.555069,1779135618.972671,7.25,186.0,-58.0,0.0,0.0,2940,1912,0.562286,0.82,0.0,0.0,pix
real_001_s001_2026-05-18_22-18-09-416,001,001,2,031,031.jpg,437,129.571735,1779135618.989338,7.266667,186.0,-58.0,0.0,0.0,2940,1912,0.562286,0.82,0.0,0.0,pix
real_001_s001_2026-05-18_22-18-09-416,001,001,2,031,031.jpg,438,129.588402,1779135619.006004,7.283333,186.0,-58.0,0.0,0.0,2940,1912,0.562286,0.82,0.0,0.0,pix
real_001_s001_2026-05-18_22-18-09-416,001,001,2,031,031.jpg,439,129.605069,1779135619.022671,7.3,186.0,-58.0,0.0,0.0,2940,1912,0.562286,0.82,0.0,0.0,pix
real_001_s001_2026-05-18_22-18-09-416,001,001,2,031,031.jpg,440,129.621735,1779135619.039338,7.316667,186.0,-58.0,0.0,0.0,2940,1912,0.562286,0.82,0.0,0.0,pix
real_001_s001_2026-05-18_22-18-09-416,001,001,2,031,031.jpg,441,129.638402,1779135619.056004,7.333333,186.0,-58.0,0.0,0.0,2940,1912,0.562286,0.82,0.0,0.0,pix
real_001_s001_2026-05-18_22-18-09-416,001,001,2,031,031.jpg,442,129.655069,1779135619.072671,7.35,186.0,-58.0,0.0,0.0,2940,1912,0.562286,0.82,0.0,0.0,pix
real_001_s001_2026-05-18_22-18-09-416,001,001,2,031,031.jpg,443,129.671735,1779135619.089338,7.366667,186.0,-58.0,0.0,0.0,2940,1912,0.562286,0.82,0.0,0.0,pix
real_001_s001_2026-05-18_22-18-09-416,001,001,2,031,031.jpg,444,129.688402,1779135619.106004,7.383333,186.0,-58.0,0.0,0.0,2940,1912,0.562286,0.82,0.0,0.0,pix
real_001_s001_2026-05-18_22-18-09-416,001,001,2,031,031.jpg,445,129.705069,1779135619.122671,7.4,186.0,-58.0,0.0,0.0,2940,1912,0.562286,0.82,0.0,0.0,pix
real_001_s001_2026-05-18_22-18-09-416,001,001,2,031,031.jpg,446,129.721735,1779135619.139338,7.416667,186.0,-58.0,0.0,0.0,2940,1912,0.562286,0.82,0.0,0.0,pix
real_001_s001_2026-05-18_22-18-09-416,001,001,2,031,031.jpg,447,129.738402,1779135619.156004,7.433333,186.0,-58.0,0.0,0.0,2940,1912,0.562286,0.82,0.0,0.0,pix
real_001_s001_2026-05-18_22-18-09-416,001,001,2,031,031.jpg,448,129.755069,1779135619.172671,7.45,186.0,-58.0,0.0,0.0,2940,1912,0.562286,0.82,0.0,0.0,pix
real_001_s001_2026-05-18_22-18-09-416,001,001,2,031,031.jpg,449,129.771735,1779135619.189338,7.466667,186.0,-58.0,0.0,0.0,2940,1912,0.562286,0.82,0.0,0.0,pix
real_001_s001_2026-05-18_22-18-09-416,001,001,2,031,031.jpg,450,129.788402,1779135619.206004,7.483333,186.0,-58.0,0.0,0.0,2940,1912,0.562286,0.82,0.0,0.0,pix
real_001_s001_2026-05-18_22-18-09-416,001,001,2,031,031.jpg,451,129.805069,1779135619.222671,7.5,186.0,-58.0,0.0,0.0,2940,1912,0.562286,0.82,0.0,0.0,pix
real_001_s001_2026-05-18_22-18-09-416,001,001,2,031,031.jpg,452,129.821735,1779135619.239338,7.516667,186.0,-58.0,0.0,0.0,2940,1912,0.562286,0.82,0.0,0.0,pix
real_001_s001_2026-05-18_22-18-09-416,001,001,2,031,031.jpg,453,129.838402,1779135619.256004,7.533333,186.0,-58.0,0.0,0.0,2940,1912,0.562286,0.82,0.0,0.0,pix
real_001_s001_2026-05-18_22-18-09-416,001,001,2,031,031.jpg,454,129.855069,1779135619.272671,7.55,186.0,-58.0,0.0,0.0,2940,1912,0.562286,0.82,0.0,0.0,pix
real_001_s001_2026-05-18_22-18-09-416,001,001,2,031,031.jpg,455,129.871735,1779135619.289338,7.566667,186.0,-58.0,0.0,0.0,2940,1912,0.562286,0.82,0.0,0.0,pix
real_001_s001_2026-05-18_22-18-09-416,001,001,2,031,031.jpg,456,129.888402,1779135619.306004,7.583333,186.0,-58.0,0.0,0.0,2940,1912,0.562286,0.82,0.0,0.0,pix
real_001_s001_2026-05-18_22-18-09-416,001,001,2,031,031.jpg,457,129.905069,1779135619.322671,7.6,186.0,-58.0,0.0,0.0,2940,1912,0.562286,0.82,0.0,0.0,pix
real_001_s001_2026-05-18_22-18-09-416,001,001,2,031,031.jpg,458,129.921735,1779135619.339338,7.616667,186.0,-58.0,0.0,0.0,2940,1912,0.562286,0.82,0.0,0.0,pix
real_001_s001_2026-05-18_22-18-09-416,001,001,2,031,031.jpg,459,129.938402,1779135619.356004,7.633333,186.0,-58.0,0.0,0.0,2940,1912,0.562286,0.82,0.0,0.0,pix
real_001_s001_2026-05-18_22-18-09-416,001,001,2,031,031.jpg,460,129.955069,1779135619.372671,7.65,186.0,-58.0,0.0,0.0,2940,1912,0.562286,0.82,0.0,0.0,pix
real_001_s001_2026-05-18_22-18-09-416,001,001,2,031,031.jpg,461,129.971735,1779135619.389338,7.666667,186.0,-58.0,0.0,0.0,2940,1912,0.562286,0.82,0.0,0.0,pix
real_001_s001_2026-05-18_22-18-09-416,001,001,2,031,031.jpg,462,129.988402,1779135619.406004,7.683333,186.0,-58.0,0.0,0.0,2940,1912,0.562286,0.82,0.0,0.0,pix
real_001_s001_2026-05-18_22-18-09-416,001,001,2,031,031.jpg,463,130.005069,1779135619.422671,7.7,186.0,-58.0,0.0,0.0,2940,1912,0.562286,0.82,0.0,0.0,pix
real_001_s001_2026-05-18_22-18-09-416,001,001,2,031,031.jpg,464,130.021735,1779135619.439338,7.716667,186.0,-58.0,0.0,0.0,2940,1912,0.562286,0.82,0.0,0.0,pix
real_001_s001_2026-05-18_22-18-09-416,001,001,2,031,031.jpg,465,130.038402,1779135619.456004,7.733333,186.0,-58.0,0.0,0.0,2940,1912,0.562286,0.82,0.0,0.0,pix
real_001_s001_2026-05-18_22-18-09-416,001,001,2,031,031.jpg,466,130.055069,1779135619.472671,7.75,186.0,-58.0,0.0,0.0,2940,1912,0.562286,0.82,0.0,0.0,pix
real_001_s001_2026-05-18_22-18-09-416,001,001,2,031,031.jpg,467,130.071735,1779135619.489338,7.766667,186.0,-58.0,0.0,0.0,2940,1912,0.562286,0.82,0.0,0.0,pix
real_001_s001_2026-05-18_22-18-09-416,001,001,2,031,031.jpg,468,130.088402,1779135619.506004,7.783333,186.0,-58.0,0.0,0.0,2940,1912,0.562286,0.82,0.0,0.0,pix
real_001_s001_2026-05-18_22-18-09-416,001,001,2,031,031.jpg,469,130.105069,1779135619.522671,7.8,186.0,-58.0,0.0,0.0,2940,1912,0.562286,0.82,0.0,0.0,pix
real_001_s001_2026-05-18_22-18-09-416,001,001,2,031,031.jpg,470,130.121735,1779135619.539338,7.816667,186.0,-58.0,0.0,0.0,2940,1912,0.562286,0.82,0.0,0.0,pix
real_001_s001_2026-05-18_22-18-09-416,001,001,2,031,031.jpg,471,130.138402,1779135619.556004,7.833333,186.0,-58.0,0.0,0.0,2940,1912,0.562286,0.82,0.0,0.0,pix
real_001_s001_2026-05-18_22-18-09-416,001,001,2,031,031.jpg,472,130.155069,1779135619.572671,7.85,186.0,-58.0,0.0,0.0,2940,1912,0.562286,0.82,0.0,0.0,pix
real_001_s001_2026-05-18_22-18-09-416,001,001,2,031,031.jpg,473,130.171735,1779135619.589338,7.866667,186.0,-58.0,0.0,0.0,2940,1912,0.562286,0.82,0.0,0.0,pix
real_001_s001_2026-05-18_22-18-09-416,001,001,2,031,031.jpg,474,130.188402,1779135619.606004,7.883333,186.0,-58.0,0.0,0.0,2940,1912,0.562286,0.82,0.0,0.0,pix
real_001_s001_2026-05-18_22-18-09-416,001,001,2,031,031.jpg,475,130.205069,1779135619.622671,7.9,186.0,-58.0,0.0,0.0,2940,1912,0.562286,0.82,0.0,0.0,pix
real_001_s001_2026-05-18_22-18-09-416,001,001,2,031,031.jpg,476,130.221735,1779135619.639338,7.916667,186.0,-58.0,0.0,0.0,2940,1912,0.562286,0.82,0.0,0.0,pix
real_001_s001_2026-05-18_22-18-09-416,001,001,2,031,031.jpg,477,130.238402,1779135619.656004,7.933333,186.0,-58.0,0.0,0.0,2940,1912,0.562286,0.82,0.0,0.0,pix
real_001_s001_2026-05-18_22-18-09-416,001,001,2,031,031.jpg,478,130.255069,1779135619.672671,7.95,186.0,-58.0,0.0,0.0,2940,1912,0.562286,0.82,0.0,0.0,pix
real_001_s001_2026-05-18_22-18-09-416,001,001,2,031,031.jpg,479,130.271735,1779135619.689338,7.966667,186.0,-58.0,0.0,0.0,2940,1912,0.562286,0.82,0.0,0.0,pix
real_001_s001_2026-05-18_22-18-09-416,001,001,2,031,031.jpg,480,130.288402,1779135619.706004,7.983333,186.0,-58.0,0.0,0.0,2940,1912,0.562286,0.82,0.0,0.0,pix
real_001_s001_2026-05-18_22-18-09-416,001,001,2,031,031.jpg,481,130.305069,1779135619.722671,8.0,186.0,-58.0,0.0,0.0,2940,1912,0.562286,0.82,0.0,0.0,pix
real_001_s001_2026-05-18_22-18-09-416,001,001,2,031,031.jpg,482,130.321735,1779135619.739338,8.016667,186.0,-58.0,0.0,0.0,2940,1912,0.562286,0.82,0.0,0.0,pix
real_001_s001_2026-05-18_22-18-09-416,001,001,2,031,031.jpg,483,130.338402,1779135619.756004,8.033333,186.0,-58.0,0.0,0.0,2940,1912,0.562286,0.82,0.0,0.0,pix
real_001_s001_2026-05-18_22-18-09-416,001,001,2,031,031.jpg,484,130.355069,1779135619.772671,8.05,186.0,-58.0,0.0,0.0,2940,1912,0.562286,0.82,0.0,0.0,pix
real_001_s001_2026-05-18_22-18-09-416,001,001,2,031,031.jpg,485,130.371735,1779135619.789338,8.066667,186.0,-58.0,0.0,0.0,2940,1912,0.562286,0.82,0.0,0.0,pix
real_001_s001_2026-05-18_22-18-09-416,001,001,2,031,031.jpg,486,130.388402,1779135619.806004,8.083333,186.0,-58.0,0.0,0.0,2940,1912,0.562286,0.82,0.0,0.0,pix
real_001_s001_2026-05-18_22-18-09-416,001,001,2,031,031.jpg,487,130.405069,1779135619.822671,8.1,186.0,-58.0,0.0,0.0,2940,1912,0.562286,0.82,0.0,0.0,pix
real_001_s001_2026-05-18_22-18-09-416,001,001,2,031,031.jpg,488,130.421735,1779135619.839338,8.116667,186.0,-58.0,0.0,0.0,2940,1912,0.562286,0.82,0.0,0.0,pix
real_001_s001_2026-05-18_22-18-09-416,001,001,2,031,031.jpg,489,130.438402,1779135619.856004,8.133333,186.0,-58.0,0.0,0.0,2940,1912,0.562286,0.82,0.0,0.0,pix
real_001_s001_2026-05-18_22-18-09-416,001,001,2,031,031.jpg,490,130.455069,1779135619.872671,8.15,186.0,-58.0,0.0,0.0,2940,1912,0.562286,0.82,0.0,0.0,pix
real_001_s001_2026-05-18_22-18-09-416,001,001,2,031,031.jpg,491,130.471735,1779135619.889338,8.166667,186.0,-58.0,0.0,0.0,2940,1912,0.562286,0.82,0.0,0.0,pix
real_001_s001_2026-05-18_22-18-09-416,001,001,2,031,031.jpg,492,130.488402,1779135619.906004,8.183333,186.0,-58.0,0.0,0.0,2940,1912,0.562286,0.82,0.0,0.0,pix
real_001_s001_2026-05-18_22-18-09-416,001,001,2,031,031.jpg,493,130.505069,1779135619.922671,8.2,186.0,-58.0,0.0,0.0,2940,1912,0.562286,0.82,0.0,0.0,pix
real_001_s001_2026-05-18_22-18-09-416,001,001,2,031,031.jpg,494,130.521735,1779135619.939338,8.216667,186.0,-58.0,0.0,0.0,2940,1912,0.562286,0.82,0.0,0.0,pix
real_001_s001_2026-05-18_22-18-09-416,001,001,2,031,031.jpg,495,130.538402,1779135619.956004,8.233333,186.0,-58.0,0.0,0.0,2940,1912,0.562286,0.82,0.0,0.0,pix
real_001_s001_2026-05-18_22-18-09-416,001,001,2,031,031.jpg,496,130.555069,1779135619.972671,8.25,186.0,-58.0,0.0,0.0,2940,1912,0.562286,0.82,0.0,0.0,pix
real_001_s001_2026-05-18_22-18-09-416,001,001,2,031,031.jpg,497,130.571735,1779135619.989338,8.266667,186.0,-58.0,0.0,0.0,2940,1912,0.562286,0.82,0.0,0.0,pix
real_001_s001_2026-05-18_22-18-09-416,001,001,2,031,031.jpg,498,130.588402,1779135620.006004,8.283333,186.0,-58.0,0.0,0.0,2940,1912,0.562286,0.82,0.0,0.0,pix
real_001_s001_2026-05-18_22-18-09-416,001,001,2,031,031.jpg,499,130.605069,1779135620.022671,8.3,186.0,-58.0,0.0,0.0,2940,1912,0.562286,0.82,0.0,0.0,pix
real_001_s001_2026-05-18_22-18-09-416,001,001,2,031,031.jpg,500,130.621735,1779135620.039338,8.316667,186.0,-58.0,0.0,0.0,2940,1912,0.562286,0.82,0.0,0.0,pix
real_001_s001_2026-05-18_22-18-09-416,001,001,2,031,031.jpg,501,130.638402,1779135620.056004,8.333333,186.0,-58.0,0.0,0.0,2940,1912,0.562286,0.82,0.0,0.0,pix
real_001_s001_2026-05-18_22-18-09-416,001,001,2,031,031.jpg,502,130.655069,1779135620.072671,8.35,186.0,-58.0,0.0,0.0,2940,1912,0.562286,0.82,0.0,0.0,pix
real_001_s001_2026-05-18_22-18-09-416,001,001,2,031,031.jpg,503,130.671735,1779135620.089338,8.366667,186.0,-58.0,0.0,0.0,2940,1912,0.562286,0.82,0.0,0.0,pix
real_001_s001_2026-05-18_22-18-09-416,001,001,2,031,031.jpg,504,130.688402,1779135620.106004,8.383333,186.0,-58.0,0.0,0.0,2940,1912,0.562286,0.82,0.0,0.0,pix
real_001_s001_2026-05-18_22-18-09-416,001,001,2,031,031.jpg,505,130.705069,1779135620.122671,8.4,186.0,-58.0,0.0,0.0,2940,1912,0.562286,0.82,0.0,0.0,pix
real_001_s001_2026-05-18_22-18-09-416,001,001,2,031,031.jpg,506,130.721735,1779135620.139338,8.416667,186.0,-58.0,0.0,0.0,2940,1912,0.562286,0.82,0.0,0.0,pix
real_001_s001_2026-05-18_22-18-09-416,001,001,2,031,031.jpg,507,130.738402,1779135620.156004,8.433333,186.0,-58.0,0.0,0.0,2940,1912,0.562286,0.82,0.0,0.0,pix
real_001_s001_2026-05-18_22-18-09-416,001,001,2,031,031.jpg,508,130.755069,1779135620.172671,8.45,186.0,-58.0,0.0,0.0,2940,1912,0.562286,0.82,0.0,0.0,pix
real_001_s001_2026-05-18_22-18-09-416,001,001,2,031,031.jpg,509,130.771735,1779135620.189338,8.466667,186.0,-58.0,0.0,0.0,2940,1912,0.562286,0.82,0.0,0.0,pix
real_001_s001_2026-05-18_22-18-09-416,001,001,2,031,031.jpg,510,130.788402,1779135620.206004,8.483333,186.0,-58.0,0.0,0.0,2940,1912,0.562286,0.82,0.0,0.0,pix
real_001_s001_2026-05-18_22-18-09-416,001,001,2,031,031.jpg,511,130.805069,1779135620.222671,8.5,186.0,-58.0,0.0,0.0,2940,1912,0.562286,0.82,0.0,0.0,pix
real_001_s001_2026-05-18_22-18-09-416,001,001,2,031,031.jpg,512,130.821735,1779135620.239338,8.516667,186.0,-58.0,0.0,0.0,2940,1912,0.562286,0.82,0.0,0.0,pix
real_001_s001_2026-05-18_22-18-09-416,001,001,2,031,031.jpg,513,130.838402,1779135620.256004,8.533333,186.0,-58.0,0.0,0.0,2940,1912,0.562286,0.82,0.0,0.0,pix
real_001_s001_2026-05-18_22-18-09-416,001,001,2,031,031.jpg,514,130.855069,1779135620.272671,8.55,186.0,-58.0,0.0,0.0,2940,1912,0.562286,0.82,0.0,0.0,pix
real_001_s001_2026-05-18_22-18-09-416,001,001,2,031,031.jpg,515,130.871735,1779135620.289338,8.566667,186.0,-58.0,0.0,0.0,2940,1912,0.562286,0.82,0.0,0.0,pix
real_001_s001_2026-05-18_22-18-09-416,001,001,2,031,031.jpg,516,130.888402,1779135620.306004,8.583333,186.0,-58.0,0.0,0.0,2940,1912,0.562286,0.82,0.0,0.0,pix
real_001_s001_2026-05-18_22-18-09-416,001,001,2,031,031.jpg,517,130.905069,1779135620.322671,8.6,186.0,-58.0,0.0,0.0,2940,1912,0.562286,0.82,0.0,0.0,pix
real_001_s001_2026-05-18_22-18-09-416,001,001,2,031,031.jpg,518,130.921735,1779135620.339338,8.616667,186.0,-58.0,0.0,0.0,2940,1912,0.562286,0.82,0.0,0.0,pix
real_001_s001_2026-05-18_22-18-09-416,001,001,2,031,031.jpg,519,130.938402,1779135620.356004,8.633333,186.0,-58.0,0.0,0.0,2940,1912,0.562286,0.82,0.0,0.0,pix
real_001_s001_2026-05-18_22-18-09-416,001,001,2,031,031.jpg,520,130.955069,1779135620.372671,8.65,186.0,-58.0,0.0,0.0,2940,1912,0.562286,0.82,0.0,0.0,pix
real_001_s001_2026-05-18_22-18-09-416,001,001,2,031,031.jpg,521,130.971735,1779135620.389338,8.666667,186.0,-58.0,0.0,0.0,2940,1912,0.562286,0.82,0.0,0.0,pix
real_001_s001_2026-05-18_22-18-09-416,001,001,2,031,031.jpg,522,130.988402,1779135620.406004,8.683333,186.0,-58.0,0.0,0.0,2940,1912,0.562286,0.82,0.0,0.0,pix
real_001_s001_2026-05-18_22-18-09-416,001,001,2,031,031.jpg,523,131.005069,1779135620.422671,8.7,186.0,-58.0,0.0,0.0,2940,1912,0.562286,0.82,0.0,0.0,pix
real_001_s001_2026-05-18_22-18-09-416,001,001,2,031,031.jpg,524,131.021735,1779135620.439338,8.716667,186.0,-58.0,0.0,0.0,2940,1912,0.562286,0.82,0.0,0.0,pix
real_001_s001_2026-05-18_22-18-09-416,001,001,2,031,031.jpg,525,131.038402,1779135620.456004,8.733333,186.0,-58.0,0.0,0.0,2940,1912,0.562286,0.82,0.0,0.0,pix
real_001_s001_2026-05-18_22-18-09-416,001,001,2,031,031.jpg,526,131.055069,1779135620.472671,8.75,186.0,-58.0,0.0,0.0,2940,1912,0.562286,0.82,0.0,0.0,pix
real_001_s001_2026-05-18_22-18-09-416,001,001,2,031,031.jpg,527,131.071735,1779135620.489338,8.766667,186.0,-58.0,0.0,0.0,2940,1912,0.562286,0.82,0.0,0.0,pix
real_001_s001_2026-05-18_22-18-09-416,001,001,2,031,031.jpg,528,131.088402,1779135620.506004,8.783333,186.0,-58.0,0.0,0.0,2940,1912,0.562286,0.82,0.0,0.0,pix
real_001_s001_2026-05-18_22-18-09-416,001,001,2,031,031.jpg,529,131.105069,1779135620.522671,8.8,186.0,-58.0,0.0,0.0,2940,1912,0.562286,0.82,0.0,0.0,pix
real_001_s001_2026-05-18_22-18-09-416,001,001,2,031,031.jpg,530,131.121735,1779135620.539338,8.816667,186.0,-58.0,0.0,0.0,2940,1912,0.562286,0.82,0.0,0.0,pix
real_001_s001_2026-05-18_22-18-09-416,001,001,2,031,031.jpg,531,131.138402,1779135620.556004,8.833333,186.0,-58.0,0.0,0.0,2940,1912,0.562286,0.82,0.0,0.0,pix
real_001_s001_2026-05-18_22-18-09-416,001,001,2,031,031.jpg,532,131.155069,1779135620.572671,8.85,186.0,-58.0,0.0,0.0,2940,1912,0.562286,0.82,0.0,0.0,pix
real_001_s001_2026-05-18_22-18-09-416,001,001,2,031,031.jpg,533,131.171735,1779135620.589338,8.866667,186.0,-58.0,0.0,0.0,2940,1912,0.562286,0.82,0.0,0.0,pix
real_001_s001_2026-05-18_22-18-09-416,001,001,2,031,031.jpg,534,131.188402,1779135620.606004,8.883333,186.0,-58.0,0.0,0.0,2940,1912,0.562286,0.82,0.0,0.0,pix
real_001_s001_2026-05-18_22-18-09-416,001,001,2,031,031.jpg,535,131.205069,1779135620.622671,8.9,186.0,-58.0,0.0,0.0,2940,1912,0.562286,0.82,0.0,0.0,pix
real_001_s001_2026-05-18_22-18-09-416,001,001,2,031,031.jpg,536,131.221735,1779135620.639338,8.916667,186.0,-58.0,0.0,0.0,2940,1912,0.562286,0.82,0.0,0.0,pix
real_001_s001_2026-05-18_22-18-09-416,001,001,2,031,031.jpg,537,131.238402,1779135620.656004,8.933333,186.0,-58.0,0.0,0.0,2940,1912,0.562286,0.82,0.0,0.0,pix
real_001_s001_2026-05-18_22-18-09-416,001,001,2,031,031.jpg,538,131.255069,1779135620.672671,8.95,186.0,-58.0,0.0,0.0,2940,1912,0.562286,0.82,0.0,0.0,pix
real_001_s001_2026-05-18_22-18-09-416,001,001,2,031,031.jpg,539,131.271735,1779135620.689338,8.966667,186.0,-58.0,0.0,0.0,2940,1912,0.562286,0.82,0.0,0.0,pix
real_001_s001_2026-05-18_22-18-09-416,001,001,2,031,031.jpg,540,131.288402,1779135620.706004,8.983333,186.0,-58.0,0.0,0.0,2940,1912,0.562286,0.82,0.0,0.0,pix
real_001_s001_2026-05-18_22-18-09-416,001,001,2,031,031.jpg,541,131.305069,1779135620.722671,9.0,186.0,-58.0,0.0,0.0,2940,1912,0.562286,0.82,0.0,0.0,pix
real_001_s001_2026-05-18_22-18-09-416,001,001,2,031,031.jpg,542,131.321735,1779135620.739338,9.016667,186.0,-58.0,0.0,0.0,2940,1912,0.562286,0.82,0.0,0.0,pix
real_001_s001_2026-05-18_22-18-09-416,001,001,2,031,031.jpg,543,131.338402,1779135620.756004,9.033333,186.0,-58.0,0.0,0.0,2940,1912,0.562286,0.82,0.0,0.0,pix
real_001_s001_2026-05-18_22-18-09-416,001,001,2,031,031.jpg,544,131.355069,1779135620.772671,9.05,186.0,-58.0,0.0,0.0,2940,1912,0.562286,0.82,0.0,0.0,pix
real_001_s001_2026-05-18_22-18-09-416,001,001,2,031,031.jpg,545,131.371735,1779135620.789338,9.066667,186.0,-58.0,0.0,0.0,2940,1912,0.562286,0.82,0.0,0.0,pix
real_001_s001_2026-05-18_22-18-09-416,001,001,2,031,031.jpg,546,131.388402,1779135620.806004,9.083333,186.0,-58.0,0.0,0.0,2940,1912,0.562286,0.82,0.0,0.0,pix
real_001_s001_2026-05-18_22-18-09-416,001,001,2,031,031.jpg,547,131.405069,1779135620.822671,9.1,186.0,-58.0,0.0,0.0,2940,1912,0.562286,0.82,0.0,0.0,pix
real_001_s001_2026-05-18_22-18-09-416,001,001,2,031,031.jpg,548,131.421735,1779135620.839338,9.116667,186.0,-58.0,0.0,0.0,2940,1912,0.562286,0.82,0.0,0.0,pix
real_001_s001_2026-05-18_22-18-09-416,001,001,2,031,031.jpg,549,131.438402,1779135620.856004,9.133333,186.0,-58.0,0.0,0.0,2940,1912,0.562286,0.82,0.0,0.0,pix
real_001_s001_2026-05-18_22-18-09-416,001,001,2,031,031.jpg,550,131.455069,1779135620.872671,9.15,186.0,-58.0,0.0,0.0,2940,1912,0.562286,0.82,0.0,0.0,pix
real_001_s001_2026-05-18_22-18-09-416,001,001,2,031,031.jpg,551,131.471735,1779135620.889338,9.166667,186.0,-58.0,0.0,0.0,2940,1912,0.562286,0.82,0.0,0.0,pix
real_001_s001_2026-05-18_22-18-09-416,001,001,2,031,031.jpg,552,131.488402,1779135620.906004,9.183333,186.0,-58.0,0.0,0.0,2940,1912,0.562286,0.82,0.0,0.0,pix
real_001_s001_2026-05-18_22-18-09-416,001,001,2,031,031.jpg,553,131.505069,1779135620.922671,9.2,186.0,-58.0,0.0,0.0,2940,1912,0.562286,0.82,0.0,0.0,pix
real_001_s001_2026-05-18_22-18-09-416,001,001,2,031,031.jpg,554,131.521735,1779135620.939338,9.216667,186.0,-58.0,0.0,0.0,2940,1912,0.562286,0.82,0.0,0.0,pix
real_001_s001_2026-05-18_22-18-09-416,001,001,2,031,031.jpg,555,131.538402,1779135620.956004,9.233333,186.0,-58.0,0.0,0.0,2940,1912,0.562286,0.82,0.0,0.0,pix
real_001_s001_2026-05-18_22-18-09-416,001,001,2,031,031.jpg,556,131.555069,1779135620.972671,9.25,186.0,-58.0,0.0,0.0,2940,1912,0.562286,0.82,0.0,0.0,pix
real_001_s001_2026-05-18_22-18-09-416,001,001,2,031,031.jpg,557,131.571735,1779135620.989338,9.266667,186.0,-58.0,0.0,0.0,2940,1912,0.562286,0.82,0.0,0.0,pix
real_001_s001_2026-05-18_22-18-09-416,001,001,2,031,031.jpg,558,131.588402,1779135621.006004,9.283333,186.0,-58.0,0.0,0.0,2940,1912,0.562286,0.82,0.0,0.0,pix
real_001_s001_2026-05-18_22-18-09-416,001,001,2,031,031.jpg,559,131.605069,1779135621.022671,9.3,186.0,-58.0,0.0,0.0,2940,1912,0.562286,0.82,0.0,0.0,pix
real_001_s001_2026-05-18_22-18-09-416,001,001,2,031,031.jpg,560,131.621735,1779135621.039338,9.316667,186.0,-58.0,0.0,0.0,2940,1912,0.562286,0.82,0.0,0.0,pix
real_001_s001_2026-05-18_22-18-09-416,001,001,2,031,031.jpg,561,131.638402,1779135621.056004,9.333333,186.0,-58.0,0.0,0.0,2940,1912,0.562286,0.82,0.0,0.0,pix
real_001_s001_2026-05-18_22-18-09-416,001,001,2,031,031.jpg,562,131.655069,1779135621.072671,9.35,186.0,-58.0,0.0,0.0,2940,1912,0.562286,0.82,0.0,0.0,pix
real_001_s001_2026-05-18_22-18-09-416,001,001,2,031,031.jpg,563,131.671735,1779135621.089338,9.366667,186.0,-58.0,0.0,0.0,2940,1912,0.562286,0.82,0.0,0.0,pix
real_001_s001_2026-05-18_22-18-09-416,001,001,2,031,031.jpg,564,131.688402,1779135621.106004,9.383333,186.0,-58.0,0.0,0.0,2940,1912,0.562286,0.82,0.0,0.0,pix
real_001_s001_2026-05-18_22-18-09-416,001,001,2,031,031.jpg,565,131.705069,1779135621.122671,9.4,186.0,-58.0,0.0,0.0,2940,1912,0.562286,0.82,0.0,0.0,pix
real_001_s001_2026-05-18_22-18-09-416,001,001,2,031,031.jpg,566,131.721735,1779135621.139338,9.416667,186.0,-58.0,0.0,0.0,2940,1912,0.562286,0.82,0.0,0.0,pix
real_001_s001_2026-05-18_22-18-09-416,001,001,2,031,031.jpg,567,131.738402,1779135621.156004,9.433333,186.0,-58.0,0.0,0.0,2940,1912,0.562286,0.82,0.0,0.0,pix
real_001_s001_2026-05-18_22-18-09-416,001,001,2,031,031.jpg,568,131.755069,1779135621.172671,9.45,186.0,-58.0,0.0,0.0,2940,1912,0.562286,0.82,0.0,0.0,pix
real_001_s001_2026-05-18_22-18-09-416,001,001,2,031,031.jpg,569,131.771735,1779135621.189338,9.466667,186.0,-58.0,0.0,0.0,2940,1912,0.562286,0.82,0.0,0.0,pix
real_001_s001_2026-05-18_22-18-09-416,001,001,2,031,031.jpg,570,131.788402,1779135621.206004,9.483333,186.0,-58.0,0.0,0.0,2940,1912,0.562286,0.82,0.0,0.0,pix
real_001_s001_2026-05-18_22-18-09-416,001,001,2,031,031.jpg,571,131.805069,1779135621.222671,9.5,186.0,-58.0,0.0,0.0,2940,1912,0.562286,0.82,0.0,0.0,pix
real_001_s001_2026-05-18_22-18-09-416,001,001,2,031,031.jpg,572,131.821735,1779135621.239338,9.516667,186.0,-58.0,0.0,0.0,2940,1912,0.562286,0.82,0.0,0.0,pix
real_001_s001_2026-05-18_22-18-09-416,001,001,2,031,031.jpg,573,131.838402,1779135621.256004,9.533333,186.0,-58.0,0.0,0.0,2940,1912,0.562286,0.82,0.0,0.0,pix
real_001_s001_2026-05-18_22-18-09-416,001,001,2,031,031.jpg,574,131.855069,1779135621.272671,9.55,186.0,-58.0,0.0,0.0,2940,1912,0.562286,0.82,0.0,0.0,pix
real_001_s001_2026-05-18_22-18-09-416,001,001,2,031,031.jpg,575,131.871735,1779135621.289338,9.566667,186.0,-58.0,0.0,0.0,2940,1912,0.562286,0.82,0.0,0.0,pix
real_001_s001_2026-05-18_22-18-09-416,001,001,2,031,031.jpg,576,131.888402,1779135621.306004,9.583333,186.0,-58.0,0.0,0.0,2940,1912,0.562286,0.82,0.0,0.0,pix
real_001_s001_2026-05-18_22-18-09-416,001,001,2,031,031.jpg,577,131.905069,1779135621.322671,9.6,186.0,-58.0,0.0,0.0,2940,1912,0.562286,0.82,0.0,0.0,pix
real_001_s001_2026-05-18_22-18-09-416,001,001,2,031,031.jpg,578,131.921735,1779135621.339338,9.616667,186.0,-58.0,0.0,0.0,2940,1912,0.562286,0.82,0.0,0.0,pix
real_001_s001_2026-05-18_22-18-09-416,001,001,2,031,031.jpg,579,131.938402,1779135621.356004,9.633333,186.0,-58.0,0.0,0.0,2940,1912,0.562286,0.82,0.0,0.0,pix
real_001_s001_2026-05-18_22-18-09-416,001,001,2,031,031.jpg,580,131.955069,1779135621.372671,9.65,186.0,-58.0,0.0,0.0,2940,1912,0.562286,0.82,0.0,0.0,pix
real_001_s001_2026-05-18_22-18-09-416,001,001,2,031,031.jpg,581,131.971735,1779135621.389338,9.666667,186.0,-58.0,0.0,0.0,2940,1912,0.562286,0.82,0.0,0.0,pix
real_001_s001_2026-05-18_22-18-09-416,001,001,2,031,031.jpg,582,131.988402,1779135621.406004,9.683333,186.0,-58.0,0.0,0.0,2940,1912,0.562286,0.82,0.0,0.0,pix
real_001_s001_2026-05-18_22-18-09-416,001,001,2,031,031.jpg,583,132.005069,1779135621.422671,9.7,186.0,-58.0,0.0,0.0,2940,1912,0.562286,0.82,0.0,0.0,pix
real_001_s001_2026-05-18_22-18-09-416,001,001,2,031,031.jpg,584,132.021735,1779135621.439338,9.716667,186.0,-58.0,0.0,0.0,2940,1912,0.562286,0.82,0.0,0.0,pix
real_001_s001_2026-05-18_22-18-09-416,001,001,2,031,031.jpg,585,132.038402,1779135621.456004,9.733333,186.0,-58.0,0.0,0.0,2940,1912,0.562286,0.82,0.0,0.0,pix
real_001_s001_2026-05-18_22-18-09-416,001,001,2,031,031.jpg,586,132.055069,1779135621.472671,9.75,186.0,-58.0,0.0,0.0,2940,1912,0.562286,0.82,0.0,0.0,pix
real_001_s001_2026-05-18_22-18-09-416,001,001,2,031,031.jpg,587,132.071735,1779135621.489338,9.766667,186.0,-58.0,0.0,0.0,2940,1912,0.562286,0.82,0.0,0.0,pix
real_001_s001_2026-05-18_22-18-09-416,001,001,2,031,031.jpg,588,132.088402,1779135621.506004,9.783333,186.0,-58.0,0.0,0.0,2940,1912,0.562286,0.82,0.0,0.0,pix
real_001_s001_2026-05-18_22-18-09-416,001,001,2,031,031.jpg,589,132.105069,1779135621.522671,9.8,186.0,-58.0,0.0,0.0,2940,1912,0.562286,0.82,0.0,0.0,pix
real_001_s001_2026-05-18_22-18-09-416,001,001,2,031,031.jpg,590,132.121735,1779135621.539338,9.816667,186.0,-58.0,0.0,0.0,2940,1912,0.562286,0.82,0.0,0.0,pix
real_001_s001_2026-05-18_22-18-09-416,001,001,2,031,031.jpg,591,132.138402,1779135621.556004,9.833333,186.0,-58.0,0.0,0.0,2940,1912,0.562286,0.82,0.0,0.0,pix
real_001_s001_2026-05-18_22-18-09-416,001,001,2,031,031.jpg,592,132.155069,1779135621.572671,9.85,186.0,-58.0,0.0,0.0,2940,1912,0.562286,0.82,0.0,0.0,pix
real_001_s001_2026-05-18_22-18-09-416,001,001,2,031,031.jpg,593,132.171735,1779135621.589338,9.866667,186.0,-58.0,0.0,0.0,2940,1912,0.562286,0.82,0.0,0.0,pix
real_001_s001_2026-05-18_22-18-09-416,001,001,2,031,031.jpg,594,132.188402,1779135621.606004,9.883333,186.0,-58.0,0.0,0.0,2940,1912,0.562286,0.82,0.0,0.0,pix
real_001_s001_2026-05-18_22-18-09-416,001,001,2,031,031.jpg,595,132.205069,1779135621.622671,9.9,186.0,-58.0,0.0,0.0,2940,1912,0.562286,0.82,0.0,0.0,pix
real_001_s001_2026-05-18_22-18-09-416,001,001,2,031,031.jpg,596,132.221735,1779135621.639338,9.916667,186.0,-58.0,0.0,0.0,2940,1912,0.562286,0.82,0.0,0.0,pix
real_001_s001_2026-05-18_22-18-09-416,001,001,3,044,044.jpg,1,146.088261,1779135635.505857,0.0,186.0,-58.0,0.0,0.0,2940,1912,1.076018,0.82,0.0,0.0,pix
real_001_s001_2026-05-18_22-18-09-416,001,001,3,044,044.jpg,2,146.104928,1779135635.522524,0.016667,186.0,-58.0,0.0,0.0,2940,1912,1.076018,0.82,0.0,0.0,pix
real_001_s001_2026-05-18_22-18-09-416,001,001,3,044,044.jpg,3,146.121594,1779135635.53919,0.033333,186.0,-58.0,0.0,0.0,2940,1912,1.076018,0.82,0.0,0.0,pix
real_001_s001_2026-05-18_22-18-09-416,001,001,3,044,044.jpg,4,146.138261,1779135635.555857,0.05,186.0,-58.0,0.0,0.0,2940,1912,1.076018,0.82,0.0,0.0,pix
real_001_s001_2026-05-18_22-18-09-416,001,001,3,044,044.jpg,5,146.154928,1779135635.572524,0.066667,186.0,-58.0,0.0,0.0,2940,1912,1.076018,0.82,0.0,0.0,pix
real_001_s001_2026-05-18_22-18-09-416,001,001,3,044,044.jpg,6,146.171594,1779135635.58919,0.083333,186.0,-58.0,0.0,0.0,2940,1912,1.076018,0.82,0.0,0.0,pix
real_001_s001_2026-05-18_22-18-09-416,001,001,3,044,044.jpg,7,146.188261,1779135635.605857,0.1,186.0,-58.0,0.0,0.0,2940,1912,1.076018,0.82,0.0,0.0,pix
real_001_s001_2026-05-18_22-18-09-416,001,001,3,044,044.jpg,8,146.204928,1779135635.622524,0.116667,186.0,-58.0,0.0,0.0,2940,1912,1.076018,0.82,0.0,0.0,pix
real_001_s001_2026-05-18_22-18-09-416,001,001,3,044,044.jpg,9,146.221594,1779135635.63919,0.133333,186.0,-58.0,0.0,0.0,2940,1912,1.076018,0.82,0.0,0.0,pix
real_001_s001_2026-05-18_22-18-09-416,001,001,3,044,044.jpg,10,146.238261,1779135635.655857,0.15,186.0,-58.0,0.0,0.0,2940,1912,1.076018,0.82,0.0,0.0,pix
real_001_s001_2026-05-18_22-18-09-416,001,001,3,044,044.jpg,11,146.254928,1779135635.672524,0.166667,186.0,-58.0,0.0,0.0,2940,1912,1.076018,0.82,0.0,0.0,pix
real_001_s001_2026-05-18_22-18-09-416,001,001,3,044,044.jpg,12,146.271594,1779135635.68919,0.183333,186.0,-58.0,0.0,0.0,2940,1912,1.076018,0.82,0.0,0.0,pix
real_001_s001_2026-05-18_22-18-09-416,001,001,3,044,044.jpg,13,146.288261,1779135635.705857,0.2,186.0,-58.0,0.0,0.0,2940,1912,1.076018,0.82,0.0,0.0,pix
real_001_s001_2026-05-18_22-18-09-416,001,001,3,044,044.jpg,14,146.304928,1779135635.722524,0.216667,186.0,-58.0,0.0,0.0,2940,1912,1.076018,0.82,0.0,0.0,pix
real_001_s001_2026-05-18_22-18-09-416,001,001,3,044,044.jpg,15,146.321594,1779135635.73919,0.233333,186.0,-58.0,0.0,0.0,2940,1912,1.076018,0.82,0.0,0.0,pix
real_001_s001_2026-05-18_22-18-09-416,001,001,3,044,044.jpg,16,146.338261,1779135635.755857,0.25,186.0,-58.0,0.0,0.0,2940,1912,1.076018,0.82,0.0,0.0,pix
real_001_s001_2026-05-18_22-18-09-416,001,001,3,044,044.jpg,17,146.354928,1779135635.772524,0.266667,186.0,-58.0,0.0,0.0,2940,1912,1.076018,0.82,0.0,0.0,pix
real_001_s001_2026-05-18_22-18-09-416,001,001,3,044,044.jpg,18,146.371594,1779135635.78919,0.283333,186.0,-58.0,0.0,0.0,2940,1912,1.076018,0.82,0.0,0.0,pix
real_001_s001_2026-05-18_22-18-09-416,001,001,3,044,044.jpg,19,146.388261,1779135635.805857,0.3,186.0,-58.0,0.0,0.0,2940,1912,1.076018,0.82,0.0,0.0,pix
real_001_s001_2026-05-18_22-18-09-416,001,001,3,044,044.jpg,20,146.404928,1779135635.822524,0.316667,186.0,-58.0,0.0,0.0,2940,1912,1.076018,0.82,0.0,0.0,pix
real_001_s001_2026-05-18_22-18-09-416,001,001,3,044,044.jpg,21,146.421594,1779135635.83919,0.333333,186.0,-58.0,0.0,0.0,2940,1912,1.076018,0.82,0.0,0.0,pix
real_001_s001_2026-05-18_22-18-09-416,001,001,3,044,044.jpg,22,146.438261,1779135635.855857,0.35,186.0,-58.0,0.0,0.0,2940,1912,1.076018,0.82,0.0,0.0,pix
real_001_s001_2026-05-18_22-18-09-416,001,001,3,044,044.jpg,23,146.454928,1779135635.872524,0.366667,186.0,-58.0,0.0,0.0,2940,1912,1.076018,0.82,0.0,0.0,pix
real_001_s001_2026-05-18_22-18-09-416,001,001,3,044,044.jpg,24,146.471594,1779135635.88919,0.383333,186.0,-58.0,0.0,0.0,2940,1912,1.076018,0.82,0.0,0.0,pix
real_001_s001_2026-05-18_22-18-09-416,001,001,3,044,044.jpg,25,146.488261,1779135635.905857,0.4,186.0,-58.0,0.0,0.0,2940,1912,1.076018,0.82,0.0,0.0,pix
real_001_s001_2026-05-18_22-18-09-416,001,001,3,044,044.jpg,26,146.504928,1779135635.922524,0.416667,186.0,-58.0,0.0,0.0,2940,1912,1.076018,0.82,0.0,0.0,pix
real_001_s001_2026-05-18_22-18-09-416,001,001,3,044,044.jpg,27,146.521594,1779135635.93919,0.433333,186.0,-58.0,0.0,0.0,2940,1912,1.076018,0.82,0.0,0.0,pix
real_001_s001_2026-05-18_22-18-09-416,001,001,3,044,044.jpg,28,146.538261,1779135635.955857,0.45,186.0,-58.0,0.0,0.0,2940,1912,1.076018,0.82,0.0,0.0,pix
real_001_s001_2026-05-18_22-18-09-416,001,001,3,044,044.jpg,29,146.554928,1779135635.972524,0.466667,186.0,-58.0,0.0,0.0,2940,1912,1.076018,0.82,0.0,0.0,pix
real_001_s001_2026-05-18_22-18-09-416,001,001,3,044,044.jpg,30,146.571594,1779135635.98919,0.483333,186.0,-58.0,0.0,0.0,2940,1912,1.076018,0.82,0.0,0.0,pix
real_001_s001_2026-05-18_22-18-09-416,001,001,3,044,044.jpg,31,146.588261,1779135636.005857,0.5,186.0,-58.0,0.0,0.0,2940,1912,1.076018,0.82,0.0,0.0,pix
real_001_s001_2026-05-18_22-18-09-416,001,001,3,044,044.jpg,32,146.604928,1779135636.022524,0.516667,186.0,-58.0,0.0,0.0,2940,1912,1.076018,0.82,0.0,0.0,pix
real_001_s001_2026-05-18_22-18-09-416,001,001,3,044,044.jpg,33,146.621594,1779135636.03919,0.533333,186.0,-58.0,0.0,0.0,2940,1912,1.076018,0.82,0.0,0.0,pix
real_001_s001_2026-05-18_22-18-09-416,001,001,3,044,044.jpg,34,146.638261,1779135636.055857,0.55,186.0,-58.0,0.0,0.0,2940,1912,1.076018,0.82,0.0,0.0,pix
real_001_s001_2026-05-18_22-18-09-416,001,001,3,044,044.jpg,35,146.654928,1779135636.072524,0.566667,186.0,-58.0,0.0,0.0,2940,1912,1.076018,0.82,0.0,0.0,pix
real_001_s001_2026-05-18_22-18-09-416,001,001,3,044,044.jpg,36,146.671594,1779135636.08919,0.583333,186.0,-58.0,0.0,0.0,2940,1912,1.076018,0.82,0.0,0.0,pix
real_001_s001_2026-05-18_22-18-09-416,001,001,3,044,044.jpg,37,146.688261,1779135636.105857,0.6,186.0,-58.0,0.0,0.0,2940,1912,1.076018,0.82,0.0,0.0,pix
real_001_s001_2026-05-18_22-18-09-416,001,001,3,044,044.jpg,38,146.704928,1779135636.122524,0.616667,186.0,-58.0,0.0,0.0,2940,1912,1.076018,0.82,0.0,0.0,pix
real_001_s001_2026-05-18_22-18-09-416,001,001,3,044,044.jpg,39,146.721594,1779135636.13919,0.633333,186.0,-58.0,0.0,0.0,2940,1912,1.076018,0.82,0.0,0.0,pix
real_001_s001_2026-05-18_22-18-09-416,001,001,3,044,044.jpg,40,146.738261,1779135636.155857,0.65,186.0,-58.0,0.0,0.0,2940,1912,1.076018,0.82,0.0,0.0,pix
real_001_s001_2026-05-18_22-18-09-416,001,001,3,044,044.jpg,41,146.754928,1779135636.172524,0.666667,186.0,-58.0,0.0,0.0,2940,1912,1.076018,0.82,0.0,0.0,pix
real_001_s001_2026-05-18_22-18-09-416,001,001,3,044,044.jpg,42,146.771594,1779135636.18919,0.683333,186.0,-58.0,0.0,0.0,2940,1912,1.076018,0.82,0.0,0.0,pix
real_001_s001_2026-05-18_22-18-09-416,001,001,3,044,044.jpg,43,146.788261,1779135636.205857,0.7,186.0,-58.0,0.0,0.0,2940,1912,1.076018,0.82,0.0,0.0,pix
real_001_s001_2026-05-18_22-18-09-416,001,001,3,044,044.jpg,44,146.804928,1779135636.222524,0.716667,186.0,-58.0,0.0,0.0,2940,1912,1.076018,0.82,0.0,0.0,pix
real_001_s001_2026-05-18_22-18-09-416,001,001,3,044,044.jpg,45,146.821594,1779135636.23919,0.733333,186.0,-58.0,0.0,0.0,2940,1912,1.076018,0.82,0.0,0.0,pix
real_001_s001_2026-05-18_22-18-09-416,001,001,3,044,044.jpg,46,146.838261,1779135636.255857,0.75,186.0,-58.0,0.0,0.0,2940,1912,1.076018,0.82,0.0,0.0,pix
real_001_s001_2026-05-18_22-18-09-416,001,001,3,044,044.jpg,47,146.854928,1779135636.272524,0.766667,186.0,-58.0,0.0,0.0,2940,1912,1.076018,0.82,0.0,0.0,pix
real_001_s001_2026-05-18_22-18-09-416,001,001,3,044,044.jpg,48,146.871594,1779135636.28919,0.783333,186.0,-58.0,0.0,0.0,2940,1912,1.076018,0.82,0.0,0.0,pix
real_001_s001_2026-05-18_22-18-09-416,001,001,3,044,044.jpg,49,146.888261,1779135636.305857,0.8,186.0,-58.0,0.0,0.0,2940,1912,1.076018,0.82,0.0,0.0,pix
real_001_s001_2026-05-18_22-18-09-416,001,001,3,044,044.jpg,50,146.904928,1779135636.322524,0.816667,186.0,-58.0,0.0,0.0,2940,1912,1.076018,0.82,0.0,0.0,pix
real_001_s001_2026-05-18_22-18-09-416,001,001,3,044,044.jpg,51,146.921594,1779135636.33919,0.833333,186.0,-58.0,0.0,0.0,2940,1912,1.076018,0.82,0.0,0.0,pix
real_001_s001_2026-05-18_22-18-09-416,001,001,3,044,044.jpg,52,146.938261,1779135636.355857,0.85,186.0,-58.0,0.0,0.0,2940,1912,1.076018,0.82,0.0,0.0,pix
real_001_s001_2026-05-18_22-18-09-416,001,001,3,044,044.jpg,53,146.954928,1779135636.372524,0.866667,186.0,-58.0,0.0,0.0,2940,1912,1.076018,0.82,0.0,0.0,pix
real_001_s001_2026-05-18_22-18-09-416,001,001,3,044,044.jpg,54,146.971594,1779135636.38919,0.883333,186.0,-58.0,0.0,0.0,2940,1912,1.076018,0.82,0.0,0.0,pix
real_001_s001_2026-05-18_22-18-09-416,001,001,3,044,044.jpg,55,146.988261,1779135636.405857,0.9,186.0,-58.0,0.0,0.0,2940,1912,1.076018,0.82,0.0,0.0,pix
real_001_s001_2026-05-18_22-18-09-416,001,001,3,044,044.jpg,56,147.004928,1779135636.422524,0.916667,186.0,-58.0,0.0,0.0,2940,1912,1.076018,0.82,0.0,0.0,pix
real_001_s001_2026-05-18_22-18-09-416,001,001,3,044,044.jpg,57,147.021594,1779135636.43919,0.933333,186.0,-58.0,0.0,0.0,2940,1912,1.076018,0.82,0.0,0.0,pix
real_001_s001_2026-05-18_22-18-09-416,001,001,3,044,044.jpg,58,147.038261,1779135636.455857,0.95,186.0,-58.0,0.0,0.0,2940,1912,1.076018,0.82,0.0,0.0,pix
real_001_s001_2026-05-18_22-18-09-416,001,001,3,044,044.jpg,59,147.054928,1779135636.472524,0.966667,186.0,-58.0,0.0,0.0,2940,1912,1.076018,0.82,0.0,0.0,pix
real_001_s001_2026-05-18_22-18-09-416,001,001,3,044,044.jpg,60,147.071594,1779135636.48919,0.983333,186.0,-58.0,0.0,0.0,2940,1912,1.076018,0.82,0.0,0.0,pix
real_001_s001_2026-05-18_22-18-09-416,001,001,3,044,044.jpg,61,147.088261,1779135636.505857,1.0,186.0,-58.0,0.0,0.0,2940,1912,1.076018,0.82,0.0,0.0,pix
real_001_s001_2026-05-18_22-18-09-416,001,001,3,044,044.jpg,62,147.104928,1779135636.522524,1.016667,186.0,-58.0,0.0,0.0,2940,1912,1.076018,0.82,0.0,0.0,pix
real_001_s001_2026-05-18_22-18-09-416,001,001,3,044,044.jpg,63,147.121594,1779135636.53919,1.033333,186.0,-58.0,0.0,0.0,2940,1912,1.076018,0.82,0.0,0.0,pix
real_001_s001_2026-05-18_22-18-09-416,001,001,3,044,044.jpg,64,147.138261,1779135636.555857,1.05,186.0,-58.0,0.0,0.0,2940,1912,1.076018,0.82,0.0,0.0,pix
real_001_s001_2026-05-18_22-18-09-416,001,001,3,044,044.jpg,65,147.154928,1779135636.572524,1.066667,186.0,-58.0,0.0,0.0,2940,1912,1.076018,0.82,0.0,0.0,pix
real_001_s001_2026-05-18_22-18-09-416,001,001,3,044,044.jpg,66,147.171594,1779135636.58919,1.083333,186.0,-58.0,0.0,0.0,2940,1912,1.076018,0.82,0.0,0.0,pix
real_001_s001_2026-05-18_22-18-09-416,001,001,3,044,044.jpg,67,147.188261,1779135636.605857,1.1,186.0,-58.0,0.0,0.0,2940,1912,1.076018,0.82,0.0,0.0,pix
real_001_s001_2026-05-18_22-18-09-416,001,001,3,044,044.jpg,68,147.204928,1779135636.622524,1.116667,186.0,-58.0,0.0,0.0,2940,1912,1.076018,0.82,0.0,0.0,pix
real_001_s001_2026-05-18_22-18-09-416,001,001,3,044,044.jpg,69,147.221594,1779135636.63919,1.133333,186.0,-58.0,0.0,0.0,2940,1912,1.076018,0.82,0.0,0.0,pix
real_001_s001_2026-05-18_22-18-09-416,001,001,3,044,044.jpg,70,147.238261,1779135636.655857,1.15,186.0,-58.0,0.0,0.0,2940,1912,1.076018,0.82,0.0,0.0,pix
real_001_s001_2026-05-18_22-18-09-416,001,001,3,044,044.jpg,71,147.254928,1779135636.672524,1.166667,186.0,-58.0,0.0,0.0,2940,1912,1.076018,0.82,0.0,0.0,pix
real_001_s001_2026-05-18_22-18-09-416,001,001,3,044,044.jpg,72,147.271594,1779135636.68919,1.183333,186.0,-58.0,0.0,0.0,2940,1912,1.076018,0.82,0.0,0.0,pix
real_001_s001_2026-05-18_22-18-09-416,001,001,3,044,044.jpg,73,147.288261,1779135636.705857,1.2,186.0,-58.0,0.0,0.0,2940,1912,1.076018,0.82,0.0,0.0,pix
real_001_s001_2026-05-18_22-18-09-416,001,001,3,044,044.jpg,74,147.304928,1779135636.722524,1.216667,186.0,-58.0,0.0,0.0,2940,1912,1.076018,0.82,0.0,0.0,pix
real_001_s001_2026-05-18_22-18-09-416,001,001,3,044,044.jpg,75,147.321594,1779135636.73919,1.233333,186.0,-58.0,0.0,0.0,2940,1912,1.076018,0.82,0.0,0.0,pix
real_001_s001_2026-05-18_22-18-09-416,001,001,3,044,044.jpg,76,147.338261,1779135636.755857,1.25,186.0,-58.0,0.0,0.0,2940,1912,1.076018,0.82,0.0,0.0,pix
real_001_s001_2026-05-18_22-18-09-416,001,001,3,044,044.jpg,77,147.354928,1779135636.772524,1.266667,186.0,-58.0,0.0,0.0,2940,1912,1.076018,0.82,0.0,0.0,pix
real_001_s001_2026-05-18_22-18-09-416,001,001,3,044,044.jpg,78,147.371594,1779135636.78919,1.283333,186.0,-58.0,0.0,0.0,2940,1912,1.076018,0.82,0.0,0.0,pix
real_001_s001_2026-05-18_22-18-09-416,001,001,3,044,044.jpg,79,147.388261,1779135636.805857,1.3,186.0,-58.0,0.0,0.0,2940,1912,1.076018,0.82,0.0,0.0,pix
real_001_s001_2026-05-18_22-18-09-416,001,001,3,044,044.jpg,80,147.404928,1779135636.822524,1.316667,186.0,-58.0,0.0,0.0,2940,1912,1.076018,0.82,0.0,0.0,pix
real_001_s001_2026-05-18_22-18-09-416,001,001,3,044,044.jpg,81,147.421594,1779135636.83919,1.333333,186.0,-58.0,0.0,0.0,2940,1912,1.076018,0.82,0.0,0.0,pix
real_001_s001_2026-05-18_22-18-09-416,001,001,3,044,044.jpg,82,147.438261,1779135636.855857,1.35,186.0,-58.0,0.0,0.0,2940,1912,1.076018,0.82,0.0,0.0,pix
real_001_s001_2026-05-18_22-18-09-416,001,001,3,044,044.jpg,83,147.454928,1779135636.872524,1.366667,186.0,-58.0,0.0,0.0,2940,1912,1.076018,0.82,0.0,0.0,pix
real_001_s001_2026-05-18_22-18-09-416,001,001,3,044,044.jpg,84,147.471594,1779135636.88919,1.383333,186.0,-58.0,0.0,0.0,2940,1912,1.076018,0.82,0.0,0.0,pix
real_001_s001_2026-05-18_22-18-09-416,001,001,3,044,044.jpg,85,147.488261,1779135636.905857,1.4,186.0,-58.0,0.0,0.0,2940,1912,1.076018,0.82,0.0,0.0,pix
real_001_s001_2026-05-18_22-18-09-416,001,001,3,044,044.jpg,86,147.504928,1779135636.922524,1.416667,186.0,-58.0,0.0,0.0,2940,1912,1.076018,0.82,0.0,0.0,pix
real_001_s001_2026-05-18_22-18-09-416,001,001,3,044,044.jpg,87,147.521594,1779135636.93919,1.433333,186.0,-58.0,0.0,0.0,2940,1912,1.076018,0.82,0.0,0.0,pix
real_001_s001_2026-05-18_22-18-09-416,001,001,3,044,044.jpg,88,147.538261,1779135636.955857,1.45,186.0,-58.0,0.0,0.0,2940,1912,1.076018,0.82,0.0,0.0,pix
real_001_s001_2026-05-18_22-18-09-416,001,001,3,044,044.jpg,89,147.554928,1779135636.972524,1.466667,186.0,-58.0,0.0,0.0,2940,1912,1.076018,0.82,0.0,0.0,pix
real_001_s001_2026-05-18_22-18-09-416,001,001,3,044,044.jpg,90,147.571594,1779135636.98919,1.483333,186.0,-58.0,0.0,0.0,2940,1912,1.076018,0.82,0.0,0.0,pix
real_001_s001_2026-05-18_22-18-09-416,001,001,3,044,044.jpg,91,147.588261,1779135637.005857,1.5,186.0,-58.0,0.0,0.0,2940,1912,1.076018,0.82,0.0,0.0,pix
real_001_s001_2026-05-18_22-18-09-416,001,001,3,044,044.jpg,92,147.604928,1779135637.022524,1.516667,186.0,-58.0,0.0,0.0,2940,1912,1.076018,0.82,0.0,0.0,pix
real_001_s001_2026-05-18_22-18-09-416,001,001,3,044,044.jpg,93,147.621594,1779135637.03919,1.533333,186.0,-58.0,0.0,0.0,2940,1912,1.076018,0.82,0.0,0.0,pix
real_001_s001_2026-05-18_22-18-09-416,001,001,3,044,044.jpg,94,147.638261,1779135637.055857,1.55,186.0,-58.0,0.0,0.0,2940,1912,1.076018,0.82,0.0,0.0,pix
real_001_s001_2026-05-18_22-18-09-416,001,001,3,044,044.jpg,95,147.654928,1779135637.072524,1.566667,186.0,-58.0,0.0,0.0,2940,1912,1.076018,0.82,0.0,0.0,pix
real_001_s001_2026-05-18_22-18-09-416,001,001,3,044,044.jpg,96,147.671594,1779135637.08919,1.583333,186.0,-58.0,0.0,0.0,2940,1912,1.076018,0.82,0.0,0.0,pix
real_001_s001_2026-05-18_22-18-09-416,001,001,3,044,044.jpg,97,147.688261,1779135637.105857,1.6,186.0,-58.0,0.0,0.0,2940,1912,1.076018,0.82,0.0,0.0,pix
real_001_s001_2026-05-18_22-18-09-416,001,001,3,044,044.jpg,98,147.704928,1779135637.122524,1.616667,186.0,-58.0,0.0,0.0,2940,1912,1.076018,0.82,0.0,0.0,pix
real_001_s001_2026-05-18_22-18-09-416,001,001,3,044,044.jpg,99,147.721594,1779135637.13919,1.633333,186.0,-58.0,0.0,0.0,2940,1912,1.076018,0.82,0.0,0.0,pix
real_001_s001_2026-05-18_22-18-09-416,001,001,3,044,044.jpg,100,147.738261,1779135637.155857,1.65,186.0,-58.0,0.0,0.0,2940,1912,1.076018,0.82,0.0,0.0,pix
real_001_s001_2026-05-18_22-18-09-416,001,001,3,044,044.jpg,101,147.754928,1779135637.172524,1.666667,186.0,-58.0,0.0,0.0,2940,1912,1.076018,0.82,0.0,0.0,pix
real_001_s001_2026-05-18_22-18-09-416,001,001,3,044,044.jpg,102,147.771594,1779135637.18919,1.683333,186.0,-58.0,0.0,0.0,2940,1912,1.076018,0.82,0.0,0.0,pix
real_001_s001_2026-05-18_22-18-09-416,001,001,3,044,044.jpg,103,147.788261,1779135637.205857,1.7,186.0,-58.0,0.0,0.0,2940,1912,1.076018,0.82,0.0,0.0,pix
real_001_s001_2026-05-18_22-18-09-416,001,001,3,044,044.jpg,104,147.804928,1779135637.222524,1.716667,186.0,-58.0,0.0,0.0,2940,1912,1.076018,0.82,0.0,0.0,pix
real_001_s001_2026-05-18_22-18-09-416,001,001,3,044,044.jpg,105,147.821594,1779135637.23919,1.733333,186.0,-58.0,0.0,0.0,2940,1912,1.076018,0.82,0.0,0.0,pix
real_001_s001_2026-05-18_22-18-09-416,001,001,3,044,044.jpg,106,147.838261,1779135637.255857,1.75,186.0,-58.0,0.0,0.0,2940,1912,1.076018,0.82,0.0,0.0,pix
real_001_s001_2026-05-18_22-18-09-416,001,001,3,044,044.jpg,107,147.854928,1779135637.272524,1.766667,186.0,-58.0,0.0,0.0,2940,1912,1.076018,0.82,0.0,0.0,pix
real_001_s001_2026-05-18_22-18-09-416,001,001,3,044,044.jpg,108,147.871594,1779135637.28919,1.783333,186.0,-58.0,0.0,0.0,2940,1912,1.076018,0.82,0.0,0.0,pix
real_001_s001_2026-05-18_22-18-09-416,001,001,3,044,044.jpg,109,147.888261,1779135637.305857,1.8,186.0,-58.0,0.0,0.0,2940,1912,1.076018,0.82,0.0,0.0,pix
real_001_s001_2026-05-18_22-18-09-416,001,001,3,044,044.jpg,110,147.904928,1779135637.322524,1.816667,186.0,-58.0,0.0,0.0,2940,1912,1.076018,0.82,0.0,0.0,pix
real_001_s001_2026-05-18_22-18-09-416,001,001,3,044,044.jpg,111,147.921594,1779135637.33919,1.833333,186.0,-58.0,0.0,0.0,2940,1912,1.076018,0.82,0.0,0.0,pix
real_001_s001_2026-05-18_22-18-09-416,001,001,3,044,044.jpg,112,147.938261,1779135637.355857,1.85,186.0,-58.0,0.0,0.0,2940,1912,1.076018,0.82,0.0,0.0,pix
real_001_s001_2026-05-18_22-18-09-416,001,001,3,044,044.jpg,113,147.954928,1779135637.372524,1.866667,186.0,-58.0,0.0,0.0,2940,1912,1.076018,0.82,0.0,0.0,pix
real_001_s001_2026-05-18_22-18-09-416,001,001,3,044,044.jpg,114,147.971594,1779135637.38919,1.883333,186.0,-58.0,0.0,0.0,2940,1912,1.076018,0.82,0.0,0.0,pix
real_001_s001_2026-05-18_22-18-09-416,001,001,3,044,044.jpg,115,147.988261,1779135637.405857,1.9,186.0,-58.0,0.0,0.0,2940,1912,1.076018,0.82,0.0,0.0,pix
real_001_s001_2026-05-18_22-18-09-416,001,001,3,044,044.jpg,116,148.004928,1779135637.422524,1.916667,186.0,-58.0,0.0,0.0,2940,1912,1.076018,0.82,0.0,0.0,pix
real_001_s001_2026-05-18_22-18-09-416,001,001,3,044,044.jpg,117,148.021594,1779135637.43919,1.933333,186.0,-58.0,0.0,0.0,2940,1912,1.076018,0.82,0.0,0.0,pix
real_001_s001_2026-05-18_22-18-09-416,001,001,3,044,044.jpg,118,148.038261,1779135637.455857,1.95,186.0,-58.0,0.0,0.0,2940,1912,1.076018,0.82,0.0,0.0,pix
real_001_s001_2026-05-18_22-18-09-416,001,001,3,044,044.jpg,119,148.054928,1779135637.472524,1.966667,186.0,-58.0,0.0,0.0,2940,1912,1.076018,0.82,0.0,0.0,pix
real_001_s001_2026-05-18_22-18-09-416,001,001,3,044,044.jpg,120,148.071594,1779135637.48919,1.983333,186.0,-58.0,0.0,0.0,2940,1912,1.076018,0.82,0.0,0.0,pix
real_001_s001_2026-05-18_22-18-09-416,001,001,3,044,044.jpg,121,148.088261,1779135637.505857,2.0,186.0,-58.0,0.0,0.0,2940,1912,1.076018,0.82,0.0,0.0,pix
real_001_s001_2026-05-18_22-18-09-416,001,001,3,044,044.jpg,122,148.104928,1779135637.522524,2.016667,186.0,-58.0,0.0,0.0,2940,1912,1.076018,0.82,0.0,0.0,pix
real_001_s001_2026-05-18_22-18-09-416,001,001,3,044,044.jpg,123,148.121594,1779135637.53919,2.033333,186.0,-58.0,0.0,0.0,2940,1912,1.076018,0.82,0.0,0.0,pix
real_001_s001_2026-05-18_22-18-09-416,001,001,3,044,044.jpg,124,148.138261,1779135637.555857,2.05,186.0,-58.0,0.0,0.0,2940,1912,1.076018,0.82,0.0,0.0,pix
real_001_s001_2026-05-18_22-18-09-416,001,001,3,044,044.jpg,125,148.154928,1779135637.572524,2.066667,186.0,-58.0,0.0,0.0,2940,1912,1.076018,0.82,0.0,0.0,pix
real_001_s001_2026-05-18_22-18-09-416,001,001,3,044,044.jpg,126,148.171594,1779135637.58919,2.083333,186.0,-58.0,0.0,0.0,2940,1912,1.076018,0.82,0.0,0.0,pix
real_001_s001_2026-05-18_22-18-09-416,001,001,3,044,044.jpg,127,148.188261,1779135637.605857,2.1,186.0,-58.0,0.0,0.0,2940,1912,1.076018,0.82,0.0,0.0,pix
real_001_s001_2026-05-18_22-18-09-416,001,001,3,044,044.jpg,128,148.204928,1779135637.622524,2.116667,186.0,-58.0,0.0,0.0,2940,1912,1.076018,0.82,0.0,0.0,pix
real_001_s001_2026-05-18_22-18-09-416,001,001,3,044,044.jpg,129,148.221594,1779135637.63919,2.133333,186.0,-58.0,0.0,0.0,2940,1912,1.076018,0.82,0.0,0.0,pix
real_001_s001_2026-05-18_22-18-09-416,001,001,3,044,044.jpg,130,148.238261,1779135637.655857,2.15,186.0,-58.0,0.0,0.0,2940,1912,1.076018,0.82,0.0,0.0,pix
real_001_s001_2026-05-18_22-18-09-416,001,001,3,044,044.jpg,131,148.254928,1779135637.672524,2.166667,186.0,-58.0,0.0,0.0,2940,1912,1.076018,0.82,0.0,0.0,pix
real_001_s001_2026-05-18_22-18-09-416,001,001,3,044,044.jpg,132,148.271594,1779135637.68919,2.183333,186.0,-58.0,0.0,0.0,2940,1912,1.076018,0.82,0.0,0.0,pix
real_001_s001_2026-05-18_22-18-09-416,001,001,3,044,044.jpg,133,148.288261,1779135637.705857,2.2,186.0,-58.0,0.0,0.0,2940,1912,1.076018,0.82,0.0,0.0,pix
real_001_s001_2026-05-18_22-18-09-416,001,001,3,044,044.jpg,134,148.304928,1779135637.722524,2.216667,186.0,-58.0,0.0,0.0,2940,1912,1.076018,0.82,0.0,0.0,pix
real_001_s001_2026-05-18_22-18-09-416,001,001,3,044,044.jpg,135,148.321594,1779135637.73919,2.233333,186.0,-58.0,0.0,0.0,2940,1912,1.076018,0.82,0.0,0.0,pix
real_001_s001_2026-05-18_22-18-09-416,001,001,3,044,044.jpg,136,148.338261,1779135637.755857,2.25,186.0,-58.0,0.0,0.0,2940,1912,1.076018,0.82,0.0,0.0,pix
real_001_s001_2026-05-18_22-18-09-416,001,001,3,044,044.jpg,137,148.354928,1779135637.772524,2.266667,186.0,-58.0,0.0,0.0,2940,1912,1.076018,0.82,0.0,0.0,pix
real_001_s001_2026-05-18_22-18-09-416,001,001,3,044,044.jpg,138,148.371594,1779135637.78919,2.283333,186.0,-58.0,0.0,0.0,2940,1912,1.076018,0.82,0.0,0.0,pix
real_001_s001_2026-05-18_22-18-09-416,001,001,3,044,044.jpg,139,148.388261,1779135637.805857,2.3,186.0,-58.0,0.0,0.0,2940,1912,1.076018,0.82,0.0,0.0,pix
real_001_s001_2026-05-18_22-18-09-416,001,001,3,044,044.jpg,140,148.404928,1779135637.822524,2.316667,186.0,-58.0,0.0,0.0,2940,1912,1.076018,0.82,0.0,0.0,pix
real_001_s001_2026-05-18_22-18-09-416,001,001,3,044,044.jpg,141,148.421594,1779135637.83919,2.333333,186.0,-58.0,0.0,0.0,2940,1912,1.076018,0.82,0.0,0.0,pix
real_001_s001_2026-05-18_22-18-09-416,001,001,3,044,044.jpg,142,148.438261,1779135637.855857,2.35,186.0,-58.0,0.0,0.0,2940,1912,1.076018,0.82,0.0,0.0,pix
real_001_s001_2026-05-18_22-18-09-416,001,001,3,044,044.jpg,143,148.454928,1779135637.872524,2.366667,186.0,-58.0,0.0,0.0,2940,1912,1.076018,0.82,0.0,0.0,pix
real_001_s001_2026-05-18_22-18-09-416,001,001,3,044,044.jpg,144,148.471594,1779135637.88919,2.383333,186.0,-58.0,0.0,0.0,2940,1912,1.076018,0.82,0.0,0.0,pix
real_001_s001_2026-05-18_22-18-09-416,001,001,3,044,044.jpg,145,148.488261,1779135637.905857,2.4,186.0,-58.0,0.0,0.0,2940,1912,1.076018,0.82,0.0,0.0,pix
real_001_s001_2026-05-18_22-18-09-416,001,001,3,044,044.jpg,146,148.504928,1779135637.922524,2.416667,186.0,-58.0,0.0,0.0,2940,1912,1.076018,0.82,0.0,0.0,pix
real_001_s001_2026-05-18_22-18-09-416,001,001,3,044,044.jpg,147,148.521594,1779135637.93919,2.433333,186.0,-58.0,0.0,0.0,2940,1912,1.076018,0.82,0.0,0.0,pix
real_001_s001_2026-05-18_22-18-09-416,001,001,3,044,044.jpg,148,148.538261,1779135637.955857,2.45,186.0,-58.0,0.0,0.0,2940,1912,1.076018,0.82,0.0,0.0,pix
real_001_s001_2026-05-18_22-18-09-416,001,001,3,044,044.jpg,149,148.554928,1779135637.972524,2.466667,186.0,-58.0,0.0,0.0,2940,1912,1.076018,0.82,0.0,0.0,pix
real_001_s001_2026-05-18_22-18-09-416,001,001,3,044,044.jpg,150,148.571594,1779135637.98919,2.483333,186.0,-58.0,0.0,0.0,2940,1912,1.076018,0.82,0.0,0.0,pix
real_001_s001_2026-05-18_22-18-09-416,001,001,3,044,044.jpg,151,148.588261,1779135638.005857,2.5,186.0,-58.0,0.0,0.0,2940,1912,1.076018,0.82,0.0,0.0,pix
real_001_s001_2026-05-18_22-18-09-416,001,001,3,044,044.jpg,152,148.604928,1779135638.022524,2.516667,186.0,-58.0,0.0,0.0,2940,1912,1.076018,0.82,0.0,0.0,pix
real_001_s001_2026-05-18_22-18-09-416,001,001,3,044,044.jpg,153,148.621594,1779135638.03919,2.533333,186.0,-58.0,0.0,0.0,2940,1912,1.076018,0.82,0.0,0.0,pix
real_001_s001_2026-05-18_22-18-09-416,001,001,3,044,044.jpg,154,148.638261,1779135638.055857,2.55,186.0,-58.0,0.0,0.0,2940,1912,1.076018,0.82,0.0,0.0,pix
real_001_s001_2026-05-18_22-18-09-416,001,001,3,044,044.jpg,155,148.654928,1779135638.072524,2.566667,186.0,-58.0,0.0,0.0,2940,1912,1.076018,0.82,0.0,0.0,pix
real_001_s001_2026-05-18_22-18-09-416,001,001,3,044,044.jpg,156,148.671594,1779135638.08919,2.583333,186.0,-58.0,0.0,0.0,2940,1912,1.076018,0.82,0.0,0.0,pix
real_001_s001_2026-05-18_22-18-09-416,001,001,3,044,044.jpg,157,148.688261,1779135638.105857,2.6,186.0,-58.0,0.0,0.0,2940,1912,1.076018,0.82,0.0,0.0,pix
real_001_s001_2026-05-18_22-18-09-416,001,001,3,044,044.jpg,158,148.704928,1779135638.122524,2.616667,186.0,-58.0,0.0,0.0,2940,1912,1.076018,0.82,0.0,0.0,pix
real_001_s001_2026-05-18_22-18-09-416,001,001,3,044,044.jpg,159,148.721594,1779135638.13919,2.633333,186.0,-58.0,0.0,0.0,2940,1912,1.076018,0.82,0.0,0.0,pix
real_001_s001_2026-05-18_22-18-09-416,001,001,3,044,044.jpg,160,148.738261,1779135638.155857,2.65,186.0,-58.0,0.0,0.0,2940,1912,1.076018,0.82,0.0,0.0,pix
real_001_s001_2026-05-18_22-18-09-416,001,001,3,044,044.jpg,161,148.754928,1779135638.172524,2.666667,186.0,-58.0,0.0,0.0,2940,1912,1.076018,0.82,0.0,0.0,pix
real_001_s001_2026-05-18_22-18-09-416,001,001,3,044,044.jpg,162,148.771594,1779135638.18919,2.683333,186.0,-58.0,0.0,0.0,2940,1912,1.076018,0.82,0.0,0.0,pix
real_001_s001_2026-05-18_22-18-09-416,001,001,3,044,044.jpg,163,148.788261,1779135638.205857,2.7,186.0,-58.0,0.0,0.0,2940,1912,1.076018,0.82,0.0,0.0,pix
real_001_s001_2026-05-18_22-18-09-416,001,001,3,044,044.jpg,164,148.804928,1779135638.222524,2.716667,186.0,-58.0,0.0,0.0,2940,1912,1.076018,0.82,0.0,0.0,pix
real_001_s001_2026-05-18_22-18-09-416,001,001,3,044,044.jpg,165,148.821594,1779135638.23919,2.733333,186.0,-58.0,0.0,0.0,2940,1912,1.076018,0.82,0.0,0.0,pix
real_001_s001_2026-05-18_22-18-09-416,001,001,3,044,044.jpg,166,148.838261,1779135638.255857,2.75,186.0,-58.0,0.0,0.0,2940,1912,1.076018,0.82,0.0,0.0,pix
real_001_s001_2026-05-18_22-18-09-416,001,001,3,044,044.jpg,167,148.854928,1779135638.272524,2.766667,186.0,-58.0,0.0,0.0,2940,1912,1.076018,0.82,0.0,0.0,pix
real_001_s001_2026-05-18_22-18-09-416,001,001,3,044,044.jpg,168,148.871594,1779135638.28919,2.783333,186.0,-58.0,0.0,0.0,2940,1912,1.076018,0.82,0.0,0.0,pix
real_001_s001_2026-05-18_22-18-09-416,001,001,3,044,044.jpg,169,148.888261,1779135638.305857,2.8,186.0,-58.0,0.0,0.0,2940,1912,1.076018,0.82,0.0,0.0,pix
real_001_s001_2026-05-18_22-18-09-416,001,001,3,044,044.jpg,170,148.904928,1779135638.322524,2.816667,186.0,-58.0,0.0,0.0,2940,1912,1.076018,0.82,0.0,0.0,pix
real_001_s001_2026-05-18_22-18-09-416,001,001,3,044,044.jpg,171,148.921594,1779135638.33919,2.833333,186.0,-58.0,0.0,0.0,2940,1912,1.076018,0.82,0.0,0.0,pix
real_001_s001_2026-05-18_22-18-09-416,001,001,3,044,044.jpg,172,148.938261,1779135638.355857,2.85,186.0,-58.0,0.0,0.0,2940,1912,1.076018,0.82,0.0,0.0,pix
real_001_s001_2026-05-18_22-18-09-416,001,001,3,044,044.jpg,173,148.954928,1779135638.372524,2.866667,186.0,-58.0,0.0,0.0,2940,1912,1.076018,0.82,0.0,0.0,pix
real_001_s001_2026-05-18_22-18-09-416,001,001,3,044,044.jpg,174,148.971594,1779135638.38919,2.883333,186.0,-58.0,0.0,0.0,2940,1912,1.076018,0.82,0.0,0.0,pix
real_001_s001_2026-05-18_22-18-09-416,001,001,3,044,044.jpg,175,148.988261,1779135638.405857,2.9,186.0,-58.0,0.0,0.0,2940,1912,1.076018,0.82,0.0,0.0,pix
real_001_s001_2026-05-18_22-18-09-416,001,001,3,044,044.jpg,176,149.004928,1779135638.422524,2.916667,186.0,-58.0,0.0,0.0,2940,1912,1.076018,0.82,0.0,0.0,pix
real_001_s001_2026-05-18_22-18-09-416,001,001,3,044,044.jpg,177,149.021594,1779135638.43919,2.933333,186.0,-58.0,0.0,0.0,2940,1912,1.076018,0.82,0.0,0.0,pix
real_001_s001_2026-05-18_22-18-09-416,001,001,3,044,044.jpg,178,149.038261,1779135638.455857,2.95,186.0,-58.0,0.0,0.0,2940,1912,1.076018,0.82,0.0,0.0,pix
real_001_s001_2026-05-18_22-18-09-416,001,001,3,044,044.jpg,179,149.054928,1779135638.472524,2.966667,186.0,-58.0,0.0,0.0,2940,1912,1.076018,0.82,0.0,0.0,pix
real_001_s001_2026-05-18_22-18-09-416,001,001,3,044,044.jpg,180,149.071594,1779135638.48919,2.983333,186.0,-58.0,0.0,0.0,2940,1912,1.076018,0.82,0.0,0.0,pix
real_001_s001_2026-05-18_22-18-09-416,001,001,3,044,044.jpg,181,149.088261,1779135638.505857,3.0,186.0,-58.0,0.0,0.0,2940,1912,1.076018,0.82,0.0,0.0,pix
real_001_s001_2026-05-18_22-18-09-416,001,001,3,044,044.jpg,182,149.104928,1779135638.522524,3.016667,186.0,-58.0,0.0,0.0,2940,1912,1.076018,0.82,0.0,0.0,pix
real_001_s001_2026-05-18_22-18-09-416,001,001,3,044,044.jpg,183,149.121594,1779135638.53919,3.033333,186.0,-58.0,0.0,0.0,2940,1912,1.076018,0.82,0.0,0.0,pix
real_001_s001_2026-05-18_22-18-09-416,001,001,3,044,044.jpg,184,149.138261,1779135638.555857,3.05,186.0,-58.0,0.0,0.0,2940,1912,1.076018,0.82,0.0,0.0,pix
real_001_s001_2026-05-18_22-18-09-416,001,001,3,044,044.jpg,185,149.154928,1779135638.572524,3.066667,186.0,-58.0,0.0,0.0,2940,1912,1.076018,0.82,0.0,0.0,pix
real_001_s001_2026-05-18_22-18-09-416,001,001,3,044,044.jpg,186,149.171594,1779135638.58919,3.083333,186.0,-58.0,0.0,0.0,2940,1912,1.076018,0.82,0.0,0.0,pix
real_001_s001_2026-05-18_22-18-09-416,001,001,3,044,044.jpg,187,149.188261,1779135638.605857,3.1,186.0,-58.0,0.0,0.0,2940,1912,1.076018,0.82,0.0,0.0,pix
real_001_s001_2026-05-18_22-18-09-416,001,001,3,044,044.jpg,188,149.204928,1779135638.622524,3.116667,186.0,-58.0,0.0,0.0,2940,1912,1.076018,0.82,0.0,0.0,pix
real_001_s001_2026-05-18_22-18-09-416,001,001,3,044,044.jpg,189,149.221594,1779135638.63919,3.133333,186.0,-58.0,0.0,0.0,2940,1912,1.076018,0.82,0.0,0.0,pix
real_001_s001_2026-05-18_22-18-09-416,001,001,3,044,044.jpg,190,149.238261,1779135638.655857,3.15,186.0,-58.0,0.0,0.0,2940,1912,1.076018,0.82,0.0,0.0,pix
real_001_s001_2026-05-18_22-18-09-416,001,001,3,044,044.jpg,191,149.254928,1779135638.672524,3.166667,186.0,-58.0,0.0,0.0,2940,1912,1.076018,0.82,0.0,0.0,pix
real_001_s001_2026-05-18_22-18-09-416,001,001,3,044,044.jpg,192,149.271594,1779135638.68919,3.183333,186.0,-58.0,0.0,0.0,2940,1912,1.076018,0.82,0.0,0.0,pix
real_001_s001_2026-05-18_22-18-09-416,001,001,3,044,044.jpg,193,149.288261,1779135638.705857,3.2,186.0,-58.0,0.0,0.0,2940,1912,1.076018,0.82,0.0,0.0,pix
real_001_s001_2026-05-18_22-18-09-416,001,001,3,044,044.jpg,194,149.304928,1779135638.722524,3.216667,186.0,-58.0,0.0,0.0,2940,1912,1.076018,0.82,0.0,0.0,pix
real_001_s001_2026-05-18_22-18-09-416,001,001,3,044,044.jpg,195,149.321594,1779135638.73919,3.233333,186.0,-58.0,0.0,0.0,2940,1912,1.076018,0.82,0.0,0.0,pix
real_001_s001_2026-05-18_22-18-09-416,001,001,3,044,044.jpg,196,149.338261,1779135638.755857,3.25,186.0,-58.0,0.0,0.0,2940,1912,1.076018,0.82,0.0,0.0,pix
real_001_s001_2026-05-18_22-18-09-416,001,001,3,044,044.jpg,197,149.354928,1779135638.772524,3.266667,186.0,-58.0,0.0,0.0,2940,1912,1.076018,0.82,0.0,0.0,pix
real_001_s001_2026-05-18_22-18-09-416,001,001,3,044,044.jpg,198,149.371594,1779135638.78919,3.283333,186.0,-58.0,0.0,0.0,2940,1912,1.076018,0.82,0.0,0.0,pix
real_001_s001_2026-05-18_22-18-09-416,001,001,3,044,044.jpg,199,149.388261,1779135638.805857,3.3,186.0,-58.0,0.0,0.0,2940,1912,1.076018,0.82,0.0,0.0,pix
real_001_s001_2026-05-18_22-18-09-416,001,001,3,044,044.jpg,200,149.404928,1779135638.822524,3.316667,186.0,-58.0,0.0,0.0,2940,1912,1.076018,0.82,0.0,0.0,pix
real_001_s001_2026-05-18_22-18-09-416,001,001,3,044,044.jpg,201,149.421594,1779135638.83919,3.333333,186.0,-58.0,0.0,0.0,2940,1912,1.076018,0.82,0.0,0.0,pix
real_001_s001_2026-05-18_22-18-09-416,001,001,3,044,044.jpg,202,149.438261,1779135638.855857,3.35,186.0,-58.0,0.0,0.0,2940,1912,1.076018,0.82,0.0,0.0,pix
real_001_s001_2026-05-18_22-18-09-416,001,001,3,044,044.jpg,203,149.454928,1779135638.872524,3.366667,186.0,-58.0,0.0,0.0,2940,1912,1.076018,0.82,0.0,0.0,pix
real_001_s001_2026-05-18_22-18-09-416,001,001,3,044,044.jpg,204,149.471594,1779135638.88919,3.383333,186.0,-58.0,0.0,0.0,2940,1912,1.076018,0.82,0.0,0.0,pix
real_001_s001_2026-05-18_22-18-09-416,001,001,3,044,044.jpg,205,149.488261,1779135638.905857,3.4,186.0,-58.0,0.0,0.0,2940,1912,1.076018,0.82,0.0,0.0,pix
real_001_s001_2026-05-18_22-18-09-416,001,001,3,044,044.jpg,206,149.504928,1779135638.922524,3.416667,186.0,-58.0,0.0,0.0,2940,1912,1.076018,0.82,0.0,0.0,pix
real_001_s001_2026-05-18_22-18-09-416,001,001,3,044,044.jpg,207,149.521594,1779135638.93919,3.433333,186.0,-58.0,0.0,0.0,2940,1912,1.076018,0.82,0.0,0.0,pix
real_001_s001_2026-05-18_22-18-09-416,001,001,3,044,044.jpg,208,149.538261,1779135638.955857,3.45,186.0,-58.0,0.0,0.0,2940,1912,1.076018,0.82,0.0,0.0,pix
real_001_s001_2026-05-18_22-18-09-416,001,001,3,044,044.jpg,209,149.554928,1779135638.972524,3.466667,186.0,-58.0,0.0,0.0,2940,1912,1.076018,0.82,0.0,0.0,pix
real_001_s001_2026-05-18_22-18-09-416,001,001,3,044,044.jpg,210,149.571594,1779135638.98919,3.483333,186.0,-58.0,0.0,0.0,2940,1912,1.076018,0.82,0.0,0.0,pix
real_001_s001_2026-05-18_22-18-09-416,001,001,3,044,044.jpg,211,149.588261,1779135639.005857,3.5,186.0,-58.0,0.0,0.0,2940,1912,1.076018,0.82,0.0,0.0,pix
real_001_s001_2026-05-18_22-18-09-416,001,001,3,044,044.jpg,212,149.604928,1779135639.022524,3.516667,186.0,-58.0,0.0,0.0,2940,1912,1.076018,0.82,0.0,0.0,pix
real_001_s001_2026-05-18_22-18-09-416,001,001,3,044,044.jpg,213,149.621594,1779135639.03919,3.533333,186.0,-58.0,0.0,0.0,2940,1912,1.076018,0.82,0.0,0.0,pix
real_001_s001_2026-05-18_22-18-09-416,001,001,3,044,044.jpg,214,149.638261,1779135639.055857,3.55,186.0,-58.0,0.0,0.0,2940,1912,1.076018,0.82,0.0,0.0,pix
real_001_s001_2026-05-18_22-18-09-416,001,001,3,044,044.jpg,215,149.654928,1779135639.072524,3.566667,186.0,-58.0,0.0,0.0,2940,1912,1.076018,0.82,0.0,0.0,pix
real_001_s001_2026-05-18_22-18-09-416,001,001,3,044,044.jpg,216,149.671594,1779135639.08919,3.583333,186.0,-58.0,0.0,0.0,2940,1912,1.076018,0.82,0.0,0.0,pix
real_001_s001_2026-05-18_22-18-09-416,001,001,3,044,044.jpg,217,149.688261,1779135639.105857,3.6,186.0,-58.0,0.0,0.0,2940,1912,1.076018,0.82,0.0,0.0,pix
real_001_s001_2026-05-18_22-18-09-416,001,001,3,044,044.jpg,218,149.704928,1779135639.122524,3.616667,186.0,-58.0,0.0,0.0,2940,1912,1.076018,0.82,0.0,0.0,pix
real_001_s001_2026-05-18_22-18-09-416,001,001,3,044,044.jpg,219,149.721594,1779135639.13919,3.633333,186.0,-58.0,0.0,0.0,2940,1912,1.076018,0.82,0.0,0.0,pix
real_001_s001_2026-05-18_22-18-09-416,001,001,3,044,044.jpg,220,149.738261,1779135639.155857,3.65,186.0,-58.0,0.0,0.0,2940,1912,1.076018,0.82,0.0,0.0,pix
real_001_s001_2026-05-18_22-18-09-416,001,001,3,044,044.jpg,221,149.754928,1779135639.172524,3.666667,186.0,-58.0,0.0,0.0,2940,1912,1.076018,0.82,0.0,0.0,pix
real_001_s001_2026-05-18_22-18-09-416,001,001,3,044,044.jpg,222,149.771594,1779135639.18919,3.683333,186.0,-58.0,0.0,0.0,2940,1912,1.076018,0.82,0.0,0.0,pix
real_001_s001_2026-05-18_22-18-09-416,001,001,3,044,044.jpg,223,149.788261,1779135639.205857,3.7,186.0,-58.0,0.0,0.0,2940,1912,1.076018,0.82,0.0,0.0,pix
real_001_s001_2026-05-18_22-18-09-416,001,001,3,044,044.jpg,224,149.804928,1779135639.222524,3.716667,186.0,-58.0,0.0,0.0,2940,1912,1.076018,0.82,0.0,0.0,pix
real_001_s001_2026-05-18_22-18-09-416,001,001,3,044,044.jpg,225,149.821594,1779135639.23919,3.733333,186.0,-58.0,0.0,0.0,2940,1912,1.076018,0.82,0.0,0.0,pix
real_001_s001_2026-05-18_22-18-09-416,001,001,3,044,044.jpg,226,149.838261,1779135639.255857,3.75,186.0,-58.0,0.0,0.0,2940,1912,1.076018,0.82,0.0,0.0,pix
real_001_s001_2026-05-18_22-18-09-416,001,001,3,044,044.jpg,227,149.854928,1779135639.272524,3.766667,186.0,-58.0,0.0,0.0,2940,1912,1.076018,0.82,0.0,0.0,pix
real_001_s001_2026-05-18_22-18-09-416,001,001,3,044,044.jpg,228,149.871594,1779135639.28919,3.783333,186.0,-58.0,0.0,0.0,2940,1912,1.076018,0.82,0.0,0.0,pix
real_001_s001_2026-05-18_22-18-09-416,001,001,3,044,044.jpg,229,149.888261,1779135639.305857,3.8,186.0,-58.0,0.0,0.0,2940,1912,1.076018,0.82,0.0,0.0,pix
real_001_s001_2026-05-18_22-18-09-416,001,001,3,044,044.jpg,230,149.904928,1779135639.322524,3.816667,186.0,-58.0,0.0,0.0,2940,1912,1.076018,0.82,0.0,0.0,pix
real_001_s001_2026-05-18_22-18-09-416,001,001,3,044,044.jpg,231,149.921594,1779135639.33919,3.833333,186.0,-58.0,0.0,0.0,2940,1912,1.076018,0.82,0.0,0.0,pix
real_001_s001_2026-05-18_22-18-09-416,001,001,3,044,044.jpg,232,149.938261,1779135639.355857,3.85,186.0,-58.0,0.0,0.0,2940,1912,1.076018,0.82,0.0,0.0,pix
real_001_s001_2026-05-18_22-18-09-416,001,001,3,044,044.jpg,233,149.954928,1779135639.372524,3.866667,186.0,-58.0,0.0,0.0,2940,1912,1.076018,0.82,0.0,0.0,pix
real_001_s001_2026-05-18_22-18-09-416,001,001,3,044,044.jpg,234,149.971594,1779135639.38919,3.883333,186.0,-58.0,0.0,0.0,2940,1912,1.076018,0.82,0.0,0.0,pix
real_001_s001_2026-05-18_22-18-09-416,001,001,3,044,044.jpg,235,149.988261,1779135639.405857,3.9,186.0,-58.0,0.0,0.0,2940,1912,1.076018,0.82,0.0,0.0,pix
real_001_s001_2026-05-18_22-18-09-416,001,001,3,044,044.jpg,236,150.004928,1779135639.422524,3.916667,186.0,-58.0,0.0,0.0,2940,1912,1.076018,0.82,0.0,0.0,pix
real_001_s001_2026-05-18_22-18-09-416,001,001,3,044,044.jpg,237,150.021594,1779135639.43919,3.933333,186.0,-58.0,0.0,0.0,2940,1912,1.076018,0.82,0.0,0.0,pix
real_001_s001_2026-05-18_22-18-09-416,001,001,3,044,044.jpg,238,150.038261,1779135639.455857,3.95,186.0,-58.0,0.0,0.0,2940,1912,1.076018,0.82,0.0,0.0,pix
real_001_s001_2026-05-18_22-18-09-416,001,001,3,044,044.jpg,239,150.054928,1779135639.472524,3.966667,186.0,-58.0,0.0,0.0,2940,1912,1.076018,0.82,0.0,0.0,pix
real_001_s001_2026-05-18_22-18-09-416,001,001,3,044,044.jpg,240,150.071594,1779135639.48919,3.983333,186.0,-58.0,0.0,0.0,2940,1912,1.076018,0.82,0.0,0.0,pix
real_001_s001_2026-05-18_22-18-09-416,001,001,3,044,044.jpg,241,150.088261,1779135639.505857,4.0,186.0,-58.0,0.0,0.0,2940,1912,1.076018,0.82,0.0,0.0,pix
real_001_s001_2026-05-18_22-18-09-416,001,001,3,044,044.jpg,242,150.104928,1779135639.522524,4.016667,186.0,-58.0,0.0,0.0,2940,1912,1.076018,0.82,0.0,0.0,pix
real_001_s001_2026-05-18_22-18-09-416,001,001,3,044,044.jpg,243,150.121594,1779135639.53919,4.033333,186.0,-58.0,0.0,0.0,2940,1912,1.076018,0.82,0.0,0.0,pix
real_001_s001_2026-05-18_22-18-09-416,001,001,3,044,044.jpg,244,150.138261,1779135639.555857,4.05,186.0,-58.0,0.0,0.0,2940,1912,1.076018,0.82,0.0,0.0,pix
real_001_s001_2026-05-18_22-18-09-416,001,001,3,044,044.jpg,245,150.154928,1779135639.572524,4.066667,186.0,-58.0,0.0,0.0,2940,1912,1.076018,0.82,0.0,0.0,pix
real_001_s001_2026-05-18_22-18-09-416,001,001,3,044,044.jpg,246,150.171594,1779135639.58919,4.083333,186.0,-58.0,0.0,0.0,2940,1912,1.076018,0.82,0.0,0.0,pix
real_001_s001_2026-05-18_22-18-09-416,001,001,3,044,044.jpg,247,150.188261,1779135639.605857,4.1,186.0,-58.0,0.0,0.0,2940,1912,1.076018,0.82,0.0,0.0,pix
real_001_s001_2026-05-18_22-18-09-416,001,001,3,044,044.jpg,248,150.204928,1779135639.622524,4.116667,186.0,-58.0,0.0,0.0,2940,1912,1.076018,0.82,0.0,0.0,pix
real_001_s001_2026-05-18_22-18-09-416,001,001,3,044,044.jpg,249,150.221594,1779135639.63919,4.133333,186.0,-58.0,0.0,0.0,2940,1912,1.076018,0.82,0.0,0.0,pix
real_001_s001_2026-05-18_22-18-09-416,001,001,3,044,044.jpg,250,150.238261,1779135639.655857,4.15,186.0,-58.0,0.0,0.0,2940,1912,1.076018,0.82,0.0,0.0,pix
real_001_s001_2026-05-18_22-18-09-416,001,001,3,044,044.jpg,251,150.254928,1779135639.672524,4.166667,186.0,-58.0,0.0,0.0,2940,1912,1.076018,0.82,0.0,0.0,pix
real_001_s001_2026-05-18_22-18-09-416,001,001,3,044,044.jpg,252,150.271594,1779135639.68919,4.183333,186.0,-58.0,0.0,0.0,2940,1912,1.076018,0.82,0.0,0.0,pix
real_001_s001_2026-05-18_22-18-09-416,001,001,3,044,044.jpg,253,150.288261,1779135639.705857,4.2,186.0,-58.0,0.0,0.0,2940,1912,1.076018,0.82,0.0,0.0,pix
real_001_s001_2026-05-18_22-18-09-416,001,001,3,044,044.jpg,254,150.304928,1779135639.722524,4.216667,186.0,-58.0,0.0,0.0,2940,1912,1.076018,0.82,0.0,0.0,pix
real_001_s001_2026-05-18_22-18-09-416,001,001,3,044,044.jpg,255,150.321594,1779135639.73919,4.233333,186.0,-58.0,0.0,0.0,2940,1912,1.076018,0.82,0.0,0.0,pix
real_001_s001_2026-05-18_22-18-09-416,001,001,3,044,044.jpg,256,150.338261,1779135639.755857,4.25,186.0,-58.0,0.0,0.0,2940,1912,1.076018,0.82,0.0,0.0,pix
real_001_s001_2026-05-18_22-18-09-416,001,001,3,044,044.jpg,257,150.354928,1779135639.772524,4.266667,186.0,-58.0,0.0,0.0,2940,1912,1.076018,0.82,0.0,0.0,pix
real_001_s001_2026-05-18_22-18-09-416,001,001,3,044,044.jpg,258,150.371594,1779135639.78919,4.283333,186.0,-58.0,0.0,0.0,2940,1912,1.076018,0.82,0.0,0.0,pix
real_001_s001_2026-05-18_22-18-09-416,001,001,3,044,044.jpg,259,150.388261,1779135639.805857,4.3,186.0,-58.0,0.0,0.0,2940,1912,1.076018,0.82,0.0,0.0,pix
real_001_s001_2026-05-18_22-18-09-416,001,001,3,044,044.jpg,260,150.404928,1779135639.822524,4.316667,186.0,-58.0,0.0,0.0,2940,1912,1.076018,0.82,0.0,0.0,pix
real_001_s001_2026-05-18_22-18-09-416,001,001,3,044,044.jpg,261,150.421594,1779135639.83919,4.333333,186.0,-58.0,0.0,0.0,2940,1912,1.076018,0.82,0.0,0.0,pix
real_001_s001_2026-05-18_22-18-09-416,001,001,3,044,044.jpg,262,150.438261,1779135639.855857,4.35,186.0,-58.0,0.0,0.0,2940,1912,1.076018,0.82,0.0,0.0,pix
real_001_s001_2026-05-18_22-18-09-416,001,001,3,044,044.jpg,263,150.454928,1779135639.872524,4.366667,186.0,-58.0,0.0,0.0,2940,1912,1.076018,0.82,0.0,0.0,pix
real_001_s001_2026-05-18_22-18-09-416,001,001,3,044,044.jpg,264,150.471594,1779135639.88919,4.383333,186.0,-58.0,0.0,0.0,2940,1912,1.076018,0.82,0.0,0.0,pix
real_001_s001_2026-05-18_22-18-09-416,001,001,3,044,044.jpg,265,150.488261,1779135639.905857,4.4,186.0,-58.0,0.0,0.0,2940,1912,1.076018,0.82,0.0,0.0,pix
real_001_s001_2026-05-18_22-18-09-416,001,001,3,044,044.jpg,266,150.504928,1779135639.922524,4.416667,186.0,-58.0,0.0,0.0,2940,1912,1.076018,0.82,0.0,0.0,pix
real_001_s001_2026-05-18_22-18-09-416,001,001,3,044,044.jpg,267,150.521594,1779135639.93919,4.433333,186.0,-58.0,0.0,0.0,2940,1912,1.076018,0.82,0.0,0.0,pix
real_001_s001_2026-05-18_22-18-09-416,001,001,3,044,044.jpg,268,150.538261,1779135639.955857,4.45,186.0,-58.0,0.0,0.0,2940,1912,1.076018,0.82,0.0,0.0,pix
real_001_s001_2026-05-18_22-18-09-416,001,001,3,044,044.jpg,269,150.554928,1779135639.972524,4.466667,186.0,-58.0,0.0,0.0,2940,1912,1.076018,0.82,0.0,0.0,pix
real_001_s001_2026-05-18_22-18-09-416,001,001,3,044,044.jpg,270,150.571594,1779135639.98919,4.483333,186.0,-58.0,0.0,0.0,2940,1912,1.076018,0.82,0.0,0.0,pix
real_001_s001_2026-05-18_22-18-09-416,001,001,3,044,044.jpg,271,150.588261,1779135640.005857,4.5,186.0,-58.0,0.0,0.0,2940,1912,1.076018,0.82,0.0,0.0,pix
real_001_s001_2026-05-18_22-18-09-416,001,001,3,044,044.jpg,272,150.604928,1779135640.022524,4.516667,186.0,-58.0,0.0,0.0,2940,1912,1.076018,0.82,0.0,0.0,pix
real_001_s001_2026-05-18_22-18-09-416,001,001,3,044,044.jpg,273,150.621594,1779135640.03919,4.533333,186.0,-58.0,0.0,0.0,2940,1912,1.076018,0.82,0.0,0.0,pix
real_001_s001_2026-05-18_22-18-09-416,001,001,3,044,044.jpg,274,150.638261,1779135640.055857,4.55,186.0,-58.0,0.0,0.0,2940,1912,1.076018,0.82,0.0,0.0,pix
real_001_s001_2026-05-18_22-18-09-416,001,001,3,044,044.jpg,275,150.654928,1779135640.072524,4.566667,186.0,-58.0,0.0,0.0,2940,1912,1.076018,0.82,0.0,0.0,pix
real_001_s001_2026-05-18_22-18-09-416,001,001,3,044,044.jpg,276,150.671594,1779135640.08919,4.583333,186.0,-58.0,0.0,0.0,2940,1912,1.076018,0.82,0.0,0.0,pix
real_001_s001_2026-05-18_22-18-09-416,001,001,3,044,044.jpg,277,150.688261,1779135640.105857,4.6,186.0,-58.0,0.0,0.0,2940,1912,1.076018,0.82,0.0,0.0,pix
real_001_s001_2026-05-18_22-18-09-416,001,001,3,044,044.jpg,278,150.704928,1779135640.122524,4.616667,186.0,-58.0,0.0,0.0,2940,1912,1.076018,0.82,0.0,0.0,pix
real_001_s001_2026-05-18_22-18-09-416,001,001,3,044,044.jpg,279,150.721594,1779135640.13919,4.633333,186.0,-58.0,0.0,0.0,2940,1912,1.076018,0.82,0.0,0.0,pix
real_001_s001_2026-05-18_22-18-09-416,001,001,3,044,044.jpg,280,150.738261,1779135640.155857,4.65,186.0,-58.0,0.0,0.0,2940,1912,1.076018,0.82,0.0,0.0,pix
real_001_s001_2026-05-18_22-18-09-416,001,001,3,044,044.jpg,281,150.754928,1779135640.172524,4.666667,186.0,-58.0,0.0,0.0,2940,1912,1.076018,0.82,0.0,0.0,pix
real_001_s001_2026-05-18_22-18-09-416,001,001,3,044,044.jpg,282,150.771594,1779135640.18919,4.683333,186.0,-58.0,0.0,0.0,2940,1912,1.076018,0.82,0.0,0.0,pix
real_001_s001_2026-05-18_22-18-09-416,001,001,3,044,044.jpg,283,150.788261,1779135640.205857,4.7,186.0,-58.0,0.0,0.0,2940,1912,1.076018,0.82,0.0,0.0,pix
real_001_s001_2026-05-18_22-18-09-416,001,001,3,044,044.jpg,284,150.804928,1779135640.222524,4.716667,186.0,-58.0,0.0,0.0,2940,1912,1.076018,0.82,0.0,0.0,pix
real_001_s001_2026-05-18_22-18-09-416,001,001,3,044,044.jpg,285,150.821594,1779135640.23919,4.733333,186.0,-58.0,0.0,0.0,2940,1912,1.076018,0.82,0.0,0.0,pix
real_001_s001_2026-05-18_22-18-09-416,001,001,3,044,044.jpg,286,150.838261,1779135640.255857,4.75,186.0,-58.0,0.0,0.0,2940,1912,1.076018,0.82,0.0,0.0,pix
real_001_s001_2026-05-18_22-18-09-416,001,001,3,044,044.jpg,287,150.854928,1779135640.272524,4.766667,186.0,-58.0,0.0,0.0,2940,1912,1.076018,0.82,0.0,0.0,pix
real_001_s001_2026-05-18_22-18-09-416,001,001,3,044,044.jpg,288,150.871594,1779135640.28919,4.783333,186.0,-58.0,0.0,0.0,2940,1912,1.076018,0.82,0.0,0.0,pix
real_001_s001_2026-05-18_22-18-09-416,001,001,3,044,044.jpg,289,150.888261,1779135640.305857,4.8,186.0,-58.0,0.0,0.0,2940,1912,1.076018,0.82,0.0,0.0,pix
real_001_s001_2026-05-18_22-18-09-416,001,001,3,044,044.jpg,290,150.904928,1779135640.322524,4.816667,186.0,-58.0,0.0,0.0,2940,1912,1.076018,0.82,0.0,0.0,pix
real_001_s001_2026-05-18_22-18-09-416,001,001,3,044,044.jpg,291,150.921594,1779135640.33919,4.833333,186.0,-58.0,0.0,0.0,2940,1912,1.076018,0.82,0.0,0.0,pix
real_001_s001_2026-05-18_22-18-09-416,001,001,3,044,044.jpg,292,150.938261,1779135640.355857,4.85,186.0,-58.0,0.0,0.0,2940,1912,1.076018,0.82,0.0,0.0,pix
real_001_s001_2026-05-18_22-18-09-416,001,001,3,044,044.jpg,293,150.954928,1779135640.372524,4.866667,186.0,-58.0,0.0,0.0,2940,1912,1.076018,0.82,0.0,0.0,pix
real_001_s001_2026-05-18_22-18-09-416,001,001,3,044,044.jpg,294,150.971594,1779135640.38919,4.883333,186.0,-58.0,0.0,0.0,2940,1912,1.076018,0.82,0.0,0.0,pix
real_001_s001_2026-05-18_22-18-09-416,001,001,3,044,044.jpg,295,150.988261,1779135640.405857,4.9,186.0,-58.0,0.0,0.0,2940,1912,1.076018,0.82,0.0,0.0,pix
real_001_s001_2026-05-18_22-18-09-416,001,001,3,044,044.jpg,296,151.004928,1779135640.422524,4.916667,186.0,-58.0,0.0,0.0,2940,1912,1.076018,0.82,0.0,0.0,pix
real_001_s001_2026-05-18_22-18-09-416,001,001,3,044,044.jpg,297,151.021594,1779135640.43919,4.933333,186.0,-58.0,0.0,0.0,2940,1912,1.076018,0.82,0.0,0.0,pix
real_001_s001_2026-05-18_22-18-09-416,001,001,3,044,044.jpg,298,151.038261,1779135640.455857,4.95,186.0,-58.0,0.0,0.0,2940,1912,1.076018,0.82,0.0,0.0,pix
real_001_s001_2026-05-18_22-18-09-416,001,001,3,044,044.jpg,299,151.054928,1779135640.472524,4.966667,186.0,-58.0,0.0,0.0,2940,1912,1.076018,0.82,0.0,0.0,pix
real_001_s001_2026-05-18_22-18-09-416,001,001,3,044,044.jpg,300,151.071594,1779135640.48919,4.983333,186.0,-58.0,0.0,0.0,2940,1912,1.076018,0.82,0.0,0.0,pix
real_001_s001_2026-05-18_22-18-09-416,001,001,3,044,044.jpg,301,151.088261,1779135640.505857,5.0,186.0,-58.0,0.0,0.0,2940,1912,1.076018,0.82,0.0,0.0,pix
real_001_s001_2026-05-18_22-18-09-416,001,001,3,044,044.jpg,302,151.104928,1779135640.522524,5.016667,186.0,-58.0,0.0,0.0,2940,1912,1.076018,0.82,0.0,0.0,pix
real_001_s001_2026-05-18_22-18-09-416,001,001,3,044,044.jpg,303,151.121594,1779135640.53919,5.033333,186.0,-58.0,0.0,0.0,2940,1912,1.076018,0.82,0.0,0.0,pix
real_001_s001_2026-05-18_22-18-09-416,001,001,3,044,044.jpg,304,151.138261,1779135640.555857,5.05,186.0,-58.0,0.0,0.0,2940,1912,1.076018,0.82,0.0,0.0,pix
real_001_s001_2026-05-18_22-18-09-416,001,001,3,044,044.jpg,305,151.154928,1779135640.572524,5.066667,186.0,-58.0,0.0,0.0,2940,1912,1.076018,0.82,0.0,0.0,pix
real_001_s001_2026-05-18_22-18-09-416,001,001,3,044,044.jpg,306,151.171594,1779135640.58919,5.083333,186.0,-58.0,0.0,0.0,2940,1912,1.076018,0.82,0.0,0.0,pix
real_001_s001_2026-05-18_22-18-09-416,001,001,3,044,044.jpg,307,151.188261,1779135640.605857,5.1,186.0,-58.0,0.0,0.0,2940,1912,1.076018,0.82,0.0,0.0,pix
real_001_s001_2026-05-18_22-18-09-416,001,001,3,044,044.jpg,308,151.204928,1779135640.622524,5.116667,186.0,-58.0,0.0,0.0,2940,1912,1.076018,0.82,0.0,0.0,pix
real_001_s001_2026-05-18_22-18-09-416,001,001,3,044,044.jpg,309,151.221594,1779135640.63919,5.133333,186.0,-58.0,0.0,0.0,2940,1912,1.076018,0.82,0.0,0.0,pix
real_001_s001_2026-05-18_22-18-09-416,001,001,3,044,044.jpg,310,151.238261,1779135640.655857,5.15,186.0,-58.0,0.0,0.0,2940,1912,1.076018,0.82,0.0,0.0,pix
real_001_s001_2026-05-18_22-18-09-416,001,001,3,044,044.jpg,311,151.254928,1779135640.672524,5.166667,186.0,-58.0,0.0,0.0,2940,1912,1.076018,0.82,0.0,0.0,pix
real_001_s001_2026-05-18_22-18-09-416,001,001,3,044,044.jpg,312,151.271594,1779135640.68919,5.183333,186.0,-58.0,0.0,0.0,2940,1912,1.076018,0.82,0.0,0.0,pix
real_001_s001_2026-05-18_22-18-09-416,001,001,3,044,044.jpg,313,151.288261,1779135640.705857,5.2,186.0,-58.0,0.0,0.0,2940,1912,1.076018,0.82,0.0,0.0,pix
real_001_s001_2026-05-18_22-18-09-416,001,001,3,044,044.jpg,314,151.304928,1779135640.722524,5.216667,186.0,-58.0,0.0,0.0,2940,1912,1.076018,0.82,0.0,0.0,pix
real_001_s001_2026-05-18_22-18-09-416,001,001,3,044,044.jpg,315,151.321594,1779135640.73919,5.233333,186.0,-58.0,0.0,0.0,2940,1912,1.076018,0.82,0.0,0.0,pix
real_001_s001_2026-05-18_22-18-09-416,001,001,3,044,044.jpg,316,151.338261,1779135640.755857,5.25,186.0,-58.0,0.0,0.0,2940,1912,1.076018,0.82,0.0,0.0,pix
real_001_s001_2026-05-18_22-18-09-416,001,001,3,044,044.jpg,317,151.354928,1779135640.772524,5.266667,186.0,-58.0,0.0,0.0,2940,1912,1.076018,0.82,0.0,0.0,pix
real_001_s001_2026-05-18_22-18-09-416,001,001,3,044,044.jpg,318,151.371594,1779135640.78919,5.283333,186.0,-58.0,0.0,0.0,2940,1912,1.076018,0.82,0.0,0.0,pix
real_001_s001_2026-05-18_22-18-09-416,001,001,3,044,044.jpg,319,151.388261,1779135640.805857,5.3,186.0,-58.0,0.0,0.0,2940,1912,1.076018,0.82,0.0,0.0,pix
real_001_s001_2026-05-18_22-18-09-416,001,001,3,044,044.jpg,320,151.404928,1779135640.822524,5.316667,186.0,-58.0,0.0,0.0,2940,1912,1.076018,0.82,0.0,0.0,pix
real_001_s001_2026-05-18_22-18-09-416,001,001,3,044,044.jpg,321,151.421594,1779135640.83919,5.333333,186.0,-58.0,0.0,0.0,2940,1912,1.076018,0.82,0.0,0.0,pix
real_001_s001_2026-05-18_22-18-09-416,001,001,3,044,044.jpg,322,151.438261,1779135640.855857,5.35,186.0,-58.0,0.0,0.0,2940,1912,1.076018,0.82,0.0,0.0,pix
real_001_s001_2026-05-18_22-18-09-416,001,001,3,044,044.jpg,323,151.454928,1779135640.872524,5.366667,186.0,-58.0,0.0,0.0,2940,1912,1.076018,0.82,0.0,0.0,pix
real_001_s001_2026-05-18_22-18-09-416,001,001,3,044,044.jpg,324,151.471594,1779135640.88919,5.383333,186.0,-58.0,0.0,0.0,2940,1912,1.076018,0.82,0.0,0.0,pix
real_001_s001_2026-05-18_22-18-09-416,001,001,3,044,044.jpg,325,151.488261,1779135640.905857,5.4,186.0,-58.0,0.0,0.0,2940,1912,1.076018,0.82,0.0,0.0,pix
real_001_s001_2026-05-18_22-18-09-416,001,001,3,044,044.jpg,326,151.504928,1779135640.922524,5.416667,186.0,-58.0,0.0,0.0,2940,1912,1.076018,0.82,0.0,0.0,pix
real_001_s001_2026-05-18_22-18-09-416,001,001,3,044,044.jpg,327,151.521594,1779135640.93919,5.433333,186.0,-58.0,0.0,0.0,2940,1912,1.076018,0.82,0.0,0.0,pix
real_001_s001_2026-05-18_22-18-09-416,001,001,3,044,044.jpg,328,151.538261,1779135640.955857,5.45,186.0,-58.0,0.0,0.0,2940,1912,1.076018,0.82,0.0,0.0,pix
real_001_s001_2026-05-18_22-18-09-416,001,001,3,044,044.jpg,329,151.554928,1779135640.972524,5.466667,186.0,-58.0,0.0,0.0,2940,1912,1.076018,0.82,0.0,0.0,pix
real_001_s001_2026-05-18_22-18-09-416,001,001,3,044,044.jpg,330,151.571594,1779135640.98919,5.483333,186.0,-58.0,0.0,0.0,2940,1912,1.076018,0.82,0.0,0.0,pix
real_001_s001_2026-05-18_22-18-09-416,001,001,3,044,044.jpg,331,151.588261,1779135641.005857,5.5,186.0,-58.0,0.0,0.0,2940,1912,1.076018,0.82,0.0,0.0,pix
real_001_s001_2026-05-18_22-18-09-416,001,001,3,044,044.jpg,332,151.604928,1779135641.022524,5.516667,186.0,-58.0,0.0,0.0,2940,1912,1.076018,0.82,0.0,0.0,pix
real_001_s001_2026-05-18_22-18-09-416,001,001,3,044,044.jpg,333,151.621594,1779135641.03919,5.533333,186.0,-58.0,0.0,0.0,2940,1912,1.076018,0.82,0.0,0.0,pix
real_001_s001_2026-05-18_22-18-09-416,001,001,3,044,044.jpg,334,151.638261,1779135641.055857,5.55,186.0,-58.0,0.0,0.0,2940,1912,1.076018,0.82,0.0,0.0,pix
real_001_s001_2026-05-18_22-18-09-416,001,001,3,044,044.jpg,335,151.654928,1779135641.072524,5.566667,186.0,-58.0,0.0,0.0,2940,1912,1.076018,0.82,0.0,0.0,pix
real_001_s001_2026-05-18_22-18-09-416,001,001,3,044,044.jpg,336,151.671594,1779135641.08919,5.583333,186.0,-58.0,0.0,0.0,2940,1912,1.076018,0.82,0.0,0.0,pix
real_001_s001_2026-05-18_22-18-09-416,001,001,3,044,044.jpg,337,151.688261,1779135641.105857,5.6,186.0,-58.0,0.0,0.0,2940,1912,1.076018,0.82,0.0,0.0,pix
real_001_s001_2026-05-18_22-18-09-416,001,001,3,044,044.jpg,338,151.704928,1779135641.122524,5.616667,186.0,-58.0,0.0,0.0,2940,1912,1.076018,0.82,0.0,0.0,pix
real_001_s001_2026-05-18_22-18-09-416,001,001,3,044,044.jpg,339,151.721594,1779135641.13919,5.633333,186.0,-58.0,0.0,0.0,2940,1912,1.076018,0.82,0.0,0.0,pix
real_001_s001_2026-05-18_22-18-09-416,001,001,3,044,044.jpg,340,151.738261,1779135641.155857,5.65,186.0,-58.0,0.0,0.0,2940,1912,1.076018,0.82,0.0,0.0,pix
real_001_s001_2026-05-18_22-18-09-416,001,001,3,044,044.jpg,341,151.754928,1779135641.172524,5.666667,186.0,-58.0,0.0,0.0,2940,1912,1.076018,0.82,0.0,0.0,pix
real_001_s001_2026-05-18_22-18-09-416,001,001,3,044,044.jpg,342,151.771594,1779135641.18919,5.683333,186.0,-58.0,0.0,0.0,2940,1912,1.076018,0.82,0.0,0.0,pix
real_001_s001_2026-05-18_22-18-09-416,001,001,3,044,044.jpg,343,151.788261,1779135641.205857,5.7,186.0,-58.0,0.0,0.0,2940,1912,1.076018,0.82,0.0,0.0,pix
real_001_s001_2026-05-18_22-18-09-416,001,001,3,044,044.jpg,344,151.804928,1779135641.222524,5.716667,186.0,-58.0,0.0,0.0,2940,1912,1.076018,0.82,0.0,0.0,pix
real_001_s001_2026-05-18_22-18-09-416,001,001,3,044,044.jpg,345,151.821594,1779135641.23919,5.733333,186.0,-58.0,0.0,0.0,2940,1912,1.076018,0.82,0.0,0.0,pix
real_001_s001_2026-05-18_22-18-09-416,001,001,3,044,044.jpg,346,151.838261,1779135641.255857,5.75,186.0,-58.0,0.0,0.0,2940,1912,1.076018,0.82,0.0,0.0,pix
real_001_s001_2026-05-18_22-18-09-416,001,001,3,044,044.jpg,347,151.854928,1779135641.272524,5.766667,186.0,-58.0,0.0,0.0,2940,1912,1.076018,0.82,0.0,0.0,pix
real_001_s001_2026-05-18_22-18-09-416,001,001,3,044,044.jpg,348,151.871594,1779135641.28919,5.783333,186.0,-58.0,0.0,0.0,2940,1912,1.076018,0.82,0.0,0.0,pix
real_001_s001_2026-05-18_22-18-09-416,001,001,3,044,044.jpg,349,151.888261,1779135641.305857,5.8,186.0,-58.0,0.0,0.0,2940,1912,1.076018,0.82,0.0,0.0,pix
real_001_s001_2026-05-18_22-18-09-416,001,001,3,044,044.jpg,350,151.904928,1779135641.322524,5.816667,186.0,-58.0,0.0,0.0,2940,1912,1.076018,0.82,0.0,0.0,pix
real_001_s001_2026-05-18_22-18-09-416,001,001,3,044,044.jpg,351,151.921594,1779135641.33919,5.833333,186.0,-58.0,0.0,0.0,2940,1912,1.076018,0.82,0.0,0.0,pix
real_001_s001_2026-05-18_22-18-09-416,001,001,3,044,044.jpg,352,151.938261,1779135641.355857,5.85,186.0,-58.0,0.0,0.0,2940,1912,1.076018,0.82,0.0,0.0,pix
real_001_s001_2026-05-18_22-18-09-416,001,001,3,044,044.jpg,353,151.954928,1779135641.372524,5.866667,186.0,-58.0,0.0,0.0,2940,1912,1.076018,0.82,0.0,0.0,pix
real_001_s001_2026-05-18_22-18-09-416,001,001,3,044,044.jpg,354,151.971594,1779135641.38919,5.883333,186.0,-58.0,0.0,0.0,2940,1912,1.076018,0.82,0.0,0.0,pix
real_001_s001_2026-05-18_22-18-09-416,001,001,3,044,044.jpg,355,151.988261,1779135641.405857,5.9,186.0,-58.0,0.0,0.0,2940,1912,1.076018,0.82,0.0,0.0,pix
real_001_s001_2026-05-18_22-18-09-416,001,001,3,044,044.jpg,356,152.004928,1779135641.422524,5.916667,186.0,-58.0,0.0,0.0,2940,1912,1.076018,0.82,0.0,0.0,pix
real_001_s001_2026-05-18_22-18-09-416,001,001,3,044,044.jpg,357,152.021594,1779135641.43919,5.933333,186.0,-58.0,0.0,0.0,2940,1912,1.076018,0.82,0.0,0.0,pix
real_001_s001_2026-05-18_22-18-09-416,001,001,3,044,044.jpg,358,152.038261,1779135641.455857,5.95,186.0,-58.0,0.0,0.0,2940,1912,1.076018,0.82,0.0,0.0,pix
real_001_s001_2026-05-18_22-18-09-416,001,001,3,044,044.jpg,359,152.054928,1779135641.472524,5.966667,186.0,-58.0,0.0,0.0,2940,1912,1.076018,0.82,0.0,0.0,pix
real_001_s001_2026-05-18_22-18-09-416,001,001,3,044,044.jpg,360,152.071594,1779135641.48919,5.983333,186.0,-58.0,0.0,0.0,2940,1912,1.076018,0.82,0.0,0.0,pix
real_001_s001_2026-05-18_22-18-09-416,001,001,3,044,044.jpg,361,152.088261,1779135641.505857,6.0,186.0,-58.0,0.0,0.0,2940,1912,1.076018,0.82,0.0,0.0,pix
real_001_s001_2026-05-18_22-18-09-416,001,001,3,044,044.jpg,362,152.104928,1779135641.522524,6.016667,186.0,-58.0,0.0,0.0,2940,1912,1.076018,0.82,0.0,0.0,pix
real_001_s001_2026-05-18_22-18-09-416,001,001,3,044,044.jpg,363,152.121594,1779135641.53919,6.033333,186.0,-58.0,0.0,0.0,2940,1912,1.076018,0.82,0.0,0.0,pix
real_001_s001_2026-05-18_22-18-09-416,001,001,3,044,044.jpg,364,152.138261,1779135641.555857,6.05,186.0,-58.0,0.0,0.0,2940,1912,1.076018,0.82,0.0,0.0,pix
real_001_s001_2026-05-18_22-18-09-416,001,001,3,044,044.jpg,365,152.154928,1779135641.572524,6.066667,186.0,-58.0,0.0,0.0,2940,1912,1.076018,0.82,0.0,0.0,pix
real_001_s001_2026-05-18_22-18-09-416,001,001,3,044,044.jpg,366,152.171594,1779135641.58919,6.083333,186.0,-58.0,0.0,0.0,2940,1912,1.076018,0.82,0.0,0.0,pix
real_001_s001_2026-05-18_22-18-09-416,001,001,3,044,044.jpg,367,152.188261,1779135641.605857,6.1,186.0,-58.0,0.0,0.0,2940,1912,1.076018,0.82,0.0,0.0,pix
real_001_s001_2026-05-18_22-18-09-416,001,001,3,044,044.jpg,368,152.204928,1779135641.622524,6.116667,186.0,-58.0,0.0,0.0,2940,1912,1.076018,0.82,0.0,0.0,pix
real_001_s001_2026-05-18_22-18-09-416,001,001,3,044,044.jpg,369,152.221594,1779135641.63919,6.133333,186.0,-58.0,0.0,0.0,2940,1912,1.076018,0.82,0.0,0.0,pix
real_001_s001_2026-05-18_22-18-09-416,001,001,3,044,044.jpg,370,152.238261,1779135641.655857,6.15,186.0,-58.0,0.0,0.0,2940,1912,1.076018,0.82,0.0,0.0,pix
real_001_s001_2026-05-18_22-18-09-416,001,001,3,044,044.jpg,371,152.254928,1779135641.672524,6.166667,186.0,-58.0,0.0,0.0,2940,1912,1.076018,0.82,0.0,0.0,pix
real_001_s001_2026-05-18_22-18-09-416,001,001,3,044,044.jpg,372,152.271594,1779135641.68919,6.183333,186.0,-58.0,0.0,0.0,2940,1912,1.076018,0.82,0.0,0.0,pix
real_001_s001_2026-05-18_22-18-09-416,001,001,3,044,044.jpg,373,152.288261,1779135641.705857,6.2,186.0,-58.0,0.0,0.0,2940,1912,1.076018,0.82,0.0,0.0,pix
real_001_s001_2026-05-18_22-18-09-416,001,001,3,044,044.jpg,374,152.304928,1779135641.722524,6.216667,186.0,-58.0,0.0,0.0,2940,1912,1.076018,0.82,0.0,0.0,pix
real_001_s001_2026-05-18_22-18-09-416,001,001,3,044,044.jpg,375,152.321594,1779135641.73919,6.233333,186.0,-58.0,0.0,0.0,2940,1912,1.076018,0.82,0.0,0.0,pix
real_001_s001_2026-05-18_22-18-09-416,001,001,3,044,044.jpg,376,152.338261,1779135641.755857,6.25,186.0,-58.0,0.0,0.0,2940,1912,1.076018,0.82,0.0,0.0,pix
real_001_s001_2026-05-18_22-18-09-416,001,001,3,044,044.jpg,377,152.354928,1779135641.772524,6.266667,186.0,-58.0,0.0,0.0,2940,1912,1.076018,0.82,0.0,0.0,pix
real_001_s001_2026-05-18_22-18-09-416,001,001,3,044,044.jpg,378,152.371594,1779135641.78919,6.283333,186.0,-58.0,0.0,0.0,2940,1912,1.076018,0.82,0.0,0.0,pix
real_001_s001_2026-05-18_22-18-09-416,001,001,3,044,044.jpg,379,152.388261,1779135641.805857,6.3,186.0,-58.0,0.0,0.0,2940,1912,1.076018,0.82,0.0,0.0,pix
real_001_s001_2026-05-18_22-18-09-416,001,001,3,044,044.jpg,380,152.404928,1779135641.822524,6.316667,186.0,-58.0,0.0,0.0,2940,1912,1.076018,0.82,0.0,0.0,pix
real_001_s001_2026-05-18_22-18-09-416,001,001,3,044,044.jpg,381,152.421594,1779135641.83919,6.333333,186.0,-58.0,0.0,0.0,2940,1912,1.076018,0.82,0.0,0.0,pix
real_001_s001_2026-05-18_22-18-09-416,001,001,3,044,044.jpg,382,152.438261,1779135641.855857,6.35,186.0,-58.0,0.0,0.0,2940,1912,1.076018,0.82,0.0,0.0,pix
real_001_s001_2026-05-18_22-18-09-416,001,001,3,044,044.jpg,383,152.454928,1779135641.872524,6.366667,186.0,-58.0,0.0,0.0,2940,1912,1.076018,0.82,0.0,0.0,pix
real_001_s001_2026-05-18_22-18-09-416,001,001,3,044,044.jpg,384,152.471594,1779135641.88919,6.383333,186.0,-58.0,0.0,0.0,2940,1912,1.076018,0.82,0.0,0.0,pix
real_001_s001_2026-05-18_22-18-09-416,001,001,3,044,044.jpg,385,152.488261,1779135641.905857,6.4,186.0,-58.0,0.0,0.0,2940,1912,1.076018,0.82,0.0,0.0,pix
real_001_s001_2026-05-18_22-18-09-416,001,001,3,044,044.jpg,386,152.504928,1779135641.922524,6.416667,186.0,-58.0,0.0,0.0,2940,1912,1.076018,0.82,0.0,0.0,pix
real_001_s001_2026-05-18_22-18-09-416,001,001,3,044,044.jpg,387,152.521594,1779135641.93919,6.433333,186.0,-58.0,0.0,0.0,2940,1912,1.076018,0.82,0.0,0.0,pix
real_001_s001_2026-05-18_22-18-09-416,001,001,3,044,044.jpg,388,152.538261,1779135641.955857,6.45,186.0,-58.0,0.0,0.0,2940,1912,1.076018,0.82,0.0,0.0,pix
real_001_s001_2026-05-18_22-18-09-416,001,001,3,044,044.jpg,389,152.554928,1779135641.972524,6.466667,186.0,-58.0,0.0,0.0,2940,1912,1.076018,0.82,0.0,0.0,pix
real_001_s001_2026-05-18_22-18-09-416,001,001,3,044,044.jpg,390,152.571594,1779135641.98919,6.483333,186.0,-58.0,0.0,0.0,2940,1912,1.076018,0.82,0.0,0.0,pix
real_001_s001_2026-05-18_22-18-09-416,001,001,3,044,044.jpg,391,152.588261,1779135642.005857,6.5,186.0,-58.0,0.0,0.0,2940,1912,1.076018,0.82,0.0,0.0,pix
real_001_s001_2026-05-18_22-18-09-416,001,001,3,044,044.jpg,392,152.604928,1779135642.022524,6.516667,186.0,-58.0,0.0,0.0,2940,1912,1.076018,0.82,0.0,0.0,pix
real_001_s001_2026-05-18_22-18-09-416,001,001,3,044,044.jpg,393,152.621594,1779135642.03919,6.533333,186.0,-58.0,0.0,0.0,2940,1912,1.076018,0.82,0.0,0.0,pix
real_001_s001_2026-05-18_22-18-09-416,001,001,3,044,044.jpg,394,152.638261,1779135642.055857,6.55,186.0,-58.0,0.0,0.0,2940,1912,1.076018,0.82,0.0,0.0,pix
real_001_s001_2026-05-18_22-18-09-416,001,001,3,044,044.jpg,395,152.654928,1779135642.072524,6.566667,186.0,-58.0,0.0,0.0,2940,1912,1.076018,0.82,0.0,0.0,pix
real_001_s001_2026-05-18_22-18-09-416,001,001,3,044,044.jpg,396,152.671594,1779135642.08919,6.583333,186.0,-58.0,0.0,0.0,2940,1912,1.076018,0.82,0.0,0.0,pix
real_001_s001_2026-05-18_22-18-09-416,001,001,3,044,044.jpg,397,152.688261,1779135642.105857,6.6,186.0,-58.0,0.0,0.0,2940,1912,1.076018,0.82,0.0,0.0,pix
real_001_s001_2026-05-18_22-18-09-416,001,001,3,044,044.jpg,398,152.704928,1779135642.122524,6.616667,186.0,-58.0,0.0,0.0,2940,1912,1.076018,0.82,0.0,0.0,pix
real_001_s001_2026-05-18_22-18-09-416,001,001,3,044,044.jpg,399,152.721594,1779135642.13919,6.633333,186.0,-58.0,0.0,0.0,2940,1912,1.076018,0.82,0.0,0.0,pix
real_001_s001_2026-05-18_22-18-09-416,001,001,3,044,044.jpg,400,152.738261,1779135642.155857,6.65,186.0,-58.0,0.0,0.0,2940,1912,1.076018,0.82,0.0,0.0,pix
real_001_s001_2026-05-18_22-18-09-416,001,001,3,044,044.jpg,401,152.754928,1779135642.172524,6.666667,186.0,-58.0,0.0,0.0,2940,1912,1.076018,0.82,0.0,0.0,pix
real_001_s001_2026-05-18_22-18-09-416,001,001,3,044,044.jpg,402,152.771594,1779135642.18919,6.683333,186.0,-58.0,0.0,0.0,2940,1912,1.076018,0.82,0.0,0.0,pix
real_001_s001_2026-05-18_22-18-09-416,001,001,3,044,044.jpg,403,152.788261,1779135642.205857,6.7,186.0,-58.0,0.0,0.0,2940,1912,1.076018,0.82,0.0,0.0,pix
real_001_s001_2026-05-18_22-18-09-416,001,001,3,044,044.jpg,404,152.804928,1779135642.222524,6.716667,186.0,-58.0,0.0,0.0,2940,1912,1.076018,0.82,0.0,0.0,pix
real_001_s001_2026-05-18_22-18-09-416,001,001,3,044,044.jpg,405,152.821594,1779135642.23919,6.733333,186.0,-58.0,0.0,0.0,2940,1912,1.076018,0.82,0.0,0.0,pix
real_001_s001_2026-05-18_22-18-09-416,001,001,3,044,044.jpg,406,152.838261,1779135642.255857,6.75,186.0,-58.0,0.0,0.0,2940,1912,1.076018,0.82,0.0,0.0,pix
real_001_s001_2026-05-18_22-18-09-416,001,001,3,044,044.jpg,407,152.854928,1779135642.272524,6.766667,186.0,-58.0,0.0,0.0,2940,1912,1.076018,0.82,0.0,0.0,pix
real_001_s001_2026-05-18_22-18-09-416,001,001,3,044,044.jpg,408,152.871594,1779135642.28919,6.783333,186.0,-58.0,0.0,0.0,2940,1912,1.076018,0.82,0.0,0.0,pix
real_001_s001_2026-05-18_22-18-09-416,001,001,3,044,044.jpg,409,152.888261,1779135642.305857,6.8,186.0,-58.0,0.0,0.0,2940,1912,1.076018,0.82,0.0,0.0,pix
real_001_s001_2026-05-18_22-18-09-416,001,001,3,044,044.jpg,410,152.904928,1779135642.322524,6.816667,186.0,-58.0,0.0,0.0,2940,1912,1.076018,0.82,0.0,0.0,pix
real_001_s001_2026-05-18_22-18-09-416,001,001,3,044,044.jpg,411,152.921594,1779135642.33919,6.833333,186.0,-58.0,0.0,0.0,2940,1912,1.076018,0.82,0.0,0.0,pix
real_001_s001_2026-05-18_22-18-09-416,001,001,3,044,044.jpg,412,152.938261,1779135642.355857,6.85,186.0,-58.0,0.0,0.0,2940,1912,1.076018,0.82,0.0,0.0,pix
real_001_s001_2026-05-18_22-18-09-416,001,001,3,044,044.jpg,413,152.954928,1779135642.372524,6.866667,186.0,-58.0,0.0,0.0,2940,1912,1.076018,0.82,0.0,0.0,pix
real_001_s001_2026-05-18_22-18-09-416,001,001,3,044,044.jpg,414,152.971594,1779135642.38919,6.883333,186.0,-58.0,0.0,0.0,2940,1912,1.076018,0.82,0.0,0.0,pix
real_001_s001_2026-05-18_22-18-09-416,001,001,3,044,044.jpg,415,152.988261,1779135642.405857,6.9,186.0,-58.0,0.0,0.0,2940,1912,1.076018,0.82,0.0,0.0,pix
real_001_s001_2026-05-18_22-18-09-416,001,001,3,044,044.jpg,416,153.004928,1779135642.422524,6.916667,186.0,-58.0,0.0,0.0,2940,1912,1.076018,0.82,0.0,0.0,pix
real_001_s001_2026-05-18_22-18-09-416,001,001,3,044,044.jpg,417,153.021594,1779135642.43919,6.933333,186.0,-58.0,0.0,0.0,2940,1912,1.076018,0.82,0.0,0.0,pix
real_001_s001_2026-05-18_22-18-09-416,001,001,3,044,044.jpg,418,153.038261,1779135642.455857,6.95,186.0,-58.0,0.0,0.0,2940,1912,1.076018,0.82,0.0,0.0,pix
real_001_s001_2026-05-18_22-18-09-416,001,001,3,044,044.jpg,419,153.054928,1779135642.472524,6.966667,186.0,-58.0,0.0,0.0,2940,1912,1.076018,0.82,0.0,0.0,pix
real_001_s001_2026-05-18_22-18-09-416,001,001,3,044,044.jpg,420,153.071594,1779135642.48919,6.983333,186.0,-58.0,0.0,0.0,2940,1912,1.076018,0.82,0.0,0.0,pix
real_001_s001_2026-05-18_22-18-09-416,001,001,3,044,044.jpg,421,153.088261,1779135642.505857,7.0,186.0,-58.0,0.0,0.0,2940,1912,1.076018,0.82,0.0,0.0,pix
real_001_s001_2026-05-18_22-18-09-416,001,001,3,044,044.jpg,422,153.104928,1779135642.522524,7.016667,186.0,-58.0,0.0,0.0,2940,1912,1.076018,0.82,0.0,0.0,pix
real_001_s001_2026-05-18_22-18-09-416,001,001,3,044,044.jpg,423,153.121594,1779135642.53919,7.033333,186.0,-58.0,0.0,0.0,2940,1912,1.076018,0.82,0.0,0.0,pix
real_001_s001_2026-05-18_22-18-09-416,001,001,3,044,044.jpg,424,153.138261,1779135642.555857,7.05,186.0,-58.0,0.0,0.0,2940,1912,1.076018,0.82,0.0,0.0,pix
real_001_s001_2026-05-18_22-18-09-416,001,001,3,044,044.jpg,425,153.154928,1779135642.572524,7.066667,186.0,-58.0,0.0,0.0,2940,1912,1.076018,0.82,0.0,0.0,pix
real_001_s001_2026-05-18_22-18-09-416,001,001,3,044,044.jpg,426,153.171594,1779135642.58919,7.083333,186.0,-58.0,0.0,0.0,2940,1912,1.076018,0.82,0.0,0.0,pix
real_001_s001_2026-05-18_22-18-09-416,001,001,3,044,044.jpg,427,153.188261,1779135642.605857,7.1,186.0,-58.0,0.0,0.0,2940,1912,1.076018,0.82,0.0,0.0,pix
real_001_s001_2026-05-18_22-18-09-416,001,001,3,044,044.jpg,428,153.204928,1779135642.622524,7.116667,186.0,-58.0,0.0,0.0,2940,1912,1.076018,0.82,0.0,0.0,pix
real_001_s001_2026-05-18_22-18-09-416,001,001,3,044,044.jpg,429,153.221594,1779135642.63919,7.133333,186.0,-58.0,0.0,0.0,2940,1912,1.076018,0.82,0.0,0.0,pix
real_001_s001_2026-05-18_22-18-09-416,001,001,3,044,044.jpg,430,153.238261,1779135642.655857,7.15,186.0,-58.0,0.0,0.0,2940,1912,1.076018,0.82,0.0,0.0,pix
real_001_s001_2026-05-18_22-18-09-416,001,001,3,044,044.jpg,431,153.254928,1779135642.672524,7.166667,186.0,-58.0,0.0,0.0,2940,1912,1.076018,0.82,0.0,0.0,pix
real_001_s001_2026-05-18_22-18-09-416,001,001,3,044,044.jpg,432,153.271594,1779135642.68919,7.183333,186.0,-58.0,0.0,0.0,2940,1912,1.076018,0.82,0.0,0.0,pix
real_001_s001_2026-05-18_22-18-09-416,001,001,3,044,044.jpg,433,153.288261,1779135642.705857,7.2,186.0,-58.0,0.0,0.0,2940,1912,1.076018,0.82,0.0,0.0,pix
real_001_s001_2026-05-18_22-18-09-416,001,001,3,044,044.jpg,434,153.304928,1779135642.722524,7.216667,186.0,-58.0,0.0,0.0,2940,1912,1.076018,0.82,0.0,0.0,pix
real_001_s001_2026-05-18_22-18-09-416,001,001,3,044,044.jpg,435,153.321594,1779135642.73919,7.233333,186.0,-58.0,0.0,0.0,2940,1912,1.076018,0.82,0.0,0.0,pix
real_001_s001_2026-05-18_22-18-09-416,001,001,3,044,044.jpg,436,153.338261,1779135642.755857,7.25,186.0,-58.0,0.0,0.0,2940,1912,1.076018,0.82,0.0,0.0,pix
real_001_s001_2026-05-18_22-18-09-416,001,001,3,044,044.jpg,437,153.354928,1779135642.772524,7.266667,186.0,-58.0,0.0,0.0,2940,1912,1.076018,0.82,0.0,0.0,pix
real_001_s001_2026-05-18_22-18-09-416,001,001,3,044,044.jpg,438,153.371594,1779135642.78919,7.283333,186.0,-58.0,0.0,0.0,2940,1912,1.076018,0.82,0.0,0.0,pix
real_001_s001_2026-05-18_22-18-09-416,001,001,3,044,044.jpg,439,153.388261,1779135642.805857,7.3,186.0,-58.0,0.0,0.0,2940,1912,1.076018,0.82,0.0,0.0,pix
real_001_s001_2026-05-18_22-18-09-416,001,001,3,044,044.jpg,440,153.404928,1779135642.822524,7.316667,186.0,-58.0,0.0,0.0,2940,1912,1.076018,0.82,0.0,0.0,pix
real_001_s001_2026-05-18_22-18-09-416,001,001,3,044,044.jpg,441,153.421594,1779135642.83919,7.333333,186.0,-58.0,0.0,0.0,2940,1912,1.076018,0.82,0.0,0.0,pix
real_001_s001_2026-05-18_22-18-09-416,001,001,3,044,044.jpg,442,153.438261,1779135642.855857,7.35,186.0,-58.0,0.0,0.0,2940,1912,1.076018,0.82,0.0,0.0,pix
real_001_s001_2026-05-18_22-18-09-416,001,001,3,044,044.jpg,443,153.454928,1779135642.872524,7.366667,186.0,-58.0,0.0,0.0,2940,1912,1.076018,0.82,0.0,0.0,pix
real_001_s001_2026-05-18_22-18-09-416,001,001,3,044,044.jpg,444,153.471594,1779135642.88919,7.383333,186.0,-58.0,0.0,0.0,2940,1912,1.076018,0.82,0.0,0.0,pix
real_001_s001_2026-05-18_22-18-09-416,001,001,3,044,044.jpg,445,153.488261,1779135642.905857,7.4,186.0,-58.0,0.0,0.0,2940,1912,1.076018,0.82,0.0,0.0,pix
real_001_s001_2026-05-18_22-18-09-416,001,001,3,044,044.jpg,446,153.504928,1779135642.922524,7.416667,186.0,-58.0,0.0,0.0,2940,1912,1.076018,0.82,0.0,0.0,pix
real_001_s001_2026-05-18_22-18-09-416,001,001,3,044,044.jpg,447,153.521594,1779135642.93919,7.433333,186.0,-58.0,0.0,0.0,2940,1912,1.076018,0.82,0.0,0.0,pix
real_001_s001_2026-05-18_22-18-09-416,001,001,3,044,044.jpg,448,153.538261,1779135642.955857,7.45,186.0,-58.0,0.0,0.0,2940,1912,1.076018,0.82,0.0,0.0,pix
real_001_s001_2026-05-18_22-18-09-416,001,001,3,044,044.jpg,449,153.554928,1779135642.972524,7.466667,186.0,-58.0,0.0,0.0,2940,1912,1.076018,0.82,0.0,0.0,pix
real_001_s001_2026-05-18_22-18-09-416,001,001,3,044,044.jpg,450,153.571594,1779135642.98919,7.483333,186.0,-58.0,0.0,0.0,2940,1912,1.076018,0.82,0.0,0.0,pix
real_001_s001_2026-05-18_22-18-09-416,001,001,3,044,044.jpg,451,153.588261,1779135643.005857,7.5,186.0,-58.0,0.0,0.0,2940,1912,1.076018,0.82,0.0,0.0,pix
real_001_s001_2026-05-18_22-18-09-416,001,001,3,044,044.jpg,452,153.604928,1779135643.022524,7.516667,186.0,-58.0,0.0,0.0,2940,1912,1.076018,0.82,0.0,0.0,pix
real_001_s001_2026-05-18_22-18-09-416,001,001,3,044,044.jpg,453,153.621594,1779135643.03919,7.533333,186.0,-58.0,0.0,0.0,2940,1912,1.076018,0.82,0.0,0.0,pix
real_001_s001_2026-05-18_22-18-09-416,001,001,3,044,044.jpg,454,153.638261,1779135643.055857,7.55,186.0,-58.0,0.0,0.0,2940,1912,1.076018,0.82,0.0,0.0,pix
real_001_s001_2026-05-18_22-18-09-416,001,001,3,044,044.jpg,455,153.654928,1779135643.072524,7.566667,186.0,-58.0,0.0,0.0,2940,1912,1.076018,0.82,0.0,0.0,pix
real_001_s001_2026-05-18_22-18-09-416,001,001,3,044,044.jpg,456,153.671594,1779135643.08919,7.583333,186.0,-58.0,0.0,0.0,2940,1912,1.076018,0.82,0.0,0.0,pix
real_001_s001_2026-05-18_22-18-09-416,001,001,3,044,044.jpg,457,153.688261,1779135643.105857,7.6,186.0,-58.0,0.0,0.0,2940,1912,1.076018,0.82,0.0,0.0,pix
real_001_s001_2026-05-18_22-18-09-416,001,001,3,044,044.jpg,458,153.704928,1779135643.122524,7.616667,186.0,-58.0,0.0,0.0,2940,1912,1.076018,0.82,0.0,0.0,pix
real_001_s001_2026-05-18_22-18-09-416,001,001,3,044,044.jpg,459,153.721594,1779135643.13919,7.633333,186.0,-58.0,0.0,0.0,2940,1912,1.076018,0.82,0.0,0.0,pix
real_001_s001_2026-05-18_22-18-09-416,001,001,3,044,044.jpg,460,153.738261,1779135643.155857,7.65,186.0,-58.0,0.0,0.0,2940,1912,1.076018,0.82,0.0,0.0,pix
real_001_s001_2026-05-18_22-18-09-416,001,001,3,044,044.jpg,461,153.754928,1779135643.172524,7.666667,186.0,-58.0,0.0,0.0,2940,1912,1.076018,0.82,0.0,0.0,pix
real_001_s001_2026-05-18_22-18-09-416,001,001,3,044,044.jpg,462,153.771594,1779135643.18919,7.683333,186.0,-58.0,0.0,0.0,2940,1912,1.076018,0.82,0.0,0.0,pix
real_001_s001_2026-05-18_22-18-09-416,001,001,3,044,044.jpg,463,153.788261,1779135643.205857,7.7,186.0,-58.0,0.0,0.0,2940,1912,1.076018,0.82,0.0,0.0,pix
real_001_s001_2026-05-18_22-18-09-416,001,001,3,044,044.jpg,464,153.804928,1779135643.222524,7.716667,186.0,-58.0,0.0,0.0,2940,1912,1.076018,0.82,0.0,0.0,pix
real_001_s001_2026-05-18_22-18-09-416,001,001,3,044,044.jpg,465,153.821594,1779135643.23919,7.733333,186.0,-58.0,0.0,0.0,2940,1912,1.076018,0.82,0.0,0.0,pix
real_001_s001_2026-05-18_22-18-09-416,001,001,3,044,044.jpg,466,153.838261,1779135643.255857,7.75,186.0,-58.0,0.0,0.0,2940,1912,1.076018,0.82,0.0,0.0,pix
real_001_s001_2026-05-18_22-18-09-416,001,001,3,044,044.jpg,467,153.854928,1779135643.272524,7.766667,186.0,-58.0,0.0,0.0,2940,1912,1.076018,0.82,0.0,0.0,pix
real_001_s001_2026-05-18_22-18-09-416,001,001,3,044,044.jpg,468,153.871594,1779135643.28919,7.783333,186.0,-58.0,0.0,0.0,2940,1912,1.076018,0.82,0.0,0.0,pix
real_001_s001_2026-05-18_22-18-09-416,001,001,3,044,044.jpg,469,153.888261,1779135643.305857,7.8,186.0,-58.0,0.0,0.0,2940,1912,1.076018,0.82,0.0,0.0,pix
real_001_s001_2026-05-18_22-18-09-416,001,001,3,044,044.jpg,470,153.904928,1779135643.322524,7.816667,186.0,-58.0,0.0,0.0,2940,1912,1.076018,0.82,0.0,0.0,pix
real_001_s001_2026-05-18_22-18-09-416,001,001,3,044,044.jpg,471,153.921594,1779135643.33919,7.833333,186.0,-58.0,0.0,0.0,2940,1912,1.076018,0.82,0.0,0.0,pix
real_001_s001_2026-05-18_22-18-09-416,001,001,3,044,044.jpg,472,153.938261,1779135643.355857,7.85,186.0,-58.0,0.0,0.0,2940,1912,1.076018,0.82,0.0,0.0,pix
real_001_s001_2026-05-18_22-18-09-416,001,001,3,044,044.jpg,473,153.954928,1779135643.372524,7.866667,186.0,-58.0,0.0,0.0,2940,1912,1.076018,0.82,0.0,0.0,pix
real_001_s001_2026-05-18_22-18-09-416,001,001,3,044,044.jpg,474,153.971594,1779135643.38919,7.883333,186.0,-58.0,0.0,0.0,2940,1912,1.076018,0.82,0.0,0.0,pix
real_001_s001_2026-05-18_22-18-09-416,001,001,3,044,044.jpg,475,153.988261,1779135643.405857,7.9,186.0,-58.0,0.0,0.0,2940,1912,1.076018,0.82,0.0,0.0,pix
real_001_s001_2026-05-18_22-18-09-416,001,001,3,044,044.jpg,476,154.004928,1779135643.422524,7.916667,186.0,-58.0,0.0,0.0,2940,1912,1.076018,0.82,0.0,0.0,pix
real_001_s001_2026-05-18_22-18-09-416,001,001,3,044,044.jpg,477,154.021594,1779135643.43919,7.933333,186.0,-58.0,0.0,0.0,2940,1912,1.076018,0.82,0.0,0.0,pix
real_001_s001_2026-05-18_22-18-09-416,001,001,3,044,044.jpg,478,154.038261,1779135643.455857,7.95,186.0,-58.0,0.0,0.0,2940,1912,1.076018,0.82,0.0,0.0,pix
real_001_s001_2026-05-18_22-18-09-416,001,001,3,044,044.jpg,479,154.054928,1779135643.472524,7.966667,186.0,-58.0,0.0,0.0,2940,1912,1.076018,0.82,0.0,0.0,pix
real_001_s001_2026-05-18_22-18-09-416,001,001,3,044,044.jpg,480,154.071594,1779135643.48919,7.983333,186.0,-58.0,0.0,0.0,2940,1912,1.076018,0.82,0.0,0.0,pix
real_001_s001_2026-05-18_22-18-09-416,001,001,3,044,044.jpg,481,154.088261,1779135643.505857,8.0,186.0,-58.0,0.0,0.0,2940,1912,1.076018,0.82,0.0,0.0,pix
real_001_s001_2026-05-18_22-18-09-416,001,001,3,044,044.jpg,482,154.104928,1779135643.522524,8.016667,186.0,-58.0,0.0,0.0,2940,1912,1.076018,0.82,0.0,0.0,pix
real_001_s001_2026-05-18_22-18-09-416,001,001,3,044,044.jpg,483,154.121594,1779135643.53919,8.033333,186.0,-58.0,0.0,0.0,2940,1912,1.076018,0.82,0.0,0.0,pix
real_001_s001_2026-05-18_22-18-09-416,001,001,3,044,044.jpg,484,154.138261,1779135643.555857,8.05,186.0,-58.0,0.0,0.0,2940,1912,1.076018,0.82,0.0,0.0,pix
real_001_s001_2026-05-18_22-18-09-416,001,001,3,044,044.jpg,485,154.154928,1779135643.572524,8.066667,186.0,-58.0,0.0,0.0,2940,1912,1.076018,0.82,0.0,0.0,pix
real_001_s001_2026-05-18_22-18-09-416,001,001,3,044,044.jpg,486,154.171594,1779135643.58919,8.083333,186.0,-58.0,0.0,0.0,2940,1912,1.076018,0.82,0.0,0.0,pix
real_001_s001_2026-05-18_22-18-09-416,001,001,3,044,044.jpg,487,154.188261,1779135643.605857,8.1,186.0,-58.0,0.0,0.0,2940,1912,1.076018,0.82,0.0,0.0,pix
real_001_s001_2026-05-18_22-18-09-416,001,001,3,044,044.jpg,488,154.204928,1779135643.622524,8.116667,186.0,-58.0,0.0,0.0,2940,1912,1.076018,0.82,0.0,0.0,pix
real_001_s001_2026-05-18_22-18-09-416,001,001,3,044,044.jpg,489,154.221594,1779135643.63919,8.133333,186.0,-58.0,0.0,0.0,2940,1912,1.076018,0.82,0.0,0.0,pix
real_001_s001_2026-05-18_22-18-09-416,001,001,3,044,044.jpg,490,154.238261,1779135643.655857,8.15,186.0,-58.0,0.0,0.0,2940,1912,1.076018,0.82,0.0,0.0,pix
real_001_s001_2026-05-18_22-18-09-416,001,001,3,044,044.jpg,491,154.254928,1779135643.672524,8.166667,186.0,-58.0,0.0,0.0,2940,1912,1.076018,0.82,0.0,0.0,pix
real_001_s001_2026-05-18_22-18-09-416,001,001,3,044,044.jpg,492,154.271594,1779135643.68919,8.183333,186.0,-58.0,0.0,0.0,2940,1912,1.076018,0.82,0.0,0.0,pix
real_001_s001_2026-05-18_22-18-09-416,001,001,3,044,044.jpg,493,154.288261,1779135643.705857,8.2,186.0,-58.0,0.0,0.0,2940,1912,1.076018,0.82,0.0,0.0,pix
real_001_s001_2026-05-18_22-18-09-416,001,001,3,044,044.jpg,494,154.304928,1779135643.722524,8.216667,186.0,-58.0,0.0,0.0,2940,1912,1.076018,0.82,0.0,0.0,pix
real_001_s001_2026-05-18_22-18-09-416,001,001,3,044,044.jpg,495,154.321594,1779135643.73919,8.233333,186.0,-58.0,0.0,0.0,2940,1912,1.076018,0.82,0.0,0.0,pix
real_001_s001_2026-05-18_22-18-09-416,001,001,3,044,044.jpg,496,154.338261,1779135643.755857,8.25,186.0,-58.0,0.0,0.0,2940,1912,1.076018,0.82,0.0,0.0,pix
real_001_s001_2026-05-18_22-18-09-416,001,001,3,044,044.jpg,497,154.354928,1779135643.772524,8.266667,186.0,-58.0,0.0,0.0,2940,1912,1.076018,0.82,0.0,0.0,pix
real_001_s001_2026-05-18_22-18-09-416,001,001,3,044,044.jpg,498,154.371594,1779135643.78919,8.283333,186.0,-58.0,0.0,0.0,2940,1912,1.076018,0.82,0.0,0.0,pix
real_001_s001_2026-05-18_22-18-09-416,001,001,3,044,044.jpg,499,154.388261,1779135643.805857,8.3,186.0,-58.0,0.0,0.0,2940,1912,1.076018,0.82,0.0,0.0,pix
real_001_s001_2026-05-18_22-18-09-416,001,001,3,044,044.jpg,500,154.404928,1779135643.822524,8.316667,186.0,-58.0,0.0,0.0,2940,1912,1.076018,0.82,0.0,0.0,pix
real_001_s001_2026-05-18_22-18-09-416,001,001,3,044,044.jpg,501,154.421594,1779135643.83919,8.333333,186.0,-58.0,0.0,0.0,2940,1912,1.076018,0.82,0.0,0.0,pix
real_001_s001_2026-05-18_22-18-09-416,001,001,3,044,044.jpg,502,154.438261,1779135643.855857,8.35,186.0,-58.0,0.0,0.0,2940,1912,1.076018,0.82,0.0,0.0,pix
real_001_s001_2026-05-18_22-18-09-416,001,001,3,044,044.jpg,503,154.454928,1779135643.872524,8.366667,186.0,-58.0,0.0,0.0,2940,1912,1.076018,0.82,0.0,0.0,pix
real_001_s001_2026-05-18_22-18-09-416,001,001,3,044,044.jpg,504,154.471594,1779135643.88919,8.383333,186.0,-58.0,0.0,0.0,2940,1912,1.076018,0.82,0.0,0.0,pix
real_001_s001_2026-05-18_22-18-09-416,001,001,3,044,044.jpg,505,154.488261,1779135643.905857,8.4,186.0,-58.0,0.0,0.0,2940,1912,1.076018,0.82,0.0,0.0,pix
real_001_s001_2026-05-18_22-18-09-416,001,001,3,044,044.jpg,506,154.504928,1779135643.922524,8.416667,186.0,-58.0,0.0,0.0,2940,1912,1.076018,0.82,0.0,0.0,pix
real_001_s001_2026-05-18_22-18-09-416,001,001,3,044,044.jpg,507,154.521594,1779135643.93919,8.433333,186.0,-58.0,0.0,0.0,2940,1912,1.076018,0.82,0.0,0.0,pix
real_001_s001_2026-05-18_22-18-09-416,001,001,3,044,044.jpg,508,154.538261,1779135643.955857,8.45,186.0,-58.0,0.0,0.0,2940,1912,1.076018,0.82,0.0,0.0,pix
real_001_s001_2026-05-18_22-18-09-416,001,001,3,044,044.jpg,509,154.554928,1779135643.972524,8.466667,186.0,-58.0,0.0,0.0,2940,1912,1.076018,0.82,0.0,0.0,pix
real_001_s001_2026-05-18_22-18-09-416,001,001,3,044,044.jpg,510,154.571594,1779135643.98919,8.483333,186.0,-58.0,0.0,0.0,2940,1912,1.076018,0.82,0.0,0.0,pix
real_001_s001_2026-05-18_22-18-09-416,001,001,3,044,044.jpg,511,154.588261,1779135644.005857,8.5,186.0,-58.0,0.0,0.0,2940,1912,1.076018,0.82,0.0,0.0,pix
real_001_s001_2026-05-18_22-18-09-416,001,001,3,044,044.jpg,512,154.604928,1779135644.022524,8.516667,186.0,-58.0,0.0,0.0,2940,1912,1.076018,0.82,0.0,0.0,pix
real_001_s001_2026-05-18_22-18-09-416,001,001,3,044,044.jpg,513,154.621594,1779135644.03919,8.533333,186.0,-58.0,0.0,0.0,2940,1912,1.076018,0.82,0.0,0.0,pix
real_001_s001_2026-05-18_22-18-09-416,001,001,3,044,044.jpg,514,154.638261,1779135644.055857,8.55,186.0,-58.0,0.0,0.0,2940,1912,1.076018,0.82,0.0,0.0,pix
real_001_s001_2026-05-18_22-18-09-416,001,001,3,044,044.jpg,515,154.654928,1779135644.072524,8.566667,186.0,-58.0,0.0,0.0,2940,1912,1.076018,0.82,0.0,0.0,pix
real_001_s001_2026-05-18_22-18-09-416,001,001,3,044,044.jpg,516,154.671594,1779135644.08919,8.583333,186.0,-58.0,0.0,0.0,2940,1912,1.076018,0.82,0.0,0.0,pix
real_001_s001_2026-05-18_22-18-09-416,001,001,3,044,044.jpg,517,154.688261,1779135644.105857,8.6,186.0,-58.0,0.0,0.0,2940,1912,1.076018,0.82,0.0,0.0,pix
real_001_s001_2026-05-18_22-18-09-416,001,001,3,044,044.jpg,518,154.704928,1779135644.122524,8.616667,186.0,-58.0,0.0,0.0,2940,1912,1.076018,0.82,0.0,0.0,pix
real_001_s001_2026-05-18_22-18-09-416,001,001,3,044,044.jpg,519,154.721594,1779135644.13919,8.633333,186.0,-58.0,0.0,0.0,2940,1912,1.076018,0.82,0.0,0.0,pix
real_001_s001_2026-05-18_22-18-09-416,001,001,3,044,044.jpg,520,154.738261,1779135644.155857,8.65,186.0,-58.0,0.0,0.0,2940,1912,1.076018,0.82,0.0,0.0,pix
real_001_s001_2026-05-18_22-18-09-416,001,001,3,044,044.jpg,521,154.754928,1779135644.172524,8.666667,186.0,-58.0,0.0,0.0,2940,1912,1.076018,0.82,0.0,0.0,pix
real_001_s001_2026-05-18_22-18-09-416,001,001,3,044,044.jpg,522,154.771594,1779135644.18919,8.683333,186.0,-58.0,0.0,0.0,2940,1912,1.076018,0.82,0.0,0.0,pix
real_001_s001_2026-05-18_22-18-09-416,001,001,3,044,044.jpg,523,154.788261,1779135644.205857,8.7,186.0,-58.0,0.0,0.0,2940,1912,1.076018,0.82,0.0,0.0,pix
real_001_s001_2026-05-18_22-18-09-416,001,001,3,044,044.jpg,524,154.804928,1779135644.222524,8.716667,186.0,-58.0,0.0,0.0,2940,1912,1.076018,0.82,0.0,0.0,pix
real_001_s001_2026-05-18_22-18-09-416,001,001,3,044,044.jpg,525,154.821594,1779135644.23919,8.733333,186.0,-58.0,0.0,0.0,2940,1912,1.076018,0.82,0.0,0.0,pix
real_001_s001_2026-05-18_22-18-09-416,001,001,3,044,044.jpg,526,154.838261,1779135644.255857,8.75,186.0,-58.0,0.0,0.0,2940,1912,1.076018,0.82,0.0,0.0,pix
real_001_s001_2026-05-18_22-18-09-416,001,001,3,044,044.jpg,527,154.854928,1779135644.272524,8.766667,186.0,-58.0,0.0,0.0,2940,1912,1.076018,0.82,0.0,0.0,pix
real_001_s001_2026-05-18_22-18-09-416,001,001,3,044,044.jpg,528,154.871594,1779135644.28919,8.783333,186.0,-58.0,0.0,0.0,2940,1912,1.076018,0.82,0.0,0.0,pix
real_001_s001_2026-05-18_22-18-09-416,001,001,3,044,044.jpg,529,154.888261,1779135644.305857,8.8,186.0,-58.0,0.0,0.0,2940,1912,1.076018,0.82,0.0,0.0,pix
real_001_s001_2026-05-18_22-18-09-416,001,001,3,044,044.jpg,530,154.904928,1779135644.322524,8.816667,186.0,-58.0,0.0,0.0,2940,1912,1.076018,0.82,0.0,0.0,pix
real_001_s001_2026-05-18_22-18-09-416,001,001,3,044,044.jpg,531,154.921594,1779135644.33919,8.833333,186.0,-58.0,0.0,0.0,2940,1912,1.076018,0.82,0.0,0.0,pix
real_001_s001_2026-05-18_22-18-09-416,001,001,3,044,044.jpg,532,154.938261,1779135644.355857,8.85,186.0,-58.0,0.0,0.0,2940,1912,1.076018,0.82,0.0,0.0,pix
real_001_s001_2026-05-18_22-18-09-416,001,001,3,044,044.jpg,533,154.954928,1779135644.372524,8.866667,186.0,-58.0,0.0,0.0,2940,1912,1.076018,0.82,0.0,0.0,pix
real_001_s001_2026-05-18_22-18-09-416,001,001,3,044,044.jpg,534,154.971594,1779135644.38919,8.883333,186.0,-58.0,0.0,0.0,2940,1912,1.076018,0.82,0.0,0.0,pix
real_001_s001_2026-05-18_22-18-09-416,001,001,3,044,044.jpg,535,154.988261,1779135644.405857,8.9,186.0,-58.0,0.0,0.0,2940,1912,1.076018,0.82,0.0,0.0,pix
real_001_s001_2026-05-18_22-18-09-416,001,001,3,044,044.jpg,536,155.004928,1779135644.422524,8.916667,186.0,-58.0,0.0,0.0,2940,1912,1.076018,0.82,0.0,0.0,pix
real_001_s001_2026-05-18_22-18-09-416,001,001,3,044,044.jpg,537,155.021594,1779135644.43919,8.933333,186.0,-58.0,0.0,0.0,2940,1912,1.076018,0.82,0.0,0.0,pix
real_001_s001_2026-05-18_22-18-09-416,001,001,3,044,044.jpg,538,155.038261,1779135644.455857,8.95,186.0,-58.0,0.0,0.0,2940,1912,1.076018,0.82,0.0,0.0,pix
real_001_s001_2026-05-18_22-18-09-416,001,001,3,044,044.jpg,539,155.054928,1779135644.472524,8.966667,186.0,-58.0,0.0,0.0,2940,1912,1.076018,0.82,0.0,0.0,pix
real_001_s001_2026-05-18_22-18-09-416,001,001,3,044,044.jpg,540,155.071594,1779135644.48919,8.983333,186.0,-58.0,0.0,0.0,2940,1912,1.076018,0.82,0.0,0.0,pix
real_001_s001_2026-05-18_22-18-09-416,001,001,3,044,044.jpg,541,155.088261,1779135644.505857,9.0,186.0,-58.0,0.0,0.0,2940,1912,1.076018,0.82,0.0,0.0,pix
real_001_s001_2026-05-18_22-18-09-416,001,001,3,044,044.jpg,542,155.104928,1779135644.522524,9.016667,186.0,-58.0,0.0,0.0,2940,1912,1.076018,0.82,0.0,0.0,pix
real_001_s001_2026-05-18_22-18-09-416,001,001,3,044,044.jpg,543,155.121594,1779135644.53919,9.033333,186.0,-58.0,0.0,0.0,2940,1912,1.076018,0.82,0.0,0.0,pix
real_001_s001_2026-05-18_22-18-09-416,001,001,3,044,044.jpg,544,155.138261,1779135644.555857,9.05,186.0,-58.0,0.0,0.0,2940,1912,1.076018,0.82,0.0,0.0,pix
real_001_s001_2026-05-18_22-18-09-416,001,001,3,044,044.jpg,545,155.154928,1779135644.572524,9.066667,186.0,-58.0,0.0,0.0,2940,1912,1.076018,0.82,0.0,0.0,pix
real_001_s001_2026-05-18_22-18-09-416,001,001,3,044,044.jpg,546,155.171594,1779135644.58919,9.083333,186.0,-58.0,0.0,0.0,2940,1912,1.076018,0.82,0.0,0.0,pix
real_001_s001_2026-05-18_22-18-09-416,001,001,3,044,044.jpg,547,155.188261,1779135644.605857,9.1,186.0,-58.0,0.0,0.0,2940,1912,1.076018,0.82,0.0,0.0,pix
real_001_s001_2026-05-18_22-18-09-416,001,001,3,044,044.jpg,548,155.204928,1779135644.622524,9.116667,186.0,-58.0,0.0,0.0,2940,1912,1.076018,0.82,0.0,0.0,pix
real_001_s001_2026-05-18_22-18-09-416,001,001,3,044,044.jpg,549,155.221594,1779135644.63919,9.133333,186.0,-58.0,0.0,0.0,2940,1912,1.076018,0.82,0.0,0.0,pix
real_001_s001_2026-05-18_22-18-09-416,001,001,3,044,044.jpg,550,155.238261,1779135644.655857,9.15,186.0,-58.0,0.0,0.0,2940,1912,1.076018,0.82,0.0,0.0,pix
real_001_s001_2026-05-18_22-18-09-416,001,001,3,044,044.jpg,551,155.254928,1779135644.672524,9.166667,186.0,-58.0,0.0,0.0,2940,1912,1.076018,0.82,0.0,0.0,pix
real_001_s001_2026-05-18_22-18-09-416,001,001,3,044,044.jpg,552,155.271594,1779135644.68919,9.183333,186.0,-58.0,0.0,0.0,2940,1912,1.076018,0.82,0.0,0.0,pix
real_001_s001_2026-05-18_22-18-09-416,001,001,3,044,044.jpg,553,155.288261,1779135644.705857,9.2,186.0,-58.0,0.0,0.0,2940,1912,1.076018,0.82,0.0,0.0,pix
real_001_s001_2026-05-18_22-18-09-416,001,001,3,044,044.jpg,554,155.304928,1779135644.722524,9.216667,186.0,-58.0,0.0,0.0,2940,1912,1.076018,0.82,0.0,0.0,pix
real_001_s001_2026-05-18_22-18-09-416,001,001,3,044,044.jpg,555,155.321594,1779135644.73919,9.233333,186.0,-58.0,0.0,0.0,2940,1912,1.076018,0.82,0.0,0.0,pix
real_001_s001_2026-05-18_22-18-09-416,001,001,3,044,044.jpg,556,155.338261,1779135644.755857,9.25,186.0,-58.0,0.0,0.0,2940,1912,1.076018,0.82,0.0,0.0,pix
real_001_s001_2026-05-18_22-18-09-416,001,001,3,044,044.jpg,557,155.354928,1779135644.772524,9.266667,186.0,-58.0,0.0,0.0,2940,1912,1.076018,0.82,0.0,0.0,pix
real_001_s001_2026-05-18_22-18-09-416,001,001,3,044,044.jpg,558,155.371594,1779135644.78919,9.283333,186.0,-58.0,0.0,0.0,2940,1912,1.076018,0.82,0.0,0.0,pix
real_001_s001_2026-05-18_22-18-09-416,001,001,3,044,044.jpg,559,155.388261,1779135644.805857,9.3,186.0,-58.0,0.0,0.0,2940,1912,1.076018,0.82,0.0,0.0,pix
real_001_s001_2026-05-18_22-18-09-416,001,001,3,044,044.jpg,560,155.404928,1779135644.822524,9.316667,186.0,-58.0,0.0,0.0,2940,1912,1.076018,0.82,0.0,0.0,pix
real_001_s001_2026-05-18_22-18-09-416,001,001,3,044,044.jpg,561,155.421594,1779135644.83919,9.333333,186.0,-58.0,0.0,0.0,2940,1912,1.076018,0.82,0.0,0.0,pix
real_001_s001_2026-05-18_22-18-09-416,001,001,3,044,044.jpg,562,155.438261,1779135644.855857,9.35,186.0,-58.0,0.0,0.0,2940,1912,1.076018,0.82,0.0,0.0,pix
real_001_s001_2026-05-18_22-18-09-416,001,001,3,044,044.jpg,563,155.454928,1779135644.872524,9.366667,186.0,-58.0,0.0,0.0,2940,1912,1.076018,0.82,0.0,0.0,pix
real_001_s001_2026-05-18_22-18-09-416,001,001,3,044,044.jpg,564,155.471594,1779135644.88919,9.383333,186.0,-58.0,0.0,0.0,2940,1912,1.076018,0.82,0.0,0.0,pix
real_001_s001_2026-05-18_22-18-09-416,001,001,3,044,044.jpg,565,155.488261,1779135644.905857,9.4,186.0,-58.0,0.0,0.0,2940,1912,1.076018,0.82,0.0,0.0,pix
real_001_s001_2026-05-18_22-18-09-416,001,001,3,044,044.jpg,566,155.504928,1779135644.922524,9.416667,186.0,-58.0,0.0,0.0,2940,1912,1.076018,0.82,0.0,0.0,pix
real_001_s001_2026-05-18_22-18-09-416,001,001,3,044,044.jpg,567,155.521594,1779135644.93919,9.433333,186.0,-58.0,0.0,0.0,2940,1912,1.076018,0.82,0.0,0.0,pix
real_001_s001_2026-05-18_22-18-09-416,001,001,3,044,044.jpg,568,155.538261,1779135644.955857,9.45,186.0,-58.0,0.0,0.0,2940,1912,1.076018,0.82,0.0,0.0,pix
real_001_s001_2026-05-18_22-18-09-416,001,001,3,044,044.jpg,569,155.554928,1779135644.972524,9.466667,186.0,-58.0,0.0,0.0,2940,1912,1.076018,0.82,0.0,0.0,pix
real_001_s001_2026-05-18_22-18-09-416,001,001,3,044,044.jpg,570,155.571594,1779135644.98919,9.483333,186.0,-58.0,0.0,0.0,2940,1912,1.076018,0.82,0.0,0.0,pix
real_001_s001_2026-05-18_22-18-09-416,001,001,3,044,044.jpg,571,155.588261,1779135645.005857,9.5,186.0,-58.0,0.0,0.0,2940,1912,1.076018,0.82,0.0,0.0,pix
real_001_s001_2026-05-18_22-18-09-416,001,001,3,044,044.jpg,572,155.604928,1779135645.022524,9.516667,186.0,-58.0,0.0,0.0,2940,1912,1.076018,0.82,0.0,0.0,pix
real_001_s001_2026-05-18_22-18-09-416,001,001,3,044,044.jpg,573,155.621594,1779135645.03919,9.533333,186.0,-58.0,0.0,0.0,2940,1912,1.076018,0.82,0.0,0.0,pix
real_001_s001_2026-05-18_22-18-09-416,001,001,3,044,044.jpg,574,155.638261,1779135645.055857,9.55,186.0,-58.0,0.0,0.0,2940,1912,1.076018,0.82,0.0,0.0,pix
real_001_s001_2026-05-18_22-18-09-416,001,001,3,044,044.jpg,575,155.654928,1779135645.072524,9.566667,186.0,-58.0,0.0,0.0,2940,1912,1.076018,0.82,0.0,0.0,pix
real_001_s001_2026-05-18_22-18-09-416,001,001,3,044,044.jpg,576,155.671594,1779135645.08919,9.583333,186.0,-58.0,0.0,0.0,2940,1912,1.076018,0.82,0.0,0.0,pix
real_001_s001_2026-05-18_22-18-09-416,001,001,3,044,044.jpg,577,155.688261,1779135645.105857,9.6,186.0,-58.0,0.0,0.0,2940,1912,1.076018,0.82,0.0,0.0,pix
real_001_s001_2026-05-18_22-18-09-416,001,001,3,044,044.jpg,578,155.704928,1779135645.122524,9.616667,186.0,-58.0,0.0,0.0,2940,1912,1.076018,0.82,0.0,0.0,pix
real_001_s001_2026-05-18_22-18-09-416,001,001,3,044,044.jpg,579,155.721594,1779135645.13919,9.633333,186.0,-58.0,0.0,0.0,2940,1912,1.076018,0.82,0.0,0.0,pix
real_001_s001_2026-05-18_22-18-09-416,001,001,3,044,044.jpg,580,155.738261,1779135645.155857,9.65,186.0,-58.0,0.0,0.0,2940,1912,1.076018,0.82,0.0,0.0,pix
real_001_s001_2026-05-18_22-18-09-416,001,001,3,044,044.jpg,581,155.754928,1779135645.172524,9.666667,186.0,-58.0,0.0,0.0,2940,1912,1.076018,0.82,0.0,0.0,pix
real_001_s001_2026-05-18_22-18-09-416,001,001,3,044,044.jpg,582,155.771594,1779135645.18919,9.683333,186.0,-58.0,0.0,0.0,2940,1912,1.076018,0.82,0.0,0.0,pix
real_001_s001_2026-05-18_22-18-09-416,001,001,3,044,044.jpg,583,155.788261,1779135645.205857,9.7,186.0,-58.0,0.0,0.0,2940,1912,1.076018,0.82,0.0,0.0,pix
real_001_s001_2026-05-18_22-18-09-416,001,001,3,044,044.jpg,584,155.804928,1779135645.222524,9.716667,186.0,-58.0,0.0,0.0,2940,1912,1.076018,0.82,0.0,0.0,pix
real_001_s001_2026-05-18_22-18-09-416,001,001,3,044,044.jpg,585,155.821594,1779135645.23919,9.733333,186.0,-58.0,0.0,0.0,2940,1912,1.076018,0.82,0.0,0.0,pix
real_001_s001_2026-05-18_22-18-09-416,001,001,3,044,044.jpg,586,155.838261,1779135645.255857,9.75,186.0,-58.0,0.0,0.0,2940,1912,1.076018,0.82,0.0,0.0,pix
real_001_s001_2026-05-18_22-18-09-416,001,001,3,044,044.jpg,587,155.854928,1779135645.272524,9.766667,186.0,-58.0,0.0,0.0,2940,1912,1.076018,0.82,0.0,0.0,pix
real_001_s001_2026-05-18_22-18-09-416,001,001,3,044,044.jpg,588,155.871594,1779135645.28919,9.783333,186.0,-58.0,0.0,0.0,2940,1912,1.076018,0.82,0.0,0.0,pix
real_001_s001_2026-05-18_22-18-09-416,001,001,3,044,044.jpg,589,155.888261,1779135645.305857,9.8,186.0,-58.0,0.0,0.0,2940,1912,1.076018,0.82,0.0,0.0,pix
real_001_s001_2026-05-18_22-18-09-416,001,001,3,044,044.jpg,590,155.904928,1779135645.322524,9.816667,186.0,-58.0,0.0,0.0,2940,1912,1.076018,0.82,0.0,0.0,pix
real_001_s001_2026-05-18_22-18-09-416,001,001,3,044,044.jpg,591,155.921594,1779135645.33919,9.833333,186.0,-58.0,0.0,0.0,2940,1912,1.076018,0.82,0.0,0.0,pix
real_001_s001_2026-05-18_22-18-09-416,001,001,3,044,044.jpg,592,155.938261,1779135645.355857,9.85,186.0,-58.0,0.0,0.0,2940,1912,1.076018,0.82,0.0,0.0,pix
real_001_s001_2026-05-18_22-18-09-416,001,001,3,044,044.jpg,593,155.954928,1779135645.372524,9.866667,186.0,-58.0,0.0,0.0,2940,1912,1.076018,0.82,0.0,0.0,pix
real_001_s001_2026-05-18_22-18-09-416,001,001,3,044,044.jpg,594,155.971594,1779135645.38919,9.883333,186.0,-58.0,0.0,0.0,2940,1912,1.076018,0.82,0.0,0.0,pix
real_001_s001_2026-05-18_22-18-09-416,001,001,3,044,044.jpg,595,155.988261,1779135645.405857,9.9,186.0,-58.0,0.0,0.0,2940,1912,1.076018,0.82,0.0,0.0,pix
real_001_s001_2026-05-18_22-18-09-416,001,001,3,044,044.jpg,596,156.004928,1779135645.422524,9.916667,186.0,-58.0,0.0,0.0,2940,1912,1.076018,0.82,0.0,0.0,pix
real_001_s001_2026-05-18_22-18-09-416,001,001,3,044,044.jpg,597,156.021594,1779135645.43919,9.933333,186.0,-58.0,0.0,0.0,2940,1912,1.076018,0.82,0.0,0.0,pix
real_001_s001_2026-05-18_22-18-09-416,001,001,3,044,044.jpg,598,156.038261,1779135645.455857,9.95,186.0,-58.0,0.0,0.0,2940,1912,1.076018,0.82,0.0,0.0,pix
real_001_s001_2026-05-18_22-18-09-416,001,001,3,044,044.jpg,599,156.054928,1779135645.472524,9.966667,186.0,-58.0,0.0,0.0,2940,1912,1.076018,0.82,0.0,0.0,pix
real_001_s001_2026-05-18_22-18-09-416,001,001,3,044,044.jpg,600,156.071594,1779135645.48919,9.983333,186.0,-58.0,0.0,0.0,2940,1912,1.076018,0.82,0.0,0.0,pix
real_001_s001_2026-05-18_22-18-09-416,001,001,3,044,044.jpg,601,156.088261,1779135645.505857,10.0,186.0,-58.0,0.0,0.0,2940,1912,1.076018,0.82,0.0,0.0,pix
real_001_s001_2026-05-18_22-18-09-416,001,001,3,044,044.jpg,602,156.104928,1779135645.522524,10.016667,186.0,-58.0,0.0,0.0,2940,1912,1.076018,0.82,0.0,0.0,pix
real_001_s001_2026-05-18_22-18-09-416,001,001,3,044,044.jpg,603,156.121594,1779135645.53919,10.033333,186.0,-58.0,0.0,0.0,2940,1912,1.076018,0.82,0.0,0.0,pix
real_001_s001_2026-05-18_22-18-09-416,001,001,3,044,044.jpg,604,156.138261,1779135645.555857,10.05,186.0,-58.0,0.0,0.0,2940,1912,1.076018,0.82,0.0,0.0,pix
real_001_s001_2026-05-18_22-18-09-416,001,001,3,044,044.jpg,605,156.154928,1779135645.572524,10.066667,186.0,-58.0,0.0,0.0,2940,1912,1.076018,0.82,0.0,0.0,pix
real_001_s001_2026-05-18_22-18-09-416,001,001,3,044,044.jpg,606,156.171594,1779135645.58919,10.083333,186.0,-58.0,0.0,0.0,2940,1912,1.076018,0.82,0.0,0.0,pix
real_001_s001_2026-05-18_22-18-09-416,001,001,3,044,044.jpg,607,156.188261,1779135645.605857,10.1,186.0,-58.0,0.0,0.0,2940,1912,1.076018,0.82,0.0,0.0,pix
real_001_s001_2026-05-18_22-18-09-416,001,001,3,044,044.jpg,608,156.204928,1779135645.622524,10.116667,186.0,-58.0,0.0,0.0,2940,1912,1.076018,0.82,0.0,0.0,pix
real_001_s001_2026-05-18_22-18-09-416,001,001,3,044,044.jpg,609,156.221594,1779135645.63919,10.133333,186.0,-58.0,0.0,0.0,2940,1912,1.076018,0.82,0.0,0.0,pix
real_001_s001_2026-05-18_22-18-09-416,001,001,3,044,044.jpg,610,156.238261,1779135645.655857,10.15,186.0,-58.0,0.0,0.0,2940,1912,1.076018,0.82,0.0,0.0,pix
real_001_s001_2026-05-18_22-18-09-416,001,001,3,044,044.jpg,611,156.254928,1779135645.672524,10.166667,186.0,-58.0,0.0,0.0,2940,1912,1.076018,0.82,0.0,0.0,pix
real_001_s001_2026-05-18_22-18-09-416,001,001,3,044,044.jpg,612,156.271594,1779135645.68919,10.183333,186.0,-58.0,0.0,0.0,2940,1912,1.076018,0.82,0.0,0.0,pix
real_001_s001_2026-05-18_22-18-09-416,001,001,3,044,044.jpg,613,156.288261,1779135645.705857,10.2,186.0,-58.0,0.0,0.0,2940,1912,1.076018,0.82,0.0,0.0,pix
real_001_s001_2026-05-18_22-18-09-416,001,001,3,044,044.jpg,614,156.304928,1779135645.722524,10.216667,186.0,-58.0,0.0,0.0,2940,1912,1.076018,0.82,0.0,0.0,pix
real_001_s001_2026-05-18_22-18-09-416,001,001,3,044,044.jpg,615,156.321594,1779135645.73919,10.233333,186.0,-58.0,0.0,0.0,2940,1912,1.076018,0.82,0.0,0.0,pix
real_001_s001_2026-05-18_22-18-09-416,001,001,3,044,044.jpg,616,156.338261,1779135645.755857,10.25,186.0,-58.0,0.0,0.0,2940,1912,1.076018,0.82,0.0,0.0,pix
real_001_s001_2026-05-18_22-18-09-416,001,001,3,044,044.jpg,617,156.354928,1779135645.772524,10.266667,186.0,-58.0,0.0,0.0,2940,1912,1.076018,0.82,0.0,0.0,pix
real_001_s001_2026-05-18_22-18-09-416,001,001,3,044,044.jpg,618,156.371594,1779135645.78919,10.283333,186.0,-58.0,0.0,0.0,2940,1912,1.076018,0.82,0.0,0.0,pix
real_001_s001_2026-05-18_22-18-09-416,001,001,3,044,044.jpg,619,156.388261,1779135645.805857,10.3,186.0,-58.0,0.0,0.0,2940,1912,1.076018,0.82,0.0,0.0,pix
real_001_s001_2026-05-18_22-18-09-416,001,001,3,044,044.jpg,620,156.404928,1779135645.822524,10.316667,186.0,-58.0,0.0,0.0,2940,1912,1.076018,0.82,0.0,0.0,pix
real_001_s001_2026-05-18_22-18-09-416,001,001,3,044,044.jpg,621,156.421594,1779135645.83919,10.333333,186.0,-58.0,0.0,0.0,2940,1912,1.076018,0.82,0.0,0.0,pix
real_001_s001_2026-05-18_22-18-09-416,001,001,3,044,044.jpg,622,156.438261,1779135645.855857,10.35,186.0,-58.0,0.0,0.0,2940,1912,1.076018,0.82,0.0,0.0,pix
real_001_s001_2026-05-18_22-18-09-416,001,001,3,044,044.jpg,623,156.454928,1779135645.872524,10.366667,186.0,-58.0,0.0,0.0,2940,1912,1.076018,0.82,0.0,0.0,pix
real_001_s001_2026-05-18_22-18-09-416,001,001,3,044,044.jpg,624,156.471594,1779135645.88919,10.383333,186.0,-58.0,0.0,0.0,2940,1912,1.076018,0.82,0.0,0.0,pix
real_001_s001_2026-05-18_22-18-09-416,001,001,3,044,044.jpg,625,156.488261,1779135645.905857,10.4,186.0,-58.0,0.0,0.0,2940,1912,1.076018,0.82,0.0,0.0,pix
real_001_s001_2026-05-18_22-18-09-416,001,001,3,044,044.jpg,626,156.504928,1779135645.922524,10.416667,186.0,-58.0,0.0,0.0,2940,1912,1.076018,0.82,0.0,0.0,pix
real_001_s001_2026-05-18_22-18-09-416,001,001,3,044,044.jpg,627,156.521594,1779135645.93919,10.433333,186.0,-58.0,0.0,0.0,2940,1912,1.076018,0.82,0.0,0.0,pix
real_001_s001_2026-05-18_22-18-09-416,001,001,3,044,044.jpg,628,156.538261,1779135645.955857,10.45,186.0,-58.0,0.0,0.0,2940,1912,1.076018,0.82,0.0,0.0,pix
real_001_s001_2026-05-18_22-18-09-416,001,001,3,044,044.jpg,629,156.554928,1779135645.972524,10.466667,186.0,-58.0,0.0,0.0,2940,1912,1.076018,0.82,0.0,0.0,pix
real_001_s001_2026-05-18_22-18-09-416,001,001,3,044,044.jpg,630,156.571594,1779135645.98919,10.483333,186.0,-58.0,0.0,0.0,2940,1912,1.076018,0.82,0.0,0.0,pix
real_001_s001_2026-05-18_22-18-09-416,001,001,3,044,044.jpg,631,156.588261,1779135646.005857,10.5,186.0,-58.0,0.0,0.0,2940,1912,1.076018,0.82,0.0,0.0,pix
real_001_s001_2026-05-18_22-18-09-416,001,001,3,044,044.jpg,632,156.604928,1779135646.022524,10.516667,186.0,-58.0,0.0,0.0,2940,1912,1.076018,0.82,0.0,0.0,pix
real_001_s001_2026-05-18_22-18-09-416,001,001,3,044,044.jpg,633,156.621594,1779135646.03919,10.533333,186.0,-58.0,0.0,0.0,2940,1912,1.076018,0.82,0.0,0.0,pix
real_001_s001_2026-05-18_22-18-09-416,001,001,3,044,044.jpg,634,156.638261,1779135646.055857,10.55,186.0,-58.0,0.0,0.0,2940,1912,1.076018,0.82,0.0,0.0,pix
real_001_s001_2026-05-18_22-18-09-416,001,001,3,044,044.jpg,635,156.654928,1779135646.072524,10.566667,186.0,-58.0,0.0,0.0,2940,1912,1.076018,0.82,0.0,0.0,pix
real_001_s001_2026-05-18_22-18-09-416,001,001,3,044,044.jpg,636,156.671594,1779135646.08919,10.583333,186.0,-58.0,0.0,0.0,2940,1912,1.076018,0.82,0.0,0.0,pix
real_001_s001_2026-05-18_22-18-09-416,001,001,3,044,044.jpg,637,156.688261,1779135646.105857,10.6,186.0,-58.0,0.0,0.0,2940,1912,1.076018,0.82,0.0,0.0,pix
real_001_s001_2026-05-18_22-18-09-416,001,001,3,044,044.jpg,638,156.704928,1779135646.122524,10.616667,186.0,-58.0,0.0,0.0,2940,1912,1.076018,0.82,0.0,0.0,pix
real_001_s001_2026-05-18_22-18-09-416,001,001,3,044,044.jpg,639,156.721594,1779135646.13919,10.633333,186.0,-58.0,0.0,0.0,2940,1912,1.076018,0.82,0.0,0.0,pix
real_001_s001_2026-05-18_22-18-09-416,001,001,3,044,044.jpg,640,156.738261,1779135646.155857,10.65,186.0,-58.0,0.0,0.0,2940,1912,1.076018,0.82,0.0,0.0,pix
real_001_s001_2026-05-18_22-18-09-416,001,001,3,044,044.jpg,641,156.754928,1779135646.172524,10.666667,186.0,-58.0,0.0,0.0,2940,1912,1.076018,0.82,0.0,0.0,pix
real_001_s001_2026-05-18_22-18-09-416,001,001,3,044,044.jpg,642,156.771594,1779135646.18919,10.683333,186.0,-58.0,0.0,0.0,2940,1912,1.076018,0.82,0.0,0.0,pix
real_001_s001_2026-05-18_22-18-09-416,001,001,3,044,044.jpg,643,156.788261,1779135646.205857,10.7,186.0,-58.0,0.0,0.0,2940,1912,1.076018,0.82,0.0,0.0,pix
real_001_s001_2026-05-18_22-18-09-416,001,001,3,044,044.jpg,644,156.804928,1779135646.222524,10.716667,186.0,-58.0,0.0,0.0,2940,1912,1.076018,0.82,0.0,0.0,pix
real_001_s001_2026-05-18_22-18-09-416,001,001,3,044,044.jpg,645,156.821594,1779135646.23919,10.733333,186.0,-58.0,0.0,0.0,2940,1912,1.076018,0.82,0.0,0.0,pix
real_001_s001_2026-05-18_22-18-09-416,001,001,3,044,044.jpg,646,156.838261,1779135646.255857,10.75,186.0,-58.0,0.0,0.0,2940,1912,1.076018,0.82,0.0,0.0,pix
real_001_s001_2026-05-18_22-18-09-416,001,001,3,044,044.jpg,647,156.854928,1779135646.272524,10.766667,186.0,-58.0,0.0,0.0,2940,1912,1.076018,0.82,0.0,0.0,pix
real_001_s001_2026-05-18_22-18-09-416,001,001,3,044,044.jpg,648,156.871594,1779135646.28919,10.783333,186.0,-58.0,0.0,0.0,2940,1912,1.076018,0.82,0.0,0.0,pix
real_001_s001_2026-05-18_22-18-09-416,001,001,3,044,044.jpg,649,156.888261,1779135646.305857,10.8,186.0,-58.0,0.0,0.0,2940,1912,1.076018,0.82,0.0,0.0,pix
real_001_s001_2026-05-18_22-18-09-416,001,001,3,044,044.jpg,650,156.904928,1779135646.322524,10.816667,186.0,-58.0,0.0,0.0,2940,1912,1.076018,0.82,0.0,0.0,pix
real_001_s001_2026-05-18_22-18-09-416,001,001,3,044,044.jpg,651,156.921594,1779135646.33919,10.833333,186.0,-58.0,0.0,0.0,2940,1912,1.076018,0.82,0.0,0.0,pix
real_001_s001_2026-05-18_22-18-09-416,001,001,3,044,044.jpg,652,156.938261,1779135646.355857,10.85,186.0,-58.0,0.0,0.0,2940,1912,1.076018,0.82,0.0,0.0,pix
real_001_s001_2026-05-18_22-18-09-416,001,001,3,044,044.jpg,653,156.954928,1779135646.372524,10.866667,186.0,-58.0,0.0,0.0,2940,1912,1.076018,0.82,0.0,0.0,pix
real_001_s001_2026-05-18_22-18-09-416,001,001,3,044,044.jpg,654,156.971594,1779135646.38919,10.883333,186.0,-58.0,0.0,0.0,2940,1912,1.076018,0.82,0.0,0.0,pix
real_001_s001_2026-05-18_22-18-09-416,001,001,3,044,044.jpg,655,156.988261,1779135646.405857,10.9,186.0,-58.0,0.0,0.0,2940,1912,1.076018,0.82,0.0,0.0,pix
real_001_s001_2026-05-18_22-18-09-416,001,001,3,044,044.jpg,656,157.004928,1779135646.422524,10.916667,186.0,-58.0,0.0,0.0,2940,1912,1.076018,0.82,0.0,0.0,pix
real_001_s001_2026-05-18_22-18-09-416,001,001,3,044,044.jpg,657,157.021594,1779135646.43919,10.933333,186.0,-58.0,0.0,0.0,2940,1912,1.076018,0.82,0.0,0.0,pix
real_001_s001_2026-05-18_22-18-09-416,001,001,3,044,044.jpg,658,157.038261,1779135646.455857,10.95,186.0,-58.0,0.0,0.0,2940,1912,1.076018,0.82,0.0,0.0,pix
real_001_s001_2026-05-18_22-18-09-416,001,001,3,044,044.jpg,659,157.054928,1779135646.472524,10.966667,186.0,-58.0,0.0,0.0,2940,1912,1.076018,0.82,0.0,0.0,pix
real_001_s001_2026-05-18_22-18-09-416,001,001,3,044,044.jpg,660,157.071594,1779135646.48919,10.983333,186.0,-58.0,0.0,0.0,2940,1912,1.076018,0.82,0.0,0.0,pix
real_001_s001_2026-05-18_22-18-09-416,001,001,3,044,044.jpg,661,157.088261,1779135646.505857,11.0,186.0,-58.0,0.0,0.0,2940,1912,1.076018,0.82,0.0,0.0,pix
real_001_s001_2026-05-18_22-18-09-416,001,001,3,044,044.jpg,662,157.104928,1779135646.522524,11.016667,186.0,-58.0,0.0,0.0,2940,1912,1.076018,0.82,0.0,0.0,pix
real_001_s001_2026-05-18_22-18-09-416,001,001,3,044,044.jpg,663,157.121594,1779135646.53919,11.033333,186.0,-58.0,0.0,0.0,2940,1912,1.076018,0.82,0.0,0.0,pix
real_001_s001_2026-05-18_22-18-09-416,001,001,3,044,044.jpg,664,157.138261,1779135646.555857,11.05,186.0,-58.0,0.0,0.0,2940,1912,1.076018,0.82,0.0,0.0,pix
real_001_s001_2026-05-18_22-18-09-416,001,001,3,044,044.jpg,665,157.154928,1779135646.572524,11.066667,186.0,-58.0,0.0,0.0,2940,1912,1.076018,0.82,0.0,0.0,pix
real_001_s001_2026-05-18_22-18-09-416,001,001,3,044,044.jpg,666,157.171594,1779135646.58919,11.083333,186.0,-58.0,0.0,0.0,2940,1912,1.076018,0.82,0.0,0.0,pix
real_001_s001_2026-05-18_22-18-09-416,001,001,3,044,044.jpg,667,157.188261,1779135646.605857,11.1,186.0,-58.0,0.0,0.0,2940,1912,1.076018,0.82,0.0,0.0,pix
real_001_s001_2026-05-18_22-18-09-416,001,001,3,044,044.jpg,668,157.204928,1779135646.622524,11.116667,186.0,-58.0,0.0,0.0,2940,1912,1.076018,0.82,0.0,0.0,pix
real_001_s001_2026-05-18_22-18-09-416,001,001,3,044,044.jpg,669,157.221594,1779135646.63919,11.133333,186.0,-58.0,0.0,0.0,2940,1912,1.076018,0.82,0.0,0.0,pix
real_001_s001_2026-05-18_22-18-09-416,001,001,3,044,044.jpg,670,157.238261,1779135646.655857,11.15,186.0,-58.0,0.0,0.0,2940,1912,1.076018,0.82,0.0,0.0,pix
real_001_s001_2026-05-18_22-18-09-416,001,001,3,044,044.jpg,671,157.254928,1779135646.672524,11.166667,186.0,-58.0,0.0,0.0,2940,1912,1.076018,0.82,0.0,0.0,pix
real_001_s001_2026-05-18_22-18-09-416,001,001,3,044,044.jpg,672,157.271594,1779135646.68919,11.183333,186.0,-58.0,0.0,0.0,2940,1912,1.076018,0.82,0.0,0.0,pix
real_001_s001_2026-05-18_22-18-09-416,001,001,3,044,044.jpg,673,157.288261,1779135646.705857,11.2,186.0,-58.0,0.0,0.0,2940,1912,1.076018,0.82,0.0,0.0,pix
real_001_s001_2026-05-18_22-18-09-416,001,001,3,044,044.jpg,674,157.304928,1779135646.722524,11.216667,186.0,-58.0,0.0,0.0,2940,1912,1.076018,0.82,0.0,0.0,pix
real_001_s001_2026-05-18_22-18-09-416,001,001,3,044,044.jpg,675,157.321594,1779135646.73919,11.233333,186.0,-58.0,0.0,0.0,2940,1912,1.076018,0.82,0.0,0.0,pix
real_001_s001_2026-05-18_22-18-09-416,001,001,3,044,044.jpg,676,157.338261,1779135646.755857,11.25,186.0,-58.0,0.0,0.0,2940,1912,1.076018,0.82,0.0,0.0,pix
real_001_s001_2026-05-18_22-18-09-416,001,001,3,044,044.jpg,677,157.354928,1779135646.772524,11.266667,186.0,-58.0,0.0,0.0,2940,1912,1.076018,0.82,0.0,0.0,pix
real_001_s001_2026-05-18_22-18-09-416,001,001,3,044,044.jpg,678,157.371594,1779135646.78919,11.283333,186.0,-58.0,0.0,0.0,2940,1912,1.076018,0.82,0.0,0.0,pix
real_001_s001_2026-05-18_22-18-09-416,001,001,3,044,044.jpg,679,157.388261,1779135646.805857,11.3,186.0,-58.0,0.0,0.0,2940,1912,1.076018,0.82,0.0,0.0,pix
real_001_s001_2026-05-18_22-18-09-416,001,001,3,044,044.jpg,680,157.404928,1779135646.822524,11.316667,186.0,-58.0,0.0,0.0,2940,1912,1.076018,0.82,0.0,0.0,pix
real_001_s001_2026-05-18_22-18-09-416,001,001,3,044,044.jpg,681,157.421594,1779135646.83919,11.333333,186.0,-58.0,0.0,0.0,2940,1912,1.076018,0.82,0.0,0.0,pix
real_001_s001_2026-05-18_22-18-09-416,001,001,3,044,044.jpg,682,157.438261,1779135646.855857,11.35,186.0,-58.0,0.0,0.0,2940,1912,1.076018,0.82,0.0,0.0,pix
real_001_s001_2026-05-18_22-18-09-416,001,001,3,044,044.jpg,683,157.454928,1779135646.872524,11.366667,186.0,-58.0,0.0,0.0,2940,1912,1.076018,0.82,0.0,0.0,pix
real_001_s001_2026-05-18_22-18-09-416,001,001,3,044,044.jpg,684,157.471594,1779135646.88919,11.383333,186.0,-58.0,0.0,0.0,2940,1912,1.076018,0.82,0.0,0.0,pix
real_001_s001_2026-05-18_22-18-09-416,001,001,3,044,044.jpg,685,157.488261,1779135646.905857,11.4,186.0,-58.0,0.0,0.0,2940,1912,1.076018,0.82,0.0,0.0,pix
real_001_s001_2026-05-18_22-18-09-416,001,001,3,044,044.jpg,686,157.504928,1779135646.922524,11.416667,186.0,-58.0,0.0,0.0,2940,1912,1.076018,0.82,0.0,0.0,pix
real_001_s001_2026-05-18_22-18-09-416,001,001,3,044,044.jpg,687,157.521594,1779135646.93919,11.433333,186.0,-58.0,0.0,0.0,2940,1912,1.076018,0.82,0.0,0.0,pix
real_001_s001_2026-05-18_22-18-09-416,001,001,3,044,044.jpg,688,157.538261,1779135646.955857,11.45,186.0,-58.0,0.0,0.0,2940,1912,1.076018,0.82,0.0,0.0,pix
real_001_s001_2026-05-18_22-18-09-416,001,001,3,044,044.jpg,689,157.554928,1779135646.972524,11.466667,186.0,-58.0,0.0,0.0,2940,1912,1.076018,0.82,0.0,0.0,pix
real_001_s001_2026-05-18_22-18-09-416,001,001,3,044,044.jpg,690,157.571594,1779135646.98919,11.483333,186.0,-58.0,0.0,0.0,2940,1912,1.076018,0.82,0.0,0.0,pix
real_001_s001_2026-05-18_22-18-09-416,001,001,3,044,044.jpg,691,157.588261,1779135647.005857,11.5,186.0,-58.0,0.0,0.0,2940,1912,1.076018,0.82,0.0,0.0,pix
real_001_s001_2026-05-18_22-18-09-416,001,001,3,044,044.jpg,692,157.604928,1779135647.022524,11.516667,186.0,-58.0,0.0,0.0,2940,1912,1.076018,0.82,0.0,0.0,pix
real_001_s001_2026-05-18_22-18-09-416,001,001,3,044,044.jpg,693,157.621594,1779135647.03919,11.533333,186.0,-58.0,0.0,0.0,2940,1912,1.076018,0.82,0.0,0.0,pix
real_001_s001_2026-05-18_22-18-09-416,001,001,3,044,044.jpg,694,157.638261,1779135647.055857,11.55,186.0,-58.0,0.0,0.0,2940,1912,1.076018,0.82,0.0,0.0,pix
real_001_s001_2026-05-18_22-18-09-416,001,001,3,044,044.jpg,695,157.654928,1779135647.072524,11.566667,186.0,-58.0,0.0,0.0,2940,1912,1.076018,0.82,0.0,0.0,pix
real_001_s001_2026-05-18_22-18-09-416,001,001,3,044,044.jpg,696,157.671594,1779135647.08919,11.583333,186.0,-58.0,0.0,0.0,2940,1912,1.076018,0.82,0.0,0.0,pix
real_001_s001_2026-05-18_22-18-09-416,001,001,3,044,044.jpg,697,157.688261,1779135647.105857,11.6,186.0,-58.0,0.0,0.0,2940,1912,1.076018,0.82,0.0,0.0,pix
real_001_s001_2026-05-18_22-18-09-416,001,001,3,044,044.jpg,698,157.704928,1779135647.122524,11.616667,186.0,-58.0,0.0,0.0,2940,1912,1.076018,0.82,0.0,0.0,pix
real_001_s001_2026-05-18_22-18-09-416,001,001,3,044,044.jpg,699,157.721594,1779135647.13919,11.633333,186.0,-58.0,0.0,0.0,2940,1912,1.076018,0.82,0.0,0.0,pix
real_001_s001_2026-05-18_22-18-09-416,001,001,3,044,044.jpg,700,157.738261,1779135647.155857,11.65,186.0,-58.0,0.0,0.0,2940,1912,1.076018,0.82,0.0,0.0,pix
real_001_s001_2026-05-18_22-18-09-416,001,001,3,044,044.jpg,701,157.754928,1779135647.172524,11.666667,186.0,-58.0,0.0,0.0,2940,1912,1.076018,0.82,0.0,0.0,pix
real_001_s001_2026-05-18_22-18-09-416,001,001,3,044,044.jpg,702,157.771594,1779135647.18919,11.683333,186.0,-58.0,0.0,0.0,2940,1912,1.076018,0.82,0.0,0.0,pix
real_001_s001_2026-05-18_22-18-09-416,001,001,3,044,044.jpg,703,157.788261,1779135647.205857,11.7,186.0,-58.0,0.0,0.0,2940,1912,1.076018,0.82,0.0,0.0,pix
real_001_s001_2026-05-18_22-18-09-416,001,001,3,044,044.jpg,704,157.804928,1779135647.222524,11.716667,186.0,-58.0,0.0,0.0,2940,1912,1.076018,0.82,0.0,0.0,pix
real_001_s001_2026-05-18_22-18-09-416,001,001,3,044,044.jpg,705,157.821594,1779135647.23919,11.733333,186.0,-58.0,0.0,0.0,2940,1912,1.076018,0.82,0.0,0.0,pix
real_001_s001_2026-05-18_22-18-09-416,001,001,3,044,044.jpg,706,157.838261,1779135647.255857,11.75,186.0,-58.0,0.0,0.0,2940,1912,1.076018,0.82,0.0,0.0,pix
real_001_s001_2026-05-18_22-18-09-416,001,001,3,044,044.jpg,707,157.854928,1779135647.272524,11.766667,186.0,-58.0,0.0,0.0,2940,1912,1.076018,0.82,0.0,0.0,pix
real_001_s001_2026-05-18_22-18-09-416,001,001,3,044,044.jpg,708,157.871594,1779135647.28919,11.783333,186.0,-58.0,0.0,0.0,2940,1912,1.076018,0.82,0.0,0.0,pix
real_001_s001_2026-05-18_22-18-09-416,001,001,3,044,044.jpg,709,157.888261,1779135647.305857,11.8,186.0,-58.0,0.0,0.0,2940,1912,1.076018,0.82,0.0,0.0,pix
real_001_s001_2026-05-18_22-18-09-416,001,001,3,044,044.jpg,710,157.904928,1779135647.322524,11.816667,186.0,-58.0,0.0,0.0,2940,1912,1.076018,0.82,0.0,0.0,pix
real_001_s001_2026-05-18_22-18-09-416,001,001,3,044,044.jpg,711,157.921594,1779135647.33919,11.833333,186.0,-58.0,0.0,0.0,2940,1912,1.076018,0.82,0.0,0.0,pix
real_001_s001_2026-05-18_22-18-09-416,001,001,3,044,044.jpg,712,157.938261,1779135647.355857,11.85,186.0,-58.0,0.0,0.0,2940,1912,1.076018,0.82,0.0,0.0,pix
real_001_s001_2026-05-18_22-18-09-416,001,001,3,044,044.jpg,713,157.954928,1779135647.372524,11.866667,186.0,-58.0,0.0,0.0,2940,1912,1.076018,0.82,0.0,0.0,pix
real_001_s001_2026-05-18_22-18-09-416,001,001,3,044,044.jpg,714,157.971594,1779135647.38919,11.883333,186.0,-58.0,0.0,0.0,2940,1912,1.076018,0.82,0.0,0.0,pix
real_001_s001_2026-05-18_22-18-09-416,001,001,3,044,044.jpg,715,157.988261,1779135647.405857,11.9,186.0,-58.0,0.0,0.0,2940,1912,1.076018,0.82,0.0,0.0,pix
real_001_s001_2026-05-18_22-18-09-416,001,001,3,044,044.jpg,716,158.004928,1779135647.422524,11.916667,186.0,-58.0,0.0,0.0,2940,1912,1.076018,0.82,0.0,0.0,pix
real_001_s001_2026-05-18_22-18-09-416,001,001,3,044,044.jpg,717,158.021594,1779135647.43919,11.933333,186.0,-58.0,0.0,0.0,2940,1912,1.076018,0.82,0.0,0.0,pix
real_001_s001_2026-05-18_22-18-09-416,001,001,3,044,044.jpg,718,158.038261,1779135647.455857,11.95,186.0,-58.0,0.0,0.0,2940,1912,1.076018,0.82,0.0,0.0,pix
real_001_s001_2026-05-18_22-18-09-416,001,001,3,044,044.jpg,719,158.054928,1779135647.472524,11.966667,186.0,-58.0,0.0,0.0,2940,1912,1.076018,0.82,0.0,0.0,pix
real_001_s001_2026-05-18_22-18-09-416,001,001,3,044,044.jpg,720,158.071594,1779135647.48919,11.983333,186.0,-58.0,0.0,0.0,2940,1912,1.076018,0.82,0.0,0.0,pix
real_001_s001_2026-05-18_22-18-09-416,001,001,3,044,044.jpg,721,158.088261,1779135647.505857,12.0,186.0,-58.0,0.0,0.0,2940,1912,1.076018,0.82,0.0,0.0,pix
real_001_s001_2026-05-18_22-18-09-416,001,001,3,044,044.jpg,722,158.104928,1779135647.522524,12.016667,186.0,-58.0,0.0,0.0,2940,1912,1.076018,0.82,0.0,0.0,pix
real_001_s001_2026-05-18_22-18-09-416,001,001,3,044,044.jpg,723,158.121594,1779135647.53919,12.033333,186.0,-58.0,0.0,0.0,2940,1912,1.076018,0.82,0.0,0.0,pix
real_001_s001_2026-05-18_22-18-09-416,001,001,3,044,044.jpg,724,158.138261,1779135647.555857,12.05,186.0,-58.0,0.0,0.0,2940,1912,1.076018,0.82,0.0,0.0,pix
real_001_s001_2026-05-18_22-18-09-416,001,001,3,044,044.jpg,725,158.154928,1779135647.572524,12.066667,186.0,-58.0,0.0,0.0,2940,1912,1.076018,0.82,0.0,0.0,pix
real_001_s001_2026-05-18_22-18-09-416,001,001,3,044,044.jpg,726,158.171594,1779135647.58919,12.083333,186.0,-58.0,0.0,0.0,2940,1912,1.076018,0.82,0.0,0.0,pix
real_001_s001_2026-05-18_22-18-09-416,001,001,3,044,044.jpg,727,158.188261,1779135647.605857,12.1,186.0,-58.0,0.0,0.0,2940,1912,1.076018,0.82,0.0,0.0,pix
real_001_s001_2026-05-18_22-18-09-416,001,001,3,044,044.jpg,728,158.204928,1779135647.622524,12.116667,186.0,-58.0,0.0,0.0,2940,1912,1.076018,0.82,0.0,0.0,pix
real_001_s001_2026-05-18_22-18-09-416,001,001,3,044,044.jpg,729,158.221594,1779135647.63919,12.133333,186.0,-58.0,0.0,0.0,2940,1912,1.076018,0.82,0.0,0.0,pix
real_001_s001_2026-05-18_22-18-09-416,001,001,3,044,044.jpg,730,158.238261,1779135647.655857,12.15,186.0,-58.0,0.0,0.0,2940,1912,1.076018,0.82,0.0,0.0,pix
real_001_s001_2026-05-18_22-18-09-416,001,001,3,044,044.jpg,731,158.254928,1779135647.672524,12.166667,186.0,-58.0,0.0,0.0,2940,1912,1.076018,0.82,0.0,0.0,pix
real_001_s001_2026-05-18_22-18-09-416,001,001,3,044,044.jpg,732,158.271594,1779135647.68919,12.183333,186.0,-58.0,0.0,0.0,2940,1912,1.076018,0.82,0.0,0.0,pix
real_001_s001_2026-05-18_22-18-09-416,001,001,3,044,044.jpg,733,158.288261,1779135647.705857,12.2,186.0,-58.0,0.0,0.0,2940,1912,1.076018,0.82,0.0,0.0,pix
real_001_s001_2026-05-18_22-18-09-416,001,001,3,044,044.jpg,734,158.304928,1779135647.722524,12.216667,186.0,-58.0,0.0,0.0,2940,1912,1.076018,0.82,0.0,0.0,pix
real_001_s001_2026-05-18_22-18-09-416,001,001,3,044,044.jpg,735,158.321594,1779135647.73919,12.233333,186.0,-58.0,0.0,0.0,2940,1912,1.076018,0.82,0.0,0.0,pix
real_001_s001_2026-05-18_22-18-09-416,001,001,3,044,044.jpg,736,158.338261,1779135647.755857,12.25,186.0,-58.0,0.0,0.0,2940,1912,1.076018,0.82,0.0,0.0,pix
real_001_s001_2026-05-18_22-18-09-416,001,001,3,044,044.jpg,737,158.354928,1779135647.772524,12.266667,186.0,-58.0,0.0,0.0,2940,1912,1.076018,0.82,0.0,0.0,pix
real_001_s001_2026-05-18_22-18-09-416,001,001,3,044,044.jpg,738,158.371594,1779135647.78919,12.283333,186.0,-58.0,0.0,0.0,2940,1912,1.076018,0.82,0.0,0.0,pix
real_001_s001_2026-05-18_22-18-09-416,001,001,3,044,044.jpg,739,158.388261,1779135647.805857,12.3,186.0,-58.0,0.0,0.0,2940,1912,1.076018,0.82,0.0,0.0,pix
real_001_s001_2026-05-18_22-18-09-416,001,001,3,044,044.jpg,740,158.404928,1779135647.822524,12.316667,186.0,-58.0,0.0,0.0,2940,1912,1.076018,0.82,0.0,0.0,pix
real_001_s001_2026-05-18_22-18-09-416,001,001,3,044,044.jpg,741,158.421594,1779135647.83919,12.333333,186.0,-58.0,0.0,0.0,2940,1912,1.076018,0.82,0.0,0.0,pix
real_001_s001_2026-05-18_22-18-09-416,001,001,3,044,044.jpg,742,158.438261,1779135647.855857,12.35,186.0,-58.0,0.0,0.0,2940,1912,1.076018,0.82,0.0,0.0,pix
real_001_s001_2026-05-18_22-18-09-416,001,001,3,044,044.jpg,743,158.454928,1779135647.872524,12.366667,186.0,-58.0,0.0,0.0,2940,1912,1.076018,0.82,0.0,0.0,pix
real_001_s001_2026-05-18_22-18-09-416,001,001,3,044,044.jpg,744,158.471594,1779135647.88919,12.383333,186.0,-58.0,0.0,0.0,2940,1912,1.076018,0.82,0.0,0.0,pix
real_001_s001_2026-05-18_22-18-09-416,001,001,3,044,044.jpg,745,158.488261,1779135647.905857,12.4,186.0,-58.0,0.0,0.0,2940,1912,1.076018,0.82,0.0,0.0,pix
real_001_s001_2026-05-18_22-18-09-416,001,001,3,044,044.jpg,746,158.504928,1779135647.922524,12.416667,186.0,-58.0,0.0,0.0,2940,1912,1.076018,0.82,0.0,0.0,pix
real_001_s001_2026-05-18_22-18-09-416,001,001,3,044,044.jpg,747,158.521594,1779135647.93919,12.433333,186.0,-58.0,0.0,0.0,2940,1912,1.076018,0.82,0.0,0.0,pix
real_001_s001_2026-05-18_22-18-09-416,001,001,3,044,044.jpg,748,158.538261,1779135647.955857,12.45,186.0,-58.0,0.0,0.0,2940,1912,1.076018,0.82,0.0,0.0,pix
real_001_s001_2026-05-18_22-18-09-416,001,001,3,044,044.jpg,749,158.554928,1779135647.972524,12.466667,186.0,-58.0,0.0,0.0,2940,1912,1.076018,0.82,0.0,0.0,pix
real_001_s001_2026-05-18_22-18-09-416,001,001,3,044,044.jpg,750,158.571594,1779135647.98919,12.483333,186.0,-58.0,0.0,0.0,2940,1912,1.076018,0.82,0.0,0.0,pix
real_001_s001_2026-05-18_22-18-09-416,001,001,3,044,044.jpg,751,158.588261,1779135648.005857,12.5,186.0,-58.0,0.0,0.0,2940,1912,1.076018,0.82,0.0,0.0,pix
real_001_s001_2026-05-18_22-18-09-416,001,001,3,044,044.jpg,752,158.604928,1779135648.022524,12.516667,186.0,-58.0,0.0,0.0,2940,1912,1.076018,0.82,0.0,0.0,pix
real_001_s001_2026-05-18_22-18-09-416,001,001,3,044,044.jpg,753,158.621594,1779135648.03919,12.533333,186.0,-58.0,0.0,0.0,2940,1912,1.076018,0.82,0.0,0.0,pix
real_001_s001_2026-05-18_22-18-09-416,001,001,3,044,044.jpg,754,158.638261,1779135648.055857,12.55,186.0,-58.0,0.0,0.0,2940,1912,1.076018,0.82,0.0,0.0,pix
real_001_s001_2026-05-18_22-18-09-416,001,001,3,044,044.jpg,755,158.654928,1779135648.072524,12.566667,186.0,-58.0,0.0,0.0,2940,1912,1.076018,0.82,0.0,0.0,pix
real_001_s001_2026-05-18_22-18-09-416,001,001,3,044,044.jpg,756,158.671594,1779135648.08919,12.583333,186.0,-58.0,0.0,0.0,2940,1912,1.076018,0.82,0.0,0.0,pix
real_001_s001_2026-05-18_22-18-09-416,001,001,3,044,044.jpg,757,158.688261,1779135648.105857,12.6,186.0,-58.0,0.0,0.0,2940,1912,1.076018,0.82,0.0,0.0,pix
real_001_s001_2026-05-18_22-18-09-416,001,001,3,044,044.jpg,758,158.704928,1779135648.122524,12.616667,186.0,-58.0,0.0,0.0,2940,1912,1.076018,0.82,0.0,0.0,pix
real_001_s001_2026-05-18_22-18-09-416,001,001,3,044,044.jpg,759,158.721594,1779135648.13919,12.633333,186.0,-58.0,0.0,0.0,2940,1912,1.076018,0.82,0.0,0.0,pix
real_001_s001_2026-05-18_22-18-09-416,001,001,3,044,044.jpg,760,158.738261,1779135648.155857,12.65,186.0,-58.0,0.0,0.0,2940,1912,1.076018,0.82,0.0,0.0,pix
real_001_s001_2026-05-18_22-18-09-416,001,001,3,044,044.jpg,761,158.754928,1779135648.172524,12.666667,186.0,-58.0,0.0,0.0,2940,1912,1.076018,0.82,0.0,0.0,pix
real_001_s001_2026-05-18_22-18-09-416,001,001,3,044,044.jpg,762,158.771594,1779135648.18919,12.683333,186.0,-58.0,0.0,0.0,2940,1912,1.076018,0.82,0.0,0.0,pix
real_001_s001_2026-05-18_22-18-09-416,001,001,3,044,044.jpg,763,158.788261,1779135648.205857,12.7,186.0,-58.0,0.0,0.0,2940,1912,1.076018,0.82,0.0,0.0,pix
real_001_s001_2026-05-18_22-18-09-416,001,001,3,044,044.jpg,764,158.804928,1779135648.222524,12.716667,186.0,-58.0,0.0,0.0,2940,1912,1.076018,0.82,0.0,0.0,pix
real_001_s001_2026-05-18_22-18-09-416,001,001,3,044,044.jpg,765,158.821594,1779135648.23919,12.733333,186.0,-58.0,0.0,0.0,2940,1912,1.076018,0.82,0.0,0.0,pix
real_001_s001_2026-05-18_22-18-09-416,001,001,3,044,044.jpg,766,158.838261,1779135648.255857,12.75,186.0,-58.0,0.0,0.0,2940,1912,1.076018,0.82,0.0,0.0,pix
real_001_s001_2026-05-18_22-18-09-416,001,001,3,044,044.jpg,767,158.854928,1779135648.272524,12.766667,186.0,-58.0,0.0,0.0,2940,1912,1.076018,0.82,0.0,0.0,pix
real_001_s001_2026-05-18_22-18-09-416,001,001,3,044,044.jpg,768,158.871594,1779135648.28919,12.783333,186.0,-58.0,0.0,0.0,2940,1912,1.076018,0.82,0.0,0.0,pix
real_001_s001_2026-05-18_22-18-09-416,001,001,3,044,044.jpg,769,158.888261,1779135648.305857,12.8,186.0,-58.0,0.0,0.0,2940,1912,1.076018,0.82,0.0,0.0,pix
real_001_s001_2026-05-18_22-18-09-416,001,001,3,044,044.jpg,770,158.904928,1779135648.322524,12.816667,186.0,-58.0,0.0,0.0,2940,1912,1.076018,0.82,0.0,0.0,pix
real_001_s001_2026-05-18_22-18-09-416,001,001,3,044,044.jpg,771,158.921594,1779135648.33919,12.833333,186.0,-58.0,0.0,0.0,2940,1912,1.076018,0.82,0.0,0.0,pix
real_001_s001_2026-05-18_22-18-09-416,001,001,3,044,044.jpg,772,158.938261,1779135648.355857,12.85,186.0,-58.0,0.0,0.0,2940,1912,1.076018,0.82,0.0,0.0,pix
real_001_s001_2026-05-18_22-18-09-416,001,001,3,044,044.jpg,773,158.954928,1779135648.372524,12.866667,186.0,-58.0,0.0,0.0,2940,1912,1.076018,0.82,0.0,0.0,pix
real_001_s001_2026-05-18_22-18-09-416,001,001,3,044,044.jpg,774,158.971594,1779135648.38919,12.883333,186.0,-58.0,0.0,0.0,2940,1912,1.076018,0.82,0.0,0.0,pix
real_001_s001_2026-05-18_22-18-09-416,001,001,3,044,044.jpg,775,158.988261,1779135648.405857,12.9,186.0,-58.0,0.0,0.0,2940,1912,1.076018,0.82,0.0,0.0,pix
real_001_s001_2026-05-18_22-18-09-416,001,001,3,044,044.jpg,776,159.004928,1779135648.422524,12.916667,186.0,-58.0,0.0,0.0,2940,1912,1.076018,0.82,0.0,0.0,pix
real_001_s001_2026-05-18_22-18-09-416,001,001,3,044,044.jpg,777,159.021594,1779135648.43919,12.933333,186.0,-58.0,0.0,0.0,2940,1912,1.076018,0.82,0.0,0.0,pix
real_001_s001_2026-05-18_22-18-09-416,001,001,3,044,044.jpg,778,159.038261,1779135648.455857,12.95,186.0,-58.0,0.0,0.0,2940,1912,1.076018,0.82,0.0,0.0,pix
real_001_s001_2026-05-18_22-18-09-416,001,001,3,044,044.jpg,779,159.054928,1779135648.472524,12.966667,186.0,-58.0,0.0,0.0,2940,1912,1.076018,0.82,0.0,0.0,pix
real_001_s001_2026-05-18_22-18-09-416,001,001,3,044,044.jpg,780,159.071594,1779135648.48919,12.983333,186.0,-58.0,0.0,0.0,2940,1912,1.076018,0.82,0.0,0.0,pix
real_001_s001_2026-05-18_22-18-09-416,001,001,3,044,044.jpg,781,159.088261,1779135648.505857,13.0,186.0,-58.0,0.0,0.0,2940,1912,1.076018,0.82,0.0,0.0,pix
real_001_s001_2026-05-18_22-18-09-416,001,001,3,044,044.jpg,782,159.104928,1779135648.522524,13.016667,186.0,-58.0,0.0,0.0,2940,1912,1.076018,0.82,0.0,0.0,pix
real_001_s001_2026-05-18_22-18-09-416,001,001,3,044,044.jpg,783,159.121594,1779135648.53919,13.033333,186.0,-58.0,0.0,0.0,2940,1912,1.076018,0.82,0.0,0.0,pix
real_001_s001_2026-05-18_22-18-09-416,001,001,3,044,044.jpg,784,159.138261,1779135648.555857,13.05,186.0,-58.0,0.0,0.0,2940,1912,1.076018,0.82,0.0,0.0,pix
real_001_s001_2026-05-18_22-18-09-416,001,001,3,044,044.jpg,785,159.154928,1779135648.572524,13.066667,186.0,-58.0,0.0,0.0,2940,1912,1.076018,0.82,0.0,0.0,pix
real_001_s001_2026-05-18_22-18-09-416,001,001,3,044,044.jpg,786,159.171594,1779135648.58919,13.083333,186.0,-58.0,0.0,0.0,2940,1912,1.076018,0.82,0.0,0.0,pix
real_001_s001_2026-05-18_22-18-09-416,001,001,3,044,044.jpg,787,159.188261,1779135648.605857,13.1,186.0,-58.0,0.0,0.0,2940,1912,1.076018,0.82,0.0,0.0,pix
real_001_s001_2026-05-18_22-18-09-416,001,001,3,044,044.jpg,788,159.204928,1779135648.622524,13.116667,186.0,-58.0,0.0,0.0,2940,1912,1.076018,0.82,0.0,0.0,pix
real_001_s001_2026-05-18_22-18-09-416,001,001,3,044,044.jpg,789,159.221594,1779135648.63919,13.133333,186.0,-58.0,0.0,0.0,2940,1912,1.076018,0.82,0.0,0.0,pix
real_001_s001_2026-05-18_22-18-09-416,001,001,3,044,044.jpg,790,159.238261,1779135648.655857,13.15,186.0,-58.0,0.0,0.0,2940,1912,1.076018,0.82,0.0,0.0,pix
real_001_s001_2026-05-18_22-18-09-416,001,001,3,044,044.jpg,791,159.254928,1779135648.672524,13.166667,186.0,-58.0,0.0,0.0,2940,1912,1.076018,0.82,0.0,0.0,pix
real_001_s001_2026-05-18_22-18-09-416,001,001,3,044,044.jpg,792,159.271594,1779135648.68919,13.183333,186.0,-58.0,0.0,0.0,2940,1912,1.076018,0.82,0.0,0.0,pix
real_001_s001_2026-05-18_22-18-09-416,001,001,3,044,044.jpg,793,159.288261,1779135648.705857,13.2,186.0,-58.0,0.0,0.0,2940,1912,1.076018,0.82,0.0,0.0,pix
real_001_s001_2026-05-18_22-18-09-416,001,001,3,044,044.jpg,794,159.304928,1779135648.722524,13.216667,186.0,-58.0,0.0,0.0,2940,1912,1.076018,0.82,0.0,0.0,pix
real_001_s001_2026-05-18_22-18-09-416,001,001,3,044,044.jpg,795,159.321594,1779135648.73919,13.233333,186.0,-58.0,0.0,0.0,2940,1912,1.076018,0.82,0.0,0.0,pix
real_001_s001_2026-05-18_22-18-09-416,001,001,3,044,044.jpg,796,159.338261,1779135648.755857,13.25,186.0,-58.0,0.0,0.0,2940,1912,1.076018,0.82,0.0,0.0,pix
real_001_s001_2026-05-18_22-18-09-416,001,001,3,044,044.jpg,797,159.354928,1779135648.772524,13.266667,186.0,-58.0,0.0,0.0,2940,1912,1.076018,0.82,0.0,0.0,pix
real_001_s001_2026-05-18_22-18-09-416,001,001,3,044,044.jpg,798,159.371594,1779135648.78919,13.283333,186.0,-58.0,0.0,0.0,2940,1912,1.076018,0.82,0.0,0.0,pix
real_001_s001_2026-05-18_22-18-09-416,001,001,3,044,044.jpg,799,159.388261,1779135648.805857,13.3,186.0,-58.0,0.0,0.0,2940,1912,1.076018,0.82,0.0,0.0,pix
real_001_s001_2026-05-18_22-18-09-416,001,001,3,044,044.jpg,800,159.404928,1779135648.822524,13.316667,186.0,-58.0,0.0,0.0,2940,1912,1.076018,0.82,0.0,0.0,pix
real_001_s001_2026-05-18_22-18-09-416,001,001,3,044,044.jpg,801,159.421594,1779135648.83919,13.333333,186.0,-58.0,0.0,0.0,2940,1912,1.076018,0.82,0.0,0.0,pix
real_001_s001_2026-05-18_22-18-09-416,001,001,3,044,044.jpg,802,159.438261,1779135648.855857,13.35,186.0,-58.0,0.0,0.0,2940,1912,1.076018,0.82,0.0,0.0,pix
real_001_s001_2026-05-18_22-18-09-416,001,001,3,044,044.jpg,803,159.454928,1779135648.872524,13.366667,186.0,-58.0,0.0,0.0,2940,1912,1.076018,0.82,0.0,0.0,pix
real_001_s001_2026-05-18_22-18-09-416,001,001,3,044,044.jpg,804,159.471594,1779135648.88919,13.383333,186.0,-58.0,0.0,0.0,2940,1912,1.076018,0.82,0.0,0.0,pix
real_001_s001_2026-05-18_22-18-09-416,001,001,3,044,044.jpg,805,159.488261,1779135648.905857,13.4,186.0,-58.0,0.0,0.0,2940,1912,1.076018,0.82,0.0,0.0,pix
real_001_s001_2026-05-18_22-18-09-416,001,001,3,044,044.jpg,806,159.504928,1779135648.922524,13.416667,186.0,-58.0,0.0,0.0,2940,1912,1.076018,0.82,0.0,0.0,pix
real_001_s001_2026-05-18_22-18-09-416,001,001,3,044,044.jpg,807,159.521594,1779135648.93919,13.433333,186.0,-58.0,0.0,0.0,2940,1912,1.076018,0.82,0.0,0.0,pix
real_001_s001_2026-05-18_22-18-09-416,001,001,3,044,044.jpg,808,159.538261,1779135648.955857,13.45,186.0,-58.0,0.0,0.0,2940,1912,1.076018,0.82,0.0,0.0,pix
real_001_s001_2026-05-18_22-18-09-416,001,001,3,044,044.jpg,809,159.554928,1779135648.972524,13.466667,186.0,-58.0,0.0,0.0,2940,1912,1.076018,0.82,0.0,0.0,pix
real_001_s001_2026-05-18_22-18-09-416,001,001,3,044,044.jpg,810,159.571594,1779135648.98919,13.483333,186.0,-58.0,0.0,0.0,2940,1912,1.076018,0.82,0.0,0.0,pix
real_001_s001_2026-05-18_22-18-09-416,001,001,3,044,044.jpg,811,159.588261,1779135649.005857,13.5,186.0,-58.0,0.0,0.0,2940,1912,1.076018,0.82,0.0,0.0,pix
real_001_s001_2026-05-18_22-18-09-416,001,001,3,044,044.jpg,812,159.604928,1779135649.022524,13.516667,186.0,-58.0,0.0,0.0,2940,1912,1.076018,0.82,0.0,0.0,pix
real_001_s001_2026-05-18_22-18-09-416,001,001,3,044,044.jpg,813,159.621594,1779135649.03919,13.533333,186.0,-58.0,0.0,0.0,2940,1912,1.076018,0.82,0.0,0.0,pix
real_001_s001_2026-05-18_22-18-09-416,001,001,3,044,044.jpg,814,159.638261,1779135649.055857,13.55,186.0,-58.0,0.0,0.0,2940,1912,1.076018,0.82,0.0,0.0,pix
real_001_s001_2026-05-18_22-18-09-416,001,001,3,044,044.jpg,815,159.654928,1779135649.072524,13.566667,186.0,-58.0,0.0,0.0,2940,1912,1.076018,0.82,0.0,0.0,pix
real_001_s001_2026-05-18_22-18-09-416,001,001,3,044,044.jpg,816,159.671594,1779135649.08919,13.583333,186.0,-58.0,0.0,0.0,2940,1912,1.076018,0.82,0.0,0.0,pix
real_001_s001_2026-05-18_22-18-09-416,001,001,3,044,044.jpg,817,159.688261,1779135649.105857,13.6,186.0,-58.0,0.0,0.0,2940,1912,1.076018,0.82,0.0,0.0,pix
real_001_s001_2026-05-18_22-18-09-416,001,001,3,044,044.jpg,818,159.704928,1779135649.122524,13.616667,186.0,-58.0,0.0,0.0,2940,1912,1.076018,0.82,0.0,0.0,pix
real_001_s001_2026-05-18_22-18-09-416,001,001,3,044,044.jpg,819,159.721594,1779135649.13919,13.633333,186.0,-58.0,0.0,0.0,2940,1912,1.076018,0.82,0.0,0.0,pix
real_001_s001_2026-05-18_22-18-09-416,001,001,3,044,044.jpg,820,159.738261,1779135649.155857,13.65,186.0,-58.0,0.0,0.0,2940,1912,1.076018,0.82,0.0,0.0,pix
real_001_s001_2026-05-18_22-18-09-416,001,001,3,044,044.jpg,821,159.754928,1779135649.172524,13.666667,186.0,-58.0,0.0,0.0,2940,1912,1.076018,0.82,0.0,0.0,pix
real_001_s001_2026-05-18_22-18-09-416,001,001,3,044,044.jpg,822,159.771594,1779135649.18919,13.683333,186.0,-58.0,0.0,0.0,2940,1912,1.076018,0.82,0.0,0.0,pix
real_001_s001_2026-05-18_22-18-09-416,001,001,3,044,044.jpg,823,159.788261,1779135649.205857,13.7,186.0,-58.0,0.0,0.0,2940,1912,1.076018,0.82,0.0,0.0,pix
real_001_s001_2026-05-18_22-18-09-416,001,001,3,044,044.jpg,824,159.804928,1779135649.222524,13.716667,186.0,-58.0,0.0,0.0,2940,1912,1.076018,0.82,0.0,0.0,pix
real_001_s001_2026-05-18_22-18-09-416,001,001,3,044,044.jpg,825,159.821594,1779135649.23919,13.733333,186.0,-58.0,0.0,0.0,2940,1912,1.076018,0.82,0.0,0.0,pix
real_001_s001_2026-05-18_22-18-09-416,001,001,3,044,044.jpg,826,159.838261,1779135649.255857,13.75,186.0,-58.0,0.0,0.0,2940,1912,1.076018,0.82,0.0,0.0,pix
real_001_s001_2026-05-18_22-18-09-416,001,001,3,044,044.jpg,827,159.854928,1779135649.272524,13.766667,186.0,-58.0,0.0,0.0,2940,1912,1.076018,0.82,0.0,0.0,pix
real_001_s001_2026-05-18_22-18-09-416,001,001,3,044,044.jpg,828,159.871594,1779135649.28919,13.783333,186.0,-58.0,0.0,0.0,2940,1912,1.076018,0.82,0.0,0.0,pix
real_001_s001_2026-05-18_22-18-09-416,001,001,3,044,044.jpg,829,159.888261,1779135649.305857,13.8,186.0,-58.0,0.0,0.0,2940,1912,1.076018,0.82,0.0,0.0,pix
real_001_s001_2026-05-18_22-18-09-416,001,001,3,044,044.jpg,830,159.904928,1779135649.322524,13.816667,186.0,-58.0,0.0,0.0,2940,1912,1.076018,0.82,0.0,0.0,pix
real_001_s001_2026-05-18_22-18-09-416,001,001,3,044,044.jpg,831,159.921594,1779135649.33919,13.833333,186.0,-58.0,0.0,0.0,2940,1912,1.076018,0.82,0.0,0.0,pix
real_001_s001_2026-05-18_22-18-09-416,001,001,3,044,044.jpg,832,159.938261,1779135649.355857,13.85,186.0,-58.0,0.0,0.0,2940,1912,1.076018,0.82,0.0,0.0,pix
real_001_s001_2026-05-18_22-18-09-416,001,001,3,044,044.jpg,833,159.954928,1779135649.372524,13.866667,186.0,-58.0,0.0,0.0,2940,1912,1.076018,0.82,0.0,0.0,pix
real_001_s001_2026-05-18_22-18-09-416,001,001,3,044,044.jpg,834,159.971594,1779135649.38919,13.883333,186.0,-58.0,0.0,0.0,2940,1912,1.076018,0.82,0.0,0.0,pix
real_001_s001_2026-05-18_22-18-09-416,001,001,3,044,044.jpg,835,159.988261,1779135649.405857,13.9,186.0,-58.0,0.0,0.0,2940,1912,1.076018,0.82,0.0,0.0,pix
real_001_s001_2026-05-18_22-18-09-416,001,001,3,044,044.jpg,836,160.004928,1779135649.422524,13.916667,186.0,-58.0,0.0,0.0,2940,1912,1.076018,0.82,0.0,0.0,pix
real_001_s001_2026-05-18_22-18-09-416,001,001,3,044,044.jpg,837,160.021594,1779135649.43919,13.933333,186.0,-58.0,0.0,0.0,2940,1912,1.076018,0.82,0.0,0.0,pix
real_001_s001_2026-05-18_22-18-09-416,001,001,3,044,044.jpg,838,160.038261,1779135649.455857,13.95,186.0,-58.0,0.0,0.0,2940,1912,1.076018,0.82,0.0,0.0,pix
real_001_s001_2026-05-18_22-18-09-416,001,001,3,044,044.jpg,839,160.054928,1779135649.472524,13.966667,186.0,-58.0,0.0,0.0,2940,1912,1.076018,0.82,0.0,0.0,pix
real_001_s001_2026-05-18_22-18-09-416,001,001,3,044,044.jpg,840,160.071594,1779135649.48919,13.983333,186.0,-58.0,0.0,0.0,2940,1912,1.076018,0.82,0.0,0.0,pix
real_001_s001_2026-05-18_22-18-09-416,001,001,3,044,044.jpg,841,160.088261,1779135649.505857,14.0,186.0,-58.0,0.0,0.0,2940,1912,1.076018,0.82,0.0,0.0,pix
real_001_s001_2026-05-18_22-18-09-416,001,001,3,044,044.jpg,842,160.104928,1779135649.522524,14.016667,186.0,-58.0,0.0,0.0,2940,1912,1.076018,0.82,0.0,0.0,pix
real_001_s001_2026-05-18_22-18-09-416,001,001,3,044,044.jpg,843,160.121594,1779135649.53919,14.033333,186.0,-58.0,0.0,0.0,2940,1912,1.076018,0.82,0.0,0.0,pix
real_001_s001_2026-05-18_22-18-09-416,001,001,3,044,044.jpg,844,160.138261,1779135649.555857,14.05,186.0,-58.0,0.0,0.0,2940,1912,1.076018,0.82,0.0,0.0,pix
real_001_s001_2026-05-18_22-18-09-416,001,001,3,044,044.jpg,845,160.154928,1779135649.572524,14.066667,186.0,-58.0,0.0,0.0,2940,1912,1.076018,0.82,0.0,0.0,pix
real_001_s001_2026-05-18_22-18-09-416,001,001,3,044,044.jpg,846,160.171594,1779135649.58919,14.083333,186.0,-58.0,0.0,0.0,2940,1912,1.076018,0.82,0.0,0.0,pix
real_001_s001_2026-05-18_22-18-09-416,001,001,3,044,044.jpg,847,160.188261,1779135649.605857,14.1,186.0,-58.0,0.0,0.0,2940,1912,1.076018,0.82,0.0,0.0,pix
real_001_s001_2026-05-18_22-18-09-416,001,001,3,044,044.jpg,848,160.204928,1779135649.622524,14.116667,186.0,-58.0,0.0,0.0,2940,1912,1.076018,0.82,0.0,0.0,pix
real_001_s001_2026-05-18_22-18-09-416,001,001,3,044,044.jpg,849,160.221594,1779135649.63919,14.133333,186.0,-58.0,0.0,0.0,2940,1912,1.076018,0.82,0.0,0.0,pix
real_001_s001_2026-05-18_22-18-09-416,001,001,3,044,044.jpg,850,160.238261,1779135649.655857,14.15,186.0,-58.0,0.0,0.0,2940,1912,1.076018,0.82,0.0,0.0,pix
real_001_s001_2026-05-18_22-18-09-416,001,001,3,044,044.jpg,851,160.254928,1779135649.672524,14.166667,186.0,-58.0,0.0,0.0,2940,1912,1.076018,0.82,0.0,0.0,pix
real_001_s001_2026-05-18_22-18-09-416,001,001,3,044,044.jpg,852,160.271594,1779135649.68919,14.183333,186.0,-58.0,0.0,0.0,2940,1912,1.076018,0.82,0.0,0.0,pix
real_001_s001_2026-05-18_22-18-09-416,001,001,3,044,044.jpg,853,160.288261,1779135649.705857,14.2,186.0,-58.0,0.0,0.0,2940,1912,1.076018,0.82,0.0,0.0,pix
real_001_s001_2026-05-18_22-18-09-416,001,001,3,044,044.jpg,854,160.304928,1779135649.722524,14.216667,186.0,-58.0,0.0,0.0,2940,1912,1.076018,0.82,0.0,0.0,pix
real_001_s001_2026-05-18_22-18-09-416,001,001,3,044,044.jpg,855,160.321594,1779135649.73919,14.233333,186.0,-58.0,0.0,0.0,2940,1912,1.076018,0.82,0.0,0.0,pix
real_001_s001_2026-05-18_22-18-09-416,001,001,3,044,044.jpg,856,160.338261,1779135649.755857,14.25,186.0,-58.0,0.0,0.0,2940,1912,1.076018,0.82,0.0,0.0,pix
real_001_s001_2026-05-18_22-18-09-416,001,001,3,044,044.jpg,857,160.354928,1779135649.772524,14.266667,186.0,-58.0,0.0,0.0,2940,1912,1.076018,0.82,0.0,0.0,pix
real_001_s001_2026-05-18_22-18-09-416,001,001,3,044,044.jpg,858,160.371594,1779135649.78919,14.283333,186.0,-58.0,0.0,0.0,2940,1912,1.076018,0.82,0.0,0.0,pix
real_001_s001_2026-05-18_22-18-09-416,001,001,3,044,044.jpg,859,160.388261,1779135649.805857,14.3,186.0,-58.0,0.0,0.0,2940,1912,1.076018,0.82,0.0,0.0,pix
real_001_s001_2026-05-18_22-18-09-416,001,001,3,044,044.jpg,860,160.404928,1779135649.822524,14.316667,186.0,-58.0,0.0,0.0,2940,1912,1.076018,0.82,0.0,0.0,pix
real_001_s001_2026-05-18_22-18-09-416,001,001,3,044,044.jpg,861,160.421594,1779135649.83919,14.333333,186.0,-58.0,0.0,0.0,2940,1912,1.076018,0.82,0.0,0.0,pix
real_001_s001_2026-05-18_22-18-09-416,001,001,3,044,044.jpg,862,160.438261,1779135649.855857,14.35,186.0,-58.0,0.0,0.0,2940,1912,1.076018,0.82,0.0,0.0,pix
real_001_s001_2026-05-18_22-18-09-416,001,001,3,044,044.jpg,863,160.454928,1779135649.872524,14.366667,186.0,-58.0,0.0,0.0,2940,1912,1.076018,0.82,0.0,0.0,pix
real_001_s001_2026-05-18_22-18-09-416,001,001,3,044,044.jpg,864,160.471594,1779135649.88919,14.383333,186.0,-58.0,0.0,0.0,2940,1912,1.076018,0.82,0.0,0.0,pix
real_001_s001_2026-05-18_22-18-09-416,001,001,3,044,044.jpg,865,160.488261,1779135649.905857,14.4,186.0,-58.0,0.0,0.0,2940,1912,1.076018,0.82,0.0,0.0,pix
real_001_s001_2026-05-18_22-18-09-416,001,001,3,044,044.jpg,866,160.504928,1779135649.922524,14.416667,186.0,-58.0,0.0,0.0,2940,1912,1.076018,0.82,0.0,0.0,pix
real_001_s001_2026-05-18_22-18-09-416,001,001,3,044,044.jpg,867,160.521594,1779135649.93919,14.433333,186.0,-58.0,0.0,0.0,2940,1912,1.076018,0.82,0.0,0.0,pix
real_001_s001_2026-05-18_22-18-09-416,001,001,3,044,044.jpg,868,160.538261,1779135649.955857,14.45,186.0,-58.0,0.0,0.0,2940,1912,1.076018,0.82,0.0,0.0,pix
real_001_s001_2026-05-18_22-18-09-416,001,001,3,044,044.jpg,869,160.554928,1779135649.972524,14.466667,186.0,-58.0,0.0,0.0,2940,1912,1.076018,0.82,0.0,0.0,pix
real_001_s001_2026-05-18_22-18-09-416,001,001,3,044,044.jpg,870,160.571594,1779135649.98919,14.483333,186.0,-58.0,0.0,0.0,2940,1912,1.076018,0.82,0.0,0.0,pix
real_001_s001_2026-05-18_22-18-09-416,001,001,3,044,044.jpg,871,160.588261,1779135650.005857,14.5,186.0,-58.0,0.0,0.0,2940,1912,1.076018,0.82,0.0,0.0,pix
real_001_s001_2026-05-18_22-18-09-416,001,001,3,044,044.jpg,872,160.604928,1779135650.022524,14.516667,186.0,-58.0,0.0,0.0,2940,1912,1.076018,0.82,0.0,0.0,pix
real_001_s001_2026-05-18_22-18-09-416,001,001,3,044,044.jpg,873,160.621594,1779135650.03919,14.533333,186.0,-58.0,0.0,0.0,2940,1912,1.076018,0.82,0.0,0.0,pix
real_001_s001_2026-05-18_22-18-09-416,001,001,3,044,044.jpg,874,160.638261,1779135650.055857,14.55,186.0,-58.0,0.0,0.0,2940,1912,1.076018,0.82,0.0,0.0,pix
real_001_s001_2026-05-18_22-18-09-416,001,001,3,044,044.jpg,875,160.654928,1779135650.072524,14.566667,186.0,-58.0,0.0,0.0,2940,1912,1.076018,0.82,0.0,0.0,pix
real_001_s001_2026-05-18_22-18-09-416,001,001,3,044,044.jpg,876,160.671594,1779135650.08919,14.583333,186.0,-58.0,0.0,0.0,2940,1912,1.076018,0.82,0.0,0.0,pix
real_001_s001_2026-05-18_22-18-09-416,001,001,3,044,044.jpg,877,160.688261,1779135650.105857,14.6,186.0,-58.0,0.0,0.0,2940,1912,1.076018,0.82,0.0,0.0,pix
real_001_s001_2026-05-18_22-18-09-416,001,001,3,044,044.jpg,878,160.704928,1779135650.122524,14.616667,186.0,-58.0,0.0,0.0,2940,1912,1.076018,0.82,0.0,0.0,pix
real_001_s001_2026-05-18_22-18-09-416,001,001,3,044,044.jpg,879,160.721594,1779135650.13919,14.633333,186.0,-58.0,0.0,0.0,2940,1912,1.076018,0.82,0.0,0.0,pix
real_001_s001_2026-05-18_22-18-09-416,001,001,3,044,044.jpg,880,160.738261,1779135650.155857,14.65,186.0,-58.0,0.0,0.0,2940,1912,1.076018,0.82,0.0,0.0,pix
real_001_s001_2026-05-18_22-18-09-416,001,001,3,044,044.jpg,881,160.754928,1779135650.172524,14.666667,186.0,-58.0,0.0,0.0,2940,1912,1.076018,0.82,0.0,0.0,pix
real_001_s001_2026-05-18_22-18-09-416,001,001,3,044,044.jpg,882,160.771594,1779135650.18919,14.683333,186.0,-58.0,0.0,0.0,2940,1912,1.076018,0.82,0.0,0.0,pix
real_001_s001_2026-05-18_22-18-09-416,001,001,3,044,044.jpg,883,160.788261,1779135650.205857,14.7,186.0,-58.0,0.0,0.0,2940,1912,1.076018,0.82,0.0,0.0,pix
real_001_s001_2026-05-18_22-18-09-416,001,001,3,044,044.jpg,884,160.804928,1779135650.222524,14.716667,186.0,-58.0,0.0,0.0,2940,1912,1.076018,0.82,0.0,0.0,pix
real_001_s001_2026-05-18_22-18-09-416,001,001,3,044,044.jpg,885,160.821594,1779135650.23919,14.733333,186.0,-58.0,0.0,0.0,2940,1912,1.076018,0.82,0.0,0.0,pix
real_001_s001_2026-05-18_22-18-09-416,001,001,3,044,044.jpg,886,160.838261,1779135650.255857,14.75,186.0,-58.0,0.0,0.0,2940,1912,1.076018,0.82,0.0,0.0,pix
real_001_s001_2026-05-18_22-18-09-416,001,001,3,044,044.jpg,887,160.854928,1779135650.272524,14.766667,186.0,-58.0,0.0,0.0,2940,1912,1.076018,0.82,0.0,0.0,pix
real_001_s001_2026-05-18_22-18-09-416,001,001,3,044,044.jpg,888,160.871594,1779135650.28919,14.783333,186.0,-58.0,0.0,0.0,2940,1912,1.076018,0.82,0.0,0.0,pix
real_001_s001_2026-05-18_22-18-09-416,001,001,3,044,044.jpg,889,160.888261,1779135650.305857,14.8,186.0,-58.0,0.0,0.0,2940,1912,1.076018,0.82,0.0,0.0,pix
real_001_s001_2026-05-18_22-18-09-416,001,001,3,044,044.jpg,890,160.904928,1779135650.322524,14.816667,186.0,-58.0,0.0,0.0,2940,1912,1.076018,0.82,0.0,0.0,pix
real_001_s001_2026-05-18_22-18-09-416,001,001,3,044,044.jpg,891,160.921594,1779135650.33919,14.833333,186.0,-58.0,0.0,0.0,2940,1912,1.076018,0.82,0.0,0.0,pix
real_001_s001_2026-05-18_22-18-09-416,001,001,3,044,044.jpg,892,160.938261,1779135650.355857,14.85,186.0,-58.0,0.0,0.0,2940,1912,1.076018,0.82,0.0,0.0,pix
real_001_s001_2026-05-18_22-18-09-416,001,001,3,044,044.jpg,893,160.954928,1779135650.372524,14.866667,186.0,-58.0,0.0,0.0,2940,1912,1.076018,0.82,0.0,0.0,pix
real_001_s001_2026-05-18_22-18-09-416,001,001,3,044,044.jpg,894,160.971594,1779135650.38919,14.883333,186.0,-58.0,0.0,0.0,2940,1912,1.076018,0.82,0.0,0.0,pix
real_001_s001_2026-05-18_22-18-09-416,001,001,3,044,044.jpg,895,160.988261,1779135650.405857,14.9,186.0,-58.0,0.0,0.0,2940,1912,1.076018,0.82,0.0,0.0,pix
real_001_s001_2026-05-18_22-18-09-416,001,001,3,044,044.jpg,896,161.004928,1779135650.422524,14.916667,186.0,-58.0,0.0,0.0,2940,1912,1.076018,0.82,0.0,0.0,pix
real_001_s001_2026-05-18_22-18-09-416,001,001,3,044,044.jpg,897,161.021594,1779135650.43919,14.933333,186.0,-58.0,0.0,0.0,2940,1912,1.076018,0.82,0.0,0.0,pix
real_001_s001_2026-05-18_22-18-09-416,001,001,3,044,044.jpg,898,161.038261,1779135650.455857,14.95,186.0,-58.0,0.0,0.0,2940,1912,1.076018,0.82,0.0,0.0,pix
real_001_s001_2026-05-18_22-18-09-416,001,001,3,044,044.jpg,899,161.054928,1779135650.472524,14.966667,186.0,-58.0,0.0,0.0,2940,1912,1.076018,0.82,0.0,0.0,pix
real_001_s001_2026-05-18_22-18-09-416,001,001,3,044,044.jpg,900,161.071594,1779135650.48919,14.983333,186.0,-58.0,0.0,0.0,2940,1912,1.076018,0.82,0.0,0.0,pix
real_001_s001_2026-05-18_22-18-09-416,001,001,3,044,044.jpg,901,161.088261,1779135650.505857,15.0,186.0,-58.0,0.0,0.0,2940,1912,1.076018,0.82,0.0,0.0,pix
real_001_s001_2026-05-18_22-18-09-416,001,001,3,044,044.jpg,902,161.104928,1779135650.522524,15.016667,186.0,-58.0,0.0,0.0,2940,1912,1.076018,0.82,0.0,0.0,pix
real_001_s001_2026-05-18_22-18-09-416,001,001,3,044,044.jpg,903,161.121594,1779135650.53919,15.033333,186.0,-58.0,0.0,0.0,2940,1912,1.076018,0.82,0.0,0.0,pix
real_001_s001_2026-05-18_22-18-09-416,001,001,3,044,044.jpg,904,161.138261,1779135650.555857,15.05,186.0,-58.0,0.0,0.0,2940,1912,1.076018,0.82,0.0,0.0,pix
real_001_s001_2026-05-18_22-18-09-416,001,001,3,044,044.jpg,905,161.154928,1779135650.572524,15.066667,186.0,-58.0,0.0,0.0,2940,1912,1.076018,0.82,0.0,0.0,pix
real_001_s001_2026-05-18_22-18-09-416,001,001,3,044,044.jpg,906,161.171594,1779135650.58919,15.083333,186.0,-58.0,0.0,0.0,2940,1912,1.076018,0.82,0.0,0.0,pix
real_001_s001_2026-05-18_22-18-09-416,001,001,3,044,044.jpg,907,161.188261,1779135650.605857,15.1,186.0,-58.0,0.0,0.0,2940,1912,1.076018,0.82,0.0,0.0,pix
real_001_s001_2026-05-18_22-18-09-416,001,001,3,044,044.jpg,908,161.204928,1779135650.622524,15.116667,186.0,-58.0,0.0,0.0,2940,1912,1.076018,0.82,0.0,0.0,pix
real_001_s001_2026-05-18_22-18-09-416,001,001,3,044,044.jpg,909,161.221594,1779135650.63919,15.133333,186.0,-58.0,0.0,0.0,2940,1912,1.076018,0.82,0.0,0.0,pix
real_001_s001_2026-05-18_22-18-09-416,001,001,3,044,044.jpg,910,161.238261,1779135650.655857,15.15,186.0,-58.0,0.0,0.0,2940,1912,1.076018,0.82,0.0,0.0,pix
real_001_s001_2026-05-18_22-18-09-416,001,001,3,044,044.jpg,911,161.254928,1779135650.672524,15.166667,186.0,-58.0,0.0,0.0,2940,1912,1.076018,0.82,0.0,0.0,pix
real_001_s001_2026-05-18_22-18-09-416,001,001,3,044,044.jpg,912,161.271594,1779135650.68919,15.183333,186.0,-58.0,0.0,0.0,2940,1912,1.076018,0.82,0.0,0.0,pix
real_001_s001_2026-05-18_22-18-09-416,001,001,3,044,044.jpg,913,161.288261,1779135650.705857,15.2,186.0,-58.0,0.0,0.0,2940,1912,1.076018,0.82,0.0,0.0,pix
real_001_s001_2026-05-18_22-18-09-416,001,001,3,044,044.jpg,914,161.304928,1779135650.722524,15.216667,186.0,-58.0,0.0,0.0,2940,1912,1.076018,0.82,0.0,0.0,pix
real_001_s001_2026-05-18_22-18-09-416,001,001,3,044,044.jpg,915,161.321594,1779135650.73919,15.233333,186.0,-58.0,0.0,0.0,2940,1912,1.076018,0.82,0.0,0.0,pix
real_001_s001_2026-05-18_22-18-09-416,001,001,3,044,044.jpg,916,161.338261,1779135650.755857,15.25,186.0,-58.0,0.0,0.0,2940,1912,1.076018,0.82,0.0,0.0,pix
real_001_s001_2026-05-18_22-18-09-416,001,001,3,044,044.jpg,917,161.354928,1779135650.772524,15.266667,186.0,-58.0,0.0,0.0,2940,1912,1.076018,0.82,0.0,0.0,pix
real_001_s001_2026-05-18_22-18-09-416,001,001,3,044,044.jpg,918,161.371594,1779135650.78919,15.283333,186.0,-58.0,0.0,0.0,2940,1912,1.076018,0.82,0.0,0.0,pix
real_001_s001_2026-05-18_22-18-09-416,001,001,3,044,044.jpg,919,161.388261,1779135650.805857,15.3,186.0,-58.0,0.0,0.0,2940,1912,1.076018,0.82,0.0,0.0,pix
real_001_s001_2026-05-18_22-18-09-416,001,001,3,044,044.jpg,920,161.404928,1779135650.822524,15.316667,186.0,-58.0,0.0,0.0,2940,1912,1.076018,0.82,0.0,0.0,pix
real_001_s001_2026-05-18_22-18-09-416,001,001,3,044,044.jpg,921,161.421594,1779135650.83919,15.333333,186.0,-58.0,0.0,0.0,2940,1912,1.076018,0.82,0.0,0.0,pix
real_001_s001_2026-05-18_22-18-09-416,001,001,3,044,044.jpg,922,161.438261,1779135650.855857,15.35,186.0,-58.0,0.0,0.0,2940,1912,1.076018,0.82,0.0,0.0,pix
real_001_s001_2026-05-18_22-18-09-416,001,001,3,044,044.jpg,923,161.454928,1779135650.872524,15.366667,186.0,-58.0,0.0,0.0,2940,1912,1.076018,0.82,0.0,0.0,pix
real_001_s001_2026-05-18_22-18-09-416,001,001,3,044,044.jpg,924,161.471594,1779135650.88919,15.383333,186.0,-58.0,0.0,0.0,2940,1912,1.076018,0.82,0.0,0.0,pix
real_001_s001_2026-05-18_22-18-09-416,001,001,3,044,044.jpg,925,161.488261,1779135650.905857,15.4,186.0,-58.0,0.0,0.0,2940,1912,1.076018,0.82,0.0,0.0,pix
real_001_s001_2026-05-18_22-18-09-416,001,001,3,044,044.jpg,926,161.504928,1779135650.922524,15.416667,186.0,-58.0,0.0,0.0,2940,1912,1.076018,0.82,0.0,0.0,pix
real_001_s001_2026-05-18_22-18-09-416,001,001,3,044,044.jpg,927,161.521594,1779135650.93919,15.433333,186.0,-58.0,0.0,0.0,2940,1912,1.076018,0.82,0.0,0.0,pix
real_001_s001_2026-05-18_22-18-09-416,001,001,3,044,044.jpg,928,161.538261,1779135650.955857,15.45,186.0,-58.0,0.0,0.0,2940,1912,1.076018,0.82,0.0,0.0,pix
real_001_s001_2026-05-18_22-18-09-416,001,001,3,044,044.jpg,929,161.554928,1779135650.972524,15.466667,186.0,-58.0,0.0,0.0,2940,1912,1.076018,0.82,0.0,0.0,pix
real_001_s001_2026-05-18_22-18-09-416,001,001,3,044,044.jpg,930,161.571594,1779135650.98919,15.483333,186.0,-58.0,0.0,0.0,2940,1912,1.076018,0.82,0.0,0.0,pix
real_001_s001_2026-05-18_22-18-09-416,001,001,3,044,044.jpg,931,161.588261,1779135651.005857,15.5,186.0,-58.0,0.0,0.0,2940,1912,1.076018,0.82,0.0,0.0,pix
real_001_s001_2026-05-18_22-18-09-416,001,001,3,044,044.jpg,932,161.604928,1779135651.022524,15.516667,186.0,-58.0,0.0,0.0,2940,1912,1.076018,0.82,0.0,0.0,pix
real_001_s001_2026-05-18_22-18-09-416,001,001,3,044,044.jpg,933,161.621594,1779135651.03919,15.533333,186.0,-58.0,0.0,0.0,2940,1912,1.076018,0.82,0.0,0.0,pix
real_001_s001_2026-05-18_22-18-09-416,001,001,3,044,044.jpg,934,161.638261,1779135651.055857,15.55,186.0,-58.0,0.0,0.0,2940,1912,1.076018,0.82,0.0,0.0,pix
real_001_s001_2026-05-18_22-18-09-416,001,001,3,044,044.jpg,935,161.654928,1779135651.072524,15.566667,186.0,-58.0,0.0,0.0,2940,1912,1.076018,0.82,0.0,0.0,pix
real_001_s001_2026-05-18_22-18-09-416,001,001,3,044,044.jpg,936,161.671594,1779135651.08919,15.583333,186.0,-58.0,0.0,0.0,2940,1912,1.076018,0.82,0.0,0.0,pix
real_001_s001_2026-05-18_22-18-09-416,001,001,3,044,044.jpg,937,161.688261,1779135651.105857,15.6,186.0,-58.0,0.0,0.0,2940,1912,1.076018,0.82,0.0,0.0,pix
real_001_s001_2026-05-18_22-18-09-416,001,001,3,044,044.jpg,938,161.704928,1779135651.122524,15.616667,186.0,-58.0,0.0,0.0,2940,1912,1.076018,0.82,0.0,0.0,pix
real_001_s001_2026-05-18_22-18-09-416,001,001,3,044,044.jpg,939,161.721594,1779135651.13919,15.633333,186.0,-58.0,0.0,0.0,2940,1912,1.076018,0.82,0.0,0.0,pix
real_001_s001_2026-05-18_22-18-09-416,001,001,3,044,044.jpg,940,161.738261,1779135651.155857,15.65,186.0,-58.0,0.0,0.0,2940,1912,1.076018,0.82,0.0,0.0,pix
real_001_s001_2026-05-18_22-18-09-416,001,001,3,044,044.jpg,941,161.754928,1779135651.172524,15.666667,186.0,-58.0,0.0,0.0,2940,1912,1.076018,0.82,0.0,0.0,pix
real_001_s001_2026-05-18_22-18-09-416,001,001,3,044,044.jpg,942,161.771594,1779135651.18919,15.683333,186.0,-58.0,0.0,0.0,2940,1912,1.076018,0.82,0.0,0.0,pix
real_001_s001_2026-05-18_22-18-09-416,001,001,3,044,044.jpg,943,161.788261,1779135651.205857,15.7,186.0,-58.0,0.0,0.0,2940,1912,1.076018,0.82,0.0,0.0,pix
real_001_s001_2026-05-18_22-18-09-416,001,001,3,044,044.jpg,944,161.804928,1779135651.222524,15.716667,186.0,-58.0,0.0,0.0,2940,1912,1.076018,0.82,0.0,0.0,pix
real_001_s001_2026-05-18_22-18-09-416,001,001,3,044,044.jpg,945,161.821594,1779135651.23919,15.733333,186.0,-58.0,0.0,0.0,2940,1912,1.076018,0.82,0.0,0.0,pix
real_001_s001_2026-05-18_22-18-09-416,001,001,3,044,044.jpg,946,161.838261,1779135651.255857,15.75,186.0,-58.0,0.0,0.0,2940,1912,1.076018,0.82,0.0,0.0,pix
real_001_s001_2026-05-18_22-18-09-416,001,001,3,044,044.jpg,947,161.854928,1779135651.272524,15.766667,186.0,-58.0,0.0,0.0,2940,1912,1.076018,0.82,0.0,0.0,pix
real_001_s001_2026-05-18_22-18-09-416,001,001,3,044,044.jpg,948,161.871594,1779135651.28919,15.783333,186.0,-58.0,0.0,0.0,2940,1912,1.076018,0.82,0.0,0.0,pix
real_001_s001_2026-05-18_22-18-09-416,001,001,3,044,044.jpg,949,161.888261,1779135651.305857,15.8,186.0,-58.0,0.0,0.0,2940,1912,1.076018,0.82,0.0,0.0,pix
real_001_s001_2026-05-18_22-18-09-416,001,001,3,044,044.jpg,950,161.904928,1779135651.322524,15.816667,186.0,-58.0,0.0,0.0,2940,1912,1.076018,0.82,0.0,0.0,pix
real_001_s001_2026-05-18_22-18-09-416,001,001,3,044,044.jpg,951,161.921594,1779135651.33919,15.833333,186.0,-58.0,0.0,0.0,2940,1912,1.076018,0.82,0.0,0.0,pix
real_001_s001_2026-05-18_22-18-09-416,001,001,3,044,044.jpg,952,161.938261,1779135651.355857,15.85,186.0,-58.0,0.0,0.0,2940,1912,1.076018,0.82,0.0,0.0,pix
real_001_s001_2026-05-18_22-18-09-416,001,001,3,044,044.jpg,953,161.954928,1779135651.372524,15.866667,186.0,-58.0,0.0,0.0,2940,1912,1.076018,0.82,0.0,0.0,pix
real_001_s001_2026-05-18_22-18-09-416,001,001,3,044,044.jpg,954,161.971594,1779135651.38919,15.883333,186.0,-58.0,0.0,0.0,2940,1912,1.076018,0.82,0.0,0.0,pix
real_001_s001_2026-05-18_22-18-09-416,001,001,3,044,044.jpg,955,161.988261,1779135651.405857,15.9,186.0,-58.0,0.0,0.0,2940,1912,1.076018,0.82,0.0,0.0,pix
real_001_s001_2026-05-18_22-18-09-416,001,001,3,044,044.jpg,956,162.004928,1779135651.422524,15.916667,186.0,-58.0,0.0,0.0,2940,1912,1.076018,0.82,0.0,0.0,pix
real_001_s001_2026-05-18_22-18-09-416,001,001,3,044,044.jpg,957,162.021594,1779135651.43919,15.933333,186.0,-58.0,0.0,0.0,2940,1912,1.076018,0.82,0.0,0.0,pix
real_001_s001_2026-05-18_22-18-09-416,001,001,3,044,044.jpg,958,162.038261,1779135651.455857,15.95,186.0,-58.0,0.0,0.0,2940,1912,1.076018,0.82,0.0,0.0,pix
real_001_s001_2026-05-18_22-18-09-416,001,001,3,044,044.jpg,959,162.054928,1779135651.472524,15.966667,186.0,-58.0,0.0,0.0,2940,1912,1.076018,0.82,0.0,0.0,pix
real_001_s001_2026-05-18_22-18-09-416,001,001,3,044,044.jpg,960,162.071594,1779135651.48919,15.983333,186.0,-58.0,0.0,0.0,2940,1912,1.076018,0.82,0.0,0.0,pix
real_001_s001_2026-05-18_22-18-09-416,001,001,3,044,044.jpg,961,162.088261,1779135651.505857,16.0,186.0,-58.0,0.0,0.0,2940,1912,1.076018,0.82,0.0,0.0,pix
real_001_s001_2026-05-18_22-18-09-416,001,001,3,044,044.jpg,962,162.104928,1779135651.522524,16.016667,186.0,-58.0,0.0,0.0,2940,1912,1.076018,0.82,0.0,0.0,pix
real_001_s001_2026-05-18_22-18-09-416,001,001,3,044,044.jpg,963,162.121594,1779135651.53919,16.033333,186.0,-58.0,0.0,0.0,2940,1912,1.076018,0.82,0.0,0.0,pix
real_001_s001_2026-05-18_22-18-09-416,001,001,3,044,044.jpg,964,162.138261,1779135651.555857,16.05,186.0,-58.0,0.0,0.0,2940,1912,1.076018,0.82,0.0,0.0,pix
real_001_s001_2026-05-18_22-18-09-416,001,001,3,044,044.jpg,965,162.154928,1779135651.572524,16.066667,186.0,-58.0,0.0,0.0,2940,1912,1.076018,0.82,0.0,0.0,pix
real_001_s001_2026-05-18_22-18-09-416,001,001,3,044,044.jpg,966,162.171594,1779135651.58919,16.083333,186.0,-58.0,0.0,0.0,2940,1912,1.076018,0.82,0.0,0.0,pix
real_001_s001_2026-05-18_22-18-09-416,001,001,3,044,044.jpg,967,162.188261,1779135651.605857,16.1,186.0,-58.0,0.0,0.0,2940,1912,1.076018,0.82,0.0,0.0,pix
real_001_s001_2026-05-18_22-18-09-416,001,001,3,044,044.jpg,968,162.204928,1779135651.622524,16.116667,186.0,-58.0,0.0,0.0,2940,1912,1.076018,0.82,0.0,0.0,pix
real_001_s001_2026-05-18_22-18-09-416,001,001,3,044,044.jpg,969,162.221594,1779135651.63919,16.133333,186.0,-58.0,0.0,0.0,2940,1912,1.076018,0.82,0.0,0.0,pix
real_001_s001_2026-05-18_22-18-09-416,001,001,3,044,044.jpg,970,162.238261,1779135651.655857,16.15,186.0,-58.0,0.0,0.0,2940,1912,1.076018,0.82,0.0,0.0,pix
real_001_s001_2026-05-18_22-18-09-416,001,001,3,044,044.jpg,971,162.254928,1779135651.672524,16.166667,186.0,-58.0,0.0,0.0,2940,1912,1.076018,0.82,0.0,0.0,pix
real_001_s001_2026-05-18_22-18-09-416,001,001,3,044,044.jpg,972,162.271594,1779135651.68919,16.183333,186.0,-58.0,0.0,0.0,2940,1912,1.076018,0.82,0.0,0.0,pix
real_001_s001_2026-05-18_22-18-09-416,001,001,3,044,044.jpg,973,162.288261,1779135651.705857,16.2,186.0,-58.0,0.0,0.0,2940,1912,1.076018,0.82,0.0,0.0,pix
real_001_s001_2026-05-18_22-18-09-416,001,001,3,044,044.jpg,974,162.304928,1779135651.722524,16.216667,186.0,-58.0,0.0,0.0,2940,1912,1.076018,0.82,0.0,0.0,pix
real_001_s001_2026-05-18_22-18-09-416,001,001,3,044,044.jpg,975,162.321594,1779135651.73919,16.233333,186.0,-58.0,0.0,0.0,2940,1912,1.076018,0.82,0.0,0.0,pix
real_001_s001_2026-05-18_22-18-09-416,001,001,3,044,044.jpg,976,162.338261,1779135651.755857,16.25,186.0,-58.0,0.0,0.0,2940,1912,1.076018,0.82,0.0,0.0,pix
real_001_s001_2026-05-18_22-18-09-416,001,001,3,044,044.jpg,977,162.354928,1779135651.772524,16.266667,186.0,-58.0,0.0,0.0,2940,1912,1.076018,0.82,0.0,0.0,pix
real_001_s001_2026-05-18_22-18-09-416,001,001,3,044,044.jpg,978,162.371594,1779135651.78919,16.283333,186.0,-58.0,0.0,0.0,2940,1912,1.076018,0.82,0.0,0.0,pix
real_001_s001_2026-05-18_22-18-09-416,001,001,3,044,044.jpg,979,162.388261,1779135651.805857,16.3,186.0,-58.0,0.0,0.0,2940,1912,1.076018,0.82,0.0,0.0,pix
real_001_s001_2026-05-18_22-18-09-416,001,001,3,044,044.jpg,980,162.404928,1779135651.822524,16.316667,186.0,-58.0,0.0,0.0,2940,1912,1.076018,0.82,0.0,0.0,pix
real_001_s001_2026-05-18_22-18-09-416,001,001,3,044,044.jpg,981,162.421594,1779135651.83919,16.333333,186.0,-58.0,0.0,0.0,2940,1912,1.076018,0.82,0.0,0.0,pix
real_001_s001_2026-05-18_22-18-09-416,001,001,3,044,044.jpg,982,162.438261,1779135651.855857,16.35,186.0,-58.0,0.0,0.0,2940,1912,1.076018,0.82,0.0,0.0,pix
real_001_s001_2026-05-18_22-18-09-416,001,001,3,044,044.jpg,983,162.454928,1779135651.872524,16.366667,186.0,-58.0,0.0,0.0,2940,1912,1.076018,0.82,0.0,0.0,pix
real_001_s001_2026-05-18_22-18-09-416,001,001,3,044,044.jpg,984,162.471594,1779135651.88919,16.383333,186.0,-58.0,0.0,0.0,2940,1912,1.076018,0.82,0.0,0.0,pix
real_001_s001_2026-05-18_22-18-09-416,001,001,3,044,044.jpg,985,162.488261,1779135651.905857,16.4,186.0,-58.0,0.0,0.0,2940,1912,1.076018,0.82,0.0,0.0,pix
real_001_s001_2026-05-18_22-18-09-416,001,001,3,044,044.jpg,986,162.504928,1779135651.922524,16.416667,186.0,-58.0,0.0,0.0,2940,1912,1.076018,0.82,0.0,0.0,pix
real_001_s001_2026-05-18_22-18-09-416,001,001,3,044,044.jpg,987,162.521594,1779135651.93919,16.433333,186.0,-58.0,0.0,0.0,2940,1912,1.076018,0.82,0.0,0.0,pix
real_001_s001_2026-05-18_22-18-09-416,001,001,3,044,044.jpg,988,162.538261,1779135651.955857,16.45,186.0,-58.0,0.0,0.0,2940,1912,1.076018,0.82,0.0,0.0,pix
real_001_s001_2026-05-18_22-18-09-416,001,001,3,044,044.jpg,989,162.554928,1779135651.972524,16.466667,186.0,-58.0,0.0,0.0,2940,1912,1.076018,0.82,0.0,0.0,pix
real_001_s001_2026-05-18_22-18-09-416,001,001,3,044,044.jpg,990,162.571594,1779135651.98919,16.483333,186.0,-58.0,0.0,0.0,2940,1912,1.076018,0.82,0.0,0.0,pix
real_001_s001_2026-05-18_22-18-09-416,001,001,3,044,044.jpg,991,162.588261,1779135652.005857,16.5,186.0,-58.0,0.0,0.0,2940,1912,1.076018,0.82,0.0,0.0,pix
real_001_s001_2026-05-18_22-18-09-416,001,001,3,044,044.jpg,992,162.604928,1779135652.022524,16.516667,186.0,-58.0,0.0,0.0,2940,1912,1.076018,0.82,0.0,0.0,pix
real_001_s001_2026-05-18_22-18-09-416,001,001,3,044,044.jpg,993,162.621594,1779135652.03919,16.533333,186.0,-58.0,0.0,0.0,2940,1912,1.076018,0.82,0.0,0.0,pix
real_001_s001_2026-05-18_22-18-09-416,001,001,3,044,044.jpg,994,162.638261,1779135652.055857,16.55,186.0,-58.0,0.0,0.0,2940,1912,1.076018,0.82,0.0,0.0,pix
real_001_s001_2026-05-18_22-18-09-416,001,001,3,044,044.jpg,995,162.654928,1779135652.072524,16.566667,186.0,-58.0,0.0,0.0,2940,1912,1.076018,0.82,0.0,0.0,pix
real_001_s001_2026-05-18_22-18-09-416,001,001,3,044,044.jpg,996,162.671594,1779135652.08919,16.583333,186.0,-58.0,0.0,0.0,2940,1912,1.076018,0.82,0.0,0.0,pix
real_001_s001_2026-05-18_22-18-09-416,001,001,3,044,044.jpg,997,162.688261,1779135652.105857,16.6,186.0,-58.0,0.0,0.0,2940,1912,1.076018,0.82,0.0,0.0,pix
real_001_s001_2026-05-18_22-18-09-416,001,001,3,044,044.jpg,998,162.704928,1779135652.122524,16.616667,186.0,-58.0,0.0,0.0,2940,1912,1.076018,0.82,0.0,0.0,pix
real_001_s001_2026-05-18_22-18-09-416,001,001,3,044,044.jpg,999,162.721594,1779135652.13919,16.633333,186.0,-58.0,0.0,0.0,2940,1912,1.076018,0.82,0.0,0.0,pix
real_001_s001_2026-05-18_22-18-09-416,001,001,3,044,044.jpg,1000,162.738261,1779135652.155857,16.65,186.0,-58.0,0.0,0.0,2940,1912,1.076018,0.82,0.0,0.0,pix
real_001_s001_2026-05-18_22-18-09-416,001,001,3,044,044.jpg,1001,162.754928,1779135652.172524,16.666667,186.0,-58.0,0.0,0.0,2940,1912,1.076018,0.82,0.0,0.0,pix
real_001_s001_2026-05-18_22-18-09-416,001,001,3,044,044.jpg,1002,162.771594,1779135652.18919,16.683333,186.0,-58.0,0.0,0.0,2940,1912,1.076018,0.82,0.0,0.0,pix
real_001_s001_2026-05-18_22-18-09-416,001,001,3,044,044.jpg,1003,162.788261,1779135652.205857,16.7,186.0,-58.0,0.0,0.0,2940,1912,1.076018,0.82,0.0,0.0,pix
real_001_s001_2026-05-18_22-18-09-416,001,001,3,044,044.jpg,1004,162.804928,1779135652.222524,16.716667,186.0,-58.0,0.0,0.0,2940,1912,1.076018,0.82,0.0,0.0,pix
real_001_s001_2026-05-18_22-18-09-416,001,001,3,044,044.jpg,1005,162.821594,1779135652.23919,16.733333,186.0,-58.0,0.0,0.0,2940,1912,1.076018,0.82,0.0,0.0,pix
real_001_s001_2026-05-18_22-18-09-416,001,001,3,044,044.jpg,1006,162.838261,1779135652.255857,16.75,186.0,-58.0,0.0,0.0,2940,1912,1.076018,0.82,0.0,0.0,pix
real_001_s001_2026-05-18_22-18-09-416,001,001,3,044,044.jpg,1007,162.854928,1779135652.272524,16.766667,186.0,-58.0,0.0,0.0,2940,1912,1.076018,0.82,0.0,0.0,pix
real_001_s001_2026-05-18_22-18-09-416,001,001,3,044,044.jpg,1008,162.871594,1779135652.28919,16.783333,186.0,-58.0,0.0,0.0,2940,1912,1.076018,0.82,0.0,0.0,pix
real_001_s001_2026-05-18_22-18-09-416,001,001,3,044,044.jpg,1009,162.888261,1779135652.305857,16.8,186.0,-58.0,0.0,0.0,2940,1912,1.076018,0.82,0.0,0.0,pix
real_001_s001_2026-05-18_22-18-09-416,001,001,3,044,044.jpg,1010,162.904928,1779135652.322524,16.816667,186.0,-58.0,0.0,0.0,2940,1912,1.076018,0.82,0.0,0.0,pix
real_001_s001_2026-05-18_22-18-09-416,001,001,3,044,044.jpg,1011,162.921594,1779135652.33919,16.833333,186.0,-58.0,0.0,0.0,2940,1912,1.076018,0.82,0.0,0.0,pix
