run_id,participant,session,trial_index,trial_id,image_file,sample_index,sample_session_s,sample_unix_s,sample_from_image_onset_s,gaze_x_pix,gaze_y_pix,gaze_movement_px,gaze_movement_cumulative_px,screen_width_px,screen_height_px,image_stim_width_units,image_stim_height_units,image_stim_center_x_units,image_stim_center_y_units,units
real_001_s001_2026-05-18_22-18-09-416,001,001,1,P001,wikiart_practice/practice_wikiart_001_surrealistic_gouache.jpg,1,22.455814,1779135511.87344,0.0,186.0,-58.0,0.0,0.0,2940,1912,1.112116,0.82,0.0,0.0,pix
real_001_s001_2026-05-18_22-18-09-416,001,001,1,P001,wikiart_practice/practice_wikiart_001_surrealistic_gouache.jpg,2,22.472481,1779135511.890107,0.016667,186.0,-58.0,0.0,0.0,2940,1912,1.112116,0.82,0.0,0.0,pix
real_001_s001_2026-05-18_22-18-09-416,001,001,1,P001,wikiart_practice/practice_wikiart_001_surrealistic_gouache.jpg,3,22.489148,1779135511.906773,0.033333,186.0,-58.0,0.0,0.0,2940,1912,1.112116,0.82,0.0,0.0,pix
real_001_s001_2026-05-18_22-18-09-416,001,001,1,P001,wikiart_practice/practice_wikiart_001_surrealistic_gouache.jpg,4,22.505814,1779135511.92344,0.05,186.0,-58.0,0.0,0.0,2940,1912,1.112116,0.82,0.0,0.0,pix
real_001_s001_2026-05-18_22-18-09-416,001,001,1,P001,wikiart_practice/practice_wikiart_001_surrealistic_gouache.jpg,5,22.522481,1779135511.940107,0.066667,186.0,-58.0,0.0,0.0,2940,1912,1.112116,0.82,0.0,0.0,pix
real_001_s001_2026-05-18_22-18-09-416,001,001,1,P001,wikiart_practice/practice_wikiart_001_surrealistic_gouache.jpg,6,22.539148,1779135511.956773,0.083333,186.0,-58.0,0.0,0.0,2940,1912,1.112116,0.82,0.0,0.0,pix
real_001_s001_2026-05-18_22-18-09-416,001,001,1,P001,wikiart_practice/practice_wikiart_001_surrealistic_gouache.jpg,7,22.555814,1779135511.97344,0.1,186.0,-58.0,0.0,0.0,2940,1912,1.112116,0.82,0.0,0.0,pix
real_001_s001_2026-05-18_22-18-09-416,001,001,1,P001,wikiart_practice/practice_wikiart_001_surrealistic_gouache.jpg,8,22.572481,1779135511.990107,0.116667,186.0,-58.0,0.0,0.0,2940,1912,1.112116,0.82,0.0,0.0,pix
real_001_s001_2026-05-18_22-18-09-416,001,001,1,P001,wikiart_practice/practice_wikiart_001_surrealistic_gouache.jpg,9,22.589148,1779135512.006773,0.133333,186.0,-58.0,0.0,0.0,2940,1912,1.112116,0.82,0.0,0.0,pix
real_001_s001_2026-05-18_22-18-09-416,001,001,1,P001,wikiart_practice/practice_wikiart_001_surrealistic_gouache.jpg,10,22.605814,1779135512.02344,0.15,186.0,-58.0,0.0,0.0,2940,1912,1.112116,0.82,0.0,0.0,pix
real_001_s001_2026-05-18_22-18-09-416,001,001,1,P001,wikiart_practice/practice_wikiart_001_surrealistic_gouache.jpg,11,22.622481,1779135512.040107,0.166667,186.0,-58.0,0.0,0.0,2940,1912,1.112116,0.82,0.0,0.0,pix
real_001_s001_2026-05-18_22-18-09-416,001,001,1,P001,wikiart_practice/practice_wikiart_001_surrealistic_gouache.jpg,12,22.639148,1779135512.056773,0.183333,186.0,-58.0,0.0,0.0,2940,1912,1.112116,0.82,0.0,0.0,pix
real_001_s001_2026-05-18_22-18-09-416,001,001,1,P001,wikiart_practice/practice_wikiart_001_surrealistic_gouache.jpg,13,22.655814,1779135512.07344,0.2,186.0,-58.0,0.0,0.0,2940,1912,1.112116,0.82,0.0,0.0,pix
real_001_s001_2026-05-18_22-18-09-416,001,001,1,P001,wikiart_practice/practice_wikiart_001_surrealistic_gouache.jpg,14,22.672481,1779135512.090107,0.216667,186.0,-58.0,0.0,0.0,2940,1912,1.112116,0.82,0.0,0.0,pix
real_001_s001_2026-05-18_22-18-09-416,001,001,1,P001,wikiart_practice/practice_wikiart_001_surrealistic_gouache.jpg,15,22.689148,1779135512.106773,0.233333,186.0,-58.0,0.0,0.0,2940,1912,1.112116,0.82,0.0,0.0,pix
real_001_s001_2026-05-18_22-18-09-416,001,001,1,P001,wikiart_practice/practice_wikiart_001_surrealistic_gouache.jpg,16,22.705814,1779135512.12344,0.25,186.0,-58.0,0.0,0.0,2940,1912,1.112116,0.82,0.0,0.0,pix
real_001_s001_2026-05-18_22-18-09-416,001,001,1,P001,wikiart_practice/practice_wikiart_001_surrealistic_gouache.jpg,17,22.722481,1779135512.140107,0.266667,186.0,-58.0,0.0,0.0,2940,1912,1.112116,0.82,0.0,0.0,pix
real_001_s001_2026-05-18_22-18-09-416,001,001,1,P001,wikiart_practice/practice_wikiart_001_surrealistic_gouache.jpg,18,22.739148,1779135512.156773,0.283333,186.0,-58.0,0.0,0.0,2940,1912,1.112116,0.82,0.0,0.0,pix
real_001_s001_2026-05-18_22-18-09-416,001,001,1,P001,wikiart_practice/practice_wikiart_001_surrealistic_gouache.jpg,19,22.755814,1779135512.17344,0.3,186.0,-58.0,0.0,0.0,2940,1912,1.112116,0.82,0.0,0.0,pix
real_001_s001_2026-05-18_22-18-09-416,001,001,1,P001,wikiart_practice/practice_wikiart_001_surrealistic_gouache.jpg,20,22.772481,1779135512.190107,0.316667,186.0,-58.0,0.0,0.0,2940,1912,1.112116,0.82,0.0,0.0,pix
real_001_s001_2026-05-18_22-18-09-416,001,001,1,P001,wikiart_practice/practice_wikiart_001_surrealistic_gouache.jpg,21,22.789148,1779135512.206773,0.333333,186.0,-58.0,0.0,0.0,2940,1912,1.112116,0.82,0.0,0.0,pix
real_001_s001_2026-05-18_22-18-09-416,001,001,1,P001,wikiart_practice/practice_wikiart_001_surrealistic_gouache.jpg,22,22.805814,1779135512.22344,0.35,186.0,-58.0,0.0,0.0,2940,1912,1.112116,0.82,0.0,0.0,pix
real_001_s001_2026-05-18_22-18-09-416,001,001,1,P001,wikiart_practice/practice_wikiart_001_surrealistic_gouache.jpg,23,22.822481,1779135512.240107,0.366667,186.0,-58.0,0.0,0.0,2940,1912,1.112116,0.82,0.0,0.0,pix
real_001_s001_2026-05-18_22-18-09-416,001,001,1,P001,wikiart_practice/practice_wikiart_001_surrealistic_gouache.jpg,24,22.839148,1779135512.256773,0.383333,186.0,-58.0,0.0,0.0,2940,1912,1.112116,0.82,0.0,0.0,pix
real_001_s001_2026-05-18_22-18-09-416,001,001,1,P001,wikiart_practice/practice_wikiart_001_surrealistic_gouache.jpg,25,22.855814,1779135512.27344,0.4,186.0,-58.0,0.0,0.0,2940,1912,1.112116,0.82,0.0,0.0,pix
real_001_s001_2026-05-18_22-18-09-416,001,001,1,P001,wikiart_practice/practice_wikiart_001_surrealistic_gouache.jpg,26,22.872481,1779135512.290107,0.416667,186.0,-58.0,0.0,0.0,2940,1912,1.112116,0.82,0.0,0.0,pix
real_001_s001_2026-05-18_22-18-09-416,001,001,1,P001,wikiart_practice/practice_wikiart_001_surrealistic_gouache.jpg,27,22.889148,1779135512.306773,0.433333,186.0,-58.0,0.0,0.0,2940,1912,1.112116,0.82,0.0,0.0,pix
real_001_s001_2026-05-18_22-18-09-416,001,001,1,P001,wikiart_practice/practice_wikiart_001_surrealistic_gouache.jpg,28,22.905814,1779135512.32344,0.45,186.0,-58.0,0.0,0.0,2940,1912,1.112116,0.82,0.0,0.0,pix
real_001_s001_2026-05-18_22-18-09-416,001,001,1,P001,wikiart_practice/practice_wikiart_001_surrealistic_gouache.jpg,29,22.922481,1779135512.340107,0.466667,186.0,-58.0,0.0,0.0,2940,1912,1.112116,0.82,0.0,0.0,pix
real_001_s001_2026-05-18_22-18-09-416,001,001,1,P001,wikiart_practice/practice_wikiart_001_surrealistic_gouache.jpg,30,22.939148,1779135512.356773,0.483333,186.0,-58.0,0.0,0.0,2940,1912,1.112116,0.82,0.0,0.0,pix
real_001_s001_2026-05-18_22-18-09-416,001,001,1,P001,wikiart_practice/practice_wikiart_001_surrealistic_gouache.jpg,31,22.955814,1779135512.37344,0.5,186.0,-58.0,0.0,0.0,2940,1912,1.112116,0.82,0.0,0.0,pix
real_001_s001_2026-05-18_22-18-09-416,001,001,1,P001,wikiart_practice/practice_wikiart_001_surrealistic_gouache.jpg,32,22.972481,1779135512.390107,0.516667,186.0,-58.0,0.0,0.0,2940,1912,1.112116,0.82,0.0,0.0,pix
real_001_s001_2026-05-18_22-18-09-416,001,001,1,P001,wikiart_practice/practice_wikiart_001_surrealistic_gouache.jpg,33,22.989148,1779135512.406773,0.533333,186.0,-58.0,0.0,0.0,2940,1912,1.112116,0.82,0.0,0.0,pix
real_001_s001_2026-05-18_22-18-09-416,001,001,1,P001,wikiart_practice/practice_wikiart_001_surrealistic_gouache.jpg,34,23.005814,1779135512.42344,0.55,186.0,-58.0,0.0,0.0,2940,1912,1.112116,0.82,0.0,0.0,pix
real_001_s001_2026-05-18_22-18-09-416,001,001,1,P001,wikiart_practice/practice_wikiart_001_surrealistic_gouache.jpg,35,23.022481,1779135512.440107,0.566667,186.0,-58.0,0.0,0.0,2940,1912,1.112116,0.82,0.0,0.0,pix
real_001_s001_2026-05-18_22-18-09-416,001,001,1,P001,wikiart_practice/practice_wikiart_001_surrealistic_gouache.jpg,36,23.039148,1779135512.456773,0.583333,186.0,-58.0,0.0,0.0,2940,1912,1.112116,0.82,0.0,0.0,pix
real_001_s001_2026-05-18_22-18-09-416,001,001,1,P001,wikiart_practice/practice_wikiart_001_surrealistic_gouache.jpg,37,23.055814,1779135512.47344,0.6,186.0,-58.0,0.0,0.0,2940,1912,1.112116,0.82,0.0,0.0,pix
real_001_s001_2026-05-18_22-18-09-416,001,001,1,P001,wikiart_practice/practice_wikiart_001_surrealistic_gouache.jpg,38,23.072481,1779135512.490107,0.616667,186.0,-58.0,0.0,0.0,2940,1912,1.112116,0.82,0.0,0.0,pix
real_001_s001_2026-05-18_22-18-09-416,001,001,1,P001,wikiart_practice/practice_wikiart_001_surrealistic_gouache.jpg,39,23.089148,1779135512.506773,0.633333,186.0,-58.0,0.0,0.0,2940,1912,1.112116,0.82,0.0,0.0,pix
real_001_s001_2026-05-18_22-18-09-416,001,001,1,P001,wikiart_practice/practice_wikiart_001_surrealistic_gouache.jpg,40,23.105814,1779135512.52344,0.65,186.0,-58.0,0.0,0.0,2940,1912,1.112116,0.82,0.0,0.0,pix
real_001_s001_2026-05-18_22-18-09-416,001,001,1,P001,wikiart_practice/practice_wikiart_001_surrealistic_gouache.jpg,41,23.122481,1779135512.540107,0.666667,186.0,-58.0,0.0,0.0,2940,1912,1.112116,0.82,0.0,0.0,pix
real_001_s001_2026-05-18_22-18-09-416,001,001,1,P001,wikiart_practice/practice_wikiart_001_surrealistic_gouache.jpg,42,23.139148,1779135512.556773,0.683333,186.0,-58.0,0.0,0.0,2940,1912,1.112116,0.82,0.0,0.0,pix
real_001_s001_2026-05-18_22-18-09-416,001,001,1,P001,wikiart_practice/practice_wikiart_001_surrealistic_gouache.jpg,43,23.155814,1779135512.57344,0.7,186.0,-58.0,0.0,0.0,2940,1912,1.112116,0.82,0.0,0.0,pix
real_001_s001_2026-05-18_22-18-09-416,001,001,1,P001,wikiart_practice/practice_wikiart_001_surrealistic_gouache.jpg,44,23.172481,1779135512.590107,0.716667,186.0,-58.0,0.0,0.0,2940,1912,1.112116,0.82,0.0,0.0,pix
real_001_s001_2026-05-18_22-18-09-416,001,001,1,P001,wikiart_practice/practice_wikiart_001_surrealistic_gouache.jpg,45,23.189148,1779135512.606773,0.733333,186.0,-58.0,0.0,0.0,2940,1912,1.112116,0.82,0.0,0.0,pix
real_001_s001_2026-05-18_22-18-09-416,001,001,1,P001,wikiart_practice/practice_wikiart_001_surrealistic_gouache.jpg,46,23.205814,1779135512.62344,0.75,186.0,-58.0,0.0,0.0,2940,1912,1.112116,0.82,0.0,0.0,pix
real_001_s001_2026-05-18_22-18-09-416,001,001,1,P001,wikiart_practice/practice_wikiart_001_surrealistic_gouache.jpg,47,23.222481,1779135512.640107,0.766667,186.0,-58.0,0.0,0.0,2940,1912,1.112116,0.82,0.0,0.0,pix
real_001_s001_2026-05-18_22-18-09-416,001,001,1,P001,wikiart_practice/practice_wikiart_001_surrealistic_gouache.jpg,48,23.239148,1779135512.656773,0.783333,186.0,-58.0,0.0,0.0,2940,1912,1.112116,0.82,0.0,0.0,pix
real_001_s001_2026-05-18_22-18-09-416,001,001,1,P001,wikiart_practice/practice_wikiart_001_surrealistic_gouache.jpg,49,23.255814,1779135512.67344,0.8,186.0,-58.0,0.0,0.0,2940,1912,1.112116,0.82,0.0,0.0,pix
real_001_s001_2026-05-18_22-18-09-416,001,001,1,P001,wikiart_practice/practice_wikiart_001_surrealistic_gouache.jpg,50,23.272481,1779135512.690107,0.816667,186.0,-58.0,0.0,0.0,2940,1912,1.112116,0.82,0.0,0.0,pix
real_001_s001_2026-05-18_22-18-09-416,001,001,1,P001,wikiart_practice/practice_wikiart_001_surrealistic_gouache.jpg,51,23.289148,1779135512.706773,0.833333,186.0,-58.0,0.0,0.0,2940,1912,1.112116,0.82,0.0,0.0,pix
real_001_s001_2026-05-18_22-18-09-416,001,001,1,P001,wikiart_practice/practice_wikiart_001_surrealistic_gouache.jpg,52,23.305814,1779135512.72344,0.85,186.0,-58.0,0.0,0.0,2940,1912,1.112116,0.82,0.0,0.0,pix
real_001_s001_2026-05-18_22-18-09-416,001,001,1,P001,wikiart_practice/practice_wikiart_001_surrealistic_gouache.jpg,53,23.322481,1779135512.740107,0.866667,186.0,-58.0,0.0,0.0,2940,1912,1.112116,0.82,0.0,0.0,pix
real_001_s001_2026-05-18_22-18-09-416,001,001,1,P001,wikiart_practice/practice_wikiart_001_surrealistic_gouache.jpg,54,23.339148,1779135512.756773,0.883333,186.0,-58.0,0.0,0.0,2940,1912,1.112116,0.82,0.0,0.0,pix
real_001_s001_2026-05-18_22-18-09-416,001,001,1,P001,wikiart_practice/practice_wikiart_001_surrealistic_gouache.jpg,55,23.355814,1779135512.77344,0.9,186.0,-58.0,0.0,0.0,2940,1912,1.112116,0.82,0.0,0.0,pix
real_001_s001_2026-05-18_22-18-09-416,001,001,1,P001,wikiart_practice/practice_wikiart_001_surrealistic_gouache.jpg,56,23.372481,1779135512.790107,0.916667,186.0,-58.0,0.0,0.0,2940,1912,1.112116,0.82,0.0,0.0,pix
real_001_s001_2026-05-18_22-18-09-416,001,001,1,P001,wikiart_practice/practice_wikiart_001_surrealistic_gouache.jpg,57,23.389148,1779135512.806773,0.933333,186.0,-58.0,0.0,0.0,2940,1912,1.112116,0.82,0.0,0.0,pix
real_001_s001_2026-05-18_22-18-09-416,001,001,1,P001,wikiart_practice/practice_wikiart_001_surrealistic_gouache.jpg,58,23.405814,1779135512.82344,0.95,186.0,-58.0,0.0,0.0,2940,1912,1.112116,0.82,0.0,0.0,pix
real_001_s001_2026-05-18_22-18-09-416,001,001,1,P001,wikiart_practice/practice_wikiart_001_surrealistic_gouache.jpg,59,23.422481,1779135512.840107,0.966667,186.0,-58.0,0.0,0.0,2940,1912,1.112116,0.82,0.0,0.0,pix
real_001_s001_2026-05-18_22-18-09-416,001,001,1,P001,wikiart_practice/practice_wikiart_001_surrealistic_gouache.jpg,60,23.439148,1779135512.856773,0.983333,186.0,-58.0,0.0,0.0,2940,1912,1.112116,0.82,0.0,0.0,pix
real_001_s001_2026-05-18_22-18-09-416,001,001,1,P001,wikiart_practice/practice_wikiart_001_surrealistic_gouache.jpg,61,23.455814,1779135512.87344,1.0,186.0,-58.0,0.0,0.0,2940,1912,1.112116,0.82,0.0,0.0,pix
real_001_s001_2026-05-18_22-18-09-416,001,001,1,P001,wikiart_practice/practice_wikiart_001_surrealistic_gouache.jpg,62,23.472481,1779135512.890107,1.016667,186.0,-58.0,0.0,0.0,2940,1912,1.112116,0.82,0.0,0.0,pix
real_001_s001_2026-05-18_22-18-09-416,001,001,1,P001,wikiart_practice/practice_wikiart_001_surrealistic_gouache.jpg,63,23.489148,1779135512.906773,1.033333,186.0,-58.0,0.0,0.0,2940,1912,1.112116,0.82,0.0,0.0,pix
real_001_s001_2026-05-18_22-18-09-416,001,001,1,P001,wikiart_practice/practice_wikiart_001_surrealistic_gouache.jpg,64,23.505814,1779135512.92344,1.05,186.0,-58.0,0.0,0.0,2940,1912,1.112116,0.82,0.0,0.0,pix
real_001_s001_2026-05-18_22-18-09-416,001,001,1,P001,wikiart_practice/practice_wikiart_001_surrealistic_gouache.jpg,65,23.522481,1779135512.940107,1.066667,186.0,-58.0,0.0,0.0,2940,1912,1.112116,0.82,0.0,0.0,pix
real_001_s001_2026-05-18_22-18-09-416,001,001,1,P001,wikiart_practice/practice_wikiart_001_surrealistic_gouache.jpg,66,23.539148,1779135512.956773,1.083333,186.0,-58.0,0.0,0.0,2940,1912,1.112116,0.82,0.0,0.0,pix
real_001_s001_2026-05-18_22-18-09-416,001,001,1,P001,wikiart_practice/practice_wikiart_001_surrealistic_gouache.jpg,67,23.555814,1779135512.97344,1.1,186.0,-58.0,0.0,0.0,2940,1912,1.112116,0.82,0.0,0.0,pix
real_001_s001_2026-05-18_22-18-09-416,001,001,1,P001,wikiart_practice/practice_wikiart_001_surrealistic_gouache.jpg,68,23.572481,1779135512.990107,1.116667,186.0,-58.0,0.0,0.0,2940,1912,1.112116,0.82,0.0,0.0,pix
real_001_s001_2026-05-18_22-18-09-416,001,001,1,P001,wikiart_practice/practice_wikiart_001_surrealistic_gouache.jpg,69,23.589148,1779135513.006773,1.133333,186.0,-58.0,0.0,0.0,2940,1912,1.112116,0.82,0.0,0.0,pix
real_001_s001_2026-05-18_22-18-09-416,001,001,1,P001,wikiart_practice/practice_wikiart_001_surrealistic_gouache.jpg,70,23.605814,1779135513.02344,1.15,186.0,-58.0,0.0,0.0,2940,1912,1.112116,0.82,0.0,0.0,pix
real_001_s001_2026-05-18_22-18-09-416,001,001,1,P001,wikiart_practice/practice_wikiart_001_surrealistic_gouache.jpg,71,23.622481,1779135513.040107,1.166667,186.0,-58.0,0.0,0.0,2940,1912,1.112116,0.82,0.0,0.0,pix
real_001_s001_2026-05-18_22-18-09-416,001,001,1,P001,wikiart_practice/practice_wikiart_001_surrealistic_gouache.jpg,72,23.639148,1779135513.056773,1.183333,186.0,-58.0,0.0,0.0,2940,1912,1.112116,0.82,0.0,0.0,pix
real_001_s001_2026-05-18_22-18-09-416,001,001,1,P001,wikiart_practice/practice_wikiart_001_surrealistic_gouache.jpg,73,23.655814,1779135513.07344,1.2,186.0,-58.0,0.0,0.0,2940,1912,1.112116,0.82,0.0,0.0,pix
real_001_s001_2026-05-18_22-18-09-416,001,001,1,P001,wikiart_practice/practice_wikiart_001_surrealistic_gouache.jpg,74,23.672481,1779135513.090107,1.216667,186.0,-58.0,0.0,0.0,2940,1912,1.112116,0.82,0.0,0.0,pix
real_001_s001_2026-05-18_22-18-09-416,001,001,1,P001,wikiart_practice/practice_wikiart_001_surrealistic_gouache.jpg,75,23.689148,1779135513.106773,1.233333,186.0,-58.0,0.0,0.0,2940,1912,1.112116,0.82,0.0,0.0,pix
real_001_s001_2026-05-18_22-18-09-416,001,001,1,P001,wikiart_practice/practice_wikiart_001_surrealistic_gouache.jpg,76,23.705814,1779135513.12344,1.25,186.0,-58.0,0.0,0.0,2940,1912,1.112116,0.82,0.0,0.0,pix
real_001_s001_2026-05-18_22-18-09-416,001,001,1,P001,wikiart_practice/practice_wikiart_001_surrealistic_gouache.jpg,77,23.722481,1779135513.140107,1.266667,186.0,-58.0,0.0,0.0,2940,1912,1.112116,0.82,0.0,0.0,pix
real_001_s001_2026-05-18_22-18-09-416,001,001,1,P001,wikiart_practice/practice_wikiart_001_surrealistic_gouache.jpg,78,23.739148,1779135513.156773,1.283333,186.0,-58.0,0.0,0.0,2940,1912,1.112116,0.82,0.0,0.0,pix
real_001_s001_2026-05-18_22-18-09-416,001,001,1,P001,wikiart_practice/practice_wikiart_001_surrealistic_gouache.jpg,79,23.755814,1779135513.17344,1.3,186.0,-58.0,0.0,0.0,2940,1912,1.112116,0.82,0.0,0.0,pix
real_001_s001_2026-05-18_22-18-09-416,001,001,1,P001,wikiart_practice/practice_wikiart_001_surrealistic_gouache.jpg,80,23.772481,1779135513.190107,1.316667,186.0,-58.0,0.0,0.0,2940,1912,1.112116,0.82,0.0,0.0,pix
real_001_s001_2026-05-18_22-18-09-416,001,001,1,P001,wikiart_practice/practice_wikiart_001_surrealistic_gouache.jpg,81,23.789148,1779135513.206773,1.333333,186.0,-58.0,0.0,0.0,2940,1912,1.112116,0.82,0.0,0.0,pix
real_001_s001_2026-05-18_22-18-09-416,001,001,1,P001,wikiart_practice/practice_wikiart_001_surrealistic_gouache.jpg,82,23.805814,1779135513.22344,1.35,186.0,-58.0,0.0,0.0,2940,1912,1.112116,0.82,0.0,0.0,pix
real_001_s001_2026-05-18_22-18-09-416,001,001,1,P001,wikiart_practice/practice_wikiart_001_surrealistic_gouache.jpg,83,23.822481,1779135513.240107,1.366667,186.0,-58.0,0.0,0.0,2940,1912,1.112116,0.82,0.0,0.0,pix
real_001_s001_2026-05-18_22-18-09-416,001,001,1,P001,wikiart_practice/practice_wikiart_001_surrealistic_gouache.jpg,84,23.839148,1779135513.256773,1.383333,186.0,-58.0,0.0,0.0,2940,1912,1.112116,0.82,0.0,0.0,pix
real_001_s001_2026-05-18_22-18-09-416,001,001,1,P001,wikiart_practice/practice_wikiart_001_surrealistic_gouache.jpg,85,23.855814,1779135513.27344,1.4,186.0,-58.0,0.0,0.0,2940,1912,1.112116,0.82,0.0,0.0,pix
real_001_s001_2026-05-18_22-18-09-416,001,001,1,P001,wikiart_practice/practice_wikiart_001_surrealistic_gouache.jpg,86,23.872481,1779135513.290107,1.416667,186.0,-58.0,0.0,0.0,2940,1912,1.112116,0.82,0.0,0.0,pix
real_001_s001_2026-05-18_22-18-09-416,001,001,1,P001,wikiart_practice/practice_wikiart_001_surrealistic_gouache.jpg,87,23.889148,1779135513.306773,1.433333,186.0,-58.0,0.0,0.0,2940,1912,1.112116,0.82,0.0,0.0,pix
real_001_s001_2026-05-18_22-18-09-416,001,001,1,P001,wikiart_practice/practice_wikiart_001_surrealistic_gouache.jpg,88,23.905814,1779135513.32344,1.45,186.0,-58.0,0.0,0.0,2940,1912,1.112116,0.82,0.0,0.0,pix
real_001_s001_2026-05-18_22-18-09-416,001,001,1,P001,wikiart_practice/practice_wikiart_001_surrealistic_gouache.jpg,89,23.922481,1779135513.340107,1.466667,186.0,-58.0,0.0,0.0,2940,1912,1.112116,0.82,0.0,0.0,pix
real_001_s001_2026-05-18_22-18-09-416,001,001,1,P001,wikiart_practice/practice_wikiart_001_surrealistic_gouache.jpg,90,23.939148,1779135513.356773,1.483333,186.0,-58.0,0.0,0.0,2940,1912,1.112116,0.82,0.0,0.0,pix
real_001_s001_2026-05-18_22-18-09-416,001,001,1,P001,wikiart_practice/practice_wikiart_001_surrealistic_gouache.jpg,91,23.955814,1779135513.37344,1.5,186.0,-58.0,0.0,0.0,2940,1912,1.112116,0.82,0.0,0.0,pix
real_001_s001_2026-05-18_22-18-09-416,001,001,1,P001,wikiart_practice/practice_wikiart_001_surrealistic_gouache.jpg,92,23.972481,1779135513.390107,1.516667,186.0,-58.0,0.0,0.0,2940,1912,1.112116,0.82,0.0,0.0,pix
real_001_s001_2026-05-18_22-18-09-416,001,001,1,P001,wikiart_practice/practice_wikiart_001_surrealistic_gouache.jpg,93,23.989148,1779135513.406773,1.533333,186.0,-58.0,0.0,0.0,2940,1912,1.112116,0.82,0.0,0.0,pix
real_001_s001_2026-05-18_22-18-09-416,001,001,1,P001,wikiart_practice/practice_wikiart_001_surrealistic_gouache.jpg,94,24.005814,1779135513.42344,1.55,186.0,-58.0,0.0,0.0,2940,1912,1.112116,0.82,0.0,0.0,pix
real_001_s001_2026-05-18_22-18-09-416,001,001,1,P001,wikiart_practice/practice_wikiart_001_surrealistic_gouache.jpg,95,24.022481,1779135513.440107,1.566667,186.0,-58.0,0.0,0.0,2940,1912,1.112116,0.82,0.0,0.0,pix
real_001_s001_2026-05-18_22-18-09-416,001,001,1,P001,wikiart_practice/practice_wikiart_001_surrealistic_gouache.jpg,96,24.039148,1779135513.456773,1.583333,186.0,-58.0,0.0,0.0,2940,1912,1.112116,0.82,0.0,0.0,pix
real_001_s001_2026-05-18_22-18-09-416,001,001,1,P001,wikiart_practice/practice_wikiart_001_surrealistic_gouache.jpg,97,24.055814,1779135513.47344,1.6,186.0,-58.0,0.0,0.0,2940,1912,1.112116,0.82,0.0,0.0,pix
real_001_s001_2026-05-18_22-18-09-416,001,001,1,P001,wikiart_practice/practice_wikiart_001_surrealistic_gouache.jpg,98,24.072481,1779135513.490107,1.616667,186.0,-58.0,0.0,0.0,2940,1912,1.112116,0.82,0.0,0.0,pix
real_001_s001_2026-05-18_22-18-09-416,001,001,1,P001,wikiart_practice/practice_wikiart_001_surrealistic_gouache.jpg,99,24.089148,1779135513.506773,1.633333,186.0,-58.0,0.0,0.0,2940,1912,1.112116,0.82,0.0,0.0,pix
real_001_s001_2026-05-18_22-18-09-416,001,001,1,P001,wikiart_practice/practice_wikiart_001_surrealistic_gouache.jpg,100,24.105814,1779135513.52344,1.65,186.0,-58.0,0.0,0.0,2940,1912,1.112116,0.82,0.0,0.0,pix
real_001_s001_2026-05-18_22-18-09-416,001,001,1,P001,wikiart_practice/practice_wikiart_001_surrealistic_gouache.jpg,101,24.122481,1779135513.540107,1.666667,186.0,-58.0,0.0,0.0,2940,1912,1.112116,0.82,0.0,0.0,pix
real_001_s001_2026-05-18_22-18-09-416,001,001,1,P001,wikiart_practice/practice_wikiart_001_surrealistic_gouache.jpg,102,24.139148,1779135513.556773,1.683333,186.0,-58.0,0.0,0.0,2940,1912,1.112116,0.82,0.0,0.0,pix
real_001_s001_2026-05-18_22-18-09-416,001,001,1,P001,wikiart_practice/practice_wikiart_001_surrealistic_gouache.jpg,103,24.155814,1779135513.57344,1.7,186.0,-58.0,0.0,0.0,2940,1912,1.112116,0.82,0.0,0.0,pix
real_001_s001_2026-05-18_22-18-09-416,001,001,1,P001,wikiart_practice/practice_wikiart_001_surrealistic_gouache.jpg,104,24.172481,1779135513.590107,1.716667,186.0,-58.0,0.0,0.0,2940,1912,1.112116,0.82,0.0,0.0,pix
real_001_s001_2026-05-18_22-18-09-416,001,001,1,P001,wikiart_practice/practice_wikiart_001_surrealistic_gouache.jpg,105,24.189148,1779135513.606773,1.733333,186.0,-58.0,0.0,0.0,2940,1912,1.112116,0.82,0.0,0.0,pix
real_001_s001_2026-05-18_22-18-09-416,001,001,1,P001,wikiart_practice/practice_wikiart_001_surrealistic_gouache.jpg,106,24.205814,1779135513.62344,1.75,186.0,-58.0,0.0,0.0,2940,1912,1.112116,0.82,0.0,0.0,pix
real_001_s001_2026-05-18_22-18-09-416,001,001,1,P001,wikiart_practice/practice_wikiart_001_surrealistic_gouache.jpg,107,24.222481,1779135513.640107,1.766667,186.0,-58.0,0.0,0.0,2940,1912,1.112116,0.82,0.0,0.0,pix
real_001_s001_2026-05-18_22-18-09-416,001,001,1,P001,wikiart_practice/practice_wikiart_001_surrealistic_gouache.jpg,108,24.239148,1779135513.656773,1.783333,186.0,-58.0,0.0,0.0,2940,1912,1.112116,0.82,0.0,0.0,pix
real_001_s001_2026-05-18_22-18-09-416,001,001,1,P001,wikiart_practice/practice_wikiart_001_surrealistic_gouache.jpg,109,24.255814,1779135513.67344,1.8,186.0,-58.0,0.0,0.0,2940,1912,1.112116,0.82,0.0,0.0,pix
real_001_s001_2026-05-18_22-18-09-416,001,001,1,P001,wikiart_practice/practice_wikiart_001_surrealistic_gouache.jpg,110,24.272481,1779135513.690107,1.816667,186.0,-58.0,0.0,0.0,2940,1912,1.112116,0.82,0.0,0.0,pix
real_001_s001_2026-05-18_22-18-09-416,001,001,1,P001,wikiart_practice/practice_wikiart_001_surrealistic_gouache.jpg,111,24.289148,1779135513.706773,1.833333,186.0,-58.0,0.0,0.0,2940,1912,1.112116,0.82,0.0,0.0,pix
real_001_s001_2026-05-18_22-18-09-416,001,001,1,P001,wikiart_practice/practice_wikiart_001_surrealistic_gouache.jpg,112,24.305814,1779135513.72344,1.85,186.0,-58.0,0.0,0.0,2940,1912,1.112116,0.82,0.0,0.0,pix
real_001_s001_2026-05-18_22-18-09-416,001,001,1,P001,wikiart_practice/practice_wikiart_001_surrealistic_gouache.jpg,113,24.322481,1779135513.740107,1.866667,186.0,-58.0,0.0,0.0,2940,1912,1.112116,0.82,0.0,0.0,pix
real_001_s001_2026-05-18_22-18-09-416,001,001,1,P001,wikiart_practice/practice_wikiart_001_surrealistic_gouache.jpg,114,24.339148,1779135513.756773,1.883333,186.0,-58.0,0.0,0.0,2940,1912,1.112116,0.82,0.0,0.0,pix
real_001_s001_2026-05-18_22-18-09-416,001,001,1,P001,wikiart_practice/practice_wikiart_001_surrealistic_gouache.jpg,115,24.355814,1779135513.77344,1.9,186.0,-58.0,0.0,0.0,2940,1912,1.112116,0.82,0.0,0.0,pix
real_001_s001_2026-05-18_22-18-09-416,001,001,1,P001,wikiart_practice/practice_wikiart_001_surrealistic_gouache.jpg,116,24.372481,1779135513.790107,1.916667,186.0,-58.0,0.0,0.0,2940,1912,1.112116,0.82,0.0,0.0,pix
real_001_s001_2026-05-18_22-18-09-416,001,001,1,P001,wikiart_practice/practice_wikiart_001_surrealistic_gouache.jpg,117,24.389148,1779135513.806773,1.933333,186.0,-58.0,0.0,0.0,2940,1912,1.112116,0.82,0.0,0.0,pix
real_001_s001_2026-05-18_22-18-09-416,001,001,1,P001,wikiart_practice/practice_wikiart_001_surrealistic_gouache.jpg,118,24.405814,1779135513.82344,1.95,186.0,-58.0,0.0,0.0,2940,1912,1.112116,0.82,0.0,0.0,pix
real_001_s001_2026-05-18_22-18-09-416,001,001,1,P001,wikiart_practice/practice_wikiart_001_surrealistic_gouache.jpg,119,24.422481,1779135513.840107,1.966667,186.0,-58.0,0.0,0.0,2940,1912,1.112116,0.82,0.0,0.0,pix
real_001_s001_2026-05-18_22-18-09-416,001,001,1,P001,wikiart_practice/practice_wikiart_001_surrealistic_gouache.jpg,120,24.439148,1779135513.856773,1.983333,186.0,-58.0,0.0,0.0,2940,1912,1.112116,0.82,0.0,0.0,pix
real_001_s001_2026-05-18_22-18-09-416,001,001,1,P001,wikiart_practice/practice_wikiart_001_surrealistic_gouache.jpg,121,24.455814,1779135513.87344,2.0,186.0,-58.0,0.0,0.0,2940,1912,1.112116,0.82,0.0,0.0,pix
real_001_s001_2026-05-18_22-18-09-416,001,001,1,P001,wikiart_practice/practice_wikiart_001_surrealistic_gouache.jpg,122,24.472481,1779135513.890107,2.016667,186.0,-58.0,0.0,0.0,2940,1912,1.112116,0.82,0.0,0.0,pix
real_001_s001_2026-05-18_22-18-09-416,001,001,1,P001,wikiart_practice/practice_wikiart_001_surrealistic_gouache.jpg,123,24.489148,1779135513.906773,2.033333,186.0,-58.0,0.0,0.0,2940,1912,1.112116,0.82,0.0,0.0,pix
real_001_s001_2026-05-18_22-18-09-416,001,001,1,P001,wikiart_practice/practice_wikiart_001_surrealistic_gouache.jpg,124,24.505814,1779135513.92344,2.05,186.0,-58.0,0.0,0.0,2940,1912,1.112116,0.82,0.0,0.0,pix
real_001_s001_2026-05-18_22-18-09-416,001,001,1,P001,wikiart_practice/practice_wikiart_001_surrealistic_gouache.jpg,125,24.522481,1779135513.940107,2.066667,186.0,-58.0,0.0,0.0,2940,1912,1.112116,0.82,0.0,0.0,pix
real_001_s001_2026-05-18_22-18-09-416,001,001,1,P001,wikiart_practice/practice_wikiart_001_surrealistic_gouache.jpg,126,24.539148,1779135513.956773,2.083333,186.0,-58.0,0.0,0.0,2940,1912,1.112116,0.82,0.0,0.0,pix
real_001_s001_2026-05-18_22-18-09-416,001,001,1,P001,wikiart_practice/practice_wikiart_001_surrealistic_gouache.jpg,127,24.555814,1779135513.97344,2.1,186.0,-58.0,0.0,0.0,2940,1912,1.112116,0.82,0.0,0.0,pix
real_001_s001_2026-05-18_22-18-09-416,001,001,1,P001,wikiart_practice/practice_wikiart_001_surrealistic_gouache.jpg,128,24.572481,1779135513.990107,2.116667,186.0,-58.0,0.0,0.0,2940,1912,1.112116,0.82,0.0,0.0,pix
real_001_s001_2026-05-18_22-18-09-416,001,001,1,P001,wikiart_practice/practice_wikiart_001_surrealistic_gouache.jpg,129,24.589148,1779135514.006773,2.133333,186.0,-58.0,0.0,0.0,2940,1912,1.112116,0.82,0.0,0.0,pix
real_001_s001_2026-05-18_22-18-09-416,001,001,1,P001,wikiart_practice/practice_wikiart_001_surrealistic_gouache.jpg,130,24.605814,1779135514.02344,2.15,186.0,-58.0,0.0,0.0,2940,1912,1.112116,0.82,0.0,0.0,pix
real_001_s001_2026-05-18_22-18-09-416,001,001,1,P001,wikiart_practice/practice_wikiart_001_surrealistic_gouache.jpg,131,24.622481,1779135514.040107,2.166667,186.0,-58.0,0.0,0.0,2940,1912,1.112116,0.82,0.0,0.0,pix
real_001_s001_2026-05-18_22-18-09-416,001,001,1,P001,wikiart_practice/practice_wikiart_001_surrealistic_gouache.jpg,132,24.639148,1779135514.056773,2.183333,186.0,-58.0,0.0,0.0,2940,1912,1.112116,0.82,0.0,0.0,pix
real_001_s001_2026-05-18_22-18-09-416,001,001,1,P001,wikiart_practice/practice_wikiart_001_surrealistic_gouache.jpg,133,24.655814,1779135514.07344,2.2,186.0,-58.0,0.0,0.0,2940,1912,1.112116,0.82,0.0,0.0,pix
real_001_s001_2026-05-18_22-18-09-416,001,001,1,P001,wikiart_practice/practice_wikiart_001_surrealistic_gouache.jpg,134,24.672481,1779135514.090107,2.216667,186.0,-58.0,0.0,0.0,2940,1912,1.112116,0.82,0.0,0.0,pix
real_001_s001_2026-05-18_22-18-09-416,001,001,1,P001,wikiart_practice/practice_wikiart_001_surrealistic_gouache.jpg,135,24.689148,1779135514.106773,2.233333,186.0,-58.0,0.0,0.0,2940,1912,1.112116,0.82,0.0,0.0,pix
real_001_s001_2026-05-18_22-18-09-416,001,001,1,P001,wikiart_practice/practice_wikiart_001_surrealistic_gouache.jpg,136,24.705814,1779135514.12344,2.25,186.0,-58.0,0.0,0.0,2940,1912,1.112116,0.82,0.0,0.0,pix
real_001_s001_2026-05-18_22-18-09-416,001,001,1,P001,wikiart_practice/practice_wikiart_001_surrealistic_gouache.jpg,137,24.722481,1779135514.140107,2.266667,186.0,-58.0,0.0,0.0,2940,1912,1.112116,0.82,0.0,0.0,pix
real_001_s001_2026-05-18_22-18-09-416,001,001,1,P001,wikiart_practice/practice_wikiart_001_surrealistic_gouache.jpg,138,24.739148,1779135514.156773,2.283333,186.0,-58.0,0.0,0.0,2940,1912,1.112116,0.82,0.0,0.0,pix
real_001_s001_2026-05-18_22-18-09-416,001,001,1,P001,wikiart_practice/practice_wikiart_001_surrealistic_gouache.jpg,139,24.755814,1779135514.17344,2.3,186.0,-58.0,0.0,0.0,2940,1912,1.112116,0.82,0.0,0.0,pix
real_001_s001_2026-05-18_22-18-09-416,001,001,1,P001,wikiart_practice/practice_wikiart_001_surrealistic_gouache.jpg,140,24.772481,1779135514.190107,2.316667,186.0,-58.0,0.0,0.0,2940,1912,1.112116,0.82,0.0,0.0,pix
real_001_s001_2026-05-18_22-18-09-416,001,001,1,P001,wikiart_practice/practice_wikiart_001_surrealistic_gouache.jpg,141,24.789148,1779135514.206773,2.333333,186.0,-58.0,0.0,0.0,2940,1912,1.112116,0.82,0.0,0.0,pix
real_001_s001_2026-05-18_22-18-09-416,001,001,1,P001,wikiart_practice/practice_wikiart_001_surrealistic_gouache.jpg,142,24.805814,1779135514.22344,2.35,186.0,-58.0,0.0,0.0,2940,1912,1.112116,0.82,0.0,0.0,pix
real_001_s001_2026-05-18_22-18-09-416,001,001,1,P001,wikiart_practice/practice_wikiart_001_surrealistic_gouache.jpg,143,24.822481,1779135514.240107,2.366667,186.0,-58.0,0.0,0.0,2940,1912,1.112116,0.82,0.0,0.0,pix
real_001_s001_2026-05-18_22-18-09-416,001,001,1,P001,wikiart_practice/practice_wikiart_001_surrealistic_gouache.jpg,144,24.839148,1779135514.256773,2.383333,186.0,-58.0,0.0,0.0,2940,1912,1.112116,0.82,0.0,0.0,pix
real_001_s001_2026-05-18_22-18-09-416,001,001,1,P001,wikiart_practice/practice_wikiart_001_surrealistic_gouache.jpg,145,24.855814,1779135514.27344,2.4,186.0,-58.0,0.0,0.0,2940,1912,1.112116,0.82,0.0,0.0,pix
real_001_s001_2026-05-18_22-18-09-416,001,001,1,P001,wikiart_practice/practice_wikiart_001_surrealistic_gouache.jpg,146,24.872481,1779135514.290107,2.416667,186.0,-58.0,0.0,0.0,2940,1912,1.112116,0.82,0.0,0.0,pix
real_001_s001_2026-05-18_22-18-09-416,001,001,1,P001,wikiart_practice/practice_wikiart_001_surrealistic_gouache.jpg,147,24.889148,1779135514.306773,2.433333,186.0,-58.0,0.0,0.0,2940,1912,1.112116,0.82,0.0,0.0,pix
real_001_s001_2026-05-18_22-18-09-416,001,001,1,P001,wikiart_practice/practice_wikiart_001_surrealistic_gouache.jpg,148,24.905814,1779135514.32344,2.45,186.0,-58.0,0.0,0.0,2940,1912,1.112116,0.82,0.0,0.0,pix
real_001_s001_2026-05-18_22-18-09-416,001,001,1,P001,wikiart_practice/practice_wikiart_001_surrealistic_gouache.jpg,149,24.922481,1779135514.340107,2.466667,186.0,-58.0,0.0,0.0,2940,1912,1.112116,0.82,0.0,0.0,pix
real_001_s001_2026-05-18_22-18-09-416,001,001,1,P001,wikiart_practice/practice_wikiart_001_surrealistic_gouache.jpg,150,24.939148,1779135514.356773,2.483333,186.0,-58.0,0.0,0.0,2940,1912,1.112116,0.82,0.0,0.0,pix
real_001_s001_2026-05-18_22-18-09-416,001,001,1,P001,wikiart_practice/practice_wikiart_001_surrealistic_gouache.jpg,151,24.955814,1779135514.37344,2.5,186.0,-58.0,0.0,0.0,2940,1912,1.112116,0.82,0.0,0.0,pix
real_001_s001_2026-05-18_22-18-09-416,001,001,1,P001,wikiart_practice/practice_wikiart_001_surrealistic_gouache.jpg,152,24.972481,1779135514.390107,2.516667,186.0,-58.0,0.0,0.0,2940,1912,1.112116,0.82,0.0,0.0,pix
real_001_s001_2026-05-18_22-18-09-416,001,001,1,P001,wikiart_practice/practice_wikiart_001_surrealistic_gouache.jpg,153,24.989148,1779135514.406773,2.533333,186.0,-58.0,0.0,0.0,2940,1912,1.112116,0.82,0.0,0.0,pix
real_001_s001_2026-05-18_22-18-09-416,001,001,1,P001,wikiart_practice/practice_wikiart_001_surrealistic_gouache.jpg,154,25.005814,1779135514.42344,2.55,186.0,-58.0,0.0,0.0,2940,1912,1.112116,0.82,0.0,0.0,pix
real_001_s001_2026-05-18_22-18-09-416,001,001,1,P001,wikiart_practice/practice_wikiart_001_surrealistic_gouache.jpg,155,25.022481,1779135514.440107,2.566667,186.0,-58.0,0.0,0.0,2940,1912,1.112116,0.82,0.0,0.0,pix
real_001_s001_2026-05-18_22-18-09-416,001,001,1,P001,wikiart_practice/practice_wikiart_001_surrealistic_gouache.jpg,156,25.039148,1779135514.456773,2.583333,186.0,-58.0,0.0,0.0,2940,1912,1.112116,0.82,0.0,0.0,pix
real_001_s001_2026-05-18_22-18-09-416,001,001,1,P001,wikiart_practice/practice_wikiart_001_surrealistic_gouache.jpg,157,25.055814,1779135514.47344,2.6,186.0,-58.0,0.0,0.0,2940,1912,1.112116,0.82,0.0,0.0,pix
real_001_s001_2026-05-18_22-18-09-416,001,001,1,P001,wikiart_practice/practice_wikiart_001_surrealistic_gouache.jpg,158,25.072481,1779135514.490107,2.616667,186.0,-58.0,0.0,0.0,2940,1912,1.112116,0.82,0.0,0.0,pix
real_001_s001_2026-05-18_22-18-09-416,001,001,1,P001,wikiart_practice/practice_wikiart_001_surrealistic_gouache.jpg,159,25.089148,1779135514.506773,2.633333,186.0,-58.0,0.0,0.0,2940,1912,1.112116,0.82,0.0,0.0,pix
real_001_s001_2026-05-18_22-18-09-416,001,001,1,P001,wikiart_practice/practice_wikiart_001_surrealistic_gouache.jpg,160,25.105814,1779135514.52344,2.65,186.0,-58.0,0.0,0.0,2940,1912,1.112116,0.82,0.0,0.0,pix
real_001_s001_2026-05-18_22-18-09-416,001,001,1,P001,wikiart_practice/practice_wikiart_001_surrealistic_gouache.jpg,161,25.122481,1779135514.540107,2.666667,186.0,-58.0,0.0,0.0,2940,1912,1.112116,0.82,0.0,0.0,pix
real_001_s001_2026-05-18_22-18-09-416,001,001,1,P001,wikiart_practice/practice_wikiart_001_surrealistic_gouache.jpg,162,25.139148,1779135514.556773,2.683333,186.0,-58.0,0.0,0.0,2940,1912,1.112116,0.82,0.0,0.0,pix
real_001_s001_2026-05-18_22-18-09-416,001,001,1,P001,wikiart_practice/practice_wikiart_001_surrealistic_gouache.jpg,163,25.155814,1779135514.57344,2.7,186.0,-58.0,0.0,0.0,2940,1912,1.112116,0.82,0.0,0.0,pix
real_001_s001_2026-05-18_22-18-09-416,001,001,1,P001,wikiart_practice/practice_wikiart_001_surrealistic_gouache.jpg,164,25.172481,1779135514.590107,2.716667,186.0,-58.0,0.0,0.0,2940,1912,1.112116,0.82,0.0,0.0,pix
real_001_s001_2026-05-18_22-18-09-416,001,001,1,P001,wikiart_practice/practice_wikiart_001_surrealistic_gouache.jpg,165,25.189148,1779135514.606773,2.733333,186.0,-58.0,0.0,0.0,2940,1912,1.112116,0.82,0.0,0.0,pix
real_001_s001_2026-05-18_22-18-09-416,001,001,1,P001,wikiart_practice/practice_wikiart_001_surrealistic_gouache.jpg,166,25.205814,1779135514.62344,2.75,186.0,-58.0,0.0,0.0,2940,1912,1.112116,0.82,0.0,0.0,pix
real_001_s001_2026-05-18_22-18-09-416,001,001,1,P001,wikiart_practice/practice_wikiart_001_surrealistic_gouache.jpg,167,25.222481,1779135514.640107,2.766667,186.0,-58.0,0.0,0.0,2940,1912,1.112116,0.82,0.0,0.0,pix
real_001_s001_2026-05-18_22-18-09-416,001,001,1,P001,wikiart_practice/practice_wikiart_001_surrealistic_gouache.jpg,168,25.239148,1779135514.656773,2.783333,186.0,-58.0,0.0,0.0,2940,1912,1.112116,0.82,0.0,0.0,pix
real_001_s001_2026-05-18_22-18-09-416,001,001,1,P001,wikiart_practice/practice_wikiart_001_surrealistic_gouache.jpg,169,25.255814,1779135514.67344,2.8,186.0,-58.0,0.0,0.0,2940,1912,1.112116,0.82,0.0,0.0,pix
real_001_s001_2026-05-18_22-18-09-416,001,001,1,P001,wikiart_practice/practice_wikiart_001_surrealistic_gouache.jpg,170,25.272481,1779135514.690107,2.816667,186.0,-58.0,0.0,0.0,2940,1912,1.112116,0.82,0.0,0.0,pix
real_001_s001_2026-05-18_22-18-09-416,001,001,1,P001,wikiart_practice/practice_wikiart_001_surrealistic_gouache.jpg,171,25.289148,1779135514.706773,2.833333,186.0,-58.0,0.0,0.0,2940,1912,1.112116,0.82,0.0,0.0,pix
real_001_s001_2026-05-18_22-18-09-416,001,001,1,P001,wikiart_practice/practice_wikiart_001_surrealistic_gouache.jpg,172,25.305814,1779135514.72344,2.85,186.0,-58.0,0.0,0.0,2940,1912,1.112116,0.82,0.0,0.0,pix
real_001_s001_2026-05-18_22-18-09-416,001,001,1,P001,wikiart_practice/practice_wikiart_001_surrealistic_gouache.jpg,173,25.322481,1779135514.740107,2.866667,186.0,-58.0,0.0,0.0,2940,1912,1.112116,0.82,0.0,0.0,pix
real_001_s001_2026-05-18_22-18-09-416,001,001,1,P001,wikiart_practice/practice_wikiart_001_surrealistic_gouache.jpg,174,25.339148,1779135514.756773,2.883333,186.0,-58.0,0.0,0.0,2940,1912,1.112116,0.82,0.0,0.0,pix
real_001_s001_2026-05-18_22-18-09-416,001,001,1,P001,wikiart_practice/practice_wikiart_001_surrealistic_gouache.jpg,175,25.355814,1779135514.77344,2.9,186.0,-58.0,0.0,0.0,2940,1912,1.112116,0.82,0.0,0.0,pix
real_001_s001_2026-05-18_22-18-09-416,001,001,1,P001,wikiart_practice/practice_wikiart_001_surrealistic_gouache.jpg,176,25.372481,1779135514.790107,2.916667,186.0,-58.0,0.0,0.0,2940,1912,1.112116,0.82,0.0,0.0,pix
real_001_s001_2026-05-18_22-18-09-416,001,001,1,P001,wikiart_practice/practice_wikiart_001_surrealistic_gouache.jpg,177,25.389148,1779135514.806773,2.933333,186.0,-58.0,0.0,0.0,2940,1912,1.112116,0.82,0.0,0.0,pix
real_001_s001_2026-05-18_22-18-09-416,001,001,1,P001,wikiart_practice/practice_wikiart_001_surrealistic_gouache.jpg,178,25.405814,1779135514.82344,2.95,186.0,-58.0,0.0,0.0,2940,1912,1.112116,0.82,0.0,0.0,pix
real_001_s001_2026-05-18_22-18-09-416,001,001,1,P001,wikiart_practice/practice_wikiart_001_surrealistic_gouache.jpg,179,25.422481,1779135514.840107,2.966667,186.0,-58.0,0.0,0.0,2940,1912,1.112116,0.82,0.0,0.0,pix
real_001_s001_2026-05-18_22-18-09-416,001,001,1,P001,wikiart_practice/practice_wikiart_001_surrealistic_gouache.jpg,180,25.439148,1779135514.856773,2.983333,186.0,-58.0,0.0,0.0,2940,1912,1.112116,0.82,0.0,0.0,pix
real_001_s001_2026-05-18_22-18-09-416,001,001,1,P001,wikiart_practice/practice_wikiart_001_surrealistic_gouache.jpg,181,25.455814,1779135514.87344,3.0,186.0,-58.0,0.0,0.0,2940,1912,1.112116,0.82,0.0,0.0,pix
real_001_s001_2026-05-18_22-18-09-416,001,001,1,P001,wikiart_practice/practice_wikiart_001_surrealistic_gouache.jpg,182,25.472481,1779135514.890107,3.016667,186.0,-58.0,0.0,0.0,2940,1912,1.112116,0.82,0.0,0.0,pix
real_001_s001_2026-05-18_22-18-09-416,001,001,1,P001,wikiart_practice/practice_wikiart_001_surrealistic_gouache.jpg,183,25.489148,1779135514.906773,3.033333,186.0,-58.0,0.0,0.0,2940,1912,1.112116,0.82,0.0,0.0,pix
real_001_s001_2026-05-18_22-18-09-416,001,001,1,P001,wikiart_practice/practice_wikiart_001_surrealistic_gouache.jpg,184,25.505814,1779135514.92344,3.05,186.0,-58.0,0.0,0.0,2940,1912,1.112116,0.82,0.0,0.0,pix
real_001_s001_2026-05-18_22-18-09-416,001,001,1,P001,wikiart_practice/practice_wikiart_001_surrealistic_gouache.jpg,185,25.522481,1779135514.940107,3.066667,186.0,-58.0,0.0,0.0,2940,1912,1.112116,0.82,0.0,0.0,pix
real_001_s001_2026-05-18_22-18-09-416,001,001,1,P001,wikiart_practice/practice_wikiart_001_surrealistic_gouache.jpg,186,25.539148,1779135514.956773,3.083333,186.0,-58.0,0.0,0.0,2940,1912,1.112116,0.82,0.0,0.0,pix
real_001_s001_2026-05-18_22-18-09-416,001,001,1,P001,wikiart_practice/practice_wikiart_001_surrealistic_gouache.jpg,187,25.555814,1779135514.97344,3.1,186.0,-58.0,0.0,0.0,2940,1912,1.112116,0.82,0.0,0.0,pix
real_001_s001_2026-05-18_22-18-09-416,001,001,1,P001,wikiart_practice/practice_wikiart_001_surrealistic_gouache.jpg,188,25.572481,1779135514.990107,3.116667,186.0,-58.0,0.0,0.0,2940,1912,1.112116,0.82,0.0,0.0,pix
real_001_s001_2026-05-18_22-18-09-416,001,001,1,P001,wikiart_practice/practice_wikiart_001_surrealistic_gouache.jpg,189,25.589148,1779135515.006773,3.133333,186.0,-58.0,0.0,0.0,2940,1912,1.112116,0.82,0.0,0.0,pix
real_001_s001_2026-05-18_22-18-09-416,001,001,1,P001,wikiart_practice/practice_wikiart_001_surrealistic_gouache.jpg,190,25.605814,1779135515.02344,3.15,186.0,-58.0,0.0,0.0,2940,1912,1.112116,0.82,0.0,0.0,pix
real_001_s001_2026-05-18_22-18-09-416,001,001,1,P001,wikiart_practice/practice_wikiart_001_surrealistic_gouache.jpg,191,25.622481,1779135515.040107,3.166667,186.0,-58.0,0.0,0.0,2940,1912,1.112116,0.82,0.0,0.0,pix
real_001_s001_2026-05-18_22-18-09-416,001,001,1,P001,wikiart_practice/practice_wikiart_001_surrealistic_gouache.jpg,192,25.639148,1779135515.056773,3.183333,186.0,-58.0,0.0,0.0,2940,1912,1.112116,0.82,0.0,0.0,pix
real_001_s001_2026-05-18_22-18-09-416,001,001,1,P001,wikiart_practice/practice_wikiart_001_surrealistic_gouache.jpg,193,25.655814,1779135515.07344,3.2,186.0,-58.0,0.0,0.0,2940,1912,1.112116,0.82,0.0,0.0,pix
real_001_s001_2026-05-18_22-18-09-416,001,001,1,P001,wikiart_practice/practice_wikiart_001_surrealistic_gouache.jpg,194,25.672481,1779135515.090107,3.216667,186.0,-58.0,0.0,0.0,2940,1912,1.112116,0.82,0.0,0.0,pix
real_001_s001_2026-05-18_22-18-09-416,001,001,1,P001,wikiart_practice/practice_wikiart_001_surrealistic_gouache.jpg,195,25.689148,1779135515.106773,3.233333,186.0,-58.0,0.0,0.0,2940,1912,1.112116,0.82,0.0,0.0,pix
real_001_s001_2026-05-18_22-18-09-416,001,001,1,P001,wikiart_practice/practice_wikiart_001_surrealistic_gouache.jpg,196,25.705814,1779135515.12344,3.25,186.0,-58.0,0.0,0.0,2940,1912,1.112116,0.82,0.0,0.0,pix
real_001_s001_2026-05-18_22-18-09-416,001,001,1,P001,wikiart_practice/practice_wikiart_001_surrealistic_gouache.jpg,197,25.722481,1779135515.140107,3.266667,186.0,-58.0,0.0,0.0,2940,1912,1.112116,0.82,0.0,0.0,pix
real_001_s001_2026-05-18_22-18-09-416,001,001,1,P001,wikiart_practice/practice_wikiart_001_surrealistic_gouache.jpg,198,25.739148,1779135515.156773,3.283333,186.0,-58.0,0.0,0.0,2940,1912,1.112116,0.82,0.0,0.0,pix
real_001_s001_2026-05-18_22-18-09-416,001,001,1,P001,wikiart_practice/practice_wikiart_001_surrealistic_gouache.jpg,199,25.755814,1779135515.17344,3.3,186.0,-58.0,0.0,0.0,2940,1912,1.112116,0.82,0.0,0.0,pix
real_001_s001_2026-05-18_22-18-09-416,001,001,1,P001,wikiart_practice/practice_wikiart_001_surrealistic_gouache.jpg,200,25.772481,1779135515.190107,3.316667,186.0,-58.0,0.0,0.0,2940,1912,1.112116,0.82,0.0,0.0,pix
real_001_s001_2026-05-18_22-18-09-416,001,001,1,P001,wikiart_practice/practice_wikiart_001_surrealistic_gouache.jpg,201,25.789148,1779135515.206773,3.333333,186.0,-58.0,0.0,0.0,2940,1912,1.112116,0.82,0.0,0.0,pix
real_001_s001_2026-05-18_22-18-09-416,001,001,1,P001,wikiart_practice/practice_wikiart_001_surrealistic_gouache.jpg,202,25.805814,1779135515.22344,3.35,186.0,-58.0,0.0,0.0,2940,1912,1.112116,0.82,0.0,0.0,pix
real_001_s001_2026-05-18_22-18-09-416,001,001,1,P001,wikiart_practice/practice_wikiart_001_surrealistic_gouache.jpg,203,25.822481,1779135515.240107,3.366667,186.0,-58.0,0.0,0.0,2940,1912,1.112116,0.82,0.0,0.0,pix
real_001_s001_2026-05-18_22-18-09-416,001,001,1,P001,wikiart_practice/practice_wikiart_001_surrealistic_gouache.jpg,204,25.839148,1779135515.256773,3.383333,186.0,-58.0,0.0,0.0,2940,1912,1.112116,0.82,0.0,0.0,pix
real_001_s001_2026-05-18_22-18-09-416,001,001,1,P001,wikiart_practice/practice_wikiart_001_surrealistic_gouache.jpg,205,25.855814,1779135515.27344,3.4,186.0,-58.0,0.0,0.0,2940,1912,1.112116,0.82,0.0,0.0,pix
real_001_s001_2026-05-18_22-18-09-416,001,001,1,P001,wikiart_practice/practice_wikiart_001_surrealistic_gouache.jpg,206,25.872481,1779135515.290107,3.416667,186.0,-58.0,0.0,0.0,2940,1912,1.112116,0.82,0.0,0.0,pix
real_001_s001_2026-05-18_22-18-09-416,001,001,1,P001,wikiart_practice/practice_wikiart_001_surrealistic_gouache.jpg,207,25.889148,1779135515.306773,3.433333,186.0,-58.0,0.0,0.0,2940,1912,1.112116,0.82,0.0,0.0,pix
real_001_s001_2026-05-18_22-18-09-416,001,001,1,P001,wikiart_practice/practice_wikiart_001_surrealistic_gouache.jpg,208,25.905814,1779135515.32344,3.45,186.0,-58.0,0.0,0.0,2940,1912,1.112116,0.82,0.0,0.0,pix
real_001_s001_2026-05-18_22-18-09-416,001,001,1,P001,wikiart_practice/practice_wikiart_001_surrealistic_gouache.jpg,209,25.922481,1779135515.340107,3.466667,186.0,-58.0,0.0,0.0,2940,1912,1.112116,0.82,0.0,0.0,pix
real_001_s001_2026-05-18_22-18-09-416,001,001,1,P001,wikiart_practice/practice_wikiart_001_surrealistic_gouache.jpg,210,25.939148,1779135515.356773,3.483333,186.0,-58.0,0.0,0.0,2940,1912,1.112116,0.82,0.0,0.0,pix
real_001_s001_2026-05-18_22-18-09-416,001,001,1,P001,wikiart_practice/practice_wikiart_001_surrealistic_gouache.jpg,211,25.955814,1779135515.37344,3.5,186.0,-58.0,0.0,0.0,2940,1912,1.112116,0.82,0.0,0.0,pix
real_001_s001_2026-05-18_22-18-09-416,001,001,1,P001,wikiart_practice/practice_wikiart_001_surrealistic_gouache.jpg,212,25.972481,1779135515.390107,3.516667,186.0,-58.0,0.0,0.0,2940,1912,1.112116,0.82,0.0,0.0,pix
real_001_s001_2026-05-18_22-18-09-416,001,001,1,P001,wikiart_practice/practice_wikiart_001_surrealistic_gouache.jpg,213,25.989148,1779135515.406773,3.533333,186.0,-58.0,0.0,0.0,2940,1912,1.112116,0.82,0.0,0.0,pix
real_001_s001_2026-05-18_22-18-09-416,001,001,1,P001,wikiart_practice/practice_wikiart_001_surrealistic_gouache.jpg,214,26.005814,1779135515.42344,3.55,186.0,-58.0,0.0,0.0,2940,1912,1.112116,0.82,0.0,0.0,pix
real_001_s001_2026-05-18_22-18-09-416,001,001,1,P001,wikiart_practice/practice_wikiart_001_surrealistic_gouache.jpg,215,26.022481,1779135515.440107,3.566667,186.0,-58.0,0.0,0.0,2940,1912,1.112116,0.82,0.0,0.0,pix
real_001_s001_2026-05-18_22-18-09-416,001,001,1,P001,wikiart_practice/practice_wikiart_001_surrealistic_gouache.jpg,216,26.039148,1779135515.456773,3.583333,186.0,-58.0,0.0,0.0,2940,1912,1.112116,0.82,0.0,0.0,pix
real_001_s001_2026-05-18_22-18-09-416,001,001,1,P001,wikiart_practice/practice_wikiart_001_surrealistic_gouache.jpg,217,26.055814,1779135515.47344,3.6,186.0,-58.0,0.0,0.0,2940,1912,1.112116,0.82,0.0,0.0,pix
real_001_s001_2026-05-18_22-18-09-416,001,001,1,P001,wikiart_practice/practice_wikiart_001_surrealistic_gouache.jpg,218,26.072481,1779135515.490107,3.616667,186.0,-58.0,0.0,0.0,2940,1912,1.112116,0.82,0.0,0.0,pix
real_001_s001_2026-05-18_22-18-09-416,001,001,1,P001,wikiart_practice/practice_wikiart_001_surrealistic_gouache.jpg,219,26.089148,1779135515.506773,3.633333,186.0,-58.0,0.0,0.0,2940,1912,1.112116,0.82,0.0,0.0,pix
real_001_s001_2026-05-18_22-18-09-416,001,001,1,P001,wikiart_practice/practice_wikiart_001_surrealistic_gouache.jpg,220,26.105814,1779135515.52344,3.65,186.0,-58.0,0.0,0.0,2940,1912,1.112116,0.82,0.0,0.0,pix
real_001_s001_2026-05-18_22-18-09-416,001,001,1,P001,wikiart_practice/practice_wikiart_001_surrealistic_gouache.jpg,221,26.122481,1779135515.540107,3.666667,186.0,-58.0,0.0,0.0,2940,1912,1.112116,0.82,0.0,0.0,pix
real_001_s001_2026-05-18_22-18-09-416,001,001,1,P001,wikiart_practice/practice_wikiart_001_surrealistic_gouache.jpg,222,26.139148,1779135515.556773,3.683333,186.0,-58.0,0.0,0.0,2940,1912,1.112116,0.82,0.0,0.0,pix
real_001_s001_2026-05-18_22-18-09-416,001,001,1,P001,wikiart_practice/practice_wikiart_001_surrealistic_gouache.jpg,223,26.155814,1779135515.57344,3.7,186.0,-58.0,0.0,0.0,2940,1912,1.112116,0.82,0.0,0.0,pix
real_001_s001_2026-05-18_22-18-09-416,001,001,1,P001,wikiart_practice/practice_wikiart_001_surrealistic_gouache.jpg,224,26.172481,1779135515.590107,3.716667,186.0,-58.0,0.0,0.0,2940,1912,1.112116,0.82,0.0,0.0,pix
real_001_s001_2026-05-18_22-18-09-416,001,001,1,P001,wikiart_practice/practice_wikiart_001_surrealistic_gouache.jpg,225,26.189148,1779135515.606773,3.733333,186.0,-58.0,0.0,0.0,2940,1912,1.112116,0.82,0.0,0.0,pix
real_001_s001_2026-05-18_22-18-09-416,001,001,1,P001,wikiart_practice/practice_wikiart_001_surrealistic_gouache.jpg,226,26.205814,1779135515.62344,3.75,186.0,-58.0,0.0,0.0,2940,1912,1.112116,0.82,0.0,0.0,pix
real_001_s001_2026-05-18_22-18-09-416,001,001,1,P001,wikiart_practice/practice_wikiart_001_surrealistic_gouache.jpg,227,26.222481,1779135515.640107,3.766667,186.0,-58.0,0.0,0.0,2940,1912,1.112116,0.82,0.0,0.0,pix
real_001_s001_2026-05-18_22-18-09-416,001,001,1,P001,wikiart_practice/practice_wikiart_001_surrealistic_gouache.jpg,228,26.239148,1779135515.656773,3.783333,186.0,-58.0,0.0,0.0,2940,1912,1.112116,0.82,0.0,0.0,pix
real_001_s001_2026-05-18_22-18-09-416,001,001,1,P001,wikiart_practice/practice_wikiart_001_surrealistic_gouache.jpg,229,26.255814,1779135515.67344,3.8,186.0,-58.0,0.0,0.0,2940,1912,1.112116,0.82,0.0,0.0,pix
real_001_s001_2026-05-18_22-18-09-416,001,001,1,P001,wikiart_practice/practice_wikiart_001_surrealistic_gouache.jpg,230,26.272481,1779135515.690107,3.816667,186.0,-58.0,0.0,0.0,2940,1912,1.112116,0.82,0.0,0.0,pix
real_001_s001_2026-05-18_22-18-09-416,001,001,1,P001,wikiart_practice/practice_wikiart_001_surrealistic_gouache.jpg,231,26.289148,1779135515.706773,3.833333,186.0,-58.0,0.0,0.0,2940,1912,1.112116,0.82,0.0,0.0,pix
real_001_s001_2026-05-18_22-18-09-416,001,001,1,P001,wikiart_practice/practice_wikiart_001_surrealistic_gouache.jpg,232,26.305814,1779135515.72344,3.85,186.0,-58.0,0.0,0.0,2940,1912,1.112116,0.82,0.0,0.0,pix
real_001_s001_2026-05-18_22-18-09-416,001,001,1,P001,wikiart_practice/practice_wikiart_001_surrealistic_gouache.jpg,233,26.322481,1779135515.740107,3.866667,186.0,-58.0,0.0,0.0,2940,1912,1.112116,0.82,0.0,0.0,pix
real_001_s001_2026-05-18_22-18-09-416,001,001,1,P001,wikiart_practice/practice_wikiart_001_surrealistic_gouache.jpg,234,26.339148,1779135515.756773,3.883333,186.0,-58.0,0.0,0.0,2940,1912,1.112116,0.82,0.0,0.0,pix
real_001_s001_2026-05-18_22-18-09-416,001,001,1,P001,wikiart_practice/practice_wikiart_001_surrealistic_gouache.jpg,235,26.355814,1779135515.77344,3.9,186.0,-58.0,0.0,0.0,2940,1912,1.112116,0.82,0.0,0.0,pix
real_001_s001_2026-05-18_22-18-09-416,001,001,1,P001,wikiart_practice/practice_wikiart_001_surrealistic_gouache.jpg,236,26.372481,1779135515.790107,3.916667,186.0,-58.0,0.0,0.0,2940,1912,1.112116,0.82,0.0,0.0,pix
real_001_s001_2026-05-18_22-18-09-416,001,001,1,P001,wikiart_practice/practice_wikiart_001_surrealistic_gouache.jpg,237,26.389148,1779135515.806773,3.933333,186.0,-58.0,0.0,0.0,2940,1912,1.112116,0.82,0.0,0.0,pix
real_001_s001_2026-05-18_22-18-09-416,001,001,1,P001,wikiart_practice/practice_wikiart_001_surrealistic_gouache.jpg,238,26.405814,1779135515.82344,3.95,186.0,-58.0,0.0,0.0,2940,1912,1.112116,0.82,0.0,0.0,pix
real_001_s001_2026-05-18_22-18-09-416,001,001,1,P001,wikiart_practice/practice_wikiart_001_surrealistic_gouache.jpg,239,26.422481,1779135515.840107,3.966667,186.0,-58.0,0.0,0.0,2940,1912,1.112116,0.82,0.0,0.0,pix
real_001_s001_2026-05-18_22-18-09-416,001,001,1,P001,wikiart_practice/practice_wikiart_001_surrealistic_gouache.jpg,240,26.439148,1779135515.856773,3.983333,186.0,-58.0,0.0,0.0,2940,1912,1.112116,0.82,0.0,0.0,pix
real_001_s001_2026-05-18_22-18-09-416,001,001,1,P001,wikiart_practice/practice_wikiart_001_surrealistic_gouache.jpg,241,26.455814,1779135515.87344,4.0,186.0,-58.0,0.0,0.0,2940,1912,1.112116,0.82,0.0,0.0,pix
real_001_s001_2026-05-18_22-18-09-416,001,001,1,P001,wikiart_practice/practice_wikiart_001_surrealistic_gouache.jpg,242,26.472481,1779135515.890107,4.016667,186.0,-58.0,0.0,0.0,2940,1912,1.112116,0.82,0.0,0.0,pix
real_001_s001_2026-05-18_22-18-09-416,001,001,1,P001,wikiart_practice/practice_wikiart_001_surrealistic_gouache.jpg,243,26.489148,1779135515.906773,4.033333,186.0,-58.0,0.0,0.0,2940,1912,1.112116,0.82,0.0,0.0,pix
real_001_s001_2026-05-18_22-18-09-416,001,001,1,P001,wikiart_practice/practice_wikiart_001_surrealistic_gouache.jpg,244,26.505814,1779135515.92344,4.05,186.0,-58.0,0.0,0.0,2940,1912,1.112116,0.82,0.0,0.0,pix
real_001_s001_2026-05-18_22-18-09-416,001,001,1,P001,wikiart_practice/practice_wikiart_001_surrealistic_gouache.jpg,245,26.522481,1779135515.940107,4.066667,186.0,-58.0,0.0,0.0,2940,1912,1.112116,0.82,0.0,0.0,pix
real_001_s001_2026-05-18_22-18-09-416,001,001,1,P001,wikiart_practice/practice_wikiart_001_surrealistic_gouache.jpg,246,26.539148,1779135515.956773,4.083333,186.0,-58.0,0.0,0.0,2940,1912,1.112116,0.82,0.0,0.0,pix
real_001_s001_2026-05-18_22-18-09-416,001,001,1,P001,wikiart_practice/practice_wikiart_001_surrealistic_gouache.jpg,247,26.555814,1779135515.97344,4.1,186.0,-58.0,0.0,0.0,2940,1912,1.112116,0.82,0.0,0.0,pix
real_001_s001_2026-05-18_22-18-09-416,001,001,1,P001,wikiart_practice/practice_wikiart_001_surrealistic_gouache.jpg,248,26.572481,1779135515.990107,4.116667,186.0,-58.0,0.0,0.0,2940,1912,1.112116,0.82,0.0,0.0,pix
real_001_s001_2026-05-18_22-18-09-416,001,001,1,P001,wikiart_practice/practice_wikiart_001_surrealistic_gouache.jpg,249,26.589148,1779135516.006773,4.133333,186.0,-58.0,0.0,0.0,2940,1912,1.112116,0.82,0.0,0.0,pix
real_001_s001_2026-05-18_22-18-09-416,001,001,1,P001,wikiart_practice/practice_wikiart_001_surrealistic_gouache.jpg,250,26.605814,1779135516.02344,4.15,186.0,-58.0,0.0,0.0,2940,1912,1.112116,0.82,0.0,0.0,pix
real_001_s001_2026-05-18_22-18-09-416,001,001,1,P001,wikiart_practice/practice_wikiart_001_surrealistic_gouache.jpg,251,26.622481,1779135516.040107,4.166667,186.0,-58.0,0.0,0.0,2940,1912,1.112116,0.82,0.0,0.0,pix
real_001_s001_2026-05-18_22-18-09-416,001,001,1,P001,wikiart_practice/practice_wikiart_001_surrealistic_gouache.jpg,252,26.639148,1779135516.056773,4.183333,186.0,-58.0,0.0,0.0,2940,1912,1.112116,0.82,0.0,0.0,pix
real_001_s001_2026-05-18_22-18-09-416,001,001,1,P001,wikiart_practice/practice_wikiart_001_surrealistic_gouache.jpg,253,26.655814,1779135516.07344,4.2,186.0,-58.0,0.0,0.0,2940,1912,1.112116,0.82,0.0,0.0,pix
real_001_s001_2026-05-18_22-18-09-416,001,001,1,P001,wikiart_practice/practice_wikiart_001_surrealistic_gouache.jpg,254,26.672481,1779135516.090107,4.216667,186.0,-58.0,0.0,0.0,2940,1912,1.112116,0.82,0.0,0.0,pix
real_001_s001_2026-05-18_22-18-09-416,001,001,1,P001,wikiart_practice/practice_wikiart_001_surrealistic_gouache.jpg,255,26.689148,1779135516.106773,4.233333,186.0,-58.0,0.0,0.0,2940,1912,1.112116,0.82,0.0,0.0,pix
real_001_s001_2026-05-18_22-18-09-416,001,001,1,P001,wikiart_practice/practice_wikiart_001_surrealistic_gouache.jpg,256,26.705814,1779135516.12344,4.25,186.0,-58.0,0.0,0.0,2940,1912,1.112116,0.82,0.0,0.0,pix
real_001_s001_2026-05-18_22-18-09-416,001,001,1,P001,wikiart_practice/practice_wikiart_001_surrealistic_gouache.jpg,257,26.722481,1779135516.140107,4.266667,186.0,-58.0,0.0,0.0,2940,1912,1.112116,0.82,0.0,0.0,pix
real_001_s001_2026-05-18_22-18-09-416,001,001,1,P001,wikiart_practice/practice_wikiart_001_surrealistic_gouache.jpg,258,26.739148,1779135516.156773,4.283333,186.0,-58.0,0.0,0.0,2940,1912,1.112116,0.82,0.0,0.0,pix
real_001_s001_2026-05-18_22-18-09-416,001,001,1,P001,wikiart_practice/practice_wikiart_001_surrealistic_gouache.jpg,259,26.755814,1779135516.17344,4.3,186.0,-58.0,0.0,0.0,2940,1912,1.112116,0.82,0.0,0.0,pix
real_001_s001_2026-05-18_22-18-09-416,001,001,1,P001,wikiart_practice/practice_wikiart_001_surrealistic_gouache.jpg,260,26.772481,1779135516.190107,4.316667,186.0,-58.0,0.0,0.0,2940,1912,1.112116,0.82,0.0,0.0,pix
real_001_s001_2026-05-18_22-18-09-416,001,001,1,P001,wikiart_practice/practice_wikiart_001_surrealistic_gouache.jpg,261,26.789148,1779135516.206773,4.333333,186.0,-58.0,0.0,0.0,2940,1912,1.112116,0.82,0.0,0.0,pix
real_001_s001_2026-05-18_22-18-09-416,001,001,1,P001,wikiart_practice/practice_wikiart_001_surrealistic_gouache.jpg,262,26.805814,1779135516.22344,4.35,186.0,-58.0,0.0,0.0,2940,1912,1.112116,0.82,0.0,0.0,pix
real_001_s001_2026-05-18_22-18-09-416,001,001,1,P001,wikiart_practice/practice_wikiart_001_surrealistic_gouache.jpg,263,26.822481,1779135516.240107,4.366667,186.0,-58.0,0.0,0.0,2940,1912,1.112116,0.82,0.0,0.0,pix
real_001_s001_2026-05-18_22-18-09-416,001,001,1,P001,wikiart_practice/practice_wikiart_001_surrealistic_gouache.jpg,264,26.839148,1779135516.256773,4.383333,186.0,-58.0,0.0,0.0,2940,1912,1.112116,0.82,0.0,0.0,pix
real_001_s001_2026-05-18_22-18-09-416,001,001,1,P001,wikiart_practice/practice_wikiart_001_surrealistic_gouache.jpg,265,26.855814,1779135516.27344,4.4,186.0,-58.0,0.0,0.0,2940,1912,1.112116,0.82,0.0,0.0,pix
real_001_s001_2026-05-18_22-18-09-416,001,001,1,P001,wikiart_practice/practice_wikiart_001_surrealistic_gouache.jpg,266,26.872481,1779135516.290107,4.416667,186.0,-58.0,0.0,0.0,2940,1912,1.112116,0.82,0.0,0.0,pix
real_001_s001_2026-05-18_22-18-09-416,001,001,1,P001,wikiart_practice/practice_wikiart_001_surrealistic_gouache.jpg,267,26.889148,1779135516.306773,4.433333,186.0,-58.0,0.0,0.0,2940,1912,1.112116,0.82,0.0,0.0,pix
real_001_s001_2026-05-18_22-18-09-416,001,001,1,P001,wikiart_practice/practice_wikiart_001_surrealistic_gouache.jpg,268,26.905814,1779135516.32344,4.45,186.0,-58.0,0.0,0.0,2940,1912,1.112116,0.82,0.0,0.0,pix
real_001_s001_2026-05-18_22-18-09-416,001,001,1,P001,wikiart_practice/practice_wikiart_001_surrealistic_gouache.jpg,269,26.922481,1779135516.340107,4.466667,186.0,-58.0,0.0,0.0,2940,1912,1.112116,0.82,0.0,0.0,pix
real_001_s001_2026-05-18_22-18-09-416,001,001,1,P001,wikiart_practice/practice_wikiart_001_surrealistic_gouache.jpg,270,26.939148,1779135516.356773,4.483333,186.0,-58.0,0.0,0.0,2940,1912,1.112116,0.82,0.0,0.0,pix
real_001_s001_2026-05-18_22-18-09-416,001,001,1,P001,wikiart_practice/practice_wikiart_001_surrealistic_gouache.jpg,271,26.955814,1779135516.37344,4.5,186.0,-58.0,0.0,0.0,2940,1912,1.112116,0.82,0.0,0.0,pix
real_001_s001_2026-05-18_22-18-09-416,001,001,1,P001,wikiart_practice/practice_wikiart_001_surrealistic_gouache.jpg,272,26.972481,1779135516.390107,4.516667,186.0,-58.0,0.0,0.0,2940,1912,1.112116,0.82,0.0,0.0,pix
real_001_s001_2026-05-18_22-18-09-416,001,001,1,P001,wikiart_practice/practice_wikiart_001_surrealistic_gouache.jpg,273,26.989148,1779135516.406773,4.533333,186.0,-58.0,0.0,0.0,2940,1912,1.112116,0.82,0.0,0.0,pix
real_001_s001_2026-05-18_22-18-09-416,001,001,1,P001,wikiart_practice/practice_wikiart_001_surrealistic_gouache.jpg,274,27.005814,1779135516.42344,4.55,186.0,-58.0,0.0,0.0,2940,1912,1.112116,0.82,0.0,0.0,pix
real_001_s001_2026-05-18_22-18-09-416,001,001,1,P001,wikiart_practice/practice_wikiart_001_surrealistic_gouache.jpg,275,27.022481,1779135516.440107,4.566667,186.0,-58.0,0.0,0.0,2940,1912,1.112116,0.82,0.0,0.0,pix
real_001_s001_2026-05-18_22-18-09-416,001,001,1,P001,wikiart_practice/practice_wikiart_001_surrealistic_gouache.jpg,276,27.039148,1779135516.456773,4.583333,186.0,-58.0,0.0,0.0,2940,1912,1.112116,0.82,0.0,0.0,pix
real_001_s001_2026-05-18_22-18-09-416,001,001,1,P001,wikiart_practice/practice_wikiart_001_surrealistic_gouache.jpg,277,27.055814,1779135516.47344,4.6,186.0,-58.0,0.0,0.0,2940,1912,1.112116,0.82,0.0,0.0,pix
real_001_s001_2026-05-18_22-18-09-416,001,001,1,P001,wikiart_practice/practice_wikiart_001_surrealistic_gouache.jpg,278,27.072481,1779135516.490107,4.616667,186.0,-58.0,0.0,0.0,2940,1912,1.112116,0.82,0.0,0.0,pix
real_001_s001_2026-05-18_22-18-09-416,001,001,1,P001,wikiart_practice/practice_wikiart_001_surrealistic_gouache.jpg,279,27.089148,1779135516.506773,4.633333,186.0,-58.0,0.0,0.0,2940,1912,1.112116,0.82,0.0,0.0,pix
real_001_s001_2026-05-18_22-18-09-416,001,001,1,P001,wikiart_practice/practice_wikiart_001_surrealistic_gouache.jpg,280,27.105814,1779135516.52344,4.65,186.0,-58.0,0.0,0.0,2940,1912,1.112116,0.82,0.0,0.0,pix
real_001_s001_2026-05-18_22-18-09-416,001,001,1,P001,wikiart_practice/practice_wikiart_001_surrealistic_gouache.jpg,281,27.122481,1779135516.540107,4.666667,186.0,-58.0,0.0,0.0,2940,1912,1.112116,0.82,0.0,0.0,pix
real_001_s001_2026-05-18_22-18-09-416,001,001,1,P001,wikiart_practice/practice_wikiart_001_surrealistic_gouache.jpg,282,27.139148,1779135516.556773,4.683333,186.0,-58.0,0.0,0.0,2940,1912,1.112116,0.82,0.0,0.0,pix
real_001_s001_2026-05-18_22-18-09-416,001,001,1,P001,wikiart_practice/practice_wikiart_001_surrealistic_gouache.jpg,283,27.155814,1779135516.57344,4.7,186.0,-58.0,0.0,0.0,2940,1912,1.112116,0.82,0.0,0.0,pix
real_001_s001_2026-05-18_22-18-09-416,001,001,1,P001,wikiart_practice/practice_wikiart_001_surrealistic_gouache.jpg,284,27.172481,1779135516.590107,4.716667,186.0,-58.0,0.0,0.0,2940,1912,1.112116,0.82,0.0,0.0,pix
real_001_s001_2026-05-18_22-18-09-416,001,001,1,P001,wikiart_practice/practice_wikiart_001_surrealistic_gouache.jpg,285,27.189148,1779135516.606773,4.733333,186.0,-58.0,0.0,0.0,2940,1912,1.112116,0.82,0.0,0.0,pix
real_001_s001_2026-05-18_22-18-09-416,001,001,1,P001,wikiart_practice/practice_wikiart_001_surrealistic_gouache.jpg,286,27.205814,1779135516.62344,4.75,186.0,-58.0,0.0,0.0,2940,1912,1.112116,0.82,0.0,0.0,pix
real_001_s001_2026-05-18_22-18-09-416,001,001,1,P001,wikiart_practice/practice_wikiart_001_surrealistic_gouache.jpg,287,27.222481,1779135516.640107,4.766667,186.0,-58.0,0.0,0.0,2940,1912,1.112116,0.82,0.0,0.0,pix
real_001_s001_2026-05-18_22-18-09-416,001,001,1,P001,wikiart_practice/practice_wikiart_001_surrealistic_gouache.jpg,288,27.239148,1779135516.656773,4.783333,186.0,-58.0,0.0,0.0,2940,1912,1.112116,0.82,0.0,0.0,pix
real_001_s001_2026-05-18_22-18-09-416,001,001,1,P001,wikiart_practice/practice_wikiart_001_surrealistic_gouache.jpg,289,27.255814,1779135516.67344,4.8,186.0,-58.0,0.0,0.0,2940,1912,1.112116,0.82,0.0,0.0,pix
real_001_s001_2026-05-18_22-18-09-416,001,001,1,P001,wikiart_practice/practice_wikiart_001_surrealistic_gouache.jpg,290,27.272481,1779135516.690107,4.816667,186.0,-58.0,0.0,0.0,2940,1912,1.112116,0.82,0.0,0.0,pix
real_001_s001_2026-05-18_22-18-09-416,001,001,1,P001,wikiart_practice/practice_wikiart_001_surrealistic_gouache.jpg,291,27.289148,1779135516.706773,4.833333,186.0,-58.0,0.0,0.0,2940,1912,1.112116,0.82,0.0,0.0,pix
real_001_s001_2026-05-18_22-18-09-416,001,001,1,P001,wikiart_practice/practice_wikiart_001_surrealistic_gouache.jpg,292,27.305814,1779135516.72344,4.85,186.0,-58.0,0.0,0.0,2940,1912,1.112116,0.82,0.0,0.0,pix
real_001_s001_2026-05-18_22-18-09-416,001,001,1,P001,wikiart_practice/practice_wikiart_001_surrealistic_gouache.jpg,293,27.322481,1779135516.740107,4.866667,186.0,-58.0,0.0,0.0,2940,1912,1.112116,0.82,0.0,0.0,pix
real_001_s001_2026-05-18_22-18-09-416,001,001,1,P001,wikiart_practice/practice_wikiart_001_surrealistic_gouache.jpg,294,27.339148,1779135516.756773,4.883333,186.0,-58.0,0.0,0.0,2940,1912,1.112116,0.82,0.0,0.0,pix
real_001_s001_2026-05-18_22-18-09-416,001,001,1,P001,wikiart_practice/practice_wikiart_001_surrealistic_gouache.jpg,295,27.355814,1779135516.77344,4.9,186.0,-58.0,0.0,0.0,2940,1912,1.112116,0.82,0.0,0.0,pix
real_001_s001_2026-05-18_22-18-09-416,001,001,1,P001,wikiart_practice/practice_wikiart_001_surrealistic_gouache.jpg,296,27.372481,1779135516.790107,4.916667,186.0,-58.0,0.0,0.0,2940,1912,1.112116,0.82,0.0,0.0,pix
real_001_s001_2026-05-18_22-18-09-416,001,001,1,P001,wikiart_practice/practice_wikiart_001_surrealistic_gouache.jpg,297,27.389148,1779135516.806773,4.933333,186.0,-58.0,0.0,0.0,2940,1912,1.112116,0.82,0.0,0.0,pix
real_001_s001_2026-05-18_22-18-09-416,001,001,1,P001,wikiart_practice/practice_wikiart_001_surrealistic_gouache.jpg,298,27.405814,1779135516.82344,4.95,186.0,-58.0,0.0,0.0,2940,1912,1.112116,0.82,0.0,0.0,pix
real_001_s001_2026-05-18_22-18-09-416,001,001,1,P001,wikiart_practice/practice_wikiart_001_surrealistic_gouache.jpg,299,27.422481,1779135516.840107,4.966667,186.0,-58.0,0.0,0.0,2940,1912,1.112116,0.82,0.0,0.0,pix
real_001_s001_2026-05-18_22-18-09-416,001,001,1,P001,wikiart_practice/practice_wikiart_001_surrealistic_gouache.jpg,300,27.439148,1779135516.856773,4.983333,186.0,-58.0,0.0,0.0,2940,1912,1.112116,0.82,0.0,0.0,pix
real_001_s001_2026-05-18_22-18-09-416,001,001,1,P001,wikiart_practice/practice_wikiart_001_surrealistic_gouache.jpg,301,27.455814,1779135516.87344,5.0,186.0,-58.0,0.0,0.0,2940,1912,1.112116,0.82,0.0,0.0,pix
real_001_s001_2026-05-18_22-18-09-416,001,001,1,P001,wikiart_practice/practice_wikiart_001_surrealistic_gouache.jpg,302,27.472481,1779135516.890107,5.016667,186.0,-58.0,0.0,0.0,2940,1912,1.112116,0.82,0.0,0.0,pix
real_001_s001_2026-05-18_22-18-09-416,001,001,1,P001,wikiart_practice/practice_wikiart_001_surrealistic_gouache.jpg,303,27.489148,1779135516.906773,5.033333,186.0,-58.0,0.0,0.0,2940,1912,1.112116,0.82,0.0,0.0,pix
real_001_s001_2026-05-18_22-18-09-416,001,001,1,P001,wikiart_practice/practice_wikiart_001_surrealistic_gouache.jpg,304,27.505814,1779135516.92344,5.05,186.0,-58.0,0.0,0.0,2940,1912,1.112116,0.82,0.0,0.0,pix
real_001_s001_2026-05-18_22-18-09-416,001,001,1,P001,wikiart_practice/practice_wikiart_001_surrealistic_gouache.jpg,305,27.522481,1779135516.940107,5.066667,186.0,-58.0,0.0,0.0,2940,1912,1.112116,0.82,0.0,0.0,pix
real_001_s001_2026-05-18_22-18-09-416,001,001,1,P001,wikiart_practice/practice_wikiart_001_surrealistic_gouache.jpg,306,27.539148,1779135516.956773,5.083333,186.0,-58.0,0.0,0.0,2940,1912,1.112116,0.82,0.0,0.0,pix
real_001_s001_2026-05-18_22-18-09-416,001,001,1,P001,wikiart_practice/practice_wikiart_001_surrealistic_gouache.jpg,307,27.555814,1779135516.97344,5.1,186.0,-58.0,0.0,0.0,2940,1912,1.112116,0.82,0.0,0.0,pix
real_001_s001_2026-05-18_22-18-09-416,001,001,1,P001,wikiart_practice/practice_wikiart_001_surrealistic_gouache.jpg,308,27.572481,1779135516.990107,5.116667,186.0,-58.0,0.0,0.0,2940,1912,1.112116,0.82,0.0,0.0,pix
real_001_s001_2026-05-18_22-18-09-416,001,001,1,P001,wikiart_practice/practice_wikiart_001_surrealistic_gouache.jpg,309,27.589148,1779135517.006773,5.133333,186.0,-58.0,0.0,0.0,2940,1912,1.112116,0.82,0.0,0.0,pix
real_001_s001_2026-05-18_22-18-09-416,001,001,1,P001,wikiart_practice/practice_wikiart_001_surrealistic_gouache.jpg,310,27.605814,1779135517.02344,5.15,186.0,-58.0,0.0,0.0,2940,1912,1.112116,0.82,0.0,0.0,pix
real_001_s001_2026-05-18_22-18-09-416,001,001,1,P001,wikiart_practice/practice_wikiart_001_surrealistic_gouache.jpg,311,27.622481,1779135517.040107,5.166667,186.0,-58.0,0.0,0.0,2940,1912,1.112116,0.82,0.0,0.0,pix
real_001_s001_2026-05-18_22-18-09-416,001,001,1,P001,wikiart_practice/practice_wikiart_001_surrealistic_gouache.jpg,312,27.639148,1779135517.056773,5.183333,186.0,-58.0,0.0,0.0,2940,1912,1.112116,0.82,0.0,0.0,pix
real_001_s001_2026-05-18_22-18-09-416,001,001,1,P001,wikiart_practice/practice_wikiart_001_surrealistic_gouache.jpg,313,27.655814,1779135517.07344,5.2,186.0,-58.0,0.0,0.0,2940,1912,1.112116,0.82,0.0,0.0,pix
real_001_s001_2026-05-18_22-18-09-416,001,001,1,P001,wikiart_practice/practice_wikiart_001_surrealistic_gouache.jpg,314,27.672481,1779135517.090107,5.216667,186.0,-58.0,0.0,0.0,2940,1912,1.112116,0.82,0.0,0.0,pix
real_001_s001_2026-05-18_22-18-09-416,001,001,1,P001,wikiart_practice/practice_wikiart_001_surrealistic_gouache.jpg,315,27.689148,1779135517.106773,5.233333,186.0,-58.0,0.0,0.0,2940,1912,1.112116,0.82,0.0,0.0,pix
real_001_s001_2026-05-18_22-18-09-416,001,001,1,P001,wikiart_practice/practice_wikiart_001_surrealistic_gouache.jpg,316,27.705814,1779135517.12344,5.25,186.0,-58.0,0.0,0.0,2940,1912,1.112116,0.82,0.0,0.0,pix
real_001_s001_2026-05-18_22-18-09-416,001,001,1,P001,wikiart_practice/practice_wikiart_001_surrealistic_gouache.jpg,317,27.722481,1779135517.140107,5.266667,186.0,-58.0,0.0,0.0,2940,1912,1.112116,0.82,0.0,0.0,pix
real_001_s001_2026-05-18_22-18-09-416,001,001,1,P001,wikiart_practice/practice_wikiart_001_surrealistic_gouache.jpg,318,27.739148,1779135517.156773,5.283333,186.0,-58.0,0.0,0.0,2940,1912,1.112116,0.82,0.0,0.0,pix
real_001_s001_2026-05-18_22-18-09-416,001,001,1,P001,wikiart_practice/practice_wikiart_001_surrealistic_gouache.jpg,319,27.755814,1779135517.17344,5.3,186.0,-58.0,0.0,0.0,2940,1912,1.112116,0.82,0.0,0.0,pix
real_001_s001_2026-05-18_22-18-09-416,001,001,1,P001,wikiart_practice/practice_wikiart_001_surrealistic_gouache.jpg,320,27.772481,1779135517.190107,5.316667,186.0,-58.0,0.0,0.0,2940,1912,1.112116,0.82,0.0,0.0,pix
real_001_s001_2026-05-18_22-18-09-416,001,001,1,P001,wikiart_practice/practice_wikiart_001_surrealistic_gouache.jpg,321,27.789148,1779135517.206773,5.333333,186.0,-58.0,0.0,0.0,2940,1912,1.112116,0.82,0.0,0.0,pix
real_001_s001_2026-05-18_22-18-09-416,001,001,1,P001,wikiart_practice/practice_wikiart_001_surrealistic_gouache.jpg,322,27.805814,1779135517.22344,5.35,186.0,-58.0,0.0,0.0,2940,1912,1.112116,0.82,0.0,0.0,pix
real_001_s001_2026-05-18_22-18-09-416,001,001,1,P001,wikiart_practice/practice_wikiart_001_surrealistic_gouache.jpg,323,27.822481,1779135517.240107,5.366667,186.0,-58.0,0.0,0.0,2940,1912,1.112116,0.82,0.0,0.0,pix
real_001_s001_2026-05-18_22-18-09-416,001,001,1,P001,wikiart_practice/practice_wikiart_001_surrealistic_gouache.jpg,324,27.839148,1779135517.256773,5.383333,186.0,-58.0,0.0,0.0,2940,1912,1.112116,0.82,0.0,0.0,pix
real_001_s001_2026-05-18_22-18-09-416,001,001,1,P001,wikiart_practice/practice_wikiart_001_surrealistic_gouache.jpg,325,27.855814,1779135517.27344,5.4,186.0,-58.0,0.0,0.0,2940,1912,1.112116,0.82,0.0,0.0,pix
real_001_s001_2026-05-18_22-18-09-416,001,001,1,P001,wikiart_practice/practice_wikiart_001_surrealistic_gouache.jpg,326,27.872481,1779135517.290107,5.416667,186.0,-58.0,0.0,0.0,2940,1912,1.112116,0.82,0.0,0.0,pix
real_001_s001_2026-05-18_22-18-09-416,001,001,1,P001,wikiart_practice/practice_wikiart_001_surrealistic_gouache.jpg,327,27.889148,1779135517.306773,5.433333,186.0,-58.0,0.0,0.0,2940,1912,1.112116,0.82,0.0,0.0,pix
real_001_s001_2026-05-18_22-18-09-416,001,001,1,P001,wikiart_practice/practice_wikiart_001_surrealistic_gouache.jpg,328,27.905814,1779135517.32344,5.45,186.0,-58.0,0.0,0.0,2940,1912,1.112116,0.82,0.0,0.0,pix
real_001_s001_2026-05-18_22-18-09-416,001,001,1,P001,wikiart_practice/practice_wikiart_001_surrealistic_gouache.jpg,329,27.922481,1779135517.340107,5.466667,186.0,-58.0,0.0,0.0,2940,1912,1.112116,0.82,0.0,0.0,pix
real_001_s001_2026-05-18_22-18-09-416,001,001,1,P001,wikiart_practice/practice_wikiart_001_surrealistic_gouache.jpg,330,27.939148,1779135517.356773,5.483333,186.0,-58.0,0.0,0.0,2940,1912,1.112116,0.82,0.0,0.0,pix
real_001_s001_2026-05-18_22-18-09-416,001,001,1,P001,wikiart_practice/practice_wikiart_001_surrealistic_gouache.jpg,331,27.955814,1779135517.37344,5.5,186.0,-58.0,0.0,0.0,2940,1912,1.112116,0.82,0.0,0.0,pix
real_001_s001_2026-05-18_22-18-09-416,001,001,1,P001,wikiart_practice/practice_wikiart_001_surrealistic_gouache.jpg,332,27.972481,1779135517.390107,5.516667,186.0,-58.0,0.0,0.0,2940,1912,1.112116,0.82,0.0,0.0,pix
real_001_s001_2026-05-18_22-18-09-416,001,001,1,P001,wikiart_practice/practice_wikiart_001_surrealistic_gouache.jpg,333,27.989148,1779135517.406773,5.533333,186.0,-58.0,0.0,0.0,2940,1912,1.112116,0.82,0.0,0.0,pix
real_001_s001_2026-05-18_22-18-09-416,001,001,1,P001,wikiart_practice/practice_wikiart_001_surrealistic_gouache.jpg,334,28.005814,1779135517.42344,5.55,186.0,-58.0,0.0,0.0,2940,1912,1.112116,0.82,0.0,0.0,pix
real_001_s001_2026-05-18_22-18-09-416,001,001,1,P001,wikiart_practice/practice_wikiart_001_surrealistic_gouache.jpg,335,28.022481,1779135517.440107,5.566667,186.0,-58.0,0.0,0.0,2940,1912,1.112116,0.82,0.0,0.0,pix
real_001_s001_2026-05-18_22-18-09-416,001,001,1,P001,wikiart_practice/practice_wikiart_001_surrealistic_gouache.jpg,336,28.039148,1779135517.456773,5.583333,186.0,-58.0,0.0,0.0,2940,1912,1.112116,0.82,0.0,0.0,pix
real_001_s001_2026-05-18_22-18-09-416,001,001,1,P001,wikiart_practice/practice_wikiart_001_surrealistic_gouache.jpg,337,28.055814,1779135517.47344,5.6,186.0,-58.0,0.0,0.0,2940,1912,1.112116,0.82,0.0,0.0,pix
real_001_s001_2026-05-18_22-18-09-416,001,001,1,P001,wikiart_practice/practice_wikiart_001_surrealistic_gouache.jpg,338,28.072481,1779135517.490107,5.616667,186.0,-58.0,0.0,0.0,2940,1912,1.112116,0.82,0.0,0.0,pix
real_001_s001_2026-05-18_22-18-09-416,001,001,1,P001,wikiart_practice/practice_wikiart_001_surrealistic_gouache.jpg,339,28.089148,1779135517.506773,5.633333,186.0,-58.0,0.0,0.0,2940,1912,1.112116,0.82,0.0,0.0,pix
real_001_s001_2026-05-18_22-18-09-416,001,001,1,P001,wikiart_practice/practice_wikiart_001_surrealistic_gouache.jpg,340,28.105814,1779135517.52344,5.65,186.0,-58.0,0.0,0.0,2940,1912,1.112116,0.82,0.0,0.0,pix
real_001_s001_2026-05-18_22-18-09-416,001,001,1,P001,wikiart_practice/practice_wikiart_001_surrealistic_gouache.jpg,341,28.122481,1779135517.540107,5.666667,186.0,-58.0,0.0,0.0,2940,1912,1.112116,0.82,0.0,0.0,pix
real_001_s001_2026-05-18_22-18-09-416,001,001,1,P001,wikiart_practice/practice_wikiart_001_surrealistic_gouache.jpg,342,28.139148,1779135517.556773,5.683333,186.0,-58.0,0.0,0.0,2940,1912,1.112116,0.82,0.0,0.0,pix
real_001_s001_2026-05-18_22-18-09-416,001,001,1,P001,wikiart_practice/practice_wikiart_001_surrealistic_gouache.jpg,343,28.155814,1779135517.57344,5.7,186.0,-58.0,0.0,0.0,2940,1912,1.112116,0.82,0.0,0.0,pix
real_001_s001_2026-05-18_22-18-09-416,001,001,1,P001,wikiart_practice/practice_wikiart_001_surrealistic_gouache.jpg,344,28.172481,1779135517.590107,5.716667,186.0,-58.0,0.0,0.0,2940,1912,1.112116,0.82,0.0,0.0,pix
real_001_s001_2026-05-18_22-18-09-416,001,001,1,P001,wikiart_practice/practice_wikiart_001_surrealistic_gouache.jpg,345,28.189148,1779135517.606773,5.733333,186.0,-58.0,0.0,0.0,2940,1912,1.112116,0.82,0.0,0.0,pix
real_001_s001_2026-05-18_22-18-09-416,001,001,1,P001,wikiart_practice/practice_wikiart_001_surrealistic_gouache.jpg,346,28.205814,1779135517.62344,5.75,186.0,-58.0,0.0,0.0,2940,1912,1.112116,0.82,0.0,0.0,pix
real_001_s001_2026-05-18_22-18-09-416,001,001,1,P001,wikiart_practice/practice_wikiart_001_surrealistic_gouache.jpg,347,28.222481,1779135517.640107,5.766667,186.0,-58.0,0.0,0.0,2940,1912,1.112116,0.82,0.0,0.0,pix
real_001_s001_2026-05-18_22-18-09-416,001,001,1,P001,wikiart_practice/practice_wikiart_001_surrealistic_gouache.jpg,348,28.239148,1779135517.656773,5.783333,186.0,-58.0,0.0,0.0,2940,1912,1.112116,0.82,0.0,0.0,pix
real_001_s001_2026-05-18_22-18-09-416,001,001,1,P001,wikiart_practice/practice_wikiart_001_surrealistic_gouache.jpg,349,28.255814,1779135517.67344,5.8,186.0,-58.0,0.0,0.0,2940,1912,1.112116,0.82,0.0,0.0,pix
real_001_s001_2026-05-18_22-18-09-416,001,001,1,P001,wikiart_practice/practice_wikiart_001_surrealistic_gouache.jpg,350,28.272481,1779135517.690107,5.816667,186.0,-58.0,0.0,0.0,2940,1912,1.112116,0.82,0.0,0.0,pix
real_001_s001_2026-05-18_22-18-09-416,001,001,1,P001,wikiart_practice/practice_wikiart_001_surrealistic_gouache.jpg,351,28.289148,1779135517.706773,5.833333,186.0,-58.0,0.0,0.0,2940,1912,1.112116,0.82,0.0,0.0,pix
real_001_s001_2026-05-18_22-18-09-416,001,001,1,P001,wikiart_practice/practice_wikiart_001_surrealistic_gouache.jpg,352,28.305814,1779135517.72344,5.85,186.0,-58.0,0.0,0.0,2940,1912,1.112116,0.82,0.0,0.0,pix
real_001_s001_2026-05-18_22-18-09-416,001,001,1,P001,wikiart_practice/practice_wikiart_001_surrealistic_gouache.jpg,353,28.322481,1779135517.740107,5.866667,186.0,-58.0,0.0,0.0,2940,1912,1.112116,0.82,0.0,0.0,pix
real_001_s001_2026-05-18_22-18-09-416,001,001,1,P001,wikiart_practice/practice_wikiart_001_surrealistic_gouache.jpg,354,28.339148,1779135517.756773,5.883333,186.0,-58.0,0.0,0.0,2940,1912,1.112116,0.82,0.0,0.0,pix
real_001_s001_2026-05-18_22-18-09-416,001,001,1,P001,wikiart_practice/practice_wikiart_001_surrealistic_gouache.jpg,355,28.355814,1779135517.77344,5.9,186.0,-58.0,0.0,0.0,2940,1912,1.112116,0.82,0.0,0.0,pix
real_001_s001_2026-05-18_22-18-09-416,001,001,1,P001,wikiart_practice/practice_wikiart_001_surrealistic_gouache.jpg,356,28.372481,1779135517.790107,5.916667,186.0,-58.0,0.0,0.0,2940,1912,1.112116,0.82,0.0,0.0,pix
real_001_s001_2026-05-18_22-18-09-416,001,001,1,P001,wikiart_practice/practice_wikiart_001_surrealistic_gouache.jpg,357,28.389148,1779135517.806773,5.933333,186.0,-58.0,0.0,0.0,2940,1912,1.112116,0.82,0.0,0.0,pix
real_001_s001_2026-05-18_22-18-09-416,001,001,1,P001,wikiart_practice/practice_wikiart_001_surrealistic_gouache.jpg,358,28.405814,1779135517.82344,5.95,186.0,-58.0,0.0,0.0,2940,1912,1.112116,0.82,0.0,0.0,pix
real_001_s001_2026-05-18_22-18-09-416,001,001,1,P001,wikiart_practice/practice_wikiart_001_surrealistic_gouache.jpg,359,28.422481,1779135517.840107,5.966667,186.0,-58.0,0.0,0.0,2940,1912,1.112116,0.82,0.0,0.0,pix
real_001_s001_2026-05-18_22-18-09-416,001,001,1,P001,wikiart_practice/practice_wikiart_001_surrealistic_gouache.jpg,360,28.439148,1779135517.856773,5.983333,186.0,-58.0,0.0,0.0,2940,1912,1.112116,0.82,0.0,0.0,pix
real_001_s001_2026-05-18_22-18-09-416,001,001,1,P001,wikiart_practice/practice_wikiart_001_surrealistic_gouache.jpg,361,28.455814,1779135517.87344,6.0,186.0,-58.0,0.0,0.0,2940,1912,1.112116,0.82,0.0,0.0,pix
real_001_s001_2026-05-18_22-18-09-416,001,001,1,P001,wikiart_practice/practice_wikiart_001_surrealistic_gouache.jpg,362,28.472481,1779135517.890107,6.016667,186.0,-58.0,0.0,0.0,2940,1912,1.112116,0.82,0.0,0.0,pix
real_001_s001_2026-05-18_22-18-09-416,001,001,1,P001,wikiart_practice/practice_wikiart_001_surrealistic_gouache.jpg,363,28.489148,1779135517.906773,6.033333,186.0,-58.0,0.0,0.0,2940,1912,1.112116,0.82,0.0,0.0,pix
real_001_s001_2026-05-18_22-18-09-416,001,001,1,P001,wikiart_practice/practice_wikiart_001_surrealistic_gouache.jpg,364,28.505814,1779135517.92344,6.05,186.0,-58.0,0.0,0.0,2940,1912,1.112116,0.82,0.0,0.0,pix
real_001_s001_2026-05-18_22-18-09-416,001,001,1,P001,wikiart_practice/practice_wikiart_001_surrealistic_gouache.jpg,365,28.522481,1779135517.940107,6.066667,186.0,-58.0,0.0,0.0,2940,1912,1.112116,0.82,0.0,0.0,pix
real_001_s001_2026-05-18_22-18-09-416,001,001,1,P001,wikiart_practice/practice_wikiart_001_surrealistic_gouache.jpg,366,28.539148,1779135517.956773,6.083333,186.0,-58.0,0.0,0.0,2940,1912,1.112116,0.82,0.0,0.0,pix
real_001_s001_2026-05-18_22-18-09-416,001,001,1,P001,wikiart_practice/practice_wikiart_001_surrealistic_gouache.jpg,367,28.555814,1779135517.97344,6.1,186.0,-58.0,0.0,0.0,2940,1912,1.112116,0.82,0.0,0.0,pix
real_001_s001_2026-05-18_22-18-09-416,001,001,1,P001,wikiart_practice/practice_wikiart_001_surrealistic_gouache.jpg,368,28.572481,1779135517.990107,6.116667,186.0,-58.0,0.0,0.0,2940,1912,1.112116,0.82,0.0,0.0,pix
real_001_s001_2026-05-18_22-18-09-416,001,001,1,P001,wikiart_practice/practice_wikiart_001_surrealistic_gouache.jpg,369,28.589148,1779135518.006773,6.133333,186.0,-58.0,0.0,0.0,2940,1912,1.112116,0.82,0.0,0.0,pix
real_001_s001_2026-05-18_22-18-09-416,001,001,1,P001,wikiart_practice/practice_wikiart_001_surrealistic_gouache.jpg,370,28.605814,1779135518.02344,6.15,186.0,-58.0,0.0,0.0,2940,1912,1.112116,0.82,0.0,0.0,pix
real_001_s001_2026-05-18_22-18-09-416,001,001,1,P001,wikiart_practice/practice_wikiart_001_surrealistic_gouache.jpg,371,28.622481,1779135518.040107,6.166667,186.0,-58.0,0.0,0.0,2940,1912,1.112116,0.82,0.0,0.0,pix
real_001_s001_2026-05-18_22-18-09-416,001,001,1,P001,wikiart_practice/practice_wikiart_001_surrealistic_gouache.jpg,372,28.639148,1779135518.056773,6.183333,186.0,-58.0,0.0,0.0,2940,1912,1.112116,0.82,0.0,0.0,pix
real_001_s001_2026-05-18_22-18-09-416,001,001,1,P001,wikiart_practice/practice_wikiart_001_surrealistic_gouache.jpg,373,28.655814,1779135518.07344,6.2,186.0,-58.0,0.0,0.0,2940,1912,1.112116,0.82,0.0,0.0,pix
real_001_s001_2026-05-18_22-18-09-416,001,001,1,P001,wikiart_practice/practice_wikiart_001_surrealistic_gouache.jpg,374,28.672481,1779135518.090107,6.216667,186.0,-58.0,0.0,0.0,2940,1912,1.112116,0.82,0.0,0.0,pix
real_001_s001_2026-05-18_22-18-09-416,001,001,1,P001,wikiart_practice/practice_wikiart_001_surrealistic_gouache.jpg,375,28.689148,1779135518.106773,6.233333,186.0,-58.0,0.0,0.0,2940,1912,1.112116,0.82,0.0,0.0,pix
real_001_s001_2026-05-18_22-18-09-416,001,001,1,P001,wikiart_practice/practice_wikiart_001_surrealistic_gouache.jpg,376,28.705814,1779135518.12344,6.25,186.0,-58.0,0.0,0.0,2940,1912,1.112116,0.82,0.0,0.0,pix
real_001_s001_2026-05-18_22-18-09-416,001,001,1,P001,wikiart_practice/practice_wikiart_001_surrealistic_gouache.jpg,377,28.722481,1779135518.140107,6.266667,186.0,-58.0,0.0,0.0,2940,1912,1.112116,0.82,0.0,0.0,pix
real_001_s001_2026-05-18_22-18-09-416,001,001,1,P001,wikiart_practice/practice_wikiart_001_surrealistic_gouache.jpg,378,28.739148,1779135518.156773,6.283333,186.0,-58.0,0.0,0.0,2940,1912,1.112116,0.82,0.0,0.0,pix
real_001_s001_2026-05-18_22-18-09-416,001,001,1,P001,wikiart_practice/practice_wikiart_001_surrealistic_gouache.jpg,379,28.755814,1779135518.17344,6.3,186.0,-58.0,0.0,0.0,2940,1912,1.112116,0.82,0.0,0.0,pix
real_001_s001_2026-05-18_22-18-09-416,001,001,1,P001,wikiart_practice/practice_wikiart_001_surrealistic_gouache.jpg,380,28.772481,1779135518.190107,6.316667,186.0,-58.0,0.0,0.0,2940,1912,1.112116,0.82,0.0,0.0,pix
real_001_s001_2026-05-18_22-18-09-416,001,001,1,P001,wikiart_practice/practice_wikiart_001_surrealistic_gouache.jpg,381,28.789148,1779135518.206773,6.333333,186.0,-58.0,0.0,0.0,2940,1912,1.112116,0.82,0.0,0.0,pix
real_001_s001_2026-05-18_22-18-09-416,001,001,1,P001,wikiart_practice/practice_wikiart_001_surrealistic_gouache.jpg,382,28.805814,1779135518.22344,6.35,186.0,-58.0,0.0,0.0,2940,1912,1.112116,0.82,0.0,0.0,pix
real_001_s001_2026-05-18_22-18-09-416,001,001,1,P001,wikiart_practice/practice_wikiart_001_surrealistic_gouache.jpg,383,28.822481,1779135518.240107,6.366667,186.0,-58.0,0.0,0.0,2940,1912,1.112116,0.82,0.0,0.0,pix
real_001_s001_2026-05-18_22-18-09-416,001,001,1,P001,wikiart_practice/practice_wikiart_001_surrealistic_gouache.jpg,384,28.839148,1779135518.256773,6.383333,186.0,-58.0,0.0,0.0,2940,1912,1.112116,0.82,0.0,0.0,pix
real_001_s001_2026-05-18_22-18-09-416,001,001,1,P001,wikiart_practice/practice_wikiart_001_surrealistic_gouache.jpg,385,28.855814,1779135518.27344,6.4,186.0,-58.0,0.0,0.0,2940,1912,1.112116,0.82,0.0,0.0,pix
real_001_s001_2026-05-18_22-18-09-416,001,001,1,P001,wikiart_practice/practice_wikiart_001_surrealistic_gouache.jpg,386,28.872481,1779135518.290107,6.416667,186.0,-58.0,0.0,0.0,2940,1912,1.112116,0.82,0.0,0.0,pix
real_001_s001_2026-05-18_22-18-09-416,001,001,1,P001,wikiart_practice/practice_wikiart_001_surrealistic_gouache.jpg,387,28.889148,1779135518.306773,6.433333,186.0,-58.0,0.0,0.0,2940,1912,1.112116,0.82,0.0,0.0,pix
real_001_s001_2026-05-18_22-18-09-416,001,001,1,P001,wikiart_practice/practice_wikiart_001_surrealistic_gouache.jpg,388,28.905814,1779135518.32344,6.45,186.0,-58.0,0.0,0.0,2940,1912,1.112116,0.82,0.0,0.0,pix
real_001_s001_2026-05-18_22-18-09-416,001,001,1,P001,wikiart_practice/practice_wikiart_001_surrealistic_gouache.jpg,389,28.922481,1779135518.340107,6.466667,186.0,-58.0,0.0,0.0,2940,1912,1.112116,0.82,0.0,0.0,pix
real_001_s001_2026-05-18_22-18-09-416,001,001,1,P001,wikiart_practice/practice_wikiart_001_surrealistic_gouache.jpg,390,28.939148,1779135518.356773,6.483333,186.0,-58.0,0.0,0.0,2940,1912,1.112116,0.82,0.0,0.0,pix
real_001_s001_2026-05-18_22-18-09-416,001,001,1,P001,wikiart_practice/practice_wikiart_001_surrealistic_gouache.jpg,391,28.955814,1779135518.37344,6.5,186.0,-58.0,0.0,0.0,2940,1912,1.112116,0.82,0.0,0.0,pix
real_001_s001_2026-05-18_22-18-09-416,001,001,1,P001,wikiart_practice/practice_wikiart_001_surrealistic_gouache.jpg,392,28.972481,1779135518.390107,6.516667,186.0,-58.0,0.0,0.0,2940,1912,1.112116,0.82,0.0,0.0,pix
real_001_s001_2026-05-18_22-18-09-416,001,001,1,P001,wikiart_practice/practice_wikiart_001_surrealistic_gouache.jpg,393,28.989148,1779135518.406773,6.533333,186.0,-58.0,0.0,0.0,2940,1912,1.112116,0.82,0.0,0.0,pix
real_001_s001_2026-05-18_22-18-09-416,001,001,1,P001,wikiart_practice/practice_wikiart_001_surrealistic_gouache.jpg,394,29.005814,1779135518.42344,6.55,186.0,-58.0,0.0,0.0,2940,1912,1.112116,0.82,0.0,0.0,pix
real_001_s001_2026-05-18_22-18-09-416,001,001,1,P001,wikiart_practice/practice_wikiart_001_surrealistic_gouache.jpg,395,29.022481,1779135518.440107,6.566667,186.0,-58.0,0.0,0.0,2940,1912,1.112116,0.82,0.0,0.0,pix
real_001_s001_2026-05-18_22-18-09-416,001,001,1,P001,wikiart_practice/practice_wikiart_001_surrealistic_gouache.jpg,396,29.039148,1779135518.456773,6.583333,186.0,-58.0,0.0,0.0,2940,1912,1.112116,0.82,0.0,0.0,pix
real_001_s001_2026-05-18_22-18-09-416,001,001,1,P001,wikiart_practice/practice_wikiart_001_surrealistic_gouache.jpg,397,29.055814,1779135518.47344,6.6,186.0,-58.0,0.0,0.0,2940,1912,1.112116,0.82,0.0,0.0,pix
real_001_s001_2026-05-18_22-18-09-416,001,001,1,P001,wikiart_practice/practice_wikiart_001_surrealistic_gouache.jpg,398,29.072481,1779135518.490107,6.616667,186.0,-58.0,0.0,0.0,2940,1912,1.112116,0.82,0.0,0.0,pix
real_001_s001_2026-05-18_22-18-09-416,001,001,1,P001,wikiart_practice/practice_wikiart_001_surrealistic_gouache.jpg,399,29.089148,1779135518.506773,6.633333,186.0,-58.0,0.0,0.0,2940,1912,1.112116,0.82,0.0,0.0,pix
real_001_s001_2026-05-18_22-18-09-416,001,001,1,P001,wikiart_practice/practice_wikiart_001_surrealistic_gouache.jpg,400,29.105814,1779135518.52344,6.65,186.0,-58.0,0.0,0.0,2940,1912,1.112116,0.82,0.0,0.0,pix
real_001_s001_2026-05-18_22-18-09-416,001,001,1,P001,wikiart_practice/practice_wikiart_001_surrealistic_gouache.jpg,401,29.122481,1779135518.540107,6.666667,186.0,-58.0,0.0,0.0,2940,1912,1.112116,0.82,0.0,0.0,pix
real_001_s001_2026-05-18_22-18-09-416,001,001,1,P001,wikiart_practice/practice_wikiart_001_surrealistic_gouache.jpg,402,29.139148,1779135518.556773,6.683333,186.0,-58.0,0.0,0.0,2940,1912,1.112116,0.82,0.0,0.0,pix
real_001_s001_2026-05-18_22-18-09-416,001,001,1,P001,wikiart_practice/practice_wikiart_001_surrealistic_gouache.jpg,403,29.155814,1779135518.57344,6.7,186.0,-58.0,0.0,0.0,2940,1912,1.112116,0.82,0.0,0.0,pix
real_001_s001_2026-05-18_22-18-09-416,001,001,1,P001,wikiart_practice/practice_wikiart_001_surrealistic_gouache.jpg,404,29.172481,1779135518.590107,6.716667,186.0,-58.0,0.0,0.0,2940,1912,1.112116,0.82,0.0,0.0,pix
real_001_s001_2026-05-18_22-18-09-416,001,001,1,P001,wikiart_practice/practice_wikiart_001_surrealistic_gouache.jpg,405,29.189148,1779135518.606773,6.733333,186.0,-58.0,0.0,0.0,2940,1912,1.112116,0.82,0.0,0.0,pix
real_001_s001_2026-05-18_22-18-09-416,001,001,1,P001,wikiart_practice/practice_wikiart_001_surrealistic_gouache.jpg,406,29.205814,1779135518.62344,6.75,186.0,-58.0,0.0,0.0,2940,1912,1.112116,0.82,0.0,0.0,pix
real_001_s001_2026-05-18_22-18-09-416,001,001,1,P001,wikiart_practice/practice_wikiart_001_surrealistic_gouache.jpg,407,29.222481,1779135518.640107,6.766667,186.0,-58.0,0.0,0.0,2940,1912,1.112116,0.82,0.0,0.0,pix
real_001_s001_2026-05-18_22-18-09-416,001,001,1,P001,wikiart_practice/practice_wikiart_001_surrealistic_gouache.jpg,408,29.239148,1779135518.656773,6.783333,186.0,-58.0,0.0,0.0,2940,1912,1.112116,0.82,0.0,0.0,pix
real_001_s001_2026-05-18_22-18-09-416,001,001,1,P001,wikiart_practice/practice_wikiart_001_surrealistic_gouache.jpg,409,29.255814,1779135518.67344,6.8,186.0,-58.0,0.0,0.0,2940,1912,1.112116,0.82,0.0,0.0,pix
real_001_s001_2026-05-18_22-18-09-416,001,001,1,P001,wikiart_practice/practice_wikiart_001_surrealistic_gouache.jpg,410,29.272481,1779135518.690107,6.816667,186.0,-58.0,0.0,0.0,2940,1912,1.112116,0.82,0.0,0.0,pix
real_001_s001_2026-05-18_22-18-09-416,001,001,1,P001,wikiart_practice/practice_wikiart_001_surrealistic_gouache.jpg,411,29.289148,1779135518.706773,6.833333,186.0,-58.0,0.0,0.0,2940,1912,1.112116,0.82,0.0,0.0,pix
real_001_s001_2026-05-18_22-18-09-416,001,001,1,P001,wikiart_practice/practice_wikiart_001_surrealistic_gouache.jpg,412,29.305814,1779135518.72344,6.85,186.0,-58.0,0.0,0.0,2940,1912,1.112116,0.82,0.0,0.0,pix
real_001_s001_2026-05-18_22-18-09-416,001,001,1,P001,wikiart_practice/practice_wikiart_001_surrealistic_gouache.jpg,413,29.322481,1779135518.740107,6.866667,186.0,-58.0,0.0,0.0,2940,1912,1.112116,0.82,0.0,0.0,pix
real_001_s001_2026-05-18_22-18-09-416,001,001,1,P001,wikiart_practice/practice_wikiart_001_surrealistic_gouache.jpg,414,29.339148,1779135518.756773,6.883333,186.0,-58.0,0.0,0.0,2940,1912,1.112116,0.82,0.0,0.0,pix
real_001_s001_2026-05-18_22-18-09-416,001,001,1,P001,wikiart_practice/practice_wikiart_001_surrealistic_gouache.jpg,415,29.355814,1779135518.77344,6.9,186.0,-58.0,0.0,0.0,2940,1912,1.112116,0.82,0.0,0.0,pix
real_001_s001_2026-05-18_22-18-09-416,001,001,1,P001,wikiart_practice/practice_wikiart_001_surrealistic_gouache.jpg,416,29.372481,1779135518.790107,6.916667,186.0,-58.0,0.0,0.0,2940,1912,1.112116,0.82,0.0,0.0,pix
real_001_s001_2026-05-18_22-18-09-416,001,001,1,P001,wikiart_practice/practice_wikiart_001_surrealistic_gouache.jpg,417,29.389148,1779135518.806773,6.933333,186.0,-58.0,0.0,0.0,2940,1912,1.112116,0.82,0.0,0.0,pix
real_001_s001_2026-05-18_22-18-09-416,001,001,1,P001,wikiart_practice/practice_wikiart_001_surrealistic_gouache.jpg,418,29.405814,1779135518.82344,6.95,186.0,-58.0,0.0,0.0,2940,1912,1.112116,0.82,0.0,0.0,pix
real_001_s001_2026-05-18_22-18-09-416,001,001,1,P001,wikiart_practice/practice_wikiart_001_surrealistic_gouache.jpg,419,29.422481,1779135518.840107,6.966667,186.0,-58.0,0.0,0.0,2940,1912,1.112116,0.82,0.0,0.0,pix
real_001_s001_2026-05-18_22-18-09-416,001,001,1,P001,wikiart_practice/practice_wikiart_001_surrealistic_gouache.jpg,420,29.439148,1779135518.856773,6.983333,186.0,-58.0,0.0,0.0,2940,1912,1.112116,0.82,0.0,0.0,pix
real_001_s001_2026-05-18_22-18-09-416,001,001,1,P001,wikiart_practice/practice_wikiart_001_surrealistic_gouache.jpg,421,29.455814,1779135518.87344,7.0,186.0,-58.0,0.0,0.0,2940,1912,1.112116,0.82,0.0,0.0,pix
real_001_s001_2026-05-18_22-18-09-416,001,001,1,P001,wikiart_practice/practice_wikiart_001_surrealistic_gouache.jpg,422,29.472481,1779135518.890107,7.016667,186.0,-58.0,0.0,0.0,2940,1912,1.112116,0.82,0.0,0.0,pix
real_001_s001_2026-05-18_22-18-09-416,001,001,1,P001,wikiart_practice/practice_wikiart_001_surrealistic_gouache.jpg,423,29.489148,1779135518.906773,7.033333,186.0,-58.0,0.0,0.0,2940,1912,1.112116,0.82,0.0,0.0,pix
real_001_s001_2026-05-18_22-18-09-416,001,001,1,P001,wikiart_practice/practice_wikiart_001_surrealistic_gouache.jpg,424,29.505814,1779135518.92344,7.05,186.0,-58.0,0.0,0.0,2940,1912,1.112116,0.82,0.0,0.0,pix
real_001_s001_2026-05-18_22-18-09-416,001,001,1,P001,wikiart_practice/practice_wikiart_001_surrealistic_gouache.jpg,425,29.522481,1779135518.940107,7.066667,186.0,-58.0,0.0,0.0,2940,1912,1.112116,0.82,0.0,0.0,pix
real_001_s001_2026-05-18_22-18-09-416,001,001,1,P001,wikiart_practice/practice_wikiart_001_surrealistic_gouache.jpg,426,29.539148,1779135518.956773,7.083333,186.0,-58.0,0.0,0.0,2940,1912,1.112116,0.82,0.0,0.0,pix
real_001_s001_2026-05-18_22-18-09-416,001,001,1,P001,wikiart_practice/practice_wikiart_001_surrealistic_gouache.jpg,427,29.555814,1779135518.97344,7.1,186.0,-58.0,0.0,0.0,2940,1912,1.112116,0.82,0.0,0.0,pix
real_001_s001_2026-05-18_22-18-09-416,001,001,1,P001,wikiart_practice/practice_wikiart_001_surrealistic_gouache.jpg,428,29.572481,1779135518.990107,7.116667,186.0,-58.0,0.0,0.0,2940,1912,1.112116,0.82,0.0,0.0,pix
real_001_s001_2026-05-18_22-18-09-416,001,001,1,P001,wikiart_practice/practice_wikiart_001_surrealistic_gouache.jpg,429,29.589148,1779135519.006773,7.133333,186.0,-58.0,0.0,0.0,2940,1912,1.112116,0.82,0.0,0.0,pix
real_001_s001_2026-05-18_22-18-09-416,001,001,1,P001,wikiart_practice/practice_wikiart_001_surrealistic_gouache.jpg,430,29.605814,1779135519.02344,7.15,186.0,-58.0,0.0,0.0,2940,1912,1.112116,0.82,0.0,0.0,pix
real_001_s001_2026-05-18_22-18-09-416,001,001,1,P001,wikiart_practice/practice_wikiart_001_surrealistic_gouache.jpg,431,29.622481,1779135519.040107,7.166667,186.0,-58.0,0.0,0.0,2940,1912,1.112116,0.82,0.0,0.0,pix
real_001_s001_2026-05-18_22-18-09-416,001,001,1,P001,wikiart_practice/practice_wikiart_001_surrealistic_gouache.jpg,432,29.639148,1779135519.056773,7.183333,186.0,-58.0,0.0,0.0,2940,1912,1.112116,0.82,0.0,0.0,pix
real_001_s001_2026-05-18_22-18-09-416,001,001,1,P001,wikiart_practice/practice_wikiart_001_surrealistic_gouache.jpg,433,29.655814,1779135519.07344,7.2,186.0,-58.0,0.0,0.0,2940,1912,1.112116,0.82,0.0,0.0,pix
real_001_s001_2026-05-18_22-18-09-416,001,001,1,P001,wikiart_practice/practice_wikiart_001_surrealistic_gouache.jpg,434,29.672481,1779135519.090107,7.216667,186.0,-58.0,0.0,0.0,2940,1912,1.112116,0.82,0.0,0.0,pix
real_001_s001_2026-05-18_22-18-09-416,001,001,1,P001,wikiart_practice/practice_wikiart_001_surrealistic_gouache.jpg,435,29.689148,1779135519.106773,7.233333,186.0,-58.0,0.0,0.0,2940,1912,1.112116,0.82,0.0,0.0,pix
real_001_s001_2026-05-18_22-18-09-416,001,001,1,P001,wikiart_practice/practice_wikiart_001_surrealistic_gouache.jpg,436,29.705814,1779135519.12344,7.25,186.0,-58.0,0.0,0.0,2940,1912,1.112116,0.82,0.0,0.0,pix
real_001_s001_2026-05-18_22-18-09-416,001,001,1,P001,wikiart_practice/practice_wikiart_001_surrealistic_gouache.jpg,437,29.722481,1779135519.140107,7.266667,186.0,-58.0,0.0,0.0,2940,1912,1.112116,0.82,0.0,0.0,pix
real_001_s001_2026-05-18_22-18-09-416,001,001,1,P001,wikiart_practice/practice_wikiart_001_surrealistic_gouache.jpg,438,29.739148,1779135519.156773,7.283333,186.0,-58.0,0.0,0.0,2940,1912,1.112116,0.82,0.0,0.0,pix
real_001_s001_2026-05-18_22-18-09-416,001,001,1,P001,wikiart_practice/practice_wikiart_001_surrealistic_gouache.jpg,439,29.755814,1779135519.17344,7.3,186.0,-58.0,0.0,0.0,2940,1912,1.112116,0.82,0.0,0.0,pix
real_001_s001_2026-05-18_22-18-09-416,001,001,1,P001,wikiart_practice/practice_wikiart_001_surrealistic_gouache.jpg,440,29.772481,1779135519.190107,7.316667,186.0,-58.0,0.0,0.0,2940,1912,1.112116,0.82,0.0,0.0,pix
real_001_s001_2026-05-18_22-18-09-416,001,001,1,P001,wikiart_practice/practice_wikiart_001_surrealistic_gouache.jpg,441,29.789148,1779135519.206773,7.333333,186.0,-58.0,0.0,0.0,2940,1912,1.112116,0.82,0.0,0.0,pix
real_001_s001_2026-05-18_22-18-09-416,001,001,1,P001,wikiart_practice/practice_wikiart_001_surrealistic_gouache.jpg,442,29.805814,1779135519.22344,7.35,186.0,-58.0,0.0,0.0,2940,1912,1.112116,0.82,0.0,0.0,pix
real_001_s001_2026-05-18_22-18-09-416,001,001,1,P001,wikiart_practice/practice_wikiart_001_surrealistic_gouache.jpg,443,29.822481,1779135519.240107,7.366667,186.0,-58.0,0.0,0.0,2940,1912,1.112116,0.82,0.0,0.0,pix
real_001_s001_2026-05-18_22-18-09-416,001,001,1,P001,wikiart_practice/practice_wikiart_001_surrealistic_gouache.jpg,444,29.839148,1779135519.256773,7.383333,186.0,-58.0,0.0,0.0,2940,1912,1.112116,0.82,0.0,0.0,pix
real_001_s001_2026-05-18_22-18-09-416,001,001,1,P001,wikiart_practice/practice_wikiart_001_surrealistic_gouache.jpg,445,29.855814,1779135519.27344,7.4,186.0,-58.0,0.0,0.0,2940,1912,1.112116,0.82,0.0,0.0,pix
real_001_s001_2026-05-18_22-18-09-416,001,001,1,P001,wikiart_practice/practice_wikiart_001_surrealistic_gouache.jpg,446,29.872481,1779135519.290107,7.416667,186.0,-58.0,0.0,0.0,2940,1912,1.112116,0.82,0.0,0.0,pix
real_001_s001_2026-05-18_22-18-09-416,001,001,1,P001,wikiart_practice/practice_wikiart_001_surrealistic_gouache.jpg,447,29.889148,1779135519.306773,7.433333,186.0,-58.0,0.0,0.0,2940,1912,1.112116,0.82,0.0,0.0,pix
real_001_s001_2026-05-18_22-18-09-416,001,001,1,P001,wikiart_practice/practice_wikiart_001_surrealistic_gouache.jpg,448,29.905814,1779135519.32344,7.45,186.0,-58.0,0.0,0.0,2940,1912,1.112116,0.82,0.0,0.0,pix
real_001_s001_2026-05-18_22-18-09-416,001,001,1,P001,wikiart_practice/practice_wikiart_001_surrealistic_gouache.jpg,449,29.922481,1779135519.340107,7.466667,186.0,-58.0,0.0,0.0,2940,1912,1.112116,0.82,0.0,0.0,pix
real_001_s001_2026-05-18_22-18-09-416,001,001,1,P001,wikiart_practice/practice_wikiart_001_surrealistic_gouache.jpg,450,29.939148,1779135519.356773,7.483333,186.0,-58.0,0.0,0.0,2940,1912,1.112116,0.82,0.0,0.0,pix
real_001_s001_2026-05-18_22-18-09-416,001,001,1,P001,wikiart_practice/practice_wikiart_001_surrealistic_gouache.jpg,451,29.955814,1779135519.37344,7.5,186.0,-58.0,0.0,0.0,2940,1912,1.112116,0.82,0.0,0.0,pix
real_001_s001_2026-05-18_22-18-09-416,001,001,1,P001,wikiart_practice/practice_wikiart_001_surrealistic_gouache.jpg,452,29.972481,1779135519.390107,7.516667,186.0,-58.0,0.0,0.0,2940,1912,1.112116,0.82,0.0,0.0,pix
real_001_s001_2026-05-18_22-18-09-416,001,001,1,P001,wikiart_practice/practice_wikiart_001_surrealistic_gouache.jpg,453,29.989148,1779135519.406773,7.533333,186.0,-58.0,0.0,0.0,2940,1912,1.112116,0.82,0.0,0.0,pix
real_001_s001_2026-05-18_22-18-09-416,001,001,1,P001,wikiart_practice/practice_wikiart_001_surrealistic_gouache.jpg,454,30.005814,1779135519.42344,7.55,186.0,-58.0,0.0,0.0,2940,1912,1.112116,0.82,0.0,0.0,pix
real_001_s001_2026-05-18_22-18-09-416,001,001,1,P001,wikiart_practice/practice_wikiart_001_surrealistic_gouache.jpg,455,30.022481,1779135519.440107,7.566667,186.0,-58.0,0.0,0.0,2940,1912,1.112116,0.82,0.0,0.0,pix
real_001_s001_2026-05-18_22-18-09-416,001,001,1,P001,wikiart_practice/practice_wikiart_001_surrealistic_gouache.jpg,456,30.039148,1779135519.456773,7.583333,186.0,-58.0,0.0,0.0,2940,1912,1.112116,0.82,0.0,0.0,pix
real_001_s001_2026-05-18_22-18-09-416,001,001,1,P001,wikiart_practice/practice_wikiart_001_surrealistic_gouache.jpg,457,30.055814,1779135519.47344,7.6,186.0,-58.0,0.0,0.0,2940,1912,1.112116,0.82,0.0,0.0,pix
real_001_s001_2026-05-18_22-18-09-416,001,001,1,P001,wikiart_practice/practice_wikiart_001_surrealistic_gouache.jpg,458,30.072481,1779135519.490107,7.616667,186.0,-58.0,0.0,0.0,2940,1912,1.112116,0.82,0.0,0.0,pix
real_001_s001_2026-05-18_22-18-09-416,001,001,1,P001,wikiart_practice/practice_wikiart_001_surrealistic_gouache.jpg,459,30.089148,1779135519.506773,7.633333,186.0,-58.0,0.0,0.0,2940,1912,1.112116,0.82,0.0,0.0,pix
real_001_s001_2026-05-18_22-18-09-416,001,001,1,P001,wikiart_practice/practice_wikiart_001_surrealistic_gouache.jpg,460,30.105814,1779135519.52344,7.65,186.0,-58.0,0.0,0.0,2940,1912,1.112116,0.82,0.0,0.0,pix
real_001_s001_2026-05-18_22-18-09-416,001,001,1,P001,wikiart_practice/practice_wikiart_001_surrealistic_gouache.jpg,461,30.122481,1779135519.540107,7.666667,186.0,-58.0,0.0,0.0,2940,1912,1.112116,0.82,0.0,0.0,pix
real_001_s001_2026-05-18_22-18-09-416,001,001,1,P001,wikiart_practice/practice_wikiart_001_surrealistic_gouache.jpg,462,30.139148,1779135519.556773,7.683333,186.0,-58.0,0.0,0.0,2940,1912,1.112116,0.82,0.0,0.0,pix
real_001_s001_2026-05-18_22-18-09-416,001,001,1,P001,wikiart_practice/practice_wikiart_001_surrealistic_gouache.jpg,463,30.155814,1779135519.57344,7.7,186.0,-58.0,0.0,0.0,2940,1912,1.112116,0.82,0.0,0.0,pix
real_001_s001_2026-05-18_22-18-09-416,001,001,1,P001,wikiart_practice/practice_wikiart_001_surrealistic_gouache.jpg,464,30.172481,1779135519.590107,7.716667,186.0,-58.0,0.0,0.0,2940,1912,1.112116,0.82,0.0,0.0,pix
real_001_s001_2026-05-18_22-18-09-416,001,001,1,P001,wikiart_practice/practice_wikiart_001_surrealistic_gouache.jpg,465,30.189148,1779135519.606773,7.733333,186.0,-58.0,0.0,0.0,2940,1912,1.112116,0.82,0.0,0.0,pix
real_001_s001_2026-05-18_22-18-09-416,001,001,1,P001,wikiart_practice/practice_wikiart_001_surrealistic_gouache.jpg,466,30.205814,1779135519.62344,7.75,186.0,-58.0,0.0,0.0,2940,1912,1.112116,0.82,0.0,0.0,pix
real_001_s001_2026-05-18_22-18-09-416,001,001,1,P001,wikiart_practice/practice_wikiart_001_surrealistic_gouache.jpg,467,30.222481,1779135519.640107,7.766667,186.0,-58.0,0.0,0.0,2940,1912,1.112116,0.82,0.0,0.0,pix
real_001_s001_2026-05-18_22-18-09-416,001,001,1,P001,wikiart_practice/practice_wikiart_001_surrealistic_gouache.jpg,468,30.239148,1779135519.656773,7.783333,186.0,-58.0,0.0,0.0,2940,1912,1.112116,0.82,0.0,0.0,pix
real_001_s001_2026-05-18_22-18-09-416,001,001,1,P001,wikiart_practice/practice_wikiart_001_surrealistic_gouache.jpg,469,30.255814,1779135519.67344,7.8,186.0,-58.0,0.0,0.0,2940,1912,1.112116,0.82,0.0,0.0,pix
real_001_s001_2026-05-18_22-18-09-416,001,001,1,P001,wikiart_practice/practice_wikiart_001_surrealistic_gouache.jpg,470,30.272481,1779135519.690107,7.816667,186.0,-58.0,0.0,0.0,2940,1912,1.112116,0.82,0.0,0.0,pix
real_001_s001_2026-05-18_22-18-09-416,001,001,1,P001,wikiart_practice/practice_wikiart_001_surrealistic_gouache.jpg,471,30.289148,1779135519.706773,7.833333,186.0,-58.0,0.0,0.0,2940,1912,1.112116,0.82,0.0,0.0,pix
real_001_s001_2026-05-18_22-18-09-416,001,001,1,P001,wikiart_practice/practice_wikiart_001_surrealistic_gouache.jpg,472,30.305814,1779135519.72344,7.85,186.0,-58.0,0.0,0.0,2940,1912,1.112116,0.82,0.0,0.0,pix
real_001_s001_2026-05-18_22-18-09-416,001,001,1,P001,wikiart_practice/practice_wikiart_001_surrealistic_gouache.jpg,473,30.322481,1779135519.740107,7.866667,186.0,-58.0,0.0,0.0,2940,1912,1.112116,0.82,0.0,0.0,pix
real_001_s001_2026-05-18_22-18-09-416,001,001,1,P001,wikiart_practice/practice_wikiart_001_surrealistic_gouache.jpg,474,30.339148,1779135519.756773,7.883333,186.0,-58.0,0.0,0.0,2940,1912,1.112116,0.82,0.0,0.0,pix
real_001_s001_2026-05-18_22-18-09-416,001,001,1,P001,wikiart_practice/practice_wikiart_001_surrealistic_gouache.jpg,475,30.355814,1779135519.77344,7.9,186.0,-58.0,0.0,0.0,2940,1912,1.112116,0.82,0.0,0.0,pix
real_001_s001_2026-05-18_22-18-09-416,001,001,1,P001,wikiart_practice/practice_wikiart_001_surrealistic_gouache.jpg,476,30.372481,1779135519.790107,7.916667,186.0,-58.0,0.0,0.0,2940,1912,1.112116,0.82,0.0,0.0,pix
real_001_s001_2026-05-18_22-18-09-416,001,001,1,P001,wikiart_practice/practice_wikiart_001_surrealistic_gouache.jpg,477,30.389148,1779135519.806773,7.933333,186.0,-58.0,0.0,0.0,2940,1912,1.112116,0.82,0.0,0.0,pix
real_001_s001_2026-05-18_22-18-09-416,001,001,1,P001,wikiart_practice/practice_wikiart_001_surrealistic_gouache.jpg,478,30.405814,1779135519.82344,7.95,186.0,-58.0,0.0,0.0,2940,1912,1.112116,0.82,0.0,0.0,pix
real_001_s001_2026-05-18_22-18-09-416,001,001,1,P001,wikiart_practice/practice_wikiart_001_surrealistic_gouache.jpg,479,30.422481,1779135519.840107,7.966667,186.0,-58.0,0.0,0.0,2940,1912,1.112116,0.82,0.0,0.0,pix
real_001_s001_2026-05-18_22-18-09-416,001,001,1,P001,wikiart_practice/practice_wikiart_001_surrealistic_gouache.jpg,480,30.439148,1779135519.856773,7.983333,186.0,-58.0,0.0,0.0,2940,1912,1.112116,0.82,0.0,0.0,pix
real_001_s001_2026-05-18_22-18-09-416,001,001,1,P001,wikiart_practice/practice_wikiart_001_surrealistic_gouache.jpg,481,30.455814,1779135519.87344,8.0,186.0,-58.0,0.0,0.0,2940,1912,1.112116,0.82,0.0,0.0,pix
real_001_s001_2026-05-18_22-18-09-416,001,001,1,P001,wikiart_practice/practice_wikiart_001_surrealistic_gouache.jpg,482,30.472481,1779135519.890107,8.016667,186.0,-58.0,0.0,0.0,2940,1912,1.112116,0.82,0.0,0.0,pix
real_001_s001_2026-05-18_22-18-09-416,001,001,1,P001,wikiart_practice/practice_wikiart_001_surrealistic_gouache.jpg,483,30.489148,1779135519.906773,8.033333,186.0,-58.0,0.0,0.0,2940,1912,1.112116,0.82,0.0,0.0,pix
real_001_s001_2026-05-18_22-18-09-416,001,001,1,P001,wikiart_practice/practice_wikiart_001_surrealistic_gouache.jpg,484,30.505814,1779135519.92344,8.05,186.0,-58.0,0.0,0.0,2940,1912,1.112116,0.82,0.0,0.0,pix
real_001_s001_2026-05-18_22-18-09-416,001,001,1,P001,wikiart_practice/practice_wikiart_001_surrealistic_gouache.jpg,485,30.522481,1779135519.940107,8.066667,186.0,-58.0,0.0,0.0,2940,1912,1.112116,0.82,0.0,0.0,pix
real_001_s001_2026-05-18_22-18-09-416,001,001,1,P001,wikiart_practice/practice_wikiart_001_surrealistic_gouache.jpg,486,30.539148,1779135519.956773,8.083333,186.0,-58.0,0.0,0.0,2940,1912,1.112116,0.82,0.0,0.0,pix
real_001_s001_2026-05-18_22-18-09-416,001,001,1,P001,wikiart_practice/practice_wikiart_001_surrealistic_gouache.jpg,487,30.555814,1779135519.97344,8.1,186.0,-58.0,0.0,0.0,2940,1912,1.112116,0.82,0.0,0.0,pix
real_001_s001_2026-05-18_22-18-09-416,001,001,1,P001,wikiart_practice/practice_wikiart_001_surrealistic_gouache.jpg,488,30.572481,1779135519.990107,8.116667,186.0,-58.0,0.0,0.0,2940,1912,1.112116,0.82,0.0,0.0,pix
real_001_s001_2026-05-18_22-18-09-416,001,001,1,P001,wikiart_practice/practice_wikiart_001_surrealistic_gouache.jpg,489,30.589148,1779135520.006773,8.133333,186.0,-58.0,0.0,0.0,2940,1912,1.112116,0.82,0.0,0.0,pix
real_001_s001_2026-05-18_22-18-09-416,001,001,1,P001,wikiart_practice/practice_wikiart_001_surrealistic_gouache.jpg,490,30.605814,1779135520.02344,8.15,186.0,-58.0,0.0,0.0,2940,1912,1.112116,0.82,0.0,0.0,pix
real_001_s001_2026-05-18_22-18-09-416,001,001,1,P001,wikiart_practice/practice_wikiart_001_surrealistic_gouache.jpg,491,30.622481,1779135520.040107,8.166667,186.0,-58.0,0.0,0.0,2940,1912,1.112116,0.82,0.0,0.0,pix
real_001_s001_2026-05-18_22-18-09-416,001,001,1,P001,wikiart_practice/practice_wikiart_001_surrealistic_gouache.jpg,492,30.639148,1779135520.056773,8.183333,186.0,-58.0,0.0,0.0,2940,1912,1.112116,0.82,0.0,0.0,pix
real_001_s001_2026-05-18_22-18-09-416,001,001,1,P001,wikiart_practice/practice_wikiart_001_surrealistic_gouache.jpg,493,30.655814,1779135520.07344,8.2,186.0,-58.0,0.0,0.0,2940,1912,1.112116,0.82,0.0,0.0,pix
real_001_s001_2026-05-18_22-18-09-416,001,001,1,P001,wikiart_practice/practice_wikiart_001_surrealistic_gouache.jpg,494,30.672481,1779135520.090107,8.216667,186.0,-58.0,0.0,0.0,2940,1912,1.112116,0.82,0.0,0.0,pix
real_001_s001_2026-05-18_22-18-09-416,001,001,1,P001,wikiart_practice/practice_wikiart_001_surrealistic_gouache.jpg,495,30.689148,1779135520.106773,8.233333,186.0,-58.0,0.0,0.0,2940,1912,1.112116,0.82,0.0,0.0,pix
real_001_s001_2026-05-18_22-18-09-416,001,001,1,P001,wikiart_practice/practice_wikiart_001_surrealistic_gouache.jpg,496,30.705814,1779135520.12344,8.25,186.0,-58.0,0.0,0.0,2940,1912,1.112116,0.82,0.0,0.0,pix
real_001_s001_2026-05-18_22-18-09-416,001,001,1,P001,wikiart_practice/practice_wikiart_001_surrealistic_gouache.jpg,497,30.722481,1779135520.140107,8.266667,186.0,-58.0,0.0,0.0,2940,1912,1.112116,0.82,0.0,0.0,pix
real_001_s001_2026-05-18_22-18-09-416,001,001,1,P001,wikiart_practice/practice_wikiart_001_surrealistic_gouache.jpg,498,30.739148,1779135520.156773,8.283333,186.0,-58.0,0.0,0.0,2940,1912,1.112116,0.82,0.0,0.0,pix
real_001_s001_2026-05-18_22-18-09-416,001,001,1,P001,wikiart_practice/practice_wikiart_001_surrealistic_gouache.jpg,499,30.755814,1779135520.17344,8.3,186.0,-58.0,0.0,0.0,2940,1912,1.112116,0.82,0.0,0.0,pix
real_001_s001_2026-05-18_22-18-09-416,001,001,1,P001,wikiart_practice/practice_wikiart_001_surrealistic_gouache.jpg,500,30.772481,1779135520.190107,8.316667,186.0,-58.0,0.0,0.0,2940,1912,1.112116,0.82,0.0,0.0,pix
real_001_s001_2026-05-18_22-18-09-416,001,001,1,P001,wikiart_practice/practice_wikiart_001_surrealistic_gouache.jpg,501,30.789148,1779135520.206773,8.333333,186.0,-58.0,0.0,0.0,2940,1912,1.112116,0.82,0.0,0.0,pix
real_001_s001_2026-05-18_22-18-09-416,001,001,1,P001,wikiart_practice/practice_wikiart_001_surrealistic_gouache.jpg,502,30.805814,1779135520.22344,8.35,186.0,-58.0,0.0,0.0,2940,1912,1.112116,0.82,0.0,0.0,pix
real_001_s001_2026-05-18_22-18-09-416,001,001,1,P001,wikiart_practice/practice_wikiart_001_surrealistic_gouache.jpg,503,30.822481,1779135520.240107,8.366667,186.0,-58.0,0.0,0.0,2940,1912,1.112116,0.82,0.0,0.0,pix
real_001_s001_2026-05-18_22-18-09-416,001,001,1,P001,wikiart_practice/practice_wikiart_001_surrealistic_gouache.jpg,504,30.839148,1779135520.256773,8.383333,186.0,-58.0,0.0,0.0,2940,1912,1.112116,0.82,0.0,0.0,pix
real_001_s001_2026-05-18_22-18-09-416,001,001,1,P001,wikiart_practice/practice_wikiart_001_surrealistic_gouache.jpg,505,30.855814,1779135520.27344,8.4,186.0,-58.0,0.0,0.0,2940,1912,1.112116,0.82,0.0,0.0,pix
real_001_s001_2026-05-18_22-18-09-416,001,001,1,P001,wikiart_practice/practice_wikiart_001_surrealistic_gouache.jpg,506,30.872481,1779135520.290107,8.416667,186.0,-58.0,0.0,0.0,2940,1912,1.112116,0.82,0.0,0.0,pix
real_001_s001_2026-05-18_22-18-09-416,001,001,1,P001,wikiart_practice/practice_wikiart_001_surrealistic_gouache.jpg,507,30.889148,1779135520.306773,8.433333,186.0,-58.0,0.0,0.0,2940,1912,1.112116,0.82,0.0,0.0,pix
real_001_s001_2026-05-18_22-18-09-416,001,001,1,P001,wikiart_practice/practice_wikiart_001_surrealistic_gouache.jpg,508,30.905814,1779135520.32344,8.45,186.0,-58.0,0.0,0.0,2940,1912,1.112116,0.82,0.0,0.0,pix
real_001_s001_2026-05-18_22-18-09-416,001,001,1,P001,wikiart_practice/practice_wikiart_001_surrealistic_gouache.jpg,509,30.922481,1779135520.340107,8.466667,186.0,-58.0,0.0,0.0,2940,1912,1.112116,0.82,0.0,0.0,pix
real_001_s001_2026-05-18_22-18-09-416,001,001,1,P001,wikiart_practice/practice_wikiart_001_surrealistic_gouache.jpg,510,30.939148,1779135520.356773,8.483333,186.0,-58.0,0.0,0.0,2940,1912,1.112116,0.82,0.0,0.0,pix
real_001_s001_2026-05-18_22-18-09-416,001,001,1,P001,wikiart_practice/practice_wikiart_001_surrealistic_gouache.jpg,511,30.955814,1779135520.37344,8.5,186.0,-58.0,0.0,0.0,2940,1912,1.112116,0.82,0.0,0.0,pix
real_001_s001_2026-05-18_22-18-09-416,001,001,1,P001,wikiart_practice/practice_wikiart_001_surrealistic_gouache.jpg,512,30.972481,1779135520.390107,8.516667,186.0,-58.0,0.0,0.0,2940,1912,1.112116,0.82,0.0,0.0,pix
real_001_s001_2026-05-18_22-18-09-416,001,001,1,P001,wikiart_practice/practice_wikiart_001_surrealistic_gouache.jpg,513,30.989148,1779135520.406773,8.533333,186.0,-58.0,0.0,0.0,2940,1912,1.112116,0.82,0.0,0.0,pix
real_001_s001_2026-05-18_22-18-09-416,001,001,1,P001,wikiart_practice/practice_wikiart_001_surrealistic_gouache.jpg,514,31.005814,1779135520.42344,8.55,186.0,-58.0,0.0,0.0,2940,1912,1.112116,0.82,0.0,0.0,pix
real_001_s001_2026-05-18_22-18-09-416,001,001,1,P001,wikiart_practice/practice_wikiart_001_surrealistic_gouache.jpg,515,31.022481,1779135520.440107,8.566667,186.0,-58.0,0.0,0.0,2940,1912,1.112116,0.82,0.0,0.0,pix
real_001_s001_2026-05-18_22-18-09-416,001,001,1,P001,wikiart_practice/practice_wikiart_001_surrealistic_gouache.jpg,516,31.039148,1779135520.456773,8.583333,186.0,-58.0,0.0,0.0,2940,1912,1.112116,0.82,0.0,0.0,pix
real_001_s001_2026-05-18_22-18-09-416,001,001,1,P001,wikiart_practice/practice_wikiart_001_surrealistic_gouache.jpg,517,31.055814,1779135520.47344,8.6,186.0,-58.0,0.0,0.0,2940,1912,1.112116,0.82,0.0,0.0,pix
real_001_s001_2026-05-18_22-18-09-416,001,001,1,P001,wikiart_practice/practice_wikiart_001_surrealistic_gouache.jpg,518,31.072481,1779135520.490107,8.616667,186.0,-58.0,0.0,0.0,2940,1912,1.112116,0.82,0.0,0.0,pix
real_001_s001_2026-05-18_22-18-09-416,001,001,1,P001,wikiart_practice/practice_wikiart_001_surrealistic_gouache.jpg,519,31.089148,1779135520.506773,8.633333,186.0,-58.0,0.0,0.0,2940,1912,1.112116,0.82,0.0,0.0,pix
real_001_s001_2026-05-18_22-18-09-416,001,001,1,P001,wikiart_practice/practice_wikiart_001_surrealistic_gouache.jpg,520,31.105814,1779135520.52344,8.65,186.0,-58.0,0.0,0.0,2940,1912,1.112116,0.82,0.0,0.0,pix
real_001_s001_2026-05-18_22-18-09-416,001,001,1,P001,wikiart_practice/practice_wikiart_001_surrealistic_gouache.jpg,521,31.122481,1779135520.540107,8.666667,186.0,-58.0,0.0,0.0,2940,1912,1.112116,0.82,0.0,0.0,pix
real_001_s001_2026-05-18_22-18-09-416,001,001,1,P001,wikiart_practice/practice_wikiart_001_surrealistic_gouache.jpg,522,31.139148,1779135520.556773,8.683333,186.0,-58.0,0.0,0.0,2940,1912,1.112116,0.82,0.0,0.0,pix
real_001_s001_2026-05-18_22-18-09-416,001,001,1,P001,wikiart_practice/practice_wikiart_001_surrealistic_gouache.jpg,523,31.155814,1779135520.57344,8.7,186.0,-58.0,0.0,0.0,2940,1912,1.112116,0.82,0.0,0.0,pix
real_001_s001_2026-05-18_22-18-09-416,001,001,1,P001,wikiart_practice/practice_wikiart_001_surrealistic_gouache.jpg,524,31.172481,1779135520.590107,8.716667,186.0,-58.0,0.0,0.0,2940,1912,1.112116,0.82,0.0,0.0,pix
real_001_s001_2026-05-18_22-18-09-416,001,001,1,P001,wikiart_practice/practice_wikiart_001_surrealistic_gouache.jpg,525,31.189148,1779135520.606773,8.733333,186.0,-58.0,0.0,0.0,2940,1912,1.112116,0.82,0.0,0.0,pix
real_001_s001_2026-05-18_22-18-09-416,001,001,1,P001,wikiart_practice/practice_wikiart_001_surrealistic_gouache.jpg,526,31.205814,1779135520.62344,8.75,186.0,-58.0,0.0,0.0,2940,1912,1.112116,0.82,0.0,0.0,pix
real_001_s001_2026-05-18_22-18-09-416,001,001,1,P001,wikiart_practice/practice_wikiart_001_surrealistic_gouache.jpg,527,31.222481,1779135520.640107,8.766667,186.0,-58.0,0.0,0.0,2940,1912,1.112116,0.82,0.0,0.0,pix
real_001_s001_2026-05-18_22-18-09-416,001,001,1,P001,wikiart_practice/practice_wikiart_001_surrealistic_gouache.jpg,528,31.239148,1779135520.656773,8.783333,186.0,-58.0,0.0,0.0,2940,1912,1.112116,0.82,0.0,0.0,pix
real_001_s001_2026-05-18_22-18-09-416,001,001,1,P001,wikiart_practice/practice_wikiart_001_surrealistic_gouache.jpg,529,31.255814,1779135520.67344,8.8,186.0,-58.0,0.0,0.0,2940,1912,1.112116,0.82,0.0,0.0,pix
real_001_s001_2026-05-18_22-18-09-416,001,001,1,P001,wikiart_practice/practice_wikiart_001_surrealistic_gouache.jpg,530,31.272481,1779135520.690107,8.816667,186.0,-58.0,0.0,0.0,2940,1912,1.112116,0.82,0.0,0.0,pix
real_001_s001_2026-05-18_22-18-09-416,001,001,1,P001,wikiart_practice/practice_wikiart_001_surrealistic_gouache.jpg,531,31.289148,1779135520.706773,8.833333,186.0,-58.0,0.0,0.0,2940,1912,1.112116,0.82,0.0,0.0,pix
real_001_s001_2026-05-18_22-18-09-416,001,001,1,P001,wikiart_practice/practice_wikiart_001_surrealistic_gouache.jpg,532,31.305814,1779135520.72344,8.85,186.0,-58.0,0.0,0.0,2940,1912,1.112116,0.82,0.0,0.0,pix
real_001_s001_2026-05-18_22-18-09-416,001,001,1,P001,wikiart_practice/practice_wikiart_001_surrealistic_gouache.jpg,533,31.322481,1779135520.740107,8.866667,186.0,-58.0,0.0,0.0,2940,1912,1.112116,0.82,0.0,0.0,pix
real_001_s001_2026-05-18_22-18-09-416,001,001,1,P001,wikiart_practice/practice_wikiart_001_surrealistic_gouache.jpg,534,31.339148,1779135520.756773,8.883333,186.0,-58.0,0.0,0.0,2940,1912,1.112116,0.82,0.0,0.0,pix
real_001_s001_2026-05-18_22-18-09-416,001,001,1,P001,wikiart_practice/practice_wikiart_001_surrealistic_gouache.jpg,535,31.355814,1779135520.77344,8.9,186.0,-58.0,0.0,0.0,2940,1912,1.112116,0.82,0.0,0.0,pix
real_001_s001_2026-05-18_22-18-09-416,001,001,1,P001,wikiart_practice/practice_wikiart_001_surrealistic_gouache.jpg,536,31.372481,1779135520.790107,8.916667,186.0,-58.0,0.0,0.0,2940,1912,1.112116,0.82,0.0,0.0,pix
real_001_s001_2026-05-18_22-18-09-416,001,001,1,P001,wikiart_practice/practice_wikiart_001_surrealistic_gouache.jpg,537,31.389148,1779135520.806773,8.933333,186.0,-58.0,0.0,0.0,2940,1912,1.112116,0.82,0.0,0.0,pix
real_001_s001_2026-05-18_22-18-09-416,001,001,2,P002,wikiart_practice/practice_wikiart_002_untitled_abstract_composition_1964.jpg,1,51.655582,1779135541.073201,0.0,186.0,-58.0,0.0,0.0,2940,1912,0.578473,0.82,0.0,0.0,pix
real_001_s001_2026-05-18_22-18-09-416,001,001,2,P002,wikiart_practice/practice_wikiart_002_untitled_abstract_composition_1964.jpg,2,51.672249,1779135541.089868,0.016667,186.0,-58.0,0.0,0.0,2940,1912,0.578473,0.82,0.0,0.0,pix
real_001_s001_2026-05-18_22-18-09-416,001,001,2,P002,wikiart_practice/practice_wikiart_002_untitled_abstract_composition_1964.jpg,3,51.688915,1779135541.106534,0.033333,186.0,-58.0,0.0,0.0,2940,1912,0.578473,0.82,0.0,0.0,pix
real_001_s001_2026-05-18_22-18-09-416,001,001,2,P002,wikiart_practice/practice_wikiart_002_untitled_abstract_composition_1964.jpg,4,51.705582,1779135541.123201,0.05,186.0,-58.0,0.0,0.0,2940,1912,0.578473,0.82,0.0,0.0,pix
real_001_s001_2026-05-18_22-18-09-416,001,001,2,P002,wikiart_practice/practice_wikiart_002_untitled_abstract_composition_1964.jpg,5,51.722249,1779135541.139868,0.066667,186.0,-58.0,0.0,0.0,2940,1912,0.578473,0.82,0.0,0.0,pix
real_001_s001_2026-05-18_22-18-09-416,001,001,2,P002,wikiart_practice/practice_wikiart_002_untitled_abstract_composition_1964.jpg,6,51.738915,1779135541.156534,0.083333,186.0,-58.0,0.0,0.0,2940,1912,0.578473,0.82,0.0,0.0,pix
real_001_s001_2026-05-18_22-18-09-416,001,001,2,P002,wikiart_practice/practice_wikiart_002_untitled_abstract_composition_1964.jpg,7,51.755582,1779135541.173201,0.1,186.0,-58.0,0.0,0.0,2940,1912,0.578473,0.82,0.0,0.0,pix
real_001_s001_2026-05-18_22-18-09-416,001,001,2,P002,wikiart_practice/practice_wikiart_002_untitled_abstract_composition_1964.jpg,8,51.772249,1779135541.189867,0.116667,186.0,-58.0,0.0,0.0,2940,1912,0.578473,0.82,0.0,0.0,pix
real_001_s001_2026-05-18_22-18-09-416,001,001,2,P002,wikiart_practice/practice_wikiart_002_untitled_abstract_composition_1964.jpg,9,51.788915,1779135541.206534,0.133333,186.0,-58.0,0.0,0.0,2940,1912,0.578473,0.82,0.0,0.0,pix
real_001_s001_2026-05-18_22-18-09-416,001,001,2,P002,wikiart_practice/practice_wikiart_002_untitled_abstract_composition_1964.jpg,10,51.805582,1779135541.223201,0.15,186.0,-58.0,0.0,0.0,2940,1912,0.578473,0.82,0.0,0.0,pix
real_001_s001_2026-05-18_22-18-09-416,001,001,2,P002,wikiart_practice/practice_wikiart_002_untitled_abstract_composition_1964.jpg,11,51.822249,1779135541.239868,0.166667,186.0,-58.0,0.0,0.0,2940,1912,0.578473,0.82,0.0,0.0,pix
real_001_s001_2026-05-18_22-18-09-416,001,001,2,P002,wikiart_practice/practice_wikiart_002_untitled_abstract_composition_1964.jpg,12,51.838915,1779135541.256534,0.183333,186.0,-58.0,0.0,0.0,2940,1912,0.578473,0.82,0.0,0.0,pix
real_001_s001_2026-05-18_22-18-09-416,001,001,2,P002,wikiart_practice/practice_wikiart_002_untitled_abstract_composition_1964.jpg,13,51.855582,1779135541.273201,0.2,186.0,-58.0,0.0,0.0,2940,1912,0.578473,0.82,0.0,0.0,pix
real_001_s001_2026-05-18_22-18-09-416,001,001,2,P002,wikiart_practice/practice_wikiart_002_untitled_abstract_composition_1964.jpg,14,51.872249,1779135541.289868,0.216667,186.0,-58.0,0.0,0.0,2940,1912,0.578473,0.82,0.0,0.0,pix
real_001_s001_2026-05-18_22-18-09-416,001,001,2,P002,wikiart_practice/practice_wikiart_002_untitled_abstract_composition_1964.jpg,15,51.888915,1779135541.306534,0.233333,186.0,-58.0,0.0,0.0,2940,1912,0.578473,0.82,0.0,0.0,pix
real_001_s001_2026-05-18_22-18-09-416,001,001,2,P002,wikiart_practice/practice_wikiart_002_untitled_abstract_composition_1964.jpg,16,51.905582,1779135541.323201,0.25,186.0,-58.0,0.0,0.0,2940,1912,0.578473,0.82,0.0,0.0,pix
real_001_s001_2026-05-18_22-18-09-416,001,001,2,P002,wikiart_practice/practice_wikiart_002_untitled_abstract_composition_1964.jpg,17,51.922249,1779135541.339868,0.266667,186.0,-58.0,0.0,0.0,2940,1912,0.578473,0.82,0.0,0.0,pix
real_001_s001_2026-05-18_22-18-09-416,001,001,2,P002,wikiart_practice/practice_wikiart_002_untitled_abstract_composition_1964.jpg,18,51.938915,1779135541.356534,0.283333,186.0,-58.0,0.0,0.0,2940,1912,0.578473,0.82,0.0,0.0,pix
real_001_s001_2026-05-18_22-18-09-416,001,001,2,P002,wikiart_practice/practice_wikiart_002_untitled_abstract_composition_1964.jpg,19,51.955582,1779135541.373201,0.3,186.0,-58.0,0.0,0.0,2940,1912,0.578473,0.82,0.0,0.0,pix
real_001_s001_2026-05-18_22-18-09-416,001,001,2,P002,wikiart_practice/practice_wikiart_002_untitled_abstract_composition_1964.jpg,20,51.972249,1779135541.389868,0.316667,186.0,-58.0,0.0,0.0,2940,1912,0.578473,0.82,0.0,0.0,pix
real_001_s001_2026-05-18_22-18-09-416,001,001,2,P002,wikiart_practice/practice_wikiart_002_untitled_abstract_composition_1964.jpg,21,51.988915,1779135541.406534,0.333333,186.0,-58.0,0.0,0.0,2940,1912,0.578473,0.82,0.0,0.0,pix
real_001_s001_2026-05-18_22-18-09-416,001,001,2,P002,wikiart_practice/practice_wikiart_002_untitled_abstract_composition_1964.jpg,22,52.005582,1779135541.423201,0.35,186.0,-58.0,0.0,0.0,2940,1912,0.578473,0.82,0.0,0.0,pix
real_001_s001_2026-05-18_22-18-09-416,001,001,2,P002,wikiart_practice/practice_wikiart_002_untitled_abstract_composition_1964.jpg,23,52.022249,1779135541.439867,0.366667,186.0,-58.0,0.0,0.0,2940,1912,0.578473,0.82,0.0,0.0,pix
real_001_s001_2026-05-18_22-18-09-416,001,001,2,P002,wikiart_practice/practice_wikiart_002_untitled_abstract_composition_1964.jpg,24,52.038915,1779135541.456534,0.383333,186.0,-58.0,0.0,0.0,2940,1912,0.578473,0.82,0.0,0.0,pix
real_001_s001_2026-05-18_22-18-09-416,001,001,2,P002,wikiart_practice/practice_wikiart_002_untitled_abstract_composition_1964.jpg,25,52.055582,1779135541.473201,0.4,186.0,-58.0,0.0,0.0,2940,1912,0.578473,0.82,0.0,0.0,pix
real_001_s001_2026-05-18_22-18-09-416,001,001,2,P002,wikiart_practice/practice_wikiart_002_untitled_abstract_composition_1964.jpg,26,52.072249,1779135541.489868,0.416667,186.0,-58.0,0.0,0.0,2940,1912,0.578473,0.82,0.0,0.0,pix
real_001_s001_2026-05-18_22-18-09-416,001,001,2,P002,wikiart_practice/practice_wikiart_002_untitled_abstract_composition_1964.jpg,27,52.088915,1779135541.506534,0.433333,186.0,-58.0,0.0,0.0,2940,1912,0.578473,0.82,0.0,0.0,pix
real_001_s001_2026-05-18_22-18-09-416,001,001,2,P002,wikiart_practice/practice_wikiart_002_untitled_abstract_composition_1964.jpg,28,52.105582,1779135541.523201,0.45,186.0,-58.0,0.0,0.0,2940,1912,0.578473,0.82,0.0,0.0,pix
real_001_s001_2026-05-18_22-18-09-416,001,001,2,P002,wikiart_practice/practice_wikiart_002_untitled_abstract_composition_1964.jpg,29,52.122249,1779135541.539868,0.466667,186.0,-58.0,0.0,0.0,2940,1912,0.578473,0.82,0.0,0.0,pix
real_001_s001_2026-05-18_22-18-09-416,001,001,2,P002,wikiart_practice/practice_wikiart_002_untitled_abstract_composition_1964.jpg,30,52.138915,1779135541.556534,0.483333,186.0,-58.0,0.0,0.0,2940,1912,0.578473,0.82,0.0,0.0,pix
real_001_s001_2026-05-18_22-18-09-416,001,001,2,P002,wikiart_practice/practice_wikiart_002_untitled_abstract_composition_1964.jpg,31,52.155582,1779135541.573201,0.5,186.0,-58.0,0.0,0.0,2940,1912,0.578473,0.82,0.0,0.0,pix
real_001_s001_2026-05-18_22-18-09-416,001,001,2,P002,wikiart_practice/practice_wikiart_002_untitled_abstract_composition_1964.jpg,32,52.172249,1779135541.589868,0.516667,186.0,-58.0,0.0,0.0,2940,1912,0.578473,0.82,0.0,0.0,pix
real_001_s001_2026-05-18_22-18-09-416,001,001,2,P002,wikiart_practice/practice_wikiart_002_untitled_abstract_composition_1964.jpg,33,52.188915,1779135541.606534,0.533333,186.0,-58.0,0.0,0.0,2940,1912,0.578473,0.82,0.0,0.0,pix
real_001_s001_2026-05-18_22-18-09-416,001,001,2,P002,wikiart_practice/practice_wikiart_002_untitled_abstract_composition_1964.jpg,34,52.205582,1779135541.623201,0.55,186.0,-58.0,0.0,0.0,2940,1912,0.578473,0.82,0.0,0.0,pix
real_001_s001_2026-05-18_22-18-09-416,001,001,2,P002,wikiart_practice/practice_wikiart_002_untitled_abstract_composition_1964.jpg,35,52.222249,1779135541.639868,0.566667,186.0,-58.0,0.0,0.0,2940,1912,0.578473,0.82,0.0,0.0,pix
real_001_s001_2026-05-18_22-18-09-416,001,001,2,P002,wikiart_practice/practice_wikiart_002_untitled_abstract_composition_1964.jpg,36,52.238915,1779135541.656534,0.583333,186.0,-58.0,0.0,0.0,2940,1912,0.578473,0.82,0.0,0.0,pix
real_001_s001_2026-05-18_22-18-09-416,001,001,2,P002,wikiart_practice/practice_wikiart_002_untitled_abstract_composition_1964.jpg,37,52.255582,1779135541.673201,0.6,186.0,-58.0,0.0,0.0,2940,1912,0.578473,0.82,0.0,0.0,pix
real_001_s001_2026-05-18_22-18-09-416,001,001,2,P002,wikiart_practice/practice_wikiart_002_untitled_abstract_composition_1964.jpg,38,52.272249,1779135541.689867,0.616667,186.0,-58.0,0.0,0.0,2940,1912,0.578473,0.82,0.0,0.0,pix
real_001_s001_2026-05-18_22-18-09-416,001,001,2,P002,wikiart_practice/practice_wikiart_002_untitled_abstract_composition_1964.jpg,39,52.288915,1779135541.706534,0.633333,186.0,-58.0,0.0,0.0,2940,1912,0.578473,0.82,0.0,0.0,pix
real_001_s001_2026-05-18_22-18-09-416,001,001,2,P002,wikiart_practice/practice_wikiart_002_untitled_abstract_composition_1964.jpg,40,52.305582,1779135541.723201,0.65,186.0,-58.0,0.0,0.0,2940,1912,0.578473,0.82,0.0,0.0,pix
real_001_s001_2026-05-18_22-18-09-416,001,001,2,P002,wikiart_practice/practice_wikiart_002_untitled_abstract_composition_1964.jpg,41,52.322249,1779135541.739868,0.666667,186.0,-58.0,0.0,0.0,2940,1912,0.578473,0.82,0.0,0.0,pix
real_001_s001_2026-05-18_22-18-09-416,001,001,2,P002,wikiart_practice/practice_wikiart_002_untitled_abstract_composition_1964.jpg,42,52.338915,1779135541.756534,0.683333,186.0,-58.0,0.0,0.0,2940,1912,0.578473,0.82,0.0,0.0,pix
real_001_s001_2026-05-18_22-18-09-416,001,001,2,P002,wikiart_practice/practice_wikiart_002_untitled_abstract_composition_1964.jpg,43,52.355582,1779135541.773201,0.7,186.0,-58.0,0.0,0.0,2940,1912,0.578473,0.82,0.0,0.0,pix
real_001_s001_2026-05-18_22-18-09-416,001,001,2,P002,wikiart_practice/practice_wikiart_002_untitled_abstract_composition_1964.jpg,44,52.372249,1779135541.789868,0.716667,186.0,-58.0,0.0,0.0,2940,1912,0.578473,0.82,0.0,0.0,pix
real_001_s001_2026-05-18_22-18-09-416,001,001,2,P002,wikiart_practice/practice_wikiart_002_untitled_abstract_composition_1964.jpg,45,52.388915,1779135541.806534,0.733333,186.0,-58.0,0.0,0.0,2940,1912,0.578473,0.82,0.0,0.0,pix
real_001_s001_2026-05-18_22-18-09-416,001,001,2,P002,wikiart_practice/practice_wikiart_002_untitled_abstract_composition_1964.jpg,46,52.405582,1779135541.823201,0.75,186.0,-58.0,0.0,0.0,2940,1912,0.578473,0.82,0.0,0.0,pix
real_001_s001_2026-05-18_22-18-09-416,001,001,2,P002,wikiart_practice/practice_wikiart_002_untitled_abstract_composition_1964.jpg,47,52.422249,1779135541.839868,0.766667,186.0,-58.0,0.0,0.0,2940,1912,0.578473,0.82,0.0,0.0,pix
real_001_s001_2026-05-18_22-18-09-416,001,001,2,P002,wikiart_practice/practice_wikiart_002_untitled_abstract_composition_1964.jpg,48,52.438915,1779135541.856534,0.783333,186.0,-58.0,0.0,0.0,2940,1912,0.578473,0.82,0.0,0.0,pix
real_001_s001_2026-05-18_22-18-09-416,001,001,2,P002,wikiart_practice/practice_wikiart_002_untitled_abstract_composition_1964.jpg,49,52.455582,1779135541.873201,0.8,186.0,-58.0,0.0,0.0,2940,1912,0.578473,0.82,0.0,0.0,pix
real_001_s001_2026-05-18_22-18-09-416,001,001,2,P002,wikiart_practice/practice_wikiart_002_untitled_abstract_composition_1964.jpg,50,52.472249,1779135541.889868,0.816667,186.0,-58.0,0.0,0.0,2940,1912,0.578473,0.82,0.0,0.0,pix
real_001_s001_2026-05-18_22-18-09-416,001,001,2,P002,wikiart_practice/practice_wikiart_002_untitled_abstract_composition_1964.jpg,51,52.488915,1779135541.906534,0.833333,186.0,-58.0,0.0,0.0,2940,1912,0.578473,0.82,0.0,0.0,pix
real_001_s001_2026-05-18_22-18-09-416,001,001,2,P002,wikiart_practice/practice_wikiart_002_untitled_abstract_composition_1964.jpg,52,52.505582,1779135541.923201,0.85,186.0,-58.0,0.0,0.0,2940,1912,0.578473,0.82,0.0,0.0,pix
real_001_s001_2026-05-18_22-18-09-416,001,001,2,P002,wikiart_practice/practice_wikiart_002_untitled_abstract_composition_1964.jpg,53,52.522249,1779135541.939867,0.866667,186.0,-58.0,0.0,0.0,2940,1912,0.578473,0.82,0.0,0.0,pix
real_001_s001_2026-05-18_22-18-09-416,001,001,2,P002,wikiart_practice/practice_wikiart_002_untitled_abstract_composition_1964.jpg,54,52.538915,1779135541.956534,0.883333,186.0,-58.0,0.0,0.0,2940,1912,0.578473,0.82,0.0,0.0,pix
real_001_s001_2026-05-18_22-18-09-416,001,001,2,P002,wikiart_practice/practice_wikiart_002_untitled_abstract_composition_1964.jpg,55,52.555582,1779135541.973201,0.9,186.0,-58.0,0.0,0.0,2940,1912,0.578473,0.82,0.0,0.0,pix
real_001_s001_2026-05-18_22-18-09-416,001,001,2,P002,wikiart_practice/practice_wikiart_002_untitled_abstract_composition_1964.jpg,56,52.572249,1779135541.989868,0.916667,186.0,-58.0,0.0,0.0,2940,1912,0.578473,0.82,0.0,0.0,pix
real_001_s001_2026-05-18_22-18-09-416,001,001,2,P002,wikiart_practice/practice_wikiart_002_untitled_abstract_composition_1964.jpg,57,52.588915,1779135542.006534,0.933333,186.0,-58.0,0.0,0.0,2940,1912,0.578473,0.82,0.0,0.0,pix
real_001_s001_2026-05-18_22-18-09-416,001,001,2,P002,wikiart_practice/practice_wikiart_002_untitled_abstract_composition_1964.jpg,58,52.605582,1779135542.023201,0.95,186.0,-58.0,0.0,0.0,2940,1912,0.578473,0.82,0.0,0.0,pix
real_001_s001_2026-05-18_22-18-09-416,001,001,2,P002,wikiart_practice/practice_wikiart_002_untitled_abstract_composition_1964.jpg,59,52.622249,1779135542.039868,0.966667,186.0,-58.0,0.0,0.0,2940,1912,0.578473,0.82,0.0,0.0,pix
real_001_s001_2026-05-18_22-18-09-416,001,001,2,P002,wikiart_practice/practice_wikiart_002_untitled_abstract_composition_1964.jpg,60,52.638915,1779135542.056534,0.983333,186.0,-58.0,0.0,0.0,2940,1912,0.578473,0.82,0.0,0.0,pix
real_001_s001_2026-05-18_22-18-09-416,001,001,2,P002,wikiart_practice/practice_wikiart_002_untitled_abstract_composition_1964.jpg,61,52.655582,1779135542.073201,1.0,186.0,-58.0,0.0,0.0,2940,1912,0.578473,0.82,0.0,0.0,pix
real_001_s001_2026-05-18_22-18-09-416,001,001,2,P002,wikiart_practice/practice_wikiart_002_untitled_abstract_composition_1964.jpg,62,52.672249,1779135542.089868,1.016667,186.0,-58.0,0.0,0.0,2940,1912,0.578473,0.82,0.0,0.0,pix
real_001_s001_2026-05-18_22-18-09-416,001,001,2,P002,wikiart_practice/practice_wikiart_002_untitled_abstract_composition_1964.jpg,63,52.688915,1779135542.106534,1.033333,186.0,-58.0,0.0,0.0,2940,1912,0.578473,0.82,0.0,0.0,pix
real_001_s001_2026-05-18_22-18-09-416,001,001,2,P002,wikiart_practice/practice_wikiart_002_untitled_abstract_composition_1964.jpg,64,52.705582,1779135542.123201,1.05,186.0,-58.0,0.0,0.0,2940,1912,0.578473,0.82,0.0,0.0,pix
real_001_s001_2026-05-18_22-18-09-416,001,001,2,P002,wikiart_practice/practice_wikiart_002_untitled_abstract_composition_1964.jpg,65,52.722249,1779135542.139868,1.066667,186.0,-58.0,0.0,0.0,2940,1912,0.578473,0.82,0.0,0.0,pix
real_001_s001_2026-05-18_22-18-09-416,001,001,2,P002,wikiart_practice/practice_wikiart_002_untitled_abstract_composition_1964.jpg,66,52.738915,1779135542.156534,1.083333,186.0,-58.0,0.0,0.0,2940,1912,0.578473,0.82,0.0,0.0,pix
real_001_s001_2026-05-18_22-18-09-416,001,001,2,P002,wikiart_practice/practice_wikiart_002_untitled_abstract_composition_1964.jpg,67,52.755582,1779135542.173201,1.1,186.0,-58.0,0.0,0.0,2940,1912,0.578473,0.82,0.0,0.0,pix
real_001_s001_2026-05-18_22-18-09-416,001,001,2,P002,wikiart_practice/practice_wikiart_002_untitled_abstract_composition_1964.jpg,68,52.772249,1779135542.189867,1.116667,186.0,-58.0,0.0,0.0,2940,1912,0.578473,0.82,0.0,0.0,pix
real_001_s001_2026-05-18_22-18-09-416,001,001,2,P002,wikiart_practice/practice_wikiart_002_untitled_abstract_composition_1964.jpg,69,52.788915,1779135542.206534,1.133333,186.0,-58.0,0.0,0.0,2940,1912,0.578473,0.82,0.0,0.0,pix
real_001_s001_2026-05-18_22-18-09-416,001,001,2,P002,wikiart_practice/practice_wikiart_002_untitled_abstract_composition_1964.jpg,70,52.805582,1779135542.223201,1.15,186.0,-58.0,0.0,0.0,2940,1912,0.578473,0.82,0.0,0.0,pix
real_001_s001_2026-05-18_22-18-09-416,001,001,2,P002,wikiart_practice/practice_wikiart_002_untitled_abstract_composition_1964.jpg,71,52.822249,1779135542.239868,1.166667,186.0,-58.0,0.0,0.0,2940,1912,0.578473,0.82,0.0,0.0,pix
real_001_s001_2026-05-18_22-18-09-416,001,001,2,P002,wikiart_practice/practice_wikiart_002_untitled_abstract_composition_1964.jpg,72,52.838915,1779135542.256534,1.183333,186.0,-58.0,0.0,0.0,2940,1912,0.578473,0.82,0.0,0.0,pix
real_001_s001_2026-05-18_22-18-09-416,001,001,2,P002,wikiart_practice/practice_wikiart_002_untitled_abstract_composition_1964.jpg,73,52.855582,1779135542.273201,1.2,186.0,-58.0,0.0,0.0,2940,1912,0.578473,0.82,0.0,0.0,pix
real_001_s001_2026-05-18_22-18-09-416,001,001,2,P002,wikiart_practice/practice_wikiart_002_untitled_abstract_composition_1964.jpg,74,52.872249,1779135542.289868,1.216667,186.0,-58.0,0.0,0.0,2940,1912,0.578473,0.82,0.0,0.0,pix
real_001_s001_2026-05-18_22-18-09-416,001,001,2,P002,wikiart_practice/practice_wikiart_002_untitled_abstract_composition_1964.jpg,75,52.888915,1779135542.306534,1.233333,186.0,-58.0,0.0,0.0,2940,1912,0.578473,0.82,0.0,0.0,pix
real_001_s001_2026-05-18_22-18-09-416,001,001,2,P002,wikiart_practice/practice_wikiart_002_untitled_abstract_composition_1964.jpg,76,52.905582,1779135542.323201,1.25,186.0,-58.0,0.0,0.0,2940,1912,0.578473,0.82,0.0,0.0,pix
real_001_s001_2026-05-18_22-18-09-416,001,001,2,P002,wikiart_practice/practice_wikiart_002_untitled_abstract_composition_1964.jpg,77,52.922249,1779135542.339868,1.266667,186.0,-58.0,0.0,0.0,2940,1912,0.578473,0.82,0.0,0.0,pix
real_001_s001_2026-05-18_22-18-09-416,001,001,2,P002,wikiart_practice/practice_wikiart_002_untitled_abstract_composition_1964.jpg,78,52.938915,1779135542.356534,1.283333,186.0,-58.0,0.0,0.0,2940,1912,0.578473,0.82,0.0,0.0,pix
real_001_s001_2026-05-18_22-18-09-416,001,001,2,P002,wikiart_practice/practice_wikiart_002_untitled_abstract_composition_1964.jpg,79,52.955582,1779135542.373201,1.3,186.0,-58.0,0.0,0.0,2940,1912,0.578473,0.82,0.0,0.0,pix
real_001_s001_2026-05-18_22-18-09-416,001,001,2,P002,wikiart_practice/practice_wikiart_002_untitled_abstract_composition_1964.jpg,80,52.972249,1779135542.389868,1.316667,186.0,-58.0,0.0,0.0,2940,1912,0.578473,0.82,0.0,0.0,pix
real_001_s001_2026-05-18_22-18-09-416,001,001,2,P002,wikiart_practice/practice_wikiart_002_untitled_abstract_composition_1964.jpg,81,52.988915,1779135542.406534,1.333333,186.0,-58.0,0.0,0.0,2940,1912,0.578473,0.82,0.0,0.0,pix
real_001_s001_2026-05-18_22-18-09-416,001,001,2,P002,wikiart_practice/practice_wikiart_002_untitled_abstract_composition_1964.jpg,82,53.005582,1779135542.423201,1.35,186.0,-58.0,0.0,0.0,2940,1912,0.578473,0.82,0.0,0.0,pix
real_001_s001_2026-05-18_22-18-09-416,001,001,2,P002,wikiart_practice/practice_wikiart_002_untitled_abstract_composition_1964.jpg,83,53.022249,1779135542.439867,1.366667,186.0,-58.0,0.0,0.0,2940,1912,0.578473,0.82,0.0,0.0,pix
real_001_s001_2026-05-18_22-18-09-416,001,001,2,P002,wikiart_practice/practice_wikiart_002_untitled_abstract_composition_1964.jpg,84,53.038915,1779135542.456534,1.383333,186.0,-58.0,0.0,0.0,2940,1912,0.578473,0.82,0.0,0.0,pix
real_001_s001_2026-05-18_22-18-09-416,001,001,2,P002,wikiart_practice/practice_wikiart_002_untitled_abstract_composition_1964.jpg,85,53.055582,1779135542.473201,1.4,186.0,-58.0,0.0,0.0,2940,1912,0.578473,0.82,0.0,0.0,pix
real_001_s001_2026-05-18_22-18-09-416,001,001,2,P002,wikiart_practice/practice_wikiart_002_untitled_abstract_composition_1964.jpg,86,53.072249,1779135542.489868,1.416667,186.0,-58.0,0.0,0.0,2940,1912,0.578473,0.82,0.0,0.0,pix
real_001_s001_2026-05-18_22-18-09-416,001,001,2,P002,wikiart_practice/practice_wikiart_002_untitled_abstract_composition_1964.jpg,87,53.088915,1779135542.506534,1.433333,186.0,-58.0,0.0,0.0,2940,1912,0.578473,0.82,0.0,0.0,pix
real_001_s001_2026-05-18_22-18-09-416,001,001,2,P002,wikiart_practice/practice_wikiart_002_untitled_abstract_composition_1964.jpg,88,53.105582,1779135542.523201,1.45,186.0,-58.0,0.0,0.0,2940,1912,0.578473,0.82,0.0,0.0,pix
real_001_s001_2026-05-18_22-18-09-416,001,001,2,P002,wikiart_practice/practice_wikiart_002_untitled_abstract_composition_1964.jpg,89,53.122249,1779135542.539868,1.466667,186.0,-58.0,0.0,0.0,2940,1912,0.578473,0.82,0.0,0.0,pix
real_001_s001_2026-05-18_22-18-09-416,001,001,2,P002,wikiart_practice/practice_wikiart_002_untitled_abstract_composition_1964.jpg,90,53.138915,1779135542.556534,1.483333,186.0,-58.0,0.0,0.0,2940,1912,0.578473,0.82,0.0,0.0,pix
real_001_s001_2026-05-18_22-18-09-416,001,001,2,P002,wikiart_practice/practice_wikiart_002_untitled_abstract_composition_1964.jpg,91,53.155582,1779135542.573201,1.5,186.0,-58.0,0.0,0.0,2940,1912,0.578473,0.82,0.0,0.0,pix
real_001_s001_2026-05-18_22-18-09-416,001,001,2,P002,wikiart_practice/practice_wikiart_002_untitled_abstract_composition_1964.jpg,92,53.172249,1779135542.589868,1.516667,186.0,-58.0,0.0,0.0,2940,1912,0.578473,0.82,0.0,0.0,pix
real_001_s001_2026-05-18_22-18-09-416,001,001,2,P002,wikiart_practice/practice_wikiart_002_untitled_abstract_composition_1964.jpg,93,53.188915,1779135542.606534,1.533333,186.0,-58.0,0.0,0.0,2940,1912,0.578473,0.82,0.0,0.0,pix
real_001_s001_2026-05-18_22-18-09-416,001,001,2,P002,wikiart_practice/practice_wikiart_002_untitled_abstract_composition_1964.jpg,94,53.205582,1779135542.623201,1.55,186.0,-58.0,0.0,0.0,2940,1912,0.578473,0.82,0.0,0.0,pix
real_001_s001_2026-05-18_22-18-09-416,001,001,2,P002,wikiart_practice/practice_wikiart_002_untitled_abstract_composition_1964.jpg,95,53.222249,1779135542.639868,1.566667,186.0,-58.0,0.0,0.0,2940,1912,0.578473,0.82,0.0,0.0,pix
real_001_s001_2026-05-18_22-18-09-416,001,001,2,P002,wikiart_practice/practice_wikiart_002_untitled_abstract_composition_1964.jpg,96,53.238915,1779135542.656534,1.583333,186.0,-58.0,0.0,0.0,2940,1912,0.578473,0.82,0.0,0.0,pix
real_001_s001_2026-05-18_22-18-09-416,001,001,2,P002,wikiart_practice/practice_wikiart_002_untitled_abstract_composition_1964.jpg,97,53.255582,1779135542.673201,1.6,186.0,-58.0,0.0,0.0,2940,1912,0.578473,0.82,0.0,0.0,pix
real_001_s001_2026-05-18_22-18-09-416,001,001,2,P002,wikiart_practice/practice_wikiart_002_untitled_abstract_composition_1964.jpg,98,53.272249,1779135542.689867,1.616667,186.0,-58.0,0.0,0.0,2940,1912,0.578473,0.82,0.0,0.0,pix
real_001_s001_2026-05-18_22-18-09-416,001,001,2,P002,wikiart_practice/practice_wikiart_002_untitled_abstract_composition_1964.jpg,99,53.288915,1779135542.706534,1.633333,186.0,-58.0,0.0,0.0,2940,1912,0.578473,0.82,0.0,0.0,pix
real_001_s001_2026-05-18_22-18-09-416,001,001,2,P002,wikiart_practice/practice_wikiart_002_untitled_abstract_composition_1964.jpg,100,53.305582,1779135542.723201,1.65,186.0,-58.0,0.0,0.0,2940,1912,0.578473,0.82,0.0,0.0,pix
real_001_s001_2026-05-18_22-18-09-416,001,001,2,P002,wikiart_practice/practice_wikiart_002_untitled_abstract_composition_1964.jpg,101,53.322249,1779135542.739868,1.666667,186.0,-58.0,0.0,0.0,2940,1912,0.578473,0.82,0.0,0.0,pix
real_001_s001_2026-05-18_22-18-09-416,001,001,2,P002,wikiart_practice/practice_wikiart_002_untitled_abstract_composition_1964.jpg,102,53.338915,1779135542.756534,1.683333,186.0,-58.0,0.0,0.0,2940,1912,0.578473,0.82,0.0,0.0,pix
real_001_s001_2026-05-18_22-18-09-416,001,001,2,P002,wikiart_practice/practice_wikiart_002_untitled_abstract_composition_1964.jpg,103,53.355582,1779135542.773201,1.7,186.0,-58.0,0.0,0.0,2940,1912,0.578473,0.82,0.0,0.0,pix
real_001_s001_2026-05-18_22-18-09-416,001,001,2,P002,wikiart_practice/practice_wikiart_002_untitled_abstract_composition_1964.jpg,104,53.372249,1779135542.789868,1.716667,186.0,-58.0,0.0,0.0,2940,1912,0.578473,0.82,0.0,0.0,pix
real_001_s001_2026-05-18_22-18-09-416,001,001,2,P002,wikiart_practice/practice_wikiart_002_untitled_abstract_composition_1964.jpg,105,53.388915,1779135542.806534,1.733333,186.0,-58.0,0.0,0.0,2940,1912,0.578473,0.82,0.0,0.0,pix
real_001_s001_2026-05-18_22-18-09-416,001,001,2,P002,wikiart_practice/practice_wikiart_002_untitled_abstract_composition_1964.jpg,106,53.405582,1779135542.823201,1.75,186.0,-58.0,0.0,0.0,2940,1912,0.578473,0.82,0.0,0.0,pix
real_001_s001_2026-05-18_22-18-09-416,001,001,2,P002,wikiart_practice/practice_wikiart_002_untitled_abstract_composition_1964.jpg,107,53.422249,1779135542.839868,1.766667,186.0,-58.0,0.0,0.0,2940,1912,0.578473,0.82,0.0,0.0,pix
real_001_s001_2026-05-18_22-18-09-416,001,001,2,P002,wikiart_practice/practice_wikiart_002_untitled_abstract_composition_1964.jpg,108,53.438915,1779135542.856534,1.783333,186.0,-58.0,0.0,0.0,2940,1912,0.578473,0.82,0.0,0.0,pix
real_001_s001_2026-05-18_22-18-09-416,001,001,2,P002,wikiart_practice/practice_wikiart_002_untitled_abstract_composition_1964.jpg,109,53.455582,1779135542.873201,1.8,186.0,-58.0,0.0,0.0,2940,1912,0.578473,0.82,0.0,0.0,pix
real_001_s001_2026-05-18_22-18-09-416,001,001,2,P002,wikiart_practice/practice_wikiart_002_untitled_abstract_composition_1964.jpg,110,53.472249,1779135542.889868,1.816667,186.0,-58.0,0.0,0.0,2940,1912,0.578473,0.82,0.0,0.0,pix
real_001_s001_2026-05-18_22-18-09-416,001,001,2,P002,wikiart_practice/practice_wikiart_002_untitled_abstract_composition_1964.jpg,111,53.488915,1779135542.906534,1.833333,186.0,-58.0,0.0,0.0,2940,1912,0.578473,0.82,0.0,0.0,pix
real_001_s001_2026-05-18_22-18-09-416,001,001,2,P002,wikiart_practice/practice_wikiart_002_untitled_abstract_composition_1964.jpg,112,53.505582,1779135542.923201,1.85,186.0,-58.0,0.0,0.0,2940,1912,0.578473,0.82,0.0,0.0,pix
real_001_s001_2026-05-18_22-18-09-416,001,001,2,P002,wikiart_practice/practice_wikiart_002_untitled_abstract_composition_1964.jpg,113,53.522249,1779135542.939867,1.866667,186.0,-58.0,0.0,0.0,2940,1912,0.578473,0.82,0.0,0.0,pix
real_001_s001_2026-05-18_22-18-09-416,001,001,2,P002,wikiart_practice/practice_wikiart_002_untitled_abstract_composition_1964.jpg,114,53.538915,1779135542.956534,1.883333,186.0,-58.0,0.0,0.0,2940,1912,0.578473,0.82,0.0,0.0,pix
real_001_s001_2026-05-18_22-18-09-416,001,001,2,P002,wikiart_practice/practice_wikiart_002_untitled_abstract_composition_1964.jpg,115,53.555582,1779135542.973201,1.9,186.0,-58.0,0.0,0.0,2940,1912,0.578473,0.82,0.0,0.0,pix
real_001_s001_2026-05-18_22-18-09-416,001,001,2,P002,wikiart_practice/practice_wikiart_002_untitled_abstract_composition_1964.jpg,116,53.572249,1779135542.989868,1.916667,186.0,-58.0,0.0,0.0,2940,1912,0.578473,0.82,0.0,0.0,pix
real_001_s001_2026-05-18_22-18-09-416,001,001,2,P002,wikiart_practice/practice_wikiart_002_untitled_abstract_composition_1964.jpg,117,53.588915,1779135543.006534,1.933333,186.0,-58.0,0.0,0.0,2940,1912,0.578473,0.82,0.0,0.0,pix
real_001_s001_2026-05-18_22-18-09-416,001,001,2,P002,wikiart_practice/practice_wikiart_002_untitled_abstract_composition_1964.jpg,118,53.605582,1779135543.023201,1.95,186.0,-58.0,0.0,0.0,2940,1912,0.578473,0.82,0.0,0.0,pix
real_001_s001_2026-05-18_22-18-09-416,001,001,2,P002,wikiart_practice/practice_wikiart_002_untitled_abstract_composition_1964.jpg,119,53.622249,1779135543.039868,1.966667,186.0,-58.0,0.0,0.0,2940,1912,0.578473,0.82,0.0,0.0,pix
real_001_s001_2026-05-18_22-18-09-416,001,001,2,P002,wikiart_practice/practice_wikiart_002_untitled_abstract_composition_1964.jpg,120,53.638915,1779135543.056534,1.983333,186.0,-58.0,0.0,0.0,2940,1912,0.578473,0.82,0.0,0.0,pix
real_001_s001_2026-05-18_22-18-09-416,001,001,2,P002,wikiart_practice/practice_wikiart_002_untitled_abstract_composition_1964.jpg,121,53.655582,1779135543.073201,2.0,186.0,-58.0,0.0,0.0,2940,1912,0.578473,0.82,0.0,0.0,pix
real_001_s001_2026-05-18_22-18-09-416,001,001,2,P002,wikiart_practice/practice_wikiart_002_untitled_abstract_composition_1964.jpg,122,53.672249,1779135543.089868,2.016667,186.0,-58.0,0.0,0.0,2940,1912,0.578473,0.82,0.0,0.0,pix
real_001_s001_2026-05-18_22-18-09-416,001,001,2,P002,wikiart_practice/practice_wikiart_002_untitled_abstract_composition_1964.jpg,123,53.688915,1779135543.106534,2.033333,186.0,-58.0,0.0,0.0,2940,1912,0.578473,0.82,0.0,0.0,pix
real_001_s001_2026-05-18_22-18-09-416,001,001,2,P002,wikiart_practice/practice_wikiart_002_untitled_abstract_composition_1964.jpg,124,53.705582,1779135543.123201,2.05,186.0,-58.0,0.0,0.0,2940,1912,0.578473,0.82,0.0,0.0,pix
real_001_s001_2026-05-18_22-18-09-416,001,001,2,P002,wikiart_practice/practice_wikiart_002_untitled_abstract_composition_1964.jpg,125,53.722249,1779135543.139868,2.066667,186.0,-58.0,0.0,0.0,2940,1912,0.578473,0.82,0.0,0.0,pix
real_001_s001_2026-05-18_22-18-09-416,001,001,2,P002,wikiart_practice/practice_wikiart_002_untitled_abstract_composition_1964.jpg,126,53.738915,1779135543.156534,2.083333,186.0,-58.0,0.0,0.0,2940,1912,0.578473,0.82,0.0,0.0,pix
real_001_s001_2026-05-18_22-18-09-416,001,001,2,P002,wikiart_practice/practice_wikiart_002_untitled_abstract_composition_1964.jpg,127,53.755582,1779135543.173201,2.1,186.0,-58.0,0.0,0.0,2940,1912,0.578473,0.82,0.0,0.0,pix
real_001_s001_2026-05-18_22-18-09-416,001,001,2,P002,wikiart_practice/practice_wikiart_002_untitled_abstract_composition_1964.jpg,128,53.772249,1779135543.189867,2.116667,186.0,-58.0,0.0,0.0,2940,1912,0.578473,0.82,0.0,0.0,pix
real_001_s001_2026-05-18_22-18-09-416,001,001,2,P002,wikiart_practice/practice_wikiart_002_untitled_abstract_composition_1964.jpg,129,53.788915,1779135543.206534,2.133333,186.0,-58.0,0.0,0.0,2940,1912,0.578473,0.82,0.0,0.0,pix
real_001_s001_2026-05-18_22-18-09-416,001,001,2,P002,wikiart_practice/practice_wikiart_002_untitled_abstract_composition_1964.jpg,130,53.805582,1779135543.223201,2.15,186.0,-58.0,0.0,0.0,2940,1912,0.578473,0.82,0.0,0.0,pix
real_001_s001_2026-05-18_22-18-09-416,001,001,2,P002,wikiart_practice/practice_wikiart_002_untitled_abstract_composition_1964.jpg,131,53.822249,1779135543.239868,2.166667,186.0,-58.0,0.0,0.0,2940,1912,0.578473,0.82,0.0,0.0,pix
real_001_s001_2026-05-18_22-18-09-416,001,001,2,P002,wikiart_practice/practice_wikiart_002_untitled_abstract_composition_1964.jpg,132,53.838915,1779135543.256534,2.183333,186.0,-58.0,0.0,0.0,2940,1912,0.578473,0.82,0.0,0.0,pix
real_001_s001_2026-05-18_22-18-09-416,001,001,2,P002,wikiart_practice/practice_wikiart_002_untitled_abstract_composition_1964.jpg,133,53.855582,1779135543.273201,2.2,186.0,-58.0,0.0,0.0,2940,1912,0.578473,0.82,0.0,0.0,pix
real_001_s001_2026-05-18_22-18-09-416,001,001,2,P002,wikiart_practice/practice_wikiart_002_untitled_abstract_composition_1964.jpg,134,53.872249,1779135543.289868,2.216667,186.0,-58.0,0.0,0.0,2940,1912,0.578473,0.82,0.0,0.0,pix
real_001_s001_2026-05-18_22-18-09-416,001,001,2,P002,wikiart_practice/practice_wikiart_002_untitled_abstract_composition_1964.jpg,135,53.888915,1779135543.306534,2.233333,186.0,-58.0,0.0,0.0,2940,1912,0.578473,0.82,0.0,0.0,pix
real_001_s001_2026-05-18_22-18-09-416,001,001,2,P002,wikiart_practice/practice_wikiart_002_untitled_abstract_composition_1964.jpg,136,53.905582,1779135543.323201,2.25,186.0,-58.0,0.0,0.0,2940,1912,0.578473,0.82,0.0,0.0,pix
real_001_s001_2026-05-18_22-18-09-416,001,001,2,P002,wikiart_practice/practice_wikiart_002_untitled_abstract_composition_1964.jpg,137,53.922249,1779135543.339868,2.266667,186.0,-58.0,0.0,0.0,2940,1912,0.578473,0.82,0.0,0.0,pix
real_001_s001_2026-05-18_22-18-09-416,001,001,2,P002,wikiart_practice/practice_wikiart_002_untitled_abstract_composition_1964.jpg,138,53.938915,1779135543.356534,2.283333,186.0,-58.0,0.0,0.0,2940,1912,0.578473,0.82,0.0,0.0,pix
real_001_s001_2026-05-18_22-18-09-416,001,001,2,P002,wikiart_practice/practice_wikiart_002_untitled_abstract_composition_1964.jpg,139,53.955582,1779135543.373201,2.3,186.0,-58.0,0.0,0.0,2940,1912,0.578473,0.82,0.0,0.0,pix
real_001_s001_2026-05-18_22-18-09-416,001,001,2,P002,wikiart_practice/practice_wikiart_002_untitled_abstract_composition_1964.jpg,140,53.972249,1779135543.389868,2.316667,186.0,-58.0,0.0,0.0,2940,1912,0.578473,0.82,0.0,0.0,pix
real_001_s001_2026-05-18_22-18-09-416,001,001,2,P002,wikiart_practice/practice_wikiart_002_untitled_abstract_composition_1964.jpg,141,53.988915,1779135543.406534,2.333333,186.0,-58.0,0.0,0.0,2940,1912,0.578473,0.82,0.0,0.0,pix
real_001_s001_2026-05-18_22-18-09-416,001,001,2,P002,wikiart_practice/practice_wikiart_002_untitled_abstract_composition_1964.jpg,142,54.005582,1779135543.423201,2.35,186.0,-58.0,0.0,0.0,2940,1912,0.578473,0.82,0.0,0.0,pix
real_001_s001_2026-05-18_22-18-09-416,001,001,2,P002,wikiart_practice/practice_wikiart_002_untitled_abstract_composition_1964.jpg,143,54.022249,1779135543.439867,2.366667,186.0,-58.0,0.0,0.0,2940,1912,0.578473,0.82,0.0,0.0,pix
real_001_s001_2026-05-18_22-18-09-416,001,001,2,P002,wikiart_practice/practice_wikiart_002_untitled_abstract_composition_1964.jpg,144,54.038915,1779135543.456534,2.383333,186.0,-58.0,0.0,0.0,2940,1912,0.578473,0.82,0.0,0.0,pix
real_001_s001_2026-05-18_22-18-09-416,001,001,2,P002,wikiart_practice/practice_wikiart_002_untitled_abstract_composition_1964.jpg,145,54.055582,1779135543.473201,2.4,186.0,-58.0,0.0,0.0,2940,1912,0.578473,0.82,0.0,0.0,pix
real_001_s001_2026-05-18_22-18-09-416,001,001,2,P002,wikiart_practice/practice_wikiart_002_untitled_abstract_composition_1964.jpg,146,54.072249,1779135543.489868,2.416667,186.0,-58.0,0.0,0.0,2940,1912,0.578473,0.82,0.0,0.0,pix
real_001_s001_2026-05-18_22-18-09-416,001,001,2,P002,wikiart_practice/practice_wikiart_002_untitled_abstract_composition_1964.jpg,147,54.088915,1779135543.506534,2.433333,186.0,-58.0,0.0,0.0,2940,1912,0.578473,0.82,0.0,0.0,pix
real_001_s001_2026-05-18_22-18-09-416,001,001,2,P002,wikiart_practice/practice_wikiart_002_untitled_abstract_composition_1964.jpg,148,54.105582,1779135543.523201,2.45,186.0,-58.0,0.0,0.0,2940,1912,0.578473,0.82,0.0,0.0,pix
real_001_s001_2026-05-18_22-18-09-416,001,001,2,P002,wikiart_practice/practice_wikiart_002_untitled_abstract_composition_1964.jpg,149,54.122249,1779135543.539868,2.466667,186.0,-58.0,0.0,0.0,2940,1912,0.578473,0.82,0.0,0.0,pix
real_001_s001_2026-05-18_22-18-09-416,001,001,2,P002,wikiart_practice/practice_wikiart_002_untitled_abstract_composition_1964.jpg,150,54.138915,1779135543.556534,2.483333,186.0,-58.0,0.0,0.0,2940,1912,0.578473,0.82,0.0,0.0,pix
real_001_s001_2026-05-18_22-18-09-416,001,001,2,P002,wikiart_practice/practice_wikiart_002_untitled_abstract_composition_1964.jpg,151,54.155582,1779135543.573201,2.5,186.0,-58.0,0.0,0.0,2940,1912,0.578473,0.82,0.0,0.0,pix
real_001_s001_2026-05-18_22-18-09-416,001,001,2,P002,wikiart_practice/practice_wikiart_002_untitled_abstract_composition_1964.jpg,152,54.172249,1779135543.589868,2.516667,186.0,-58.0,0.0,0.0,2940,1912,0.578473,0.82,0.0,0.0,pix
real_001_s001_2026-05-18_22-18-09-416,001,001,2,P002,wikiart_practice/practice_wikiart_002_untitled_abstract_composition_1964.jpg,153,54.188915,1779135543.606534,2.533333,186.0,-58.0,0.0,0.0,2940,1912,0.578473,0.82,0.0,0.0,pix
real_001_s001_2026-05-18_22-18-09-416,001,001,2,P002,wikiart_practice/practice_wikiart_002_untitled_abstract_composition_1964.jpg,154,54.205582,1779135543.623201,2.55,186.0,-58.0,0.0,0.0,2940,1912,0.578473,0.82,0.0,0.0,pix
real_001_s001_2026-05-18_22-18-09-416,001,001,2,P002,wikiart_practice/practice_wikiart_002_untitled_abstract_composition_1964.jpg,155,54.222249,1779135543.639868,2.566667,186.0,-58.0,0.0,0.0,2940,1912,0.578473,0.82,0.0,0.0,pix
real_001_s001_2026-05-18_22-18-09-416,001,001,2,P002,wikiart_practice/practice_wikiart_002_untitled_abstract_composition_1964.jpg,156,54.238915,1779135543.656534,2.583333,186.0,-58.0,0.0,0.0,2940,1912,0.578473,0.82,0.0,0.0,pix
real_001_s001_2026-05-18_22-18-09-416,001,001,2,P002,wikiart_practice/practice_wikiart_002_untitled_abstract_composition_1964.jpg,157,54.255582,1779135543.673201,2.6,186.0,-58.0,0.0,0.0,2940,1912,0.578473,0.82,0.0,0.0,pix
real_001_s001_2026-05-18_22-18-09-416,001,001,2,P002,wikiart_practice/practice_wikiart_002_untitled_abstract_composition_1964.jpg,158,54.272249,1779135543.689867,2.616667,186.0,-58.0,0.0,0.0,2940,1912,0.578473,0.82,0.0,0.0,pix
real_001_s001_2026-05-18_22-18-09-416,001,001,2,P002,wikiart_practice/practice_wikiart_002_untitled_abstract_composition_1964.jpg,159,54.288915,1779135543.706534,2.633333,186.0,-58.0,0.0,0.0,2940,1912,0.578473,0.82,0.0,0.0,pix
real_001_s001_2026-05-18_22-18-09-416,001,001,2,P002,wikiart_practice/practice_wikiart_002_untitled_abstract_composition_1964.jpg,160,54.305582,1779135543.723201,2.65,186.0,-58.0,0.0,0.0,2940,1912,0.578473,0.82,0.0,0.0,pix
real_001_s001_2026-05-18_22-18-09-416,001,001,2,P002,wikiart_practice/practice_wikiart_002_untitled_abstract_composition_1964.jpg,161,54.322249,1779135543.739868,2.666667,186.0,-58.0,0.0,0.0,2940,1912,0.578473,0.82,0.0,0.0,pix
real_001_s001_2026-05-18_22-18-09-416,001,001,2,P002,wikiart_practice/practice_wikiart_002_untitled_abstract_composition_1964.jpg,162,54.338915,1779135543.756534,2.683333,186.0,-58.0,0.0,0.0,2940,1912,0.578473,0.82,0.0,0.0,pix
real_001_s001_2026-05-18_22-18-09-416,001,001,2,P002,wikiart_practice/practice_wikiart_002_untitled_abstract_composition_1964.jpg,163,54.355582,1779135543.773201,2.7,186.0,-58.0,0.0,0.0,2940,1912,0.578473,0.82,0.0,0.0,pix
real_001_s001_2026-05-18_22-18-09-416,001,001,2,P002,wikiart_practice/practice_wikiart_002_untitled_abstract_composition_1964.jpg,164,54.372249,1779135543.789868,2.716667,186.0,-58.0,0.0,0.0,2940,1912,0.578473,0.82,0.0,0.0,pix
real_001_s001_2026-05-18_22-18-09-416,001,001,2,P002,wikiart_practice/practice_wikiart_002_untitled_abstract_composition_1964.jpg,165,54.388915,1779135543.806534,2.733333,186.0,-58.0,0.0,0.0,2940,1912,0.578473,0.82,0.0,0.0,pix
real_001_s001_2026-05-18_22-18-09-416,001,001,2,P002,wikiart_practice/practice_wikiart_002_untitled_abstract_composition_1964.jpg,166,54.405582,1779135543.823201,2.75,186.0,-58.0,0.0,0.0,2940,1912,0.578473,0.82,0.0,0.0,pix
real_001_s001_2026-05-18_22-18-09-416,001,001,2,P002,wikiart_practice/practice_wikiart_002_untitled_abstract_composition_1964.jpg,167,54.422249,1779135543.839868,2.766667,186.0,-58.0,0.0,0.0,2940,1912,0.578473,0.82,0.0,0.0,pix
real_001_s001_2026-05-18_22-18-09-416,001,001,2,P002,wikiart_practice/practice_wikiart_002_untitled_abstract_composition_1964.jpg,168,54.438915,1779135543.856534,2.783333,186.0,-58.0,0.0,0.0,2940,1912,0.578473,0.82,0.0,0.0,pix
real_001_s001_2026-05-18_22-18-09-416,001,001,2,P002,wikiart_practice/practice_wikiart_002_untitled_abstract_composition_1964.jpg,169,54.455582,1779135543.873201,2.8,186.0,-58.0,0.0,0.0,2940,1912,0.578473,0.82,0.0,0.0,pix
real_001_s001_2026-05-18_22-18-09-416,001,001,2,P002,wikiart_practice/practice_wikiart_002_untitled_abstract_composition_1964.jpg,170,54.472249,1779135543.889868,2.816667,186.0,-58.0,0.0,0.0,2940,1912,0.578473,0.82,0.0,0.0,pix
real_001_s001_2026-05-18_22-18-09-416,001,001,2,P002,wikiart_practice/practice_wikiart_002_untitled_abstract_composition_1964.jpg,171,54.488915,1779135543.906534,2.833333,186.0,-58.0,0.0,0.0,2940,1912,0.578473,0.82,0.0,0.0,pix
real_001_s001_2026-05-18_22-18-09-416,001,001,2,P002,wikiart_practice/practice_wikiart_002_untitled_abstract_composition_1964.jpg,172,54.505582,1779135543.923201,2.85,186.0,-58.0,0.0,0.0,2940,1912,0.578473,0.82,0.0,0.0,pix
real_001_s001_2026-05-18_22-18-09-416,001,001,2,P002,wikiart_practice/practice_wikiart_002_untitled_abstract_composition_1964.jpg,173,54.522249,1779135543.939867,2.866667,186.0,-58.0,0.0,0.0,2940,1912,0.578473,0.82,0.0,0.0,pix
real_001_s001_2026-05-18_22-18-09-416,001,001,2,P002,wikiart_practice/practice_wikiart_002_untitled_abstract_composition_1964.jpg,174,54.538915,1779135543.956534,2.883333,186.0,-58.0,0.0,0.0,2940,1912,0.578473,0.82,0.0,0.0,pix
real_001_s001_2026-05-18_22-18-09-416,001,001,2,P002,wikiart_practice/practice_wikiart_002_untitled_abstract_composition_1964.jpg,175,54.555582,1779135543.973201,2.9,186.0,-58.0,0.0,0.0,2940,1912,0.578473,0.82,0.0,0.0,pix
real_001_s001_2026-05-18_22-18-09-416,001,001,2,P002,wikiart_practice/practice_wikiart_002_untitled_abstract_composition_1964.jpg,176,54.572249,1779135543.989868,2.916667,186.0,-58.0,0.0,0.0,2940,1912,0.578473,0.82,0.0,0.0,pix
real_001_s001_2026-05-18_22-18-09-416,001,001,2,P002,wikiart_practice/practice_wikiart_002_untitled_abstract_composition_1964.jpg,177,54.588915,1779135544.006534,2.933333,186.0,-58.0,0.0,0.0,2940,1912,0.578473,0.82,0.0,0.0,pix
real_001_s001_2026-05-18_22-18-09-416,001,001,2,P002,wikiart_practice/practice_wikiart_002_untitled_abstract_composition_1964.jpg,178,54.605582,1779135544.023201,2.95,186.0,-58.0,0.0,0.0,2940,1912,0.578473,0.82,0.0,0.0,pix
real_001_s001_2026-05-18_22-18-09-416,001,001,2,P002,wikiart_practice/practice_wikiart_002_untitled_abstract_composition_1964.jpg,179,54.622249,1779135544.039868,2.966667,186.0,-58.0,0.0,0.0,2940,1912,0.578473,0.82,0.0,0.0,pix
real_001_s001_2026-05-18_22-18-09-416,001,001,2,P002,wikiart_practice/practice_wikiart_002_untitled_abstract_composition_1964.jpg,180,54.638915,1779135544.056534,2.983333,186.0,-58.0,0.0,0.0,2940,1912,0.578473,0.82,0.0,0.0,pix
real_001_s001_2026-05-18_22-18-09-416,001,001,2,P002,wikiart_practice/practice_wikiart_002_untitled_abstract_composition_1964.jpg,181,54.655582,1779135544.073201,3.0,186.0,-58.0,0.0,0.0,2940,1912,0.578473,0.82,0.0,0.0,pix
real_001_s001_2026-05-18_22-18-09-416,001,001,2,P002,wikiart_practice/practice_wikiart_002_untitled_abstract_composition_1964.jpg,182,54.672249,1779135544.089868,3.016667,186.0,-58.0,0.0,0.0,2940,1912,0.578473,0.82,0.0,0.0,pix
real_001_s001_2026-05-18_22-18-09-416,001,001,2,P002,wikiart_practice/practice_wikiart_002_untitled_abstract_composition_1964.jpg,183,54.688915,1779135544.106534,3.033333,186.0,-58.0,0.0,0.0,2940,1912,0.578473,0.82,0.0,0.0,pix
real_001_s001_2026-05-18_22-18-09-416,001,001,2,P002,wikiart_practice/practice_wikiart_002_untitled_abstract_composition_1964.jpg,184,54.705582,1779135544.123201,3.05,186.0,-58.0,0.0,0.0,2940,1912,0.578473,0.82,0.0,0.0,pix
real_001_s001_2026-05-18_22-18-09-416,001,001,2,P002,wikiart_practice/practice_wikiart_002_untitled_abstract_composition_1964.jpg,185,54.722249,1779135544.139868,3.066667,186.0,-58.0,0.0,0.0,2940,1912,0.578473,0.82,0.0,0.0,pix
real_001_s001_2026-05-18_22-18-09-416,001,001,2,P002,wikiart_practice/practice_wikiart_002_untitled_abstract_composition_1964.jpg,186,54.738915,1779135544.156534,3.083333,186.0,-58.0,0.0,0.0,2940,1912,0.578473,0.82,0.0,0.0,pix
real_001_s001_2026-05-18_22-18-09-416,001,001,2,P002,wikiart_practice/practice_wikiart_002_untitled_abstract_composition_1964.jpg,187,54.755582,1779135544.173201,3.1,186.0,-58.0,0.0,0.0,2940,1912,0.578473,0.82,0.0,0.0,pix
real_001_s001_2026-05-18_22-18-09-416,001,001,2,P002,wikiart_practice/practice_wikiart_002_untitled_abstract_composition_1964.jpg,188,54.772249,1779135544.189867,3.116667,186.0,-58.0,0.0,0.0,2940,1912,0.578473,0.82,0.0,0.0,pix
real_001_s001_2026-05-18_22-18-09-416,001,001,2,P002,wikiart_practice/practice_wikiart_002_untitled_abstract_composition_1964.jpg,189,54.788915,1779135544.206534,3.133333,186.0,-58.0,0.0,0.0,2940,1912,0.578473,0.82,0.0,0.0,pix
real_001_s001_2026-05-18_22-18-09-416,001,001,2,P002,wikiart_practice/practice_wikiart_002_untitled_abstract_composition_1964.jpg,190,54.805582,1779135544.223201,3.15,186.0,-58.0,0.0,0.0,2940,1912,0.578473,0.82,0.0,0.0,pix
real_001_s001_2026-05-18_22-18-09-416,001,001,2,P002,wikiart_practice/practice_wikiart_002_untitled_abstract_composition_1964.jpg,191,54.822249,1779135544.239868,3.166667,186.0,-58.0,0.0,0.0,2940,1912,0.578473,0.82,0.0,0.0,pix
real_001_s001_2026-05-18_22-18-09-416,001,001,2,P002,wikiart_practice/practice_wikiart_002_untitled_abstract_composition_1964.jpg,192,54.838915,1779135544.256534,3.183333,186.0,-58.0,0.0,0.0,2940,1912,0.578473,0.82,0.0,0.0,pix
real_001_s001_2026-05-18_22-18-09-416,001,001,2,P002,wikiart_practice/practice_wikiart_002_untitled_abstract_composition_1964.jpg,193,54.855582,1779135544.273201,3.2,186.0,-58.0,0.0,0.0,2940,1912,0.578473,0.82,0.0,0.0,pix
real_001_s001_2026-05-18_22-18-09-416,001,001,2,P002,wikiart_practice/practice_wikiart_002_untitled_abstract_composition_1964.jpg,194,54.872249,1779135544.289868,3.216667,186.0,-58.0,0.0,0.0,2940,1912,0.578473,0.82,0.0,0.0,pix
real_001_s001_2026-05-18_22-18-09-416,001,001,2,P002,wikiart_practice/practice_wikiart_002_untitled_abstract_composition_1964.jpg,195,54.888915,1779135544.306534,3.233333,186.0,-58.0,0.0,0.0,2940,1912,0.578473,0.82,0.0,0.0,pix
real_001_s001_2026-05-18_22-18-09-416,001,001,2,P002,wikiart_practice/practice_wikiart_002_untitled_abstract_composition_1964.jpg,196,54.905582,1779135544.323201,3.25,186.0,-58.0,0.0,0.0,2940,1912,0.578473,0.82,0.0,0.0,pix
real_001_s001_2026-05-18_22-18-09-416,001,001,2,P002,wikiart_practice/practice_wikiart_002_untitled_abstract_composition_1964.jpg,197,54.922249,1779135544.339868,3.266667,186.0,-58.0,0.0,0.0,2940,1912,0.578473,0.82,0.0,0.0,pix
real_001_s001_2026-05-18_22-18-09-416,001,001,2,P002,wikiart_practice/practice_wikiart_002_untitled_abstract_composition_1964.jpg,198,54.938915,1779135544.356534,3.283333,186.0,-58.0,0.0,0.0,2940,1912,0.578473,0.82,0.0,0.0,pix
real_001_s001_2026-05-18_22-18-09-416,001,001,2,P002,wikiart_practice/practice_wikiart_002_untitled_abstract_composition_1964.jpg,199,54.955582,1779135544.373201,3.3,186.0,-58.0,0.0,0.0,2940,1912,0.578473,0.82,0.0,0.0,pix
real_001_s001_2026-05-18_22-18-09-416,001,001,2,P002,wikiart_practice/practice_wikiart_002_untitled_abstract_composition_1964.jpg,200,54.972249,1779135544.389868,3.316667,186.0,-58.0,0.0,0.0,2940,1912,0.578473,0.82,0.0,0.0,pix
real_001_s001_2026-05-18_22-18-09-416,001,001,2,P002,wikiart_practice/practice_wikiart_002_untitled_abstract_composition_1964.jpg,201,54.988915,1779135544.406534,3.333333,186.0,-58.0,0.0,0.0,2940,1912,0.578473,0.82,0.0,0.0,pix
real_001_s001_2026-05-18_22-18-09-416,001,001,2,P002,wikiart_practice/practice_wikiart_002_untitled_abstract_composition_1964.jpg,202,55.005582,1779135544.423201,3.35,186.0,-58.0,0.0,0.0,2940,1912,0.578473,0.82,0.0,0.0,pix
real_001_s001_2026-05-18_22-18-09-416,001,001,2,P002,wikiart_practice/practice_wikiart_002_untitled_abstract_composition_1964.jpg,203,55.022249,1779135544.439867,3.366667,186.0,-58.0,0.0,0.0,2940,1912,0.578473,0.82,0.0,0.0,pix
real_001_s001_2026-05-18_22-18-09-416,001,001,2,P002,wikiart_practice/practice_wikiart_002_untitled_abstract_composition_1964.jpg,204,55.038915,1779135544.456534,3.383333,186.0,-58.0,0.0,0.0,2940,1912,0.578473,0.82,0.0,0.0,pix
real_001_s001_2026-05-18_22-18-09-416,001,001,2,P002,wikiart_practice/practice_wikiart_002_untitled_abstract_composition_1964.jpg,205,55.055582,1779135544.473201,3.4,186.0,-58.0,0.0,0.0,2940,1912,0.578473,0.82,0.0,0.0,pix
real_001_s001_2026-05-18_22-18-09-416,001,001,2,P002,wikiart_practice/practice_wikiart_002_untitled_abstract_composition_1964.jpg,206,55.072249,1779135544.489868,3.416667,186.0,-58.0,0.0,0.0,2940,1912,0.578473,0.82,0.0,0.0,pix
real_001_s001_2026-05-18_22-18-09-416,001,001,2,P002,wikiart_practice/practice_wikiart_002_untitled_abstract_composition_1964.jpg,207,55.088915,1779135544.506534,3.433333,186.0,-58.0,0.0,0.0,2940,1912,0.578473,0.82,0.0,0.0,pix
real_001_s001_2026-05-18_22-18-09-416,001,001,2,P002,wikiart_practice/practice_wikiart_002_untitled_abstract_composition_1964.jpg,208,55.105582,1779135544.523201,3.45,186.0,-58.0,0.0,0.0,2940,1912,0.578473,0.82,0.0,0.0,pix
real_001_s001_2026-05-18_22-18-09-416,001,001,2,P002,wikiart_practice/practice_wikiart_002_untitled_abstract_composition_1964.jpg,209,55.122249,1779135544.539868,3.466667,186.0,-58.0,0.0,0.0,2940,1912,0.578473,0.82,0.0,0.0,pix
real_001_s001_2026-05-18_22-18-09-416,001,001,2,P002,wikiart_practice/practice_wikiart_002_untitled_abstract_composition_1964.jpg,210,55.138915,1779135544.556534,3.483333,186.0,-58.0,0.0,0.0,2940,1912,0.578473,0.82,0.0,0.0,pix
real_001_s001_2026-05-18_22-18-09-416,001,001,2,P002,wikiart_practice/practice_wikiart_002_untitled_abstract_composition_1964.jpg,211,55.155582,1779135544.573201,3.5,186.0,-58.0,0.0,0.0,2940,1912,0.578473,0.82,0.0,0.0,pix
real_001_s001_2026-05-18_22-18-09-416,001,001,2,P002,wikiart_practice/practice_wikiart_002_untitled_abstract_composition_1964.jpg,212,55.172249,1779135544.589868,3.516667,186.0,-58.0,0.0,0.0,2940,1912,0.578473,0.82,0.0,0.0,pix
real_001_s001_2026-05-18_22-18-09-416,001,001,2,P002,wikiart_practice/practice_wikiart_002_untitled_abstract_composition_1964.jpg,213,55.188915,1779135544.606534,3.533333,186.0,-58.0,0.0,0.0,2940,1912,0.578473,0.82,0.0,0.0,pix
real_001_s001_2026-05-18_22-18-09-416,001,001,2,P002,wikiart_practice/practice_wikiart_002_untitled_abstract_composition_1964.jpg,214,55.205582,1779135544.623201,3.55,186.0,-58.0,0.0,0.0,2940,1912,0.578473,0.82,0.0,0.0,pix
real_001_s001_2026-05-18_22-18-09-416,001,001,2,P002,wikiart_practice/practice_wikiart_002_untitled_abstract_composition_1964.jpg,215,55.222249,1779135544.639868,3.566667,186.0,-58.0,0.0,0.0,2940,1912,0.578473,0.82,0.0,0.0,pix
real_001_s001_2026-05-18_22-18-09-416,001,001,2,P002,wikiart_practice/practice_wikiart_002_untitled_abstract_composition_1964.jpg,216,55.238915,1779135544.656534,3.583333,186.0,-58.0,0.0,0.0,2940,1912,0.578473,0.82,0.0,0.0,pix
real_001_s001_2026-05-18_22-18-09-416,001,001,2,P002,wikiart_practice/practice_wikiart_002_untitled_abstract_composition_1964.jpg,217,55.255582,1779135544.673201,3.6,186.0,-58.0,0.0,0.0,2940,1912,0.578473,0.82,0.0,0.0,pix
real_001_s001_2026-05-18_22-18-09-416,001,001,2,P002,wikiart_practice/practice_wikiart_002_untitled_abstract_composition_1964.jpg,218,55.272249,1779135544.689867,3.616667,186.0,-58.0,0.0,0.0,2940,1912,0.578473,0.82,0.0,0.0,pix
real_001_s001_2026-05-18_22-18-09-416,001,001,2,P002,wikiart_practice/practice_wikiart_002_untitled_abstract_composition_1964.jpg,219,55.288915,1779135544.706534,3.633333,186.0,-58.0,0.0,0.0,2940,1912,0.578473,0.82,0.0,0.0,pix
real_001_s001_2026-05-18_22-18-09-416,001,001,2,P002,wikiart_practice/practice_wikiart_002_untitled_abstract_composition_1964.jpg,220,55.305582,1779135544.723201,3.65,186.0,-58.0,0.0,0.0,2940,1912,0.578473,0.82,0.0,0.0,pix
real_001_s001_2026-05-18_22-18-09-416,001,001,2,P002,wikiart_practice/practice_wikiart_002_untitled_abstract_composition_1964.jpg,221,55.322249,1779135544.739868,3.666667,186.0,-58.0,0.0,0.0,2940,1912,0.578473,0.82,0.0,0.0,pix
real_001_s001_2026-05-18_22-18-09-416,001,001,2,P002,wikiart_practice/practice_wikiart_002_untitled_abstract_composition_1964.jpg,222,55.338915,1779135544.756534,3.683333,186.0,-58.0,0.0,0.0,2940,1912,0.578473,0.82,0.0,0.0,pix
real_001_s001_2026-05-18_22-18-09-416,001,001,2,P002,wikiart_practice/practice_wikiart_002_untitled_abstract_composition_1964.jpg,223,55.355582,1779135544.773201,3.7,186.0,-58.0,0.0,0.0,2940,1912,0.578473,0.82,0.0,0.0,pix
real_001_s001_2026-05-18_22-18-09-416,001,001,2,P002,wikiart_practice/practice_wikiart_002_untitled_abstract_composition_1964.jpg,224,55.372249,1779135544.789868,3.716667,186.0,-58.0,0.0,0.0,2940,1912,0.578473,0.82,0.0,0.0,pix
real_001_s001_2026-05-18_22-18-09-416,001,001,2,P002,wikiart_practice/practice_wikiart_002_untitled_abstract_composition_1964.jpg,225,55.388915,1779135544.806534,3.733333,186.0,-58.0,0.0,0.0,2940,1912,0.578473,0.82,0.0,0.0,pix
real_001_s001_2026-05-18_22-18-09-416,001,001,2,P002,wikiart_practice/practice_wikiart_002_untitled_abstract_composition_1964.jpg,226,55.405582,1779135544.823201,3.75,186.0,-58.0,0.0,0.0,2940,1912,0.578473,0.82,0.0,0.0,pix
real_001_s001_2026-05-18_22-18-09-416,001,001,2,P002,wikiart_practice/practice_wikiart_002_untitled_abstract_composition_1964.jpg,227,55.422249,1779135544.839868,3.766667,186.0,-58.0,0.0,0.0,2940,1912,0.578473,0.82,0.0,0.0,pix
real_001_s001_2026-05-18_22-18-09-416,001,001,2,P002,wikiart_practice/practice_wikiart_002_untitled_abstract_composition_1964.jpg,228,55.438915,1779135544.856534,3.783333,186.0,-58.0,0.0,0.0,2940,1912,0.578473,0.82,0.0,0.0,pix
real_001_s001_2026-05-18_22-18-09-416,001,001,2,P002,wikiart_practice/practice_wikiart_002_untitled_abstract_composition_1964.jpg,229,55.455582,1779135544.873201,3.8,186.0,-58.0,0.0,0.0,2940,1912,0.578473,0.82,0.0,0.0,pix
real_001_s001_2026-05-18_22-18-09-416,001,001,2,P002,wikiart_practice/practice_wikiart_002_untitled_abstract_composition_1964.jpg,230,55.472249,1779135544.889868,3.816667,186.0,-58.0,0.0,0.0,2940,1912,0.578473,0.82,0.0,0.0,pix
real_001_s001_2026-05-18_22-18-09-416,001,001,2,P002,wikiart_practice/practice_wikiart_002_untitled_abstract_composition_1964.jpg,231,55.488915,1779135544.906534,3.833333,186.0,-58.0,0.0,0.0,2940,1912,0.578473,0.82,0.0,0.0,pix
real_001_s001_2026-05-18_22-18-09-416,001,001,2,P002,wikiart_practice/practice_wikiart_002_untitled_abstract_composition_1964.jpg,232,55.505582,1779135544.923201,3.85,186.0,-58.0,0.0,0.0,2940,1912,0.578473,0.82,0.0,0.0,pix
real_001_s001_2026-05-18_22-18-09-416,001,001,2,P002,wikiart_practice/practice_wikiart_002_untitled_abstract_composition_1964.jpg,233,55.522249,1779135544.939867,3.866667,186.0,-58.0,0.0,0.0,2940,1912,0.578473,0.82,0.0,0.0,pix
real_001_s001_2026-05-18_22-18-09-416,001,001,2,P002,wikiart_practice/practice_wikiart_002_untitled_abstract_composition_1964.jpg,234,55.538915,1779135544.956534,3.883333,186.0,-58.0,0.0,0.0,2940,1912,0.578473,0.82,0.0,0.0,pix
real_001_s001_2026-05-18_22-18-09-416,001,001,2,P002,wikiart_practice/practice_wikiart_002_untitled_abstract_composition_1964.jpg,235,55.555582,1779135544.973201,3.9,186.0,-58.0,0.0,0.0,2940,1912,0.578473,0.82,0.0,0.0,pix
real_001_s001_2026-05-18_22-18-09-416,001,001,2,P002,wikiart_practice/practice_wikiart_002_untitled_abstract_composition_1964.jpg,236,55.572249,1779135544.989868,3.916667,186.0,-58.0,0.0,0.0,2940,1912,0.578473,0.82,0.0,0.0,pix
real_001_s001_2026-05-18_22-18-09-416,001,001,2,P002,wikiart_practice/practice_wikiart_002_untitled_abstract_composition_1964.jpg,237,55.588915,1779135545.006534,3.933333,186.0,-58.0,0.0,0.0,2940,1912,0.578473,0.82,0.0,0.0,pix
real_001_s001_2026-05-18_22-18-09-416,001,001,2,P002,wikiart_practice/practice_wikiart_002_untitled_abstract_composition_1964.jpg,238,55.605582,1779135545.023201,3.95,186.0,-58.0,0.0,0.0,2940,1912,0.578473,0.82,0.0,0.0,pix
real_001_s001_2026-05-18_22-18-09-416,001,001,2,P002,wikiart_practice/practice_wikiart_002_untitled_abstract_composition_1964.jpg,239,55.622249,1779135545.039868,3.966667,186.0,-58.0,0.0,0.0,2940,1912,0.578473,0.82,0.0,0.0,pix
real_001_s001_2026-05-18_22-18-09-416,001,001,2,P002,wikiart_practice/practice_wikiart_002_untitled_abstract_composition_1964.jpg,240,55.638915,1779135545.056534,3.983333,186.0,-58.0,0.0,0.0,2940,1912,0.578473,0.82,0.0,0.0,pix
real_001_s001_2026-05-18_22-18-09-416,001,001,2,P002,wikiart_practice/practice_wikiart_002_untitled_abstract_composition_1964.jpg,241,55.655582,1779135545.073201,4.0,186.0,-58.0,0.0,0.0,2940,1912,0.578473,0.82,0.0,0.0,pix
real_001_s001_2026-05-18_22-18-09-416,001,001,2,P002,wikiart_practice/practice_wikiart_002_untitled_abstract_composition_1964.jpg,242,55.672249,1779135545.089868,4.016667,186.0,-58.0,0.0,0.0,2940,1912,0.578473,0.82,0.0,0.0,pix
real_001_s001_2026-05-18_22-18-09-416,001,001,2,P002,wikiart_practice/practice_wikiart_002_untitled_abstract_composition_1964.jpg,243,55.688915,1779135545.106534,4.033333,186.0,-58.0,0.0,0.0,2940,1912,0.578473,0.82,0.0,0.0,pix
real_001_s001_2026-05-18_22-18-09-416,001,001,2,P002,wikiart_practice/practice_wikiart_002_untitled_abstract_composition_1964.jpg,244,55.705582,1779135545.123201,4.05,186.0,-58.0,0.0,0.0,2940,1912,0.578473,0.82,0.0,0.0,pix
real_001_s001_2026-05-18_22-18-09-416,001,001,2,P002,wikiart_practice/practice_wikiart_002_untitled_abstract_composition_1964.jpg,245,55.722249,1779135545.139868,4.066667,186.0,-58.0,0.0,0.0,2940,1912,0.578473,0.82,0.0,0.0,pix
real_001_s001_2026-05-18_22-18-09-416,001,001,2,P002,wikiart_practice/practice_wikiart_002_untitled_abstract_composition_1964.jpg,246,55.738915,1779135545.156534,4.083333,186.0,-58.0,0.0,0.0,2940,1912,0.578473,0.82,0.0,0.0,pix
real_001_s001_2026-05-18_22-18-09-416,001,001,2,P002,wikiart_practice/practice_wikiart_002_untitled_abstract_composition_1964.jpg,247,55.755582,1779135545.173201,4.1,186.0,-58.0,0.0,0.0,2940,1912,0.578473,0.82,0.0,0.0,pix
real_001_s001_2026-05-18_22-18-09-416,001,001,2,P002,wikiart_practice/practice_wikiart_002_untitled_abstract_composition_1964.jpg,248,55.772249,1779135545.189867,4.116667,186.0,-58.0,0.0,0.0,2940,1912,0.578473,0.82,0.0,0.0,pix
real_001_s001_2026-05-18_22-18-09-416,001,001,2,P002,wikiart_practice/practice_wikiart_002_untitled_abstract_composition_1964.jpg,249,55.788915,1779135545.206534,4.133333,186.0,-58.0,0.0,0.0,2940,1912,0.578473,0.82,0.0,0.0,pix
real_001_s001_2026-05-18_22-18-09-416,001,001,2,P002,wikiart_practice/practice_wikiart_002_untitled_abstract_composition_1964.jpg,250,55.805582,1779135545.223201,4.15,186.0,-58.0,0.0,0.0,2940,1912,0.578473,0.82,0.0,0.0,pix
real_001_s001_2026-05-18_22-18-09-416,001,001,2,P002,wikiart_practice/practice_wikiart_002_untitled_abstract_composition_1964.jpg,251,55.822249,1779135545.239868,4.166667,186.0,-58.0,0.0,0.0,2940,1912,0.578473,0.82,0.0,0.0,pix
real_001_s001_2026-05-18_22-18-09-416,001,001,2,P002,wikiart_practice/practice_wikiart_002_untitled_abstract_composition_1964.jpg,252,55.838915,1779135545.256534,4.183333,186.0,-58.0,0.0,0.0,2940,1912,0.578473,0.82,0.0,0.0,pix
real_001_s001_2026-05-18_22-18-09-416,001,001,2,P002,wikiart_practice/practice_wikiart_002_untitled_abstract_composition_1964.jpg,253,55.855582,1779135545.273201,4.2,186.0,-58.0,0.0,0.0,2940,1912,0.578473,0.82,0.0,0.0,pix
real_001_s001_2026-05-18_22-18-09-416,001,001,2,P002,wikiart_practice/practice_wikiart_002_untitled_abstract_composition_1964.jpg,254,55.872249,1779135545.289868,4.216667,186.0,-58.0,0.0,0.0,2940,1912,0.578473,0.82,0.0,0.0,pix
real_001_s001_2026-05-18_22-18-09-416,001,001,2,P002,wikiart_practice/practice_wikiart_002_untitled_abstract_composition_1964.jpg,255,55.888915,1779135545.306534,4.233333,186.0,-58.0,0.0,0.0,2940,1912,0.578473,0.82,0.0,0.0,pix
real_001_s001_2026-05-18_22-18-09-416,001,001,2,P002,wikiart_practice/practice_wikiart_002_untitled_abstract_composition_1964.jpg,256,55.905582,1779135545.323201,4.25,186.0,-58.0,0.0,0.0,2940,1912,0.578473,0.82,0.0,0.0,pix
real_001_s001_2026-05-18_22-18-09-416,001,001,2,P002,wikiart_practice/practice_wikiart_002_untitled_abstract_composition_1964.jpg,257,55.922249,1779135545.339868,4.266667,186.0,-58.0,0.0,0.0,2940,1912,0.578473,0.82,0.0,0.0,pix
real_001_s001_2026-05-18_22-18-09-416,001,001,2,P002,wikiart_practice/practice_wikiart_002_untitled_abstract_composition_1964.jpg,258,55.938915,1779135545.356534,4.283333,186.0,-58.0,0.0,0.0,2940,1912,0.578473,0.82,0.0,0.0,pix
real_001_s001_2026-05-18_22-18-09-416,001,001,2,P002,wikiart_practice/practice_wikiart_002_untitled_abstract_composition_1964.jpg,259,55.955582,1779135545.373201,4.3,186.0,-58.0,0.0,0.0,2940,1912,0.578473,0.82,0.0,0.0,pix
real_001_s001_2026-05-18_22-18-09-416,001,001,2,P002,wikiart_practice/practice_wikiart_002_untitled_abstract_composition_1964.jpg,260,55.972249,1779135545.389868,4.316667,186.0,-58.0,0.0,0.0,2940,1912,0.578473,0.82,0.0,0.0,pix
real_001_s001_2026-05-18_22-18-09-416,001,001,2,P002,wikiart_practice/practice_wikiart_002_untitled_abstract_composition_1964.jpg,261,55.988915,1779135545.406534,4.333333,186.0,-58.0,0.0,0.0,2940,1912,0.578473,0.82,0.0,0.0,pix
real_001_s001_2026-05-18_22-18-09-416,001,001,2,P002,wikiart_practice/practice_wikiart_002_untitled_abstract_composition_1964.jpg,262,56.005582,1779135545.423201,4.35,186.0,-58.0,0.0,0.0,2940,1912,0.578473,0.82,0.0,0.0,pix
real_001_s001_2026-05-18_22-18-09-416,001,001,2,P002,wikiart_practice/practice_wikiart_002_untitled_abstract_composition_1964.jpg,263,56.022249,1779135545.439867,4.366667,186.0,-58.0,0.0,0.0,2940,1912,0.578473,0.82,0.0,0.0,pix
real_001_s001_2026-05-18_22-18-09-416,001,001,2,P002,wikiart_practice/practice_wikiart_002_untitled_abstract_composition_1964.jpg,264,56.038915,1779135545.456534,4.383333,186.0,-58.0,0.0,0.0,2940,1912,0.578473,0.82,0.0,0.0,pix
real_001_s001_2026-05-18_22-18-09-416,001,001,2,P002,wikiart_practice/practice_wikiart_002_untitled_abstract_composition_1964.jpg,265,56.055582,1779135545.473201,4.4,186.0,-58.0,0.0,0.0,2940,1912,0.578473,0.82,0.0,0.0,pix
real_001_s001_2026-05-18_22-18-09-416,001,001,2,P002,wikiart_practice/practice_wikiart_002_untitled_abstract_composition_1964.jpg,266,56.072249,1779135545.489868,4.416667,186.0,-58.0,0.0,0.0,2940,1912,0.578473,0.82,0.0,0.0,pix
real_001_s001_2026-05-18_22-18-09-416,001,001,2,P002,wikiart_practice/practice_wikiart_002_untitled_abstract_composition_1964.jpg,267,56.088915,1779135545.506534,4.433333,186.0,-58.0,0.0,0.0,2940,1912,0.578473,0.82,0.0,0.0,pix
real_001_s001_2026-05-18_22-18-09-416,001,001,2,P002,wikiart_practice/practice_wikiart_002_untitled_abstract_composition_1964.jpg,268,56.105582,1779135545.523201,4.45,186.0,-58.0,0.0,0.0,2940,1912,0.578473,0.82,0.0,0.0,pix
real_001_s001_2026-05-18_22-18-09-416,001,001,2,P002,wikiart_practice/practice_wikiart_002_untitled_abstract_composition_1964.jpg,269,56.122249,1779135545.539868,4.466667,186.0,-58.0,0.0,0.0,2940,1912,0.578473,0.82,0.0,0.0,pix
real_001_s001_2026-05-18_22-18-09-416,001,001,2,P002,wikiart_practice/practice_wikiart_002_untitled_abstract_composition_1964.jpg,270,56.138915,1779135545.556534,4.483333,186.0,-58.0,0.0,0.0,2940,1912,0.578473,0.82,0.0,0.0,pix
real_001_s001_2026-05-18_22-18-09-416,001,001,2,P002,wikiart_practice/practice_wikiart_002_untitled_abstract_composition_1964.jpg,271,56.155582,1779135545.573201,4.5,186.0,-58.0,0.0,0.0,2940,1912,0.578473,0.82,0.0,0.0,pix
real_001_s001_2026-05-18_22-18-09-416,001,001,2,P002,wikiart_practice/practice_wikiart_002_untitled_abstract_composition_1964.jpg,272,56.172249,1779135545.589868,4.516667,186.0,-58.0,0.0,0.0,2940,1912,0.578473,0.82,0.0,0.0,pix
real_001_s001_2026-05-18_22-18-09-416,001,001,2,P002,wikiart_practice/practice_wikiart_002_untitled_abstract_composition_1964.jpg,273,56.188915,1779135545.606534,4.533333,186.0,-58.0,0.0,0.0,2940,1912,0.578473,0.82,0.0,0.0,pix
real_001_s001_2026-05-18_22-18-09-416,001,001,2,P002,wikiart_practice/practice_wikiart_002_untitled_abstract_composition_1964.jpg,274,56.205582,1779135545.623201,4.55,186.0,-58.0,0.0,0.0,2940,1912,0.578473,0.82,0.0,0.0,pix
real_001_s001_2026-05-18_22-18-09-416,001,001,2,P002,wikiart_practice/practice_wikiart_002_untitled_abstract_composition_1964.jpg,275,56.222249,1779135545.639868,4.566667,186.0,-58.0,0.0,0.0,2940,1912,0.578473,0.82,0.0,0.0,pix
real_001_s001_2026-05-18_22-18-09-416,001,001,2,P002,wikiart_practice/practice_wikiart_002_untitled_abstract_composition_1964.jpg,276,56.238915,1779135545.656534,4.583333,186.0,-58.0,0.0,0.0,2940,1912,0.578473,0.82,0.0,0.0,pix
real_001_s001_2026-05-18_22-18-09-416,001,001,2,P002,wikiart_practice/practice_wikiart_002_untitled_abstract_composition_1964.jpg,277,56.255582,1779135545.673201,4.6,186.0,-58.0,0.0,0.0,2940,1912,0.578473,0.82,0.0,0.0,pix
real_001_s001_2026-05-18_22-18-09-416,001,001,2,P002,wikiart_practice/practice_wikiart_002_untitled_abstract_composition_1964.jpg,278,56.272249,1779135545.689867,4.616667,186.0,-58.0,0.0,0.0,2940,1912,0.578473,0.82,0.0,0.0,pix
real_001_s001_2026-05-18_22-18-09-416,001,001,2,P002,wikiart_practice/practice_wikiart_002_untitled_abstract_composition_1964.jpg,279,56.288915,1779135545.706534,4.633333,186.0,-58.0,0.0,0.0,2940,1912,0.578473,0.82,0.0,0.0,pix
real_001_s001_2026-05-18_22-18-09-416,001,001,2,P002,wikiart_practice/practice_wikiart_002_untitled_abstract_composition_1964.jpg,280,56.305582,1779135545.723201,4.65,186.0,-58.0,0.0,0.0,2940,1912,0.578473,0.82,0.0,0.0,pix
real_001_s001_2026-05-18_22-18-09-416,001,001,2,P002,wikiart_practice/practice_wikiart_002_untitled_abstract_composition_1964.jpg,281,56.322249,1779135545.739868,4.666667,186.0,-58.0,0.0,0.0,2940,1912,0.578473,0.82,0.0,0.0,pix
real_001_s001_2026-05-18_22-18-09-416,001,001,2,P002,wikiart_practice/practice_wikiart_002_untitled_abstract_composition_1964.jpg,282,56.338915,1779135545.756534,4.683333,186.0,-58.0,0.0,0.0,2940,1912,0.578473,0.82,0.0,0.0,pix
real_001_s001_2026-05-18_22-18-09-416,001,001,2,P002,wikiart_practice/practice_wikiart_002_untitled_abstract_composition_1964.jpg,283,56.355582,1779135545.773201,4.7,186.0,-58.0,0.0,0.0,2940,1912,0.578473,0.82,0.0,0.0,pix
real_001_s001_2026-05-18_22-18-09-416,001,001,2,P002,wikiart_practice/practice_wikiart_002_untitled_abstract_composition_1964.jpg,284,56.372249,1779135545.789868,4.716667,186.0,-58.0,0.0,0.0,2940,1912,0.578473,0.82,0.0,0.0,pix
real_001_s001_2026-05-18_22-18-09-416,001,001,2,P002,wikiart_practice/practice_wikiart_002_untitled_abstract_composition_1964.jpg,285,56.388915,1779135545.806534,4.733333,186.0,-58.0,0.0,0.0,2940,1912,0.578473,0.82,0.0,0.0,pix
real_001_s001_2026-05-18_22-18-09-416,001,001,2,P002,wikiart_practice/practice_wikiart_002_untitled_abstract_composition_1964.jpg,286,56.405582,1779135545.823201,4.75,186.0,-58.0,0.0,0.0,2940,1912,0.578473,0.82,0.0,0.0,pix
real_001_s001_2026-05-18_22-18-09-416,001,001,2,P002,wikiart_practice/practice_wikiart_002_untitled_abstract_composition_1964.jpg,287,56.422249,1779135545.839868,4.766667,186.0,-58.0,0.0,0.0,2940,1912,0.578473,0.82,0.0,0.0,pix
real_001_s001_2026-05-18_22-18-09-416,001,001,2,P002,wikiart_practice/practice_wikiart_002_untitled_abstract_composition_1964.jpg,288,56.438915,1779135545.856534,4.783333,186.0,-58.0,0.0,0.0,2940,1912,0.578473,0.82,0.0,0.0,pix
real_001_s001_2026-05-18_22-18-09-416,001,001,2,P002,wikiart_practice/practice_wikiart_002_untitled_abstract_composition_1964.jpg,289,56.455582,1779135545.873201,4.8,186.0,-58.0,0.0,0.0,2940,1912,0.578473,0.82,0.0,0.0,pix
real_001_s001_2026-05-18_22-18-09-416,001,001,2,P002,wikiart_practice/practice_wikiart_002_untitled_abstract_composition_1964.jpg,290,56.472249,1779135545.889868,4.816667,186.0,-58.0,0.0,0.0,2940,1912,0.578473,0.82,0.0,0.0,pix
real_001_s001_2026-05-18_22-18-09-416,001,001,2,P002,wikiart_practice/practice_wikiart_002_untitled_abstract_composition_1964.jpg,291,56.488915,1779135545.906534,4.833333,186.0,-58.0,0.0,0.0,2940,1912,0.578473,0.82,0.0,0.0,pix
real_001_s001_2026-05-18_22-18-09-416,001,001,2,P002,wikiart_practice/practice_wikiart_002_untitled_abstract_composition_1964.jpg,292,56.505582,1779135545.923201,4.85,186.0,-58.0,0.0,0.0,2940,1912,0.578473,0.82,0.0,0.0,pix
real_001_s001_2026-05-18_22-18-09-416,001,001,2,P002,wikiart_practice/practice_wikiart_002_untitled_abstract_composition_1964.jpg,293,56.522249,1779135545.939867,4.866667,186.0,-58.0,0.0,0.0,2940,1912,0.578473,0.82,0.0,0.0,pix
real_001_s001_2026-05-18_22-18-09-416,001,001,2,P002,wikiart_practice/practice_wikiart_002_untitled_abstract_composition_1964.jpg,294,56.538915,1779135545.956534,4.883333,186.0,-58.0,0.0,0.0,2940,1912,0.578473,0.82,0.0,0.0,pix
real_001_s001_2026-05-18_22-18-09-416,001,001,2,P002,wikiart_practice/practice_wikiart_002_untitled_abstract_composition_1964.jpg,295,56.555582,1779135545.973201,4.9,186.0,-58.0,0.0,0.0,2940,1912,0.578473,0.82,0.0,0.0,pix
real_001_s001_2026-05-18_22-18-09-416,001,001,2,P002,wikiart_practice/practice_wikiart_002_untitled_abstract_composition_1964.jpg,296,56.572249,1779135545.989868,4.916667,186.0,-58.0,0.0,0.0,2940,1912,0.578473,0.82,0.0,0.0,pix
real_001_s001_2026-05-18_22-18-09-416,001,001,2,P002,wikiart_practice/practice_wikiart_002_untitled_abstract_composition_1964.jpg,297,56.588915,1779135546.006534,4.933333,186.0,-58.0,0.0,0.0,2940,1912,0.578473,0.82,0.0,0.0,pix
real_001_s001_2026-05-18_22-18-09-416,001,001,2,P002,wikiart_practice/practice_wikiart_002_untitled_abstract_composition_1964.jpg,298,56.605582,1779135546.023201,4.95,186.0,-58.0,0.0,0.0,2940,1912,0.578473,0.82,0.0,0.0,pix
real_001_s001_2026-05-18_22-18-09-416,001,001,2,P002,wikiart_practice/practice_wikiart_002_untitled_abstract_composition_1964.jpg,299,56.622249,1779135546.039868,4.966667,186.0,-58.0,0.0,0.0,2940,1912,0.578473,0.82,0.0,0.0,pix
real_001_s001_2026-05-18_22-18-09-416,001,001,2,P002,wikiart_practice/practice_wikiart_002_untitled_abstract_composition_1964.jpg,300,56.638915,1779135546.056534,4.983333,186.0,-58.0,0.0,0.0,2940,1912,0.578473,0.82,0.0,0.0,pix
real_001_s001_2026-05-18_22-18-09-416,001,001,2,P002,wikiart_practice/practice_wikiart_002_untitled_abstract_composition_1964.jpg,301,56.655582,1779135546.073201,5.0,186.0,-58.0,0.0,0.0,2940,1912,0.578473,0.82,0.0,0.0,pix
real_001_s001_2026-05-18_22-18-09-416,001,001,2,P002,wikiart_practice/practice_wikiart_002_untitled_abstract_composition_1964.jpg,302,56.672249,1779135546.089868,5.016667,186.0,-58.0,0.0,0.0,2940,1912,0.578473,0.82,0.0,0.0,pix
real_001_s001_2026-05-18_22-18-09-416,001,001,2,P002,wikiart_practice/practice_wikiart_002_untitled_abstract_composition_1964.jpg,303,56.688915,1779135546.106534,5.033333,186.0,-58.0,0.0,0.0,2940,1912,0.578473,0.82,0.0,0.0,pix
real_001_s001_2026-05-18_22-18-09-416,001,001,2,P002,wikiart_practice/practice_wikiart_002_untitled_abstract_composition_1964.jpg,304,56.705582,1779135546.123201,5.05,186.0,-58.0,0.0,0.0,2940,1912,0.578473,0.82,0.0,0.0,pix
real_001_s001_2026-05-18_22-18-09-416,001,001,2,P002,wikiart_practice/practice_wikiart_002_untitled_abstract_composition_1964.jpg,305,56.722249,1779135546.139868,5.066667,186.0,-58.0,0.0,0.0,2940,1912,0.578473,0.82,0.0,0.0,pix
real_001_s001_2026-05-18_22-18-09-416,001,001,2,P002,wikiart_practice/practice_wikiart_002_untitled_abstract_composition_1964.jpg,306,56.738915,1779135546.156534,5.083333,186.0,-58.0,0.0,0.0,2940,1912,0.578473,0.82,0.0,0.0,pix
real_001_s001_2026-05-18_22-18-09-416,001,001,2,P002,wikiart_practice/practice_wikiart_002_untitled_abstract_composition_1964.jpg,307,56.755582,1779135546.173201,5.1,186.0,-58.0,0.0,0.0,2940,1912,0.578473,0.82,0.0,0.0,pix
real_001_s001_2026-05-18_22-18-09-416,001,001,2,P002,wikiart_practice/practice_wikiart_002_untitled_abstract_composition_1964.jpg,308,56.772249,1779135546.189867,5.116667,186.0,-58.0,0.0,0.0,2940,1912,0.578473,0.82,0.0,0.0,pix
real_001_s001_2026-05-18_22-18-09-416,001,001,2,P002,wikiart_practice/practice_wikiart_002_untitled_abstract_composition_1964.jpg,309,56.788915,1779135546.206534,5.133333,186.0,-58.0,0.0,0.0,2940,1912,0.578473,0.82,0.0,0.0,pix
real_001_s001_2026-05-18_22-18-09-416,001,001,2,P002,wikiart_practice/practice_wikiart_002_untitled_abstract_composition_1964.jpg,310,56.805582,1779135546.223201,5.15,186.0,-58.0,0.0,0.0,2940,1912,0.578473,0.82,0.0,0.0,pix
real_001_s001_2026-05-18_22-18-09-416,001,001,2,P002,wikiart_practice/practice_wikiart_002_untitled_abstract_composition_1964.jpg,311,56.822249,1779135546.239868,5.166667,186.0,-58.0,0.0,0.0,2940,1912,0.578473,0.82,0.0,0.0,pix
real_001_s001_2026-05-18_22-18-09-416,001,001,2,P002,wikiart_practice/practice_wikiart_002_untitled_abstract_composition_1964.jpg,312,56.838915,1779135546.256534,5.183333,186.0,-58.0,0.0,0.0,2940,1912,0.578473,0.82,0.0,0.0,pix
real_001_s001_2026-05-18_22-18-09-416,001,001,2,P002,wikiart_practice/practice_wikiart_002_untitled_abstract_composition_1964.jpg,313,56.855582,1779135546.273201,5.2,186.0,-58.0,0.0,0.0,2940,1912,0.578473,0.82,0.0,0.0,pix
real_001_s001_2026-05-18_22-18-09-416,001,001,2,P002,wikiart_practice/practice_wikiart_002_untitled_abstract_composition_1964.jpg,314,56.872249,1779135546.289868,5.216667,186.0,-58.0,0.0,0.0,2940,1912,0.578473,0.82,0.0,0.0,pix
real_001_s001_2026-05-18_22-18-09-416,001,001,2,P002,wikiart_practice/practice_wikiart_002_untitled_abstract_composition_1964.jpg,315,56.888915,1779135546.306534,5.233333,186.0,-58.0,0.0,0.0,2940,1912,0.578473,0.82,0.0,0.0,pix
real_001_s001_2026-05-18_22-18-09-416,001,001,2,P002,wikiart_practice/practice_wikiart_002_untitled_abstract_composition_1964.jpg,316,56.905582,1779135546.323201,5.25,186.0,-58.0,0.0,0.0,2940,1912,0.578473,0.82,0.0,0.0,pix
real_001_s001_2026-05-18_22-18-09-416,001,001,2,P002,wikiart_practice/practice_wikiart_002_untitled_abstract_composition_1964.jpg,317,56.922249,1779135546.339868,5.266667,186.0,-58.0,0.0,0.0,2940,1912,0.578473,0.82,0.0,0.0,pix
real_001_s001_2026-05-18_22-18-09-416,001,001,2,P002,wikiart_practice/practice_wikiart_002_untitled_abstract_composition_1964.jpg,318,56.938915,1779135546.356534,5.283333,186.0,-58.0,0.0,0.0,2940,1912,0.578473,0.82,0.0,0.0,pix
real_001_s001_2026-05-18_22-18-09-416,001,001,2,P002,wikiart_practice/practice_wikiart_002_untitled_abstract_composition_1964.jpg,319,56.955582,1779135546.373201,5.3,186.0,-58.0,0.0,0.0,2940,1912,0.578473,0.82,0.0,0.0,pix
real_001_s001_2026-05-18_22-18-09-416,001,001,2,P002,wikiart_practice/practice_wikiart_002_untitled_abstract_composition_1964.jpg,320,56.972249,1779135546.389868,5.316667,186.0,-58.0,0.0,0.0,2940,1912,0.578473,0.82,0.0,0.0,pix
real_001_s001_2026-05-18_22-18-09-416,001,001,2,P002,wikiart_practice/practice_wikiart_002_untitled_abstract_composition_1964.jpg,321,56.988915,1779135546.406534,5.333333,186.0,-58.0,0.0,0.0,2940,1912,0.578473,0.82,0.0,0.0,pix
real_001_s001_2026-05-18_22-18-09-416,001,001,2,P002,wikiart_practice/practice_wikiart_002_untitled_abstract_composition_1964.jpg,322,57.005582,1779135546.423201,5.35,186.0,-58.0,0.0,0.0,2940,1912,0.578473,0.82,0.0,0.0,pix
real_001_s001_2026-05-18_22-18-09-416,001,001,2,P002,wikiart_practice/practice_wikiart_002_untitled_abstract_composition_1964.jpg,323,57.022249,1779135546.439867,5.366667,186.0,-58.0,0.0,0.0,2940,1912,0.578473,0.82,0.0,0.0,pix
real_001_s001_2026-05-18_22-18-09-416,001,001,2,P002,wikiart_practice/practice_wikiart_002_untitled_abstract_composition_1964.jpg,324,57.038915,1779135546.456534,5.383333,186.0,-58.0,0.0,0.0,2940,1912,0.578473,0.82,0.0,0.0,pix
real_001_s001_2026-05-18_22-18-09-416,001,001,2,P002,wikiart_practice/practice_wikiart_002_untitled_abstract_composition_1964.jpg,325,57.055582,1779135546.473201,5.4,186.0,-58.0,0.0,0.0,2940,1912,0.578473,0.82,0.0,0.0,pix
real_001_s001_2026-05-18_22-18-09-416,001,001,2,P002,wikiart_practice/practice_wikiart_002_untitled_abstract_composition_1964.jpg,326,57.072249,1779135546.489868,5.416667,186.0,-58.0,0.0,0.0,2940,1912,0.578473,0.82,0.0,0.0,pix
real_001_s001_2026-05-18_22-18-09-416,001,001,2,P002,wikiart_practice/practice_wikiart_002_untitled_abstract_composition_1964.jpg,327,57.088915,1779135546.506534,5.433333,186.0,-58.0,0.0,0.0,2940,1912,0.578473,0.82,0.0,0.0,pix
real_001_s001_2026-05-18_22-18-09-416,001,001,2,P002,wikiart_practice/practice_wikiart_002_untitled_abstract_composition_1964.jpg,328,57.105582,1779135546.523201,5.45,186.0,-58.0,0.0,0.0,2940,1912,0.578473,0.82,0.0,0.0,pix
real_001_s001_2026-05-18_22-18-09-416,001,001,2,P002,wikiart_practice/practice_wikiart_002_untitled_abstract_composition_1964.jpg,329,57.122249,1779135546.539868,5.466667,186.0,-58.0,0.0,0.0,2940,1912,0.578473,0.82,0.0,0.0,pix
real_001_s001_2026-05-18_22-18-09-416,001,001,2,P002,wikiart_practice/practice_wikiart_002_untitled_abstract_composition_1964.jpg,330,57.138915,1779135546.556534,5.483333,186.0,-58.0,0.0,0.0,2940,1912,0.578473,0.82,0.0,0.0,pix
real_001_s001_2026-05-18_22-18-09-416,001,001,2,P002,wikiart_practice/practice_wikiart_002_untitled_abstract_composition_1964.jpg,331,57.155582,1779135546.573201,5.5,186.0,-58.0,0.0,0.0,2940,1912,0.578473,0.82,0.0,0.0,pix
real_001_s001_2026-05-18_22-18-09-416,001,001,2,P002,wikiart_practice/practice_wikiart_002_untitled_abstract_composition_1964.jpg,332,57.172249,1779135546.589868,5.516667,186.0,-58.0,0.0,0.0,2940,1912,0.578473,0.82,0.0,0.0,pix
real_001_s001_2026-05-18_22-18-09-416,001,001,2,P002,wikiart_practice/practice_wikiart_002_untitled_abstract_composition_1964.jpg,333,57.188915,1779135546.606534,5.533333,186.0,-58.0,0.0,0.0,2940,1912,0.578473,0.82,0.0,0.0,pix
real_001_s001_2026-05-18_22-18-09-416,001,001,2,P002,wikiart_practice/practice_wikiart_002_untitled_abstract_composition_1964.jpg,334,57.205582,1779135546.623201,5.55,186.0,-58.0,0.0,0.0,2940,1912,0.578473,0.82,0.0,0.0,pix
real_001_s001_2026-05-18_22-18-09-416,001,001,2,P002,wikiart_practice/practice_wikiart_002_untitled_abstract_composition_1964.jpg,335,57.222249,1779135546.639868,5.566667,186.0,-58.0,0.0,0.0,2940,1912,0.578473,0.82,0.0,0.0,pix
real_001_s001_2026-05-18_22-18-09-416,001,001,2,P002,wikiart_practice/practice_wikiart_002_untitled_abstract_composition_1964.jpg,336,57.238915,1779135546.656534,5.583333,186.0,-58.0,0.0,0.0,2940,1912,0.578473,0.82,0.0,0.0,pix
real_001_s001_2026-05-18_22-18-09-416,001,001,2,P002,wikiart_practice/practice_wikiart_002_untitled_abstract_composition_1964.jpg,337,57.255582,1779135546.673201,5.6,186.0,-58.0,0.0,0.0,2940,1912,0.578473,0.82,0.0,0.0,pix
real_001_s001_2026-05-18_22-18-09-416,001,001,2,P002,wikiart_practice/practice_wikiart_002_untitled_abstract_composition_1964.jpg,338,57.272249,1779135546.689867,5.616667,186.0,-58.0,0.0,0.0,2940,1912,0.578473,0.82,0.0,0.0,pix
real_001_s001_2026-05-18_22-18-09-416,001,001,2,P002,wikiart_practice/practice_wikiart_002_untitled_abstract_composition_1964.jpg,339,57.288915,1779135546.706534,5.633333,186.0,-58.0,0.0,0.0,2940,1912,0.578473,0.82,0.0,0.0,pix
real_001_s001_2026-05-18_22-18-09-416,001,001,2,P002,wikiart_practice/practice_wikiart_002_untitled_abstract_composition_1964.jpg,340,57.305582,1779135546.723201,5.65,186.0,-58.0,0.0,0.0,2940,1912,0.578473,0.82,0.0,0.0,pix
real_001_s001_2026-05-18_22-18-09-416,001,001,2,P002,wikiart_practice/practice_wikiart_002_untitled_abstract_composition_1964.jpg,341,57.322249,1779135546.739868,5.666667,186.0,-58.0,0.0,0.0,2940,1912,0.578473,0.82,0.0,0.0,pix
real_001_s001_2026-05-18_22-18-09-416,001,001,2,P002,wikiart_practice/practice_wikiart_002_untitled_abstract_composition_1964.jpg,342,57.338915,1779135546.756534,5.683333,186.0,-58.0,0.0,0.0,2940,1912,0.578473,0.82,0.0,0.0,pix
real_001_s001_2026-05-18_22-18-09-416,001,001,2,P002,wikiart_practice/practice_wikiart_002_untitled_abstract_composition_1964.jpg,343,57.355582,1779135546.773201,5.7,186.0,-58.0,0.0,0.0,2940,1912,0.578473,0.82,0.0,0.0,pix
real_001_s001_2026-05-18_22-18-09-416,001,001,2,P002,wikiart_practice/practice_wikiart_002_untitled_abstract_composition_1964.jpg,344,57.372249,1779135546.789868,5.716667,186.0,-58.0,0.0,0.0,2940,1912,0.578473,0.82,0.0,0.0,pix
real_001_s001_2026-05-18_22-18-09-416,001,001,2,P002,wikiart_practice/practice_wikiart_002_untitled_abstract_composition_1964.jpg,345,57.388915,1779135546.806534,5.733333,186.0,-58.0,0.0,0.0,2940,1912,0.578473,0.82,0.0,0.0,pix
real_001_s001_2026-05-18_22-18-09-416,001,001,2,P002,wikiart_practice/practice_wikiart_002_untitled_abstract_composition_1964.jpg,346,57.405582,1779135546.823201,5.75,186.0,-58.0,0.0,0.0,2940,1912,0.578473,0.82,0.0,0.0,pix
real_001_s001_2026-05-18_22-18-09-416,001,001,2,P002,wikiart_practice/practice_wikiart_002_untitled_abstract_composition_1964.jpg,347,57.422249,1779135546.839868,5.766667,186.0,-58.0,0.0,0.0,2940,1912,0.578473,0.82,0.0,0.0,pix
real_001_s001_2026-05-18_22-18-09-416,001,001,2,P002,wikiart_practice/practice_wikiart_002_untitled_abstract_composition_1964.jpg,348,57.438915,1779135546.856534,5.783333,186.0,-58.0,0.0,0.0,2940,1912,0.578473,0.82,0.0,0.0,pix
real_001_s001_2026-05-18_22-18-09-416,001,001,2,P002,wikiart_practice/practice_wikiart_002_untitled_abstract_composition_1964.jpg,349,57.455582,1779135546.873201,5.8,186.0,-58.0,0.0,0.0,2940,1912,0.578473,0.82,0.0,0.0,pix
real_001_s001_2026-05-18_22-18-09-416,001,001,2,P002,wikiart_practice/practice_wikiart_002_untitled_abstract_composition_1964.jpg,350,57.472249,1779135546.889868,5.816667,186.0,-58.0,0.0,0.0,2940,1912,0.578473,0.82,0.0,0.0,pix
real_001_s001_2026-05-18_22-18-09-416,001,001,2,P002,wikiart_practice/practice_wikiart_002_untitled_abstract_composition_1964.jpg,351,57.488915,1779135546.906534,5.833333,186.0,-58.0,0.0,0.0,2940,1912,0.578473,0.82,0.0,0.0,pix
real_001_s001_2026-05-18_22-18-09-416,001,001,2,P002,wikiart_practice/practice_wikiart_002_untitled_abstract_composition_1964.jpg,352,57.505582,1779135546.923201,5.85,186.0,-58.0,0.0,0.0,2940,1912,0.578473,0.82,0.0,0.0,pix
real_001_s001_2026-05-18_22-18-09-416,001,001,2,P002,wikiart_practice/practice_wikiart_002_untitled_abstract_composition_1964.jpg,353,57.522249,1779135546.939867,5.866667,186.0,-58.0,0.0,0.0,2940,1912,0.578473,0.82,0.0,0.0,pix
real_001_s001_2026-05-18_22-18-09-416,001,001,2,P002,wikiart_practice/practice_wikiart_002_untitled_abstract_composition_1964.jpg,354,57.538915,1779135546.956534,5.883333,186.0,-58.0,0.0,0.0,2940,1912,0.578473,0.82,0.0,0.0,pix
real_001_s001_2026-05-18_22-18-09-416,001,001,2,P002,wikiart_practice/practice_wikiart_002_untitled_abstract_composition_1964.jpg,355,57.555582,1779135546.973201,5.9,186.0,-58.0,0.0,0.0,2940,1912,0.578473,0.82,0.0,0.0,pix
real_001_s001_2026-05-18_22-18-09-416,001,001,2,P002,wikiart_practice/practice_wikiart_002_untitled_abstract_composition_1964.jpg,356,57.572249,1779135546.989868,5.916667,186.0,-58.0,0.0,0.0,2940,1912,0.578473,0.82,0.0,0.0,pix
real_001_s001_2026-05-18_22-18-09-416,001,001,2,P002,wikiart_practice/practice_wikiart_002_untitled_abstract_composition_1964.jpg,357,57.588915,1779135547.006534,5.933333,186.0,-58.0,0.0,0.0,2940,1912,0.578473,0.82,0.0,0.0,pix
real_001_s001_2026-05-18_22-18-09-416,001,001,2,P002,wikiart_practice/practice_wikiart_002_untitled_abstract_composition_1964.jpg,358,57.605582,1779135547.023201,5.95,186.0,-58.0,0.0,0.0,2940,1912,0.578473,0.82,0.0,0.0,pix
real_001_s001_2026-05-18_22-18-09-416,001,001,2,P002,wikiart_practice/practice_wikiart_002_untitled_abstract_composition_1964.jpg,359,57.622249,1779135547.039868,5.966667,186.0,-58.0,0.0,0.0,2940,1912,0.578473,0.82,0.0,0.0,pix
real_001_s001_2026-05-18_22-18-09-416,001,001,2,P002,wikiart_practice/practice_wikiart_002_untitled_abstract_composition_1964.jpg,360,57.638915,1779135547.056534,5.983333,186.0,-58.0,0.0,0.0,2940,1912,0.578473,0.82,0.0,0.0,pix
real_001_s001_2026-05-18_22-18-09-416,001,001,2,P002,wikiart_practice/practice_wikiart_002_untitled_abstract_composition_1964.jpg,361,57.655582,1779135547.073201,6.0,186.0,-58.0,0.0,0.0,2940,1912,0.578473,0.82,0.0,0.0,pix
real_001_s001_2026-05-18_22-18-09-416,001,001,2,P002,wikiart_practice/practice_wikiart_002_untitled_abstract_composition_1964.jpg,362,57.672249,1779135547.089868,6.016667,186.0,-58.0,0.0,0.0,2940,1912,0.578473,0.82,0.0,0.0,pix
real_001_s001_2026-05-18_22-18-09-416,001,001,2,P002,wikiart_practice/practice_wikiart_002_untitled_abstract_composition_1964.jpg,363,57.688915,1779135547.106534,6.033333,186.0,-58.0,0.0,0.0,2940,1912,0.578473,0.82,0.0,0.0,pix
real_001_s001_2026-05-18_22-18-09-416,001,001,2,P002,wikiart_practice/practice_wikiart_002_untitled_abstract_composition_1964.jpg,364,57.705582,1779135547.123201,6.05,186.0,-58.0,0.0,0.0,2940,1912,0.578473,0.82,0.0,0.0,pix
real_001_s001_2026-05-18_22-18-09-416,001,001,2,P002,wikiart_practice/practice_wikiart_002_untitled_abstract_composition_1964.jpg,365,57.722249,1779135547.139868,6.066667,186.0,-58.0,0.0,0.0,2940,1912,0.578473,0.82,0.0,0.0,pix
real_001_s001_2026-05-18_22-18-09-416,001,001,2,P002,wikiart_practice/practice_wikiart_002_untitled_abstract_composition_1964.jpg,366,57.738915,1779135547.156534,6.083333,186.0,-58.0,0.0,0.0,2940,1912,0.578473,0.82,0.0,0.0,pix
real_001_s001_2026-05-18_22-18-09-416,001,001,2,P002,wikiart_practice/practice_wikiart_002_untitled_abstract_composition_1964.jpg,367,57.755582,1779135547.173201,6.1,186.0,-58.0,0.0,0.0,2940,1912,0.578473,0.82,0.0,0.0,pix
real_001_s001_2026-05-18_22-18-09-416,001,001,2,P002,wikiart_practice/practice_wikiart_002_untitled_abstract_composition_1964.jpg,368,57.772249,1779135547.189867,6.116667,186.0,-58.0,0.0,0.0,2940,1912,0.578473,0.82,0.0,0.0,pix
real_001_s001_2026-05-18_22-18-09-416,001,001,2,P002,wikiart_practice/practice_wikiart_002_untitled_abstract_composition_1964.jpg,369,57.788915,1779135547.206534,6.133333,186.0,-58.0,0.0,0.0,2940,1912,0.578473,0.82,0.0,0.0,pix
real_001_s001_2026-05-18_22-18-09-416,001,001,2,P002,wikiart_practice/practice_wikiart_002_untitled_abstract_composition_1964.jpg,370,57.805582,1779135547.223201,6.15,186.0,-58.0,0.0,0.0,2940,1912,0.578473,0.82,0.0,0.0,pix
real_001_s001_2026-05-18_22-18-09-416,001,001,2,P002,wikiart_practice/practice_wikiart_002_untitled_abstract_composition_1964.jpg,371,57.822249,1779135547.239868,6.166667,186.0,-58.0,0.0,0.0,2940,1912,0.578473,0.82,0.0,0.0,pix
real_001_s001_2026-05-18_22-18-09-416,001,001,2,P002,wikiart_practice/practice_wikiart_002_untitled_abstract_composition_1964.jpg,372,57.838915,1779135547.256534,6.183333,186.0,-58.0,0.0,0.0,2940,1912,0.578473,0.82,0.0,0.0,pix
real_001_s001_2026-05-18_22-18-09-416,001,001,2,P002,wikiart_practice/practice_wikiart_002_untitled_abstract_composition_1964.jpg,373,57.855582,1779135547.273201,6.2,186.0,-58.0,0.0,0.0,2940,1912,0.578473,0.82,0.0,0.0,pix
real_001_s001_2026-05-18_22-18-09-416,001,001,2,P002,wikiart_practice/practice_wikiart_002_untitled_abstract_composition_1964.jpg,374,57.872249,1779135547.289868,6.216667,186.0,-58.0,0.0,0.0,2940,1912,0.578473,0.82,0.0,0.0,pix
real_001_s001_2026-05-18_22-18-09-416,001,001,2,P002,wikiart_practice/practice_wikiart_002_untitled_abstract_composition_1964.jpg,375,57.888915,1779135547.306534,6.233333,186.0,-58.0,0.0,0.0,2940,1912,0.578473,0.82,0.0,0.0,pix
real_001_s001_2026-05-18_22-18-09-416,001,001,2,P002,wikiart_practice/practice_wikiart_002_untitled_abstract_composition_1964.jpg,376,57.905582,1779135547.323201,6.25,186.0,-58.0,0.0,0.0,2940,1912,0.578473,0.82,0.0,0.0,pix
real_001_s001_2026-05-18_22-18-09-416,001,001,2,P002,wikiart_practice/practice_wikiart_002_untitled_abstract_composition_1964.jpg,377,57.922249,1779135547.339868,6.266667,186.0,-58.0,0.0,0.0,2940,1912,0.578473,0.82,0.0,0.0,pix
real_001_s001_2026-05-18_22-18-09-416,001,001,2,P002,wikiart_practice/practice_wikiart_002_untitled_abstract_composition_1964.jpg,378,57.938915,1779135547.356534,6.283333,186.0,-58.0,0.0,0.0,2940,1912,0.578473,0.82,0.0,0.0,pix
real_001_s001_2026-05-18_22-18-09-416,001,001,2,P002,wikiart_practice/practice_wikiart_002_untitled_abstract_composition_1964.jpg,379,57.955582,1779135547.373201,6.3,186.0,-58.0,0.0,0.0,2940,1912,0.578473,0.82,0.0,0.0,pix
real_001_s001_2026-05-18_22-18-09-416,001,001,2,P002,wikiart_practice/practice_wikiart_002_untitled_abstract_composition_1964.jpg,380,57.972249,1779135547.389868,6.316667,186.0,-58.0,0.0,0.0,2940,1912,0.578473,0.82,0.0,0.0,pix
real_001_s001_2026-05-18_22-18-09-416,001,001,2,P002,wikiart_practice/practice_wikiart_002_untitled_abstract_composition_1964.jpg,381,57.988915,1779135547.406534,6.333333,186.0,-58.0,0.0,0.0,2940,1912,0.578473,0.82,0.0,0.0,pix
real_001_s001_2026-05-18_22-18-09-416,001,001,2,P002,wikiart_practice/practice_wikiart_002_untitled_abstract_composition_1964.jpg,382,58.005582,1779135547.423201,6.35,186.0,-58.0,0.0,0.0,2940,1912,0.578473,0.82,0.0,0.0,pix
real_001_s001_2026-05-18_22-18-09-416,001,001,2,P002,wikiart_practice/practice_wikiart_002_untitled_abstract_composition_1964.jpg,383,58.022249,1779135547.439867,6.366667,186.0,-58.0,0.0,0.0,2940,1912,0.578473,0.82,0.0,0.0,pix
real_001_s001_2026-05-18_22-18-09-416,001,001,2,P002,wikiart_practice/practice_wikiart_002_untitled_abstract_composition_1964.jpg,384,58.038915,1779135547.456534,6.383333,186.0,-58.0,0.0,0.0,2940,1912,0.578473,0.82,0.0,0.0,pix
real_001_s001_2026-05-18_22-18-09-416,001,001,2,P002,wikiart_practice/practice_wikiart_002_untitled_abstract_composition_1964.jpg,385,58.055582,1779135547.473201,6.4,186.0,-58.0,0.0,0.0,2940,1912,0.578473,0.82,0.0,0.0,pix
real_001_s001_2026-05-18_22-18-09-416,001,001,2,P002,wikiart_practice/practice_wikiart_002_untitled_abstract_composition_1964.jpg,386,58.072249,1779135547.489868,6.416667,186.0,-58.0,0.0,0.0,2940,1912,0.578473,0.82,0.0,0.0,pix
real_001_s001_2026-05-18_22-18-09-416,001,001,2,P002,wikiart_practice/practice_wikiart_002_untitled_abstract_composition_1964.jpg,387,58.088915,1779135547.506534,6.433333,186.0,-58.0,0.0,0.0,2940,1912,0.578473,0.82,0.0,0.0,pix
real_001_s001_2026-05-18_22-18-09-416,001,001,2,P002,wikiart_practice/practice_wikiart_002_untitled_abstract_composition_1964.jpg,388,58.105582,1779135547.523201,6.45,186.0,-58.0,0.0,0.0,2940,1912,0.578473,0.82,0.0,0.0,pix
real_001_s001_2026-05-18_22-18-09-416,001,001,2,P002,wikiart_practice/practice_wikiart_002_untitled_abstract_composition_1964.jpg,389,58.122249,1779135547.539868,6.466667,186.0,-58.0,0.0,0.0,2940,1912,0.578473,0.82,0.0,0.0,pix
real_001_s001_2026-05-18_22-18-09-416,001,001,2,P002,wikiart_practice/practice_wikiart_002_untitled_abstract_composition_1964.jpg,390,58.138915,1779135547.556534,6.483333,186.0,-58.0,0.0,0.0,2940,1912,0.578473,0.82,0.0,0.0,pix
real_001_s001_2026-05-18_22-18-09-416,001,001,2,P002,wikiart_practice/practice_wikiart_002_untitled_abstract_composition_1964.jpg,391,58.155582,1779135547.573201,6.5,186.0,-58.0,0.0,0.0,2940,1912,0.578473,0.82,0.0,0.0,pix
real_001_s001_2026-05-18_22-18-09-416,001,001,2,P002,wikiart_practice/practice_wikiart_002_untitled_abstract_composition_1964.jpg,392,58.172249,1779135547.589868,6.516667,186.0,-58.0,0.0,0.0,2940,1912,0.578473,0.82,0.0,0.0,pix
real_001_s001_2026-05-18_22-18-09-416,001,001,2,P002,wikiart_practice/practice_wikiart_002_untitled_abstract_composition_1964.jpg,393,58.188915,1779135547.606534,6.533333,186.0,-58.0,0.0,0.0,2940,1912,0.578473,0.82,0.0,0.0,pix
real_001_s001_2026-05-18_22-18-09-416,001,001,2,P002,wikiart_practice/practice_wikiart_002_untitled_abstract_composition_1964.jpg,394,58.205582,1779135547.623201,6.55,186.0,-58.0,0.0,0.0,2940,1912,0.578473,0.82,0.0,0.0,pix
real_001_s001_2026-05-18_22-18-09-416,001,001,2,P002,wikiart_practice/practice_wikiart_002_untitled_abstract_composition_1964.jpg,395,58.222249,1779135547.639868,6.566667,186.0,-58.0,0.0,0.0,2940,1912,0.578473,0.82,0.0,0.0,pix
real_001_s001_2026-05-18_22-18-09-416,001,001,2,P002,wikiart_practice/practice_wikiart_002_untitled_abstract_composition_1964.jpg,396,58.238915,1779135547.656534,6.583333,186.0,-58.0,0.0,0.0,2940,1912,0.578473,0.82,0.0,0.0,pix
real_001_s001_2026-05-18_22-18-09-416,001,001,2,P002,wikiart_practice/practice_wikiart_002_untitled_abstract_composition_1964.jpg,397,58.255582,1779135547.673201,6.6,186.0,-58.0,0.0,0.0,2940,1912,0.578473,0.82,0.0,0.0,pix
real_001_s001_2026-05-18_22-18-09-416,001,001,2,P002,wikiart_practice/practice_wikiart_002_untitled_abstract_composition_1964.jpg,398,58.272249,1779135547.689867,6.616667,186.0,-58.0,0.0,0.0,2940,1912,0.578473,0.82,0.0,0.0,pix
real_001_s001_2026-05-18_22-18-09-416,001,001,2,P002,wikiart_practice/practice_wikiart_002_untitled_abstract_composition_1964.jpg,399,58.288915,1779135547.706534,6.633333,186.0,-58.0,0.0,0.0,2940,1912,0.578473,0.82,0.0,0.0,pix
real_001_s001_2026-05-18_22-18-09-416,001,001,2,P002,wikiart_practice/practice_wikiart_002_untitled_abstract_composition_1964.jpg,400,58.305582,1779135547.723201,6.65,186.0,-58.0,0.0,0.0,2940,1912,0.578473,0.82,0.0,0.0,pix
real_001_s001_2026-05-18_22-18-09-416,001,001,2,P002,wikiart_practice/practice_wikiart_002_untitled_abstract_composition_1964.jpg,401,58.322249,1779135547.739868,6.666667,186.0,-58.0,0.0,0.0,2940,1912,0.578473,0.82,0.0,0.0,pix
real_001_s001_2026-05-18_22-18-09-416,001,001,2,P002,wikiart_practice/practice_wikiart_002_untitled_abstract_composition_1964.jpg,402,58.338915,1779135547.756534,6.683333,186.0,-58.0,0.0,0.0,2940,1912,0.578473,0.82,0.0,0.0,pix
real_001_s001_2026-05-18_22-18-09-416,001,001,2,P002,wikiart_practice/practice_wikiart_002_untitled_abstract_composition_1964.jpg,403,58.355582,1779135547.773201,6.7,186.0,-58.0,0.0,0.0,2940,1912,0.578473,0.82,0.0,0.0,pix
real_001_s001_2026-05-18_22-18-09-416,001,001,2,P002,wikiart_practice/practice_wikiart_002_untitled_abstract_composition_1964.jpg,404,58.372249,1779135547.789868,6.716667,186.0,-58.0,0.0,0.0,2940,1912,0.578473,0.82,0.0,0.0,pix
real_001_s001_2026-05-18_22-18-09-416,001,001,2,P002,wikiart_practice/practice_wikiart_002_untitled_abstract_composition_1964.jpg,405,58.388915,1779135547.806534,6.733333,186.0,-58.0,0.0,0.0,2940,1912,0.578473,0.82,0.0,0.0,pix
real_001_s001_2026-05-18_22-18-09-416,001,001,2,P002,wikiart_practice/practice_wikiart_002_untitled_abstract_composition_1964.jpg,406,58.405582,1779135547.823201,6.75,186.0,-58.0,0.0,0.0,2940,1912,0.578473,0.82,0.0,0.0,pix
real_001_s001_2026-05-18_22-18-09-416,001,001,2,P002,wikiart_practice/practice_wikiart_002_untitled_abstract_composition_1964.jpg,407,58.422249,1779135547.839868,6.766667,186.0,-58.0,0.0,0.0,2940,1912,0.578473,0.82,0.0,0.0,pix
real_001_s001_2026-05-18_22-18-09-416,001,001,2,P002,wikiart_practice/practice_wikiart_002_untitled_abstract_composition_1964.jpg,408,58.438915,1779135547.856534,6.783333,186.0,-58.0,0.0,0.0,2940,1912,0.578473,0.82,0.0,0.0,pix
real_001_s001_2026-05-18_22-18-09-416,001,001,2,P002,wikiart_practice/practice_wikiart_002_untitled_abstract_composition_1964.jpg,409,58.455582,1779135547.873201,6.8,186.0,-58.0,0.0,0.0,2940,1912,0.578473,0.82,0.0,0.0,pix
real_001_s001_2026-05-18_22-18-09-416,001,001,2,P002,wikiart_practice/practice_wikiart_002_untitled_abstract_composition_1964.jpg,410,58.472249,1779135547.889868,6.816667,186.0,-58.0,0.0,0.0,2940,1912,0.578473,0.82,0.0,0.0,pix
real_001_s001_2026-05-18_22-18-09-416,001,001,2,P002,wikiart_practice/practice_wikiart_002_untitled_abstract_composition_1964.jpg,411,58.488915,1779135547.906534,6.833333,186.0,-58.0,0.0,0.0,2940,1912,0.578473,0.82,0.0,0.0,pix
real_001_s001_2026-05-18_22-18-09-416,001,001,2,P002,wikiart_practice/practice_wikiart_002_untitled_abstract_composition_1964.jpg,412,58.505582,1779135547.923201,6.85,186.0,-58.0,0.0,0.0,2940,1912,0.578473,0.82,0.0,0.0,pix
real_001_s001_2026-05-18_22-18-09-416,001,001,2,P002,wikiart_practice/practice_wikiart_002_untitled_abstract_composition_1964.jpg,413,58.522249,1779135547.939867,6.866667,186.0,-58.0,0.0,0.0,2940,1912,0.578473,0.82,0.0,0.0,pix
real_001_s001_2026-05-18_22-18-09-416,001,001,2,P002,wikiart_practice/practice_wikiart_002_untitled_abstract_composition_1964.jpg,414,58.538915,1779135547.956534,6.883333,186.0,-58.0,0.0,0.0,2940,1912,0.578473,0.82,0.0,0.0,pix
real_001_s001_2026-05-18_22-18-09-416,001,001,2,P002,wikiart_practice/practice_wikiart_002_untitled_abstract_composition_1964.jpg,415,58.555582,1779135547.973201,6.9,186.0,-58.0,0.0,0.0,2940,1912,0.578473,0.82,0.0,0.0,pix
real_001_s001_2026-05-18_22-18-09-416,001,001,2,P002,wikiart_practice/practice_wikiart_002_untitled_abstract_composition_1964.jpg,416,58.572249,1779135547.989868,6.916667,186.0,-58.0,0.0,0.0,2940,1912,0.578473,0.82,0.0,0.0,pix
real_001_s001_2026-05-18_22-18-09-416,001,001,2,P002,wikiart_practice/practice_wikiart_002_untitled_abstract_composition_1964.jpg,417,58.588915,1779135548.006534,6.933333,186.0,-58.0,0.0,0.0,2940,1912,0.578473,0.82,0.0,0.0,pix
real_001_s001_2026-05-18_22-18-09-416,001,001,2,P002,wikiart_practice/practice_wikiart_002_untitled_abstract_composition_1964.jpg,418,58.605582,1779135548.023201,6.95,186.0,-58.0,0.0,0.0,2940,1912,0.578473,0.82,0.0,0.0,pix
real_001_s001_2026-05-18_22-18-09-416,001,001,2,P002,wikiart_practice/practice_wikiart_002_untitled_abstract_composition_1964.jpg,419,58.622249,1779135548.039868,6.966667,186.0,-58.0,0.0,0.0,2940,1912,0.578473,0.82,0.0,0.0,pix
real_001_s001_2026-05-18_22-18-09-416,001,001,2,P002,wikiart_practice/practice_wikiart_002_untitled_abstract_composition_1964.jpg,420,58.638915,1779135548.056534,6.983333,186.0,-58.0,0.0,0.0,2940,1912,0.578473,0.82,0.0,0.0,pix
real_001_s001_2026-05-18_22-18-09-416,001,001,2,P002,wikiart_practice/practice_wikiart_002_untitled_abstract_composition_1964.jpg,421,58.655582,1779135548.073201,7.0,186.0,-58.0,0.0,0.0,2940,1912,0.578473,0.82,0.0,0.0,pix
real_001_s001_2026-05-18_22-18-09-416,001,001,2,P002,wikiart_practice/practice_wikiart_002_untitled_abstract_composition_1964.jpg,422,58.672249,1779135548.089868,7.016667,186.0,-58.0,0.0,0.0,2940,1912,0.578473,0.82,0.0,0.0,pix
real_001_s001_2026-05-18_22-18-09-416,001,001,2,P002,wikiart_practice/practice_wikiart_002_untitled_abstract_composition_1964.jpg,423,58.688915,1779135548.106534,7.033333,186.0,-58.0,0.0,0.0,2940,1912,0.578473,0.82,0.0,0.0,pix
real_001_s001_2026-05-18_22-18-09-416,001,001,2,P002,wikiart_practice/practice_wikiart_002_untitled_abstract_composition_1964.jpg,424,58.705582,1779135548.123201,7.05,186.0,-58.0,0.0,0.0,2940,1912,0.578473,0.82,0.0,0.0,pix
real_001_s001_2026-05-18_22-18-09-416,001,001,2,P002,wikiart_practice/practice_wikiart_002_untitled_abstract_composition_1964.jpg,425,58.722249,1779135548.139868,7.066667,186.0,-58.0,0.0,0.0,2940,1912,0.578473,0.82,0.0,0.0,pix
real_001_s001_2026-05-18_22-18-09-416,001,001,2,P002,wikiart_practice/practice_wikiart_002_untitled_abstract_composition_1964.jpg,426,58.738915,1779135548.156534,7.083333,186.0,-58.0,0.0,0.0,2940,1912,0.578473,0.82,0.0,0.0,pix
real_001_s001_2026-05-18_22-18-09-416,001,001,2,P002,wikiart_practice/practice_wikiart_002_untitled_abstract_composition_1964.jpg,427,58.755582,1779135548.173201,7.1,186.0,-58.0,0.0,0.0,2940,1912,0.578473,0.82,0.0,0.0,pix
real_001_s001_2026-05-18_22-18-09-416,001,001,2,P002,wikiart_practice/practice_wikiart_002_untitled_abstract_composition_1964.jpg,428,58.772249,1779135548.189867,7.116667,186.0,-58.0,0.0,0.0,2940,1912,0.578473,0.82,0.0,0.0,pix
real_001_s001_2026-05-18_22-18-09-416,001,001,2,P002,wikiart_practice/practice_wikiart_002_untitled_abstract_composition_1964.jpg,429,58.788915,1779135548.206534,7.133333,186.0,-58.0,0.0,0.0,2940,1912,0.578473,0.82,0.0,0.0,pix
real_001_s001_2026-05-18_22-18-09-416,001,001,2,P002,wikiart_practice/practice_wikiart_002_untitled_abstract_composition_1964.jpg,430,58.805582,1779135548.223201,7.15,186.0,-58.0,0.0,0.0,2940,1912,0.578473,0.82,0.0,0.0,pix
real_001_s001_2026-05-18_22-18-09-416,001,001,2,P002,wikiart_practice/practice_wikiart_002_untitled_abstract_composition_1964.jpg,431,58.822249,1779135548.239868,7.166667,186.0,-58.0,0.0,0.0,2940,1912,0.578473,0.82,0.0,0.0,pix
real_001_s001_2026-05-18_22-18-09-416,001,001,2,P002,wikiart_practice/practice_wikiart_002_untitled_abstract_composition_1964.jpg,432,58.838915,1779135548.256534,7.183333,186.0,-58.0,0.0,0.0,2940,1912,0.578473,0.82,0.0,0.0,pix
real_001_s001_2026-05-18_22-18-09-416,001,001,2,P002,wikiart_practice/practice_wikiart_002_untitled_abstract_composition_1964.jpg,433,58.855582,1779135548.273201,7.2,186.0,-58.0,0.0,0.0,2940,1912,0.578473,0.82,0.0,0.0,pix
real_001_s001_2026-05-18_22-18-09-416,001,001,2,P002,wikiart_practice/practice_wikiart_002_untitled_abstract_composition_1964.jpg,434,58.872249,1779135548.289868,7.216667,186.0,-58.0,0.0,0.0,2940,1912,0.578473,0.82,0.0,0.0,pix
real_001_s001_2026-05-18_22-18-09-416,001,001,2,P002,wikiart_practice/practice_wikiart_002_untitled_abstract_composition_1964.jpg,435,58.888915,1779135548.306534,7.233333,186.0,-58.0,0.0,0.0,2940,1912,0.578473,0.82,0.0,0.0,pix
real_001_s001_2026-05-18_22-18-09-416,001,001,2,P002,wikiart_practice/practice_wikiart_002_untitled_abstract_composition_1964.jpg,436,58.905582,1779135548.323201,7.25,186.0,-58.0,0.0,0.0,2940,1912,0.578473,0.82,0.0,0.0,pix
real_001_s001_2026-05-18_22-18-09-416,001,001,2,P002,wikiart_practice/practice_wikiart_002_untitled_abstract_composition_1964.jpg,437,58.922249,1779135548.339868,7.266667,186.0,-58.0,0.0,0.0,2940,1912,0.578473,0.82,0.0,0.0,pix
real_001_s001_2026-05-18_22-18-09-416,001,001,2,P002,wikiart_practice/practice_wikiart_002_untitled_abstract_composition_1964.jpg,438,58.938915,1779135548.356534,7.283333,186.0,-58.0,0.0,0.0,2940,1912,0.578473,0.82,0.0,0.0,pix
real_001_s001_2026-05-18_22-18-09-416,001,001,2,P002,wikiart_practice/practice_wikiart_002_untitled_abstract_composition_1964.jpg,439,58.955582,1779135548.373201,7.3,186.0,-58.0,0.0,0.0,2940,1912,0.578473,0.82,0.0,0.0,pix
real_001_s001_2026-05-18_22-18-09-416,001,001,2,P002,wikiart_practice/practice_wikiart_002_untitled_abstract_composition_1964.jpg,440,58.972249,1779135548.389868,7.316667,186.0,-58.0,0.0,0.0,2940,1912,0.578473,0.82,0.0,0.0,pix
real_001_s001_2026-05-18_22-18-09-416,001,001,2,P002,wikiart_practice/practice_wikiart_002_untitled_abstract_composition_1964.jpg,441,58.988915,1779135548.406534,7.333333,186.0,-58.0,0.0,0.0,2940,1912,0.578473,0.82,0.0,0.0,pix
real_001_s001_2026-05-18_22-18-09-416,001,001,2,P002,wikiart_practice/practice_wikiart_002_untitled_abstract_composition_1964.jpg,442,59.005582,1779135548.423201,7.35,186.0,-58.0,0.0,0.0,2940,1912,0.578473,0.82,0.0,0.0,pix
real_001_s001_2026-05-18_22-18-09-416,001,001,2,P002,wikiart_practice/practice_wikiart_002_untitled_abstract_composition_1964.jpg,443,59.022249,1779135548.439867,7.366667,186.0,-58.0,0.0,0.0,2940,1912,0.578473,0.82,0.0,0.0,pix
real_001_s001_2026-05-18_22-18-09-416,001,001,2,P002,wikiart_practice/practice_wikiart_002_untitled_abstract_composition_1964.jpg,444,59.038915,1779135548.456534,7.383333,186.0,-58.0,0.0,0.0,2940,1912,0.578473,0.82,0.0,0.0,pix
real_001_s001_2026-05-18_22-18-09-416,001,001,2,P002,wikiart_practice/practice_wikiart_002_untitled_abstract_composition_1964.jpg,445,59.055582,1779135548.473201,7.4,186.0,-58.0,0.0,0.0,2940,1912,0.578473,0.82,0.0,0.0,pix
real_001_s001_2026-05-18_22-18-09-416,001,001,2,P002,wikiart_practice/practice_wikiart_002_untitled_abstract_composition_1964.jpg,446,59.072249,1779135548.489868,7.416667,186.0,-58.0,0.0,0.0,2940,1912,0.578473,0.82,0.0,0.0,pix
real_001_s001_2026-05-18_22-18-09-416,001,001,2,P002,wikiart_practice/practice_wikiart_002_untitled_abstract_composition_1964.jpg,447,59.088915,1779135548.506534,7.433333,186.0,-58.0,0.0,0.0,2940,1912,0.578473,0.82,0.0,0.0,pix
real_001_s001_2026-05-18_22-18-09-416,001,001,2,P002,wikiart_practice/practice_wikiart_002_untitled_abstract_composition_1964.jpg,448,59.105582,1779135548.523201,7.45,186.0,-58.0,0.0,0.0,2940,1912,0.578473,0.82,0.0,0.0,pix
real_001_s001_2026-05-18_22-18-09-416,001,001,2,P002,wikiart_practice/practice_wikiart_002_untitled_abstract_composition_1964.jpg,449,59.122249,1779135548.539868,7.466667,186.0,-58.0,0.0,0.0,2940,1912,0.578473,0.82,0.0,0.0,pix
real_001_s001_2026-05-18_22-18-09-416,001,001,2,P002,wikiart_practice/practice_wikiart_002_untitled_abstract_composition_1964.jpg,450,59.138915,1779135548.556534,7.483333,186.0,-58.0,0.0,0.0,2940,1912,0.578473,0.82,0.0,0.0,pix
real_001_s001_2026-05-18_22-18-09-416,001,001,2,P002,wikiart_practice/practice_wikiart_002_untitled_abstract_composition_1964.jpg,451,59.155582,1779135548.573201,7.5,186.0,-58.0,0.0,0.0,2940,1912,0.578473,0.82,0.0,0.0,pix
real_001_s001_2026-05-18_22-18-09-416,001,001,2,P002,wikiart_practice/practice_wikiart_002_untitled_abstract_composition_1964.jpg,452,59.172249,1779135548.589868,7.516667,186.0,-58.0,0.0,0.0,2940,1912,0.578473,0.82,0.0,0.0,pix
real_001_s001_2026-05-18_22-18-09-416,001,001,2,P002,wikiart_practice/practice_wikiart_002_untitled_abstract_composition_1964.jpg,453,59.188915,1779135548.606534,7.533333,186.0,-58.0,0.0,0.0,2940,1912,0.578473,0.82,0.0,0.0,pix
real_001_s001_2026-05-18_22-18-09-416,001,001,2,P002,wikiart_practice/practice_wikiart_002_untitled_abstract_composition_1964.jpg,454,59.205582,1779135548.623201,7.55,186.0,-58.0,0.0,0.0,2940,1912,0.578473,0.82,0.0,0.0,pix
real_001_s001_2026-05-18_22-18-09-416,001,001,2,P002,wikiart_practice/practice_wikiart_002_untitled_abstract_composition_1964.jpg,455,59.222249,1779135548.639868,7.566667,186.0,-58.0,0.0,0.0,2940,1912,0.578473,0.82,0.0,0.0,pix
real_001_s001_2026-05-18_22-18-09-416,001,001,2,P002,wikiart_practice/practice_wikiart_002_untitled_abstract_composition_1964.jpg,456,59.238915,1779135548.656534,7.583333,186.0,-58.0,0.0,0.0,2940,1912,0.578473,0.82,0.0,0.0,pix
real_001_s001_2026-05-18_22-18-09-416,001,001,2,P002,wikiart_practice/practice_wikiart_002_untitled_abstract_composition_1964.jpg,457,59.255582,1779135548.673201,7.6,186.0,-58.0,0.0,0.0,2940,1912,0.578473,0.82,0.0,0.0,pix
real_001_s001_2026-05-18_22-18-09-416,001,001,2,P002,wikiart_practice/practice_wikiart_002_untitled_abstract_composition_1964.jpg,458,59.272249,1779135548.689867,7.616667,186.0,-58.0,0.0,0.0,2940,1912,0.578473,0.82,0.0,0.0,pix
real_001_s001_2026-05-18_22-18-09-416,001,001,2,P002,wikiart_practice/practice_wikiart_002_untitled_abstract_composition_1964.jpg,459,59.288915,1779135548.706534,7.633333,186.0,-58.0,0.0,0.0,2940,1912,0.578473,0.82,0.0,0.0,pix
real_001_s001_2026-05-18_22-18-09-416,001,001,2,P002,wikiart_practice/practice_wikiart_002_untitled_abstract_composition_1964.jpg,460,59.305582,1779135548.723201,7.65,186.0,-58.0,0.0,0.0,2940,1912,0.578473,0.82,0.0,0.0,pix
real_001_s001_2026-05-18_22-18-09-416,001,001,2,P002,wikiart_practice/practice_wikiart_002_untitled_abstract_composition_1964.jpg,461,59.322249,1779135548.739868,7.666667,186.0,-58.0,0.0,0.0,2940,1912,0.578473,0.82,0.0,0.0,pix
real_001_s001_2026-05-18_22-18-09-416,001,001,2,P002,wikiart_practice/practice_wikiart_002_untitled_abstract_composition_1964.jpg,462,59.338915,1779135548.756534,7.683333,186.0,-58.0,0.0,0.0,2940,1912,0.578473,0.82,0.0,0.0,pix
real_001_s001_2026-05-18_22-18-09-416,001,001,2,P002,wikiart_practice/practice_wikiart_002_untitled_abstract_composition_1964.jpg,463,59.355582,1779135548.773201,7.7,186.0,-58.0,0.0,0.0,2940,1912,0.578473,0.82,0.0,0.0,pix
real_001_s001_2026-05-18_22-18-09-416,001,001,2,P002,wikiart_practice/practice_wikiart_002_untitled_abstract_composition_1964.jpg,464,59.372249,1779135548.789868,7.716667,186.0,-58.0,0.0,0.0,2940,1912,0.578473,0.82,0.0,0.0,pix
real_001_s001_2026-05-18_22-18-09-416,001,001,2,P002,wikiart_practice/practice_wikiart_002_untitled_abstract_composition_1964.jpg,465,59.388915,1779135548.806534,7.733333,186.0,-58.0,0.0,0.0,2940,1912,0.578473,0.82,0.0,0.0,pix
real_001_s001_2026-05-18_22-18-09-416,001,001,2,P002,wikiart_practice/practice_wikiart_002_untitled_abstract_composition_1964.jpg,466,59.405582,1779135548.823201,7.75,186.0,-58.0,0.0,0.0,2940,1912,0.578473,0.82,0.0,0.0,pix
real_001_s001_2026-05-18_22-18-09-416,001,001,2,P002,wikiart_practice/practice_wikiart_002_untitled_abstract_composition_1964.jpg,467,59.422249,1779135548.839868,7.766667,186.0,-58.0,0.0,0.0,2940,1912,0.578473,0.82,0.0,0.0,pix
real_001_s001_2026-05-18_22-18-09-416,001,001,2,P002,wikiart_practice/practice_wikiart_002_untitled_abstract_composition_1964.jpg,468,59.438915,1779135548.856534,7.783333,186.0,-58.0,0.0,0.0,2940,1912,0.578473,0.82,0.0,0.0,pix
real_001_s001_2026-05-18_22-18-09-416,001,001,2,P002,wikiart_practice/practice_wikiart_002_untitled_abstract_composition_1964.jpg,469,59.455582,1779135548.873201,7.8,186.0,-58.0,0.0,0.0,2940,1912,0.578473,0.82,0.0,0.0,pix
real_001_s001_2026-05-18_22-18-09-416,001,001,2,P002,wikiart_practice/practice_wikiart_002_untitled_abstract_composition_1964.jpg,470,59.472249,1779135548.889868,7.816667,186.0,-58.0,0.0,0.0,2940,1912,0.578473,0.82,0.0,0.0,pix
real_001_s001_2026-05-18_22-18-09-416,001,001,2,P002,wikiart_practice/practice_wikiart_002_untitled_abstract_composition_1964.jpg,471,59.488915,1779135548.906534,7.833333,186.0,-58.0,0.0,0.0,2940,1912,0.578473,0.82,0.0,0.0,pix
real_001_s001_2026-05-18_22-18-09-416,001,001,2,P002,wikiart_practice/practice_wikiart_002_untitled_abstract_composition_1964.jpg,472,59.505582,1779135548.923201,7.85,186.0,-58.0,0.0,0.0,2940,1912,0.578473,0.82,0.0,0.0,pix
real_001_s001_2026-05-18_22-18-09-416,001,001,2,P002,wikiart_practice/practice_wikiart_002_untitled_abstract_composition_1964.jpg,473,59.522249,1779135548.939867,7.866667,186.0,-58.0,0.0,0.0,2940,1912,0.578473,0.82,0.0,0.0,pix
real_001_s001_2026-05-18_22-18-09-416,001,001,2,P002,wikiart_practice/practice_wikiart_002_untitled_abstract_composition_1964.jpg,474,59.538915,1779135548.956534,7.883333,186.0,-58.0,0.0,0.0,2940,1912,0.578473,0.82,0.0,0.0,pix
real_001_s001_2026-05-18_22-18-09-416,001,001,2,P002,wikiart_practice/practice_wikiart_002_untitled_abstract_composition_1964.jpg,475,59.555582,1779135548.973201,7.9,186.0,-58.0,0.0,0.0,2940,1912,0.578473,0.82,0.0,0.0,pix
real_001_s001_2026-05-18_22-18-09-416,001,001,2,P002,wikiart_practice/practice_wikiart_002_untitled_abstract_composition_1964.jpg,476,59.572249,1779135548.989868,7.916667,186.0,-58.0,0.0,0.0,2940,1912,0.578473,0.82,0.0,0.0,pix
real_001_s001_2026-05-18_22-18-09-416,001,001,2,P002,wikiart_practice/practice_wikiart_002_untitled_abstract_composition_1964.jpg,477,59.588915,1779135549.006534,7.933333,186.0,-58.0,0.0,0.0,2940,1912,0.578473,0.82,0.0,0.0,pix
real_001_s001_2026-05-18_22-18-09-416,001,001,2,P002,wikiart_practice/practice_wikiart_002_untitled_abstract_composition_1964.jpg,478,59.605582,1779135549.023201,7.95,186.0,-58.0,0.0,0.0,2940,1912,0.578473,0.82,0.0,0.0,pix
real_001_s001_2026-05-18_22-18-09-416,001,001,2,P002,wikiart_practice/practice_wikiart_002_untitled_abstract_composition_1964.jpg,479,59.622249,1779135549.039868,7.966667,186.0,-58.0,0.0,0.0,2940,1912,0.578473,0.82,0.0,0.0,pix
real_001_s001_2026-05-18_22-18-09-416,001,001,2,P002,wikiart_practice/practice_wikiart_002_untitled_abstract_composition_1964.jpg,480,59.638915,1779135549.056534,7.983333,186.0,-58.0,0.0,0.0,2940,1912,0.578473,0.82,0.0,0.0,pix
real_001_s001_2026-05-18_22-18-09-416,001,001,2,P002,wikiart_practice/practice_wikiart_002_untitled_abstract_composition_1964.jpg,481,59.655582,1779135549.073201,8.0,186.0,-58.0,0.0,0.0,2940,1912,0.578473,0.82,0.0,0.0,pix
real_001_s001_2026-05-18_22-18-09-416,001,001,2,P002,wikiart_practice/practice_wikiart_002_untitled_abstract_composition_1964.jpg,482,59.672249,1779135549.089868,8.016667,186.0,-58.0,0.0,0.0,2940,1912,0.578473,0.82,0.0,0.0,pix
real_001_s001_2026-05-18_22-18-09-416,001,001,2,P002,wikiart_practice/practice_wikiart_002_untitled_abstract_composition_1964.jpg,483,59.688915,1779135549.106534,8.033333,186.0,-58.0,0.0,0.0,2940,1912,0.578473,0.82,0.0,0.0,pix
real_001_s001_2026-05-18_22-18-09-416,001,001,2,P002,wikiart_practice/practice_wikiart_002_untitled_abstract_composition_1964.jpg,484,59.705582,1779135549.123201,8.05,186.0,-58.0,0.0,0.0,2940,1912,0.578473,0.82,0.0,0.0,pix
real_001_s001_2026-05-18_22-18-09-416,001,001,2,P002,wikiart_practice/practice_wikiart_002_untitled_abstract_composition_1964.jpg,485,59.722249,1779135549.139868,8.066667,186.0,-58.0,0.0,0.0,2940,1912,0.578473,0.82,0.0,0.0,pix
real_001_s001_2026-05-18_22-18-09-416,001,001,2,P002,wikiart_practice/practice_wikiart_002_untitled_abstract_composition_1964.jpg,486,59.738915,1779135549.156534,8.083333,186.0,-58.0,0.0,0.0,2940,1912,0.578473,0.82,0.0,0.0,pix
real_001_s001_2026-05-18_22-18-09-416,001,001,2,P002,wikiart_practice/practice_wikiart_002_untitled_abstract_composition_1964.jpg,487,59.755582,1779135549.173201,8.1,186.0,-58.0,0.0,0.0,2940,1912,0.578473,0.82,0.0,0.0,pix
real_001_s001_2026-05-18_22-18-09-416,001,001,2,P002,wikiart_practice/practice_wikiart_002_untitled_abstract_composition_1964.jpg,488,59.772249,1779135549.189867,8.116667,186.0,-58.0,0.0,0.0,2940,1912,0.578473,0.82,0.0,0.0,pix
real_001_s001_2026-05-18_22-18-09-416,001,001,2,P002,wikiart_practice/practice_wikiart_002_untitled_abstract_composition_1964.jpg,489,59.788915,1779135549.206534,8.133333,186.0,-58.0,0.0,0.0,2940,1912,0.578473,0.82,0.0,0.0,pix
real_001_s001_2026-05-18_22-18-09-416,001,001,2,P002,wikiart_practice/practice_wikiart_002_untitled_abstract_composition_1964.jpg,490,59.805582,1779135549.223201,8.15,186.0,-58.0,0.0,0.0,2940,1912,0.578473,0.82,0.0,0.0,pix
real_001_s001_2026-05-18_22-18-09-416,001,001,2,P002,wikiart_practice/practice_wikiart_002_untitled_abstract_composition_1964.jpg,491,59.822249,1779135549.239868,8.166667,186.0,-58.0,0.0,0.0,2940,1912,0.578473,0.82,0.0,0.0,pix
real_001_s001_2026-05-18_22-18-09-416,001,001,2,P002,wikiart_practice/practice_wikiart_002_untitled_abstract_composition_1964.jpg,492,59.838915,1779135549.256534,8.183333,186.0,-58.0,0.0,0.0,2940,1912,0.578473,0.82,0.0,0.0,pix
real_001_s001_2026-05-18_22-18-09-416,001,001,2,P002,wikiart_practice/practice_wikiart_002_untitled_abstract_composition_1964.jpg,493,59.855582,1779135549.273201,8.2,186.0,-58.0,0.0,0.0,2940,1912,0.578473,0.82,0.0,0.0,pix
real_001_s001_2026-05-18_22-18-09-416,001,001,2,P002,wikiart_practice/practice_wikiart_002_untitled_abstract_composition_1964.jpg,494,59.872249,1779135549.289868,8.216667,186.0,-58.0,0.0,0.0,2940,1912,0.578473,0.82,0.0,0.0,pix
real_001_s001_2026-05-18_22-18-09-416,001,001,2,P002,wikiart_practice/practice_wikiart_002_untitled_abstract_composition_1964.jpg,495,59.888915,1779135549.306534,8.233333,186.0,-58.0,0.0,0.0,2940,1912,0.578473,0.82,0.0,0.0,pix
real_001_s001_2026-05-18_22-18-09-416,001,001,2,P002,wikiart_practice/practice_wikiart_002_untitled_abstract_composition_1964.jpg,496,59.905582,1779135549.323201,8.25,186.0,-58.0,0.0,0.0,2940,1912,0.578473,0.82,0.0,0.0,pix
real_001_s001_2026-05-18_22-18-09-416,001,001,2,P002,wikiart_practice/practice_wikiart_002_untitled_abstract_composition_1964.jpg,497,59.922249,1779135549.339868,8.266667,186.0,-58.0,0.0,0.0,2940,1912,0.578473,0.82,0.0,0.0,pix
real_001_s001_2026-05-18_22-18-09-416,001,001,2,P002,wikiart_practice/practice_wikiart_002_untitled_abstract_composition_1964.jpg,498,59.938915,1779135549.356534,8.283333,186.0,-58.0,0.0,0.0,2940,1912,0.578473,0.82,0.0,0.0,pix
real_001_s001_2026-05-18_22-18-09-416,001,001,2,P002,wikiart_practice/practice_wikiart_002_untitled_abstract_composition_1964.jpg,499,59.955582,1779135549.373201,8.3,186.0,-58.0,0.0,0.0,2940,1912,0.578473,0.82,0.0,0.0,pix
real_001_s001_2026-05-18_22-18-09-416,001,001,2,P002,wikiart_practice/practice_wikiart_002_untitled_abstract_composition_1964.jpg,500,59.972249,1779135549.389868,8.316667,186.0,-58.0,0.0,0.0,2940,1912,0.578473,0.82,0.0,0.0,pix
real_001_s001_2026-05-18_22-18-09-416,001,001,2,P002,wikiart_practice/practice_wikiart_002_untitled_abstract_composition_1964.jpg,501,59.988915,1779135549.406534,8.333333,186.0,-58.0,0.0,0.0,2940,1912,0.578473,0.82,0.0,0.0,pix
real_001_s001_2026-05-18_22-18-09-416,001,001,2,P002,wikiart_practice/practice_wikiart_002_untitled_abstract_composition_1964.jpg,502,60.005582,1779135549.423201,8.35,186.0,-58.0,0.0,0.0,2940,1912,0.578473,0.82,0.0,0.0,pix
real_001_s001_2026-05-18_22-18-09-416,001,001,2,P002,wikiart_practice/practice_wikiart_002_untitled_abstract_composition_1964.jpg,503,60.022249,1779135549.439867,8.366667,186.0,-58.0,0.0,0.0,2940,1912,0.578473,0.82,0.0,0.0,pix
