image_file,image_width,image_height,aoi_id,label,kind,method,source,z_order,x_norm,y_norm,w_norm,h_norm,points_norm,pixel_count,area_fraction,bbox_x,bbox_y,bbox_w,bbox_h
001.jpg,1200,1049,BG,non-AOI / background,background,non_aoi,predefined-region initialization leaves unassigned space outside AOIs,0,,,,,,3447,0.002738322211630124,0,0,1200,1049
001.jpg,1200,1049,AOI1,AOI 3,rect,manual,,1,0.001121,0.0,0.998879,0.997436,,655471,0.5207109945980298,1,0,1199,1047
001.jpg,1200,1049,AOI2,operational region 2,ellipse,manual_adjusted_limited_radius,pre-gaze coarse saliency region; region bounds expanded by margin 0.040 of image extent,2,0.065022,0.088462,0.804933,0.752564,,486295,0.3863163330155704,78,93,967,790
001.jpg,1200,1049,AOI3,operational region 1,ellipse,manual_adjusted_limited_radius,pre-gaze coarse saliency region; region bounds expanded by margin 0.040 of image extent,3,0.293722,0.249744,0.346413,0.329744,,113587,0.09023435017476962,352,262,417,347
002.jpg,1684,2304,BG,non-AOI / background,background,non_aoi,predefined-region initialization leaves unassigned space outside AOIs,0,,,,,,3400276,0.8763742494721563,0,0,1684,2304
002.jpg,1684,2304,AOI1,operational region 1,ellipse,predefined_region_with_margin,pre-gaze coarse saliency region; region bounds expanded by margin 0.040 of image extent,1,0.051603,0.122011,0.247939,0.286704,,195555,0.05040160456254949,87,281,410,662
002.jpg,1684,2304,AOI2,operational region 2,ellipse,predefined_region_with_margin,pre-gaze coarse saliency region; region bounds expanded by margin 0.040 of image extent,2,0.372214,0.568939,0.18687,0.30905,,176363,0.045455131218659274,627,1311,315,713
002.jpg,1684,2304,AOI3,operational region 3,ellipse,predefined_region_with_margin,pre-gaze coarse saliency region; region bounds expanded by margin 0.040 of image extent,3,0.227176,0.116425,0.194504,0.191732,,107742,0.027769014746634995,383,268,328,443
003.jpg,285,455,BG,non-AOI / background,background,non_aoi,predefined-region initialization leaves unassigned space outside AOIs,0,,,,,,73104,0.5637478311162522,0,0,285,455
003.jpg,285,455,AOI1,operational region 1,ellipse,predefined_region_with_margin,pre-gaze coarse saliency region; region bounds expanded by margin 0.040 of image extent,1,0.513571,0.557765,0.312143,0.32581,,9790,0.07549643339117024,146,262,90,141
003.jpg,285,455,AOI2,operational region 2,rect,predefined_region_with_margin,pre-gaze coarse saliency region; region bounds expanded by margin 0.040 of image extent,2,0.16,0.16,0.62,0.62,,39127,0.30173125120493544,46,73,177,283
003.jpg,285,455,AOI3,operational region 3,ellipse,predefined_region_with_margin,pre-gaze coarse saliency region; region bounds expanded by margin 0.040 of image extent,3,0.62,0.34,0.26,0.3,,7654,0.05902448428764218,177,155,75,132
004.jpg,696,800,BG,non-AOI / background,background,non_aoi,predefined-region initialization leaves unassigned space outside AOIs,0,,,,,,671,0.0012051005747126438,0,0,696,1
004.jpg,696,800,AOI1,AOI 4,rect,manual,,1,0.0,0.001282,1.0,0.998718,,256650,0.4609375,0,1,696,799
004.jpg,696,800,AOI2,operational region 3,rect,manual_adjusted_limited_radius,pre-gaze coarse saliency region; region bounds expanded by margin 0.040 of image extent,2,0.06,0.52,0.735287,0.48,,174629,0.31362966954022986,42,416,513,384
004.jpg,696,800,AOI3,AOI 5,rect,manual,,3,0.459499,0.389744,0.298969,0.262821,,44099,0.07920079022988506,320,312,209,211
004.jpg,696,800,AOI4,AOI 5,ellipse,manual,,4,0.590574,0.041026,0.307806,0.282051,,37862,0.0679992816091954,411,33,215,226
004.jpg,696,800,AOI5,operational region 2,ellipse,manual_adjusted_limited_radius,pre-gaze coarse saliency region; region bounds expanded by margin 0.040 of image extent,5,0.235641,0.0,0.371134,0.262821,,42889,0.07702765804597701,164,0,259,211
005.jpg,557,570,BG,non-AOI / background,background,non_aoi,predefined-region initialization leaves unassigned space outside AOIs,0,,,,,,0,0.0,0,0,0,0
005.jpg,557,570,AOI1,AOI 3,rect,manual,,1,0.0,0.0,1.0,1.0,,169346,0.533390028032379,0,0,557,570
005.jpg,557,570,AOI2,operational region 1,ellipse,manual_adjusted_limited_radius,pre-gaze coarse saliency region; region bounds expanded by margin 0.040 of image extent,2,0.168761,0.033333,0.831239,0.598246,,100927,0.3178903272544017,94,19,463,342
005.jpg,557,570,AOI3,operational region 3,ellipse,manual_adjusted_limited_radius,pre-gaze coarse saliency region; region bounds expanded by margin 0.040 of image extent,3,0.603232,0.078947,0.396768,0.263158,,26295,0.0828215061891713,336,45,221,151
005.jpg,557,570,AOI4,AOI 4,polygon,manual,,4,0.687612,0.722807,0.312388,0.277193,"[[0.687612, 0.989474], [0.687612, 0.980702], [0.687612, 0.975439], [0.687612, 0.966667], [0.687612, 0.961404], [0.689397, 0.954386], [0.689397, 0.949123], [0.689397, 0.942105], [0.689397, 0.936842], [0.689397, 0.931579], [0.689397, 0.926316], [0.689397, 0.921053], [0.691182, 0.915789], [0.692967, 0.908772], [0.692967, 0.903509], [0.692967, 0.898246], [0.692967, 0.892982], [0.692967, 0.887719], [0.694753, 0.882456], [0.694753, 0.877193], [0.696538, 0.87193], [0.700108, 0.866667], [0.701893, 0.861404], [0.705463, 0.85614], [0.707248, 0.850877], [0.710818, 0.845614], [0.714388, 0.840351], [0.717958, 0.835088], [0.721529, 0.829825], [0.726884, 0.82807], [0.734024, 0.826316], [0.741164, 0.824561], [0.74652, 0.822807], [0.751875, 0.821053], [0.75723, 0.819298], [0.762585, 0.817544], [0.76794, 0.817544], [0.776866, 0.817544], [0.782221, 0.815789], [0.791146, 0.815789], [0.798287, 0.815789], [0.803642, 0.815789], [0.810782, 0.815789], [0.816137, 0.814035], [0.823278, 0.814035], [0.828633, 0.810526], [0.833988, 0.808772], [0.839343, 0.805263], [0.844699, 0.801754], [0.850054, 0.798246], [0.855409, 0.792982], [0.858979, 0.787719], [0.862549, 0.782456], [0.867905, 0.778947], [0.87326, 0.773684], [0.87683, 0.768421], [0.8804, 0.763158], [0.88397, 0.757895], [0.889325, 0.754386], [0.892896, 0.749123], [0.898251, 0.745614], [0.903606, 0.740351], [0.908961, 0.735088], [0.916102, 0.733333], [0.921457, 0.731579], [0.928597, 0.731579], [0.935737, 0.729825], [0.942878, 0.72807], [0.951803, 0.726316], [0.957158, 0.726316], [0.962513, 0.724561], [0.967869, 0.722807], [0.973224, 0.722807], [0.980364, 0.722807], [0.985719, 0.722807], [0.99286, 0.722807], [1.0, 0.724561], [1.0, 0.729825], [1.0, 0.736842], [1.0, 0.74386], [1.0, 0.749123], [1.0, 0.754386], [1.0, 0.763158], [1.0, 0.775439], [1.0, 0.780702], [1.0, 0.787719], [1.0, 0.792982], [1.0, 0.801754], [1.0, 0.812281], [1.0, 0.817544], [1.0, 0.822807], [1.0, 0.82807], [1.0, 0.833333], [1.0, 0.838596], [1.0, 0.847368], [1.0, 0.852632], [1.0, 0.861404], [1.0, 0.866667], [1.0, 0.87193], [1.0, 0.884211], [1.0, 0.889474], [1.0, 0.898246], [1.0, 0.903509], [1.0, 0.908772], [1.0, 0.919298], [1.0, 0.924561], [1.0, 0.933333], [1.0, 0.940351], [1.0, 0.949123], [1.0, 0.954386], [1.0, 0.961404], [1.0, 0.968421], [1.0, 0.975439], [1.0, 0.982456], [1.0, 0.987719], [1.0, 0.992982], [1.0, 0.998246], [0.994645, 1.0], [0.98929, 1.0], [0.982149, 1.0], [0.973224, 1.0], [0.966084, 1.0], [0.955373, 1.0], [0.944663, 1.0], [0.932167, 1.0], [0.921457, 1.0], [0.912531, 1.0], [0.900036, 1.0], [0.891111, 1.0], [0.882185, 1.0], [0.87326, 1.0], [0.864334, 1.0], [0.857194, 1.0]]",20922,0.06589813852404801,383,412,174,158
006.jpg,1200,781,BG,non-AOI / background,background,non_aoi,predefined-region initialization leaves unassigned space outside AOIs,0,,,,,,17232,0.018386683738796414,0,0,1200,781
006.jpg,1200,781,AOI1,AOI 3,rect,manual,,1,0.003478,0.005348,0.986087,0.994652,,461363,0.4922780623132736,4,4,1184,777
006.jpg,1200,781,AOI2,AOI 5,rect,manual,,2,0.601739,0.117647,0.268696,0.775401,,116023,0.12379748186086215,722,92,324,606
006.jpg,1200,781,AOI3,AOI 4,rect,manual,,3,0.070435,0.09893,0.34,0.811497,,259715,0.27711801109688433,85,77,409,635
006.jpg,1200,781,AOI4,operational region 2,ellipse,manual_adjusted_limited_radius,pre-gaze coarse saliency region; region bounds expanded by margin 0.040 of image extent,4,0.61913,0.391034,0.194783,0.278752,,40405,0.043112462654716174,743,305,235,219
006.jpg,1200,781,AOI5,operational region 3,ellipse,manual_adjusted_limited_radius,pre-gaze coarse saliency region; region bounds expanded by margin 0.040 of image extent,5,0.591285,0.106552,0.297877,0.192069,,42462,0.04530729833546735,710,83,358,151
007.jpg,638,941,BG,non-AOI / background,background,non_aoi,predefined-region initialization leaves unassigned space outside AOIs,0,,,,,,4082,0.006799276431729068,627,449,11,492
007.jpg,638,941,AOI1,operational region 3,rect,manual_adjusted_limited_radius,pre-gaze coarse saliency region; region bounds expanded by margin 0.040 of image extent,1,0.0,0.0,0.99811,0.475641,,138370,0.23047914744202624,0,0,638,449
007.jpg,638,941,AOI2,operational region 1,ellipse,manual_adjusted_limited_radius,pre-gaze coarse saliency region; region bounds expanded by margin 0.040 of image extent,2,0.145558,0.039744,0.750473,0.416667,,148092,0.24667281855159753,93,37,480,393
007.jpg,638,941,AOI3,operational region 2,rect,manual_adjusted_limited_radius,pre-gaze coarse saliency region; region bounds expanded by margin 0.040 of image extent,3,0.0,0.476923,0.992439,0.201282,,120460,0.20064694732143154,0,449,634,190
007.jpg,638,941,AOI4,AOI 4,rect,manual,,4,0.0,0.679487,0.981096,0.320513,,93524,0.15578038437065883,0,639,627,302
007.jpg,638,941,AOI5,AOI 5,rect,manual,,5,0.245747,0.691026,0.57845,0.274359,,95830,0.15962142588255673,157,650,370,259
008.jpg,640,404,BG,non-AOI / background,background,non_aoi,predefined-region initialization leaves unassigned space outside AOIs,0,,,,,,138927,0.5373104888613861,0,0,640,404
008.jpg,640,404,AOI1,operational region 1,rect,predefined_region_with_margin,pre-gaze coarse saliency region; region bounds expanded by margin 0.040 of image extent,1,0.457207,0.38,0.264358,0.62,,38064,0.14721534653465346,293,154,170,250
008.jpg,640,404,AOI2,operational region 2,rect,predefined_region_with_margin,pre-gaze coarse saliency region; region bounds expanded by margin 0.040 of image extent,2,0.334302,0.145841,0.331397,0.133097,,8061,0.031176516089108913,247,59,180,55
008.jpg,640,404,AOI3,operational region 3,rect,predefined_region_with_margin,pre-gaze coarse saliency region; region bounds expanded by margin 0.040 of image extent,3,0.16,0.0,0.58,0.62,,73508,0.2842976485148515,102,0,373,251
009.jpg,2598,5280,BG,non-AOI / background,background,non_aoi,predefined-region initialization leaves unassigned space outside AOIs,0,,,,,,12157952,0.8863134812326499,0,0,2598,5280
009.jpg,2598,5280,AOI1,operational region 1,rect,predefined_region_with_margin,pre-gaze coarse saliency region; region bounds expanded by margin 0.040 of image extent,1,0.187273,0.43486,0.12,0.348156,,573768,0.04182762964518161,487,2296,312,1839
009.jpg,2598,5280,AOI2,operational region 2,rect,predefined_region_with_margin,pre-gaze coarse saliency region; region bounds expanded by margin 0.040 of image extent,2,0.300909,0.027039,0.273182,0.147039,,550040,0.0400978608253435,782,143,710,777
009.jpg,2598,5280,AOI3,operational region 3,ellipse,predefined_region_with_margin,pre-gaze coarse saliency region; region bounds expanded by margin 0.040 of image extent,3,0.175909,0.127598,0.159545,0.253184,,435680,0.03176102829682506,457,674,416,1338
010.jpg,525,559,BG,non-AOI / background,background,non_aoi,predefined-region initialization leaves unassigned space outside AOIs,0,,,,,,83,0.00028281795723656187,0,476,1,83
010.jpg,525,559,AOI1,AOI 3,rect,manual,,1,0.0,0.0,1.0,0.849732,,62360,0.21248828690689156,0,0,525,476
010.jpg,525,559,AOI2,operational region 1,rect,manual_adjusted_limited_radius,pre-gaze coarse saliency region; region bounds expanded by margin 0.040 of image extent,2,0.001667,0.847374,0.998333,0.152626,,32704,0.11143709004174121,1,474,524,85
010.jpg,525,559,AOI3,AOI 2,polygon,manual,,3,0.015238,0.0,0.984762,0.790698,"[[0.19619, 0.790698], [0.224762, 0.790698], [0.247619, 0.790698], [0.268571, 0.790698], [0.289524, 0.790698], [0.308571, 0.790698], [0.325714, 0.790698], [0.348571, 0.790698], [0.371429, 0.790698], [0.39619, 0.790698], [0.419048, 0.790698], [0.447619, 0.788909], [0.470476, 0.78712], [0.491429, 0.783542], [0.51619, 0.776386], [0.537143, 0.77102], [0.569524, 0.765653], [0.590476, 0.760286], [0.611429, 0.756708], [0.641905, 0.751342], [0.666667, 0.744186], [0.687619, 0.738819], [0.708571, 0.733453], [0.725714, 0.728086], [0.750476, 0.719141], [0.771429, 0.711986], [0.792381, 0.70483], [0.811429, 0.697674], [0.834286, 0.690519], [0.857143, 0.681574], [0.878095, 0.67263], [0.899048, 0.661896], [0.92, 0.649374], [0.937143, 0.635063], [0.954286, 0.617174], [0.967619, 0.597496], [0.982857, 0.576029], [0.994286, 0.550984], [1.0, 0.527728], [1.0, 0.502683], [1.0, 0.470483], [1.0, 0.443649], [0.99619, 0.423971], [0.990476, 0.397138], [0.982857, 0.372093], [0.977143, 0.350626], [0.969524, 0.329159], [0.958095, 0.302326], [0.948571, 0.27907], [0.931429, 0.234347], [0.921905, 0.209302], [0.912381, 0.191413], [0.906667, 0.175313], [0.897143, 0.153846], [0.889524, 0.137746], [0.87619, 0.121646], [0.866667, 0.103757], [0.851429, 0.087657], [0.834286, 0.075134], [0.819048, 0.060823], [0.801905, 0.046512], [0.784762, 0.035778], [0.767619, 0.026834], [0.750476, 0.021467], [0.729524, 0.0161], [0.712381, 0.012522], [0.691429, 0.010733], [0.666667, 0.008945], [0.645714, 0.007156], [0.622857, 0.005367], [0.60381, 0.001789], [0.579048, 0.0], [0.55619, 0.0], [0.533333, 0.0], [0.51619, 0.010733], [0.499048, 0.019678], [0.47619, 0.026834], [0.453333, 0.026834], [0.432381, 0.026834], [0.413333, 0.030411], [0.4, 0.039356], [0.380952, 0.044723], [0.36381, 0.050089], [0.339048, 0.057245], [0.32, 0.060823], [0.295238, 0.067979], [0.27619, 0.071556], [0.257143, 0.080501], [0.23619, 0.089445], [0.215238, 0.094812], [0.194286, 0.100179], [0.175238, 0.109123], [0.15619, 0.119857], [0.139048, 0.132379], [0.12381, 0.148479], [0.112381, 0.16458], [0.099048, 0.18068], [0.08381, 0.19678], [0.07619, 0.21288], [0.066667, 0.22898], [0.064762, 0.246869], [0.060952, 0.264758], [0.053333, 0.282648], [0.047619, 0.302326], [0.04381, 0.323792], [0.041905, 0.347048], [0.041905, 0.384615], [0.038095, 0.413238], [0.028571, 0.447227], [0.020952, 0.481216], [0.015238, 0.520572], [0.015238, 0.547406], [0.015238, 0.579606], [0.017143, 0.60644], [0.019048, 0.631485], [0.026667, 0.665474], [0.030476, 0.681574], [0.030476, 0.708408], [0.034286, 0.724508], [0.045714, 0.738819], [0.064762, 0.751342], [0.085714, 0.763864], [0.102857, 0.77102], [0.12381, 0.774597], [0.144762, 0.776386], [0.165714, 0.781753], [0.182857, 0.78712], [0.188571, 0.788909]]",186492,0.6354612829031434,8,0,517,443
010.jpg,525,559,AOI4,AOI 4,rect,manual,,4,0.340952,0.887299,0.510476,0.076923,,11836,0.04033052219098731,179,496,269,44
011.jpg,447,570,BG,non-AOI / background,background,non_aoi,predefined-region initialization leaves unassigned space outside AOIs,0,,,,,,153616,0.602912202205738,0,0,447,570
011.jpg,447,570,AOI1,operational region 1,ellipse,predefined_region_with_margin,pre-gaze coarse saliency region; region bounds expanded by margin 0.040 of image extent,1,0.581429,0.244916,0.301429,0.202905,,12368,0.04854193649672279,260,140,136,116
011.jpg,447,570,AOI2,operational region 2,rect,predefined_region_with_margin,pre-gaze coarse saliency region; region bounds expanded by margin 0.040 of image extent,2,0.06,0.16,0.62,0.48,,72884,0.286055182699478,27,91,278,275
011.jpg,447,570,AOI3,operational region 3,ellipse,predefined_region_with_margin,pre-gaze coarse saliency region; region bounds expanded by margin 0.040 of image extent,3,0.16,0.66,0.28,0.28,,15922,0.06249067859806115,72,376,126,161
012.jpg,1092,1200,BG,non-AOI / background,background,non_aoi,predefined-region initialization leaves unassigned space outside AOIs,0,,,,,,2779,0.0021207264957264957,0,0,1092,780
012.jpg,1092,1200,AOI1,operational region 1,rect,manual_adjusted_limited_radius,pre-gaze coarse saliency region; region bounds expanded by margin 0.040 of image extent,1,0.0,0.0,0.998592,0.494872,,649145,0.4953792735042735,0,0,1091,595
012.jpg,1092,1200,AOI2,AOI 2,rect,manual,,2,0.0,0.496154,1.0,0.151282,,199836,0.1525,0,595,1092,183
012.jpg,1092,1200,AOI3,AOI 3,rect,manual,,3,0.0,0.65,1.0,0.35,,458640,0.35,0,780,1092,420
013.jpg,932,1200,BG,non-AOI / background,background,non_aoi,predefined-region initialization leaves unassigned space outside AOIs,0,,,,,,0,0.0,0,0,0,0
013.jpg,932,1200,AOI1,operational region 2,rect,manual_adjusted_limited_radius,pre-gaze coarse saliency region; region bounds expanded by margin 0.040 of image extent,1,0.0,0.0,1.0,1.0,,461736,0.4128540772532189,0,0,932,1200
013.jpg,932,1200,AOI2,AOI 3,rect,manual,,2,0.0033,0.297436,0.9967,0.458974,,390264,0.3489484978540773,3,357,929,552
013.jpg,932,1200,AOI3,operational region 1,rect,manual_adjusted_limited_radius,pre-gaze coarse saliency region; region bounds expanded by margin 0.040 of image extent,3,0.607482,0.0,0.237402,1.0,,266400,0.23819742489270387,566,0,222,1200
014.jpg,564,475,BG,non-AOI / background,background,non_aoi,predefined-region initialization leaves unassigned space outside AOIs,0,,,,,,315,0.0011758118701007839,249,0,315,1
014.jpg,564,475,AOI1,AOI 2,rect,manual,,1,0.0,0.002105,1.0,0.995789,,206619,0.7712541993281075,0,1,564,474
014.jpg,564,475,AOI2,AOI 2,ellipse,manual,,2,0.335106,0.362105,0.182624,0.355789,,13846,0.05168346397909668,189,172,104,170
014.jpg,564,475,AOI3,AOI 3,polygon,manual,,3,0.0,0.0,0.462766,0.450526,"[[0.446809, 0.004211], [0.448582, 0.021053], [0.453901, 0.042105], [0.455674, 0.056842], [0.45922, 0.073684], [0.460993, 0.088421], [0.462766, 0.107368], [0.462766, 0.126316], [0.462766, 0.141053], [0.460993, 0.157895], [0.45922, 0.176842], [0.455674, 0.189474], [0.452128, 0.202105], [0.448582, 0.214737], [0.445035, 0.227368], [0.439716, 0.24], [0.432624, 0.254737], [0.429078, 0.271579], [0.423759, 0.288421], [0.41844, 0.305263], [0.411348, 0.317895], [0.404255, 0.334737], [0.398936, 0.351579], [0.391844, 0.364211], [0.381206, 0.383158], [0.374113, 0.397895], [0.363475, 0.414737], [0.35461, 0.427368], [0.343972, 0.437895], [0.333333, 0.444211], [0.322695, 0.448421], [0.308511, 0.450526], [0.292553, 0.450526], [0.283688, 0.444211], [0.271277, 0.431579], [0.258865, 0.421053], [0.246454, 0.412632], [0.237589, 0.4], [0.228723, 0.389474], [0.219858, 0.381053], [0.207447, 0.381053], [0.193262, 0.381053], [0.177305, 0.381053], [0.164894, 0.381053], [0.148936, 0.381053], [0.131206, 0.383158], [0.113475, 0.383158], [0.093972, 0.383158], [0.079787, 0.383158], [0.067376, 0.383158], [0.056738, 0.383158], [0.046099, 0.381053], [0.035461, 0.376842], [0.024823, 0.364211], [0.014184, 0.357895], [0.003546, 0.353684], [0.0, 0.341053], [0.0, 0.324211], [0.0, 0.307368], [0.0, 0.292632], [0.0, 0.271579], [0.0, 0.250526], [0.0, 0.223158], [0.0, 0.187368], [0.0, 0.149474], [0.0, 0.12], [0.0, 0.101053], [0.0, 0.077895], [0.0, 0.063158], [0.0, 0.048421], [0.0, 0.033684], [0.0, 0.014737], [0.0, 0.0], [0.02305, 0.0], [0.053191, 0.0], [0.072695, 0.0], [0.090426, 0.0], [0.108156, 0.0], [0.129433, 0.0], [0.152482, 0.0], [0.180851, 0.0], [0.216312, 0.0], [0.253546, 0.0], [0.297872, 0.0], [0.326241, 0.0], [0.347518, 0.0], [0.367021, 0.0], [0.382979, 0.0], [0.397163, 0.0], [0.413121, 0.0], [0.427305, 0.0], [0.439716, 0.0]]",47120,0.17588652482269504,0,0,262,215
015.jpg,474,600,BG,non-AOI / background,background,non_aoi,predefined-region initialization leaves unassigned space outside AOIs,0,,,,,,1020,0.003586497890295359,0,0,474,600
015.jpg,474,600,AOI1,AOI 5,rect,manual,,1,0.00211,0.003333,0.99789,0.996667,,79877,0.28086146272855134,1,2,473,598
015.jpg,474,600,AOI2,AOI 1,polygon,manual,,2,0.35654,0.0,0.6434599999999999,0.615,"[[0.745948, 0.012981], [0.720959, 0.021095], [0.693888, 0.032453], [0.666817, 0.040568], [0.64391, 0.051926], [0.625169, 0.061662], [0.610592, 0.068153], [0.598098, 0.074644], [0.581439, 0.081134], [0.564779, 0.087625], [0.54812, 0.098984], [0.531461, 0.105475], [0.51272, 0.113589], [0.491896, 0.123325], [0.473154, 0.129815], [0.454412, 0.137929], [0.435671, 0.146042], [0.419012, 0.154155], [0.406518, 0.160646], [0.389858, 0.170382], [0.377364, 0.180119], [0.381528, 0.196346], [0.381528, 0.232044], [0.381528, 0.292084], [0.379447, 0.36186], [0.377364, 0.421899], [0.375281, 0.465712], [0.373199, 0.499788], [0.369034, 0.522507], [0.36487, 0.543601], [0.360704, 0.558205], [0.358623, 0.571187], [0.358623, 0.582546], [0.35654, 0.595528], [0.35654, 0.605264], [0.35654, 0.615], [0.36487, 0.615], [0.387775, 0.603641], [0.408599, 0.59715], [0.427342, 0.592282], [0.446083, 0.585792], [0.458577, 0.580924], [0.475236, 0.574432], [0.50439, 0.563073], [0.529378, 0.551715], [0.552285, 0.543601], [0.579356, 0.53062], [0.606427, 0.517639], [0.641827, 0.503034], [0.673064, 0.490052], [0.693888, 0.480316], [0.710547, 0.473826], [0.727206, 0.467335], [0.741783, 0.459222], [0.756359, 0.452731], [0.768854, 0.442994], [0.78343, 0.434881], [0.795925, 0.425145], [0.814667, 0.415409], [0.822996, 0.407295], [0.831326, 0.395937], [0.850067, 0.374841], [0.868809, 0.353746], [0.887551, 0.331029], [0.908375, 0.309934], [0.927116, 0.292084], [0.943775, 0.275857], [0.954187, 0.266121], [0.964599, 0.256385], [0.972928, 0.245027], [0.98334, 0.233667], [0.993752, 0.227176], [1.0, 0.21744], [1.0, 0.191478], [0.997917, 0.167137], [0.995835, 0.149287], [0.995835, 0.131438], [0.995835, 0.113589], [0.995835, 0.095738], [0.995835, 0.077889], [0.995835, 0.061662], [0.995835, 0.043813], [0.995835, 0.025963], [0.993752, 0.016227], [0.993752, 0.004868], [0.98334, 0.0], [0.945857, 0.0], [0.912539, 0.0], [0.887551, 0.0], [0.868809, 0.0], [0.854232, 0.0], [0.837573, 0.0], [0.816749, 0.0], [0.798007, 0.0], [0.78343, 0.0], [0.762606, 0.0], [0.743865, 0.0], [0.729288, 0.0], [0.720959, 0.0]]",72293,0.25419479606188466,169,0,305,370
015.jpg,474,600,AOI3,AOI 2,polygon,manual,,3,0.35654,0.546667,0.639241,0.451666,"[[0.993712, 0.941673], [0.993712, 0.93196], [0.987505, 0.912533], [0.973024, 0.889868], [0.958543, 0.867204], [0.944062, 0.847778], [0.933719, 0.833208], [0.923374, 0.821875], [0.917168, 0.810544], [0.910962, 0.799211], [0.902687, 0.787879], [0.896481, 0.776548], [0.890275, 0.763596], [0.886138, 0.753883], [0.879932, 0.744169], [0.873725, 0.734456], [0.867518, 0.724743], [0.859243, 0.711792], [0.846831, 0.698841], [0.836488, 0.681033], [0.824076, 0.664845], [0.815801, 0.651893], [0.807525, 0.638943], [0.79925, 0.624373], [0.793044, 0.61304], [0.786838, 0.60009], [0.780632, 0.590376], [0.776494, 0.580663], [0.770288, 0.567712], [0.762013, 0.557999], [0.757876, 0.548286], [0.745463, 0.546667], [0.730982, 0.551523], [0.71857, 0.55638], [0.70202, 0.559617], [0.681332, 0.562856], [0.662714, 0.566093], [0.642027, 0.57095], [0.623407, 0.574187], [0.600651, 0.579044], [0.584102, 0.583901], [0.571689, 0.587139], [0.559276, 0.590376], [0.546864, 0.591996], [0.524108, 0.595233], [0.511695, 0.596852], [0.495145, 0.60009], [0.476527, 0.603327], [0.464115, 0.604946], [0.451702, 0.608184], [0.433083, 0.611422], [0.420671, 0.614659], [0.404121, 0.617897], [0.38964, 0.621135], [0.375159, 0.622754], [0.362746, 0.624373], [0.35654, 0.630849], [0.366884, 0.643799], [0.375159, 0.655132], [0.381365, 0.664845], [0.385502, 0.674558], [0.38964, 0.68589], [0.393777, 0.695603], [0.395846, 0.708555], [0.397915, 0.721505], [0.399984, 0.732838], [0.402053, 0.745789], [0.404121, 0.760358], [0.40619, 0.776548], [0.408259, 0.794355], [0.412396, 0.810544], [0.416534, 0.826732], [0.42274, 0.846159], [0.428946, 0.868824], [0.435152, 0.889868], [0.441358, 0.910914], [0.447564, 0.930341], [0.45377, 0.94491], [0.457909, 0.957861], [0.464115, 0.969194], [0.470321, 0.980526], [0.478596, 0.990239], [0.488939, 0.996714], [0.507558, 0.996714], [0.536521, 0.998333], [0.579964, 0.998333], [0.627545, 0.998333], [0.683401, 0.998333], [0.733051, 0.998333], [0.774426, 0.998333], [0.803387, 0.998333], [0.830282, 0.998333], [0.853037, 0.998333], [0.873725, 0.998333], [0.890275, 0.998333], [0.908893, 0.998333], [0.925443, 0.998333], [0.941994, 0.998333], [0.956475, 0.998333], [0.97923, 0.998333], [0.993712, 0.998333], [0.995781, 0.98862], [0.995781, 0.965956], [0.995781, 0.94491], [0.995781, 0.919008], [0.995781, 0.906057], [0.995781, 0.896344], [0.995781, 0.891487]]",58011,0.20397679324894516,169,328,304,272
015.jpg,474,600,AOI4,AOI 3,polygon,manual,,4,0.027426,0.62,0.331224,0.38,"[[0.045065, 0.666667], [0.066624, 0.666667], [0.092103, 0.666667], [0.121502, 0.665], [0.15286, 0.66], [0.174419, 0.653334], [0.188138, 0.651667], [0.201858, 0.648334], [0.219497, 0.643334], [0.239096, 0.638334], [0.252815, 0.635], [0.266534, 0.63], [0.282214, 0.628334], [0.295933, 0.625], [0.309652, 0.621667], [0.323372, 0.62], [0.337091, 0.62], [0.337091, 0.631667], [0.337091, 0.645], [0.337091, 0.655], [0.337091, 0.665], [0.337091, 0.676667], [0.337091, 0.69], [0.337091, 0.703334], [0.337091, 0.718334], [0.337091, 0.733334], [0.337091, 0.743334], [0.337091, 0.755], [0.339051, 0.766667], [0.339051, 0.78], [0.341011, 0.791667], [0.342971, 0.805], [0.342971, 0.82], [0.344931, 0.836667], [0.344931, 0.853334], [0.344931, 0.87], [0.34689, 0.886667], [0.34689, 0.9], [0.34689, 0.911667], [0.34885, 0.923334], [0.35081, 0.938334], [0.35277, 0.95], [0.35669, 0.961667], [0.35669, 0.975], [0.35865, 0.985], [0.35865, 0.995], [0.342971, 0.993334], [0.327291, 0.993334], [0.309652, 0.993334], [0.293973, 0.993334], [0.276334, 0.993334], [0.256735, 0.993334], [0.237136, 0.991667], [0.217537, 0.99], [0.201858, 0.99], [0.188138, 0.99], [0.176379, 0.99], [0.16266, 0.993334], [0.14894, 0.996667], [0.133261, 0.998334], [0.119542, 1.0], [0.103862, 1.0], [0.088183, 1.0], [0.074464, 1.0], [0.066624, 0.995], [0.066624, 0.981667], [0.066624, 0.97], [0.066624, 0.958334], [0.064664, 0.948334], [0.060745, 0.931667], [0.056825, 0.921667], [0.052905, 0.908334], [0.048985, 0.895], [0.045065, 0.885], [0.043105, 0.875], [0.041146, 0.863334], [0.037226, 0.848334], [0.035266, 0.833334], [0.035266, 0.82], [0.033306, 0.808334], [0.031346, 0.796667], [0.031346, 0.785], [0.031346, 0.773334], [0.031346, 0.758334], [0.031346, 0.743334], [0.031346, 0.731667], [0.029386, 0.718334], [0.029386, 0.708334], [0.029386, 0.696667], [0.027426, 0.686667], [0.027426, 0.676667], [0.027426, 0.671667]]",29955,0.10532700421940928,13,372,158,228
015.jpg,474,600,AOI5,AOI 4,polygon,manual,,5,0.0,0.0,0.466245,0.588333,"[[0.451477, 0.005], [0.449367, 0.018333], [0.438819, 0.031667], [0.43038, 0.041667], [0.419831, 0.055], [0.409283, 0.068333], [0.398734, 0.078333], [0.388186, 0.091667], [0.381857, 0.105], [0.377637, 0.12], [0.373418, 0.13], [0.369198, 0.143333], [0.364979, 0.155], [0.360759, 0.168333], [0.35654, 0.181667], [0.352321, 0.198333], [0.345992, 0.215], [0.341772, 0.228333], [0.335443, 0.243333], [0.329114, 0.256667], [0.324895, 0.27], [0.318565, 0.281667], [0.312236, 0.295], [0.305907, 0.306667], [0.297468, 0.318333], [0.291139, 0.331667], [0.2827, 0.348333], [0.274262, 0.365], [0.265823, 0.38], [0.253165, 0.393333], [0.240506, 0.405], [0.229958, 0.416667], [0.21519, 0.431667], [0.204641, 0.441667], [0.196203, 0.451667], [0.185654, 0.465], [0.177215, 0.475], [0.162447, 0.488333], [0.147679, 0.501667], [0.137131, 0.511667], [0.126582, 0.523333], [0.118143, 0.533333], [0.105485, 0.541667], [0.088608, 0.548333], [0.075949, 0.555], [0.065401, 0.565], [0.052743, 0.57], [0.040084, 0.575], [0.027426, 0.58], [0.014768, 0.583333], [0.00211, 0.588333], [0.00211, 0.576667], [0.00211, 0.566667], [0.00211, 0.553333], [0.004219, 0.525], [0.006329, 0.5], [0.008439, 0.48], [0.010549, 0.466667], [0.010549, 0.455], [0.010549, 0.445], [0.010549, 0.435], [0.008439, 0.423333], [0.006329, 0.411667], [0.004219, 0.396667], [0.004219, 0.378333], [0.00211, 0.356667], [0.00211, 0.34], [0.0, 0.326667], [0.0, 0.315], [0.0, 0.305], [0.0, 0.291667], [0.0, 0.281667], [0.0, 0.27], [0.0, 0.26], [0.0, 0.25], [0.0, 0.24], [0.0, 0.228333], [0.008439, 0.216667], [0.016878, 0.205], [0.023207, 0.193333], [0.033755, 0.178333], [0.042194, 0.165], [0.052743, 0.151667], [0.059072, 0.14], [0.063291, 0.13], [0.07173, 0.118333], [0.075949, 0.108333], [0.082278, 0.095], [0.086498, 0.08], [0.090717, 0.068333], [0.094937, 0.058333], [0.101266, 0.046667], [0.107595, 0.035], [0.118143, 0.023333], [0.126582, 0.011667], [0.139241, 0.005], [0.154008, 0.005], [0.185654, 0.005], [0.225738, 0.001667], [0.257384, 0.0], [0.276371, 0.0], [0.299578, 0.0], [0.327004, 0.0], [0.35865, 0.0], [0.381857, 0.0], [0.402954, 0.0], [0.421941, 0.0], [0.438819, 0.0], [0.457806, 0.0], [0.466245, 0.0]]",43244,0.1520534458509142,0,0,222,354
016.jpg,750,591,BG,non-AOI / background,background,non_aoi,predefined-region initialization leaves unassigned space outside AOIs,0,,,,,,347673,0.7843722504230118,0,0,750,591
016.jpg,750,591,AOI1,operational region 1,rect,predefined_region_with_margin,pre-gaze coarse saliency region; region bounds expanded by margin 0.040 of image extent,1,0.596872,0.066383,0.219665,0.470071,,40036,0.09032374506486182,448,39,165,279
016.jpg,750,591,AOI2,operational region 2,ellipse,predefined_region_with_margin,pre-gaze coarse saliency region; region bounds expanded by margin 0.040 of image extent,2,0.122011,0.272057,0.320223,0.299858,,33670,0.07596164692611393,92,161,241,178
016.jpg,750,591,AOI3,operational region 3,ellipse,predefined_region_with_margin,pre-gaze coarse saliency region; region bounds expanded by margin 0.040 of image extent,3,0.457207,0.045106,0.225251,0.30695,,21871,0.04934235758601241,343,27,167,182
017.jpg,1200,1108,BG,non-AOI / background,background,non_aoi,predefined-region initialization leaves unassigned space outside AOIs,0,,,,,,0,0.0,0,0,0,0
017.jpg,1200,1108,AOI1,AOI 3,rect,manual,,1,0.137278,0.102564,0.711243,0.816667,,0,0.0,0,0,0,0
017.jpg,1200,1108,AOI2,operational region 1,rect,manual_adjusted_limited_radius,pre-gaze coarse saliency region; region bounds expanded by margin 0.040 of image extent,2,0.0,0.0,1.0,1.0,,792444,0.5960018050541517,0,0,1200,1108
017.jpg,1200,1108,AOI3,AOI 2,rect,manual,,3,0.198817,0.164103,0.577515,0.697436,,537156,0.4039981949458484,239,182,694,774
018.jpg,620,836,BG,non-AOI / background,background,non_aoi,predefined-region initialization leaves unassigned space outside AOIs,0,,,,,,1860,0.0035885167464114833,0,0,620,3
018.jpg,620,836,AOI1,AOI 4,rect,manual,,1,0.0,0.003846,1.0,0.996154,,390405,0.7532123012810619,0,3,620,833
018.jpg,620,836,AOI2,operational region 1,rect,manual_adjusted_limited_radius,pre-gaze coarse saliency region; region bounds expanded by margin 0.040 of image extent,2,0.189422,0.540547,0.398182,0.208492,,38624,0.07451767248032104,117,452,248,175
018.jpg,620,836,AOI3,operational region 2,ellipse,manual_adjusted_limited_radius,pre-gaze coarse saliency region; region bounds expanded by margin 0.040 of image extent,3,0.353756,0.153518,0.424791,0.370841,,64699,0.12482443278283686,219,128,265,311
018.jpg,620,836,AOI4,operational region 3,ellipse,manual_adjusted_limited_radius,pre-gaze coarse saliency region; region bounds expanded by margin 0.040 of image extent,4,0.064014,0.441282,0.183391,0.302308,,22732,0.04385707670936873,40,369,114,254
019.jpg,801,1200,BG,non-AOI / background,background,non_aoi,predefined-region initialization leaves unassigned space outside AOIs,0,,,,,,475720,0.49492301290054097,0,0,801,1200
019.jpg,801,1200,AOI1,operational region 2,ellipse,manual_adjusted_limited_radius,pre-gaze coarse saliency region; region bounds expanded by margin 0.040 of image extent,1,0.355941,0.036564,0.359989,0.32882,,88024,0.09157719517270078,285,44,289,376
019.jpg,801,1200,AOI2,operational region 3,rect,manual_adjusted_limited_radius,pre-gaze coarse saliency region; region bounds expanded by margin 0.040 of image extent,2,0.140115,0.75,0.723414,0.205128,,143507,0.14929983354140658,112,900,581,247
019.jpg,801,1200,AOI3,AOI 3,rect,manual,,3,0.274472,0.35,0.59501,0.398718,,228483,0.2377059925093633,220,420,477,479
019.jpg,801,1200,AOI4,AOI 4,rect,manual,,4,0.0,0.791026,0.132438,0.197436,,25466,0.02649396587598835,0,949,107,238
020.jpg,1200,828,BG,non-AOI / background,background,non_aoi,predefined-region initialization leaves unassigned space outside AOIs,0,,,,,,934,0.0009400161030595813,0,0,1200,676
020.jpg,1200,828,AOI1,AOI 4,rect,manual,,1,0.0,0.003846,0.99823,0.996154,,422113,0.42483192431561995,0,3,1199,673
020.jpg,1200,828,AOI2,AOI 2,rect,manual,,2,0.0,0.816667,1.0,0.183333,,182400,0.18357487922705315,0,676,1200,152
020.jpg,1200,828,AOI3,AOI 3,polygon,manual,,3,0.0,0.0,1.0,0.376923,"[[0.993789, 0.284001], [0.984916, 0.286619], [0.974268, 0.294471], [0.964508, 0.301015], [0.956522, 0.30625], [0.949423, 0.311485], [0.942325, 0.315411], [0.934339, 0.319338], [0.924579, 0.323264], [0.912156, 0.328499], [0.898846, 0.333734], [0.885537, 0.338969], [0.87134, 0.341587], [0.855368, 0.342895], [0.842946, 0.342895], [0.832298, 0.344204], [0.824312, 0.346822], [0.818101, 0.34813], [0.812777, 0.34813], [0.804791, 0.349439], [0.80213, 0.345513], [0.799468, 0.340278], [0.780834, 0.338969], [0.724933, 0.361218], [0.703638, 0.372997], [0.697427, 0.372997], [0.691216, 0.375614], [0.685892, 0.376923], [0.680568, 0.376923], [0.673469, 0.376923], [0.667258, 0.376923], [0.659272, 0.376923], [0.652174, 0.376923], [0.645963, 0.376923], [0.638864, 0.375614], [0.630878, 0.375614], [0.62378, 0.372997], [0.617569, 0.372997], [0.608696, 0.371688], [0.598935, 0.371688], [0.5874, 0.370379], [0.578527, 0.367762], [0.568767, 0.366453], [0.559006, 0.366453], [0.549246, 0.365144], [0.540373, 0.363835], [0.530612, 0.362527], [0.519077, 0.361218], [0.506655, 0.361218], [0.494232, 0.361218], [0.480923, 0.359909], [0.464951, 0.357292], [0.453416, 0.354674], [0.447205, 0.353365], [0.440106, 0.350748], [0.432121, 0.349439], [0.421473, 0.352057], [0.409938, 0.357292], [0.397516, 0.361218], [0.385093, 0.363835], [0.374445, 0.366453], [0.365572, 0.367762], [0.359361, 0.370379], [0.350488, 0.370379], [0.340728, 0.371688], [0.331854, 0.371688], [0.323869, 0.372997], [0.314996, 0.372997], [0.30701, 0.374306], [0.299024, 0.374306], [0.291038, 0.374306], [0.281278, 0.375614], [0.269743, 0.375614], [0.25732, 0.375614], [0.244011, 0.375614], [0.230701, 0.375614], [0.217391, 0.374306], [0.204969, 0.372997], [0.194321, 0.372997], [0.184561, 0.371688], [0.176575, 0.369071], [0.168589, 0.366453], [0.160603, 0.362527], [0.150843, 0.361218], [0.139308, 0.357292], [0.120674, 0.353365], [0.098492, 0.346822], [0.079858, 0.341587], [0.065661, 0.336351], [0.056788, 0.332425], [0.051464, 0.331116], [0.045253, 0.328499], [0.039929, 0.321955], [0.033718, 0.312794], [0.027507, 0.299706], [0.017746, 0.280075], [0.007098, 0.261752], [0.001775, 0.249973], [0.0, 0.240812], [0.0, 0.223798], [0.000887, 0.208093], [0.003549, 0.18977], [0.006211, 0.16883], [0.00976, 0.130876], [0.010648, 0.096848], [0.012422, 0.083761], [0.012422, 0.064129], [0.012422, 0.05235], [0.011535, 0.039263], [0.010648, 0.028793], [0.010648, 0.017014], [0.010648, 0.009161], [0.032831, 0.009161], [0.093168, 0.0], [0.170364, 0.0], [0.259095, 0.0], [0.377107, 0.0], [0.51819, 0.0], [0.65661, 0.0], [0.78882, 0.0], [0.897959, 0.0], [0.974268, 0.0], [1.0, 0.0]]",344732,0.3469524959742351,0,0,1200,313
020.jpg,1200,828,AOI4,AOI 1,polygon,manual,,4,0.485841,0.296154,0.16460099999999994,0.39743600000000007,"[[0.557522, 0.297436], [0.550442, 0.297436], [0.544248, 0.302564], [0.539823, 0.310256], [0.536283, 0.317949], [0.532743, 0.328205], [0.530088, 0.341026], [0.529204, 0.352564], [0.529204, 0.365385], [0.528319, 0.376923], [0.526549, 0.388462], [0.523009, 0.403846], [0.520354, 0.415385], [0.517699, 0.424359], [0.514159, 0.434615], [0.507965, 0.44359], [0.50177, 0.452564], [0.49646, 0.466667], [0.492035, 0.483333], [0.488496, 0.503846], [0.485841, 0.524359], [0.485841, 0.54359], [0.485841, 0.558974], [0.485841, 0.573077], [0.485841, 0.585897], [0.485841, 0.598718], [0.487611, 0.614103], [0.489381, 0.628205], [0.49115, 0.639744], [0.49292, 0.647436], [0.50177, 0.660256], [0.511504, 0.667949], [0.521239, 0.675641], [0.530088, 0.682051], [0.544248, 0.688462], [0.558407, 0.692308], [0.570796, 0.69359], [0.581416, 0.69359], [0.59115, 0.691026], [0.599115, 0.687179], [0.60531, 0.683333], [0.611504, 0.678205], [0.616814, 0.671795], [0.623894, 0.664103], [0.629204, 0.655128], [0.635398, 0.642308], [0.640708, 0.626923], [0.644248, 0.614103], [0.646903, 0.601282], [0.649558, 0.589744], [0.650442, 0.575641], [0.650442, 0.561538], [0.649558, 0.544872], [0.643363, 0.525641], [0.636283, 0.510256], [0.630973, 0.501282], [0.627434, 0.49359], [0.621239, 0.480769], [0.616814, 0.470513], [0.612389, 0.458974], [0.60708, 0.447436], [0.60354, 0.435897], [0.600885, 0.423077], [0.597345, 0.408974], [0.593805, 0.39359], [0.590265, 0.378205], [0.587611, 0.364103], [0.584956, 0.353846], [0.583186, 0.346154], [0.581416, 0.337179], [0.578761, 0.328205], [0.575221, 0.317949], [0.570796, 0.310256], [0.565487, 0.301282], [0.560177, 0.296154], [0.556637, 0.296154]]",43421,0.043700684380032204,583,245,199,330
021.jpg,567,800,BG,non-AOI / background,background,non_aoi,predefined-region initialization leaves unassigned space outside AOIs,0,,,,,,0,0.0,0,0,0,0
021.jpg,567,800,AOI1,AOI 5,rect,manual,,1,0.0,0.0,1.0,1.0,,289798,0.638884479717813,0,0,567,800
021.jpg,567,800,AOI2,operational region 1,ellipse,manual_adjusted_limited_radius,pre-gaze coarse saliency region; region bounds expanded by margin 0.040 of image extent,2,0.135624,0.467949,0.58047,0.394872,,77906,0.1717504409171076,77,374,330,317
021.jpg,567,800,AOI3,operational region 2,ellipse,manual_adjusted_limited_radius,pre-gaze coarse saliency region; region bounds expanded by margin 0.040 of image extent,3,0.597795,0.315385,0.286473,0.361487,,35466,0.07818783068783068,339,278,163,264
021.jpg,567,800,AOI4,AOI 4,ellipse,manual,,4,0.34358,0.173077,0.271248,0.237179,,20070,0.04424603174603175,195,138,146,191
021.jpg,567,800,AOI5,operational region 3,rect,manual_adjusted_limited_radius,pre-gaze coarse saliency region; region bounds expanded by margin 0.040 of image extent,5,0.55877,0.117949,0.289331,0.228205,,30360,0.06693121693121692,317,94,165,184
022.jpg,476,600,BG,non-AOI / background,background,non_aoi,predefined-region initialization leaves unassigned space outside AOIs,0,,,,,,285600,1.0,0,0,476,600
023.jpg,1648,2398,BG,non-AOI / background,background,non_aoi,predefined-region initialization leaves unassigned space outside AOIs,0,,,,,,3065706,0.7757541681174441,0,0,1648,2398
023.jpg,1648,2398,AOI1,operational region 1,rect,predefined_region_with_margin,pre-gaze coarse saliency region; region bounds expanded by margin 0.040 of image extent,1,0.537236,0.23933,0.445854,0.219665,,345584,0.08744746835955529,885,574,736,528
023.jpg,1648,2398,AOI2,operational region 2,ellipse,predefined_region_with_margin,pre-gaze coarse saliency region; region bounds expanded by margin 0.040 of image extent,2,0.171382,0.066145,0.323902,0.30905,,303379,0.07676780610055305,282,159,519,742
023.jpg,1648,2398,AOI3,operational region 3,ellipse,predefined_region_with_margin,pre-gaze coarse saliency region; region bounds expanded by margin 0.040 of image extent,3,0.455935,0.060559,0.315772,0.269944,,237235,0.060030557422447506,764,145,509,636
024.jpg,445,600,BG,non-AOI / background,background,non_aoi,predefined-region initialization leaves unassigned space outside AOIs,0,,,,,,1808,0.006771535580524344,107,143,338,457
024.jpg,445,600,AOI1,operational region 1,rect,manual_adjusted_limited_radius,pre-gaze coarse saliency region; region bounds expanded by margin 0.040 of image extent,1,0.244944,0.436667,0.748315,0.563333,,112892,0.42281647940074907,109,262,334,338
024.jpg,445,600,AOI2,operational region 2,rect,manual_adjusted_limited_radius,pre-gaze coarse saliency region; region bounds expanded by margin 0.040 of image extent,2,0.0,0.0,1.0,0.236667,,63635,0.23833333333333334,0,0,445,143
024.jpg,445,600,AOI3,operational region 3,rect,manual_adjusted_limited_radius,pre-gaze coarse saliency region; region bounds expanded by margin 0.040 of image extent,3,0.0,0.238333,0.238202,0.761667,,48899,0.18314232209737827,0,143,107,457
024.jpg,445,600,AOI4,AOI 4,rect,manual,,4,0.242697,0.238333,0.757303,0.195,,39766,0.14893632958801498,108,143,337,118
025.jpg,802,1088,BG,non-AOI / background,background,non_aoi,predefined-region initialization leaves unassigned space outside AOIs,0,,,,,,1889,0.0021648544080974034,0,0,802,1088
025.jpg,802,1088,AOI1,AOI 5,rect,manual,,1,0.001739,0.001282,0.998261,0.998718,,523949,0.6004623093002787,1,1,801,1087
025.jpg,802,1088,AOI2,AOI 4,ellipse,manual,,2,0.133913,0.105128,0.754783,0.587179,,185773,0.21290179881179405,107,114,607,637
025.jpg,802,1088,AOI3,AOI 2,polygon,manual,,3,0.333913,0.337179,0.40869599999999995,0.33718000000000004,"[[0.431304, 0.376923], [0.443478, 0.369231], [0.46087, 0.362821], [0.483478, 0.355128], [0.502609, 0.348718], [0.525217, 0.34359], [0.551304, 0.338462], [0.570435, 0.337179], [0.584348, 0.337179], [0.6, 0.337179], [0.613913, 0.337179], [0.626087, 0.337179], [0.64, 0.338462], [0.655652, 0.342308], [0.671304, 0.35], [0.693913, 0.362821], [0.711304, 0.373077], [0.723478, 0.379487], [0.732174, 0.391026], [0.73913, 0.405128], [0.742609, 0.426923], [0.742609, 0.45], [0.742609, 0.476923], [0.74087, 0.488462], [0.733913, 0.498718], [0.725217, 0.511538], [0.716522, 0.521795], [0.709565, 0.529487], [0.697391, 0.538462], [0.683478, 0.551282], [0.671304, 0.561538], [0.65913, 0.570513], [0.646957, 0.579487], [0.636522, 0.589744], [0.629565, 0.598718], [0.624348, 0.607692], [0.617391, 0.617949], [0.610435, 0.629487], [0.601739, 0.638462], [0.589565, 0.648718], [0.573913, 0.65641], [0.561739, 0.665385], [0.551304, 0.671795], [0.54087, 0.674359], [0.521739, 0.674359], [0.507826, 0.674359], [0.493913, 0.674359], [0.481739, 0.670513], [0.467826, 0.664103], [0.455652, 0.658974], [0.441739, 0.653846], [0.427826, 0.646154], [0.412174, 0.635897], [0.398261, 0.629487], [0.386087, 0.624359], [0.375652, 0.621795], [0.363478, 0.615385], [0.354783, 0.605128], [0.347826, 0.597436], [0.34087, 0.584615], [0.335652, 0.575641], [0.333913, 0.562821], [0.333913, 0.552564], [0.33913, 0.541026], [0.349565, 0.529487], [0.358261, 0.520513], [0.368696, 0.512821], [0.382609, 0.5], [0.391304, 0.485897], [0.4, 0.475641], [0.405217, 0.467949], [0.408696, 0.460256], [0.410435, 0.447436], [0.410435, 0.434615], [0.412174, 0.425641], [0.413913, 0.416667], [0.417391, 0.408974], [0.41913, 0.397436], [0.422609, 0.389744], [0.427826, 0.379487], [0.429565, 0.375641]]",82161,0.09415913341645886,268,367,329,359
025.jpg,802,1088,AOI4,AOI 3,polygon,manual,,4,0.085217,0.517949,0.48521800000000004,0.30000000000000004,"[[0.32, 0.578205], [0.325217, 0.588462], [0.33913, 0.597436], [0.349565, 0.603846], [0.363478, 0.612821], [0.373913, 0.619231], [0.386087, 0.625641], [0.398261, 0.629487], [0.413913, 0.635897], [0.424348, 0.638462], [0.434783, 0.641026], [0.446957, 0.64359], [0.46087, 0.646154], [0.476522, 0.65], [0.490435, 0.652564], [0.504348, 0.655128], [0.518261, 0.65641], [0.530435, 0.658974], [0.542609, 0.661538], [0.554783, 0.665385], [0.565217, 0.670513], [0.570435, 0.678205], [0.565217, 0.687179], [0.554783, 0.696154], [0.542609, 0.702564], [0.530435, 0.708974], [0.523478, 0.716667], [0.518261, 0.724359], [0.513043, 0.732051], [0.506087, 0.741026], [0.50087, 0.75], [0.492174, 0.757692], [0.483478, 0.764103], [0.473043, 0.770513], [0.455652, 0.771795], [0.443478, 0.773077], [0.433043, 0.767949], [0.424348, 0.762821], [0.413913, 0.766667], [0.403478, 0.774359], [0.396522, 0.782051], [0.394783, 0.792308], [0.391304, 0.8], [0.386087, 0.807692], [0.375652, 0.814103], [0.365217, 0.817949], [0.349565, 0.817949], [0.335652, 0.816667], [0.323478, 0.810256], [0.314783, 0.801282], [0.311304, 0.792308], [0.309565, 0.782051], [0.307826, 0.770513], [0.306087, 0.758974], [0.302609, 0.75], [0.29913, 0.739744], [0.288696, 0.730769], [0.278261, 0.728205], [0.266087, 0.721795], [0.253913, 0.719231], [0.241739, 0.717949], [0.227826, 0.716667], [0.217391, 0.714103], [0.203478, 0.710256], [0.191304, 0.70641], [0.177391, 0.702564], [0.165217, 0.697436], [0.154783, 0.69359], [0.14087, 0.688462], [0.128696, 0.680769], [0.113043, 0.669231], [0.102609, 0.661538], [0.093913, 0.652564], [0.088696, 0.64359], [0.085217, 0.633333], [0.085217, 0.623077], [0.085217, 0.611538], [0.093913, 0.602564], [0.106087, 0.594872], [0.12, 0.588462], [0.132174, 0.580769], [0.146087, 0.570513], [0.156522, 0.560256], [0.165217, 0.551282], [0.17913, 0.539744], [0.191304, 0.532051], [0.203478, 0.525641], [0.22087, 0.520513], [0.236522, 0.517949], [0.252174, 0.519231], [0.266087, 0.528205], [0.28, 0.541026], [0.290435, 0.55], [0.29913, 0.561538], [0.306087, 0.570513], [0.311304, 0.578205]]",58524,0.06707037553175883,68,571,390,320
025.jpg,802,1088,AOI5,operational region 1,ellipse,manual_adjusted_limited_radius,pre-gaze coarse saliency region; region bounds expanded by margin 0.040 of image extent,5,0.189565,0.388462,0.175652,0.166667,,20280,0.023241528531612148,152,423,142,182
026.jpg,1200,1017,BG,non-AOI / background,background,non_aoi,predefined-region initialization leaves unassigned space outside AOIs,0,,,,,,0,0.0,0,0,0,0
026.jpg,1200,1017,AOI1,AOI 5,rect,manual,,1,0.0,0.0,1.0,1.0,,467123,0.3827622091117666,0,0,1200,1017
026.jpg,1200,1017,AOI2,operational region 2,rect,manual_adjusted_limited_radius,pre-gaze coarse saliency region; region bounds expanded by margin 0.040 of image extent,2,0.082905,0.132051,0.305138,0.829487,,274876,0.22523434939364143,99,134,368,845
026.jpg,1200,1017,AOI3,AOI 2,rect,manual,,3,0.596739,0.115385,0.244565,0.869231,,261075,0.21392576204523106,716,117,295,885
026.jpg,1200,1017,AOI4,AOI 3,polygon,manual,,4,0.211957,0.0,0.341304,0.358974,"[[0.486957, 0.007692], [0.495652, 0.007692], [0.504348, 0.010256], [0.513043, 0.021795], [0.520652, 0.032051], [0.526087, 0.042308], [0.528261, 0.051282], [0.527174, 0.060256], [0.518478, 0.073077], [0.511957, 0.080769], [0.507609, 0.088462], [0.509783, 0.096154], [0.517391, 0.102564], [0.523913, 0.107692], [0.530435, 0.111538], [0.540217, 0.117949], [0.546739, 0.120513], [0.553261, 0.128205], [0.553261, 0.137179], [0.55, 0.148718], [0.547826, 0.15641], [0.543478, 0.167949], [0.541304, 0.175641], [0.53587, 0.187179], [0.532609, 0.194872], [0.529348, 0.205128], [0.527174, 0.215385], [0.523913, 0.226923], [0.521739, 0.234615], [0.518478, 0.242308], [0.516304, 0.251282], [0.513043, 0.261538], [0.51087, 0.270513], [0.508696, 0.280769], [0.506522, 0.291026], [0.503261, 0.3], [0.5, 0.307692], [0.495652, 0.315385], [0.490217, 0.323077], [0.483696, 0.329487], [0.476087, 0.334615], [0.468478, 0.338462], [0.455435, 0.342308], [0.444565, 0.344872], [0.436957, 0.346154], [0.428261, 0.35], [0.420652, 0.352564], [0.409783, 0.355128], [0.397826, 0.355128], [0.381522, 0.35641], [0.366304, 0.357692], [0.354348, 0.357692], [0.342391, 0.357692], [0.332609, 0.357692], [0.323913, 0.358974], [0.315217, 0.358974], [0.306522, 0.358974], [0.298913, 0.357692], [0.292391, 0.352564], [0.28587, 0.347436], [0.280435, 0.339744], [0.273913, 0.332051], [0.270652, 0.324359], [0.265217, 0.314103], [0.263043, 0.305128], [0.26087, 0.296154], [0.259783, 0.287179], [0.259783, 0.273077], [0.259783, 0.261538], [0.259783, 0.246154], [0.259783, 0.237179], [0.263043, 0.229487], [0.265217, 0.214103], [0.265217, 0.205128], [0.26087, 0.196154], [0.253261, 0.184615], [0.244565, 0.173077], [0.23913, 0.165385], [0.233696, 0.157692], [0.228261, 0.144872], [0.225, 0.133333], [0.222826, 0.123077], [0.220652, 0.115385], [0.218478, 0.107692], [0.216304, 0.096154], [0.21413, 0.085897], [0.211957, 0.067949], [0.211957, 0.048718], [0.211957, 0.039744], [0.211957, 0.028205], [0.213043, 0.019231], [0.21413, 0.011538], [0.216304, 0.002564], [0.226087, 0.0], [0.242391, 0.0], [0.278261, 0.0], [0.353261, 0.0], [0.415217, 0.0], [0.45, 0.0], [0.46087, 0.0], [0.469565, 0.0], [0.478261, 0.0], [0.488043, 0.0], [0.496739, 0.0]]",119886,0.09823500491642084,254,0,411,366
026.jpg,1200,1017,AOI5,AOI 4,rect,manual,,5,0.397826,0.365385,0.143478,0.55,,97440,0.07984267453294001,477,372,174,560
027.jpg,505,600,BG,non-AOI / background,background,non_aoi,predefined-region initialization leaves unassigned space outside AOIs,0,,,,,,258851,0.8542937293729372,0,0,505,600
027.jpg,505,600,AOI1,operational region 1,ellipse,predefined_region_with_margin,pre-gaze coarse saliency region; region bounds expanded by margin 0.040 of image extent,1,0.353333,0.094078,0.34,0.465475,,32850,0.10841584158415841,178,56,173,281
027.jpg,505,600,AOI2,operational region 2,ellipse,predefined_region_with_margin,pre-gaze coarse saliency region; region bounds expanded by margin 0.040 of image extent,2,0.333333,0.278436,0.206667,0.147039,,5717,0.01886798679867987,168,167,88,89
027.jpg,505,600,AOI3,operational region 3,ellipse,predefined_region_with_margin,pre-gaze coarse saliency region; region bounds expanded by margin 0.040 of image extent,3,0.42,0.585698,0.153333,0.147039,,5582,0.018422442244224423,212,351,79,90
028.jpg,619,800,BG,non-AOI / background,background,non_aoi,predefined-region initialization leaves unassigned space outside AOIs,0,,,,,,1669,0.0033703554119547657,0,0,619,800
028.jpg,619,800,AOI1,operational region 2,rect,manual_adjusted_limited_radius,pre-gaze coarse saliency region; region bounds expanded by margin 0.040 of image extent,1,0.128131,0.741026,0.865247,0.258974,,94663,0.19116114701130857,80,594,536,206
028.jpg,619,800,AOI2,AOI 4,rect,manual,,2,0.003311,0.001282,0.996689,0.739744,,226967,0.45833400646203554,2,1,617,593
028.jpg,619,800,AOI3,operational region 1,rect,manual_adjusted_limited_radius,pre-gaze coarse saliency region; region bounds expanded by margin 0.040 of image extent,3,0.0,0.639744,0.127483,0.360256,,22280,0.044991922455573506,0,518,80,282
028.jpg,619,800,AOI4,AOI 3,polygon,manual,,4,0.0,0.226923,0.61755,0.7179490000000001,"[[0.001656, 0.270513], [0.023179, 0.270513], [0.054636, 0.270513], [0.082781, 0.270513], [0.102649, 0.266667], [0.120861, 0.260256], [0.135762, 0.253846], [0.149007, 0.248718], [0.163907, 0.244872], [0.178808, 0.239744], [0.19702, 0.235897], [0.216887, 0.232051], [0.233444, 0.230769], [0.248344, 0.229487], [0.266556, 0.229487], [0.291391, 0.228205], [0.317881, 0.226923], [0.339404, 0.226923], [0.360927, 0.226923], [0.380795, 0.230769], [0.399007, 0.234615], [0.412252, 0.237179], [0.422185, 0.241026], [0.432119, 0.247436], [0.445364, 0.255128], [0.456954, 0.265385], [0.470199, 0.278205], [0.481788, 0.288462], [0.493377, 0.298718], [0.503311, 0.307692], [0.514901, 0.316667], [0.52649, 0.324359], [0.536424, 0.334615], [0.543046, 0.346154], [0.549669, 0.355128], [0.554636, 0.365385], [0.559603, 0.376923], [0.566225, 0.391026], [0.571192, 0.405128], [0.574503, 0.420513], [0.581126, 0.435897], [0.586093, 0.451282], [0.59106, 0.470513], [0.596026, 0.491026], [0.600993, 0.508974], [0.604305, 0.526923], [0.610927, 0.548718], [0.614238, 0.564103], [0.61755, 0.576923], [0.61755, 0.588462], [0.61755, 0.6], [0.61755, 0.614103], [0.615894, 0.626923], [0.614238, 0.641026], [0.610927, 0.65], [0.604305, 0.658974], [0.597682, 0.670513], [0.592715, 0.678205], [0.589404, 0.685897], [0.589404, 0.698718], [0.589404, 0.719231], [0.59106, 0.729487], [0.594371, 0.742308], [0.594371, 0.767949], [0.596026, 0.788462], [0.597682, 0.8], [0.597682, 0.812821], [0.594371, 0.824359], [0.584437, 0.842308], [0.576159, 0.857692], [0.566225, 0.876923], [0.551325, 0.888462], [0.533113, 0.90641], [0.524834, 0.917949], [0.511589, 0.929487], [0.495033, 0.941026], [0.480132, 0.944872], [0.465232, 0.944872], [0.448675, 0.937179], [0.437086, 0.921795], [0.433775, 0.907692], [0.430464, 0.888462], [0.425497, 0.873077], [0.422185, 0.858974], [0.418874, 0.838462], [0.418874, 0.824359], [0.418874, 0.8], [0.410596, 0.774359], [0.397351, 0.751282], [0.387417, 0.739744], [0.377483, 0.729487], [0.364238, 0.724359], [0.354305, 0.733333], [0.337748, 0.747436], [0.316225, 0.752564], [0.289735, 0.75641], [0.264901, 0.758974], [0.251656, 0.760256], [0.238411, 0.75641], [0.218543, 0.746154], [0.203642, 0.738462], [0.180464, 0.717949], [0.168874, 0.702564], [0.160596, 0.691026], [0.147351, 0.678205], [0.122517, 0.664103], [0.097682, 0.653846], [0.077815, 0.647436], [0.061258, 0.646154], [0.046358, 0.646154], [0.033113, 0.647436], [0.021523, 0.648718], [0.011589, 0.65], [0.0, 0.647436], [0.0, 0.621795], [0.0, 0.561538], [0.0, 0.451282], [0.0, 0.378205], [0.0, 0.364103], [0.0, 0.352564], [0.0, 0.342308], [0.0, 0.329487], [0.0, 0.316667], [0.0, 0.302564], [0.0, 0.291026], [0.0, 0.282051], [0.0, 0.273077]]",149621,0.30214256865912764,0,182,383,575
029.jpg,721,1200,BG,non-AOI / background,background,non_aoi,predefined-region initialization leaves unassigned space outside AOIs,0,,,,,,0,0.0,0,0,0,0
029.jpg,721,1200,AOI1,AOI 5,rect,manual,,1,0.0,0.0,1.0,1.0,,482111,0.5572249190938511,0,0,721,1200
029.jpg,721,1200,AOI2,AOI 4,rect,manual,,2,0.407249,0.811538,0.586354,0.180769,,60542,0.06997457235321312,294,974,423,218
029.jpg,721,1200,AOI3,operational region 2,rect,manual_adjusted_limited_radius,pre-gaze coarse saliency region; region bounds expanded by margin 0.040 of image extent,3,0.228145,0.051282,0.285714,0.162821,,40572,0.046893203883495146,164,62,207,196
029.jpg,721,1200,AOI4,operational region 3,rect,manual_adjusted_limited_radius,pre-gaze coarse saliency region; region bounds expanded by margin 0.040 of image extent,4,0.202991,0.758883,0.500561,0.174972,,76382,0.0882824780397596,146,911,362,211
029.jpg,721,1200,AOI5,AOI 3,rect,manual,,5,0.268657,0.215385,0.392324,0.146154,,50268,0.058099861303744796,194,258,284,177
029.jpg,721,1200,AOI6,AOI 6,rect,manual,,6,0.234542,0.362821,0.452026,0.394872,,155325,0.1795249653259362,169,435,327,475
030.jpg,800,492,BG,non-AOI / background,background,non_aoi,predefined-region initialization leaves unassigned space outside AOIs,0,,,,,,922,0.002342479674796748,0,0,2,492
030.jpg,800,492,AOI1,operational region 1,rect,manual_adjusted_limited_radius,pre-gaze coarse saliency region; region bounds expanded by margin 0.040 of image extent,1,0.0025,0.0,0.9975,1.0,,154809,0.3933155487804878,2,0,798,492
030.jpg,800,492,AOI2,AOI 3,rect,manual,,2,0.1,0.0,0.285,0.310976,,35266,0.08959857723577236,80,0,229,154
030.jpg,800,492,AOI3,AOI 4,polygon,manual,,3,0.53,0.341463,0.47,0.6585369999999999,"[[0.9975, 0.50813], [0.99125, 0.493902], [0.9775, 0.477642], [0.965, 0.45935], [0.955, 0.445122], [0.94625, 0.434959], [0.9375, 0.424797], [0.93, 0.414634], [0.9225, 0.408537], [0.9125, 0.402439], [0.9, 0.390244], [0.8875, 0.382114], [0.87375, 0.376016], [0.85625, 0.367886], [0.835, 0.359756], [0.815, 0.355691], [0.79875, 0.353659], [0.79, 0.351626], [0.7825, 0.349593], [0.7725, 0.345528], [0.7625, 0.343496], [0.74875, 0.341463], [0.74, 0.341463], [0.72875, 0.341463], [0.71375, 0.341463], [0.69875, 0.341463], [0.6825, 0.341463], [0.6625, 0.341463], [0.64875, 0.341463], [0.63375, 0.341463], [0.6225, 0.343496], [0.61125, 0.347561], [0.60125, 0.351626], [0.59125, 0.355691], [0.58125, 0.361789], [0.57125, 0.369919], [0.5625, 0.380081], [0.55375, 0.390244], [0.545, 0.396341], [0.5375, 0.408537], [0.5325, 0.426829], [0.53125, 0.439024], [0.53, 0.455285], [0.53, 0.471545], [0.53, 0.485772], [0.53, 0.497967], [0.53125, 0.518293], [0.535, 0.534553], [0.53625, 0.546748], [0.53875, 0.558943], [0.54, 0.573171], [0.5425, 0.587398], [0.54375, 0.601626], [0.545, 0.619919], [0.54625, 0.640244], [0.5475, 0.664634], [0.55, 0.689024], [0.55375, 0.711382], [0.55875, 0.735772], [0.56625, 0.762195], [0.57125, 0.784553], [0.57375, 0.79878], [0.57625, 0.810976], [0.57875, 0.827236], [0.5825, 0.843496], [0.58625, 0.863821], [0.58875, 0.878049], [0.5925, 0.890244], [0.59625, 0.904472], [0.60375, 0.924797], [0.60875, 0.934959], [0.6175, 0.945122], [0.6275, 0.957317], [0.6375, 0.96748], [0.65, 0.985772], [0.665, 0.997967], [0.68125, 1.0], [0.7025, 1.0], [0.73125, 1.0], [0.755, 1.0], [0.76875, 1.0], [0.78, 1.0], [0.79, 1.0], [0.80375, 1.0], [0.82125, 1.0], [0.8475, 1.0], [0.8725, 1.0], [0.895, 1.0], [0.91, 1.0], [0.9225, 1.0], [0.935, 1.0], [0.9475, 1.0], [0.9675, 1.0], [0.98375, 1.0], [1.0, 1.0], [1.0, 0.965447], [1.0, 0.871951], [1.0, 0.739837], [1.0, 0.646341], [1.0, 0.599593], [1.0, 0.518293], [1.0, 0.457317], [1.0, 0.439024], [1.0, 0.445122]]",107505,0.2731326219512195,424,168,376,324
030.jpg,800,492,AOI4,AOI 4,polygon,manual,,4,0.0,0.317073,0.5575,0.6829270000000001,"[[0.38, 0.329268], [0.38, 0.349593], [0.38, 0.373984], [0.38, 0.400407], [0.38, 0.422764], [0.385, 0.45122], [0.38875, 0.469512], [0.39125, 0.497967], [0.39125, 0.526423], [0.39125, 0.556911], [0.39125, 0.581301], [0.39125, 0.601626], [0.3925, 0.623984], [0.40125, 0.646341], [0.4175, 0.668699], [0.4375, 0.691057], [0.45875, 0.703252], [0.47375, 0.711382], [0.4875, 0.721545], [0.5, 0.739837], [0.50875, 0.764228], [0.51875, 0.79065], [0.52625, 0.813008], [0.53125, 0.835366], [0.53875, 0.859756], [0.545, 0.880081], [0.55125, 0.906504], [0.5525, 0.928862], [0.55375, 0.949187], [0.55625, 0.96748], [0.5575, 0.987805], [0.55375, 1.0], [0.53625, 1.0], [0.51875, 1.0], [0.5025, 1.0], [0.48625, 1.0], [0.4725, 1.0], [0.45875, 1.0], [0.4425, 1.0], [0.4275, 1.0], [0.40875, 1.0], [0.39375, 1.0], [0.37875, 1.0], [0.36125, 1.0], [0.345, 1.0], [0.32875, 0.993902], [0.31625, 0.985772], [0.30375, 0.97561], [0.29, 0.96748], [0.2725, 0.961382], [0.26, 0.95935], [0.245, 0.953252], [0.23, 0.945122], [0.21375, 0.932927], [0.20125, 0.920732], [0.18875, 0.908537], [0.1825, 0.890244], [0.1775, 0.867886], [0.175, 0.843496], [0.165, 0.831301], [0.15125, 0.829268], [0.1375, 0.835366], [0.13375, 0.853659], [0.125, 0.873984], [0.1125, 0.888211], [0.09375, 0.902439], [0.08, 0.906504], [0.0625, 0.912602], [0.05125, 0.916667], [0.03875, 0.924797], [0.0275, 0.932927], [0.01625, 0.930894], [0.00625, 0.922764], [0.00125, 0.902439], [0.0, 0.878049], [0.0, 0.837398], [0.0075, 0.817073], [0.01875, 0.79878], [0.0275, 0.772358], [0.03375, 0.745935], [0.04375, 0.713415], [0.05375, 0.670732], [0.0625, 0.619919], [0.0675, 0.565041], [0.0725, 0.544715], [0.08375, 0.528455], [0.0875, 0.502033], [0.095, 0.481707], [0.1075, 0.463415], [0.1175, 0.443089], [0.12625, 0.426829], [0.13125, 0.406504], [0.13625, 0.376016], [0.14875, 0.349593], [0.16, 0.335366], [0.17125, 0.325203], [0.18375, 0.319106], [0.2, 0.317073], [0.215, 0.317073], [0.2275, 0.317073], [0.2425, 0.317073], [0.25625, 0.317073], [0.27, 0.317073], [0.2875, 0.317073], [0.30125, 0.321138], [0.31875, 0.323171], [0.3325, 0.325203], [0.35125, 0.329268], [0.36375, 0.331301], [0.37375, 0.331301]]",95098,0.24161077235772357,0,156,447,336
031.jpg,600,875,BG,non-AOI / background,background,non_aoi,predefined-region initialization leaves unassigned space outside AOIs,0,,,,,,90892,0.17312761904761906,0,0,600,875
031.jpg,600,875,AOI1,AOI 4,rect,manual,,1,0.054206,0.038462,0.897196,0.903846,,193282,0.36815619047619047,33,34,539,792
031.jpg,600,875,AOI2,AOI 3,polygon,manual,,2,0.121495,0.169231,0.704673,0.728205,"[[0.315888, 0.175641], [0.328972, 0.175641], [0.342056, 0.175641], [0.35514, 0.175641], [0.370093, 0.174359], [0.383178, 0.173077], [0.396262, 0.171795], [0.407477, 0.170513], [0.418692, 0.170513], [0.435514, 0.170513], [0.446729, 0.170513], [0.46729, 0.170513], [0.480374, 0.171795], [0.495327, 0.174359], [0.508411, 0.176923], [0.521495, 0.180769], [0.534579, 0.185897], [0.551402, 0.19359], [0.568224, 0.201282], [0.583178, 0.208974], [0.6, 0.219231], [0.614953, 0.226923], [0.629907, 0.238462], [0.641121, 0.246154], [0.650467, 0.253846], [0.659813, 0.262821], [0.671028, 0.271795], [0.684112, 0.284615], [0.691589, 0.297436], [0.699065, 0.308974], [0.704673, 0.320513], [0.71028, 0.329487], [0.714019, 0.337179], [0.719626, 0.344872], [0.723364, 0.352564], [0.734579, 0.366667], [0.736449, 0.376923], [0.738318, 0.387179], [0.742056, 0.405128], [0.747664, 0.416667], [0.753271, 0.426923], [0.758879, 0.435897], [0.766355, 0.447436], [0.771963, 0.460256], [0.779439, 0.473077], [0.785047, 0.483333], [0.790654, 0.497436], [0.794393, 0.510256], [0.796262, 0.519231], [0.798131, 0.529487], [0.801869, 0.538462], [0.805607, 0.55], [0.811215, 0.565385], [0.816822, 0.585897], [0.82243, 0.605128], [0.826168, 0.616667], [0.826168, 0.628205], [0.826168, 0.638462], [0.82243, 0.646154], [0.820561, 0.655128], [0.816822, 0.669231], [0.814953, 0.680769], [0.811215, 0.689744], [0.805607, 0.703846], [0.8, 0.719231], [0.796262, 0.728205], [0.794393, 0.739744], [0.794393, 0.757692], [0.794393, 0.788462], [0.792523, 0.821795], [0.788785, 0.835897], [0.781308, 0.848718], [0.773832, 0.857692], [0.753271, 0.858974], [0.734579, 0.864103], [0.695327, 0.864103], [0.646729, 0.862821], [0.601869, 0.865385], [0.570093, 0.875641], [0.536449, 0.885897], [0.51215, 0.892308], [0.484112, 0.894872], [0.435514, 0.896154], [0.4, 0.897436], [0.357009, 0.897436], [0.293458, 0.879487], [0.250467, 0.852564], [0.224299, 0.833333], [0.205607, 0.819231], [0.185047, 0.807692], [0.171963, 0.801282], [0.151402, 0.787179], [0.136449, 0.773077], [0.123364, 0.757692], [0.121495, 0.729487], [0.121495, 0.696154], [0.123364, 0.671795], [0.138318, 0.638462], [0.15514, 0.612821], [0.166355, 0.589744], [0.175701, 0.570513], [0.185047, 0.539744], [0.2, 0.507692], [0.213084, 0.464103], [0.22243, 0.420513], [0.229907, 0.387179], [0.229907, 0.352564], [0.229907, 0.323077], [0.229907, 0.274359], [0.237383, 0.244872], [0.248598, 0.214103], [0.254206, 0.197436], [0.269159, 0.184615], [0.28785, 0.178205], [0.300935, 0.173077], [0.302804, 0.169231]]",148704,0.28324571428571427,73,148,424,638
031.jpg,600,875,AOI3,operational region 3,rect,manual_adjusted_limited_radius,pre-gaze coarse saliency region; region bounds expanded by margin 0.040 of image extent,3,0.68972,0.671795,0.280659,0.266667,,38536,0.07340190476190477,414,588,169,234
031.jpg,600,875,AOI4,AOI 2,rect,manual,,4,0.263551,0.211538,0.295327,0.303846,,47526,0.09052571428571428,158,185,178,267
031.jpg,600,875,AOI5,AOI 5,rect,manual,,5,0.773832,0.928205,0.166355,0.066667,,6060,0.011542857142857143,464,812,101,60
032.jpg,885,1200,BG,non-AOI / background,background,non_aoi,predefined-region initialization leaves unassigned space outside AOIs,0,,,,,,0,0.0,0,0,0,0
032.jpg,885,1200,AOI1,AOI 1,rect,manual,,1,0.0,0.0,1.0,1.0,,519998,0.4896403013182674,0,0,885,1200
032.jpg,885,1200,AOI2,AOI 4,polygon,manual,,2,0.0,0.410256,0.961739,0.589744,"[[0.010435, 0.410256], [0.031304, 0.410256], [0.06087, 0.410256], [0.10087, 0.410256], [0.151304, 0.410256], [0.194783, 0.416667], [0.229565, 0.424359], [0.262609, 0.433333], [0.293913, 0.442308], [0.32, 0.451282], [0.34087, 0.458974], [0.354783, 0.465385], [0.372174, 0.473077], [0.387826, 0.480769], [0.4, 0.488462], [0.417391, 0.497436], [0.441739, 0.511538], [0.466087, 0.524359], [0.495652, 0.538462], [0.526957, 0.55], [0.570435, 0.565385], [0.615652, 0.587179], [0.653913, 0.60641], [0.690435, 0.628205], [0.72, 0.646154], [0.756522, 0.667949], [0.787826, 0.688462], [0.815652, 0.708974], [0.845217, 0.728205], [0.873043, 0.753846], [0.895652, 0.782051], [0.923478, 0.829487], [0.937391, 0.861538], [0.946087, 0.889744], [0.951304, 0.917949], [0.956522, 0.947436], [0.961739, 0.983333], [0.958261, 1.0], [0.946087, 1.0], [0.933913, 1.0], [0.906087, 1.0], [0.876522, 1.0], [0.834783, 1.0], [0.791304, 1.0], [0.747826, 1.0], [0.713043, 1.0], [0.65913, 1.0], [0.603478, 1.0], [0.563478, 1.0], [0.537391, 1.0], [0.514783, 1.0], [0.495652, 1.0], [0.48, 1.0], [0.450435, 1.0], [0.422609, 1.0], [0.408696, 1.0], [0.389565, 1.0], [0.377391, 1.0], [0.363478, 1.0], [0.351304, 1.0], [0.349565, 0.989744], [0.344348, 0.966667], [0.335652, 0.944872], [0.330435, 0.920513], [0.323478, 0.887179], [0.309565, 0.832051], [0.295652, 0.789744], [0.292174, 0.764103], [0.286957, 0.720513], [0.278261, 0.691026], [0.269565, 0.641026], [0.262609, 0.611538], [0.238261, 0.582051], [0.210435, 0.551282], [0.172174, 0.524359], [0.12, 0.503846], [0.078261, 0.492308], [0.062609, 0.487179], [0.043478, 0.484615], [0.01913, 0.483333], [0.0, 0.478205], [0.0, 0.469231], [0.0, 0.44359], [0.0, 0.420513], [0.0, 0.410256]]",206458,0.19440489642184558,0,492,852,708
032.jpg,885,1200,AOI3,AOI 2,rect,manual,,3,0.243478,0.185897,0.208696,0.2,,44826,0.042209039548022596,215,223,186,241
032.jpg,885,1200,AOI4,AOI 3,rect,manual,,4,0.495652,0.037179,0.314783,0.867949,,290718,0.2737457627118644,439,45,279,1042
033.jpg,1157,1200,BG,non-AOI / background,background,non_aoi,predefined-region initialization leaves unassigned space outside AOIs,0,,,,,,8175,0.005888072601555747,0,0,1157,1200
033.jpg,1157,1200,AOI1,AOI 1,rect,manual,,1,0.00133,0.003846,0.99867,0.996154,,735503,0.5297486315182944,2,5,1155,1195
033.jpg,1157,1200,AOI2,AOI 2,rect,manual,,2,0.426862,0.95,0.573138,0.05,,39780,0.028651685393258425,494,1140,663,60
033.jpg,1157,1200,AOI3,AOI 4,rect,manual,,3,0.042553,0.625641,0.755319,0.321795,,295983,0.2131828003457217,49,751,875,387
033.jpg,1157,1200,AOI4,AOI 5,rect,manual,,4,0.05984,0.133333,0.400266,0.341026,,187831,0.1352859406511092,69,160,464,410
033.jpg,1157,1200,AOI5,AOI 3,rect,manual,,5,0.432181,0.414103,0.265957,0.325641,,121128,0.0872428694900605,500,497,309,392
034.jpg,851,1200,BG,non-AOI / background,background,non_aoi,predefined-region initialization leaves unassigned space outside AOIs,0,,,,,,0,0.0,0,0,0,0
034.jpg,851,1200,AOI1,AOI 1,rect,manual,,1,0.0,0.0,1.0,1.0,,494808,0.4845358401880141,0,0,851,1200
034.jpg,851,1200,AOI2,AOI 2,rect,manual,,2,0.0,0.0,0.325497,0.048718,,16402,0.016061496278887585,0,0,278,59
034.jpg,851,1200,AOI3,AOI 5,polygon,manual,,3,0.309222,0.198718,0.542496,0.792308,"[[0.726944, 0.198718], [0.737794, 0.214103], [0.743219, 0.225641], [0.750452, 0.237179], [0.761302, 0.251282], [0.770344, 0.266667], [0.775769, 0.284615], [0.775769, 0.303846], [0.775769, 0.321795], [0.775769, 0.339744], [0.77396, 0.360256], [0.772152, 0.373077], [0.768535, 0.389744], [0.764919, 0.408974], [0.761302, 0.423077], [0.755877, 0.435897], [0.748644, 0.447436], [0.739602, 0.458974], [0.732369, 0.471795], [0.728752, 0.483333], [0.725136, 0.496154], [0.717902, 0.508974], [0.710669, 0.521795], [0.705244, 0.533333], [0.698011, 0.544872], [0.692586, 0.557692], [0.690778, 0.573077], [0.690778, 0.589744], [0.690778, 0.611538], [0.698011, 0.632051], [0.703436, 0.651282], [0.708861, 0.670513], [0.723327, 0.697436], [0.739602, 0.721795], [0.748644, 0.741026], [0.754069, 0.753846], [0.766727, 0.769231], [0.772152, 0.780769], [0.779385, 0.801282], [0.790235, 0.829487], [0.797468, 0.846154], [0.804702, 0.861538], [0.813743, 0.876923], [0.822785, 0.892308], [0.831826, 0.908974], [0.842676, 0.924359], [0.848101, 0.937179], [0.851718, 0.951282], [0.842676, 0.970513], [0.82821, 0.982051], [0.808318, 0.989744], [0.783002, 0.989744], [0.754069, 0.989744], [0.730561, 0.989744], [0.705244, 0.989744], [0.672694, 0.989744], [0.647378, 0.991026], [0.629295, 0.991026], [0.598553, 0.991026], [0.55877, 0.991026], [0.500904, 0.980769], [0.439421, 0.964103], [0.401447, 0.95], [0.383363, 0.937179], [0.374322, 0.925641], [0.372514, 0.911538], [0.381555, 0.9], [0.39783, 0.885897], [0.410488, 0.866667], [0.415913, 0.84359], [0.417722, 0.812821], [0.41953, 0.775641], [0.41953, 0.744872], [0.417722, 0.711538], [0.414105, 0.683333], [0.406872, 0.667949], [0.399638, 0.65], [0.392405, 0.629487], [0.383363, 0.60641], [0.379747, 0.584615], [0.374322, 0.560256], [0.370705, 0.541026], [0.361664, 0.530769], [0.320072, 0.516667], [0.309222, 0.505128], [0.318264, 0.492308], [0.327306, 0.479487], [0.336347, 0.457692], [0.341772, 0.434615], [0.349005, 0.411538], [0.350814, 0.39359], [0.35443, 0.380769], [0.363472, 0.369231], [0.37613, 0.358974], [0.401447, 0.347436], [0.424955, 0.341026], [0.455696, 0.326923], [0.497288, 0.30641], [0.556962, 0.270513], [0.629295, 0.242308], [0.670886, 0.219231], [0.688969, 0.210256], [0.701627, 0.205128]]",256365,0.25104289071680375,317,238,409,952
034.jpg,851,1200,AOI4,AOI 4,rect,manual,,4,0.0,0.344872,0.388788,0.462821,,184592,0.18075989032510772,0,414,332,556
034.jpg,851,1200,AOI5,AOI 3,polygon,manual,,5,0.401447,0.039744,0.35081300000000004,0.323077,"[[0.468354, 0.148718], [0.468354, 0.139744], [0.468354, 0.133333], [0.468354, 0.124359], [0.468354, 0.119231], [0.468354, 0.115385], [0.473779, 0.110256], [0.477396, 0.10641], [0.482821, 0.101282], [0.486438, 0.096154], [0.491863, 0.092308], [0.499096, 0.087179], [0.506329, 0.082051], [0.513562, 0.076923], [0.522604, 0.071795], [0.531646, 0.067949], [0.538879, 0.064103], [0.546112, 0.060256], [0.553345, 0.05641], [0.562387, 0.052564], [0.56962, 0.05], [0.576854, 0.047436], [0.582278, 0.044872], [0.589512, 0.04359], [0.596745, 0.042308], [0.603978, 0.041026], [0.61302, 0.041026], [0.620253, 0.039744], [0.629295, 0.039744], [0.636528, 0.041026], [0.64557, 0.042308], [0.654611, 0.046154], [0.665461, 0.052564], [0.676311, 0.060256], [0.687161, 0.069231], [0.694394, 0.078205], [0.703436, 0.087179], [0.712477, 0.096154], [0.719711, 0.103846], [0.726944, 0.111538], [0.734177, 0.119231], [0.739602, 0.126923], [0.745027, 0.134615], [0.748644, 0.141026], [0.750452, 0.144872], [0.75226, 0.151282], [0.75226, 0.157692], [0.75226, 0.161538], [0.750452, 0.166667], [0.745027, 0.171795], [0.739602, 0.175641], [0.730561, 0.180769], [0.719711, 0.188462], [0.705244, 0.196154], [0.694394, 0.203846], [0.687161, 0.208974], [0.679928, 0.215385], [0.674503, 0.216667], [0.665461, 0.223077], [0.65642, 0.228205], [0.649186, 0.233333], [0.641953, 0.239744], [0.636528, 0.246154], [0.632911, 0.25], [0.62387, 0.257692], [0.618445, 0.262821], [0.611212, 0.270513], [0.603978, 0.278205], [0.598553, 0.283333], [0.596745, 0.288462], [0.59132, 0.292308], [0.582278, 0.297436], [0.576854, 0.301282], [0.56962, 0.30641], [0.55877, 0.312821], [0.551537, 0.317949], [0.542495, 0.321795], [0.533454, 0.326923], [0.522604, 0.332051], [0.515371, 0.335897], [0.508137, 0.339744], [0.497288, 0.34359], [0.488246, 0.347436], [0.481013, 0.351282], [0.473779, 0.352564], [0.466546, 0.355128], [0.459313, 0.357692], [0.453888, 0.358974], [0.446655, 0.361538], [0.44123, 0.362821], [0.432188, 0.362821], [0.424955, 0.362821], [0.41953, 0.358974], [0.415913, 0.355128], [0.412297, 0.348718], [0.410488, 0.341026], [0.406872, 0.333333], [0.405063, 0.328205], [0.403255, 0.323077], [0.403255, 0.317949], [0.403255, 0.312821], [0.403255, 0.303846], [0.403255, 0.298718], [0.403255, 0.29359], [0.403255, 0.287179], [0.403255, 0.279487], [0.403255, 0.273077], [0.403255, 0.267949], [0.401447, 0.262821], [0.401447, 0.257692], [0.401447, 0.251282], [0.401447, 0.24359], [0.401447, 0.235897], [0.401447, 0.230769], [0.403255, 0.226923], [0.40868, 0.219231], [0.410488, 0.215385], [0.414105, 0.211538], [0.415913, 0.207692], [0.41953, 0.203846], [0.421338, 0.2], [0.424955, 0.194872], [0.426763, 0.191026], [0.43038, 0.187179], [0.435805, 0.182051], [0.439421, 0.176923], [0.444846, 0.171795], [0.446655, 0.167949], [0.450271, 0.164103], [0.455696, 0.157692], [0.459313, 0.153846], [0.461121, 0.15], [0.464738, 0.144872], [0.466546, 0.141026]]",69033,0.06759988249118684,342,48,299,388
035.jpg,953,1200,BG,non-AOI / background,background,non_aoi,predefined-region initialization leaves unassigned space outside AOIs,0,,,,,,0,0.0,0,0,0,0
035.jpg,953,1200,AOI1,AOI 1,rect,manual,,1,0.0,0.0,1.0,1.0,,347103,0.3035178384050367,0,0,953,1200
035.jpg,953,1200,AOI2,AOI 2,rect,manual,,2,0.508885,0.0,0.350565,0.432051,,173865,0.15203305351521512,485,0,335,519
035.jpg,953,1200,AOI3,AOI 4,rect,manual,,3,0.880452,0.94359,0.117932,0.039744,,5537,0.004841727876880028,839,1132,113,49
035.jpg,953,1200,AOI4,AOI 5,polygon,manual,,4,0.0,0.0,0.476575,0.998718,"[[0.266559, 0.992308], [0.266559, 0.985897], [0.266559, 0.971795], [0.266559, 0.946154], [0.266559, 0.912821], [0.266559, 0.871795], [0.266559, 0.832051], [0.266559, 0.805128], [0.266559, 0.776923], [0.263328, 0.747436], [0.25525, 0.720513], [0.248788, 0.696154], [0.239095, 0.673077], [0.226171, 0.65], [0.213247, 0.630769], [0.198708, 0.611538], [0.179321, 0.587179], [0.155089, 0.558974], [0.135703, 0.534615], [0.124394, 0.516667], [0.116317, 0.503846], [0.109855, 0.492308], [0.105008, 0.484615], [0.103393, 0.480769], [0.101777, 0.475641], [0.098546, 0.469231], [0.096931, 0.465385], [0.095315, 0.461538], [0.100162, 0.458974], [0.108239, 0.45641], [0.122779, 0.453846], [0.142165, 0.452564], [0.17609, 0.451282], [0.221325, 0.448718], [0.26979, 0.448718], [0.31664, 0.447436], [0.353796, 0.444872], [0.379645, 0.441026], [0.402262, 0.437179], [0.416801, 0.433333], [0.426494, 0.429487], [0.432956, 0.428205], [0.437803, 0.426923], [0.442649, 0.425641], [0.450727, 0.425641], [0.455574, 0.425641], [0.46042, 0.424359], [0.465267, 0.423077], [0.471729, 0.423077], [0.476575, 0.423077], [0.476575, 0.417949], [0.476575, 0.410256], [0.47496, 0.374359], [0.462036, 0.307692], [0.455574, 0.242308], [0.452342, 0.180769], [0.449111, 0.120513], [0.449111, 0.078205], [0.449111, 0.05641], [0.44588, 0.046154], [0.444265, 0.041026], [0.442649, 0.044872], [0.444265, 0.041026], [0.44588, 0.037179], [0.447496, 0.033333], [0.447496, 0.024359], [0.447496, 0.015385], [0.44588, 0.008974], [0.44588, 0.003846], [0.44588, 0.0], [0.437803, 0.0], [0.421648, 0.0], [0.405493, 0.0], [0.34895, 0.0], [0.308562, 0.0], [0.229402, 0.0], [0.172859, 0.0], [0.074313, 0.0], [0.045234, 0.0], [0.009693, 0.0], [0.0, 0.0], [0.0, 0.003846], [0.0, 0.030769], [0.0, 0.057692], [0.0, 0.067949], [0.0, 0.133333], [0.0, 0.225641], [0.0, 0.310256], [0.0, 0.35641], [0.0, 0.380769], [0.0, 0.401282], [0.0, 0.408974], [0.0, 0.416667], [0.0, 0.425641], [0.0, 0.464103], [0.0, 0.574359], [0.0, 0.708974], [0.0, 0.741026], [0.0, 0.847436], [0.0, 0.953846], [0.0, 0.987179], [0.0, 0.998718]]",320191,0.2799851346624694,0,0,455,1199
035.jpg,953,1200,AOI5,AOI 3,rect,manual,,5,0.142165,0.555128,0.581583,0.444872,,296904,0.25962224554039876,135,666,556,534
036.jpg,642,850,BG,non-AOI / background,background,non_aoi,predefined-region initialization leaves unassigned space outside AOIs,0,,,,,,12782,0.023423126259849734,0,545,642,305
036.jpg,642,850,AOI1,AOI 3,rect,manual,,1,0.0,0.0,1.0,0.639744,,188875,0.34611508154663734,0,0,642,545
036.jpg,642,850,AOI2,AOI 4,polygon,manual,,2,0.0,0.337179,0.979626,0.662821,"[[0.013582, 0.788462], [0.013582, 0.775641], [0.018676, 0.760256], [0.03056, 0.739744], [0.039049, 0.721795], [0.04584, 0.705128], [0.049236, 0.692308], [0.054329, 0.678205], [0.061121, 0.665385], [0.067912, 0.65], [0.073005, 0.637179], [0.074703, 0.628205], [0.074703, 0.614103], [0.074703, 0.597436], [0.076401, 0.583333], [0.079796, 0.567949], [0.08489, 0.55], [0.093379, 0.533333], [0.10017, 0.520513], [0.106961, 0.510256], [0.113752, 0.502564], [0.122241, 0.49359], [0.13073, 0.485897], [0.140917, 0.475641], [0.152801, 0.467949], [0.166384, 0.457692], [0.181664, 0.447436], [0.196944, 0.438462], [0.213922, 0.428205], [0.227504, 0.421795], [0.242784, 0.411538], [0.259762, 0.402564], [0.280136, 0.39359], [0.300509, 0.388462], [0.320883, 0.383333], [0.341256, 0.378205], [0.366723, 0.371795], [0.390492, 0.367949], [0.414261, 0.361538], [0.436333, 0.357692], [0.468591, 0.352564], [0.485569, 0.348718], [0.505942, 0.344872], [0.517827, 0.34359], [0.550085, 0.342308], [0.578947, 0.341026], [0.597623, 0.339744], [0.621392, 0.338462], [0.650255, 0.337179], [0.691002, 0.338462], [0.721562, 0.342308], [0.73854, 0.346154], [0.748727, 0.35], [0.762309, 0.351282], [0.777589, 0.353846], [0.821732, 0.362821], [0.86927, 0.376923], [0.904924, 0.391026], [0.925297, 0.401282], [0.932088, 0.407692], [0.942275, 0.414103], [0.949066, 0.434615], [0.967742, 0.473077], [0.971138, 0.494872], [0.974533, 0.514103], [0.977929, 0.532051], [0.979626, 0.555128], [0.977929, 0.569231], [0.976231, 0.584615], [0.972835, 0.6], [0.971138, 0.617949], [0.966044, 0.633333], [0.957555, 0.660256], [0.938879, 0.702564], [0.928693, 0.732051], [0.925297, 0.74359], [0.933786, 0.75641], [0.943973, 0.770513], [0.947368, 0.782051], [0.947368, 0.821795], [0.947368, 0.85], [0.955857, 0.887179], [0.964346, 0.957692], [0.966044, 0.980769], [0.966044, 1.0], [0.95416, 1.0], [0.923599, 1.0], [0.865874, 1.0], [0.808149, 1.0], [0.767402, 1.0], [0.733447, 1.0], [0.691002, 1.0], [0.657046, 1.0], [0.621392, 1.0], [0.584041, 1.0], [0.539898, 1.0], [0.495756, 1.0], [0.449915, 1.0], [0.390492, 1.0], [0.324278, 1.0], [0.26146, 1.0], [0.20034, 1.0], [0.135823, 1.0], [0.096774, 1.0], [0.042445, 1.0], [0.0, 1.0], [0.0, 0.961538], [0.0, 0.923077], [0.0, 0.891026], [0.0, 0.879487], [0.0, 0.864103], [0.0, 0.848718], [0.0, 0.832051], [0.0, 0.820513], [0.0, 0.810256], [0.0, 0.811538]]",238334,0.4367491295583654,0,298,630,552
036.jpg,642,850,AOI3,AOI 2,ellipse,manual,,3,0.371817,0.576923,0.298812,0.239744,,31057,0.056912222833058454,239,490,193,205
036.jpg,642,850,AOI4,AOI 1,ellipse,manual,,4,0.297114,0.166667,0.449915,0.384615,,74652,0.13680043980208906,191,142,290,328
037.jpg,919,1200,BG,non-AOI / background,background,non_aoi,predefined-region initialization leaves unassigned space outside AOIs,0,,,,,,0,0.0,0,0,0,0
037.jpg,919,1200,AOI1,AOI 3,rect,manual,,1,0.0,0.167949,1.0,0.832051,,505348,0.45824084149437794,0,206,919,994
037.jpg,919,1200,AOI2,AOI 2,polygon,manual,,2,0.0,0.064103,1.0,0.935897,"[[0.051926, 0.09633], [0.058626, 0.102776], [0.065327, 0.107932], [0.073702, 0.115667], [0.083752, 0.123402], [0.097152, 0.135004], [0.123953, 0.154341], [0.152429, 0.174966], [0.172529, 0.187858], [0.19598, 0.203327], [0.221106, 0.217507], [0.251256, 0.235555], [0.278057, 0.251024], [0.304858, 0.265204], [0.335008, 0.281963], [0.358459, 0.294854], [0.380235, 0.306456], [0.400335, 0.316769], [0.41876, 0.328371], [0.435511, 0.338684], [0.450586, 0.348997], [0.465662, 0.35931], [0.482412, 0.369623], [0.500838, 0.382514], [0.515913, 0.392827], [0.529313, 0.400562], [0.541039, 0.408296], [0.554439, 0.414742], [0.566164, 0.422477], [0.576214, 0.428922], [0.586265, 0.435368], [0.596315, 0.441813], [0.603015, 0.44697], [0.619765, 0.455994], [0.626466, 0.459861], [0.634841, 0.463728], [0.648241, 0.468885], [0.659966, 0.47533], [0.691792, 0.492089], [0.721943, 0.515293], [0.757119, 0.544942], [0.792295, 0.574592], [0.822446, 0.595218], [0.849246, 0.611976], [0.874372, 0.627446], [0.897822, 0.641626], [0.917923, 0.653228], [0.926298, 0.659674], [0.944724, 0.681589], [0.956449, 0.695769], [0.961474, 0.702214], [0.976549, 0.724129], [0.984925, 0.737021], [0.994975, 0.749912], [1.0, 0.767959], [1.0, 0.787296], [1.0, 0.811789], [1.0, 0.842728], [1.0, 0.863354], [1.0, 0.876245], [1.0, 0.886558], [1.0, 0.891714], [1.0, 0.905895], [1.0, 0.91234], [1.0, 0.930388], [1.0, 0.947146], [1.0, 0.965194], [1.0, 0.978085], [1.0, 0.994844], [1.0, 1.0], [0.994975, 1.0], [0.973199, 1.0], [0.941374, 1.0], [0.921273, 1.0], [0.896147, 1.0], [0.865997, 1.0], [0.819095, 1.0], [0.767169, 1.0], [0.728643, 1.0], [0.708543, 1.0], [0.700168, 1.0], [0.691792, 1.0], [0.683417, 1.0], [0.664992, 1.0], [0.659966, 1.0], [0.649916, 0.993554], [0.629816, 0.966483], [0.599665, 0.938122], [0.571189, 0.911051], [0.534338, 0.880112], [0.507538, 0.856908], [0.482412, 0.832415], [0.453936, 0.806633], [0.41206, 0.774405], [0.360134, 0.737021], [0.299832, 0.691902], [0.257956, 0.651939], [0.232831, 0.630024], [0.217755, 0.613266], [0.21273, 0.604242], [0.20938, 0.593929], [0.20938, 0.588772], [0.20603, 0.584905], [0.184255, 0.561701], [0.170854, 0.539786], [0.164154, 0.530762], [0.160804, 0.516582], [0.162479, 0.48951], [0.175879, 0.452126], [0.187605, 0.425055], [0.18928, 0.408296], [0.184255, 0.385092], [0.165829, 0.348997], [0.134003, 0.292276], [0.082077, 0.22782], [0.045226, 0.186568], [0.025126, 0.16981], [0.0, 0.153051], [0.0, 0.146606], [0.0, 0.141449], [0.0, 0.122113], [0.0, 0.100198], [0.0, 0.084728], [0.0067, 0.074415], [0.025126, 0.06797], [0.041876, 0.064103]]",404913,0.36716811751904244,25,206,894,994
037.jpg,919,1200,AOI3,AOI 4,rect,manual,,3,0.0,0.0,1.0,0.170513,,163944,0.14866158868335147,0,0,919,206
037.jpg,919,1200,AOI4,operational region 1,rect,manual_adjusted_limited_radius,pre-gaze coarse saliency region; region bounds expanded by margin 0.040 of image extent,4,0.463987,0.073077,0.232831,0.110256,,28595,0.025929452303228146,426,88,215,133
038.jpg,760,544,BG,non-AOI / background,background,non_aoi,predefined-region initialization leaves unassigned space outside AOIs,0,,,,,,396,0.0009578173374613004,562,542,198,2
038.jpg,760,544,AOI1,AOI 5,rect,manual,,1,0.0,0.0,0.998684,0.994485,,89219,0.215796729876161,0,0,760,542
038.jpg,760,544,AOI2,AOI 4,rect,manual,,2,0.0,0.40625,0.738158,0.591912,,144670,0.34991776315789475,0,221,562,323
038.jpg,760,544,AOI3,AOI 3,polygon,manual,,3,0.0,0.0,0.690789,0.981618,"[[0.603132, 0.009191], [0.613599, 0.018382], [0.631915, 0.042279], [0.644999, 0.0625], [0.658082, 0.084559], [0.66724, 0.104779], [0.677706, 0.128676], [0.684248, 0.148897], [0.686865, 0.170956], [0.689481, 0.189338], [0.690789, 0.204044], [0.690789, 0.216912], [0.690789, 0.231618], [0.690789, 0.248162], [0.690789, 0.261029], [0.690789, 0.277574], [0.689481, 0.290441], [0.686865, 0.303309], [0.68294, 0.314338], [0.679015, 0.325368], [0.671165, 0.336397], [0.660698, 0.345588], [0.652848, 0.354779], [0.64369, 0.365809], [0.63584, 0.376838], [0.626682, 0.384191], [0.618832, 0.389706], [0.609674, 0.393382], [0.599208, 0.397059], [0.587433, 0.398897], [0.575658, 0.400735], [0.565191, 0.400735], [0.553417, 0.400735], [0.541642, 0.400735], [0.52725, 0.400735], [0.518092, 0.398897], [0.506317, 0.397059], [0.491926, 0.395221], [0.480151, 0.395221], [0.469685, 0.393382], [0.453985, 0.389706], [0.438285, 0.386029], [0.416044, 0.382353], [0.396419, 0.380515], [0.383336, 0.376838], [0.374178, 0.375], [0.366328, 0.371324], [0.358478, 0.367647], [0.354553, 0.371324], [0.34932, 0.386029], [0.344086, 0.397059], [0.33362, 0.413603], [0.32577, 0.428309], [0.324462, 0.454044], [0.321845, 0.487132], [0.320537, 0.511029], [0.320537, 0.534926], [0.320537, 0.556985], [0.320537, 0.579044], [0.321845, 0.601103], [0.321845, 0.619485], [0.321845, 0.636029], [0.321845, 0.65625], [0.321845, 0.683824], [0.321845, 0.720588], [0.321845, 0.759191], [0.31792, 0.816176], [0.315304, 0.858456], [0.315304, 0.893382], [0.311379, 0.915441], [0.307454, 0.933824], [0.300912, 0.944853], [0.295679, 0.955882], [0.290446, 0.965074], [0.287829, 0.976103], [0.279979, 0.981618], [0.274746, 0.974265], [0.268204, 0.959559], [0.265588, 0.948529], [0.264279, 0.931985], [0.262971, 0.915441], [0.260354, 0.889706], [0.260354, 0.854779], [0.259046, 0.797794], [0.259046, 0.733456], [0.259046, 0.670956], [0.259046, 0.621324], [0.259046, 0.573529], [0.259046, 0.522059], [0.259046, 0.472426], [0.259046, 0.435662], [0.253813, 0.411765], [0.24858, 0.397059], [0.239421, 0.395221], [0.22503, 0.391544], [0.20933, 0.387868], [0.181856, 0.376838], [0.155689, 0.373162], [0.13999, 0.365809], [0.121673, 0.356618], [0.103357, 0.351103], [0.066724, 0.340074], [0.009158, 0.323529], [0.0, 0.297794], [0.0, 0.248162], [0.0, 0.167279], [0.0, 0.101103], [0.0, 0.068015], [0.0, 0.023897], [0.0, 0.007353], [0.0, 0.0]]",112567,0.2722692530959752,0,0,526,535
038.jpg,760,544,AOI4,operational region 3,ellipse,manual_adjusted_limited_radius,pre-gaze coarse saliency region; region bounds expanded by margin 0.040 of image extent,4,0.56,0.216985,0.44,0.328971,,47334,0.11448819659442724,426,118,334,180
038.jpg,760,544,AOI5,AOI 4,polygon,manual,,5,0.0,0.338235,0.176316,0.30698600000000004,"[[0.001316, 0.338235], [0.009211, 0.338235], [0.023684, 0.338235], [0.040789, 0.338235], [0.055263, 0.338235], [0.065789, 0.338235], [0.076316, 0.338235], [0.088158, 0.338235], [0.1, 0.338235], [0.106579, 0.338235], [0.113158, 0.338235], [0.121053, 0.338235], [0.126316, 0.340074], [0.130263, 0.34375], [0.132895, 0.349265], [0.135526, 0.358456], [0.139474, 0.371324], [0.143421, 0.386029], [0.148684, 0.398897], [0.151316, 0.409926], [0.155263, 0.419118], [0.157895, 0.428309], [0.160526, 0.439338], [0.163158, 0.448529], [0.165789, 0.461397], [0.168421, 0.470588], [0.171053, 0.479779], [0.172368, 0.487132], [0.175, 0.492647], [0.176316, 0.505515], [0.176316, 0.514706], [0.176316, 0.520221], [0.173684, 0.533088], [0.169737, 0.542279], [0.167105, 0.551471], [0.161842, 0.560662], [0.159211, 0.568015], [0.153947, 0.575368], [0.148684, 0.582721], [0.142105, 0.591912], [0.136842, 0.601103], [0.131579, 0.610294], [0.128947, 0.615809], [0.123684, 0.621324], [0.115789, 0.626838], [0.111842, 0.630515], [0.106579, 0.632353], [0.097368, 0.636029], [0.084211, 0.639706], [0.071053, 0.641544], [0.056579, 0.641544], [0.042105, 0.641544], [0.028947, 0.641544], [0.018421, 0.643382], [0.007895, 0.645221], [0.0, 0.645221]]",19254,0.046570239938080495,0,184,135,168
039.jpg,900,677,BG,non-AOI / background,background,non_aoi,predefined-region initialization leaves unassigned space outside AOIs,0,,,,,,3374,0.005537502051534548,0,0,900,677
039.jpg,900,677,AOI1,AOI 1,rect,manual,,1,0.001111,0.004431,0.998889,0.995569,,248341,0.4075841129164615,1,3,899,674
039.jpg,900,677,AOI2,AOI 3,rect,manual,,2,0.08,0.063516,0.322222,0.935007,,135224,0.2219333661578861,72,43,291,634
039.jpg,900,677,AOI3,AOI 4,polygon,manual,,3,0.404444,0.047267,0.53,0.9113739999999999,"[[0.421252, 0.131462], [0.435819, 0.131462], [0.468313, 0.131462], [0.519857, 0.131462], [0.552351, 0.131462], [0.577003, 0.128508], [0.591569, 0.1226], [0.605015, 0.116691], [0.6151, 0.110783], [0.624064, 0.106352], [0.634148, 0.100443], [0.644233, 0.093058], [0.654318, 0.087149], [0.663282, 0.081241], [0.671125, 0.076809], [0.680089, 0.072378], [0.693535, 0.06647], [0.708102, 0.060561], [0.727151, 0.05613], [0.745079, 0.051699], [0.763007, 0.048744], [0.775332, 0.047267], [0.785417, 0.047267], [0.796622, 0.051699], [0.806707, 0.059084], [0.816791, 0.069424], [0.823514, 0.075332], [0.824635, 0.087149], [0.824635, 0.106352], [0.820153, 0.134417], [0.812309, 0.159527], [0.803345, 0.180207], [0.796622, 0.194978], [0.789899, 0.211226], [0.785417, 0.227474], [0.785417, 0.236337], [0.788778, 0.245199], [0.796622, 0.255539], [0.805586, 0.268833], [0.812309, 0.283604], [0.817912, 0.296898], [0.822394, 0.314623], [0.824635, 0.33678], [0.824635, 0.355982], [0.824635, 0.373708], [0.826876, 0.387001], [0.833599, 0.394387], [0.844804, 0.407681], [0.854888, 0.420975], [0.861611, 0.42836], [0.868335, 0.4387], [0.875058, 0.44904], [0.882901, 0.45938], [0.899709, 0.475628], [0.917637, 0.508124], [0.92436, 0.536189], [0.932203, 0.581979], [0.934444, 0.599705], [0.931083, 0.610044], [0.919878, 0.614476], [0.895227, 0.614476], [0.872817, 0.604136], [0.856009, 0.592319], [0.843683, 0.584934], [0.839201, 0.590842], [0.83584, 0.61743], [0.832478, 0.645495], [0.831358, 0.67356], [0.826876, 0.697194], [0.805586, 0.756278], [0.788778, 0.802068], [0.760766, 0.875923], [0.745079, 0.929099], [0.738356, 0.945347], [0.72491, 0.951256], [0.68121, 0.955687], [0.634148, 0.95421], [0.583726, 0.958641], [0.519857, 0.952733], [0.488482, 0.921713], [0.470554, 0.870015], [0.451506, 0.78582], [0.440301, 0.722304], [0.451506, 0.664697], [0.471675, 0.633678], [0.492965, 0.61743], [0.512013, 0.579025], [0.554592, 0.493353], [0.603895, 0.418021], [0.631907, 0.367799], [0.63863, 0.330871], [0.653197, 0.257016], [0.650956, 0.230428], [0.631907, 0.211226], [0.59381, 0.206795], [0.560195, 0.211226], [0.532182, 0.21418], [0.496326, 0.217134], [0.463831, 0.217134], [0.434698, 0.211226], [0.412288, 0.199409], [0.404444, 0.17873], [0.404444, 0.156573], [0.405565, 0.144756], [0.412288, 0.131462], [0.414529, 0.1226]]",161419,0.26492532414245856,364,32,478,618
039.jpg,900,677,AOI4,AOI 4,polygon,manual,,4,0.205556,0.562777,0.25777700000000003,0.43722300000000003,"[[0.441852, 0.994011], [0.441852, 0.982032], [0.441852, 0.964064], [0.443045, 0.952085], [0.445432, 0.940106], [0.446626, 0.928128], [0.449012, 0.914652], [0.450206, 0.899678], [0.451399, 0.886202], [0.452593, 0.871229], [0.452593, 0.85925], [0.452593, 0.845774], [0.451399, 0.835293], [0.449012, 0.823314], [0.446626, 0.809838], [0.444239, 0.799357], [0.444239, 0.782886], [0.444239, 0.764918], [0.446626, 0.749944], [0.451399, 0.733474], [0.454979, 0.719998], [0.457366, 0.708019], [0.459753, 0.697537], [0.46214, 0.685559], [0.463333, 0.670585], [0.46214, 0.652617], [0.457366, 0.640639], [0.451399, 0.62866], [0.443045, 0.615184], [0.432305, 0.601708], [0.42037, 0.591226], [0.410823, 0.58374], [0.400082, 0.57775], [0.388148, 0.574756], [0.377407, 0.571761], [0.366667, 0.568766], [0.352346, 0.567269], [0.338025, 0.567269], [0.330864, 0.567269], [0.31893, 0.567269], [0.310576, 0.565772], [0.303416, 0.562777], [0.293868, 0.562777], [0.284321, 0.562777], [0.274774, 0.562777], [0.265226, 0.562777], [0.255679, 0.567269], [0.247325, 0.57775], [0.240165, 0.589729], [0.235391, 0.598713], [0.231811, 0.609194], [0.229424, 0.619676], [0.22823, 0.633152], [0.22823, 0.645131], [0.22823, 0.663099], [0.22823, 0.678072], [0.22465, 0.690051], [0.222263, 0.699035], [0.218683, 0.708019], [0.212716, 0.719998], [0.209136, 0.728982], [0.206749, 0.739463], [0.206749, 0.755934], [0.205556, 0.787378], [0.205556, 0.815827], [0.205556, 0.850266], [0.205556, 0.88171], [0.205556, 0.902673], [0.205556, 0.923636], [0.207942, 0.940106], [0.210329, 0.958075], [0.213909, 0.979037], [0.21749, 0.992513], [0.222263, 1.0]]",60942,0.10001969473165928,185,381,233,296
040.jpg,1200,855,BG,non-AOI / background,background,non_aoi,predefined-region initialization leaves unassigned space outside AOIs,0,,,,,,0,0.0,0,0,0,0
040.jpg,1200,855,AOI1,AOI 5,rect,manual,,1,0.0,0.0,1.0,1.0,,755541,0.7363947368421052,0,0,1200,855
040.jpg,1200,855,AOI2,AOI 3,polygon,manual,,2,0.128767,0.457692,0.31689500000000004,0.33589800000000003,"[[0.266667, 0.467949], [0.257534, 0.467949], [0.245662, 0.467949], [0.238356, 0.467949], [0.230137, 0.470513], [0.223744, 0.473077], [0.217352, 0.476923], [0.208219, 0.482051], [0.201826, 0.485897], [0.193607, 0.492308], [0.187215, 0.496154], [0.181735, 0.5], [0.176256, 0.503846], [0.170776, 0.510256], [0.164384, 0.514103], [0.158904, 0.520513], [0.155251, 0.528205], [0.148858, 0.535897], [0.144292, 0.544872], [0.141553, 0.552564], [0.139726, 0.561538], [0.136073, 0.571795], [0.133333, 0.582051], [0.130594, 0.592308], [0.12968, 0.603846], [0.128767, 0.611538], [0.128767, 0.626923], [0.12968, 0.637179], [0.131507, 0.646154], [0.133333, 0.655128], [0.13516, 0.667949], [0.1379, 0.678205], [0.140639, 0.687179], [0.144292, 0.697436], [0.147032, 0.705128], [0.151598, 0.715385], [0.156164, 0.725641], [0.161644, 0.737179], [0.16621, 0.747436], [0.170776, 0.755128], [0.174429, 0.762821], [0.181735, 0.767949], [0.189954, 0.770513], [0.199087, 0.770513], [0.207306, 0.770513], [0.215525, 0.770513], [0.224658, 0.770513], [0.23105, 0.769231], [0.239269, 0.766667], [0.246575, 0.764103], [0.253881, 0.761538], [0.260274, 0.760256], [0.268493, 0.760256], [0.273973, 0.762821], [0.281279, 0.769231], [0.287671, 0.775641], [0.294977, 0.784615], [0.30137, 0.789744], [0.309589, 0.79359], [0.318721, 0.79359], [0.327854, 0.79359], [0.336073, 0.79359], [0.345205, 0.79359], [0.357078, 0.792308], [0.368037, 0.791026], [0.375342, 0.791026], [0.381735, 0.789744], [0.388128, 0.787179], [0.394521, 0.785897], [0.403653, 0.783333], [0.410959, 0.780769], [0.417352, 0.775641], [0.425571, 0.771795], [0.43379, 0.767949], [0.441096, 0.766667], [0.445662, 0.762821], [0.442922, 0.751282], [0.441096, 0.742308], [0.43653, 0.734615], [0.432877, 0.725641], [0.429224, 0.720513], [0.422831, 0.716667], [0.416438, 0.716667], [0.409132, 0.715385], [0.403653, 0.714103], [0.398174, 0.708974], [0.391781, 0.702564], [0.386301, 0.692308], [0.381735, 0.680769], [0.378995, 0.671795], [0.376256, 0.661538], [0.373516, 0.653846], [0.371689, 0.644872], [0.371689, 0.634615], [0.369863, 0.624359], [0.368037, 0.615385], [0.365297, 0.605128], [0.362557, 0.596154], [0.360731, 0.587179], [0.358904, 0.579487], [0.357991, 0.570513], [0.356164, 0.55641], [0.352511, 0.54359], [0.349772, 0.534615], [0.346119, 0.525641], [0.344292, 0.517949], [0.339726, 0.511538], [0.333333, 0.505128], [0.326027, 0.498718], [0.317808, 0.489744], [0.309589, 0.480769], [0.30411, 0.476923], [0.297717, 0.471795], [0.290411, 0.469231], [0.284018, 0.467949], [0.276712, 0.465385], [0.269406, 0.464103], [0.261187, 0.461538], [0.254795, 0.457692]]",61038,0.05949122807017544,155,391,381,289
040.jpg,1200,855,AOI3,AOI 4,polygon,manual,,3,0.573516,0.138462,0.32054799999999994,0.474359,"[[0.658367, 0.154732], [0.665909, 0.154732], [0.675337, 0.154732], [0.694193, 0.154732], [0.714934, 0.152229], [0.732847, 0.145971], [0.746989, 0.140965], [0.759245, 0.138462], [0.769616, 0.138462], [0.779987, 0.138462], [0.7913, 0.142216], [0.80827, 0.153481], [0.824298, 0.165997], [0.842211, 0.181016], [0.856352, 0.193532], [0.86578, 0.204797], [0.874265, 0.217313], [0.881808, 0.228577], [0.886522, 0.237338], [0.890293, 0.2461], [0.893121, 0.258616], [0.894064, 0.279893], [0.894064, 0.312435], [0.894064, 0.338719], [0.894064, 0.366254], [0.894064, 0.395041], [0.894064, 0.423828], [0.894064, 0.451363], [0.894064, 0.467634], [0.892178, 0.483905], [0.88935, 0.496421], [0.886522, 0.507686], [0.883693, 0.517698], [0.880865, 0.531466], [0.877094, 0.541479], [0.87238, 0.552743], [0.869551, 0.561505], [0.867666, 0.574021], [0.86578, 0.584034], [0.862952, 0.59655], [0.860124, 0.604059], [0.85541, 0.609066], [0.847867, 0.612821], [0.840325, 0.611569], [0.83184, 0.597801], [0.823355, 0.576524], [0.816755, 0.561505], [0.812041, 0.552743], [0.806385, 0.542731], [0.7979, 0.533969], [0.789414, 0.528963], [0.776215, 0.522705], [0.762074, 0.51895], [0.746046, 0.516447], [0.730019, 0.512692], [0.711163, 0.510189], [0.692307, 0.506434], [0.675337, 0.503931], [0.658367, 0.501428], [0.639511, 0.498924], [0.611228, 0.498924], [0.594257, 0.498924], [0.584829, 0.497673], [0.574459, 0.490163], [0.573516, 0.470137], [0.587658, 0.426331], [0.600857, 0.391286], [0.616884, 0.341222], [0.637626, 0.287403], [0.647053, 0.259867], [0.654596, 0.222319], [0.658367, 0.2073], [0.664024, 0.194784], [0.665909, 0.183519], [0.668738, 0.172255], [0.670623, 0.164745]]",81310,0.0792495126705653,688,118,386,404
040.jpg,1200,855,AOI4,AOI 2,polygon,manual,,4,0.565297,0.416667,0.2876709999999999,0.417948,"[[0.594651, 0.444979], [0.60835, 0.444979], [0.619113, 0.444979], [0.629876, 0.444979], [0.641618, 0.440935], [0.653359, 0.435542], [0.663144, 0.430149], [0.67195, 0.426104], [0.679778, 0.423408], [0.688584, 0.42206], [0.696412, 0.419363], [0.70424, 0.418015], [0.711089, 0.416667], [0.720874, 0.416667], [0.728702, 0.416667], [0.737508, 0.418015], [0.743379, 0.420711], [0.752185, 0.426104], [0.760013, 0.430149], [0.767841, 0.434194], [0.775669, 0.439586], [0.782518, 0.443631], [0.790346, 0.447676], [0.797195, 0.450372], [0.803066, 0.455765], [0.812851, 0.465203], [0.821657, 0.475988], [0.828506, 0.485426], [0.836334, 0.494864], [0.843183, 0.505649], [0.846119, 0.515087], [0.849054, 0.525873], [0.851011, 0.53531], [0.852968, 0.544748], [0.852968, 0.555533], [0.852968, 0.566319], [0.852968, 0.578453], [0.852968, 0.590587], [0.852968, 0.601373], [0.85199, 0.616203], [0.851011, 0.628337], [0.851011, 0.64182], [0.849054, 0.660695], [0.848076, 0.675525], [0.846119, 0.684963], [0.843183, 0.6944], [0.839269, 0.707883], [0.834377, 0.718668], [0.831442, 0.726758], [0.825571, 0.736195], [0.817743, 0.741588], [0.805023, 0.746981], [0.795238, 0.752374], [0.788389, 0.756419], [0.780561, 0.756419], [0.773712, 0.75507], [0.765884, 0.75507], [0.758056, 0.757767], [0.750228, 0.764508], [0.744357, 0.771249], [0.742401, 0.780687], [0.739465, 0.791472], [0.73653, 0.802258], [0.730659, 0.811696], [0.722831, 0.819785], [0.712068, 0.822481], [0.698369, 0.822481], [0.677821, 0.825178], [0.657273, 0.827874], [0.643575, 0.830571], [0.632811, 0.831919], [0.623027, 0.834615], [0.61422, 0.834615], [0.607371, 0.831919], [0.599543, 0.826526], [0.593673, 0.814392], [0.591716, 0.803606], [0.590737, 0.791472], [0.589759, 0.77799], [0.589759, 0.764508], [0.58878, 0.75507], [0.587802, 0.744285], [0.587802, 0.733499], [0.587802, 0.721365], [0.584866, 0.711927], [0.579974, 0.701141], [0.575082, 0.691704], [0.570189, 0.683615], [0.567254, 0.675525], [0.565297, 0.664739], [0.565297, 0.653954], [0.565297, 0.643168], [0.567254, 0.631034], [0.570189, 0.6189], [0.571168, 0.606766], [0.571168, 0.591935], [0.571168, 0.574409], [0.571168, 0.560926], [0.572146, 0.551489], [0.574103, 0.5434], [0.578995, 0.532614], [0.583888, 0.523176], [0.58878, 0.511042], [0.590737, 0.501605], [0.590737, 0.490819], [0.591716, 0.480033], [0.591716, 0.465203], [0.591716, 0.454417], [0.593673, 0.444979]]",84783,0.0826345029239766,678,356,347,359
040.jpg,1200,855,AOI5,AOI 3,polygon,manual,,5,0.284932,0.646154,0.438356,0.15384600000000004,"[[0.423565, 0.658462], [0.435281, 0.658462], [0.442115, 0.658462], [0.451878, 0.658462], [0.462617, 0.659692], [0.470427, 0.659692], [0.481167, 0.659692], [0.488001, 0.660923], [0.495811, 0.662154], [0.504598, 0.665846], [0.511432, 0.668308], [0.51729, 0.670769], [0.524124, 0.673231], [0.53291, 0.676923], [0.539744, 0.680615], [0.548531, 0.683077], [0.558294, 0.686769], [0.569033, 0.690462], [0.580749, 0.694154], [0.588559, 0.694154], [0.599298, 0.695385], [0.607109, 0.695385], [0.616872, 0.696615], [0.625658, 0.699077], [0.633469, 0.700308], [0.640303, 0.701538], [0.649089, 0.704], [0.658852, 0.705231], [0.670568, 0.705231], [0.679354, 0.706462], [0.687165, 0.706462], [0.694975, 0.705231], [0.701809, 0.702769], [0.708643, 0.702769], [0.716454, 0.702769], [0.721335, 0.710154], [0.723288, 0.718769], [0.723288, 0.729846], [0.721335, 0.737231], [0.719382, 0.745846], [0.715477, 0.756923], [0.710596, 0.769231], [0.705714, 0.777846], [0.699857, 0.782769], [0.693023, 0.786462], [0.684236, 0.788923], [0.676426, 0.791385], [0.670568, 0.795077], [0.661781, 0.797538], [0.652018, 0.8], [0.644208, 0.8], [0.634445, 0.8], [0.626635, 0.8], [0.617848, 0.8], [0.610038, 0.8], [0.602227, 0.8], [0.590512, 0.8], [0.57782, 0.8], [0.567081, 0.8], [0.550484, 0.797538], [0.538768, 0.795077], [0.526076, 0.791385], [0.514361, 0.787692], [0.499716, 0.781538], [0.489953, 0.775385], [0.481167, 0.770462], [0.475309, 0.766769], [0.467499, 0.760615], [0.458712, 0.755692], [0.450902, 0.752], [0.444067, 0.748308], [0.437233, 0.745846], [0.429423, 0.742154], [0.41966, 0.739692], [0.41185, 0.738462], [0.402087, 0.738462], [0.394276, 0.740923], [0.386466, 0.745846], [0.377679, 0.748308], [0.365964, 0.748308], [0.353272, 0.748308], [0.341557, 0.748308], [0.328865, 0.748308], [0.320078, 0.748308], [0.312268, 0.748308], [0.305434, 0.744615], [0.300552, 0.736], [0.297623, 0.728615], [0.294694, 0.72], [0.290789, 0.711385], [0.28786, 0.704], [0.285908, 0.696615], [0.284932, 0.685538], [0.290789, 0.678154], [0.2986, 0.672], [0.307386, 0.665846], [0.315197, 0.660923], [0.322031, 0.657231], [0.327888, 0.654769], [0.337651, 0.652308], [0.344485, 0.651077], [0.352296, 0.648615], [0.364988, 0.646154], [0.373774, 0.646154], [0.381585, 0.646154], [0.389395, 0.646154], [0.400134, 0.646154], [0.408921, 0.646154], [0.418684, 0.646154], [0.426494, 0.646154], [0.430399, 0.647385]]",43328,0.04223001949317739,342,552,527,133
041.jpg,711,1000,BG,non-AOI / background,background,non_aoi,predefined-region initialization leaves unassigned space outside AOIs,0,,,,,,0,0.0,0,0,0,0
041.jpg,711,1000,AOI1,AOI 1,rect,manual,,1,0.158559,0.429487,0.299099,0.330769,,0,0.0,0,0,0,0
041.jpg,711,1000,AOI2,AOI 2,rect,manual,,2,0.174775,0.764103,0.67027,0.132051,,0,0.0,0,0,0,0
041.jpg,711,1000,AOI3,AOI 3,rect,manual,,3,0.762162,0.919231,0.135135,0.035897,,0,0.0,0,0,0,0
041.jpg,711,1000,AOI4,AOI 5,rect,manual,,4,0.410811,0.089744,0.297297,0.388462,,0,0.0,0,0,0,0
041.jpg,711,1000,AOI5,AOI 5,polygon,manual,,5,0.317117,0.002564,0.18198200000000003,0.183333,"[[0.350383, 0.014184], [0.356253, 0.014184], [0.36408, 0.014184], [0.373864, 0.014184], [0.383648, 0.014184], [0.393432, 0.014184], [0.399303, 0.014184], [0.40713, 0.014184], [0.413, 0.014184], [0.41887, 0.014184], [0.424741, 0.014184], [0.432568, 0.014184], [0.438438, 0.014184], [0.444309, 0.014184], [0.454093, 0.014184], [0.459963, 0.014184], [0.465834, 0.016766], [0.469747, 0.02193], [0.475618, 0.027095], [0.479531, 0.032259], [0.485402, 0.036132], [0.489315, 0.040005], [0.493229, 0.043879], [0.497142, 0.047752], [0.499099, 0.051625], [0.499099, 0.055498], [0.499099, 0.060663], [0.499099, 0.064536], [0.497142, 0.068409], [0.495186, 0.072282], [0.491272, 0.077447], [0.487358, 0.082611], [0.483445, 0.087775], [0.479531, 0.091649], [0.477574, 0.095522], [0.473661, 0.099395], [0.469747, 0.103268], [0.463877, 0.108433], [0.454093, 0.114888], [0.446266, 0.120052], [0.442352, 0.125217], [0.438438, 0.12909], [0.434525, 0.132963], [0.432568, 0.136836], [0.430611, 0.142001], [0.428654, 0.145874], [0.426698, 0.151038], [0.424741, 0.157494], [0.424741, 0.163949], [0.422784, 0.169113], [0.420827, 0.174278], [0.416914, 0.179442], [0.411043, 0.183315], [0.405173, 0.184606], [0.397346, 0.185897], [0.391475, 0.185897], [0.385605, 0.185897], [0.379735, 0.183315], [0.373864, 0.178151], [0.367994, 0.172987], [0.36408, 0.167822], [0.362123, 0.161367], [0.35821, 0.15362], [0.354296, 0.149747], [0.352339, 0.145874], [0.352339, 0.142001], [0.348426, 0.134254], [0.344512, 0.130381], [0.342555, 0.125217], [0.338642, 0.121343], [0.334728, 0.114888], [0.330815, 0.111015], [0.326901, 0.104559], [0.322988, 0.098104], [0.321031, 0.094231], [0.319074, 0.087775], [0.319074, 0.083902], [0.319074, 0.077447], [0.319074, 0.072282], [0.317117, 0.067118], [0.317117, 0.063245], [0.317117, 0.055498], [0.317117, 0.051625], [0.317117, 0.047752], [0.317117, 0.043879], [0.317117, 0.040005], [0.317117, 0.032259], [0.317117, 0.027095], [0.319074, 0.02193], [0.319074, 0.016766], [0.321031, 0.012893], [0.324944, 0.00902], [0.332771, 0.006437], [0.338642, 0.003855], [0.346469, 0.002564], [0.352339, 0.002564]]",0,0.0,0,0,0,0
041.jpg,711,1000,AOI6,AOI 6,rect,manual,,6,0.0,0.0,1.0,1.0,,711000,1.0,0,0,711,1000
042.jpg,1140,1733,BG,non-AOI / background,background,non_aoi,predefined-region initialization leaves unassigned space outside AOIs,0,,,,,,1630416,0.8252680171288,0,0,1140,1733
042.jpg,1140,1733,AOI1,operational region 1,ellipse,predefined_region_with_margin,pre-gaze coarse saliency region; region bounds expanded by margin 0.040 of image extent,1,0.455726,0.0,0.353504,0.331397,,182400,0.09232544720138489,520,0,404,575
042.jpg,1140,1733,AOI2,operational region 2,ellipse,predefined_region_with_margin,pre-gaze coarse saliency region; region bounds expanded by margin 0.040 of image extent,2,0.156581,0.0,0.25094,0.208492,,81582,0.0412943784735931,179,0,287,362
042.jpg,1140,1733,AOI3,operational region 3,ellipse,predefined_region_with_margin,pre-gaze coarse saliency region; region bounds expanded by margin 0.040 of image extent,3,0.028376,0.406927,0.225299,0.230838,,81222,0.041112157196221945,32,705,258,401
043.jpg,1200,1010,BG,non-AOI / background,background,non_aoi,predefined-region initialization leaves unassigned space outside AOIs,0,,,,,,568441,0.46901072607260724,0,0,1200,1010
043.jpg,1200,1010,AOI1,AOI 1,rect,manual,,1,0.024811,0.69359,0.394822,0.252564,,121600,0.10033003300330033,30,701,475,256
043.jpg,1200,1010,AOI2,AOI 2,rect,manual,,2,0.434736,0.316667,0.203883,0.338462,,82008,0.06766336633663367,522,320,245,343
043.jpg,1200,1010,AOI3,AOI 3,rect,manual,,3,0.154261,0.312821,0.27616,0.364103,,112983,0.09322029702970297,185,316,333,369
043.jpg,1200,1010,AOI4,AOI 4,polygon,manual,,4,0.270766,0.0,0.415318,0.417949,"[[0.421791, 0.005128], [0.411003, 0.005128], [0.381877, 0.007692], [0.351672, 0.019231], [0.335491, 0.029487], [0.325782, 0.035897], [0.317152, 0.041026], [0.308522, 0.047436], [0.300971, 0.053846], [0.292341, 0.062821], [0.285868, 0.073077], [0.280475, 0.084615], [0.27616, 0.094872], [0.274002, 0.105128], [0.271845, 0.120513], [0.270766, 0.134615], [0.270766, 0.146154], [0.270766, 0.162821], [0.270766, 0.185897], [0.270766, 0.20641], [0.272923, 0.223077], [0.277238, 0.234615], [0.28479, 0.246154], [0.292341, 0.257692], [0.299892, 0.270513], [0.309601, 0.283333], [0.317152, 0.296154], [0.322546, 0.307692], [0.329018, 0.316667], [0.337648, 0.326923], [0.341963, 0.337179], [0.347357, 0.351282], [0.351672, 0.366667], [0.358145, 0.385897], [0.36246, 0.394872], [0.37109, 0.401282], [0.377562, 0.40641], [0.384035, 0.410256], [0.392665, 0.412821], [0.400216, 0.415385], [0.407767, 0.417949], [0.417476, 0.417949], [0.423948, 0.417949], [0.431499, 0.410256], [0.436893, 0.4], [0.440129, 0.392308], [0.444444, 0.383333], [0.449838, 0.370513], [0.454153, 0.355128], [0.458468, 0.342308], [0.461704, 0.333333], [0.469256, 0.324359], [0.477886, 0.317949], [0.484358, 0.315385], [0.492988, 0.314103], [0.505933, 0.312821], [0.524272, 0.312821], [0.541532, 0.310256], [0.560949, 0.307692], [0.597627, 0.301282], [0.626753, 0.282051], [0.648328, 0.24359], [0.667745, 0.182051], [0.683927, 0.097436], [0.686084, 0.055128], [0.659115, 0.012821], [0.622438, 0.0], [0.579288, 0.0], [0.510248, 0.0], [0.426106, 0.0], [0.404531, 0.0]]",151198,0.12475082508250825,325,0,499,423
043.jpg,1200,1010,AOI5,AOI 5,rect,manual,,5,0.653722,0.553846,0.33657,0.428205,,175770,0.14502475247524751,784,559,405,434
044.jpg,580,442,BG,non-AOI / background,background,non_aoi,predefined-region initialization leaves unassigned space outside AOIs,0,,,,,,176732,0.6893899204244032,0,0,580,442
044.jpg,580,442,AOI1,operational region 1,rect,predefined_region_with_margin,pre-gaze coarse saliency region; region bounds expanded by margin 0.040 of image extent,1,0.401341,0.048235,0.253184,0.550588,,36260,0.14144172257762522,233,21,148,245
044.jpg,580,442,AOI2,operational region 2,ellipse,predefined_region_with_margin,pre-gaze coarse saliency region; region bounds expanded by margin 0.040 of image extent,2,0.110838,0.511471,0.242011,0.425588,,20172,0.07868622249960992,64,242,142,173
044.jpg,580,442,AOI3,operational region 3,ellipse,predefined_region_with_margin,pre-gaze coarse saliency region; region bounds expanded by margin 0.040 of image extent,3,0.082905,0.165882,0.286704,0.410882,,23196,0.09048213449836168,48,73,167,172
045.jpg,850,614,BG,non-AOI / background,background,non_aoi,predefined-region initialization leaves unassigned space outside AOIs,0,,,,,,0,0.0,0,0,0,0
045.jpg,850,614,AOI1,AOI 1,rect,manual,,1,0.0,0.0,1.0,1.0,,486707,0.9325675416746503,0,0,850,614
045.jpg,850,614,AOI2,AOI 4,rect,manual,,2,0.507059,0.480456,0.147059,0.110749,,8694,0.016658363671201378,431,295,126,69
045.jpg,850,614,AOI3,AOI 3,rect,manual,,3,0.298824,0.478827,0.144706,0.115635,,8928,0.017106725426326883,254,294,124,72
045.jpg,850,614,AOI4,AOI 2,rect,manual,,4,0.088235,0.473941,0.154118,0.117264,,9636,0.01846330714696302,75,291,132,73
045.jpg,850,614,AOI5,AOI 5,rect,manual,,5,0.721176,0.480456,0.134118,0.110749,,7935,0.015204062080858402,613,295,115,69
046.jpg,729,730,BG,non-AOI / background,background,non_aoi,predefined-region initialization leaves unassigned space outside AOIs,0,,,,,,0,0.0,0,0,0,0
046.jpg,729,730,AOI1,AOI 3,rect,manual,,1,0.0,0.0,1.0,1.0,,190283,0.3575605539583216,0,0,729,730
046.jpg,729,730,AOI2,AOI 1,polygon,manual,,2,0.068587,0.0,0.8738,0.610959,"[[0.092091, 0.00972], [0.092091, 0.018051], [0.089326, 0.027771], [0.087943, 0.036102], [0.085178, 0.044433], [0.08103, 0.054153], [0.078265, 0.063873], [0.076883, 0.073593], [0.074117, 0.084701], [0.072735, 0.095809], [0.06997, 0.111083], [0.06997, 0.126357], [0.068587, 0.140243], [0.068587, 0.15274], [0.068587, 0.16246], [0.068587, 0.174956], [0.068587, 0.188842], [0.068587, 0.19995], [0.068587, 0.211059], [0.068587, 0.223555], [0.068587, 0.238829], [0.06997, 0.254103], [0.072735, 0.272154], [0.074117, 0.292983], [0.0755, 0.309645], [0.076883, 0.324919], [0.078265, 0.340193], [0.08103, 0.355467], [0.083796, 0.370741], [0.087943, 0.384626], [0.092091, 0.3999], [0.097622, 0.413786], [0.105917, 0.42906], [0.115595, 0.444334], [0.125273, 0.456831], [0.137717, 0.470716], [0.148778, 0.483213], [0.157073, 0.492933], [0.165369, 0.499875], [0.172282, 0.508207], [0.180577, 0.513761], [0.188873, 0.520704], [0.197168, 0.526258], [0.204081, 0.531812], [0.210994, 0.537366], [0.21929, 0.54292], [0.226203, 0.548474], [0.234498, 0.554029], [0.242794, 0.559583], [0.249707, 0.563748], [0.255237, 0.566526], [0.26215, 0.567914], [0.269063, 0.570691], [0.278741, 0.573468], [0.289802, 0.574857], [0.300863, 0.577634], [0.310541, 0.580411], [0.320219, 0.584577], [0.329897, 0.585965], [0.340958, 0.590131], [0.354784, 0.592908], [0.367228, 0.595685], [0.389349, 0.599851], [0.40041, 0.602628], [0.410088, 0.602628], [0.430827, 0.602628], [0.452948, 0.602628], [0.472305, 0.604016], [0.484748, 0.604016], [0.498574, 0.605405], [0.515165, 0.606793], [0.537287, 0.606793], [0.560791, 0.606793], [0.585677, 0.606793], [0.607799, 0.606793], [0.627155, 0.608182], [0.647894, 0.610959], [0.679694, 0.610959], [0.714259, 0.610959], [0.748824, 0.601239], [0.790301, 0.579022], [0.819336, 0.559583], [0.833162, 0.547086], [0.877405, 0.504041], [0.906439, 0.459608], [0.924413, 0.415174], [0.938239, 0.373518], [0.942387, 0.338804], [0.942387, 0.259658], [0.935474, 0.154128], [0.896761, 0.005554], [0.863579, 0.0]]",254361,0.47796944585376855,50,0,638,447
046.jpg,729,730,AOI3,AOI 2,polygon,manual,,3,0.253772,0.616438,0.497943,0.38356199999999996,"[[0.504225, 0.622058], [0.517563, 0.622058], [0.530901, 0.622058], [0.544239, 0.622058], [0.557576, 0.622058], [0.57536, 0.622058], [0.594626, 0.624868], [0.610927, 0.627678], [0.619819, 0.631893], [0.628711, 0.638918], [0.640567, 0.648753], [0.649459, 0.661398], [0.65835, 0.674043], [0.66576, 0.683878], [0.674652, 0.693713], [0.683544, 0.709168], [0.690954, 0.726027], [0.698364, 0.741482], [0.705774, 0.759747], [0.716147, 0.778012], [0.725039, 0.794872], [0.732449, 0.811732], [0.739859, 0.834211], [0.745787, 0.859501], [0.751715, 0.879171], [0.751715, 0.896031], [0.751715, 0.914296], [0.750233, 0.926941], [0.747269, 0.935371], [0.741341, 0.948015], [0.738377, 0.95785], [0.735413, 0.96628], [0.733931, 0.98595], [0.730967, 0.995785], [0.726521, 1.0], [0.705774, 1.0], [0.685026, 1.0], [0.652423, 1.0], [0.606481, 1.0], [0.566468, 1.0], [0.532383, 1.0], [0.508671, 1.0], [0.493852, 1.0], [0.476068, 1.0], [0.46273, 1.0], [0.450874, 1.0], [0.436055, 1.0], [0.421235, 1.0], [0.406415, 1.0], [0.391596, 1.0], [0.37974, 1.0], [0.366402, 1.0], [0.353064, 1.0], [0.339727, 1.0], [0.326389, 1.0], [0.311569, 1.0], [0.301195, 1.0], [0.287858, 1.0], [0.284894, 0.987355], [0.283412, 0.978925], [0.280448, 0.96347], [0.277484, 0.950825], [0.27452, 0.940991], [0.271556, 0.931156], [0.268592, 0.919916], [0.264146, 0.907271], [0.262664, 0.896031], [0.2597, 0.881981], [0.255254, 0.869336], [0.253772, 0.856691], [0.253772, 0.842641], [0.253772, 0.827187], [0.253772, 0.811732], [0.253772, 0.794872], [0.253772, 0.780822], [0.256736, 0.769582], [0.2597, 0.759747], [0.262664, 0.747102], [0.265628, 0.734457], [0.270074, 0.721812], [0.277484, 0.711978], [0.284894, 0.702143], [0.295267, 0.692308], [0.307123, 0.679663], [0.316015, 0.671233], [0.326389, 0.661398], [0.341209, 0.650158], [0.358992, 0.640323], [0.37233, 0.631893], [0.385668, 0.626273], [0.400487, 0.620653], [0.413825, 0.617843], [0.425681, 0.616438], [0.443465, 0.616438], [0.461248, 0.616438], [0.473104, 0.616438], [0.486442, 0.616438], [0.498298, 0.616438], [0.504225, 0.616438]]",87526,0.1644700001879099,185,450,364,280
047.jpg,231,420,BG,non-AOI / background,background,non_aoi,predefined-region initialization leaves unassigned space outside AOIs,0,,,,,,58431,0.6022572665429808,0,0,231,420
047.jpg,231,420,AOI1,operational region 1,rect,predefined_region_with_margin,pre-gaze coarse saliency region; region bounds expanded by margin 0.040 of image extent,1,0.480408,0.69743,0.324898,0.169385,,4968,0.051205936920222635,118,293,69,72
047.jpg,231,420,AOI2,operational region 2,rect,predefined_region_with_margin,pre-gaze coarse saliency region; region bounds expanded by margin 0.040 of image extent,2,0.204898,0.69743,0.335102,0.169385,,5112,0.05269016697588126,47,293,71,72
047.jpg,231,420,AOI3,operational region 3,rect,predefined_region_with_margin,pre-gaze coarse saliency region; region bounds expanded by margin 0.040 of image extent,3,0.06,0.26,0.62,0.58,,28509,0.2938466295609153,14,109,144,245
048.jpg,720,791,BG,non-AOI / background,background,non_aoi,predefined-region initialization leaves unassigned space outside AOIs,0,,,,,,133334,0.2341164489394578,0,0,720,791
048.jpg,720,791,AOI1,AOI 3,ellipse,manual,,1,0.002817,0.003846,0.997183,0.973077,,388046,0.6813562298075573,2,3,718,768
048.jpg,720,791,AOI2,AOI 1,rect,manual,,2,0.415493,0.00641,0.14507,0.266667,,22472,0.03945778901531114,299,5,106,212
048.jpg,720,791,AOI3,AOI 2,rect,manual,,3,0.391549,0.723077,0.170423,0.260256,,25668,0.04506953223767383,282,572,124,207
049.jpg,750,599,BG,non-AOI / background,background,non_aoi,predefined-region initialization leaves unassigned space outside AOIs,0,,,,,,281219,0.6259744017807457,0,0,750,599
049.jpg,750,599,AOI1,operational region 1,ellipse,predefined_region_with_margin,pre-gaze coarse saliency region; region bounds expanded by margin 0.040 of image extent,1,0.094078,0.260699,0.163799,0.21986,,12034,0.026786867000556484,71,156,123,133
049.jpg,750,599,AOI2,operational region 2,ellipse,predefined_region_with_margin,pre-gaze coarse saliency region; region bounds expanded by margin 0.040 of image extent,2,0.127598,0.127832,0.264358,0.226853,,17902,0.039848636616583194,96,77,187,136
049.jpg,750,599,AOI3,operational region 3,rect,predefined_region_with_margin,pre-gaze coarse saliency region; region bounds expanded by margin 0.040 of image extent,3,0.16,0.0,0.62,0.58,,138095,0.30739009460211464,120,0,466,348
050.jpg,440,600,BG,non-AOI / background,background,non_aoi,predefined-region initialization leaves unassigned space outside AOIs,0,,,,,,112806,0.42729545454545453,0,0,440,600
050.jpg,440,600,AOI1,AOI 1,rect,manual,,1,0.747727,0.1,0.252273,0.623333,,41521,0.15727651515151514,329,60,111,375
050.jpg,440,600,AOI2,AOI 2,polygon,manual,,2,0.013636,0.015,0.411364,0.318333,"[[0.1381, 0.015], [0.142319, 0.021006], [0.146538, 0.025511], [0.152867, 0.028514], [0.161305, 0.033019], [0.171853, 0.037524], [0.18451, 0.042028], [0.197168, 0.048035], [0.211935, 0.052539], [0.224592, 0.057044], [0.237249, 0.061549], [0.249907, 0.066053], [0.262564, 0.07206], [0.273112, 0.078066], [0.285769, 0.082571], [0.298427, 0.088577], [0.306865, 0.093082], [0.315303, 0.096085], [0.321632, 0.099088], [0.32796, 0.103593], [0.336399, 0.108097], [0.342727, 0.112602], [0.351166, 0.117107], [0.359604, 0.123113], [0.365932, 0.129119], [0.372261, 0.135126], [0.37859, 0.141132], [0.384918, 0.14864], [0.389138, 0.156148], [0.393357, 0.162154], [0.397576, 0.166659], [0.401795, 0.172665], [0.406014, 0.178671], [0.410233, 0.183176], [0.416562, 0.187681], [0.418671, 0.192186], [0.42289, 0.199693], [0.425, 0.204198], [0.425, 0.210204], [0.425, 0.216211], [0.42289, 0.223719], [0.420781, 0.231226], [0.414452, 0.240236], [0.408124, 0.247744], [0.399685, 0.25375], [0.389138, 0.261258], [0.37859, 0.268766], [0.368042, 0.274772], [0.359604, 0.280778], [0.351166, 0.286785], [0.344837, 0.289788], [0.338508, 0.292791], [0.33007, 0.295794], [0.321632, 0.298797], [0.308974, 0.300299], [0.298427, 0.3018], [0.287879, 0.303302], [0.279441, 0.304803], [0.271002, 0.306305], [0.262564, 0.309308], [0.249907, 0.312311], [0.243578, 0.313813], [0.23514, 0.313813], [0.224592, 0.315314], [0.216154, 0.316816], [0.205606, 0.318318], [0.197168, 0.321321], [0.18662, 0.322822], [0.176072, 0.324324], [0.163415, 0.327327], [0.154977, 0.328829], [0.146538, 0.33033], [0.1381, 0.331832], [0.129662, 0.331832], [0.121224, 0.333333], [0.112786, 0.333333], [0.104347, 0.333333], [0.095909, 0.333333], [0.08958, 0.333333], [0.083252, 0.333333], [0.074814, 0.33033], [0.070594, 0.324324], [0.064266, 0.313813], [0.060047, 0.303302], [0.057937, 0.294292], [0.055828, 0.286785], [0.055828, 0.279277], [0.055828, 0.271769], [0.055828, 0.262759], [0.055828, 0.25375], [0.055828, 0.243239], [0.055828, 0.23423], [0.055828, 0.226722], [0.055828, 0.220715], [0.055828, 0.216211], [0.053718, 0.211706], [0.051608, 0.201195], [0.047389, 0.193687], [0.04317, 0.184678], [0.036841, 0.174167], [0.032622, 0.165157], [0.028403, 0.157649], [0.024184, 0.151643], [0.022075, 0.147138], [0.013636, 0.136627], [0.013636, 0.129119], [0.013636, 0.12011], [0.013636, 0.111101], [0.013636, 0.106596], [0.013636, 0.10059], [0.013636, 0.096085], [0.013636, 0.088577], [0.013636, 0.081069], [0.013636, 0.07206], [0.013636, 0.064552], [0.013636, 0.060047], [0.013636, 0.054041], [0.013636, 0.045031], [0.013636, 0.036022], [0.013636, 0.030016], [0.013636, 0.024009], [0.019965, 0.021006], [0.030513, 0.019505], [0.038951, 0.018003], [0.047389, 0.018003], [0.057937, 0.016502], [0.066375, 0.015], [0.079033, 0.015], [0.087471, 0.015], [0.098019, 0.015], [0.106457, 0.015], [0.119114, 0.015]]",24393,0.09239772727272727,6,9,182,192
050.jpg,440,600,AOI3,AOI 3,polygon,manual,,3,0.084091,0.268333,0.6681819999999999,0.6633340000000001,"[[0.313707, 0.362138], [0.332076, 0.362138], [0.350445, 0.362138], [0.375703, 0.362138], [0.400961, 0.360463], [0.41933, 0.358788], [0.439995, 0.357113], [0.462957, 0.357113], [0.47903, 0.355438], [0.497399, 0.348737], [0.515769, 0.337012], [0.531842, 0.321936], [0.550211, 0.30686], [0.566284, 0.295135], [0.586949, 0.286759], [0.605319, 0.280059], [0.619096, 0.276709], [0.632873, 0.275034], [0.653538, 0.271684], [0.671907, 0.270008], [0.699461, 0.268333], [0.715534, 0.268333], [0.733903, 0.268333], [0.745384, 0.273359], [0.749977, 0.285084], [0.752273, 0.30016], [0.752273, 0.313561], [0.752273, 0.326961], [0.749977, 0.340362], [0.745384, 0.353763], [0.738496, 0.365488], [0.722423, 0.375539], [0.708646, 0.382239], [0.690276, 0.39229], [0.671907, 0.404015], [0.655834, 0.415741], [0.644353, 0.425791], [0.630576, 0.442542], [0.619096, 0.452593], [0.600726, 0.462643], [0.582357, 0.471019], [0.56858, 0.476044], [0.550211, 0.482744], [0.536434, 0.487769], [0.520361, 0.49112], [0.504288, 0.49782], [0.490511, 0.499495], [0.476734, 0.50117], [0.462957, 0.50787], [0.456068, 0.517921], [0.453772, 0.531322], [0.453772, 0.541372], [0.458365, 0.551423], [0.472142, 0.561473], [0.485918, 0.574874], [0.490511, 0.584924], [0.497399, 0.594975], [0.501992, 0.610051], [0.504288, 0.621776], [0.504288, 0.636852], [0.504288, 0.651928], [0.504288, 0.667003], [0.506584, 0.682079], [0.506584, 0.693805], [0.50888, 0.70888], [0.513472, 0.722281], [0.518065, 0.737357], [0.520361, 0.749082], [0.527249, 0.760808], [0.534138, 0.772534], [0.541026, 0.787609], [0.550211, 0.80771], [0.561692, 0.827811], [0.56858, 0.846237], [0.575469, 0.859638], [0.577765, 0.871364], [0.577765, 0.881414], [0.563988, 0.881414], [0.557099, 0.88979], [0.547915, 0.913241], [0.541026, 0.928316], [0.518065, 0.931667], [0.499695, 0.931667], [0.483622, 0.929992], [0.467549, 0.924966], [0.456068, 0.913241], [0.444588, 0.89984], [0.433107, 0.888114], [0.421626, 0.873039], [0.412441, 0.856288], [0.407849, 0.844562], [0.403257, 0.831162], [0.398664, 0.816086], [0.396368, 0.799335], [0.38948, 0.784259], [0.382591, 0.762483], [0.373407, 0.740707], [0.364222, 0.728981], [0.350445, 0.727306], [0.336668, 0.720606], [0.325187, 0.707205], [0.318299, 0.69548], [0.309114, 0.680404], [0.295337, 0.655278], [0.290745, 0.628476], [0.288449, 0.60335], [0.288449, 0.584924], [0.288449, 0.573199], [0.288449, 0.561473], [0.28156, 0.549747], [0.272376, 0.538022], [0.263191, 0.526296], [0.249414, 0.514571], [0.235637, 0.50452], [0.208083, 0.49112], [0.19201, 0.486094], [0.175937, 0.476044], [0.16216, 0.467668], [0.150679, 0.455943], [0.13231, 0.439192], [0.118533, 0.427466], [0.109349, 0.412391], [0.095572, 0.385589], [0.086387, 0.352088], [0.084091, 0.335337], [0.090979, 0.326961], [0.109349, 0.325286], [0.127718, 0.326961], [0.150679, 0.330311], [0.166753, 0.337012], [0.187418, 0.345387], [0.208083, 0.352088], [0.24023, 0.358788], [0.258599, 0.362138], [0.28156, 0.367163], [0.297634, 0.372189], [0.306818, 0.377214]]",44060,0.1668939393939394,37,161,295,399
050.jpg,440,600,AOI4,AOI 4,polygon,manual,,4,0.0,0.42,0.309091,0.5800000000000001,"[[0.097727, 0.426667], [0.115909, 0.433333], [0.138636, 0.446667], [0.156818, 0.46], [0.170455, 0.468333], [0.184091, 0.475], [0.197727, 0.483333], [0.213636, 0.49], [0.229545, 0.5], [0.245455, 0.508333], [0.254545, 0.521667], [0.265909, 0.538333], [0.272727, 0.55], [0.275, 0.566667], [0.277273, 0.581667], [0.279545, 0.595], [0.279545, 0.608333], [0.279545, 0.621667], [0.279545, 0.636667], [0.281818, 0.65], [0.288636, 0.663333], [0.295455, 0.676667], [0.302273, 0.696667], [0.309091, 0.715], [0.309091, 0.73], [0.309091, 0.743333], [0.304545, 0.756667], [0.3, 0.771667], [0.3, 0.785], [0.3, 0.808333], [0.3, 0.838333], [0.297727, 0.866667], [0.290909, 0.895], [0.288636, 0.92], [0.284091, 0.938333], [0.279545, 0.951667], [0.275, 0.968333], [0.272727, 0.98], [0.263636, 0.986667], [0.254545, 0.998333], [0.231818, 1.0], [0.211364, 1.0], [0.186364, 1.0], [0.165909, 1.0], [0.147727, 1.0], [0.127273, 1.0], [0.111364, 1.0], [0.095455, 1.0], [0.079545, 1.0], [0.063636, 1.0], [0.043182, 1.0], [0.022727, 1.0], [0.002273, 1.0], [0.0, 0.983333], [0.0, 0.951667], [0.0, 0.906667], [0.0, 0.871667], [0.0, 0.85], [0.0, 0.81], [0.0, 0.77], [0.0, 0.741667], [0.0, 0.718333], [0.0, 0.686667], [0.0, 0.656667], [0.0, 0.628333], [0.0, 0.603333], [0.0, 0.585], [0.0, 0.565], [0.0, 0.551667], [0.0, 0.54], [0.0, 0.53], [0.0, 0.516667], [0.0, 0.506667], [0.0, 0.495], [0.0, 0.48], [0.0, 0.466667], [0.0, 0.455], [0.013636, 0.445], [0.027273, 0.435], [0.040909, 0.426667], [0.054545, 0.42]]",41220,0.15613636363636363,0,252,137,348
051.jpg,589,1071,BG,non-AOI / background,background,non_aoi,predefined-region initialization leaves unassigned space outside AOIs,0,,,,,,500267,0.7930436464342386,0,0,589,1071
051.jpg,589,1071,AOI1,operational region 1,rect,predefined_region_with_margin,pre-gaze coarse saliency region; region bounds expanded by margin 0.040 of image extent,1,0.440408,0.774749,0.559592,0.225251,,79530,0.12607419877968165,259,830,330,241
051.jpg,589,1071,AOI2,operational region 2,ellipse,predefined_region_with_margin,pre-gaze coarse saliency region; region bounds expanded by margin 0.040 of image extent,2,0.286531,0.228156,0.273878,0.152626,,20962,0.03322981711077187,169,244,162,165
051.jpg,589,1071,AOI3,operational region 3,ellipse,predefined_region_with_margin,pre-gaze coarse saliency region; region bounds expanded by margin 0.040 of image extent,3,0.082449,0.69743,0.314694,0.191732,,30060,0.04765233767530781,49,747,186,206
052.jpg,795,687,BG,non-AOI / background,background,non_aoi,predefined-region initialization leaves unassigned space outside AOIs,0,,,,,,201715,0.36932978129319893,0,0,795,687
052.jpg,795,687,AOI1,AOI 4,rect,manual,,1,0.644025,0.622999,0.350943,0.259098,,47382,0.08675400291120815,512,428,280,179
052.jpg,795,687,AOI2,AOI 1,ellipse,manual,,2,0.0,0.068413,0.618868,0.272198,,71883,0.13161407267034686,0,47,493,186
052.jpg,795,687,AOI3,AOI 2,ellipse,manual,,3,0.719497,0.11936,0.280503,0.401747,,48675,0.08912141935129494,572,82,223,277
052.jpg,795,687,AOI4,AOI 3,polygon,manual,,4,0.010063,0.279476,0.728302,0.6826779999999999,"[[0.553688, 0.279476], [0.567994, 0.279476], [0.578398, 0.279476], [0.591404, 0.279476], [0.609611, 0.279476], [0.626518, 0.279476], [0.639524, 0.281031], [0.647327, 0.284141], [0.657731, 0.287251], [0.669436, 0.293472], [0.682442, 0.298137], [0.690245, 0.302802], [0.698048, 0.315243], [0.704551, 0.324573], [0.709753, 0.338569], [0.716256, 0.349454], [0.720157, 0.358785], [0.722758, 0.36967], [0.725359, 0.383666], [0.72796, 0.397662], [0.730562, 0.411657], [0.733163, 0.422543], [0.734463, 0.431873], [0.737064, 0.445869], [0.738365, 0.46453], [0.738365, 0.480081], [0.738365, 0.494076], [0.730562, 0.501852], [0.718857, 0.512737], [0.709753, 0.520513], [0.700649, 0.531398], [0.691545, 0.546949], [0.687644, 0.560945], [0.686343, 0.57183], [0.690245, 0.584271], [0.696748, 0.596711], [0.700649, 0.609152], [0.70325, 0.624703], [0.707152, 0.637143], [0.705851, 0.651139], [0.695447, 0.6698], [0.682442, 0.691571], [0.673338, 0.707122], [0.666835, 0.716452], [0.657731, 0.725783], [0.647327, 0.736668], [0.640824, 0.749109], [0.638223, 0.794206], [0.63042, 0.848634], [0.621316, 0.87196], [0.613513, 0.882845], [0.612212, 0.892176], [0.609611, 0.901506], [0.604409, 0.915502], [0.597907, 0.934163], [0.590103, 0.949714], [0.5823, 0.959044], [0.573196, 0.960599], [0.55889, 0.962154], [0.543284, 0.962154], [0.531579, 0.962154], [0.519874, 0.962154], [0.504268, 0.962154], [0.488661, 0.960599], [0.479558, 0.955934], [0.466552, 0.943493], [0.453547, 0.931053], [0.427536, 0.910837], [0.417132, 0.899951], [0.405427, 0.887511], [0.383318, 0.87818], [0.366411, 0.87196], [0.343001, 0.856409], [0.310487, 0.826863], [0.276673, 0.797316], [0.236357, 0.769325], [0.199942, 0.736668], [0.167428, 0.714897], [0.162226, 0.721118], [0.157024, 0.730448], [0.154423, 0.719562], [0.133614, 0.724228], [0.118008, 0.708677], [0.107603, 0.691571], [0.090696, 0.662025], [0.07509, 0.609152], [0.071188, 0.557835], [0.082893, 0.532953], [0.088095, 0.515848], [0.056882, 0.46142], [0.023068, 0.427208], [0.010063, 0.403882], [0.055582, 0.380556], [0.136215, 0.36656], [0.193439, 0.351009], [0.246761, 0.337014], [0.309187, 0.333904], [0.361208, 0.329238], [0.409328, 0.324573], [0.513372, 0.318353], [0.571896, 0.295027], [0.596606, 0.281031]]",176510,0.3231807237739511,8,192,580,470
053.jpg,912,1200,BG,non-AOI / background,background,non_aoi,predefined-region initialization leaves unassigned space outside AOIs,0,,,,,,653549,0.5971756213450292,0,0,912,1200
053.jpg,912,1200,AOI1,AOI 1,ellipse,manual,,1,0.399663,0.385897,0.472175,0.530769,,171429,0.15664199561403508,376,463,419,638
053.jpg,912,1200,AOI2,AOI 2,polygon,manual,,2,0.676223,0.580769,0.317032,0.355128,"[[0.740304, 0.583333], [0.753794, 0.582051], [0.77403, 0.583333], [0.795953, 0.589744], [0.816189, 0.598718], [0.839798, 0.608974], [0.86172, 0.621795], [0.876897, 0.632051], [0.887015, 0.641026], [0.89882, 0.652564], [0.91231, 0.664103], [0.924115, 0.671795], [0.932546, 0.679487], [0.942664, 0.689744], [0.947723, 0.698718], [0.952782, 0.70641], [0.959528, 0.715385], [0.96796, 0.726923], [0.973019, 0.737179], [0.978078, 0.747436], [0.984823, 0.761538], [0.989882, 0.774359], [0.993255, 0.785897], [0.993255, 0.8], [0.988196, 0.816667], [0.98145, 0.829487], [0.974705, 0.841026], [0.969646, 0.851282], [0.964587, 0.861538], [0.954469, 0.871795], [0.944351, 0.884615], [0.935919, 0.89359], [0.927487, 0.903846], [0.920742, 0.912821], [0.91231, 0.921795], [0.89882, 0.930769], [0.881956, 0.934615], [0.866779, 0.935897], [0.853288, 0.935897], [0.84317, 0.935897], [0.831366, 0.930769], [0.821248, 0.920513], [0.814503, 0.911538], [0.807757, 0.897436], [0.804384, 0.882051], [0.804384, 0.870513], [0.804384, 0.857692], [0.807757, 0.841026], [0.809444, 0.829487], [0.809444, 0.816667], [0.807757, 0.80641], [0.802698, 0.794872], [0.795953, 0.783333], [0.790894, 0.770513], [0.784148, 0.75641], [0.775717, 0.747436], [0.768971, 0.738462], [0.758853, 0.728205], [0.747049, 0.716667], [0.738617, 0.70641], [0.726813, 0.696154], [0.713322, 0.685897], [0.703204, 0.674359], [0.693086, 0.662821], [0.684654, 0.652564], [0.679595, 0.642308], [0.676223, 0.633333], [0.676223, 0.621795], [0.677909, 0.611538], [0.684654, 0.602564], [0.694772, 0.594872], [0.70489, 0.589744], [0.716695, 0.587179], [0.728499, 0.583333], [0.743676, 0.580769]]",67779,0.06193256578947368,617,697,290,427
053.jpg,912,1200,AOI3,AOI 3,polygon,manual,,3,0.175379,0.278205,0.300169,0.46025699999999997,"[[0.297114, 0.30208], [0.297114, 0.312691], [0.298782, 0.325955], [0.302117, 0.337893], [0.30712, 0.34983], [0.310455, 0.360441], [0.315458, 0.372379], [0.322129, 0.381663], [0.332134, 0.393601], [0.340472, 0.401559], [0.345475, 0.409517], [0.34881, 0.417476], [0.353813, 0.428087], [0.358816, 0.436045], [0.362151, 0.44533], [0.365486, 0.455941], [0.372157, 0.467879], [0.377159, 0.479816], [0.385497, 0.490427], [0.393835, 0.503691], [0.402174, 0.519608], [0.413847, 0.54083], [0.423852, 0.559399], [0.433858, 0.577969], [0.443864, 0.596538], [0.452202, 0.612455], [0.458872, 0.631024], [0.46721, 0.649594], [0.472213, 0.664184], [0.47388, 0.677448], [0.475548, 0.690712], [0.475548, 0.701323], [0.475548, 0.714587], [0.470545, 0.723871], [0.457204, 0.730503], [0.445531, 0.734482], [0.435526, 0.737135], [0.423852, 0.738462], [0.410512, 0.738462], [0.395503, 0.738462], [0.385497, 0.733156], [0.373824, 0.726524], [0.363819, 0.717239], [0.353813, 0.706628], [0.34881, 0.69867], [0.343807, 0.685406], [0.337137, 0.672142], [0.330467, 0.660205], [0.322129, 0.649594], [0.315458, 0.640309], [0.305453, 0.623066], [0.295447, 0.605823], [0.285441, 0.591233], [0.280438, 0.581948], [0.273768, 0.566031], [0.263762, 0.547462], [0.253757, 0.528892], [0.240416, 0.503691], [0.228743, 0.485122], [0.218737, 0.469205], [0.208731, 0.449309], [0.195391, 0.422781], [0.187053, 0.39758], [0.180382, 0.379011], [0.177047, 0.361768], [0.175379, 0.347177], [0.175379, 0.333913], [0.175379, 0.317997], [0.177047, 0.308712], [0.18205, 0.299427], [0.18872, 0.288816], [0.198726, 0.279532], [0.212067, 0.278205], [0.228743, 0.278205], [0.245419, 0.278205], [0.25876, 0.283511], [0.273768, 0.288816], [0.283774, 0.295448], [0.292112, 0.303406]]",70318,0.06425255847953217,160,334,275,553
053.jpg,912,1200,AOI4,AOI 4,polygon,manual,,4,0.0,0.710256,0.575042,0.289744,"[[0.160202, 0.716667], [0.175379, 0.716667], [0.193929, 0.716667], [0.217538, 0.716667], [0.242833, 0.716667], [0.266442, 0.716667], [0.283305, 0.716667], [0.298482, 0.717949], [0.310287, 0.721795], [0.323777, 0.725641], [0.333895, 0.728205], [0.347386, 0.733333], [0.359191, 0.741026], [0.372681, 0.747436], [0.382799, 0.751282], [0.392917, 0.753846], [0.403035, 0.75641], [0.416526, 0.762821], [0.428331, 0.774359], [0.435076, 0.782051], [0.445194, 0.79359], [0.455312, 0.802564], [0.467116, 0.811538], [0.480607, 0.823077], [0.495784, 0.837179], [0.510961, 0.85], [0.527825, 0.860256], [0.541315, 0.867949], [0.551433, 0.873077], [0.564924, 0.878205], [0.571669, 0.885897], [0.575042, 0.894872], [0.568297, 0.902564], [0.559865, 0.914103], [0.549747, 0.921795], [0.541315, 0.929487], [0.531197, 0.941026], [0.526138, 0.951282], [0.521079, 0.960256], [0.512648, 0.971795], [0.505902, 0.982051], [0.499157, 0.989744], [0.489039, 1.0], [0.475548, 1.0], [0.458685, 1.0], [0.436762, 1.0], [0.419899, 1.0], [0.408094, 1.0], [0.39629, 1.0], [0.376054, 1.0], [0.359191, 1.0], [0.347386, 1.0], [0.332209, 1.0], [0.318718, 1.0], [0.300169, 1.0], [0.286678, 1.0], [0.268128, 1.0], [0.256324, 1.0], [0.23946, 1.0], [0.222597, 1.0], [0.209106, 1.0], [0.192243, 1.0], [0.178752, 1.0], [0.161889, 1.0], [0.141653, 1.0], [0.116358, 1.0], [0.092749, 1.0], [0.074199, 1.0], [0.055649, 1.0], [0.043845, 1.0], [0.028668, 1.0], [0.016863, 1.0], [0.005059, 1.0], [0.0, 0.99359], [0.0, 0.975641], [0.0, 0.962821], [0.0, 0.952564], [0.0, 0.939744], [0.0, 0.929487], [0.0, 0.919231], [0.005059, 0.907692], [0.013491, 0.898718], [0.021922, 0.889744], [0.03204, 0.882051], [0.040472, 0.871795], [0.045531, 0.864103], [0.052277, 0.852564], [0.059022, 0.844872], [0.065767, 0.837179], [0.074199, 0.829487], [0.086003, 0.817949], [0.094435, 0.807692], [0.102867, 0.798718], [0.112985, 0.788462], [0.118044, 0.779487], [0.128162, 0.769231], [0.134907, 0.760256], [0.145025, 0.751282], [0.153457, 0.742308], [0.163575, 0.732051], [0.168634, 0.723077], [0.177066, 0.714103], [0.182125, 0.710256]]",131325,0.11999725877192982,0,852,525,348
054.jpg,1200,938,BG,non-AOI / background,background,non_aoi,predefined-region initialization leaves unassigned space outside AOIs,0,,,,,,722630,0.6419953802416489,0,0,1200,938
054.jpg,1200,938,AOI1,AOI 1,polygon,manual,,1,0.032064,0.29359,0.385772,0.632051,"[[0.063126, 0.383333], [0.067134, 0.383333], [0.074148, 0.383333], [0.083166, 0.383333], [0.097194, 0.383333], [0.108216, 0.383333], [0.11523, 0.383333], [0.121242, 0.382051], [0.126253, 0.379487], [0.132265, 0.376923], [0.136273, 0.374359], [0.140281, 0.371795], [0.144289, 0.369231], [0.147295, 0.367949], [0.150301, 0.365385], [0.155311, 0.364103], [0.160321, 0.361538], [0.165331, 0.358974], [0.172345, 0.355128], [0.178357, 0.351282], [0.184369, 0.347436], [0.189379, 0.34359], [0.193387, 0.341026], [0.196393, 0.338462], [0.199399, 0.337179], [0.203407, 0.334615], [0.206413, 0.333333], [0.209419, 0.330769], [0.214429, 0.328205], [0.218437, 0.325641], [0.224449, 0.323077], [0.228457, 0.320513], [0.233467, 0.319231], [0.237475, 0.317949], [0.241483, 0.315385], [0.244489, 0.314103], [0.247495, 0.311538], [0.250501, 0.310256], [0.254509, 0.308974], [0.258517, 0.30641], [0.263527, 0.305128], [0.268537, 0.303846], [0.275551, 0.301282], [0.282565, 0.298718], [0.288577, 0.297436], [0.295591, 0.294872], [0.300601, 0.294872], [0.304609, 0.29359], [0.308617, 0.29359], [0.311623, 0.29359], [0.314629, 0.29359], [0.315631, 0.297436], [0.315631, 0.305128], [0.315631, 0.312821], [0.315631, 0.323077], [0.315631, 0.333333], [0.317635, 0.344872], [0.320641, 0.360256], [0.323647, 0.376923], [0.326653, 0.392308], [0.328657, 0.405128], [0.331663, 0.419231], [0.334669, 0.435897], [0.336673, 0.45], [0.339679, 0.461538], [0.341683, 0.471795], [0.343687, 0.482051], [0.346693, 0.491026], [0.348697, 0.498718], [0.350701, 0.507692], [0.352705, 0.515385], [0.354709, 0.523077], [0.356713, 0.533333], [0.358717, 0.544872], [0.359719, 0.553846], [0.361723, 0.562821], [0.363727, 0.573077], [0.366733, 0.582051], [0.369739, 0.591026], [0.372745, 0.6], [0.375752, 0.611538], [0.377756, 0.623077], [0.380762, 0.634615], [0.382766, 0.646154], [0.388778, 0.675641], [0.391784, 0.692308], [0.395792, 0.70641], [0.402806, 0.730769], [0.408818, 0.74359], [0.412826, 0.753846], [0.415832, 0.764103], [0.416834, 0.774359], [0.417836, 0.779487], [0.41483, 0.780769], [0.408818, 0.780769], [0.3998, 0.782051], [0.387776, 0.785897], [0.355711, 0.8], [0.315631, 0.817949], [0.279559, 0.833333], [0.245491, 0.848718], [0.218437, 0.858974], [0.198397, 0.869231], [0.184369, 0.875641], [0.176353, 0.880769], [0.168337, 0.885897], [0.159319, 0.891026], [0.152305, 0.894872], [0.143287, 0.898718], [0.122244, 0.90641], [0.09519, 0.914103], [0.074148, 0.919231], [0.059118, 0.923077], [0.054108, 0.923077], [0.051102, 0.924359], [0.044088, 0.924359], [0.03507, 0.925641], [0.032064, 0.924359], [0.032064, 0.919231], [0.034068, 0.884615], [0.042084, 0.80641], [0.047094, 0.741026], [0.053106, 0.675641], [0.06012, 0.607692], [0.063126, 0.561538], [0.063126, 0.525641], [0.063126, 0.49359], [0.06012, 0.469231], [0.059118, 0.451282], [0.058116, 0.432051], [0.058116, 0.411538], [0.058116, 0.378205], [0.058116, 0.35], [0.058116, 0.342308]]",184093,0.16355099502487563,38,275,464,594
054.jpg,1200,938,AOI2,AOI 2,ellipse,manual,,2,0.553106,0.760256,0.446894,0.215385,,85586,0.07603589196872779,664,713,536,203
054.jpg,1200,938,AOI3,AOI 3,rect,manual,,3,0.501002,0.016667,0.134269,0.294872,,44874,0.039866737739872066,601,16,162,277
054.jpg,1200,938,AOI4,AOI 4,ellipse,manual,,4,0.62024,0.247436,0.321643,0.308974,,88417,0.07855099502487563,744,232,387,291
055.jpg,600,800,BG,non-AOI / background,background,non_aoi,predefined-region initialization leaves unassigned space outside AOIs,0,,,,,,266935,0.5561145833333333,0,0,600,800
055.jpg,600,800,AOI1,AOI 1,rect,manual,,1,0.073504,0.576923,0.198291,0.378205,,36360,0.07575,44,462,120,303
055.jpg,600,800,AOI2,AOI 2,polygon,manual,,2,0.464957,0.370513,0.34700899999999996,0.591025,"[[0.506526, 0.605391], [0.520985, 0.597732], [0.530021, 0.58752], [0.537251, 0.577308], [0.54448, 0.568372], [0.551709, 0.559437], [0.557131, 0.550501], [0.564361, 0.541566], [0.577012, 0.530077], [0.587856, 0.518588], [0.595085, 0.509653], [0.600507, 0.501994], [0.609544, 0.493058], [0.624003, 0.476463], [0.638462, 0.458592], [0.65292, 0.439445], [0.663764, 0.424126], [0.670994, 0.411361], [0.68003, 0.398596], [0.690874, 0.389661], [0.703526, 0.383278], [0.71437, 0.379448], [0.728828, 0.374342], [0.745094, 0.371789], [0.759553, 0.370513], [0.777626, 0.370513], [0.78847, 0.371789], [0.801122, 0.380725], [0.806544, 0.390937], [0.811966, 0.415191], [0.811966, 0.441998], [0.811966, 0.466251], [0.806544, 0.482846], [0.802929, 0.495611], [0.799314, 0.5071], [0.790278, 0.526247], [0.777626, 0.545395], [0.76859, 0.563266], [0.757746, 0.574755], [0.746902, 0.590073], [0.739672, 0.600285], [0.732443, 0.611774], [0.725214, 0.623262], [0.71437, 0.636028], [0.699911, 0.655175], [0.678223, 0.678153], [0.66015, 0.698577], [0.647498, 0.712618], [0.643884, 0.72283], [0.643884, 0.738149], [0.643884, 0.757296], [0.643884, 0.776444], [0.645691, 0.800698], [0.649306, 0.822399], [0.65292, 0.83644], [0.65292, 0.853035], [0.65292, 0.872183], [0.65292, 0.89133], [0.65292, 0.904095], [0.65292, 0.915584], [0.656535, 0.925796], [0.66015, 0.934732], [0.665572, 0.944944], [0.672801, 0.955156], [0.669186, 0.961538], [0.65292, 0.961538], [0.636654, 0.961538], [0.614966, 0.961538], [0.596893, 0.960262], [0.584241, 0.957709], [0.57159, 0.952603], [0.560746, 0.948773], [0.531829, 0.937285], [0.513755, 0.929626], [0.497489, 0.92452], [0.484838, 0.92069], [0.475801, 0.913031], [0.475801, 0.901542], [0.475801, 0.884948], [0.475801, 0.856864], [0.475801, 0.833887], [0.475801, 0.812186], [0.473994, 0.798145], [0.470379, 0.784103], [0.466765, 0.771338], [0.464957, 0.757296], [0.464957, 0.745808], [0.464957, 0.727937], [0.464957, 0.708789], [0.464957, 0.692194], [0.466765, 0.680706], [0.468572, 0.669217], [0.472187, 0.655175], [0.473994, 0.643687], [0.477609, 0.632198], [0.483031, 0.621986], [0.492067, 0.610497]]",51393,0.10706875,279,296,200,474
055.jpg,600,800,AOI3,AOI 3,polygon,manual,,3,0.052991,0.00641,0.947009,0.43461599999999995,"[[0.123077, 0.253846], [0.136752, 0.253846], [0.150427, 0.253846], [0.169231, 0.253846], [0.189744, 0.253846], [0.211966, 0.253846], [0.232479, 0.252564], [0.249573, 0.251282], [0.261538, 0.248718], [0.273504, 0.246154], [0.28547, 0.242308], [0.300855, 0.235897], [0.31453, 0.229487], [0.331624, 0.219231], [0.347009, 0.207692], [0.364103, 0.196154], [0.382906, 0.182051], [0.406838, 0.165385], [0.425641, 0.147436], [0.449573, 0.120513], [0.464957, 0.102564], [0.478632, 0.087179], [0.495726, 0.073077], [0.511111, 0.064103], [0.533333, 0.053846], [0.552137, 0.046154], [0.57094, 0.041026], [0.593162, 0.035897], [0.615385, 0.030769], [0.634188, 0.025641], [0.65812, 0.021795], [0.676923, 0.020513], [0.694017, 0.017949], [0.711111, 0.015385], [0.736752, 0.010256], [0.765812, 0.007692], [0.793162, 0.00641], [0.818803, 0.007692], [0.841026, 0.011538], [0.854701, 0.016667], [0.864957, 0.025641], [0.870085, 0.033333], [0.883761, 0.062821], [0.890598, 0.089744], [0.892308, 0.111538], [0.892308, 0.126923], [0.892308, 0.142308], [0.892308, 0.158974], [0.888889, 0.174359], [0.88547, 0.183333], [0.88547, 0.198718], [0.888889, 0.210256], [0.900855, 0.215385], [0.923077, 0.219231], [0.940171, 0.223077], [0.952137, 0.225641], [0.965812, 0.226923], [0.984615, 0.226923], [1.0, 0.230769], [1.0, 0.24359], [1.0, 0.255128], [1.0, 0.278205], [1.0, 0.288462], [1.0, 0.3], [1.0, 0.308974], [1.0, 0.320513], [0.998291, 0.329487], [0.988034, 0.332051], [0.974359, 0.335897], [0.962393, 0.339744], [0.945299, 0.344872], [0.935043, 0.347436], [0.921368, 0.35], [0.904274, 0.352564], [0.876923, 0.355128], [0.861538, 0.357692], [0.847863, 0.357692], [0.830769, 0.357692], [0.803419, 0.35641], [0.789744, 0.351282], [0.774359, 0.344872], [0.758974, 0.335897], [0.745299, 0.332051], [0.733333, 0.329487], [0.719658, 0.324359], [0.700855, 0.316667], [0.676923, 0.310256], [0.654701, 0.308974], [0.637607, 0.312821], [0.623932, 0.321795], [0.613675, 0.332051], [0.605128, 0.34359], [0.598291, 0.352564], [0.576068, 0.369231], [0.547009, 0.387179], [0.538462, 0.39359], [0.528205, 0.4], [0.51453, 0.410256], [0.473504, 0.429487], [0.446154, 0.438462], [0.42906, 0.441026], [0.417094, 0.430769], [0.406838, 0.421795], [0.394872, 0.411538], [0.384615, 0.401282], [0.357265, 0.378205], [0.333333, 0.371795], [0.304274, 0.371795], [0.268376, 0.371795], [0.225641, 0.369231], [0.179487, 0.361538], [0.147009, 0.357692], [0.129915, 0.353846], [0.107692, 0.347436], [0.088889, 0.341026], [0.083761, 0.333333], [0.073504, 0.324359], [0.059829, 0.307692], [0.054701, 0.29359], [0.052991, 0.282051], [0.054701, 0.267949], [0.061538, 0.257692], [0.071795, 0.252564], [0.088889, 0.244872], [0.102564, 0.238462]]",102927,0.21443125,32,5,568,349
055.jpg,600,800,AOI4,AOI 4,rect,manual,,4,0.798291,0.360256,0.201709,0.229487,,22385,0.046635416666666665,479,288,121,185
056.jpg,536,800,BG,non-AOI / background,background,non_aoi,predefined-region initialization leaves unassigned space outside AOIs,0,,,,,,218978,0.5106763059701492,0,0,536,800
056.jpg,536,800,AOI1,operational region 3,rect,manual_adjusted_limited_radius,pre-gaze coarse saliency region; region bounds expanded by margin 0.040 of image extent,1,0.208413,0.137179,0.564054,0.433333,,105141,0.2451982276119403,112,110,303,347
056.jpg,536,800,AOI2,AOI 2,rect,manual,,2,0.321224,0.571795,0.328872,0.261538,,37347,0.08709654850746269,172,457,177,211
056.jpg,536,800,AOI3,AOI 3,rect,manual,,3,0.007648,0.835897,0.956023,0.164103,,67334,0.15702891791044776,4,669,514,131
057.jpg,376,570,BG,non-AOI / background,background,non_aoi,predefined-region initialization leaves unassigned space outside AOIs,0,,,,,,160665,0.7496500559910414,0,0,376,570
057.jpg,376,570,AOI1,operational region 1,ellipse,predefined_region_with_margin,pre-gaze coarse saliency region; region bounds expanded by margin 0.040 of image extent,1,0.409153,0.250503,0.351186,0.348156,,19919,0.09294046285927585,154,143,133,199
057.jpg,376,570,AOI2,operational region 2,rect,predefined_region_with_margin,pre-gaze coarse saliency region; region bounds expanded by margin 0.040 of image extent,2,0.087119,0.401341,0.410508,0.214078,,17356,0.08098170959313176,33,229,155,123
057.jpg,376,570,AOI3,operational region 3,rect,predefined_region_with_margin,pre-gaze coarse saliency region; region bounds expanded by margin 0.040 of image extent,3,0.0,0.876201,0.62,0.12,,16380,0.07642777155655095,0,499,234,70
058.jpg,1200,733,BG,non-AOI / background,background,non_aoi,predefined-region initialization leaves unassigned space outside AOIs,0,,,,,,510337,0.5801921327876307,0,0,1200,733
058.jpg,1200,733,AOI1,AOI 2,polygon,manual,,1,0.544348,0.128205,0.36260899999999996,0.619658,"[[0.547109, 0.423951], [0.547109, 0.411276], [0.548949, 0.40001], [0.552631, 0.387335], [0.553551, 0.378885], [0.553551, 0.367618], [0.552631, 0.34931], [0.55079, 0.326777], [0.548949, 0.300019], [0.547109, 0.271853], [0.546188, 0.252137], [0.544348, 0.235237], [0.544348, 0.218337], [0.544348, 0.207071], [0.544348, 0.187354], [0.548949, 0.177496], [0.555392, 0.170455], [0.563675, 0.160596], [0.571958, 0.153555], [0.580241, 0.150738], [0.588524, 0.14933], [0.598647, 0.14933], [0.610611, 0.152146], [0.622576, 0.159188], [0.63454, 0.167638], [0.648345, 0.176088], [0.66307, 0.180313], [0.675034, 0.181721], [0.686998, 0.177496], [0.701724, 0.164821], [0.716449, 0.14933], [0.729333, 0.139472], [0.742218, 0.13243], [0.753262, 0.128205], [0.763386, 0.128205], [0.773509, 0.13243], [0.786394, 0.147922], [0.802039, 0.174679], [0.814004, 0.198621], [0.825968, 0.219746], [0.835171, 0.235237], [0.843454, 0.24932], [0.849896, 0.261995], [0.853578, 0.270445], [0.857259, 0.28312], [0.861861, 0.295794], [0.864621, 0.308469], [0.869223, 0.323961], [0.873825, 0.340861], [0.880267, 0.361985], [0.88763, 0.381702], [0.893152, 0.398601], [0.896833, 0.414093], [0.899594, 0.429584], [0.902355, 0.459159], [0.905116, 0.514083], [0.906036, 0.547883], [0.906957, 0.584499], [0.906957, 0.628157], [0.898674, 0.668998], [0.886709, 0.707022], [0.881187, 0.726739], [0.874745, 0.730963], [0.86094, 0.728147], [0.834251, 0.714064], [0.80388, 0.692939], [0.77535, 0.674631], [0.761545, 0.674631], [0.74866, 0.692939], [0.737616, 0.715472], [0.722891, 0.73378], [0.704485, 0.746455], [0.69068, 0.747863], [0.678716, 0.739413], [0.667672, 0.722514], [0.653867, 0.692939], [0.640982, 0.668998], [0.631779, 0.649281], [0.617974, 0.61689], [0.604169, 0.561966], [0.590364, 0.504225], [0.57932, 0.47465], [0.569197, 0.457751], [0.559073, 0.442259], [0.552631, 0.435218], [0.548949, 0.423951]]",142961,0.16252955889040474,656,94,433,455
058.jpg,1200,733,AOI2,AOI 3,rect,manual,,2,0.292174,0.283476,0.264348,0.542735,,76127,0.08654729422464756,351,208,318,399
058.jpg,1200,733,AOI3,operational region 1,ellipse,manual_adjusted_limited_radius,pre-gaze coarse saliency region; region bounds expanded by margin 0.040 of image extent,3,0.373913,0.468661,0.276522,0.444444,,85210,0.09687357889949977,449,344,333,326
058.jpg,1200,733,AOI4,AOI 4,rect,manual,,4,0.263478,0.012821,0.294783,0.247863,,64965,0.07385743519781719,316,9,355,183
059.jpg,640,480,BG,non-AOI / background,background,non_aoi,predefined-region initialization leaves unassigned space outside AOIs,0,,,,,,229854,0.74822265625,0,0,640,480
059.jpg,640,480,AOI1,operational region 1,ellipse,predefined_region_with_margin,pre-gaze coarse saliency region; region bounds expanded by margin 0.040 of image extent,1,0.066145,0.676418,0.420782,0.311343,,31248,0.10171875,42,325,258,150
059.jpg,640,480,AOI2,operational region 2,ellipse,predefined_region_with_margin,pre-gaze coarse saliency region; region bounds expanded by margin 0.040 of image extent,2,0.395754,0.621493,0.515754,0.378507,,36352,0.11833333333333333,273,298,311,182
059.jpg,640,480,AOI3,operational region 3,ellipse,predefined_region_with_margin,pre-gaze coarse saliency region; region bounds expanded by margin 0.040 of image extent,3,0.68067,0.616716,0.214078,0.199403,,9746,0.031725260416666665,441,296,133,97
060.jpg,691,1200,BG,non-AOI / background,background,non_aoi,predefined-region initialization leaves unassigned space outside AOIs,0,,,,,,43421,0.0523649300530632,0,0,691,1200
060.jpg,691,1200,AOI1,AOI 1,rect,manual,,1,0.0,0.0,0.36971,0.996154,,277068,0.33413892908827786,0,0,256,1196
060.jpg,691,1200,AOI2,AOI 2,rect,manual,,2,0.708241,0.002564,0.291759,0.994872,,201436,0.2429281234925229,489,3,202,1195
060.jpg,691,1200,AOI3,AOI 3,polygon,manual,,3,0.293987,0.0,0.525612,1.0,"[[0.513373, 1.0], [0.504232, 0.983117], [0.479094, 0.967532], [0.458526, 0.958442], [0.435673, 0.945455], [0.415106, 0.928571], [0.401394, 0.911688], [0.385398, 0.890909], [0.369401, 0.866234], [0.351118, 0.838961], [0.337407, 0.812987], [0.32598, 0.78961], [0.319125, 0.763636], [0.309984, 0.72987], [0.300842, 0.693506], [0.293987, 0.662338], [0.293987, 0.633766], [0.293987, 0.607792], [0.293987, 0.57013], [0.293987, 0.531169], [0.293987, 0.505195], [0.296272, 0.481818], [0.303128, 0.45974], [0.305413, 0.437662], [0.309984, 0.424675], [0.319125, 0.41039], [0.323695, 0.392208], [0.323695, 0.374026], [0.32598, 0.35974], [0.332836, 0.341558], [0.339692, 0.327273], [0.339692, 0.312987], [0.335122, 0.298701], [0.332836, 0.277922], [0.332836, 0.25974], [0.337407, 0.246753], [0.351118, 0.232468], [0.362545, 0.216883], [0.373971, 0.203896], [0.376256, 0.192208], [0.385398, 0.176623], [0.392253, 0.157143], [0.399109, 0.14026], [0.412821, 0.125974], [0.421962, 0.111688], [0.440244, 0.094805], [0.453956, 0.081818], [0.472238, 0.068831], [0.492805, 0.055844], [0.515658, 0.042857], [0.53394, 0.032468], [0.549937, 0.020779], [0.570505, 0.01039], [0.593357, 0.006494], [0.613925, 0.0], [0.639063, 0.002597], [0.648204, 0.014286], [0.661915, 0.028571], [0.682483, 0.045455], [0.707621, 0.061039], [0.728188, 0.083117], [0.748756, 0.112987], [0.762467, 0.149351], [0.778464, 0.180519], [0.792176, 0.223377], [0.792176, 0.261039], [0.799032, 0.292208], [0.810458, 0.335065], [0.812743, 0.362338], [0.817314, 0.398701], [0.819599, 0.44026], [0.819599, 0.462338], [0.815029, 0.481818], [0.812743, 0.5], [0.803602, 0.516883], [0.78532, 0.536364], [0.778464, 0.555844], [0.773894, 0.572727], [0.771608, 0.593506], [0.760182, 0.612987], [0.74647, 0.632468], [0.737329, 0.646753], [0.732759, 0.65974], [0.725903, 0.681818], [0.719047, 0.702597], [0.709906, 0.722078], [0.705336, 0.741558], [0.693909, 0.767532], [0.682483, 0.780519], [0.666486, 0.805195], [0.657345, 0.816883], [0.641348, 0.837662], [0.618495, 0.85974], [0.609354, 0.877922], [0.604784, 0.893506], [0.591072, 0.918182], [0.575075, 0.936364], [0.552222, 0.972727], [0.540796, 0.985714], [0.520229, 0.990909], [0.511087, 0.990909]]",307275,0.37056801736613604,203,0,364,1200
061.jpg,800,625,BG,non-AOI / background,background,non_aoi,predefined-region initialization leaves unassigned space outside AOIs,0,,,,,,361542,0.723084,0,0,800,625
061.jpg,800,625,AOI1,AOI 1,rect,manual,,1,0.14375,0.2752,0.35375,0.2336,,41748,0.083496,115,172,284,147
061.jpg,800,625,AOI2,AOI 2,rect,manual,,2,0.66625,0.2672,0.23875,0.2224,,26880,0.05376,533,167,192,140
061.jpg,800,625,AOI3,AOI 3,rect,manual,,3,0.1225,0.6432,0.3325,0.3184,,53400,0.1068,98,402,267,200
061.jpg,800,625,AOI4,AOI 4,rect,manual,,4,0.69,0.496,0.1925,0.168,,16430,0.03286,552,310,155,106
062.jpg,889,1200,BG,non-AOI / background,background,non_aoi,predefined-region initialization leaves unassigned space outside AOIs,0,,,,,,434170,0.4069835020622422,0,0,889,1200
062.jpg,889,1200,AOI1,AOI 2,rect,manual,,1,0.017301,0.138462,0.235294,0.376923,,93711,0.08784308211473565,15,166,211,453
062.jpg,889,1200,AOI2,AOI 3,rect,manual,,2,0.243945,0.151282,0.256055,0.173077,,47424,0.04445444319460067,217,182,228,208
062.jpg,889,1200,AOI3,AOI 4,rect,manual,,3,0.801038,0.025641,0.198962,0.417949,,70870,0.06643232095988001,712,31,177,502
062.jpg,889,1200,AOI4,AOI 1,rect,manual,,4,0.610727,0.203846,0.261246,0.233333,,65473,0.06137326584176978,543,245,233,281
062.jpg,889,1200,AOI5,AOI 5,rect,manual,,5,0.271626,0.473077,0.678201,0.489744,,355152,0.33291338582677166,241,568,604,588
063.jpg,779,1200,BG,non-AOI / background,background,non_aoi,predefined-region initialization leaves unassigned space outside AOIs,0,,,,,,6090,0.006514762516046213,0,0,779,1200
063.jpg,779,1200,AOI1,AOI 3,rect,manual,,1,0.003953,0.003846,0.996047,0.525641,,373772,0.39984167736414206,3,5,776,622
063.jpg,779,1200,AOI2,AOI 1,polygon,manual,,2,0.0,0.733333,0.960474,0.266667,"[[0.003953, 0.761538], [0.019763, 0.761538], [0.039526, 0.767949], [0.057312, 0.774359], [0.071146, 0.780769], [0.086957, 0.784615], [0.100791, 0.785897], [0.118577, 0.785897], [0.132411, 0.783333], [0.148221, 0.778205], [0.164032, 0.770513], [0.177866, 0.765385], [0.193676, 0.760256], [0.205534, 0.75641], [0.22332, 0.751282], [0.23913, 0.748718], [0.258893, 0.744872], [0.284585, 0.742308], [0.306324, 0.738462], [0.322134, 0.735897], [0.335968, 0.734615], [0.351779, 0.733333], [0.367589, 0.733333], [0.375494, 0.737179], [0.367589, 0.746154], [0.363636, 0.753846], [0.363636, 0.765385], [0.371542, 0.770513], [0.385375, 0.771795], [0.401186, 0.771795], [0.420949, 0.771795], [0.440711, 0.769231], [0.452569, 0.765385], [0.468379, 0.758974], [0.486166, 0.751282], [0.498024, 0.748718], [0.51581, 0.744872], [0.529644, 0.74359], [0.549407, 0.742308], [0.573123, 0.74359], [0.58498, 0.746154], [0.602767, 0.75], [0.628458, 0.755128], [0.65415, 0.758974], [0.679842, 0.761538], [0.705534, 0.762821], [0.72332, 0.764103], [0.750988, 0.764103], [0.770751, 0.764103], [0.794466, 0.765385], [0.810277, 0.766667], [0.83004, 0.769231], [0.841897, 0.771795], [0.859684, 0.774359], [0.875494, 0.778205], [0.891304, 0.783333], [0.911067, 0.792308], [0.93083, 0.801282], [0.944664, 0.808974], [0.954545, 0.816667], [0.958498, 0.828205], [0.958498, 0.842308], [0.960474, 0.858974], [0.960474, 0.871795], [0.960474, 0.884615], [0.960474, 0.897436], [0.958498, 0.908974], [0.952569, 0.923077], [0.940711, 0.935897], [0.924901, 0.95], [0.907115, 0.964103], [0.895257, 0.973077], [0.883399, 0.983333], [0.867589, 0.99359], [0.833992, 1.0], [0.802372, 1.0], [0.77668, 1.0], [0.747036, 1.0], [0.717391, 1.0], [0.685771, 1.0], [0.652174, 1.0], [0.624506, 1.0], [0.600791, 1.0], [0.563241, 1.0], [0.533597, 1.0], [0.507905, 1.0], [0.468379, 1.0], [0.41502, 1.0], [0.365613, 1.0], [0.320158, 1.0], [0.278656, 1.0], [0.231225, 1.0], [0.189723, 1.0], [0.152174, 1.0], [0.118577, 1.0], [0.090909, 1.0], [0.065217, 1.0], [0.049407, 1.0], [0.027668, 1.0], [0.005929, 1.0], [0.0, 1.0]]",0,0.0,0,0,0,0
063.jpg,779,1200,AOI3,AOI 2,polygon,manual,,3,0.0,0.352564,1.0,0.647436,"[[0.001976, 0.417949], [0.019763, 0.417949], [0.037549, 0.417949], [0.051383, 0.417949], [0.067194, 0.417949], [0.081028, 0.417949], [0.100791, 0.417949], [0.120553, 0.416667], [0.132411, 0.414103], [0.148221, 0.410256], [0.162055, 0.40641], [0.177866, 0.403846], [0.193676, 0.402564], [0.20751, 0.401282], [0.221344, 0.4], [0.241107, 0.397436], [0.262846, 0.394872], [0.278656, 0.394872], [0.294466, 0.39359], [0.3083, 0.392308], [0.322134, 0.392308], [0.335968, 0.387179], [0.349802, 0.382051], [0.36166, 0.374359], [0.369565, 0.365385], [0.381423, 0.358974], [0.395257, 0.353846], [0.409091, 0.352564], [0.424901, 0.352564], [0.438735, 0.352564], [0.464427, 0.355128], [0.480237, 0.357692], [0.498024, 0.362821], [0.513834, 0.366667], [0.527668, 0.369231], [0.545455, 0.370513], [0.559289, 0.373077], [0.581028, 0.375641], [0.594862, 0.376923], [0.608696, 0.379487], [0.624506, 0.380769], [0.63834, 0.380769], [0.652174, 0.380769], [0.677866, 0.380769], [0.689723, 0.378205], [0.701581, 0.374359], [0.713439, 0.376923], [0.727273, 0.380769], [0.745059, 0.384615], [0.762846, 0.387179], [0.77668, 0.391026], [0.794466, 0.394872], [0.806324, 0.397436], [0.820158, 0.401282], [0.820158, 0.415385], [0.820158, 0.428205], [0.818182, 0.435897], [0.814229, 0.44359], [0.816206, 0.453846], [0.822134, 0.462821], [0.833992, 0.471795], [0.84585, 0.479487], [0.857708, 0.482051], [0.873518, 0.484615], [0.887352, 0.485897], [0.903162, 0.487179], [0.918972, 0.489744], [0.934783, 0.489744], [0.956522, 0.491026], [0.970356, 0.494872], [0.978261, 0.505128], [0.988142, 0.515385], [1.0, 0.523077], [1.0, 0.537179], [1.0, 0.548718], [1.0, 0.558974], [1.0, 0.571795], [1.0, 0.59359], [1.0, 0.635897], [1.0, 0.707692], [1.0, 0.760256], [1.0, 0.8], [1.0, 0.841026], [1.0, 0.860256], [1.0, 0.878205], [1.0, 0.898718], [1.0, 0.919231], [1.0, 0.944872], [1.0, 0.967949], [1.0, 0.988462], [1.0, 0.998718], [0.986166, 1.0], [0.966403, 1.0], [0.924901, 1.0], [0.893281, 1.0], [0.86166, 1.0], [0.828063, 1.0], [0.796443, 1.0], [0.772727, 1.0], [0.754941, 1.0], [0.735178, 1.0], [0.703557, 1.0], [0.675889, 1.0], [0.660079, 1.0], [0.642292, 1.0], [0.608696, 1.0], [0.557312, 1.0], [0.539526, 1.0], [0.513834, 1.0], [0.438735, 1.0], [0.310277, 1.0], [0.256917, 1.0], [0.237154, 1.0], [0.217391, 1.0], [0.152174, 1.0], [0.025692, 1.0], [0.0, 1.0]]",554938,0.5936435601198117,0,423,779,777
064.jpg,923,1200,BG,non-AOI / background,background,non_aoi,predefined-region initialization leaves unassigned space outside AOIs,0,,,,,,862708,0.7788985193210546,0,0,923,1200
064.jpg,923,1200,AOI1,operational region 1,ellipse,predefined_region_with_margin,pre-gaze coarse saliency region; region bounds expanded by margin 0.040 of image extent,1,0.412555,0.64067,0.328175,0.35933,,103076,0.09306247742867461,381,769,304,431
064.jpg,923,1200,AOI2,operational region 2,ellipse,predefined_region_with_margin,pre-gaze coarse saliency region; region bounds expanded by margin 0.040 of image extent,2,0.339562,0.311955,0.204088,0.230838,,41464,0.03743589743589744,313,374,190,278
064.jpg,923,1200,AOI3,operational region 3,ellipse,predefined_region_with_margin,pre-gaze coarse saliency region; region bounds expanded by margin 0.040 of image extent,3,0.0,0.0,0.415766,0.275531,,100352,0.09060310581437342,0,0,385,332
065.jpg,460,403,BG,non-AOI / background,background,non_aoi,predefined-region initialization leaves unassigned space outside AOIs,0,,,,,,132228,0.7132808285683461,0,0,460,403
065.jpg,460,403,AOI1,operational region 1,ellipse,predefined_region_with_margin,pre-gaze coarse saliency region; region bounds expanded by margin 0.040 of image extent,1,0.0,0.0,0.582793,0.398471,,29532,0.15930521091811414,0,0,269,148
065.jpg,460,403,AOI2,operational region 2,ellipse,predefined_region_with_margin,pre-gaze coarse saliency region; region bounds expanded by margin 0.040 of image extent,2,0.094078,0.265732,0.370503,0.309299,,15485,0.08353112525623045,43,122,172,111
065.jpg,460,403,AOI3,operational region 3,ellipse,predefined_region_with_margin,pre-gaze coarse saliency region; region bounds expanded by margin 0.040 of image extent,3,0.462793,0.686115,0.214078,0.258344,,8135,0.04388283525730931,213,277,99,105
066.jpg,780,593,BG,non-AOI / background,background,non_aoi,predefined-region initialization leaves unassigned space outside AOIs,0,,,,,,236485,0.5112747005664375,0,0,780,593
066.jpg,780,593,AOI1,operational region 1,rect,predefined_region_with_margin,pre-gaze coarse saliency region; region bounds expanded by margin 0.040 of image extent,1,0.027039,0.0,0.62,0.12,,29457,0.0636853028927228,21,0,485,72
066.jpg,780,593,AOI2,operational region 2,rect,predefined_region_with_margin,pre-gaze coarse saliency region; region bounds expanded by margin 0.040 of image extent,2,0.0,0.033529,0.12,0.62,,34856,0.07535780689237688,0,20,95,369
066.jpg,780,593,AOI3,operational region 3,rect,predefined_region_with_margin,pre-gaze coarse saliency region; region bounds expanded by margin 0.040 of image extent,3,0.42,0.06,0.58,0.62,,161742,0.3496821896484628,328,36,452,368
067.jpg,856,1200,BG,non-AOI / background,background,non_aoi,predefined-region initialization leaves unassigned space outside AOIs,0,,,,,,717017,0.6980305685358256,0,0,856,1200
067.jpg,856,1200,AOI1,operational region 1,rect,predefined_region_with_margin,pre-gaze coarse saliency region; region bounds expanded by margin 0.040 of image extent,1,0.259213,0.490726,0.552441,0.297877,,169033,0.16455704828660436,222,589,474,358
067.jpg,856,1200,AOI2,operational region 2,ellipse,predefined_region_with_margin,pre-gaze coarse saliency region; region bounds expanded by margin 0.040 of image extent,2,0.463937,0.015866,0.300472,0.387263,,94392,0.09189252336448599,397,19,258,466
067.jpg,856,1200,AOI3,operational region 3,ellipse,predefined_region_with_margin,pre-gaze coarse saliency region; region bounds expanded by margin 0.040 of image extent,3,0.574173,0.780335,0.261102,0.219665,,46758,0.04551985981308411,491,936,225,264
068.jpg,785,1200,BG,non-AOI / background,background,non_aoi,predefined-region initialization leaves unassigned space outside AOIs,0,,,,,,579631,0.6153195329087049,0,0,785,1200
068.jpg,785,1200,AOI1,operational region 1,rect,predefined_region_with_margin,pre-gaze coarse saliency region; region bounds expanded by margin 0.040 of image extent,1,0.293333,0.43486,0.276581,0.124693,,28245,0.02998407643312102,230,522,218,150
068.jpg,785,1200,AOI2,operational region 2,rect,predefined_region_with_margin,pre-gaze coarse saliency region; region bounds expanded by margin 0.040 of image extent,2,0.26,0.26,0.58,0.62,,309975,0.3290605095541401,204,312,456,745
068.jpg,785,1200,AOI3,operational region 3,ellipse,predefined_region_with_margin,pre-gaze coarse saliency region; region bounds expanded by margin 0.040 of image extent,3,0.82,0.36,0.18,0.18,,24149,0.02563588110403397,644,432,141,217
069.jpg,800,655,BG,non-AOI / background,background,non_aoi,predefined-region initialization leaves unassigned space outside AOIs,0,,,,,,394215,0.7523187022900764,0,0,800,655
069.jpg,800,655,AOI1,operational region 1,ellipse,predefined_region_with_margin,pre-gaze coarse saliency region; region bounds expanded by margin 0.040 of image extent,1,0.244916,0.117534,0.610726,0.388219,,87138,0.166293893129771,196,77,490,255
069.jpg,800,655,AOI2,operational region 2,ellipse,predefined_region_with_margin,pre-gaze coarse saliency region; region bounds expanded by margin 0.040 of image extent,2,0.054972,0.083288,0.169385,0.148493,,10452,0.019946564885496183,44,55,136,98
069.jpg,800,655,AOI3,operational region 3,ellipse,predefined_region_with_margin,pre-gaze coarse saliency region; region bounds expanded by margin 0.040 of image extent,3,0.62,0.34,0.26,0.3,,32195,0.06144083969465649,496,223,209,197
070.jpg,1200,1057,BG,non-AOI / background,background,non_aoi,predefined-region initialization leaves unassigned space outside AOIs,0,,,,,,864394,0.6814837590665406,0,0,1200,1057
070.jpg,1200,1057,AOI1,operational region 1,ellipse,predefined_region_with_margin,pre-gaze coarse saliency region; region bounds expanded by margin 0.040 of image extent,1,0.0,0.654177,0.62,0.345823,,160596,0.12661305581835383,0,720,745,337
070.jpg,1200,1057,AOI2,operational region 2,rect,predefined_region_with_margin,pre-gaze coarse saliency region; region bounds expanded by margin 0.040 of image extent,2,0.0,0.637215,0.538101,0.162278,,84725,0.0667967518133081,0,674,647,172
070.jpg,1200,1057,AOI3,operational region 3,rect,predefined_region_with_margin,pre-gaze coarse saliency region; region bounds expanded by margin 0.040 of image extent,3,0.20581,0.0,0.62,0.200253,,158685,0.12510643330179755,247,0,745,213
071.jpg,778,1088,BG,non-AOI / background,background,non_aoi,predefined-region initialization leaves unassigned space outside AOIs,0,,,,,,664311,0.7848071506880387,0,0,778,1088
071.jpg,778,1088,AOI1,operational region 1,ellipse,predefined_region_with_margin,pre-gaze coarse saliency region; region bounds expanded by margin 0.040 of image extent,1,0.24125,0.267263,0.415938,0.247598,,68193,0.08056219756540148,188,291,324,270
071.jpg,778,1088,AOI2,operational region 2,ellipse,predefined_region_with_margin,pre-gaze coarse saliency region; region bounds expanded by margin 0.040 of image extent,2,0.585,0.0,0.23625,0.426369,,60301,0.07123870595796158,455,0,182,465
071.jpg,778,1088,AOI3,operational region 3,ellipse,predefined_region_with_margin,pre-gaze coarse saliency region; region bounds expanded by margin 0.040 of image extent,3,0.748125,0.0,0.251875,0.353743,,53659,0.06339194578859822,588,0,190,386
072.jpg,525,700,BG,non-AOI / background,background,non_aoi,predefined-region initialization leaves unassigned space outside AOIs,0,,,,,,195448,0.5318312925170068,0,0,525,700
072.jpg,525,700,AOI1,operational region 1,rect,predefined_region_with_margin,pre-gaze coarse saliency region; region bounds expanded by margin 0.040 of image extent,1,0.0,0.825922,0.62,0.135866,,31392,0.08542040816326531,0,578,327,96
072.jpg,525,700,AOI2,operational region 2,rect,predefined_region_with_margin,pre-gaze coarse saliency region; region bounds expanded by margin 0.040 of image extent,2,0.16,0.26,0.62,0.62,,117981,0.32103673469387756,84,182,327,435
072.jpg,525,700,AOI3,operational region 3,ellipse,predefined_region_with_margin,pre-gaze coarse saliency region; region bounds expanded by margin 0.040 of image extent,3,0.62,0.34,0.26,0.3,,22679,0.06171156462585034,326,238,137,211
073.jpg,907,1200,BG,non-AOI / background,background,non_aoi,predefined-region initialization leaves unassigned space outside AOIs,0,,,,,,787050,0.7231256890848953,0,0,907,1200
073.jpg,907,1200,AOI1,operational region 1,ellipse,predefined_region_with_margin,pre-gaze coarse saliency region; region bounds expanded by margin 0.040 of image extent,1,0.167407,0.127598,0.576296,0.415196,,205304,0.18862918044836458,152,153,524,499
073.jpg,907,1200,AOI2,operational region 2,rect,predefined_region_with_margin,pre-gaze coarse saliency region; region bounds expanded by margin 0.040 of image extent,2,0.071111,0.630391,0.346667,0.169385,,58620,0.053858875413450934,64,756,316,205
073.jpg,907,1200,AOI3,operational region 3,ellipse,predefined_region_with_margin,pre-gaze coarse saliency region; region bounds expanded by margin 0.040 of image extent,3,0.0,0.490726,0.228148,0.197318,,37426,0.03438625505328923,0,589,208,238
074.jpg,1200,974,BG,non-AOI / background,background,non_aoi,predefined-region initialization leaves unassigned space outside AOIs,0,,,,,,879015,0.7520662217659138,0,0,1200,974
074.jpg,1200,974,AOI1,operational region 1,ellipse,predefined_region_with_margin,pre-gaze coarse saliency region; region bounds expanded by margin 0.040 of image extent,1,0.0,0.194483,0.62,0.404138,,202846,0.17355065023956195,0,189,729,395
074.jpg,1200,974,AOI2,operational region 2,ellipse,predefined_region_with_margin,pre-gaze coarse saliency region; region bounds expanded by margin 0.040 of image extent,2,0.194637,0.822069,0.258771,0.169655,,40534,0.034680013689253934,234,801,311,166
074.jpg,1200,974,AOI3,operational region 3,rect,predefined_region_with_margin,pre-gaze coarse saliency region; region bounds expanded by margin 0.040 of image extent,3,0.43486,0.311724,0.286704,0.142069,,46405,0.03970311430527036,530,304,337,139
075.jpg,875,1200,BG,non-AOI / background,background,non_aoi,predefined-region initialization leaves unassigned space outside AOIs,0,,,,,,593206,0.5649580952380953,0,0,875,1200
075.jpg,875,1200,AOI1,operational region 1,rect,predefined_region_with_margin,pre-gaze coarse saliency region; region bounds expanded by margin 0.040 of image extent,1,0.0,0.06,0.62,0.58,,378471,0.36044857142857145,0,72,543,697
075.jpg,875,1200,AOI2,operational region 2,rect,predefined_region_with_margin,pre-gaze coarse saliency region; region bounds expanded by margin 0.040 of image extent,2,0.56,0.82,0.28,0.18,,51438,0.04898857142857143,490,984,246,216
075.jpg,875,1200,AOI3,operational region 3,ellipse,predefined_region_with_margin,pre-gaze coarse saliency region; region bounds expanded by margin 0.040 of image extent,3,0.82,0.82,0.18,0.18,,26885,0.025604761904761904,718,984,157,216
076.jpg,977,1200,BG,non-AOI / background,background,non_aoi,predefined-region initialization leaves unassigned space outside AOIs,0,,,,,,962587,0.8210397475264415,0,0,977,1200
076.jpg,977,1200,AOI1,operational region 1,rect,predefined_region_with_margin,pre-gaze coarse saliency region; region bounds expanded by margin 0.040 of image extent,1,0.624384,0.166704,0.121096,0.599553,,85799,0.07318236096895257,610,200,119,721
076.jpg,977,1200,AOI2,operational region 2,ellipse,predefined_region_with_margin,pre-gaze coarse saliency region; region bounds expanded by margin 0.040 of image extent,2,0.240822,0.384581,0.230685,0.292291,,62724,0.05350051177072671,235,461,227,352
076.jpg,977,1200,AOI3,operational region 3,ellipse,predefined_region_with_margin,pre-gaze coarse saliency region; region bounds expanded by margin 0.040 of image extent,3,0.021644,0.015866,0.210137,0.314637,,61290,0.05227737973387922,21,19,206,379
077.jpg,850,992,BG,non-AOI / background,background,non_aoi,predefined-region initialization leaves unassigned space outside AOIs,0,,,,,,680189,0.8066757590132827,0,0,850,992
077.jpg,850,992,AOI1,operational region 1,rect,predefined_region_with_margin,pre-gaze coarse saliency region; region bounds expanded by margin 0.040 of image extent,1,0.404444,0.786816,0.504837,0.186145,,78125,0.09265298861480076,344,781,430,185
077.jpg,850,992,AOI2,operational region 2,ellipse,predefined_region_with_margin,pre-gaze coarse saliency region; region bounds expanded by margin 0.040 of image extent,2,0.44366,0.177877,0.223791,0.253184,,37923,0.04497509487666034,377,176,191,253
077.jpg,850,992,AOI3,operational region 3,rect,predefined_region_with_margin,pre-gaze coarse saliency region; region bounds expanded by margin 0.040 of image extent,3,0.822745,0.362235,0.12,0.498994,,46963,0.055696157495256166,699,359,103,496
078.jpg,700,498,BG,non-AOI / background,background,non_aoi,predefined-region initialization leaves unassigned space outside AOIs,0,,,,,,260719,0.7479030407343661,0,0,700,498
078.jpg,700,498,AOI1,operational region 1,ellipse,predefined_region_with_margin,pre-gaze coarse saliency region; region bounds expanded by margin 0.040 of image extent,1,0.278436,0.19622,0.448715,0.607559,,69093,0.1982013769363167,196,98,314,303
078.jpg,700,498,AOI2,operational region 2,rect,predefined_region_with_margin,pre-gaze coarse saliency region; region bounds expanded by margin 0.040 of image extent,2,0.23933,0.306457,0.12,0.221732,,9435,0.02706540447504303,168,153,85,111
078.jpg,700,498,AOI3,operational region 3,ellipse,predefined_region_with_margin,pre-gaze coarse saliency region; region bounds expanded by margin 0.040 of image extent,3,0.155531,0.605669,0.186145,0.182362,,9353,0.02683017785427424,109,302,131,91
079.jpg,480,800,BG,non-AOI / background,background,non_aoi,predefined-region initialization leaves unassigned space outside AOIs,0,,,,,,221677,0.5772838541666667,0,0,480,800
079.jpg,480,800,AOI1,operational region 1,rect,predefined_region_with_margin,pre-gaze coarse saliency region; region bounds expanded by margin 0.040 of image extent,1,0.26,0.06,0.62,0.62,,142973,0.3723255208333333,125,48,298,497
079.jpg,480,800,AOI2,operational region 2,rect,predefined_region_with_margin,pre-gaze coarse saliency region; region bounds expanded by margin 0.040 of image extent,2,0.82,0.0,0.18,0.28,,19350,0.050390625,394,0,86,225
080.jpg,489,600,BG,non-AOI / background,background,non_aoi,predefined-region initialization leaves unassigned space outside AOIs,0,,,,,,237106,0.80813224267212,0,0,489,600
080.jpg,489,600,AOI1,operational region 1,rect,predefined_region_with_margin,pre-gaze coarse saliency region; region bounds expanded by margin 0.040 of image extent,1,0.88,0.004693,0.12,0.62,,22007,0.0750068166325835,430,3,59,373
080.jpg,489,600,AOI2,operational region 2,ellipse,predefined_region_with_margin,pre-gaze coarse saliency region; region bounds expanded by margin 0.040 of image extent,2,0.542192,0.351061,0.251233,0.454302,,25487,0.08686775732788003,265,219,124,265
080.jpg,489,600,AOI3,operational region 3,ellipse,predefined_region_with_margin,pre-gaze coarse saliency region; region bounds expanded by margin 0.040 of image extent,3,0.487397,0.244916,0.237534,0.158212,,8800,0.029993183367416496,238,147,117,96
