run_id,participant,session,trial_index,trial_id,image_file,sample_index,sample_session_s,sample_unix_s,sample_from_image_onset_s,gaze_x_pix,gaze_y_pix,gaze_movement_px,gaze_movement_cumulative_px,screen_width_px,screen_height_px,image_stim_width_units,image_stim_height_units,image_stim_center_x_units,image_stim_center_y_units,units
real_001_s001_2026-05-19_01-54-30-302,001,001,1,043,043.jpg,1,34.128542,1779148504.432461,0.0,-152.0,138.0,0.0,0.0,2940,1912,0.974257,0.82,0.0,0.0,pix
real_001_s001_2026-05-19_01-54-30-302,001,001,1,043,043.jpg,2,34.145208,1779148504.449128,0.016667,-152.0,138.0,0.0,0.0,2940,1912,0.974257,0.82,0.0,0.0,pix
real_001_s001_2026-05-19_01-54-30-302,001,001,1,043,043.jpg,3,34.161875,1779148504.465794,0.033333,-152.0,138.0,0.0,0.0,2940,1912,0.974257,0.82,0.0,0.0,pix
real_001_s001_2026-05-19_01-54-30-302,001,001,1,043,043.jpg,4,34.178542,1779148504.482461,0.05,-152.0,138.0,0.0,0.0,2940,1912,0.974257,0.82,0.0,0.0,pix
real_001_s001_2026-05-19_01-54-30-302,001,001,1,043,043.jpg,5,34.195208,1779148504.499128,0.066667,-152.0,138.0,0.0,0.0,2940,1912,0.974257,0.82,0.0,0.0,pix
real_001_s001_2026-05-19_01-54-30-302,001,001,1,043,043.jpg,6,34.211875,1779148504.515794,0.083333,-152.0,138.0,0.0,0.0,2940,1912,0.974257,0.82,0.0,0.0,pix
real_001_s001_2026-05-19_01-54-30-302,001,001,1,043,043.jpg,7,34.228542,1779148504.532461,0.1,-152.0,138.0,0.0,0.0,2940,1912,0.974257,0.82,0.0,0.0,pix
real_001_s001_2026-05-19_01-54-30-302,001,001,1,043,043.jpg,8,34.245208,1779148504.549128,0.116667,-152.0,138.0,0.0,0.0,2940,1912,0.974257,0.82,0.0,0.0,pix
real_001_s001_2026-05-19_01-54-30-302,001,001,1,043,043.jpg,9,34.261875,1779148504.565794,0.133333,-152.0,138.0,0.0,0.0,2940,1912,0.974257,0.82,0.0,0.0,pix
real_001_s001_2026-05-19_01-54-30-302,001,001,1,043,043.jpg,10,34.278542,1779148504.582461,0.15,-152.0,138.0,0.0,0.0,2940,1912,0.974257,0.82,0.0,0.0,pix
real_001_s001_2026-05-19_01-54-30-302,001,001,1,043,043.jpg,11,34.295208,1779148504.599128,0.166667,-152.0,138.0,0.0,0.0,2940,1912,0.974257,0.82,0.0,0.0,pix
real_001_s001_2026-05-19_01-54-30-302,001,001,1,043,043.jpg,12,34.311875,1779148504.615794,0.183333,-152.0,138.0,0.0,0.0,2940,1912,0.974257,0.82,0.0,0.0,pix
real_001_s001_2026-05-19_01-54-30-302,001,001,1,043,043.jpg,13,34.328542,1779148504.632461,0.2,-152.0,138.0,0.0,0.0,2940,1912,0.974257,0.82,0.0,0.0,pix
real_001_s001_2026-05-19_01-54-30-302,001,001,1,043,043.jpg,14,34.345208,1779148504.649128,0.216667,-152.0,138.0,0.0,0.0,2940,1912,0.974257,0.82,0.0,0.0,pix
real_001_s001_2026-05-19_01-54-30-302,001,001,1,043,043.jpg,15,34.361875,1779148504.665794,0.233333,-152.0,138.0,0.0,0.0,2940,1912,0.974257,0.82,0.0,0.0,pix
real_001_s001_2026-05-19_01-54-30-302,001,001,1,043,043.jpg,16,34.378542,1779148504.682461,0.25,-152.0,138.0,0.0,0.0,2940,1912,0.974257,0.82,0.0,0.0,pix
real_001_s001_2026-05-19_01-54-30-302,001,001,1,043,043.jpg,17,34.395208,1779148504.699128,0.266667,-152.0,138.0,0.0,0.0,2940,1912,0.974257,0.82,0.0,0.0,pix
real_001_s001_2026-05-19_01-54-30-302,001,001,1,043,043.jpg,18,34.411875,1779148504.715794,0.283333,-152.0,138.0,0.0,0.0,2940,1912,0.974257,0.82,0.0,0.0,pix
real_001_s001_2026-05-19_01-54-30-302,001,001,1,043,043.jpg,19,34.428542,1779148504.732461,0.3,-152.0,138.0,0.0,0.0,2940,1912,0.974257,0.82,0.0,0.0,pix
real_001_s001_2026-05-19_01-54-30-302,001,001,1,043,043.jpg,20,34.445208,1779148504.749128,0.316667,-152.0,138.0,0.0,0.0,2940,1912,0.974257,0.82,0.0,0.0,pix
real_001_s001_2026-05-19_01-54-30-302,001,001,1,043,043.jpg,21,34.461875,1779148504.765794,0.333333,-152.0,138.0,0.0,0.0,2940,1912,0.974257,0.82,0.0,0.0,pix
real_001_s001_2026-05-19_01-54-30-302,001,001,1,043,043.jpg,22,34.478542,1779148504.782461,0.35,-152.0,138.0,0.0,0.0,2940,1912,0.974257,0.82,0.0,0.0,pix
real_001_s001_2026-05-19_01-54-30-302,001,001,1,043,043.jpg,23,34.495208,1779148504.799128,0.366667,-152.0,138.0,0.0,0.0,2940,1912,0.974257,0.82,0.0,0.0,pix
real_001_s001_2026-05-19_01-54-30-302,001,001,1,043,043.jpg,24,34.511875,1779148504.815794,0.383333,-152.0,138.0,0.0,0.0,2940,1912,0.974257,0.82,0.0,0.0,pix
real_001_s001_2026-05-19_01-54-30-302,001,001,1,043,043.jpg,25,34.528542,1779148504.832461,0.4,-152.0,138.0,0.0,0.0,2940,1912,0.974257,0.82,0.0,0.0,pix
real_001_s001_2026-05-19_01-54-30-302,001,001,1,043,043.jpg,26,34.545208,1779148504.849128,0.416667,-152.0,138.0,0.0,0.0,2940,1912,0.974257,0.82,0.0,0.0,pix
real_001_s001_2026-05-19_01-54-30-302,001,001,1,043,043.jpg,27,34.561875,1779148504.865794,0.433333,-152.0,138.0,0.0,0.0,2940,1912,0.974257,0.82,0.0,0.0,pix
real_001_s001_2026-05-19_01-54-30-302,001,001,1,043,043.jpg,28,34.578542,1779148504.882461,0.45,-152.0,138.0,0.0,0.0,2940,1912,0.974257,0.82,0.0,0.0,pix
real_001_s001_2026-05-19_01-54-30-302,001,001,1,043,043.jpg,29,34.595208,1779148504.899128,0.466667,-152.0,138.0,0.0,0.0,2940,1912,0.974257,0.82,0.0,0.0,pix
real_001_s001_2026-05-19_01-54-30-302,001,001,1,043,043.jpg,30,34.611875,1779148504.915794,0.483333,-152.0,138.0,0.0,0.0,2940,1912,0.974257,0.82,0.0,0.0,pix
real_001_s001_2026-05-19_01-54-30-302,001,001,1,043,043.jpg,31,34.628542,1779148504.932461,0.5,-152.0,138.0,0.0,0.0,2940,1912,0.974257,0.82,0.0,0.0,pix
real_001_s001_2026-05-19_01-54-30-302,001,001,1,043,043.jpg,32,34.645208,1779148504.949128,0.516667,-152.0,138.0,0.0,0.0,2940,1912,0.974257,0.82,0.0,0.0,pix
real_001_s001_2026-05-19_01-54-30-302,001,001,1,043,043.jpg,33,34.661875,1779148504.965794,0.533333,-152.0,138.0,0.0,0.0,2940,1912,0.974257,0.82,0.0,0.0,pix
real_001_s001_2026-05-19_01-54-30-302,001,001,1,043,043.jpg,34,34.678542,1779148504.982461,0.55,-152.0,138.0,0.0,0.0,2940,1912,0.974257,0.82,0.0,0.0,pix
real_001_s001_2026-05-19_01-54-30-302,001,001,1,043,043.jpg,35,34.695208,1779148504.999128,0.566667,-152.0,138.0,0.0,0.0,2940,1912,0.974257,0.82,0.0,0.0,pix
real_001_s001_2026-05-19_01-54-30-302,001,001,1,043,043.jpg,36,34.711875,1779148505.015794,0.583333,-152.0,138.0,0.0,0.0,2940,1912,0.974257,0.82,0.0,0.0,pix
real_001_s001_2026-05-19_01-54-30-302,001,001,1,043,043.jpg,37,34.728542,1779148505.032461,0.6,-152.0,138.0,0.0,0.0,2940,1912,0.974257,0.82,0.0,0.0,pix
real_001_s001_2026-05-19_01-54-30-302,001,001,1,043,043.jpg,38,34.745208,1779148505.049128,0.616667,-152.0,138.0,0.0,0.0,2940,1912,0.974257,0.82,0.0,0.0,pix
real_001_s001_2026-05-19_01-54-30-302,001,001,1,043,043.jpg,39,34.761875,1779148505.065794,0.633333,-152.0,138.0,0.0,0.0,2940,1912,0.974257,0.82,0.0,0.0,pix
real_001_s001_2026-05-19_01-54-30-302,001,001,1,043,043.jpg,40,34.778542,1779148505.082461,0.65,-152.0,138.0,0.0,0.0,2940,1912,0.974257,0.82,0.0,0.0,pix
real_001_s001_2026-05-19_01-54-30-302,001,001,1,043,043.jpg,41,34.795208,1779148505.099128,0.666667,-152.0,138.0,0.0,0.0,2940,1912,0.974257,0.82,0.0,0.0,pix
real_001_s001_2026-05-19_01-54-30-302,001,001,1,043,043.jpg,42,34.811875,1779148505.115794,0.683333,-152.0,138.0,0.0,0.0,2940,1912,0.974257,0.82,0.0,0.0,pix
real_001_s001_2026-05-19_01-54-30-302,001,001,1,043,043.jpg,43,34.828542,1779148505.132461,0.7,-152.0,138.0,0.0,0.0,2940,1912,0.974257,0.82,0.0,0.0,pix
real_001_s001_2026-05-19_01-54-30-302,001,001,1,043,043.jpg,44,34.845208,1779148505.149128,0.716667,-152.0,138.0,0.0,0.0,2940,1912,0.974257,0.82,0.0,0.0,pix
real_001_s001_2026-05-19_01-54-30-302,001,001,1,043,043.jpg,45,34.861875,1779148505.165794,0.733333,-152.0,138.0,0.0,0.0,2940,1912,0.974257,0.82,0.0,0.0,pix
real_001_s001_2026-05-19_01-54-30-302,001,001,1,043,043.jpg,46,34.878542,1779148505.182461,0.75,-152.0,138.0,0.0,0.0,2940,1912,0.974257,0.82,0.0,0.0,pix
real_001_s001_2026-05-19_01-54-30-302,001,001,1,043,043.jpg,47,34.895208,1779148505.199128,0.766667,-152.0,138.0,0.0,0.0,2940,1912,0.974257,0.82,0.0,0.0,pix
real_001_s001_2026-05-19_01-54-30-302,001,001,1,043,043.jpg,48,34.911875,1779148505.215794,0.783333,-152.0,138.0,0.0,0.0,2940,1912,0.974257,0.82,0.0,0.0,pix
real_001_s001_2026-05-19_01-54-30-302,001,001,1,043,043.jpg,49,34.928542,1779148505.232461,0.8,-152.0,138.0,0.0,0.0,2940,1912,0.974257,0.82,0.0,0.0,pix
real_001_s001_2026-05-19_01-54-30-302,001,001,1,043,043.jpg,50,34.945208,1779148505.249128,0.816667,-152.0,138.0,0.0,0.0,2940,1912,0.974257,0.82,0.0,0.0,pix
real_001_s001_2026-05-19_01-54-30-302,001,001,1,043,043.jpg,51,34.961875,1779148505.265794,0.833333,-152.0,138.0,0.0,0.0,2940,1912,0.974257,0.82,0.0,0.0,pix
real_001_s001_2026-05-19_01-54-30-302,001,001,1,043,043.jpg,52,34.978542,1779148505.282461,0.85,-152.0,138.0,0.0,0.0,2940,1912,0.974257,0.82,0.0,0.0,pix
real_001_s001_2026-05-19_01-54-30-302,001,001,1,043,043.jpg,53,34.995208,1779148505.299128,0.866667,-152.0,138.0,0.0,0.0,2940,1912,0.974257,0.82,0.0,0.0,pix
real_001_s001_2026-05-19_01-54-30-302,001,001,1,043,043.jpg,54,35.011875,1779148505.315794,0.883333,-152.0,138.0,0.0,0.0,2940,1912,0.974257,0.82,0.0,0.0,pix
real_001_s001_2026-05-19_01-54-30-302,001,001,1,043,043.jpg,55,35.028542,1779148505.332461,0.9,-152.0,138.0,0.0,0.0,2940,1912,0.974257,0.82,0.0,0.0,pix
real_001_s001_2026-05-19_01-54-30-302,001,001,1,043,043.jpg,56,35.045208,1779148505.349128,0.916667,-152.0,138.0,0.0,0.0,2940,1912,0.974257,0.82,0.0,0.0,pix
real_001_s001_2026-05-19_01-54-30-302,001,001,1,043,043.jpg,57,35.061875,1779148505.365794,0.933333,-152.0,138.0,0.0,0.0,2940,1912,0.974257,0.82,0.0,0.0,pix
real_001_s001_2026-05-19_01-54-30-302,001,001,1,043,043.jpg,58,35.078542,1779148505.382461,0.95,-152.0,138.0,0.0,0.0,2940,1912,0.974257,0.82,0.0,0.0,pix
real_001_s001_2026-05-19_01-54-30-302,001,001,1,043,043.jpg,59,35.095208,1779148505.399128,0.966667,-152.0,138.0,0.0,0.0,2940,1912,0.974257,0.82,0.0,0.0,pix
real_001_s001_2026-05-19_01-54-30-302,001,001,1,043,043.jpg,60,35.111875,1779148505.415794,0.983333,-152.0,138.0,0.0,0.0,2940,1912,0.974257,0.82,0.0,0.0,pix
real_001_s001_2026-05-19_01-54-30-302,001,001,1,043,043.jpg,61,35.128542,1779148505.432461,1.0,-152.0,138.0,0.0,0.0,2940,1912,0.974257,0.82,0.0,0.0,pix
real_001_s001_2026-05-19_01-54-30-302,001,001,1,043,043.jpg,62,35.145208,1779148505.449128,1.016667,-152.0,138.0,0.0,0.0,2940,1912,0.974257,0.82,0.0,0.0,pix
real_001_s001_2026-05-19_01-54-30-302,001,001,1,043,043.jpg,63,35.161875,1779148505.465794,1.033333,-152.0,138.0,0.0,0.0,2940,1912,0.974257,0.82,0.0,0.0,pix
real_001_s001_2026-05-19_01-54-30-302,001,001,1,043,043.jpg,64,35.178542,1779148505.482461,1.05,-152.0,138.0,0.0,0.0,2940,1912,0.974257,0.82,0.0,0.0,pix
real_001_s001_2026-05-19_01-54-30-302,001,001,1,043,043.jpg,65,35.195208,1779148505.499128,1.066667,-152.0,138.0,0.0,0.0,2940,1912,0.974257,0.82,0.0,0.0,pix
real_001_s001_2026-05-19_01-54-30-302,001,001,1,043,043.jpg,66,35.211875,1779148505.515794,1.083333,-152.0,138.0,0.0,0.0,2940,1912,0.974257,0.82,0.0,0.0,pix
real_001_s001_2026-05-19_01-54-30-302,001,001,1,043,043.jpg,67,35.228542,1779148505.532461,1.1,-152.0,138.0,0.0,0.0,2940,1912,0.974257,0.82,0.0,0.0,pix
real_001_s001_2026-05-19_01-54-30-302,001,001,1,043,043.jpg,68,35.245208,1779148505.549128,1.116667,-152.0,138.0,0.0,0.0,2940,1912,0.974257,0.82,0.0,0.0,pix
real_001_s001_2026-05-19_01-54-30-302,001,001,1,043,043.jpg,69,35.261875,1779148505.565794,1.133333,-152.0,138.0,0.0,0.0,2940,1912,0.974257,0.82,0.0,0.0,pix
real_001_s001_2026-05-19_01-54-30-302,001,001,1,043,043.jpg,70,35.278542,1779148505.582461,1.15,-152.0,138.0,0.0,0.0,2940,1912,0.974257,0.82,0.0,0.0,pix
real_001_s001_2026-05-19_01-54-30-302,001,001,1,043,043.jpg,71,35.295208,1779148505.599128,1.166667,-152.0,138.0,0.0,0.0,2940,1912,0.974257,0.82,0.0,0.0,pix
real_001_s001_2026-05-19_01-54-30-302,001,001,1,043,043.jpg,72,35.311875,1779148505.615794,1.183333,-152.0,138.0,0.0,0.0,2940,1912,0.974257,0.82,0.0,0.0,pix
real_001_s001_2026-05-19_01-54-30-302,001,001,1,043,043.jpg,73,35.328542,1779148505.632461,1.2,-152.0,138.0,0.0,0.0,2940,1912,0.974257,0.82,0.0,0.0,pix
real_001_s001_2026-05-19_01-54-30-302,001,001,1,043,043.jpg,74,35.345208,1779148505.649128,1.216667,-152.0,138.0,0.0,0.0,2940,1912,0.974257,0.82,0.0,0.0,pix
real_001_s001_2026-05-19_01-54-30-302,001,001,1,043,043.jpg,75,35.361875,1779148505.665794,1.233333,-152.0,138.0,0.0,0.0,2940,1912,0.974257,0.82,0.0,0.0,pix
real_001_s001_2026-05-19_01-54-30-302,001,001,1,043,043.jpg,76,35.378542,1779148505.682461,1.25,-152.0,138.0,0.0,0.0,2940,1912,0.974257,0.82,0.0,0.0,pix
real_001_s001_2026-05-19_01-54-30-302,001,001,1,043,043.jpg,77,35.395208,1779148505.699128,1.266667,-152.0,138.0,0.0,0.0,2940,1912,0.974257,0.82,0.0,0.0,pix
real_001_s001_2026-05-19_01-54-30-302,001,001,1,043,043.jpg,78,35.411875,1779148505.715794,1.283333,-152.0,138.0,0.0,0.0,2940,1912,0.974257,0.82,0.0,0.0,pix
real_001_s001_2026-05-19_01-54-30-302,001,001,1,043,043.jpg,79,35.428542,1779148505.732461,1.3,-152.0,138.0,0.0,0.0,2940,1912,0.974257,0.82,0.0,0.0,pix
real_001_s001_2026-05-19_01-54-30-302,001,001,1,043,043.jpg,80,35.445208,1779148505.749128,1.316667,-152.0,138.0,0.0,0.0,2940,1912,0.974257,0.82,0.0,0.0,pix
real_001_s001_2026-05-19_01-54-30-302,001,001,1,043,043.jpg,81,35.461875,1779148505.765794,1.333333,-152.0,138.0,0.0,0.0,2940,1912,0.974257,0.82,0.0,0.0,pix
real_001_s001_2026-05-19_01-54-30-302,001,001,1,043,043.jpg,82,35.478542,1779148505.782461,1.35,-152.0,138.0,0.0,0.0,2940,1912,0.974257,0.82,0.0,0.0,pix
real_001_s001_2026-05-19_01-54-30-302,001,001,1,043,043.jpg,83,35.495208,1779148505.799128,1.366667,-152.0,138.0,0.0,0.0,2940,1912,0.974257,0.82,0.0,0.0,pix
real_001_s001_2026-05-19_01-54-30-302,001,001,1,043,043.jpg,84,35.511875,1779148505.815794,1.383333,-152.0,138.0,0.0,0.0,2940,1912,0.974257,0.82,0.0,0.0,pix
real_001_s001_2026-05-19_01-54-30-302,001,001,1,043,043.jpg,85,35.528542,1779148505.832461,1.4,-152.0,138.0,0.0,0.0,2940,1912,0.974257,0.82,0.0,0.0,pix
real_001_s001_2026-05-19_01-54-30-302,001,001,1,043,043.jpg,86,35.545208,1779148505.849128,1.416667,-152.0,138.0,0.0,0.0,2940,1912,0.974257,0.82,0.0,0.0,pix
real_001_s001_2026-05-19_01-54-30-302,001,001,1,043,043.jpg,87,35.561875,1779148505.865794,1.433333,-152.0,138.0,0.0,0.0,2940,1912,0.974257,0.82,0.0,0.0,pix
real_001_s001_2026-05-19_01-54-30-302,001,001,1,043,043.jpg,88,35.578542,1779148505.882461,1.45,-152.0,138.0,0.0,0.0,2940,1912,0.974257,0.82,0.0,0.0,pix
real_001_s001_2026-05-19_01-54-30-302,001,001,1,043,043.jpg,89,35.595208,1779148505.899128,1.466667,-152.0,138.0,0.0,0.0,2940,1912,0.974257,0.82,0.0,0.0,pix
real_001_s001_2026-05-19_01-54-30-302,001,001,1,043,043.jpg,90,35.611875,1779148505.915794,1.483333,-152.0,138.0,0.0,0.0,2940,1912,0.974257,0.82,0.0,0.0,pix
real_001_s001_2026-05-19_01-54-30-302,001,001,1,043,043.jpg,91,35.628542,1779148505.932461,1.5,-152.0,138.0,0.0,0.0,2940,1912,0.974257,0.82,0.0,0.0,pix
real_001_s001_2026-05-19_01-54-30-302,001,001,1,043,043.jpg,92,35.645208,1779148505.949128,1.516667,-152.0,138.0,0.0,0.0,2940,1912,0.974257,0.82,0.0,0.0,pix
real_001_s001_2026-05-19_01-54-30-302,001,001,1,043,043.jpg,93,35.661875,1779148505.965794,1.533333,-152.0,138.0,0.0,0.0,2940,1912,0.974257,0.82,0.0,0.0,pix
real_001_s001_2026-05-19_01-54-30-302,001,001,1,043,043.jpg,94,35.678542,1779148505.982461,1.55,-152.0,138.0,0.0,0.0,2940,1912,0.974257,0.82,0.0,0.0,pix
real_001_s001_2026-05-19_01-54-30-302,001,001,1,043,043.jpg,95,35.695208,1779148505.999128,1.566667,-152.0,138.0,0.0,0.0,2940,1912,0.974257,0.82,0.0,0.0,pix
real_001_s001_2026-05-19_01-54-30-302,001,001,1,043,043.jpg,96,35.711875,1779148506.015794,1.583333,-152.0,138.0,0.0,0.0,2940,1912,0.974257,0.82,0.0,0.0,pix
real_001_s001_2026-05-19_01-54-30-302,001,001,1,043,043.jpg,97,35.728542,1779148506.032461,1.6,-152.0,138.0,0.0,0.0,2940,1912,0.974257,0.82,0.0,0.0,pix
real_001_s001_2026-05-19_01-54-30-302,001,001,1,043,043.jpg,98,35.745208,1779148506.049128,1.616667,-152.0,138.0,0.0,0.0,2940,1912,0.974257,0.82,0.0,0.0,pix
real_001_s001_2026-05-19_01-54-30-302,001,001,1,043,043.jpg,99,35.761875,1779148506.065794,1.633333,-152.0,138.0,0.0,0.0,2940,1912,0.974257,0.82,0.0,0.0,pix
real_001_s001_2026-05-19_01-54-30-302,001,001,1,043,043.jpg,100,35.778542,1779148506.082461,1.65,-152.0,138.0,0.0,0.0,2940,1912,0.974257,0.82,0.0,0.0,pix
real_001_s001_2026-05-19_01-54-30-302,001,001,1,043,043.jpg,101,35.795208,1779148506.099128,1.666667,-152.0,138.0,0.0,0.0,2940,1912,0.974257,0.82,0.0,0.0,pix
real_001_s001_2026-05-19_01-54-30-302,001,001,1,043,043.jpg,102,35.811875,1779148506.115794,1.683333,-152.0,138.0,0.0,0.0,2940,1912,0.974257,0.82,0.0,0.0,pix
real_001_s001_2026-05-19_01-54-30-302,001,001,1,043,043.jpg,103,35.828542,1779148506.132461,1.7,-152.0,138.0,0.0,0.0,2940,1912,0.974257,0.82,0.0,0.0,pix
real_001_s001_2026-05-19_01-54-30-302,001,001,1,043,043.jpg,104,35.845208,1779148506.149128,1.716667,-152.0,138.0,0.0,0.0,2940,1912,0.974257,0.82,0.0,0.0,pix
real_001_s001_2026-05-19_01-54-30-302,001,001,1,043,043.jpg,105,35.861875,1779148506.165794,1.733333,-152.0,138.0,0.0,0.0,2940,1912,0.974257,0.82,0.0,0.0,pix
real_001_s001_2026-05-19_01-54-30-302,001,001,1,043,043.jpg,106,35.878542,1779148506.182461,1.75,-152.0,138.0,0.0,0.0,2940,1912,0.974257,0.82,0.0,0.0,pix
real_001_s001_2026-05-19_01-54-30-302,001,001,1,043,043.jpg,107,35.895208,1779148506.199128,1.766667,-152.0,138.0,0.0,0.0,2940,1912,0.974257,0.82,0.0,0.0,pix
real_001_s001_2026-05-19_01-54-30-302,001,001,1,043,043.jpg,108,35.911875,1779148506.215794,1.783333,-152.0,138.0,0.0,0.0,2940,1912,0.974257,0.82,0.0,0.0,pix
real_001_s001_2026-05-19_01-54-30-302,001,001,1,043,043.jpg,109,35.928542,1779148506.232461,1.8,-152.0,138.0,0.0,0.0,2940,1912,0.974257,0.82,0.0,0.0,pix
real_001_s001_2026-05-19_01-54-30-302,001,001,1,043,043.jpg,110,35.945208,1779148506.249128,1.816667,-152.0,138.0,0.0,0.0,2940,1912,0.974257,0.82,0.0,0.0,pix
real_001_s001_2026-05-19_01-54-30-302,001,001,1,043,043.jpg,111,35.961875,1779148506.265794,1.833333,-152.0,138.0,0.0,0.0,2940,1912,0.974257,0.82,0.0,0.0,pix
real_001_s001_2026-05-19_01-54-30-302,001,001,1,043,043.jpg,112,35.978542,1779148506.282461,1.85,-152.0,138.0,0.0,0.0,2940,1912,0.974257,0.82,0.0,0.0,pix
real_001_s001_2026-05-19_01-54-30-302,001,001,1,043,043.jpg,113,35.995208,1779148506.299128,1.866667,-152.0,138.0,0.0,0.0,2940,1912,0.974257,0.82,0.0,0.0,pix
real_001_s001_2026-05-19_01-54-30-302,001,001,1,043,043.jpg,114,36.011875,1779148506.315794,1.883333,-152.0,138.0,0.0,0.0,2940,1912,0.974257,0.82,0.0,0.0,pix
real_001_s001_2026-05-19_01-54-30-302,001,001,1,043,043.jpg,115,36.028542,1779148506.332461,1.9,-152.0,138.0,0.0,0.0,2940,1912,0.974257,0.82,0.0,0.0,pix
real_001_s001_2026-05-19_01-54-30-302,001,001,1,043,043.jpg,116,36.045208,1779148506.349128,1.916667,-152.0,138.0,0.0,0.0,2940,1912,0.974257,0.82,0.0,0.0,pix
real_001_s001_2026-05-19_01-54-30-302,001,001,1,043,043.jpg,117,36.061875,1779148506.365794,1.933333,-152.0,138.0,0.0,0.0,2940,1912,0.974257,0.82,0.0,0.0,pix
real_001_s001_2026-05-19_01-54-30-302,001,001,1,043,043.jpg,118,36.078542,1779148506.382461,1.95,-152.0,138.0,0.0,0.0,2940,1912,0.974257,0.82,0.0,0.0,pix
real_001_s001_2026-05-19_01-54-30-302,001,001,1,043,043.jpg,119,36.095208,1779148506.399128,1.966667,-152.0,138.0,0.0,0.0,2940,1912,0.974257,0.82,0.0,0.0,pix
real_001_s001_2026-05-19_01-54-30-302,001,001,1,043,043.jpg,120,36.111875,1779148506.415794,1.983333,-152.0,138.0,0.0,0.0,2940,1912,0.974257,0.82,0.0,0.0,pix
real_001_s001_2026-05-19_01-54-30-302,001,001,1,043,043.jpg,121,36.128542,1779148506.432461,2.0,-152.0,138.0,0.0,0.0,2940,1912,0.974257,0.82,0.0,0.0,pix
real_001_s001_2026-05-19_01-54-30-302,001,001,1,043,043.jpg,122,36.145208,1779148506.449128,2.016667,-152.0,138.0,0.0,0.0,2940,1912,0.974257,0.82,0.0,0.0,pix
real_001_s001_2026-05-19_01-54-30-302,001,001,1,043,043.jpg,123,36.161875,1779148506.465794,2.033333,-152.0,138.0,0.0,0.0,2940,1912,0.974257,0.82,0.0,0.0,pix
real_001_s001_2026-05-19_01-54-30-302,001,001,1,043,043.jpg,124,36.178542,1779148506.482461,2.05,-152.0,138.0,0.0,0.0,2940,1912,0.974257,0.82,0.0,0.0,pix
real_001_s001_2026-05-19_01-54-30-302,001,001,1,043,043.jpg,125,36.195208,1779148506.499128,2.066667,-152.0,138.0,0.0,0.0,2940,1912,0.974257,0.82,0.0,0.0,pix
real_001_s001_2026-05-19_01-54-30-302,001,001,1,043,043.jpg,126,36.211875,1779148506.515794,2.083333,-152.0,138.0,0.0,0.0,2940,1912,0.974257,0.82,0.0,0.0,pix
real_001_s001_2026-05-19_01-54-30-302,001,001,1,043,043.jpg,127,36.228542,1779148506.532461,2.1,-152.0,138.0,0.0,0.0,2940,1912,0.974257,0.82,0.0,0.0,pix
real_001_s001_2026-05-19_01-54-30-302,001,001,1,043,043.jpg,128,36.245208,1779148506.549128,2.116667,-152.0,138.0,0.0,0.0,2940,1912,0.974257,0.82,0.0,0.0,pix
real_001_s001_2026-05-19_01-54-30-302,001,001,1,043,043.jpg,129,36.261875,1779148506.565794,2.133333,-152.0,138.0,0.0,0.0,2940,1912,0.974257,0.82,0.0,0.0,pix
real_001_s001_2026-05-19_01-54-30-302,001,001,1,043,043.jpg,130,36.278542,1779148506.582461,2.15,-152.0,138.0,0.0,0.0,2940,1912,0.974257,0.82,0.0,0.0,pix
real_001_s001_2026-05-19_01-54-30-302,001,001,1,043,043.jpg,131,36.295208,1779148506.599128,2.166667,-152.0,138.0,0.0,0.0,2940,1912,0.974257,0.82,0.0,0.0,pix
real_001_s001_2026-05-19_01-54-30-302,001,001,1,043,043.jpg,132,36.311875,1779148506.615794,2.183333,-152.0,138.0,0.0,0.0,2940,1912,0.974257,0.82,0.0,0.0,pix
real_001_s001_2026-05-19_01-54-30-302,001,001,1,043,043.jpg,133,36.328542,1779148506.632461,2.2,-152.0,138.0,0.0,0.0,2940,1912,0.974257,0.82,0.0,0.0,pix
real_001_s001_2026-05-19_01-54-30-302,001,001,1,043,043.jpg,134,36.345208,1779148506.649128,2.216667,-152.0,138.0,0.0,0.0,2940,1912,0.974257,0.82,0.0,0.0,pix
real_001_s001_2026-05-19_01-54-30-302,001,001,1,043,043.jpg,135,36.361875,1779148506.665794,2.233333,-152.0,138.0,0.0,0.0,2940,1912,0.974257,0.82,0.0,0.0,pix
real_001_s001_2026-05-19_01-54-30-302,001,001,1,043,043.jpg,136,36.378542,1779148506.682461,2.25,-152.0,138.0,0.0,0.0,2940,1912,0.974257,0.82,0.0,0.0,pix
real_001_s001_2026-05-19_01-54-30-302,001,001,1,043,043.jpg,137,36.395208,1779148506.699128,2.266667,-152.0,138.0,0.0,0.0,2940,1912,0.974257,0.82,0.0,0.0,pix
real_001_s001_2026-05-19_01-54-30-302,001,001,1,043,043.jpg,138,36.411875,1779148506.715794,2.283333,-152.0,138.0,0.0,0.0,2940,1912,0.974257,0.82,0.0,0.0,pix
real_001_s001_2026-05-19_01-54-30-302,001,001,1,043,043.jpg,139,36.428542,1779148506.732461,2.3,-152.0,138.0,0.0,0.0,2940,1912,0.974257,0.82,0.0,0.0,pix
real_001_s001_2026-05-19_01-54-30-302,001,001,1,043,043.jpg,140,36.445208,1779148506.749128,2.316667,-152.0,138.0,0.0,0.0,2940,1912,0.974257,0.82,0.0,0.0,pix
real_001_s001_2026-05-19_01-54-30-302,001,001,1,043,043.jpg,141,36.461875,1779148506.765794,2.333333,-152.0,138.0,0.0,0.0,2940,1912,0.974257,0.82,0.0,0.0,pix
real_001_s001_2026-05-19_01-54-30-302,001,001,1,043,043.jpg,142,36.478542,1779148506.782461,2.35,-152.0,138.0,0.0,0.0,2940,1912,0.974257,0.82,0.0,0.0,pix
real_001_s001_2026-05-19_01-54-30-302,001,001,1,043,043.jpg,143,36.495208,1779148506.799128,2.366667,-152.0,138.0,0.0,0.0,2940,1912,0.974257,0.82,0.0,0.0,pix
real_001_s001_2026-05-19_01-54-30-302,001,001,1,043,043.jpg,144,36.511875,1779148506.815794,2.383333,-152.0,138.0,0.0,0.0,2940,1912,0.974257,0.82,0.0,0.0,pix
real_001_s001_2026-05-19_01-54-30-302,001,001,1,043,043.jpg,145,36.528542,1779148506.832461,2.4,-152.0,138.0,0.0,0.0,2940,1912,0.974257,0.82,0.0,0.0,pix
real_001_s001_2026-05-19_01-54-30-302,001,001,1,043,043.jpg,146,36.545208,1779148506.849128,2.416667,-152.0,138.0,0.0,0.0,2940,1912,0.974257,0.82,0.0,0.0,pix
real_001_s001_2026-05-19_01-54-30-302,001,001,1,043,043.jpg,147,36.561875,1779148506.865794,2.433333,-152.0,138.0,0.0,0.0,2940,1912,0.974257,0.82,0.0,0.0,pix
real_001_s001_2026-05-19_01-54-30-302,001,001,1,043,043.jpg,148,36.578542,1779148506.882461,2.45,-152.0,138.0,0.0,0.0,2940,1912,0.974257,0.82,0.0,0.0,pix
real_001_s001_2026-05-19_01-54-30-302,001,001,1,043,043.jpg,149,36.595208,1779148506.899128,2.466667,-152.0,138.0,0.0,0.0,2940,1912,0.974257,0.82,0.0,0.0,pix
real_001_s001_2026-05-19_01-54-30-302,001,001,1,043,043.jpg,150,36.611875,1779148506.915794,2.483333,-152.0,138.0,0.0,0.0,2940,1912,0.974257,0.82,0.0,0.0,pix
real_001_s001_2026-05-19_01-54-30-302,001,001,1,043,043.jpg,151,36.628542,1779148506.932461,2.5,-152.0,138.0,0.0,0.0,2940,1912,0.974257,0.82,0.0,0.0,pix
real_001_s001_2026-05-19_01-54-30-302,001,001,1,043,043.jpg,152,36.645208,1779148506.949128,2.516667,-152.0,138.0,0.0,0.0,2940,1912,0.974257,0.82,0.0,0.0,pix
real_001_s001_2026-05-19_01-54-30-302,001,001,1,043,043.jpg,153,36.661875,1779148506.965794,2.533333,-152.0,138.0,0.0,0.0,2940,1912,0.974257,0.82,0.0,0.0,pix
real_001_s001_2026-05-19_01-54-30-302,001,001,1,043,043.jpg,154,36.678542,1779148506.982461,2.55,-152.0,138.0,0.0,0.0,2940,1912,0.974257,0.82,0.0,0.0,pix
real_001_s001_2026-05-19_01-54-30-302,001,001,1,043,043.jpg,155,36.695208,1779148506.999128,2.566667,-152.0,138.0,0.0,0.0,2940,1912,0.974257,0.82,0.0,0.0,pix
real_001_s001_2026-05-19_01-54-30-302,001,001,1,043,043.jpg,156,36.711875,1779148507.015794,2.583333,-152.0,138.0,0.0,0.0,2940,1912,0.974257,0.82,0.0,0.0,pix
real_001_s001_2026-05-19_01-54-30-302,001,001,1,043,043.jpg,157,36.728542,1779148507.032461,2.6,-152.0,138.0,0.0,0.0,2940,1912,0.974257,0.82,0.0,0.0,pix
real_001_s001_2026-05-19_01-54-30-302,001,001,1,043,043.jpg,158,36.745208,1779148507.049128,2.616667,-152.0,138.0,0.0,0.0,2940,1912,0.974257,0.82,0.0,0.0,pix
real_001_s001_2026-05-19_01-54-30-302,001,001,1,043,043.jpg,159,36.761875,1779148507.065794,2.633333,-152.0,138.0,0.0,0.0,2940,1912,0.974257,0.82,0.0,0.0,pix
real_001_s001_2026-05-19_01-54-30-302,001,001,1,043,043.jpg,160,36.778542,1779148507.082461,2.65,-152.0,138.0,0.0,0.0,2940,1912,0.974257,0.82,0.0,0.0,pix
real_001_s001_2026-05-19_01-54-30-302,001,001,1,043,043.jpg,161,36.795208,1779148507.099128,2.666667,-152.0,138.0,0.0,0.0,2940,1912,0.974257,0.82,0.0,0.0,pix
real_001_s001_2026-05-19_01-54-30-302,001,001,1,043,043.jpg,162,36.811875,1779148507.115794,2.683333,-152.0,138.0,0.0,0.0,2940,1912,0.974257,0.82,0.0,0.0,pix
real_001_s001_2026-05-19_01-54-30-302,001,001,1,043,043.jpg,163,36.828542,1779148507.132461,2.7,-152.0,138.0,0.0,0.0,2940,1912,0.974257,0.82,0.0,0.0,pix
real_001_s001_2026-05-19_01-54-30-302,001,001,1,043,043.jpg,164,36.845208,1779148507.149128,2.716667,-152.0,138.0,0.0,0.0,2940,1912,0.974257,0.82,0.0,0.0,pix
real_001_s001_2026-05-19_01-54-30-302,001,001,1,043,043.jpg,165,36.861875,1779148507.165794,2.733333,-152.0,138.0,0.0,0.0,2940,1912,0.974257,0.82,0.0,0.0,pix
real_001_s001_2026-05-19_01-54-30-302,001,001,1,043,043.jpg,166,36.878542,1779148507.182461,2.75,-152.0,138.0,0.0,0.0,2940,1912,0.974257,0.82,0.0,0.0,pix
real_001_s001_2026-05-19_01-54-30-302,001,001,1,043,043.jpg,167,36.895208,1779148507.199128,2.766667,-152.0,138.0,0.0,0.0,2940,1912,0.974257,0.82,0.0,0.0,pix
real_001_s001_2026-05-19_01-54-30-302,001,001,1,043,043.jpg,168,36.911875,1779148507.215794,2.783333,-152.0,138.0,0.0,0.0,2940,1912,0.974257,0.82,0.0,0.0,pix
real_001_s001_2026-05-19_01-54-30-302,001,001,1,043,043.jpg,169,36.928542,1779148507.232461,2.8,-152.0,138.0,0.0,0.0,2940,1912,0.974257,0.82,0.0,0.0,pix
real_001_s001_2026-05-19_01-54-30-302,001,001,1,043,043.jpg,170,36.945208,1779148507.249128,2.816667,-152.0,138.0,0.0,0.0,2940,1912,0.974257,0.82,0.0,0.0,pix
real_001_s001_2026-05-19_01-54-30-302,001,001,1,043,043.jpg,171,36.961875,1779148507.265794,2.833333,-152.0,138.0,0.0,0.0,2940,1912,0.974257,0.82,0.0,0.0,pix
real_001_s001_2026-05-19_01-54-30-302,001,001,1,043,043.jpg,172,36.978542,1779148507.282461,2.85,-152.0,138.0,0.0,0.0,2940,1912,0.974257,0.82,0.0,0.0,pix
real_001_s001_2026-05-19_01-54-30-302,001,001,1,043,043.jpg,173,36.995208,1779148507.299128,2.866667,-152.0,138.0,0.0,0.0,2940,1912,0.974257,0.82,0.0,0.0,pix
real_001_s001_2026-05-19_01-54-30-302,001,001,1,043,043.jpg,174,37.011875,1779148507.315794,2.883333,-152.0,138.0,0.0,0.0,2940,1912,0.974257,0.82,0.0,0.0,pix
real_001_s001_2026-05-19_01-54-30-302,001,001,1,043,043.jpg,175,37.028542,1779148507.332461,2.9,-152.0,138.0,0.0,0.0,2940,1912,0.974257,0.82,0.0,0.0,pix
real_001_s001_2026-05-19_01-54-30-302,001,001,1,043,043.jpg,176,37.045208,1779148507.349128,2.916667,-152.0,138.0,0.0,0.0,2940,1912,0.974257,0.82,0.0,0.0,pix
real_001_s001_2026-05-19_01-54-30-302,001,001,1,043,043.jpg,177,37.061875,1779148507.365794,2.933333,-152.0,138.0,0.0,0.0,2940,1912,0.974257,0.82,0.0,0.0,pix
real_001_s001_2026-05-19_01-54-30-302,001,001,1,043,043.jpg,178,37.078542,1779148507.382461,2.95,-152.0,138.0,0.0,0.0,2940,1912,0.974257,0.82,0.0,0.0,pix
real_001_s001_2026-05-19_01-54-30-302,001,001,1,043,043.jpg,179,37.095208,1779148507.399128,2.966667,-152.0,138.0,0.0,0.0,2940,1912,0.974257,0.82,0.0,0.0,pix
real_001_s001_2026-05-19_01-54-30-302,001,001,1,043,043.jpg,180,37.111875,1779148507.415794,2.983333,-152.0,138.0,0.0,0.0,2940,1912,0.974257,0.82,0.0,0.0,pix
real_001_s001_2026-05-19_01-54-30-302,001,001,1,043,043.jpg,181,37.128542,1779148507.432461,3.0,-152.0,138.0,0.0,0.0,2940,1912,0.974257,0.82,0.0,0.0,pix
real_001_s001_2026-05-19_01-54-30-302,001,001,1,043,043.jpg,182,37.145208,1779148507.449128,3.016667,-152.0,138.0,0.0,0.0,2940,1912,0.974257,0.82,0.0,0.0,pix
real_001_s001_2026-05-19_01-54-30-302,001,001,1,043,043.jpg,183,37.161875,1779148507.465794,3.033333,-152.0,138.0,0.0,0.0,2940,1912,0.974257,0.82,0.0,0.0,pix
real_001_s001_2026-05-19_01-54-30-302,001,001,1,043,043.jpg,184,37.178542,1779148507.482461,3.05,-152.0,138.0,0.0,0.0,2940,1912,0.974257,0.82,0.0,0.0,pix
real_001_s001_2026-05-19_01-54-30-302,001,001,1,043,043.jpg,185,37.195208,1779148507.499128,3.066667,-152.0,138.0,0.0,0.0,2940,1912,0.974257,0.82,0.0,0.0,pix
real_001_s001_2026-05-19_01-54-30-302,001,001,1,043,043.jpg,186,37.211875,1779148507.515794,3.083333,-152.0,138.0,0.0,0.0,2940,1912,0.974257,0.82,0.0,0.0,pix
real_001_s001_2026-05-19_01-54-30-302,001,001,1,043,043.jpg,187,37.228542,1779148507.532461,3.1,-152.0,138.0,0.0,0.0,2940,1912,0.974257,0.82,0.0,0.0,pix
real_001_s001_2026-05-19_01-54-30-302,001,001,1,043,043.jpg,188,37.245208,1779148507.549128,3.116667,-152.0,138.0,0.0,0.0,2940,1912,0.974257,0.82,0.0,0.0,pix
real_001_s001_2026-05-19_01-54-30-302,001,001,1,043,043.jpg,189,37.261875,1779148507.565794,3.133333,-152.0,138.0,0.0,0.0,2940,1912,0.974257,0.82,0.0,0.0,pix
real_001_s001_2026-05-19_01-54-30-302,001,001,1,043,043.jpg,190,37.278542,1779148507.582461,3.15,-152.0,138.0,0.0,0.0,2940,1912,0.974257,0.82,0.0,0.0,pix
real_001_s001_2026-05-19_01-54-30-302,001,001,1,043,043.jpg,191,37.295208,1779148507.599128,3.166667,-152.0,138.0,0.0,0.0,2940,1912,0.974257,0.82,0.0,0.0,pix
real_001_s001_2026-05-19_01-54-30-302,001,001,1,043,043.jpg,192,37.311875,1779148507.615794,3.183333,-152.0,138.0,0.0,0.0,2940,1912,0.974257,0.82,0.0,0.0,pix
real_001_s001_2026-05-19_01-54-30-302,001,001,1,043,043.jpg,193,37.328542,1779148507.632461,3.2,-152.0,138.0,0.0,0.0,2940,1912,0.974257,0.82,0.0,0.0,pix
real_001_s001_2026-05-19_01-54-30-302,001,001,1,043,043.jpg,194,37.345208,1779148507.649128,3.216667,-152.0,138.0,0.0,0.0,2940,1912,0.974257,0.82,0.0,0.0,pix
real_001_s001_2026-05-19_01-54-30-302,001,001,1,043,043.jpg,195,37.361875,1779148507.665794,3.233333,-152.0,138.0,0.0,0.0,2940,1912,0.974257,0.82,0.0,0.0,pix
real_001_s001_2026-05-19_01-54-30-302,001,001,1,043,043.jpg,196,37.378542,1779148507.682461,3.25,-152.0,138.0,0.0,0.0,2940,1912,0.974257,0.82,0.0,0.0,pix
real_001_s001_2026-05-19_01-54-30-302,001,001,1,043,043.jpg,197,37.395208,1779148507.699128,3.266667,-152.0,138.0,0.0,0.0,2940,1912,0.974257,0.82,0.0,0.0,pix
real_001_s001_2026-05-19_01-54-30-302,001,001,1,043,043.jpg,198,37.411875,1779148507.715794,3.283333,-152.0,138.0,0.0,0.0,2940,1912,0.974257,0.82,0.0,0.0,pix
real_001_s001_2026-05-19_01-54-30-302,001,001,1,043,043.jpg,199,37.428542,1779148507.732461,3.3,-152.0,138.0,0.0,0.0,2940,1912,0.974257,0.82,0.0,0.0,pix
real_001_s001_2026-05-19_01-54-30-302,001,001,1,043,043.jpg,200,37.445208,1779148507.749128,3.316667,-152.0,138.0,0.0,0.0,2940,1912,0.974257,0.82,0.0,0.0,pix
real_001_s001_2026-05-19_01-54-30-302,001,001,1,043,043.jpg,201,37.461875,1779148507.765794,3.333333,-152.0,138.0,0.0,0.0,2940,1912,0.974257,0.82,0.0,0.0,pix
real_001_s001_2026-05-19_01-54-30-302,001,001,1,043,043.jpg,202,37.478542,1779148507.782461,3.35,-152.0,138.0,0.0,0.0,2940,1912,0.974257,0.82,0.0,0.0,pix
real_001_s001_2026-05-19_01-54-30-302,001,001,1,043,043.jpg,203,37.495208,1779148507.799128,3.366667,-152.0,138.0,0.0,0.0,2940,1912,0.974257,0.82,0.0,0.0,pix
real_001_s001_2026-05-19_01-54-30-302,001,001,1,043,043.jpg,204,37.511875,1779148507.815794,3.383333,-152.0,138.0,0.0,0.0,2940,1912,0.974257,0.82,0.0,0.0,pix
real_001_s001_2026-05-19_01-54-30-302,001,001,1,043,043.jpg,205,37.528542,1779148507.832461,3.4,-152.0,138.0,0.0,0.0,2940,1912,0.974257,0.82,0.0,0.0,pix
real_001_s001_2026-05-19_01-54-30-302,001,001,1,043,043.jpg,206,37.545208,1779148507.849128,3.416667,-152.0,138.0,0.0,0.0,2940,1912,0.974257,0.82,0.0,0.0,pix
real_001_s001_2026-05-19_01-54-30-302,001,001,1,043,043.jpg,207,37.561875,1779148507.865794,3.433333,-152.0,138.0,0.0,0.0,2940,1912,0.974257,0.82,0.0,0.0,pix
real_001_s001_2026-05-19_01-54-30-302,001,001,1,043,043.jpg,208,37.578542,1779148507.882461,3.45,-152.0,138.0,0.0,0.0,2940,1912,0.974257,0.82,0.0,0.0,pix
real_001_s001_2026-05-19_01-54-30-302,001,001,1,043,043.jpg,209,37.595208,1779148507.899128,3.466667,-152.0,138.0,0.0,0.0,2940,1912,0.974257,0.82,0.0,0.0,pix
real_001_s001_2026-05-19_01-54-30-302,001,001,1,043,043.jpg,210,37.611875,1779148507.915794,3.483333,-152.0,138.0,0.0,0.0,2940,1912,0.974257,0.82,0.0,0.0,pix
real_001_s001_2026-05-19_01-54-30-302,001,001,1,043,043.jpg,211,37.628542,1779148507.932461,3.5,-152.0,138.0,0.0,0.0,2940,1912,0.974257,0.82,0.0,0.0,pix
real_001_s001_2026-05-19_01-54-30-302,001,001,1,043,043.jpg,212,37.645208,1779148507.949128,3.516667,-152.0,138.0,0.0,0.0,2940,1912,0.974257,0.82,0.0,0.0,pix
real_001_s001_2026-05-19_01-54-30-302,001,001,1,043,043.jpg,213,37.661875,1779148507.965794,3.533333,-152.0,138.0,0.0,0.0,2940,1912,0.974257,0.82,0.0,0.0,pix
real_001_s001_2026-05-19_01-54-30-302,001,001,1,043,043.jpg,214,37.678542,1779148507.982461,3.55,-152.0,138.0,0.0,0.0,2940,1912,0.974257,0.82,0.0,0.0,pix
real_001_s001_2026-05-19_01-54-30-302,001,001,1,043,043.jpg,215,37.695208,1779148507.999128,3.566667,-152.0,138.0,0.0,0.0,2940,1912,0.974257,0.82,0.0,0.0,pix
real_001_s001_2026-05-19_01-54-30-302,001,001,1,043,043.jpg,216,37.711875,1779148508.015794,3.583333,-152.0,138.0,0.0,0.0,2940,1912,0.974257,0.82,0.0,0.0,pix
real_001_s001_2026-05-19_01-54-30-302,001,001,1,043,043.jpg,217,37.728542,1779148508.032461,3.6,-152.0,138.0,0.0,0.0,2940,1912,0.974257,0.82,0.0,0.0,pix
real_001_s001_2026-05-19_01-54-30-302,001,001,1,043,043.jpg,218,37.745208,1779148508.049128,3.616667,-152.0,138.0,0.0,0.0,2940,1912,0.974257,0.82,0.0,0.0,pix
real_001_s001_2026-05-19_01-54-30-302,001,001,1,043,043.jpg,219,37.761875,1779148508.065794,3.633333,-152.0,138.0,0.0,0.0,2940,1912,0.974257,0.82,0.0,0.0,pix
real_001_s001_2026-05-19_01-54-30-302,001,001,1,043,043.jpg,220,37.778542,1779148508.082461,3.65,-152.0,138.0,0.0,0.0,2940,1912,0.974257,0.82,0.0,0.0,pix
real_001_s001_2026-05-19_01-54-30-302,001,001,1,043,043.jpg,221,37.795208,1779148508.099128,3.666667,-152.0,138.0,0.0,0.0,2940,1912,0.974257,0.82,0.0,0.0,pix
real_001_s001_2026-05-19_01-54-30-302,001,001,1,043,043.jpg,222,37.811875,1779148508.115794,3.683333,-152.0,138.0,0.0,0.0,2940,1912,0.974257,0.82,0.0,0.0,pix
real_001_s001_2026-05-19_01-54-30-302,001,001,1,043,043.jpg,223,37.828542,1779148508.132461,3.7,-152.0,138.0,0.0,0.0,2940,1912,0.974257,0.82,0.0,0.0,pix
real_001_s001_2026-05-19_01-54-30-302,001,001,1,043,043.jpg,224,37.845208,1779148508.149128,3.716667,-152.0,138.0,0.0,0.0,2940,1912,0.974257,0.82,0.0,0.0,pix
real_001_s001_2026-05-19_01-54-30-302,001,001,1,043,043.jpg,225,37.861875,1779148508.165794,3.733333,-152.0,138.0,0.0,0.0,2940,1912,0.974257,0.82,0.0,0.0,pix
real_001_s001_2026-05-19_01-54-30-302,001,001,1,043,043.jpg,226,37.878542,1779148508.182461,3.75,-152.0,138.0,0.0,0.0,2940,1912,0.974257,0.82,0.0,0.0,pix
real_001_s001_2026-05-19_01-54-30-302,001,001,1,043,043.jpg,227,37.895208,1779148508.199128,3.766667,-152.0,138.0,0.0,0.0,2940,1912,0.974257,0.82,0.0,0.0,pix
real_001_s001_2026-05-19_01-54-30-302,001,001,1,043,043.jpg,228,37.911875,1779148508.215794,3.783333,-152.0,138.0,0.0,0.0,2940,1912,0.974257,0.82,0.0,0.0,pix
real_001_s001_2026-05-19_01-54-30-302,001,001,1,043,043.jpg,229,37.928542,1779148508.232461,3.8,-152.0,138.0,0.0,0.0,2940,1912,0.974257,0.82,0.0,0.0,pix
real_001_s001_2026-05-19_01-54-30-302,001,001,1,043,043.jpg,230,37.945208,1779148508.249128,3.816667,-152.0,138.0,0.0,0.0,2940,1912,0.974257,0.82,0.0,0.0,pix
real_001_s001_2026-05-19_01-54-30-302,001,001,1,043,043.jpg,231,37.961875,1779148508.265794,3.833333,-152.0,138.0,0.0,0.0,2940,1912,0.974257,0.82,0.0,0.0,pix
real_001_s001_2026-05-19_01-54-30-302,001,001,1,043,043.jpg,232,37.978542,1779148508.282461,3.85,-152.0,138.0,0.0,0.0,2940,1912,0.974257,0.82,0.0,0.0,pix
real_001_s001_2026-05-19_01-54-30-302,001,001,1,043,043.jpg,233,37.995208,1779148508.299128,3.866667,-152.0,138.0,0.0,0.0,2940,1912,0.974257,0.82,0.0,0.0,pix
real_001_s001_2026-05-19_01-54-30-302,001,001,1,043,043.jpg,234,38.011875,1779148508.315794,3.883333,-152.0,138.0,0.0,0.0,2940,1912,0.974257,0.82,0.0,0.0,pix
real_001_s001_2026-05-19_01-54-30-302,001,001,1,043,043.jpg,235,38.028542,1779148508.332461,3.9,-152.0,138.0,0.0,0.0,2940,1912,0.974257,0.82,0.0,0.0,pix
real_001_s001_2026-05-19_01-54-30-302,001,001,1,043,043.jpg,236,38.045208,1779148508.349128,3.916667,-152.0,138.0,0.0,0.0,2940,1912,0.974257,0.82,0.0,0.0,pix
real_001_s001_2026-05-19_01-54-30-302,001,001,1,043,043.jpg,237,38.061875,1779148508.365794,3.933333,-152.0,138.0,0.0,0.0,2940,1912,0.974257,0.82,0.0,0.0,pix
real_001_s001_2026-05-19_01-54-30-302,001,001,1,043,043.jpg,238,38.078542,1779148508.382461,3.95,-152.0,138.0,0.0,0.0,2940,1912,0.974257,0.82,0.0,0.0,pix
real_001_s001_2026-05-19_01-54-30-302,001,001,1,043,043.jpg,239,38.095208,1779148508.399128,3.966667,-152.0,138.0,0.0,0.0,2940,1912,0.974257,0.82,0.0,0.0,pix
real_001_s001_2026-05-19_01-54-30-302,001,001,1,043,043.jpg,240,38.111875,1779148508.415794,3.983333,-152.0,138.0,0.0,0.0,2940,1912,0.974257,0.82,0.0,0.0,pix
real_001_s001_2026-05-19_01-54-30-302,001,001,1,043,043.jpg,241,38.128542,1779148508.432461,4.0,-152.0,138.0,0.0,0.0,2940,1912,0.974257,0.82,0.0,0.0,pix
real_001_s001_2026-05-19_01-54-30-302,001,001,1,043,043.jpg,242,38.145208,1779148508.449128,4.016667,-152.0,138.0,0.0,0.0,2940,1912,0.974257,0.82,0.0,0.0,pix
real_001_s001_2026-05-19_01-54-30-302,001,001,1,043,043.jpg,243,38.161875,1779148508.465794,4.033333,-152.0,138.0,0.0,0.0,2940,1912,0.974257,0.82,0.0,0.0,pix
real_001_s001_2026-05-19_01-54-30-302,001,001,1,043,043.jpg,244,38.178542,1779148508.482461,4.05,-152.0,138.0,0.0,0.0,2940,1912,0.974257,0.82,0.0,0.0,pix
real_001_s001_2026-05-19_01-54-30-302,001,001,1,043,043.jpg,245,38.195208,1779148508.499128,4.066667,-152.0,138.0,0.0,0.0,2940,1912,0.974257,0.82,0.0,0.0,pix
real_001_s001_2026-05-19_01-54-30-302,001,001,1,043,043.jpg,246,38.211875,1779148508.515794,4.083333,-152.0,138.0,0.0,0.0,2940,1912,0.974257,0.82,0.0,0.0,pix
real_001_s001_2026-05-19_01-54-30-302,001,001,1,043,043.jpg,247,38.228542,1779148508.532461,4.1,-152.0,138.0,0.0,0.0,2940,1912,0.974257,0.82,0.0,0.0,pix
real_001_s001_2026-05-19_01-54-30-302,001,001,1,043,043.jpg,248,38.245208,1779148508.549128,4.116667,-152.0,138.0,0.0,0.0,2940,1912,0.974257,0.82,0.0,0.0,pix
real_001_s001_2026-05-19_01-54-30-302,001,001,1,043,043.jpg,249,38.261875,1779148508.565794,4.133333,-152.0,138.0,0.0,0.0,2940,1912,0.974257,0.82,0.0,0.0,pix
real_001_s001_2026-05-19_01-54-30-302,001,001,1,043,043.jpg,250,38.278542,1779148508.582461,4.15,-152.0,138.0,0.0,0.0,2940,1912,0.974257,0.82,0.0,0.0,pix
real_001_s001_2026-05-19_01-54-30-302,001,001,1,043,043.jpg,251,38.295208,1779148508.599128,4.166667,-152.0,138.0,0.0,0.0,2940,1912,0.974257,0.82,0.0,0.0,pix
real_001_s001_2026-05-19_01-54-30-302,001,001,1,043,043.jpg,252,38.311875,1779148508.615794,4.183333,-152.0,138.0,0.0,0.0,2940,1912,0.974257,0.82,0.0,0.0,pix
real_001_s001_2026-05-19_01-54-30-302,001,001,1,043,043.jpg,253,38.328542,1779148508.632461,4.2,-152.0,138.0,0.0,0.0,2940,1912,0.974257,0.82,0.0,0.0,pix
real_001_s001_2026-05-19_01-54-30-302,001,001,1,043,043.jpg,254,38.345208,1779148508.649128,4.216667,-152.0,138.0,0.0,0.0,2940,1912,0.974257,0.82,0.0,0.0,pix
real_001_s001_2026-05-19_01-54-30-302,001,001,1,043,043.jpg,255,38.361875,1779148508.665794,4.233333,-152.0,138.0,0.0,0.0,2940,1912,0.974257,0.82,0.0,0.0,pix
real_001_s001_2026-05-19_01-54-30-302,001,001,1,043,043.jpg,256,38.378542,1779148508.682461,4.25,-152.0,138.0,0.0,0.0,2940,1912,0.974257,0.82,0.0,0.0,pix
real_001_s001_2026-05-19_01-54-30-302,001,001,1,043,043.jpg,257,38.395208,1779148508.699128,4.266667,-152.0,138.0,0.0,0.0,2940,1912,0.974257,0.82,0.0,0.0,pix
real_001_s001_2026-05-19_01-54-30-302,001,001,1,043,043.jpg,258,38.411875,1779148508.715794,4.283333,-152.0,138.0,0.0,0.0,2940,1912,0.974257,0.82,0.0,0.0,pix
real_001_s001_2026-05-19_01-54-30-302,001,001,1,043,043.jpg,259,38.428542,1779148508.732461,4.3,-152.0,138.0,0.0,0.0,2940,1912,0.974257,0.82,0.0,0.0,pix
real_001_s001_2026-05-19_01-54-30-302,001,001,1,043,043.jpg,260,38.445208,1779148508.749128,4.316667,-152.0,138.0,0.0,0.0,2940,1912,0.974257,0.82,0.0,0.0,pix
real_001_s001_2026-05-19_01-54-30-302,001,001,1,043,043.jpg,261,38.461875,1779148508.765794,4.333333,-152.0,138.0,0.0,0.0,2940,1912,0.974257,0.82,0.0,0.0,pix
real_001_s001_2026-05-19_01-54-30-302,001,001,1,043,043.jpg,262,38.478542,1779148508.782461,4.35,-152.0,138.0,0.0,0.0,2940,1912,0.974257,0.82,0.0,0.0,pix
real_001_s001_2026-05-19_01-54-30-302,001,001,1,043,043.jpg,263,38.495208,1779148508.799128,4.366667,-152.0,138.0,0.0,0.0,2940,1912,0.974257,0.82,0.0,0.0,pix
real_001_s001_2026-05-19_01-54-30-302,001,001,1,043,043.jpg,264,38.511875,1779148508.815794,4.383333,-152.0,138.0,0.0,0.0,2940,1912,0.974257,0.82,0.0,0.0,pix
real_001_s001_2026-05-19_01-54-30-302,001,001,1,043,043.jpg,265,38.528542,1779148508.832461,4.4,-152.0,138.0,0.0,0.0,2940,1912,0.974257,0.82,0.0,0.0,pix
real_001_s001_2026-05-19_01-54-30-302,001,001,1,043,043.jpg,266,38.545208,1779148508.849128,4.416667,-152.0,138.0,0.0,0.0,2940,1912,0.974257,0.82,0.0,0.0,pix
real_001_s001_2026-05-19_01-54-30-302,001,001,1,043,043.jpg,267,38.561875,1779148508.865794,4.433333,-152.0,138.0,0.0,0.0,2940,1912,0.974257,0.82,0.0,0.0,pix
real_001_s001_2026-05-19_01-54-30-302,001,001,1,043,043.jpg,268,38.578542,1779148508.882461,4.45,-152.0,138.0,0.0,0.0,2940,1912,0.974257,0.82,0.0,0.0,pix
real_001_s001_2026-05-19_01-54-30-302,001,001,1,043,043.jpg,269,38.595208,1779148508.899128,4.466667,-152.0,138.0,0.0,0.0,2940,1912,0.974257,0.82,0.0,0.0,pix
real_001_s001_2026-05-19_01-54-30-302,001,001,1,043,043.jpg,270,38.611875,1779148508.915794,4.483333,-152.0,138.0,0.0,0.0,2940,1912,0.974257,0.82,0.0,0.0,pix
real_001_s001_2026-05-19_01-54-30-302,001,001,1,043,043.jpg,271,38.628542,1779148508.932461,4.5,-152.0,138.0,0.0,0.0,2940,1912,0.974257,0.82,0.0,0.0,pix
real_001_s001_2026-05-19_01-54-30-302,001,001,1,043,043.jpg,272,38.645208,1779148508.949128,4.516667,-152.0,138.0,0.0,0.0,2940,1912,0.974257,0.82,0.0,0.0,pix
real_001_s001_2026-05-19_01-54-30-302,001,001,1,043,043.jpg,273,38.661875,1779148508.965794,4.533333,-152.0,138.0,0.0,0.0,2940,1912,0.974257,0.82,0.0,0.0,pix
real_001_s001_2026-05-19_01-54-30-302,001,001,1,043,043.jpg,274,38.678542,1779148508.982461,4.55,-152.0,138.0,0.0,0.0,2940,1912,0.974257,0.82,0.0,0.0,pix
real_001_s001_2026-05-19_01-54-30-302,001,001,1,043,043.jpg,275,38.695208,1779148508.999128,4.566667,-152.0,138.0,0.0,0.0,2940,1912,0.974257,0.82,0.0,0.0,pix
real_001_s001_2026-05-19_01-54-30-302,001,001,1,043,043.jpg,276,38.711875,1779148509.015794,4.583333,-152.0,138.0,0.0,0.0,2940,1912,0.974257,0.82,0.0,0.0,pix
real_001_s001_2026-05-19_01-54-30-302,001,001,1,043,043.jpg,277,38.728542,1779148509.032461,4.6,-152.0,138.0,0.0,0.0,2940,1912,0.974257,0.82,0.0,0.0,pix
real_001_s001_2026-05-19_01-54-30-302,001,001,1,043,043.jpg,278,38.745208,1779148509.049128,4.616667,-152.0,138.0,0.0,0.0,2940,1912,0.974257,0.82,0.0,0.0,pix
real_001_s001_2026-05-19_01-54-30-302,001,001,1,043,043.jpg,279,38.761875,1779148509.065794,4.633333,-152.0,138.0,0.0,0.0,2940,1912,0.974257,0.82,0.0,0.0,pix
real_001_s001_2026-05-19_01-54-30-302,001,001,1,043,043.jpg,280,38.778542,1779148509.082461,4.65,-152.0,138.0,0.0,0.0,2940,1912,0.974257,0.82,0.0,0.0,pix
real_001_s001_2026-05-19_01-54-30-302,001,001,1,043,043.jpg,281,38.795208,1779148509.099128,4.666667,-152.0,138.0,0.0,0.0,2940,1912,0.974257,0.82,0.0,0.0,pix
real_001_s001_2026-05-19_01-54-30-302,001,001,1,043,043.jpg,282,38.811875,1779148509.115794,4.683333,-152.0,138.0,0.0,0.0,2940,1912,0.974257,0.82,0.0,0.0,pix
real_001_s001_2026-05-19_01-54-30-302,001,001,1,043,043.jpg,283,38.828542,1779148509.132461,4.7,-152.0,138.0,0.0,0.0,2940,1912,0.974257,0.82,0.0,0.0,pix
real_001_s001_2026-05-19_01-54-30-302,001,001,1,043,043.jpg,284,38.845208,1779148509.149128,4.716667,-152.0,138.0,0.0,0.0,2940,1912,0.974257,0.82,0.0,0.0,pix
real_001_s001_2026-05-19_01-54-30-302,001,001,1,043,043.jpg,285,38.861875,1779148509.165794,4.733333,-152.0,138.0,0.0,0.0,2940,1912,0.974257,0.82,0.0,0.0,pix
real_001_s001_2026-05-19_01-54-30-302,001,001,1,043,043.jpg,286,38.878542,1779148509.182461,4.75,-152.0,138.0,0.0,0.0,2940,1912,0.974257,0.82,0.0,0.0,pix
real_001_s001_2026-05-19_01-54-30-302,001,001,1,043,043.jpg,287,38.895208,1779148509.199128,4.766667,-152.0,138.0,0.0,0.0,2940,1912,0.974257,0.82,0.0,0.0,pix
real_001_s001_2026-05-19_01-54-30-302,001,001,1,043,043.jpg,288,38.911875,1779148509.215794,4.783333,-152.0,138.0,0.0,0.0,2940,1912,0.974257,0.82,0.0,0.0,pix
real_001_s001_2026-05-19_01-54-30-302,001,001,1,043,043.jpg,289,38.928542,1779148509.232461,4.8,-152.0,138.0,0.0,0.0,2940,1912,0.974257,0.82,0.0,0.0,pix
real_001_s001_2026-05-19_01-54-30-302,001,001,1,043,043.jpg,290,38.945208,1779148509.249128,4.816667,-152.0,138.0,0.0,0.0,2940,1912,0.974257,0.82,0.0,0.0,pix
real_001_s001_2026-05-19_01-54-30-302,001,001,1,043,043.jpg,291,38.961875,1779148509.265794,4.833333,-152.0,138.0,0.0,0.0,2940,1912,0.974257,0.82,0.0,0.0,pix
real_001_s001_2026-05-19_01-54-30-302,001,001,1,043,043.jpg,292,38.978542,1779148509.282461,4.85,-152.0,138.0,0.0,0.0,2940,1912,0.974257,0.82,0.0,0.0,pix
real_001_s001_2026-05-19_01-54-30-302,001,001,1,043,043.jpg,293,38.995208,1779148509.299128,4.866667,-152.0,138.0,0.0,0.0,2940,1912,0.974257,0.82,0.0,0.0,pix
real_001_s001_2026-05-19_01-54-30-302,001,001,1,043,043.jpg,294,39.011875,1779148509.315794,4.883333,-152.0,138.0,0.0,0.0,2940,1912,0.974257,0.82,0.0,0.0,pix
real_001_s001_2026-05-19_01-54-30-302,001,001,1,043,043.jpg,295,39.028542,1779148509.332461,4.9,-152.0,138.0,0.0,0.0,2940,1912,0.974257,0.82,0.0,0.0,pix
real_001_s001_2026-05-19_01-54-30-302,001,001,1,043,043.jpg,296,39.045208,1779148509.349128,4.916667,-152.0,138.0,0.0,0.0,2940,1912,0.974257,0.82,0.0,0.0,pix
real_001_s001_2026-05-19_01-54-30-302,001,001,1,043,043.jpg,297,39.061875,1779148509.365794,4.933333,-152.0,138.0,0.0,0.0,2940,1912,0.974257,0.82,0.0,0.0,pix
real_001_s001_2026-05-19_01-54-30-302,001,001,1,043,043.jpg,298,39.078542,1779148509.382461,4.95,-152.0,138.0,0.0,0.0,2940,1912,0.974257,0.82,0.0,0.0,pix
real_001_s001_2026-05-19_01-54-30-302,001,001,1,043,043.jpg,299,39.095208,1779148509.399128,4.966667,-152.0,138.0,0.0,0.0,2940,1912,0.974257,0.82,0.0,0.0,pix
real_001_s001_2026-05-19_01-54-30-302,001,001,1,043,043.jpg,300,39.111875,1779148509.415794,4.983333,-152.0,138.0,0.0,0.0,2940,1912,0.974257,0.82,0.0,0.0,pix
real_001_s001_2026-05-19_01-54-30-302,001,001,1,043,043.jpg,301,39.128542,1779148509.432461,5.0,-152.0,138.0,0.0,0.0,2940,1912,0.974257,0.82,0.0,0.0,pix
real_001_s001_2026-05-19_01-54-30-302,001,001,1,043,043.jpg,302,39.145208,1779148509.449128,5.016667,-152.0,138.0,0.0,0.0,2940,1912,0.974257,0.82,0.0,0.0,pix
real_001_s001_2026-05-19_01-54-30-302,001,001,1,043,043.jpg,303,39.161875,1779148509.465794,5.033333,-152.0,138.0,0.0,0.0,2940,1912,0.974257,0.82,0.0,0.0,pix
real_001_s001_2026-05-19_01-54-30-302,001,001,1,043,043.jpg,304,39.178542,1779148509.482461,5.05,-152.0,138.0,0.0,0.0,2940,1912,0.974257,0.82,0.0,0.0,pix
real_001_s001_2026-05-19_01-54-30-302,001,001,1,043,043.jpg,305,39.195208,1779148509.499128,5.066667,-152.0,138.0,0.0,0.0,2940,1912,0.974257,0.82,0.0,0.0,pix
real_001_s001_2026-05-19_01-54-30-302,001,001,1,043,043.jpg,306,39.211875,1779148509.515794,5.083333,-152.0,138.0,0.0,0.0,2940,1912,0.974257,0.82,0.0,0.0,pix
real_001_s001_2026-05-19_01-54-30-302,001,001,1,043,043.jpg,307,39.228542,1779148509.532461,5.1,-152.0,138.0,0.0,0.0,2940,1912,0.974257,0.82,0.0,0.0,pix
real_001_s001_2026-05-19_01-54-30-302,001,001,1,043,043.jpg,308,39.245208,1779148509.549128,5.116667,-152.0,138.0,0.0,0.0,2940,1912,0.974257,0.82,0.0,0.0,pix
real_001_s001_2026-05-19_01-54-30-302,001,001,1,043,043.jpg,309,39.261875,1779148509.565794,5.133333,-152.0,138.0,0.0,0.0,2940,1912,0.974257,0.82,0.0,0.0,pix
real_001_s001_2026-05-19_01-54-30-302,001,001,1,043,043.jpg,310,39.278542,1779148509.582461,5.15,-152.0,138.0,0.0,0.0,2940,1912,0.974257,0.82,0.0,0.0,pix
real_001_s001_2026-05-19_01-54-30-302,001,001,1,043,043.jpg,311,39.295208,1779148509.599128,5.166667,-152.0,138.0,0.0,0.0,2940,1912,0.974257,0.82,0.0,0.0,pix
real_001_s001_2026-05-19_01-54-30-302,001,001,1,043,043.jpg,312,39.311875,1779148509.615794,5.183333,-152.0,138.0,0.0,0.0,2940,1912,0.974257,0.82,0.0,0.0,pix
real_001_s001_2026-05-19_01-54-30-302,001,001,1,043,043.jpg,313,39.328542,1779148509.632461,5.2,-152.0,138.0,0.0,0.0,2940,1912,0.974257,0.82,0.0,0.0,pix
real_001_s001_2026-05-19_01-54-30-302,001,001,1,043,043.jpg,314,39.345208,1779148509.649128,5.216667,-152.0,138.0,0.0,0.0,2940,1912,0.974257,0.82,0.0,0.0,pix
real_001_s001_2026-05-19_01-54-30-302,001,001,1,043,043.jpg,315,39.361875,1779148509.665794,5.233333,-152.0,138.0,0.0,0.0,2940,1912,0.974257,0.82,0.0,0.0,pix
real_001_s001_2026-05-19_01-54-30-302,001,001,1,043,043.jpg,316,39.378542,1779148509.682461,5.25,-152.0,138.0,0.0,0.0,2940,1912,0.974257,0.82,0.0,0.0,pix
real_001_s001_2026-05-19_01-54-30-302,001,001,1,043,043.jpg,317,39.395208,1779148509.699128,5.266667,-152.0,138.0,0.0,0.0,2940,1912,0.974257,0.82,0.0,0.0,pix
real_001_s001_2026-05-19_01-54-30-302,001,001,1,043,043.jpg,318,39.411875,1779148509.715794,5.283333,-152.0,138.0,0.0,0.0,2940,1912,0.974257,0.82,0.0,0.0,pix
real_001_s001_2026-05-19_01-54-30-302,001,001,1,043,043.jpg,319,39.428542,1779148509.732461,5.3,-152.0,138.0,0.0,0.0,2940,1912,0.974257,0.82,0.0,0.0,pix
real_001_s001_2026-05-19_01-54-30-302,001,001,1,043,043.jpg,320,39.445208,1779148509.749128,5.316667,-152.0,138.0,0.0,0.0,2940,1912,0.974257,0.82,0.0,0.0,pix
real_001_s001_2026-05-19_01-54-30-302,001,001,1,043,043.jpg,321,39.461875,1779148509.765794,5.333333,-152.0,138.0,0.0,0.0,2940,1912,0.974257,0.82,0.0,0.0,pix
real_001_s001_2026-05-19_01-54-30-302,001,001,1,043,043.jpg,322,39.478542,1779148509.782461,5.35,-152.0,138.0,0.0,0.0,2940,1912,0.974257,0.82,0.0,0.0,pix
real_001_s001_2026-05-19_01-54-30-302,001,001,1,043,043.jpg,323,39.495208,1779148509.799128,5.366667,-152.0,138.0,0.0,0.0,2940,1912,0.974257,0.82,0.0,0.0,pix
real_001_s001_2026-05-19_01-54-30-302,001,001,1,043,043.jpg,324,39.511875,1779148509.815794,5.383333,-152.0,138.0,0.0,0.0,2940,1912,0.974257,0.82,0.0,0.0,pix
real_001_s001_2026-05-19_01-54-30-302,001,001,1,043,043.jpg,325,39.528542,1779148509.832461,5.4,-152.0,138.0,0.0,0.0,2940,1912,0.974257,0.82,0.0,0.0,pix
real_001_s001_2026-05-19_01-54-30-302,001,001,1,043,043.jpg,326,39.545208,1779148509.849128,5.416667,-152.0,138.0,0.0,0.0,2940,1912,0.974257,0.82,0.0,0.0,pix
real_001_s001_2026-05-19_01-54-30-302,001,001,1,043,043.jpg,327,39.561875,1779148509.865794,5.433333,-152.0,138.0,0.0,0.0,2940,1912,0.974257,0.82,0.0,0.0,pix
real_001_s001_2026-05-19_01-54-30-302,001,001,1,043,043.jpg,328,39.578542,1779148509.882461,5.45,-152.0,138.0,0.0,0.0,2940,1912,0.974257,0.82,0.0,0.0,pix
real_001_s001_2026-05-19_01-54-30-302,001,001,1,043,043.jpg,329,39.595208,1779148509.899128,5.466667,-152.0,138.0,0.0,0.0,2940,1912,0.974257,0.82,0.0,0.0,pix
real_001_s001_2026-05-19_01-54-30-302,001,001,1,043,043.jpg,330,39.611875,1779148509.915794,5.483333,-152.0,138.0,0.0,0.0,2940,1912,0.974257,0.82,0.0,0.0,pix
real_001_s001_2026-05-19_01-54-30-302,001,001,1,043,043.jpg,331,39.628542,1779148509.932461,5.5,-152.0,138.0,0.0,0.0,2940,1912,0.974257,0.82,0.0,0.0,pix
real_001_s001_2026-05-19_01-54-30-302,001,001,1,043,043.jpg,332,39.645208,1779148509.949128,5.516667,-152.0,138.0,0.0,0.0,2940,1912,0.974257,0.82,0.0,0.0,pix
real_001_s001_2026-05-19_01-54-30-302,001,001,1,043,043.jpg,333,39.661875,1779148509.965794,5.533333,-152.0,138.0,0.0,0.0,2940,1912,0.974257,0.82,0.0,0.0,pix
real_001_s001_2026-05-19_01-54-30-302,001,001,1,043,043.jpg,334,39.678542,1779148509.982461,5.55,-152.0,138.0,0.0,0.0,2940,1912,0.974257,0.82,0.0,0.0,pix
real_001_s001_2026-05-19_01-54-30-302,001,001,1,043,043.jpg,335,39.695208,1779148509.999128,5.566667,-152.0,138.0,0.0,0.0,2940,1912,0.974257,0.82,0.0,0.0,pix
real_001_s001_2026-05-19_01-54-30-302,001,001,1,043,043.jpg,336,39.711875,1779148510.015794,5.583333,-152.0,138.0,0.0,0.0,2940,1912,0.974257,0.82,0.0,0.0,pix
real_001_s001_2026-05-19_01-54-30-302,001,001,1,043,043.jpg,337,39.728542,1779148510.032461,5.6,-152.0,138.0,0.0,0.0,2940,1912,0.974257,0.82,0.0,0.0,pix
real_001_s001_2026-05-19_01-54-30-302,001,001,1,043,043.jpg,338,39.745208,1779148510.049128,5.616667,-152.0,138.0,0.0,0.0,2940,1912,0.974257,0.82,0.0,0.0,pix
real_001_s001_2026-05-19_01-54-30-302,001,001,1,043,043.jpg,339,39.761875,1779148510.065794,5.633333,-152.0,138.0,0.0,0.0,2940,1912,0.974257,0.82,0.0,0.0,pix
real_001_s001_2026-05-19_01-54-30-302,001,001,1,043,043.jpg,340,39.778542,1779148510.082461,5.65,-152.0,138.0,0.0,0.0,2940,1912,0.974257,0.82,0.0,0.0,pix
real_001_s001_2026-05-19_01-54-30-302,001,001,1,043,043.jpg,341,39.795208,1779148510.099128,5.666667,-152.0,138.0,0.0,0.0,2940,1912,0.974257,0.82,0.0,0.0,pix
real_001_s001_2026-05-19_01-54-30-302,001,001,1,043,043.jpg,342,39.811875,1779148510.115794,5.683333,-152.0,138.0,0.0,0.0,2940,1912,0.974257,0.82,0.0,0.0,pix
real_001_s001_2026-05-19_01-54-30-302,001,001,1,043,043.jpg,343,39.828542,1779148510.132461,5.7,-152.0,138.0,0.0,0.0,2940,1912,0.974257,0.82,0.0,0.0,pix
real_001_s001_2026-05-19_01-54-30-302,001,001,1,043,043.jpg,344,39.845208,1779148510.149128,5.716667,-152.0,138.0,0.0,0.0,2940,1912,0.974257,0.82,0.0,0.0,pix
real_001_s001_2026-05-19_01-54-30-302,001,001,1,043,043.jpg,345,39.861875,1779148510.165794,5.733333,-152.0,138.0,0.0,0.0,2940,1912,0.974257,0.82,0.0,0.0,pix
real_001_s001_2026-05-19_01-54-30-302,001,001,1,043,043.jpg,346,39.878542,1779148510.182461,5.75,-152.0,138.0,0.0,0.0,2940,1912,0.974257,0.82,0.0,0.0,pix
real_001_s001_2026-05-19_01-54-30-302,001,001,1,043,043.jpg,347,39.895208,1779148510.199128,5.766667,-152.0,138.0,0.0,0.0,2940,1912,0.974257,0.82,0.0,0.0,pix
real_001_s001_2026-05-19_01-54-30-302,001,001,1,043,043.jpg,348,39.911875,1779148510.215794,5.783333,-152.0,138.0,0.0,0.0,2940,1912,0.974257,0.82,0.0,0.0,pix
real_001_s001_2026-05-19_01-54-30-302,001,001,1,043,043.jpg,349,39.928542,1779148510.232461,5.8,-152.0,138.0,0.0,0.0,2940,1912,0.974257,0.82,0.0,0.0,pix
real_001_s001_2026-05-19_01-54-30-302,001,001,1,043,043.jpg,350,39.945208,1779148510.249128,5.816667,-152.0,138.0,0.0,0.0,2940,1912,0.974257,0.82,0.0,0.0,pix
real_001_s001_2026-05-19_01-54-30-302,001,001,1,043,043.jpg,351,39.961875,1779148510.265794,5.833333,-152.0,138.0,0.0,0.0,2940,1912,0.974257,0.82,0.0,0.0,pix
real_001_s001_2026-05-19_01-54-30-302,001,001,1,043,043.jpg,352,39.978542,1779148510.282461,5.85,-152.0,138.0,0.0,0.0,2940,1912,0.974257,0.82,0.0,0.0,pix
real_001_s001_2026-05-19_01-54-30-302,001,001,1,043,043.jpg,353,39.995208,1779148510.299128,5.866667,-152.0,138.0,0.0,0.0,2940,1912,0.974257,0.82,0.0,0.0,pix
real_001_s001_2026-05-19_01-54-30-302,001,001,1,043,043.jpg,354,40.011875,1779148510.315794,5.883333,-152.0,138.0,0.0,0.0,2940,1912,0.974257,0.82,0.0,0.0,pix
real_001_s001_2026-05-19_01-54-30-302,001,001,1,043,043.jpg,355,40.028542,1779148510.332461,5.9,-152.0,138.0,0.0,0.0,2940,1912,0.974257,0.82,0.0,0.0,pix
real_001_s001_2026-05-19_01-54-30-302,001,001,1,043,043.jpg,356,40.045208,1779148510.349128,5.916667,-152.0,138.0,0.0,0.0,2940,1912,0.974257,0.82,0.0,0.0,pix
real_001_s001_2026-05-19_01-54-30-302,001,001,1,043,043.jpg,357,40.061875,1779148510.365794,5.933333,-152.0,138.0,0.0,0.0,2940,1912,0.974257,0.82,0.0,0.0,pix
real_001_s001_2026-05-19_01-54-30-302,001,001,1,043,043.jpg,358,40.078542,1779148510.382461,5.95,-152.0,138.0,0.0,0.0,2940,1912,0.974257,0.82,0.0,0.0,pix
real_001_s001_2026-05-19_01-54-30-302,001,001,1,043,043.jpg,359,40.095208,1779148510.399128,5.966667,-152.0,138.0,0.0,0.0,2940,1912,0.974257,0.82,0.0,0.0,pix
real_001_s001_2026-05-19_01-54-30-302,001,001,1,043,043.jpg,360,40.111875,1779148510.415794,5.983333,-152.0,138.0,0.0,0.0,2940,1912,0.974257,0.82,0.0,0.0,pix
real_001_s001_2026-05-19_01-54-30-302,001,001,1,043,043.jpg,361,40.128542,1779148510.432461,6.0,-152.0,138.0,0.0,0.0,2940,1912,0.974257,0.82,0.0,0.0,pix
real_001_s001_2026-05-19_01-54-30-302,001,001,1,043,043.jpg,362,40.145208,1779148510.449128,6.016667,-152.0,138.0,0.0,0.0,2940,1912,0.974257,0.82,0.0,0.0,pix
real_001_s001_2026-05-19_01-54-30-302,001,001,1,043,043.jpg,363,40.161875,1779148510.465794,6.033333,-152.0,138.0,0.0,0.0,2940,1912,0.974257,0.82,0.0,0.0,pix
real_001_s001_2026-05-19_01-54-30-302,001,001,1,043,043.jpg,364,40.178542,1779148510.482461,6.05,-152.0,138.0,0.0,0.0,2940,1912,0.974257,0.82,0.0,0.0,pix
real_001_s001_2026-05-19_01-54-30-302,001,001,1,043,043.jpg,365,40.195208,1779148510.499128,6.066667,-152.0,138.0,0.0,0.0,2940,1912,0.974257,0.82,0.0,0.0,pix
real_001_s001_2026-05-19_01-54-30-302,001,001,1,043,043.jpg,366,40.211875,1779148510.515794,6.083333,-152.0,138.0,0.0,0.0,2940,1912,0.974257,0.82,0.0,0.0,pix
real_001_s001_2026-05-19_01-54-30-302,001,001,1,043,043.jpg,367,40.228542,1779148510.532461,6.1,-152.0,138.0,0.0,0.0,2940,1912,0.974257,0.82,0.0,0.0,pix
real_001_s001_2026-05-19_01-54-30-302,001,001,1,043,043.jpg,368,40.245208,1779148510.549128,6.116667,-152.0,138.0,0.0,0.0,2940,1912,0.974257,0.82,0.0,0.0,pix
real_001_s001_2026-05-19_01-54-30-302,001,001,1,043,043.jpg,369,40.261875,1779148510.565794,6.133333,-152.0,138.0,0.0,0.0,2940,1912,0.974257,0.82,0.0,0.0,pix
real_001_s001_2026-05-19_01-54-30-302,001,001,1,043,043.jpg,370,40.278542,1779148510.582461,6.15,-152.0,138.0,0.0,0.0,2940,1912,0.974257,0.82,0.0,0.0,pix
real_001_s001_2026-05-19_01-54-30-302,001,001,1,043,043.jpg,371,40.295208,1779148510.599128,6.166667,-152.0,138.0,0.0,0.0,2940,1912,0.974257,0.82,0.0,0.0,pix
real_001_s001_2026-05-19_01-54-30-302,001,001,1,043,043.jpg,372,40.311875,1779148510.615794,6.183333,-152.0,138.0,0.0,0.0,2940,1912,0.974257,0.82,0.0,0.0,pix
real_001_s001_2026-05-19_01-54-30-302,001,001,1,043,043.jpg,373,40.328542,1779148510.632461,6.2,-152.0,138.0,0.0,0.0,2940,1912,0.974257,0.82,0.0,0.0,pix
real_001_s001_2026-05-19_01-54-30-302,001,001,1,043,043.jpg,374,40.345208,1779148510.649128,6.216667,-152.0,138.0,0.0,0.0,2940,1912,0.974257,0.82,0.0,0.0,pix
real_001_s001_2026-05-19_01-54-30-302,001,001,1,043,043.jpg,375,40.361875,1779148510.665794,6.233333,-152.0,138.0,0.0,0.0,2940,1912,0.974257,0.82,0.0,0.0,pix
real_001_s001_2026-05-19_01-54-30-302,001,001,1,043,043.jpg,376,40.378542,1779148510.682461,6.25,-152.0,138.0,0.0,0.0,2940,1912,0.974257,0.82,0.0,0.0,pix
real_001_s001_2026-05-19_01-54-30-302,001,001,1,043,043.jpg,377,40.395208,1779148510.699128,6.266667,-152.0,138.0,0.0,0.0,2940,1912,0.974257,0.82,0.0,0.0,pix
real_001_s001_2026-05-19_01-54-30-302,001,001,1,043,043.jpg,378,40.411875,1779148510.715794,6.283333,-152.0,138.0,0.0,0.0,2940,1912,0.974257,0.82,0.0,0.0,pix
real_001_s001_2026-05-19_01-54-30-302,001,001,1,043,043.jpg,379,40.428542,1779148510.732461,6.3,-152.0,138.0,0.0,0.0,2940,1912,0.974257,0.82,0.0,0.0,pix
real_001_s001_2026-05-19_01-54-30-302,001,001,1,043,043.jpg,380,40.445208,1779148510.749128,6.316667,-152.0,138.0,0.0,0.0,2940,1912,0.974257,0.82,0.0,0.0,pix
real_001_s001_2026-05-19_01-54-30-302,001,001,1,043,043.jpg,381,40.461875,1779148510.765794,6.333333,-152.0,138.0,0.0,0.0,2940,1912,0.974257,0.82,0.0,0.0,pix
real_001_s001_2026-05-19_01-54-30-302,001,001,1,043,043.jpg,382,40.478542,1779148510.782461,6.35,-152.0,138.0,0.0,0.0,2940,1912,0.974257,0.82,0.0,0.0,pix
real_001_s001_2026-05-19_01-54-30-302,001,001,1,043,043.jpg,383,40.495208,1779148510.799128,6.366667,-152.0,138.0,0.0,0.0,2940,1912,0.974257,0.82,0.0,0.0,pix
real_001_s001_2026-05-19_01-54-30-302,001,001,1,043,043.jpg,384,40.511875,1779148510.815794,6.383333,-152.0,138.0,0.0,0.0,2940,1912,0.974257,0.82,0.0,0.0,pix
real_001_s001_2026-05-19_01-54-30-302,001,001,1,043,043.jpg,385,40.528542,1779148510.832461,6.4,-152.0,138.0,0.0,0.0,2940,1912,0.974257,0.82,0.0,0.0,pix
real_001_s001_2026-05-19_01-54-30-302,001,001,1,043,043.jpg,386,40.545208,1779148510.849128,6.416667,-152.0,138.0,0.0,0.0,2940,1912,0.974257,0.82,0.0,0.0,pix
real_001_s001_2026-05-19_01-54-30-302,001,001,1,043,043.jpg,387,40.561875,1779148510.865794,6.433333,-152.0,138.0,0.0,0.0,2940,1912,0.974257,0.82,0.0,0.0,pix
real_001_s001_2026-05-19_01-54-30-302,001,001,1,043,043.jpg,388,40.578542,1779148510.882461,6.45,-152.0,138.0,0.0,0.0,2940,1912,0.974257,0.82,0.0,0.0,pix
real_001_s001_2026-05-19_01-54-30-302,001,001,1,043,043.jpg,389,40.595208,1779148510.899128,6.466667,-152.0,138.0,0.0,0.0,2940,1912,0.974257,0.82,0.0,0.0,pix
real_001_s001_2026-05-19_01-54-30-302,001,001,1,043,043.jpg,390,40.611875,1779148510.915794,6.483333,-152.0,138.0,0.0,0.0,2940,1912,0.974257,0.82,0.0,0.0,pix
real_001_s001_2026-05-19_01-54-30-302,001,001,1,043,043.jpg,391,40.628542,1779148510.932461,6.5,-152.0,138.0,0.0,0.0,2940,1912,0.974257,0.82,0.0,0.0,pix
real_001_s001_2026-05-19_01-54-30-302,001,001,1,043,043.jpg,392,40.645208,1779148510.949128,6.516667,-152.0,138.0,0.0,0.0,2940,1912,0.974257,0.82,0.0,0.0,pix
real_001_s001_2026-05-19_01-54-30-302,001,001,1,043,043.jpg,393,40.661875,1779148510.965794,6.533333,-152.0,138.0,0.0,0.0,2940,1912,0.974257,0.82,0.0,0.0,pix
real_001_s001_2026-05-19_01-54-30-302,001,001,1,043,043.jpg,394,40.678542,1779148510.982461,6.55,-152.0,138.0,0.0,0.0,2940,1912,0.974257,0.82,0.0,0.0,pix
real_001_s001_2026-05-19_01-54-30-302,001,001,1,043,043.jpg,395,40.695208,1779148510.999128,6.566667,-152.0,138.0,0.0,0.0,2940,1912,0.974257,0.82,0.0,0.0,pix
real_001_s001_2026-05-19_01-54-30-302,001,001,1,043,043.jpg,396,40.711875,1779148511.015794,6.583333,-152.0,138.0,0.0,0.0,2940,1912,0.974257,0.82,0.0,0.0,pix
real_001_s001_2026-05-19_01-54-30-302,001,001,1,043,043.jpg,397,40.728542,1779148511.032461,6.6,-152.0,138.0,0.0,0.0,2940,1912,0.974257,0.82,0.0,0.0,pix
real_001_s001_2026-05-19_01-54-30-302,001,001,1,043,043.jpg,398,40.745208,1779148511.049128,6.616667,-152.0,138.0,0.0,0.0,2940,1912,0.974257,0.82,0.0,0.0,pix
real_001_s001_2026-05-19_01-54-30-302,001,001,1,043,043.jpg,399,40.761875,1779148511.065794,6.633333,-152.0,138.0,0.0,0.0,2940,1912,0.974257,0.82,0.0,0.0,pix
real_001_s001_2026-05-19_01-54-30-302,001,001,1,043,043.jpg,400,40.778542,1779148511.082461,6.65,-152.0,138.0,0.0,0.0,2940,1912,0.974257,0.82,0.0,0.0,pix
real_001_s001_2026-05-19_01-54-30-302,001,001,1,043,043.jpg,401,40.795208,1779148511.099128,6.666667,-152.0,138.0,0.0,0.0,2940,1912,0.974257,0.82,0.0,0.0,pix
real_001_s001_2026-05-19_01-54-30-302,001,001,1,043,043.jpg,402,40.811875,1779148511.115794,6.683333,-152.0,138.0,0.0,0.0,2940,1912,0.974257,0.82,0.0,0.0,pix
real_001_s001_2026-05-19_01-54-30-302,001,001,1,043,043.jpg,403,40.828542,1779148511.132461,6.7,-152.0,138.0,0.0,0.0,2940,1912,0.974257,0.82,0.0,0.0,pix
real_001_s001_2026-05-19_01-54-30-302,001,001,1,043,043.jpg,404,40.845208,1779148511.149128,6.716667,-152.0,138.0,0.0,0.0,2940,1912,0.974257,0.82,0.0,0.0,pix
real_001_s001_2026-05-19_01-54-30-302,001,001,1,043,043.jpg,405,40.861875,1779148511.165794,6.733333,-152.0,138.0,0.0,0.0,2940,1912,0.974257,0.82,0.0,0.0,pix
real_001_s001_2026-05-19_01-54-30-302,001,001,1,043,043.jpg,406,40.878542,1779148511.182461,6.75,-152.0,138.0,0.0,0.0,2940,1912,0.974257,0.82,0.0,0.0,pix
real_001_s001_2026-05-19_01-54-30-302,001,001,1,043,043.jpg,407,40.895208,1779148511.199128,6.766667,-152.0,138.0,0.0,0.0,2940,1912,0.974257,0.82,0.0,0.0,pix
real_001_s001_2026-05-19_01-54-30-302,001,001,1,043,043.jpg,408,40.911875,1779148511.215794,6.783333,-152.0,138.0,0.0,0.0,2940,1912,0.974257,0.82,0.0,0.0,pix
real_001_s001_2026-05-19_01-54-30-302,001,001,1,043,043.jpg,409,40.928542,1779148511.232461,6.8,-152.0,138.0,0.0,0.0,2940,1912,0.974257,0.82,0.0,0.0,pix
real_001_s001_2026-05-19_01-54-30-302,001,001,1,043,043.jpg,410,40.945208,1779148511.249128,6.816667,-152.0,138.0,0.0,0.0,2940,1912,0.974257,0.82,0.0,0.0,pix
real_001_s001_2026-05-19_01-54-30-302,001,001,1,043,043.jpg,411,40.961875,1779148511.265794,6.833333,-152.0,138.0,0.0,0.0,2940,1912,0.974257,0.82,0.0,0.0,pix
real_001_s001_2026-05-19_01-54-30-302,001,001,1,043,043.jpg,412,40.978542,1779148511.282461,6.85,-152.0,138.0,0.0,0.0,2940,1912,0.974257,0.82,0.0,0.0,pix
real_001_s001_2026-05-19_01-54-30-302,001,001,1,043,043.jpg,413,40.995208,1779148511.299128,6.866667,-152.0,138.0,0.0,0.0,2940,1912,0.974257,0.82,0.0,0.0,pix
real_001_s001_2026-05-19_01-54-30-302,001,001,1,043,043.jpg,414,41.011875,1779148511.315794,6.883333,-152.0,138.0,0.0,0.0,2940,1912,0.974257,0.82,0.0,0.0,pix
real_001_s001_2026-05-19_01-54-30-302,001,001,1,043,043.jpg,415,41.028542,1779148511.332461,6.9,-152.0,138.0,0.0,0.0,2940,1912,0.974257,0.82,0.0,0.0,pix
real_001_s001_2026-05-19_01-54-30-302,001,001,1,043,043.jpg,416,41.045208,1779148511.349128,6.916667,-152.0,138.0,0.0,0.0,2940,1912,0.974257,0.82,0.0,0.0,pix
real_001_s001_2026-05-19_01-54-30-302,001,001,1,043,043.jpg,417,41.061875,1779148511.365794,6.933333,-152.0,138.0,0.0,0.0,2940,1912,0.974257,0.82,0.0,0.0,pix
real_001_s001_2026-05-19_01-54-30-302,001,001,1,043,043.jpg,418,41.078542,1779148511.382461,6.95,-152.0,138.0,0.0,0.0,2940,1912,0.974257,0.82,0.0,0.0,pix
real_001_s001_2026-05-19_01-54-30-302,001,001,1,043,043.jpg,419,41.095208,1779148511.399128,6.966667,-152.0,138.0,0.0,0.0,2940,1912,0.974257,0.82,0.0,0.0,pix
real_001_s001_2026-05-19_01-54-30-302,001,001,1,043,043.jpg,420,41.111875,1779148511.415794,6.983333,-152.0,138.0,0.0,0.0,2940,1912,0.974257,0.82,0.0,0.0,pix
real_001_s001_2026-05-19_01-54-30-302,001,001,1,043,043.jpg,421,41.128542,1779148511.432461,7.0,-152.0,138.0,0.0,0.0,2940,1912,0.974257,0.82,0.0,0.0,pix
real_001_s001_2026-05-19_01-54-30-302,001,001,1,043,043.jpg,422,41.145208,1779148511.449128,7.016667,-152.0,138.0,0.0,0.0,2940,1912,0.974257,0.82,0.0,0.0,pix
real_001_s001_2026-05-19_01-54-30-302,001,001,1,043,043.jpg,423,41.161875,1779148511.465794,7.033333,-152.0,138.0,0.0,0.0,2940,1912,0.974257,0.82,0.0,0.0,pix
real_001_s001_2026-05-19_01-54-30-302,001,001,1,043,043.jpg,424,41.178542,1779148511.482461,7.05,-152.0,138.0,0.0,0.0,2940,1912,0.974257,0.82,0.0,0.0,pix
real_001_s001_2026-05-19_01-54-30-302,001,001,1,043,043.jpg,425,41.195208,1779148511.499128,7.066667,-152.0,138.0,0.0,0.0,2940,1912,0.974257,0.82,0.0,0.0,pix
real_001_s001_2026-05-19_01-54-30-302,001,001,1,043,043.jpg,426,41.211875,1779148511.515794,7.083333,-152.0,138.0,0.0,0.0,2940,1912,0.974257,0.82,0.0,0.0,pix
real_001_s001_2026-05-19_01-54-30-302,001,001,1,043,043.jpg,427,41.228542,1779148511.532461,7.1,-152.0,138.0,0.0,0.0,2940,1912,0.974257,0.82,0.0,0.0,pix
real_001_s001_2026-05-19_01-54-30-302,001,001,1,043,043.jpg,428,41.245208,1779148511.549128,7.116667,-152.0,138.0,0.0,0.0,2940,1912,0.974257,0.82,0.0,0.0,pix
real_001_s001_2026-05-19_01-54-30-302,001,001,1,043,043.jpg,429,41.261875,1779148511.565794,7.133333,-152.0,138.0,0.0,0.0,2940,1912,0.974257,0.82,0.0,0.0,pix
real_001_s001_2026-05-19_01-54-30-302,001,001,1,043,043.jpg,430,41.278542,1779148511.582461,7.15,-152.0,138.0,0.0,0.0,2940,1912,0.974257,0.82,0.0,0.0,pix
real_001_s001_2026-05-19_01-54-30-302,001,001,1,043,043.jpg,431,41.295208,1779148511.599128,7.166667,-152.0,138.0,0.0,0.0,2940,1912,0.974257,0.82,0.0,0.0,pix
real_001_s001_2026-05-19_01-54-30-302,001,001,1,043,043.jpg,432,41.311875,1779148511.615794,7.183333,-152.0,138.0,0.0,0.0,2940,1912,0.974257,0.82,0.0,0.0,pix
real_001_s001_2026-05-19_01-54-30-302,001,001,1,043,043.jpg,433,41.328542,1779148511.632461,7.2,-152.0,138.0,0.0,0.0,2940,1912,0.974257,0.82,0.0,0.0,pix
real_001_s001_2026-05-19_01-54-30-302,001,001,1,043,043.jpg,434,41.345208,1779148511.649128,7.216667,-152.0,138.0,0.0,0.0,2940,1912,0.974257,0.82,0.0,0.0,pix
real_001_s001_2026-05-19_01-54-30-302,001,001,1,043,043.jpg,435,41.361875,1779148511.665794,7.233333,-152.0,138.0,0.0,0.0,2940,1912,0.974257,0.82,0.0,0.0,pix
real_001_s001_2026-05-19_01-54-30-302,001,001,1,043,043.jpg,436,41.378542,1779148511.682461,7.25,-152.0,138.0,0.0,0.0,2940,1912,0.974257,0.82,0.0,0.0,pix
real_001_s001_2026-05-19_01-54-30-302,001,001,1,043,043.jpg,437,41.395208,1779148511.699128,7.266667,-152.0,138.0,0.0,0.0,2940,1912,0.974257,0.82,0.0,0.0,pix
real_001_s001_2026-05-19_01-54-30-302,001,001,1,043,043.jpg,438,41.411875,1779148511.715794,7.283333,-152.0,138.0,0.0,0.0,2940,1912,0.974257,0.82,0.0,0.0,pix
real_001_s001_2026-05-19_01-54-30-302,001,001,1,043,043.jpg,439,41.428542,1779148511.732461,7.3,-152.0,138.0,0.0,0.0,2940,1912,0.974257,0.82,0.0,0.0,pix
real_001_s001_2026-05-19_01-54-30-302,001,001,1,043,043.jpg,440,41.445208,1779148511.749128,7.316667,-152.0,138.0,0.0,0.0,2940,1912,0.974257,0.82,0.0,0.0,pix
real_001_s001_2026-05-19_01-54-30-302,001,001,1,043,043.jpg,441,41.461875,1779148511.765794,7.333333,-152.0,138.0,0.0,0.0,2940,1912,0.974257,0.82,0.0,0.0,pix
real_001_s001_2026-05-19_01-54-30-302,001,001,1,043,043.jpg,442,41.478542,1779148511.782461,7.35,-152.0,138.0,0.0,0.0,2940,1912,0.974257,0.82,0.0,0.0,pix
real_001_s001_2026-05-19_01-54-30-302,001,001,1,043,043.jpg,443,41.495208,1779148511.799128,7.366667,-152.0,138.0,0.0,0.0,2940,1912,0.974257,0.82,0.0,0.0,pix
real_001_s001_2026-05-19_01-54-30-302,001,001,1,043,043.jpg,444,41.511875,1779148511.815794,7.383333,-152.0,138.0,0.0,0.0,2940,1912,0.974257,0.82,0.0,0.0,pix
real_001_s001_2026-05-19_01-54-30-302,001,001,1,043,043.jpg,445,41.528542,1779148511.832461,7.4,-152.0,138.0,0.0,0.0,2940,1912,0.974257,0.82,0.0,0.0,pix
real_001_s001_2026-05-19_01-54-30-302,001,001,1,043,043.jpg,446,41.545208,1779148511.849128,7.416667,-152.0,138.0,0.0,0.0,2940,1912,0.974257,0.82,0.0,0.0,pix
real_001_s001_2026-05-19_01-54-30-302,001,001,1,043,043.jpg,447,41.561875,1779148511.865794,7.433333,-152.0,138.0,0.0,0.0,2940,1912,0.974257,0.82,0.0,0.0,pix
real_001_s001_2026-05-19_01-54-30-302,001,001,1,043,043.jpg,448,41.578542,1779148511.882461,7.45,-152.0,138.0,0.0,0.0,2940,1912,0.974257,0.82,0.0,0.0,pix
real_001_s001_2026-05-19_01-54-30-302,001,001,1,043,043.jpg,449,41.595208,1779148511.899128,7.466667,-152.0,138.0,0.0,0.0,2940,1912,0.974257,0.82,0.0,0.0,pix
real_001_s001_2026-05-19_01-54-30-302,001,001,1,043,043.jpg,450,41.611875,1779148511.915794,7.483333,-152.0,138.0,0.0,0.0,2940,1912,0.974257,0.82,0.0,0.0,pix
real_001_s001_2026-05-19_01-54-30-302,001,001,1,043,043.jpg,451,41.628542,1779148511.932461,7.5,-152.0,138.0,0.0,0.0,2940,1912,0.974257,0.82,0.0,0.0,pix
real_001_s001_2026-05-19_01-54-30-302,001,001,1,043,043.jpg,452,41.645208,1779148511.949128,7.516667,-152.0,138.0,0.0,0.0,2940,1912,0.974257,0.82,0.0,0.0,pix
real_001_s001_2026-05-19_01-54-30-302,001,001,1,043,043.jpg,453,41.661875,1779148511.965794,7.533333,-152.0,138.0,0.0,0.0,2940,1912,0.974257,0.82,0.0,0.0,pix
real_001_s001_2026-05-19_01-54-30-302,001,001,1,043,043.jpg,454,41.678542,1779148511.982461,7.55,-152.0,138.0,0.0,0.0,2940,1912,0.974257,0.82,0.0,0.0,pix
real_001_s001_2026-05-19_01-54-30-302,001,001,1,043,043.jpg,455,41.695208,1779148511.999128,7.566667,-152.0,138.0,0.0,0.0,2940,1912,0.974257,0.82,0.0,0.0,pix
real_001_s001_2026-05-19_01-54-30-302,001,001,1,043,043.jpg,456,41.711875,1779148512.015794,7.583333,-152.0,138.0,0.0,0.0,2940,1912,0.974257,0.82,0.0,0.0,pix
real_001_s001_2026-05-19_01-54-30-302,001,001,1,043,043.jpg,457,41.728542,1779148512.032461,7.6,-152.0,138.0,0.0,0.0,2940,1912,0.974257,0.82,0.0,0.0,pix
real_001_s001_2026-05-19_01-54-30-302,001,001,1,043,043.jpg,458,41.745208,1779148512.049128,7.616667,-152.0,138.0,0.0,0.0,2940,1912,0.974257,0.82,0.0,0.0,pix
real_001_s001_2026-05-19_01-54-30-302,001,001,1,043,043.jpg,459,41.761875,1779148512.065794,7.633333,-152.0,138.0,0.0,0.0,2940,1912,0.974257,0.82,0.0,0.0,pix
real_001_s001_2026-05-19_01-54-30-302,001,001,1,043,043.jpg,460,41.778542,1779148512.082461,7.65,-152.0,138.0,0.0,0.0,2940,1912,0.974257,0.82,0.0,0.0,pix
real_001_s001_2026-05-19_01-54-30-302,001,001,1,043,043.jpg,461,41.795208,1779148512.099128,7.666667,-152.0,138.0,0.0,0.0,2940,1912,0.974257,0.82,0.0,0.0,pix
real_001_s001_2026-05-19_01-54-30-302,001,001,1,043,043.jpg,462,41.811875,1779148512.115794,7.683333,-152.0,138.0,0.0,0.0,2940,1912,0.974257,0.82,0.0,0.0,pix
real_001_s001_2026-05-19_01-54-30-302,001,001,1,043,043.jpg,463,41.828542,1779148512.132461,7.7,-152.0,138.0,0.0,0.0,2940,1912,0.974257,0.82,0.0,0.0,pix
real_001_s001_2026-05-19_01-54-30-302,001,001,1,043,043.jpg,464,41.845208,1779148512.149128,7.716667,-152.0,138.0,0.0,0.0,2940,1912,0.974257,0.82,0.0,0.0,pix
real_001_s001_2026-05-19_01-54-30-302,001,001,1,043,043.jpg,465,41.861875,1779148512.165794,7.733333,-152.0,138.0,0.0,0.0,2940,1912,0.974257,0.82,0.0,0.0,pix
real_001_s001_2026-05-19_01-54-30-302,001,001,1,043,043.jpg,466,41.878542,1779148512.182461,7.75,-152.0,138.0,0.0,0.0,2940,1912,0.974257,0.82,0.0,0.0,pix
real_001_s001_2026-05-19_01-54-30-302,001,001,1,043,043.jpg,467,41.895208,1779148512.199128,7.766667,-152.0,138.0,0.0,0.0,2940,1912,0.974257,0.82,0.0,0.0,pix
real_001_s001_2026-05-19_01-54-30-302,001,001,1,043,043.jpg,468,41.911875,1779148512.215794,7.783333,-152.0,138.0,0.0,0.0,2940,1912,0.974257,0.82,0.0,0.0,pix
real_001_s001_2026-05-19_01-54-30-302,001,001,1,043,043.jpg,469,41.928542,1779148512.232461,7.8,-152.0,138.0,0.0,0.0,2940,1912,0.974257,0.82,0.0,0.0,pix
real_001_s001_2026-05-19_01-54-30-302,001,001,1,043,043.jpg,470,41.945208,1779148512.249128,7.816667,-152.0,138.0,0.0,0.0,2940,1912,0.974257,0.82,0.0,0.0,pix
real_001_s001_2026-05-19_01-54-30-302,001,001,1,043,043.jpg,471,41.961875,1779148512.265794,7.833333,-152.0,138.0,0.0,0.0,2940,1912,0.974257,0.82,0.0,0.0,pix
real_001_s001_2026-05-19_01-54-30-302,001,001,1,043,043.jpg,472,41.978542,1779148512.282461,7.85,-152.0,138.0,0.0,0.0,2940,1912,0.974257,0.82,0.0,0.0,pix
real_001_s001_2026-05-19_01-54-30-302,001,001,1,043,043.jpg,473,41.995208,1779148512.299128,7.866667,-152.0,138.0,0.0,0.0,2940,1912,0.974257,0.82,0.0,0.0,pix
real_001_s001_2026-05-19_01-54-30-302,001,001,1,043,043.jpg,474,42.011875,1779148512.315794,7.883333,-152.0,138.0,0.0,0.0,2940,1912,0.974257,0.82,0.0,0.0,pix
real_001_s001_2026-05-19_01-54-30-302,001,001,1,043,043.jpg,475,42.028542,1779148512.332461,7.9,-152.0,138.0,0.0,0.0,2940,1912,0.974257,0.82,0.0,0.0,pix
real_001_s001_2026-05-19_01-54-30-302,001,001,1,043,043.jpg,476,42.045208,1779148512.349128,7.916667,-152.0,138.0,0.0,0.0,2940,1912,0.974257,0.82,0.0,0.0,pix
real_001_s001_2026-05-19_01-54-30-302,001,001,1,043,043.jpg,477,42.061875,1779148512.365794,7.933333,-152.0,138.0,0.0,0.0,2940,1912,0.974257,0.82,0.0,0.0,pix
real_001_s001_2026-05-19_01-54-30-302,001,001,1,043,043.jpg,478,42.078542,1779148512.382461,7.95,-152.0,138.0,0.0,0.0,2940,1912,0.974257,0.82,0.0,0.0,pix
real_001_s001_2026-05-19_01-54-30-302,001,001,1,043,043.jpg,479,42.095208,1779148512.399128,7.966667,-152.0,138.0,0.0,0.0,2940,1912,0.974257,0.82,0.0,0.0,pix
real_001_s001_2026-05-19_01-54-30-302,001,001,1,043,043.jpg,480,42.111875,1779148512.415794,7.983333,-152.0,138.0,0.0,0.0,2940,1912,0.974257,0.82,0.0,0.0,pix
real_001_s001_2026-05-19_01-54-30-302,001,001,1,043,043.jpg,481,42.128542,1779148512.432461,8.0,-152.0,138.0,0.0,0.0,2940,1912,0.974257,0.82,0.0,0.0,pix
real_001_s001_2026-05-19_01-54-30-302,001,001,1,043,043.jpg,482,42.145208,1779148512.449128,8.016667,-152.0,138.0,0.0,0.0,2940,1912,0.974257,0.82,0.0,0.0,pix
real_001_s001_2026-05-19_01-54-30-302,001,001,1,043,043.jpg,483,42.161875,1779148512.465794,8.033333,-152.0,138.0,0.0,0.0,2940,1912,0.974257,0.82,0.0,0.0,pix
real_001_s001_2026-05-19_01-54-30-302,001,001,1,043,043.jpg,484,42.178542,1779148512.482461,8.05,-152.0,138.0,0.0,0.0,2940,1912,0.974257,0.82,0.0,0.0,pix
real_001_s001_2026-05-19_01-54-30-302,001,001,1,043,043.jpg,485,42.195208,1779148512.499128,8.066667,-152.0,138.0,0.0,0.0,2940,1912,0.974257,0.82,0.0,0.0,pix
real_001_s001_2026-05-19_01-54-30-302,001,001,1,043,043.jpg,486,42.211875,1779148512.515794,8.083333,-152.0,138.0,0.0,0.0,2940,1912,0.974257,0.82,0.0,0.0,pix
real_001_s001_2026-05-19_01-54-30-302,001,001,1,043,043.jpg,487,42.228542,1779148512.532461,8.1,-152.0,138.0,0.0,0.0,2940,1912,0.974257,0.82,0.0,0.0,pix
real_001_s001_2026-05-19_01-54-30-302,001,001,1,043,043.jpg,488,42.245208,1779148512.549128,8.116667,-152.0,138.0,0.0,0.0,2940,1912,0.974257,0.82,0.0,0.0,pix
real_001_s001_2026-05-19_01-54-30-302,001,001,1,043,043.jpg,489,42.261875,1779148512.565794,8.133333,-152.0,138.0,0.0,0.0,2940,1912,0.974257,0.82,0.0,0.0,pix
real_001_s001_2026-05-19_01-54-30-302,001,001,1,043,043.jpg,490,42.278542,1779148512.582461,8.15,-152.0,138.0,0.0,0.0,2940,1912,0.974257,0.82,0.0,0.0,pix
real_001_s001_2026-05-19_01-54-30-302,001,001,1,043,043.jpg,491,42.295208,1779148512.599128,8.166667,-152.0,138.0,0.0,0.0,2940,1912,0.974257,0.82,0.0,0.0,pix
real_001_s001_2026-05-19_01-54-30-302,001,001,1,043,043.jpg,492,42.311875,1779148512.615794,8.183333,-152.0,138.0,0.0,0.0,2940,1912,0.974257,0.82,0.0,0.0,pix
real_001_s001_2026-05-19_01-54-30-302,001,001,1,043,043.jpg,493,42.328542,1779148512.632461,8.2,-152.0,138.0,0.0,0.0,2940,1912,0.974257,0.82,0.0,0.0,pix
real_001_s001_2026-05-19_01-54-30-302,001,001,1,043,043.jpg,494,42.345208,1779148512.649128,8.216667,-152.0,138.0,0.0,0.0,2940,1912,0.974257,0.82,0.0,0.0,pix
real_001_s001_2026-05-19_01-54-30-302,001,001,1,043,043.jpg,495,42.361875,1779148512.665794,8.233333,-152.0,138.0,0.0,0.0,2940,1912,0.974257,0.82,0.0,0.0,pix
real_001_s001_2026-05-19_01-54-30-302,001,001,1,043,043.jpg,496,42.378542,1779148512.682461,8.25,-152.159,138.0,0.159,0.159,2940,1912,0.974257,0.82,0.0,0.0,pix
real_001_s001_2026-05-19_01-54-30-302,001,001,1,043,043.jpg,497,42.395208,1779148512.699128,8.266667,-162.554,138.0,10.395,10.554,2940,1912,0.974257,0.82,0.0,0.0,pix
real_001_s001_2026-05-19_01-54-30-302,001,001,1,043,043.jpg,498,42.411875,1779148512.715794,8.283333,-198.474,138.053,35.92,46.474,2940,1912,0.974257,0.82,0.0,0.0,pix
real_001_s001_2026-05-19_01-54-30-302,001,001,1,043,043.jpg,499,42.428542,1779148512.732461,8.3,-235.254,142.0,36.991,83.465,2940,1912,0.974257,0.82,0.0,0.0,pix
real_001_s001_2026-05-19_01-54-30-302,001,001,1,043,043.jpg,500,42.445208,1779148512.749128,8.316667,-320.789,142.0,85.535,169.0,2940,1912,0.974257,0.82,0.0,0.0,pix
real_001_s001_2026-05-19_01-54-30-302,001,001,1,043,043.jpg,501,42.461875,1779148512.765794,8.333333,-385.025,141.94,64.237,233.237,2940,1912,0.974257,0.82,0.0,0.0,pix
real_001_s001_2026-05-19_01-54-30-302,001,001,1,043,043.jpg,502,42.478542,1779148512.782461,8.35,-452.455,137.92,67.549,300.786,2940,1912,0.974257,0.82,0.0,0.0,pix
real_001_s001_2026-05-19_01-54-30-302,001,001,1,043,043.jpg,503,42.495208,1779148512.799128,8.366667,-486.63,131.906,34.7,335.486,2940,1912,0.974257,0.82,0.0,0.0,pix
real_001_s001_2026-05-19_01-54-30-302,001,001,1,043,043.jpg,504,42.511875,1779148512.815794,8.383333,-526.292,126.0,40.099,375.585,2940,1912,0.974257,0.82,0.0,0.0,pix
real_001_s001_2026-05-19_01-54-30-302,001,001,1,043,043.jpg,505,42.528542,1779148512.832461,8.4,-550.551,126.0,24.259,399.844,2940,1912,0.974257,0.82,0.0,0.0,pix
real_001_s001_2026-05-19_01-54-30-302,001,001,1,043,043.jpg,506,42.545208,1779148512.849128,8.416667,-578.073,126.0,27.522,427.366,2940,1912,0.974257,0.82,0.0,0.0,pix
real_001_s001_2026-05-19_01-54-30-302,001,001,1,043,043.jpg,507,42.561875,1779148512.865794,8.433333,-592.061,126.0,13.988,441.354,2940,1912,0.974257,0.82,0.0,0.0,pix
real_001_s001_2026-05-19_01-54-30-302,001,001,1,043,043.jpg,508,42.578542,1779148512.882461,8.45,-596.088,126.117,4.029,445.383,2940,1912,0.974257,0.82,0.0,0.0,pix
real_001_s001_2026-05-19_01-54-30-302,001,001,1,043,043.jpg,509,42.595208,1779148512.899128,8.466667,-602.0,134.0,9.853,455.237,2940,1912,0.974257,0.82,0.0,0.0,pix
real_001_s001_2026-05-19_01-54-30-302,001,001,1,043,043.jpg,510,42.611875,1779148512.915794,8.483333,-602.0,134.0,0.0,455.237,2940,1912,0.974257,0.82,0.0,0.0,pix
real_001_s001_2026-05-19_01-54-30-302,001,001,1,043,043.jpg,511,42.628542,1779148512.932461,8.5,-602.0,134.0,0.0,455.237,2940,1912,0.974257,0.82,0.0,0.0,pix
real_001_s001_2026-05-19_01-54-30-302,001,001,1,043,043.jpg,512,42.645208,1779148512.949128,8.516667,-602.0,134.0,0.0,455.237,2940,1912,0.974257,0.82,0.0,0.0,pix
real_001_s001_2026-05-19_01-54-30-302,001,001,1,043,043.jpg,513,42.661875,1779148512.965794,8.533333,-602.0,134.0,0.0,455.237,2940,1912,0.974257,0.82,0.0,0.0,pix
real_001_s001_2026-05-19_01-54-30-302,001,001,1,043,043.jpg,514,42.678542,1779148512.982461,8.55,-602.0,134.0,0.0,455.237,2940,1912,0.974257,0.82,0.0,0.0,pix
real_001_s001_2026-05-19_01-54-30-302,001,001,1,043,043.jpg,515,42.695208,1779148512.999128,8.566667,-602.0,134.0,0.0,455.237,2940,1912,0.974257,0.82,0.0,0.0,pix
real_001_s001_2026-05-19_01-54-30-302,001,001,1,043,043.jpg,516,42.711875,1779148513.015794,8.583333,-602.0,134.0,0.0,455.237,2940,1912,0.974257,0.82,0.0,0.0,pix
real_001_s001_2026-05-19_01-54-30-302,001,001,1,043,043.jpg,517,42.728542,1779148513.032461,8.6,-602.0,134.0,0.0,455.237,2940,1912,0.974257,0.82,0.0,0.0,pix
real_001_s001_2026-05-19_01-54-30-302,001,001,1,043,043.jpg,518,42.745208,1779148513.049128,8.616667,-602.0,134.0,0.0,455.237,2940,1912,0.974257,0.82,0.0,0.0,pix
real_001_s001_2026-05-19_01-54-30-302,001,001,1,043,043.jpg,519,42.761875,1779148513.065794,8.633333,-602.0,134.0,0.0,455.237,2940,1912,0.974257,0.82,0.0,0.0,pix
real_001_s001_2026-05-19_01-54-30-302,001,001,1,043,043.jpg,520,42.778542,1779148513.082461,8.65,-602.0,134.0,0.0,455.237,2940,1912,0.974257,0.82,0.0,0.0,pix
real_001_s001_2026-05-19_01-54-30-302,001,001,1,043,043.jpg,521,42.795208,1779148513.099128,8.666667,-602.0,134.0,0.0,455.237,2940,1912,0.974257,0.82,0.0,0.0,pix
real_001_s001_2026-05-19_01-54-30-302,001,001,1,043,043.jpg,522,42.811875,1779148513.115794,8.683333,-602.0,134.0,0.0,455.237,2940,1912,0.974257,0.82,0.0,0.0,pix
real_001_s001_2026-05-19_01-54-30-302,001,001,1,043,043.jpg,523,42.828542,1779148513.132461,8.7,-602.0,134.0,0.0,455.237,2940,1912,0.974257,0.82,0.0,0.0,pix
real_001_s001_2026-05-19_01-54-30-302,001,001,1,043,043.jpg,524,42.845208,1779148513.149128,8.716667,-602.0,134.0,0.0,455.237,2940,1912,0.974257,0.82,0.0,0.0,pix
real_001_s001_2026-05-19_01-54-30-302,001,001,1,043,043.jpg,525,42.861875,1779148513.165794,8.733333,-602.0,134.0,0.0,455.237,2940,1912,0.974257,0.82,0.0,0.0,pix
real_001_s001_2026-05-19_01-54-30-302,001,001,1,043,043.jpg,526,42.878542,1779148513.182461,8.75,-602.0,134.0,0.0,455.237,2940,1912,0.974257,0.82,0.0,0.0,pix
real_001_s001_2026-05-19_01-54-30-302,001,001,1,043,043.jpg,527,42.895208,1779148513.199128,8.766667,-602.0,134.0,0.0,455.237,2940,1912,0.974257,0.82,0.0,0.0,pix
real_001_s001_2026-05-19_01-54-30-302,001,001,1,043,043.jpg,528,42.911875,1779148513.215794,8.783333,-602.0,134.0,0.0,455.237,2940,1912,0.974257,0.82,0.0,0.0,pix
real_001_s001_2026-05-19_01-54-30-302,001,001,1,043,043.jpg,529,42.928542,1779148513.232461,8.8,-602.0,134.0,0.0,455.237,2940,1912,0.974257,0.82,0.0,0.0,pix
real_001_s001_2026-05-19_01-54-30-302,001,001,1,043,043.jpg,530,42.945208,1779148513.249128,8.816667,-602.0,134.0,0.0,455.237,2940,1912,0.974257,0.82,0.0,0.0,pix
real_001_s001_2026-05-19_01-54-30-302,001,001,1,043,043.jpg,531,42.961875,1779148513.265794,8.833333,-602.0,134.0,0.0,455.237,2940,1912,0.974257,0.82,0.0,0.0,pix
real_001_s001_2026-05-19_01-54-30-302,001,001,1,043,043.jpg,532,42.978542,1779148513.282461,8.85,-602.0,134.0,0.0,455.237,2940,1912,0.974257,0.82,0.0,0.0,pix
real_001_s001_2026-05-19_01-54-30-302,001,001,1,043,043.jpg,533,42.995208,1779148513.299128,8.866667,-602.0,134.0,0.0,455.237,2940,1912,0.974257,0.82,0.0,0.0,pix
real_001_s001_2026-05-19_01-54-30-302,001,001,1,043,043.jpg,534,43.011875,1779148513.315794,8.883333,-602.0,134.0,0.0,455.237,2940,1912,0.974257,0.82,0.0,0.0,pix
real_001_s001_2026-05-19_01-54-30-302,001,001,1,043,043.jpg,535,43.028542,1779148513.332461,8.9,-602.0,134.0,0.0,455.237,2940,1912,0.974257,0.82,0.0,0.0,pix
real_001_s001_2026-05-19_01-54-30-302,001,001,1,043,043.jpg,536,43.045208,1779148513.349128,8.916667,-602.0,134.0,0.0,455.237,2940,1912,0.974257,0.82,0.0,0.0,pix
real_001_s001_2026-05-19_01-54-30-302,001,001,1,043,043.jpg,537,43.061875,1779148513.365794,8.933333,-602.0,134.0,0.0,455.237,2940,1912,0.974257,0.82,0.0,0.0,pix
real_001_s001_2026-05-19_01-54-30-302,001,001,1,043,043.jpg,538,43.078542,1779148513.382461,8.95,-602.0,134.0,0.0,455.237,2940,1912,0.974257,0.82,0.0,0.0,pix
real_001_s001_2026-05-19_01-54-30-302,001,001,1,043,043.jpg,539,43.095208,1779148513.399128,8.966667,-602.0,134.0,0.0,455.237,2940,1912,0.974257,0.82,0.0,0.0,pix
real_001_s001_2026-05-19_01-54-30-302,001,001,1,043,043.jpg,540,43.111875,1779148513.415794,8.983333,-602.0,134.0,0.0,455.237,2940,1912,0.974257,0.82,0.0,0.0,pix
real_001_s001_2026-05-19_01-54-30-302,001,001,1,043,043.jpg,541,43.128542,1779148513.432461,9.0,-602.0,134.0,0.0,455.237,2940,1912,0.974257,0.82,0.0,0.0,pix
real_001_s001_2026-05-19_01-54-30-302,001,001,1,043,043.jpg,542,43.145208,1779148513.449128,9.016667,-602.0,134.0,0.0,455.237,2940,1912,0.974257,0.82,0.0,0.0,pix
real_001_s001_2026-05-19_01-54-30-302,001,001,1,043,043.jpg,543,43.161875,1779148513.465794,9.033333,-602.0,134.0,0.0,455.237,2940,1912,0.974257,0.82,0.0,0.0,pix
real_001_s001_2026-05-19_01-54-30-302,001,001,1,043,043.jpg,544,43.178542,1779148513.482461,9.05,-602.0,134.0,0.0,455.237,2940,1912,0.974257,0.82,0.0,0.0,pix
real_001_s001_2026-05-19_01-54-30-302,001,001,1,043,043.jpg,545,43.195208,1779148513.499128,9.066667,-602.0,134.0,0.0,455.237,2940,1912,0.974257,0.82,0.0,0.0,pix
real_001_s001_2026-05-19_01-54-30-302,001,001,1,043,043.jpg,546,43.211875,1779148513.515794,9.083333,-602.0,134.0,0.0,455.237,2940,1912,0.974257,0.82,0.0,0.0,pix
real_001_s001_2026-05-19_01-54-30-302,001,001,1,043,043.jpg,547,43.228542,1779148513.532461,9.1,-602.0,134.0,0.0,455.237,2940,1912,0.974257,0.82,0.0,0.0,pix
real_001_s001_2026-05-19_01-54-30-302,001,001,1,043,043.jpg,548,43.245208,1779148513.549128,9.116667,-602.0,134.0,0.0,455.237,2940,1912,0.974257,0.82,0.0,0.0,pix
real_001_s001_2026-05-19_01-54-30-302,001,001,1,043,043.jpg,549,43.261875,1779148513.565794,9.133333,-602.0,134.0,0.0,455.237,2940,1912,0.974257,0.82,0.0,0.0,pix
real_001_s001_2026-05-19_01-54-30-302,001,001,1,043,043.jpg,550,43.278542,1779148513.582461,9.15,-602.0,134.0,0.0,455.237,2940,1912,0.974257,0.82,0.0,0.0,pix
real_001_s001_2026-05-19_01-54-30-302,001,001,1,043,043.jpg,551,43.295208,1779148513.599128,9.166667,-602.0,134.0,0.0,455.237,2940,1912,0.974257,0.82,0.0,0.0,pix
real_001_s001_2026-05-19_01-54-30-302,001,001,1,043,043.jpg,552,43.311875,1779148513.615794,9.183333,-602.0,134.0,0.0,455.237,2940,1912,0.974257,0.82,0.0,0.0,pix
real_001_s001_2026-05-19_01-54-30-302,001,001,1,043,043.jpg,553,43.328542,1779148513.632461,9.2,-602.0,134.0,0.0,455.237,2940,1912,0.974257,0.82,0.0,0.0,pix
real_001_s001_2026-05-19_01-54-30-302,001,001,1,043,043.jpg,554,43.345208,1779148513.649128,9.216667,-602.0,134.0,0.0,455.237,2940,1912,0.974257,0.82,0.0,0.0,pix
real_001_s001_2026-05-19_01-54-30-302,001,001,1,043,043.jpg,555,43.361875,1779148513.665794,9.233333,-602.0,134.0,0.0,455.237,2940,1912,0.974257,0.82,0.0,0.0,pix
real_001_s001_2026-05-19_01-54-30-302,001,001,1,043,043.jpg,556,43.378542,1779148513.682461,9.25,-602.0,134.0,0.0,455.237,2940,1912,0.974257,0.82,0.0,0.0,pix
real_001_s001_2026-05-19_01-54-30-302,001,001,1,043,043.jpg,557,43.395208,1779148513.699128,9.266667,-602.0,134.0,0.0,455.237,2940,1912,0.974257,0.82,0.0,0.0,pix
real_001_s001_2026-05-19_01-54-30-302,001,001,1,043,043.jpg,558,43.411875,1779148513.715794,9.283333,-602.0,134.0,0.0,455.237,2940,1912,0.974257,0.82,0.0,0.0,pix
real_001_s001_2026-05-19_01-54-30-302,001,001,1,043,043.jpg,559,43.428542,1779148513.732461,9.3,-602.0,134.0,0.0,455.237,2940,1912,0.974257,0.82,0.0,0.0,pix
real_001_s001_2026-05-19_01-54-30-302,001,001,1,043,043.jpg,560,43.445208,1779148513.749128,9.316667,-602.0,134.0,0.0,455.237,2940,1912,0.974257,0.82,0.0,0.0,pix
real_001_s001_2026-05-19_01-54-30-302,001,001,1,043,043.jpg,561,43.461875,1779148513.765794,9.333333,-602.0,134.0,0.0,455.237,2940,1912,0.974257,0.82,0.0,0.0,pix
real_001_s001_2026-05-19_01-54-30-302,001,001,1,043,043.jpg,562,43.478542,1779148513.782461,9.35,-602.0,134.0,0.0,455.237,2940,1912,0.974257,0.82,0.0,0.0,pix
real_001_s001_2026-05-19_01-54-30-302,001,001,1,043,043.jpg,563,43.495208,1779148513.799128,9.366667,-602.0,134.0,0.0,455.237,2940,1912,0.974257,0.82,0.0,0.0,pix
real_001_s001_2026-05-19_01-54-30-302,001,001,1,043,043.jpg,564,43.511875,1779148513.815794,9.383333,-602.0,134.0,0.0,455.237,2940,1912,0.974257,0.82,0.0,0.0,pix
real_001_s001_2026-05-19_01-54-30-302,001,001,1,043,043.jpg,565,43.528542,1779148513.832461,9.4,-602.0,134.0,0.0,455.237,2940,1912,0.974257,0.82,0.0,0.0,pix
real_001_s001_2026-05-19_01-54-30-302,001,001,1,043,043.jpg,566,43.545208,1779148513.849128,9.416667,-602.0,134.0,0.0,455.237,2940,1912,0.974257,0.82,0.0,0.0,pix
real_001_s001_2026-05-19_01-54-30-302,001,001,1,043,043.jpg,567,43.561875,1779148513.865794,9.433333,-602.0,134.0,0.0,455.237,2940,1912,0.974257,0.82,0.0,0.0,pix
real_001_s001_2026-05-19_01-54-30-302,001,001,1,043,043.jpg,568,43.578542,1779148513.882461,9.45,-602.0,134.0,0.0,455.237,2940,1912,0.974257,0.82,0.0,0.0,pix
real_001_s001_2026-05-19_01-54-30-302,001,001,1,043,043.jpg,569,43.595208,1779148513.899128,9.466667,-602.0,134.0,0.0,455.237,2940,1912,0.974257,0.82,0.0,0.0,pix
real_001_s001_2026-05-19_01-54-30-302,001,001,1,043,043.jpg,570,43.611875,1779148513.915794,9.483333,-602.0,134.0,0.0,455.237,2940,1912,0.974257,0.82,0.0,0.0,pix
real_001_s001_2026-05-19_01-54-30-302,001,001,1,043,043.jpg,571,43.628542,1779148513.932461,9.5,-602.0,134.0,0.0,455.237,2940,1912,0.974257,0.82,0.0,0.0,pix
real_001_s001_2026-05-19_01-54-30-302,001,001,1,043,043.jpg,572,43.645208,1779148513.949128,9.516667,-602.0,134.0,0.0,455.237,2940,1912,0.974257,0.82,0.0,0.0,pix
real_001_s001_2026-05-19_01-54-30-302,001,001,1,043,043.jpg,573,43.661875,1779148513.965794,9.533333,-602.0,134.0,0.0,455.237,2940,1912,0.974257,0.82,0.0,0.0,pix
real_001_s001_2026-05-19_01-54-30-302,001,001,1,043,043.jpg,574,43.678542,1779148513.982461,9.55,-602.0,134.0,0.0,455.237,2940,1912,0.974257,0.82,0.0,0.0,pix
real_001_s001_2026-05-19_01-54-30-302,001,001,1,043,043.jpg,575,43.695208,1779148513.999128,9.566667,-602.0,134.0,0.0,455.237,2940,1912,0.974257,0.82,0.0,0.0,pix
real_001_s001_2026-05-19_01-54-30-302,001,001,1,043,043.jpg,576,43.711875,1779148514.015794,9.583333,-602.0,134.0,0.0,455.237,2940,1912,0.974257,0.82,0.0,0.0,pix
real_001_s001_2026-05-19_01-54-30-302,001,001,1,043,043.jpg,577,43.728542,1779148514.032461,9.6,-602.0,134.0,0.0,455.237,2940,1912,0.974257,0.82,0.0,0.0,pix
real_001_s001_2026-05-19_01-54-30-302,001,001,1,043,043.jpg,578,43.745208,1779148514.049128,9.616667,-602.0,134.0,0.0,455.237,2940,1912,0.974257,0.82,0.0,0.0,pix
real_001_s001_2026-05-19_01-54-30-302,001,001,1,043,043.jpg,579,43.761875,1779148514.065794,9.633333,-602.0,134.0,0.0,455.237,2940,1912,0.974257,0.82,0.0,0.0,pix
real_001_s001_2026-05-19_01-54-30-302,001,001,1,043,043.jpg,580,43.778542,1779148514.082461,9.65,-602.0,134.0,0.0,455.237,2940,1912,0.974257,0.82,0.0,0.0,pix
real_001_s001_2026-05-19_01-54-30-302,001,001,1,043,043.jpg,581,43.795208,1779148514.099128,9.666667,-602.0,134.0,0.0,455.237,2940,1912,0.974257,0.82,0.0,0.0,pix
real_001_s001_2026-05-19_01-54-30-302,001,001,1,043,043.jpg,582,43.811875,1779148514.115794,9.683333,-602.0,134.0,0.0,455.237,2940,1912,0.974257,0.82,0.0,0.0,pix
real_001_s001_2026-05-19_01-54-30-302,001,001,1,043,043.jpg,583,43.828542,1779148514.132461,9.7,-602.0,134.0,0.0,455.237,2940,1912,0.974257,0.82,0.0,0.0,pix
real_001_s001_2026-05-19_01-54-30-302,001,001,1,043,043.jpg,584,43.845208,1779148514.149128,9.716667,-602.0,134.0,0.0,455.237,2940,1912,0.974257,0.82,0.0,0.0,pix
real_001_s001_2026-05-19_01-54-30-302,001,001,1,043,043.jpg,585,43.861875,1779148514.165794,9.733333,-602.0,134.0,0.0,455.237,2940,1912,0.974257,0.82,0.0,0.0,pix
real_001_s001_2026-05-19_01-54-30-302,001,001,1,043,043.jpg,586,43.878542,1779148514.182461,9.75,-602.0,134.0,0.0,455.237,2940,1912,0.974257,0.82,0.0,0.0,pix
real_001_s001_2026-05-19_01-54-30-302,001,001,1,043,043.jpg,587,43.895208,1779148514.199128,9.766667,-602.0,134.0,0.0,455.237,2940,1912,0.974257,0.82,0.0,0.0,pix
real_001_s001_2026-05-19_01-54-30-302,001,001,1,043,043.jpg,588,43.911875,1779148514.215794,9.783333,-602.0,134.0,0.0,455.237,2940,1912,0.974257,0.82,0.0,0.0,pix
real_001_s001_2026-05-19_01-54-30-302,001,001,1,043,043.jpg,589,43.928542,1779148514.232461,9.8,-602.0,134.0,0.0,455.237,2940,1912,0.974257,0.82,0.0,0.0,pix
real_001_s001_2026-05-19_01-54-30-302,001,001,1,043,043.jpg,590,43.945208,1779148514.249128,9.816667,-602.0,134.0,0.0,455.237,2940,1912,0.974257,0.82,0.0,0.0,pix
real_001_s001_2026-05-19_01-54-30-302,001,001,1,043,043.jpg,591,43.961875,1779148514.265794,9.833333,-602.0,134.0,0.0,455.237,2940,1912,0.974257,0.82,0.0,0.0,pix
real_001_s001_2026-05-19_01-54-30-302,001,001,1,043,043.jpg,592,43.978542,1779148514.282461,9.85,-602.0,134.0,0.0,455.237,2940,1912,0.974257,0.82,0.0,0.0,pix
real_001_s001_2026-05-19_01-54-30-302,001,001,1,043,043.jpg,593,43.995208,1779148514.299128,9.866667,-602.0,134.0,0.0,455.237,2940,1912,0.974257,0.82,0.0,0.0,pix
real_001_s001_2026-05-19_01-54-30-302,001,001,1,043,043.jpg,594,44.011875,1779148514.315794,9.883333,-602.0,134.0,0.0,455.237,2940,1912,0.974257,0.82,0.0,0.0,pix
real_001_s001_2026-05-19_01-54-30-302,001,001,1,043,043.jpg,595,44.028542,1779148514.332461,9.9,-602.0,134.0,0.0,455.237,2940,1912,0.974257,0.82,0.0,0.0,pix
real_001_s001_2026-05-19_01-54-30-302,001,001,1,043,043.jpg,596,44.045208,1779148514.349128,9.916667,-602.0,134.0,0.0,455.237,2940,1912,0.974257,0.82,0.0,0.0,pix
real_001_s001_2026-05-19_01-54-30-302,001,001,1,043,043.jpg,597,44.061875,1779148514.365794,9.933333,-602.0,134.0,0.0,455.237,2940,1912,0.974257,0.82,0.0,0.0,pix
real_001_s001_2026-05-19_01-54-30-302,001,001,1,043,043.jpg,598,44.078542,1779148514.382461,9.95,-602.0,134.0,0.0,455.237,2940,1912,0.974257,0.82,0.0,0.0,pix
real_001_s001_2026-05-19_01-54-30-302,001,001,1,043,043.jpg,599,44.095208,1779148514.399128,9.966667,-602.0,134.0,0.0,455.237,2940,1912,0.974257,0.82,0.0,0.0,pix
real_001_s001_2026-05-19_01-54-30-302,001,001,1,043,043.jpg,600,44.111875,1779148514.415794,9.983333,-602.0,134.0,0.0,455.237,2940,1912,0.974257,0.82,0.0,0.0,pix
real_001_s001_2026-05-19_01-54-30-302,001,001,1,043,043.jpg,601,44.128542,1779148514.432461,10.0,-602.0,134.0,0.0,455.237,2940,1912,0.974257,0.82,0.0,0.0,pix
real_001_s001_2026-05-19_01-54-30-302,001,001,1,043,043.jpg,602,44.145208,1779148514.449128,10.016667,-602.0,134.0,0.0,455.237,2940,1912,0.974257,0.82,0.0,0.0,pix
real_001_s001_2026-05-19_01-54-30-302,001,001,1,043,043.jpg,603,44.161875,1779148514.465794,10.033333,-602.0,134.0,0.0,455.237,2940,1912,0.974257,0.82,0.0,0.0,pix
real_001_s001_2026-05-19_01-54-30-302,001,001,1,043,043.jpg,604,44.178542,1779148514.482461,10.05,-602.0,134.0,0.0,455.237,2940,1912,0.974257,0.82,0.0,0.0,pix
real_001_s001_2026-05-19_01-54-30-302,001,001,1,043,043.jpg,605,44.195208,1779148514.499128,10.066667,-602.0,134.0,0.0,455.237,2940,1912,0.974257,0.82,0.0,0.0,pix
real_001_s001_2026-05-19_01-54-30-302,001,001,1,043,043.jpg,606,44.211875,1779148514.515794,10.083333,-602.0,134.0,0.0,455.237,2940,1912,0.974257,0.82,0.0,0.0,pix
real_001_s001_2026-05-19_01-54-30-302,001,001,1,043,043.jpg,607,44.228542,1779148514.532461,10.1,-602.0,134.0,0.0,455.237,2940,1912,0.974257,0.82,0.0,0.0,pix
real_001_s001_2026-05-19_01-54-30-302,001,001,1,043,043.jpg,608,44.245208,1779148514.549128,10.116667,-602.0,134.0,0.0,455.237,2940,1912,0.974257,0.82,0.0,0.0,pix
real_001_s001_2026-05-19_01-54-30-302,001,001,1,043,043.jpg,609,44.261875,1779148514.565794,10.133333,-602.0,134.0,0.0,455.237,2940,1912,0.974257,0.82,0.0,0.0,pix
real_001_s001_2026-05-19_01-54-30-302,001,001,1,043,043.jpg,610,44.278542,1779148514.582461,10.15,-602.0,134.0,0.0,455.237,2940,1912,0.974257,0.82,0.0,0.0,pix
real_001_s001_2026-05-19_01-54-30-302,001,001,1,043,043.jpg,611,44.295208,1779148514.599128,10.166667,-602.0,134.0,0.0,455.237,2940,1912,0.974257,0.82,0.0,0.0,pix
real_001_s001_2026-05-19_01-54-30-302,001,001,1,043,043.jpg,612,44.311875,1779148514.615794,10.183333,-602.0,134.0,0.0,455.237,2940,1912,0.974257,0.82,0.0,0.0,pix
real_001_s001_2026-05-19_01-54-30-302,001,001,1,043,043.jpg,613,44.328542,1779148514.632461,10.2,-602.0,134.0,0.0,455.237,2940,1912,0.974257,0.82,0.0,0.0,pix
real_001_s001_2026-05-19_01-54-30-302,001,001,1,043,043.jpg,614,44.345208,1779148514.649128,10.216667,-602.0,134.0,0.0,455.237,2940,1912,0.974257,0.82,0.0,0.0,pix
real_001_s001_2026-05-19_01-54-30-302,001,001,1,043,043.jpg,615,44.361875,1779148514.665794,10.233333,-602.0,134.0,0.0,455.237,2940,1912,0.974257,0.82,0.0,0.0,pix
real_001_s001_2026-05-19_01-54-30-302,001,001,1,043,043.jpg,616,44.378542,1779148514.682461,10.25,-602.0,134.0,0.0,455.237,2940,1912,0.974257,0.82,0.0,0.0,pix
real_001_s001_2026-05-19_01-54-30-302,001,001,1,043,043.jpg,617,44.395208,1779148514.699128,10.266667,-602.0,134.0,0.0,455.237,2940,1912,0.974257,0.82,0.0,0.0,pix
real_001_s001_2026-05-19_01-54-30-302,001,001,1,043,043.jpg,618,44.411875,1779148514.715794,10.283333,-602.0,134.0,0.0,455.237,2940,1912,0.974257,0.82,0.0,0.0,pix
real_001_s001_2026-05-19_01-54-30-302,001,001,1,043,043.jpg,619,44.428542,1779148514.732461,10.3,-602.0,134.0,0.0,455.237,2940,1912,0.974257,0.82,0.0,0.0,pix
real_001_s001_2026-05-19_01-54-30-302,001,001,1,043,043.jpg,620,44.445208,1779148514.749128,10.316667,-602.0,134.0,0.0,455.237,2940,1912,0.974257,0.82,0.0,0.0,pix
real_001_s001_2026-05-19_01-54-30-302,001,001,1,043,043.jpg,621,44.461875,1779148514.765794,10.333333,-602.0,134.0,0.0,455.237,2940,1912,0.974257,0.82,0.0,0.0,pix
real_001_s001_2026-05-19_01-54-30-302,001,001,1,043,043.jpg,622,44.478542,1779148514.782461,10.35,-602.0,134.0,0.0,455.237,2940,1912,0.974257,0.82,0.0,0.0,pix
real_001_s001_2026-05-19_01-54-30-302,001,001,1,043,043.jpg,623,44.495208,1779148514.799128,10.366667,-602.0,134.0,0.0,455.237,2940,1912,0.974257,0.82,0.0,0.0,pix
real_001_s001_2026-05-19_01-54-30-302,001,001,1,043,043.jpg,624,44.511875,1779148514.815794,10.383333,-602.0,134.0,0.0,455.237,2940,1912,0.974257,0.82,0.0,0.0,pix
real_001_s001_2026-05-19_01-54-30-302,001,001,1,043,043.jpg,625,44.528542,1779148514.832461,10.4,-602.0,134.0,0.0,455.237,2940,1912,0.974257,0.82,0.0,0.0,pix
real_001_s001_2026-05-19_01-54-30-302,001,001,1,043,043.jpg,626,44.545208,1779148514.849128,10.416667,-602.0,134.0,0.0,455.237,2940,1912,0.974257,0.82,0.0,0.0,pix
real_001_s001_2026-05-19_01-54-30-302,001,001,1,043,043.jpg,627,44.561875,1779148514.865794,10.433333,-602.0,134.0,0.0,455.237,2940,1912,0.974257,0.82,0.0,0.0,pix
real_001_s001_2026-05-19_01-54-30-302,001,001,1,043,043.jpg,628,44.578542,1779148514.882461,10.45,-602.0,134.0,0.0,455.237,2940,1912,0.974257,0.82,0.0,0.0,pix
real_001_s001_2026-05-19_01-54-30-302,001,001,1,043,043.jpg,629,44.595208,1779148514.899128,10.466667,-602.0,134.0,0.0,455.237,2940,1912,0.974257,0.82,0.0,0.0,pix
real_001_s001_2026-05-19_01-54-30-302,001,001,1,043,043.jpg,630,44.611875,1779148514.915794,10.483333,-602.0,134.0,0.0,455.237,2940,1912,0.974257,0.82,0.0,0.0,pix
real_001_s001_2026-05-19_01-54-30-302,001,001,1,043,043.jpg,631,44.628542,1779148514.932461,10.5,-602.0,134.0,0.0,455.237,2940,1912,0.974257,0.82,0.0,0.0,pix
real_001_s001_2026-05-19_01-54-30-302,001,001,1,043,043.jpg,632,44.645208,1779148514.949128,10.516667,-602.0,134.0,0.0,455.237,2940,1912,0.974257,0.82,0.0,0.0,pix
real_001_s001_2026-05-19_01-54-30-302,001,001,1,043,043.jpg,633,44.661875,1779148514.965794,10.533333,-602.0,134.0,0.0,455.237,2940,1912,0.974257,0.82,0.0,0.0,pix
real_001_s001_2026-05-19_01-54-30-302,001,001,1,043,043.jpg,634,44.678542,1779148514.982461,10.55,-602.0,134.0,0.0,455.237,2940,1912,0.974257,0.82,0.0,0.0,pix
real_001_s001_2026-05-19_01-54-30-302,001,001,1,043,043.jpg,635,44.695208,1779148514.999128,10.566667,-602.0,134.0,0.0,455.237,2940,1912,0.974257,0.82,0.0,0.0,pix
real_001_s001_2026-05-19_01-54-30-302,001,001,1,043,043.jpg,636,44.711875,1779148515.015794,10.583333,-602.0,134.0,0.0,455.237,2940,1912,0.974257,0.82,0.0,0.0,pix
real_001_s001_2026-05-19_01-54-30-302,001,001,1,043,043.jpg,637,44.728542,1779148515.032461,10.6,-602.0,134.0,0.0,455.237,2940,1912,0.974257,0.82,0.0,0.0,pix
real_001_s001_2026-05-19_01-54-30-302,001,001,1,043,043.jpg,638,44.745208,1779148515.049128,10.616667,-602.0,134.0,0.0,455.237,2940,1912,0.974257,0.82,0.0,0.0,pix
real_001_s001_2026-05-19_01-54-30-302,001,001,1,043,043.jpg,639,44.761875,1779148515.065794,10.633333,-602.0,134.0,0.0,455.237,2940,1912,0.974257,0.82,0.0,0.0,pix
real_001_s001_2026-05-19_01-54-30-302,001,001,1,043,043.jpg,640,44.778542,1779148515.082461,10.65,-602.0,134.0,0.0,455.237,2940,1912,0.974257,0.82,0.0,0.0,pix
real_001_s001_2026-05-19_01-54-30-302,001,001,1,043,043.jpg,641,44.795208,1779148515.099128,10.666667,-602.0,134.0,0.0,455.237,2940,1912,0.974257,0.82,0.0,0.0,pix
real_001_s001_2026-05-19_01-54-30-302,001,001,1,043,043.jpg,642,44.811875,1779148515.115794,10.683333,-602.0,134.0,0.0,455.237,2940,1912,0.974257,0.82,0.0,0.0,pix
real_001_s001_2026-05-19_01-54-30-302,001,001,1,043,043.jpg,643,44.828542,1779148515.132461,10.7,-602.0,134.0,0.0,455.237,2940,1912,0.974257,0.82,0.0,0.0,pix
real_001_s001_2026-05-19_01-54-30-302,001,001,1,043,043.jpg,644,44.845208,1779148515.149128,10.716667,-602.0,134.0,0.0,455.237,2940,1912,0.974257,0.82,0.0,0.0,pix
real_001_s001_2026-05-19_01-54-30-302,001,001,1,043,043.jpg,645,44.861875,1779148515.165794,10.733333,-602.0,134.0,0.0,455.237,2940,1912,0.974257,0.82,0.0,0.0,pix
real_001_s001_2026-05-19_01-54-30-302,001,001,1,043,043.jpg,646,44.878542,1779148515.182461,10.75,-602.0,134.0,0.0,455.237,2940,1912,0.974257,0.82,0.0,0.0,pix
real_001_s001_2026-05-19_01-54-30-302,001,001,1,043,043.jpg,647,44.895208,1779148515.199128,10.766667,-602.0,134.0,0.0,455.237,2940,1912,0.974257,0.82,0.0,0.0,pix
real_001_s001_2026-05-19_01-54-30-302,001,001,1,043,043.jpg,648,44.911875,1779148515.215794,10.783333,-602.0,134.0,0.0,455.237,2940,1912,0.974257,0.82,0.0,0.0,pix
real_001_s001_2026-05-19_01-54-30-302,001,001,1,043,043.jpg,649,44.928542,1779148515.232461,10.8,-602.0,134.0,0.0,455.237,2940,1912,0.974257,0.82,0.0,0.0,pix
real_001_s001_2026-05-19_01-54-30-302,001,001,1,043,043.jpg,650,44.945208,1779148515.249128,10.816667,-602.0,134.0,0.0,455.237,2940,1912,0.974257,0.82,0.0,0.0,pix
real_001_s001_2026-05-19_01-54-30-302,001,001,1,043,043.jpg,651,44.961875,1779148515.265794,10.833333,-602.0,134.0,0.0,455.237,2940,1912,0.974257,0.82,0.0,0.0,pix
real_001_s001_2026-05-19_01-54-30-302,001,001,1,043,043.jpg,652,44.978542,1779148515.282461,10.85,-602.0,134.0,0.0,455.237,2940,1912,0.974257,0.82,0.0,0.0,pix
real_001_s001_2026-05-19_01-54-30-302,001,001,1,043,043.jpg,653,44.995208,1779148515.299128,10.866667,-602.0,134.0,0.0,455.237,2940,1912,0.974257,0.82,0.0,0.0,pix
real_001_s001_2026-05-19_01-54-30-302,001,001,1,043,043.jpg,654,45.011875,1779148515.315794,10.883333,-602.0,134.0,0.0,455.237,2940,1912,0.974257,0.82,0.0,0.0,pix
real_001_s001_2026-05-19_01-54-30-302,001,001,1,043,043.jpg,655,45.028542,1779148515.332461,10.9,-602.0,134.0,0.0,455.237,2940,1912,0.974257,0.82,0.0,0.0,pix
real_001_s001_2026-05-19_01-54-30-302,001,001,1,043,043.jpg,656,45.045208,1779148515.349128,10.916667,-602.0,134.0,0.0,455.237,2940,1912,0.974257,0.82,0.0,0.0,pix
real_001_s001_2026-05-19_01-54-30-302,001,001,1,043,043.jpg,657,45.061875,1779148515.365794,10.933333,-602.0,134.0,0.0,455.237,2940,1912,0.974257,0.82,0.0,0.0,pix
real_001_s001_2026-05-19_01-54-30-302,001,001,1,043,043.jpg,658,45.078542,1779148515.382461,10.95,-602.0,134.0,0.0,455.237,2940,1912,0.974257,0.82,0.0,0.0,pix
real_001_s001_2026-05-19_01-54-30-302,001,001,1,043,043.jpg,659,45.095208,1779148515.399128,10.966667,-602.0,134.0,0.0,455.237,2940,1912,0.974257,0.82,0.0,0.0,pix
real_001_s001_2026-05-19_01-54-30-302,001,001,1,043,043.jpg,660,45.111875,1779148515.415794,10.983333,-602.0,134.0,0.0,455.237,2940,1912,0.974257,0.82,0.0,0.0,pix
real_001_s001_2026-05-19_01-54-30-302,001,001,1,043,043.jpg,661,45.128542,1779148515.432461,11.0,-602.0,134.0,0.0,455.237,2940,1912,0.974257,0.82,0.0,0.0,pix
real_001_s001_2026-05-19_01-54-30-302,001,001,1,043,043.jpg,662,45.145208,1779148515.449128,11.016667,-602.0,134.0,0.0,455.237,2940,1912,0.974257,0.82,0.0,0.0,pix
real_001_s001_2026-05-19_01-54-30-302,001,001,1,043,043.jpg,663,45.161875,1779148515.465794,11.033333,-602.0,134.0,0.0,455.237,2940,1912,0.974257,0.82,0.0,0.0,pix
real_001_s001_2026-05-19_01-54-30-302,001,001,1,043,043.jpg,664,45.178542,1779148515.482461,11.05,-602.0,134.0,0.0,455.237,2940,1912,0.974257,0.82,0.0,0.0,pix
real_001_s001_2026-05-19_01-54-30-302,001,001,1,043,043.jpg,665,45.195208,1779148515.499128,11.066667,-602.0,134.0,0.0,455.237,2940,1912,0.974257,0.82,0.0,0.0,pix
real_001_s001_2026-05-19_01-54-30-302,001,001,1,043,043.jpg,666,45.211875,1779148515.515794,11.083333,-602.0,134.0,0.0,455.237,2940,1912,0.974257,0.82,0.0,0.0,pix
real_001_s001_2026-05-19_01-54-30-302,001,001,1,043,043.jpg,667,45.228542,1779148515.532461,11.1,-602.0,134.0,0.0,455.237,2940,1912,0.974257,0.82,0.0,0.0,pix
real_001_s001_2026-05-19_01-54-30-302,001,001,1,043,043.jpg,668,45.245208,1779148515.549128,11.116667,-602.0,134.0,0.0,455.237,2940,1912,0.974257,0.82,0.0,0.0,pix
real_001_s001_2026-05-19_01-54-30-302,001,001,1,043,043.jpg,669,45.261875,1779148515.565794,11.133333,-602.0,134.0,0.0,455.237,2940,1912,0.974257,0.82,0.0,0.0,pix
real_001_s001_2026-05-19_01-54-30-302,001,001,1,043,043.jpg,670,45.278542,1779148515.582461,11.15,-602.0,134.0,0.0,455.237,2940,1912,0.974257,0.82,0.0,0.0,pix
real_001_s001_2026-05-19_01-54-30-302,001,001,1,043,043.jpg,671,45.295208,1779148515.599128,11.166667,-602.0,134.0,0.0,455.237,2940,1912,0.974257,0.82,0.0,0.0,pix
real_001_s001_2026-05-19_01-54-30-302,001,001,1,043,043.jpg,672,45.311875,1779148515.615794,11.183333,-602.0,134.0,0.0,455.237,2940,1912,0.974257,0.82,0.0,0.0,pix
real_001_s001_2026-05-19_01-54-30-302,001,001,1,043,043.jpg,673,45.328542,1779148515.632461,11.2,-602.0,134.0,0.0,455.237,2940,1912,0.974257,0.82,0.0,0.0,pix
real_001_s001_2026-05-19_01-54-30-302,001,001,1,043,043.jpg,674,45.345208,1779148515.649128,11.216667,-602.0,134.0,0.0,455.237,2940,1912,0.974257,0.82,0.0,0.0,pix
real_001_s001_2026-05-19_01-54-30-302,001,001,1,043,043.jpg,675,45.361875,1779148515.665794,11.233333,-602.0,134.0,0.0,455.237,2940,1912,0.974257,0.82,0.0,0.0,pix
real_001_s001_2026-05-19_01-54-30-302,001,001,1,043,043.jpg,676,45.378542,1779148515.682461,11.25,-602.0,134.0,0.0,455.237,2940,1912,0.974257,0.82,0.0,0.0,pix
real_001_s001_2026-05-19_01-54-30-302,001,001,1,043,043.jpg,677,45.395208,1779148515.699128,11.266667,-602.0,134.0,0.0,455.237,2940,1912,0.974257,0.82,0.0,0.0,pix
real_001_s001_2026-05-19_01-54-30-302,001,001,1,043,043.jpg,678,45.411875,1779148515.715794,11.283333,-602.0,134.0,0.0,455.237,2940,1912,0.974257,0.82,0.0,0.0,pix
real_001_s001_2026-05-19_01-54-30-302,001,001,1,043,043.jpg,679,45.428542,1779148515.732461,11.3,-602.0,134.0,0.0,455.237,2940,1912,0.974257,0.82,0.0,0.0,pix
real_001_s001_2026-05-19_01-54-30-302,001,001,1,043,043.jpg,680,45.445208,1779148515.749128,11.316667,-602.0,134.0,0.0,455.237,2940,1912,0.974257,0.82,0.0,0.0,pix
real_001_s001_2026-05-19_01-54-30-302,001,001,1,043,043.jpg,681,45.461875,1779148515.765794,11.333333,-602.0,134.0,0.0,455.237,2940,1912,0.974257,0.82,0.0,0.0,pix
real_001_s001_2026-05-19_01-54-30-302,001,001,1,043,043.jpg,682,45.478542,1779148515.782461,11.35,-602.0,134.0,0.0,455.237,2940,1912,0.974257,0.82,0.0,0.0,pix
real_001_s001_2026-05-19_01-54-30-302,001,001,1,043,043.jpg,683,45.495208,1779148515.799128,11.366667,-602.0,134.0,0.0,455.237,2940,1912,0.974257,0.82,0.0,0.0,pix
real_001_s001_2026-05-19_01-54-30-302,001,001,1,043,043.jpg,684,45.511875,1779148515.815794,11.383333,-602.0,134.0,0.0,455.237,2940,1912,0.974257,0.82,0.0,0.0,pix
real_001_s001_2026-05-19_01-54-30-302,001,001,1,043,043.jpg,685,45.528542,1779148515.832461,11.4,-602.0,134.0,0.0,455.237,2940,1912,0.974257,0.82,0.0,0.0,pix
real_001_s001_2026-05-19_01-54-30-302,001,001,1,043,043.jpg,686,45.545208,1779148515.849128,11.416667,-602.0,134.0,0.0,455.237,2940,1912,0.974257,0.82,0.0,0.0,pix
real_001_s001_2026-05-19_01-54-30-302,001,001,1,043,043.jpg,687,45.561875,1779148515.865794,11.433333,-602.0,134.0,0.0,455.237,2940,1912,0.974257,0.82,0.0,0.0,pix
real_001_s001_2026-05-19_01-54-30-302,001,001,1,043,043.jpg,688,45.578542,1779148515.882461,11.45,-602.0,134.0,0.0,455.237,2940,1912,0.974257,0.82,0.0,0.0,pix
real_001_s001_2026-05-19_01-54-30-302,001,001,1,043,043.jpg,689,45.595208,1779148515.899128,11.466667,-602.0,134.0,0.0,455.237,2940,1912,0.974257,0.82,0.0,0.0,pix
real_001_s001_2026-05-19_01-54-30-302,001,001,1,043,043.jpg,690,45.611875,1779148515.915794,11.483333,-602.0,134.0,0.0,455.237,2940,1912,0.974257,0.82,0.0,0.0,pix
real_001_s001_2026-05-19_01-54-30-302,001,001,1,043,043.jpg,691,45.628542,1779148515.932461,11.5,-602.0,134.0,0.0,455.237,2940,1912,0.974257,0.82,0.0,0.0,pix
real_001_s001_2026-05-19_01-54-30-302,001,001,1,043,043.jpg,692,45.645208,1779148515.949128,11.516667,-602.0,134.0,0.0,455.237,2940,1912,0.974257,0.82,0.0,0.0,pix
real_001_s001_2026-05-19_01-54-30-302,001,001,1,043,043.jpg,693,45.661875,1779148515.965794,11.533333,-602.0,134.0,0.0,455.237,2940,1912,0.974257,0.82,0.0,0.0,pix
real_001_s001_2026-05-19_01-54-30-302,001,001,1,043,043.jpg,694,45.678542,1779148515.982461,11.55,-602.0,134.0,0.0,455.237,2940,1912,0.974257,0.82,0.0,0.0,pix
real_001_s001_2026-05-19_01-54-30-302,001,001,1,043,043.jpg,695,45.695208,1779148515.999128,11.566667,-602.0,134.0,0.0,455.237,2940,1912,0.974257,0.82,0.0,0.0,pix
real_001_s001_2026-05-19_01-54-30-302,001,001,1,043,043.jpg,696,45.711875,1779148516.015794,11.583333,-602.0,134.0,0.0,455.237,2940,1912,0.974257,0.82,0.0,0.0,pix
real_001_s001_2026-05-19_01-54-30-302,001,001,1,043,043.jpg,697,45.728542,1779148516.032461,11.6,-602.0,134.0,0.0,455.237,2940,1912,0.974257,0.82,0.0,0.0,pix
real_001_s001_2026-05-19_01-54-30-302,001,001,1,043,043.jpg,698,45.745208,1779148516.049128,11.616667,-602.0,134.0,0.0,455.237,2940,1912,0.974257,0.82,0.0,0.0,pix
real_001_s001_2026-05-19_01-54-30-302,001,001,1,043,043.jpg,699,45.761875,1779148516.065794,11.633333,-602.0,134.0,0.0,455.237,2940,1912,0.974257,0.82,0.0,0.0,pix
real_001_s001_2026-05-19_01-54-30-302,001,001,1,043,043.jpg,700,45.778542,1779148516.082461,11.65,-602.0,134.0,0.0,455.237,2940,1912,0.974257,0.82,0.0,0.0,pix
real_001_s001_2026-05-19_01-54-30-302,001,001,1,043,043.jpg,701,45.795208,1779148516.099128,11.666667,-602.0,134.0,0.0,455.237,2940,1912,0.974257,0.82,0.0,0.0,pix
real_001_s001_2026-05-19_01-54-30-302,001,001,1,043,043.jpg,702,45.811875,1779148516.115794,11.683333,-602.0,134.0,0.0,455.237,2940,1912,0.974257,0.82,0.0,0.0,pix
real_001_s001_2026-05-19_01-54-30-302,001,001,1,043,043.jpg,703,45.828542,1779148516.132461,11.7,-602.0,134.0,0.0,455.237,2940,1912,0.974257,0.82,0.0,0.0,pix
real_001_s001_2026-05-19_01-54-30-302,001,001,1,043,043.jpg,704,45.845208,1779148516.149128,11.716667,-602.0,134.0,0.0,455.237,2940,1912,0.974257,0.82,0.0,0.0,pix
real_001_s001_2026-05-19_01-54-30-302,001,001,1,043,043.jpg,705,45.861875,1779148516.165794,11.733333,-602.0,134.0,0.0,455.237,2940,1912,0.974257,0.82,0.0,0.0,pix
real_001_s001_2026-05-19_01-54-30-302,001,001,1,043,043.jpg,706,45.878542,1779148516.182461,11.75,-602.0,134.0,0.0,455.237,2940,1912,0.974257,0.82,0.0,0.0,pix
real_001_s001_2026-05-19_01-54-30-302,001,001,1,043,043.jpg,707,45.895208,1779148516.199128,11.766667,-602.0,134.0,0.0,455.237,2940,1912,0.974257,0.82,0.0,0.0,pix
real_001_s001_2026-05-19_01-54-30-302,001,001,1,043,043.jpg,708,45.911875,1779148516.215794,11.783333,-602.0,134.0,0.0,455.237,2940,1912,0.974257,0.82,0.0,0.0,pix
real_001_s001_2026-05-19_01-54-30-302,001,001,1,043,043.jpg,709,45.928542,1779148516.232461,11.8,-602.0,134.0,0.0,455.237,2940,1912,0.974257,0.82,0.0,0.0,pix
real_001_s001_2026-05-19_01-54-30-302,001,001,1,043,043.jpg,710,45.945208,1779148516.249128,11.816667,-602.0,134.0,0.0,455.237,2940,1912,0.974257,0.82,0.0,0.0,pix
real_001_s001_2026-05-19_01-54-30-302,001,001,1,043,043.jpg,711,45.961875,1779148516.265794,11.833333,-602.0,134.0,0.0,455.237,2940,1912,0.974257,0.82,0.0,0.0,pix
real_001_s001_2026-05-19_01-54-30-302,001,001,1,043,043.jpg,712,45.978542,1779148516.282461,11.85,-602.0,134.0,0.0,455.237,2940,1912,0.974257,0.82,0.0,0.0,pix
real_001_s001_2026-05-19_01-54-30-302,001,001,1,043,043.jpg,713,45.995208,1779148516.299128,11.866667,-602.0,134.0,0.0,455.237,2940,1912,0.974257,0.82,0.0,0.0,pix
real_001_s001_2026-05-19_01-54-30-302,001,001,1,043,043.jpg,714,46.011875,1779148516.315794,11.883333,-602.0,134.0,0.0,455.237,2940,1912,0.974257,0.82,0.0,0.0,pix
real_001_s001_2026-05-19_01-54-30-302,001,001,1,043,043.jpg,715,46.028542,1779148516.332461,11.9,-602.0,134.0,0.0,455.237,2940,1912,0.974257,0.82,0.0,0.0,pix
real_001_s001_2026-05-19_01-54-30-302,001,001,1,043,043.jpg,716,46.045208,1779148516.349128,11.916667,-602.0,134.0,0.0,455.237,2940,1912,0.974257,0.82,0.0,0.0,pix
real_001_s001_2026-05-19_01-54-30-302,001,001,1,043,043.jpg,717,46.061875,1779148516.365794,11.933333,-602.0,134.0,0.0,455.237,2940,1912,0.974257,0.82,0.0,0.0,pix
real_001_s001_2026-05-19_01-54-30-302,001,001,1,043,043.jpg,718,46.078542,1779148516.382461,11.95,-602.0,134.0,0.0,455.237,2940,1912,0.974257,0.82,0.0,0.0,pix
real_001_s001_2026-05-19_01-54-30-302,001,001,1,043,043.jpg,719,46.095208,1779148516.399128,11.966667,-602.0,134.0,0.0,455.237,2940,1912,0.974257,0.82,0.0,0.0,pix
real_001_s001_2026-05-19_01-54-30-302,001,001,1,043,043.jpg,720,46.111875,1779148516.415794,11.983333,-602.0,134.0,0.0,455.237,2940,1912,0.974257,0.82,0.0,0.0,pix
real_001_s001_2026-05-19_01-54-30-302,001,001,1,043,043.jpg,721,46.128542,1779148516.432461,12.0,-602.0,134.0,0.0,455.237,2940,1912,0.974257,0.82,0.0,0.0,pix
real_001_s001_2026-05-19_01-54-30-302,001,001,1,043,043.jpg,722,46.145208,1779148516.449128,12.016667,-602.0,134.0,0.0,455.237,2940,1912,0.974257,0.82,0.0,0.0,pix
real_001_s001_2026-05-19_01-54-30-302,001,001,1,043,043.jpg,723,46.161875,1779148516.465794,12.033333,-602.0,134.0,0.0,455.237,2940,1912,0.974257,0.82,0.0,0.0,pix
real_001_s001_2026-05-19_01-54-30-302,001,001,1,043,043.jpg,724,46.178542,1779148516.482461,12.05,-602.0,134.0,0.0,455.237,2940,1912,0.974257,0.82,0.0,0.0,pix
real_001_s001_2026-05-19_01-54-30-302,001,001,1,043,043.jpg,725,46.195208,1779148516.499128,12.066667,-602.0,134.0,0.0,455.237,2940,1912,0.974257,0.82,0.0,0.0,pix
real_001_s001_2026-05-19_01-54-30-302,001,001,1,043,043.jpg,726,46.211875,1779148516.515794,12.083333,-602.0,134.0,0.0,455.237,2940,1912,0.974257,0.82,0.0,0.0,pix
real_001_s001_2026-05-19_01-54-30-302,001,001,1,043,043.jpg,727,46.228542,1779148516.532461,12.1,-602.0,134.0,0.0,455.237,2940,1912,0.974257,0.82,0.0,0.0,pix
real_001_s001_2026-05-19_01-54-30-302,001,001,1,043,043.jpg,728,46.245208,1779148516.549128,12.116667,-602.0,134.0,0.0,455.237,2940,1912,0.974257,0.82,0.0,0.0,pix
real_001_s001_2026-05-19_01-54-30-302,001,001,1,043,043.jpg,729,46.261875,1779148516.565794,12.133333,-602.0,134.0,0.0,455.237,2940,1912,0.974257,0.82,0.0,0.0,pix
real_001_s001_2026-05-19_01-54-30-302,001,001,1,043,043.jpg,730,46.278542,1779148516.582461,12.15,-602.0,134.0,0.0,455.237,2940,1912,0.974257,0.82,0.0,0.0,pix
real_001_s001_2026-05-19_01-54-30-302,001,001,1,043,043.jpg,731,46.295208,1779148516.599128,12.166667,-602.0,134.0,0.0,455.237,2940,1912,0.974257,0.82,0.0,0.0,pix
real_001_s001_2026-05-19_01-54-30-302,001,001,1,043,043.jpg,732,46.311875,1779148516.615794,12.183333,-602.0,134.0,0.0,455.237,2940,1912,0.974257,0.82,0.0,0.0,pix
real_001_s001_2026-05-19_01-54-30-302,001,001,1,043,043.jpg,733,46.328542,1779148516.632461,12.2,-602.0,134.0,0.0,455.237,2940,1912,0.974257,0.82,0.0,0.0,pix
real_001_s001_2026-05-19_01-54-30-302,001,001,1,043,043.jpg,734,46.345208,1779148516.649128,12.216667,-602.0,134.0,0.0,455.237,2940,1912,0.974257,0.82,0.0,0.0,pix
real_001_s001_2026-05-19_01-54-30-302,001,001,1,043,043.jpg,735,46.361875,1779148516.665794,12.233333,-602.0,134.0,0.0,455.237,2940,1912,0.974257,0.82,0.0,0.0,pix
real_001_s001_2026-05-19_01-54-30-302,001,001,1,043,043.jpg,736,46.378542,1779148516.682461,12.25,-602.0,134.0,0.0,455.237,2940,1912,0.974257,0.82,0.0,0.0,pix
real_001_s001_2026-05-19_01-54-30-302,001,001,1,043,043.jpg,737,46.395208,1779148516.699128,12.266667,-602.0,134.0,0.0,455.237,2940,1912,0.974257,0.82,0.0,0.0,pix
real_001_s001_2026-05-19_01-54-30-302,001,001,1,043,043.jpg,738,46.411875,1779148516.715794,12.283333,-602.0,134.0,0.0,455.237,2940,1912,0.974257,0.82,0.0,0.0,pix
real_001_s001_2026-05-19_01-54-30-302,001,001,1,043,043.jpg,739,46.428542,1779148516.732461,12.3,-602.0,134.0,0.0,455.237,2940,1912,0.974257,0.82,0.0,0.0,pix
real_001_s001_2026-05-19_01-54-30-302,001,001,1,043,043.jpg,740,46.445208,1779148516.749128,12.316667,-602.0,134.0,0.0,455.237,2940,1912,0.974257,0.82,0.0,0.0,pix
real_001_s001_2026-05-19_01-54-30-302,001,001,1,043,043.jpg,741,46.461875,1779148516.765794,12.333333,-602.0,134.0,0.0,455.237,2940,1912,0.974257,0.82,0.0,0.0,pix
real_001_s001_2026-05-19_01-54-30-302,001,001,1,043,043.jpg,742,46.478542,1779148516.782461,12.35,-602.0,134.0,0.0,455.237,2940,1912,0.974257,0.82,0.0,0.0,pix
real_001_s001_2026-05-19_01-54-30-302,001,001,1,043,043.jpg,743,46.495208,1779148516.799128,12.366667,-602.0,134.0,0.0,455.237,2940,1912,0.974257,0.82,0.0,0.0,pix
real_001_s001_2026-05-19_01-54-30-302,001,001,1,043,043.jpg,744,46.511875,1779148516.815794,12.383333,-602.0,134.0,0.0,455.237,2940,1912,0.974257,0.82,0.0,0.0,pix
real_001_s001_2026-05-19_01-54-30-302,001,001,1,043,043.jpg,745,46.528542,1779148516.832461,12.4,-602.0,134.0,0.0,455.237,2940,1912,0.974257,0.82,0.0,0.0,pix
real_001_s001_2026-05-19_01-54-30-302,001,001,1,043,043.jpg,746,46.545208,1779148516.849128,12.416667,-602.0,134.0,0.0,455.237,2940,1912,0.974257,0.82,0.0,0.0,pix
real_001_s001_2026-05-19_01-54-30-302,001,001,1,043,043.jpg,747,46.561875,1779148516.865794,12.433333,-602.0,134.0,0.0,455.237,2940,1912,0.974257,0.82,0.0,0.0,pix
real_001_s001_2026-05-19_01-54-30-302,001,001,1,043,043.jpg,748,46.578542,1779148516.882461,12.45,-602.0,134.0,0.0,455.237,2940,1912,0.974257,0.82,0.0,0.0,pix
real_001_s001_2026-05-19_01-54-30-302,001,001,1,043,043.jpg,749,46.595208,1779148516.899128,12.466667,-602.0,134.0,0.0,455.237,2940,1912,0.974257,0.82,0.0,0.0,pix
real_001_s001_2026-05-19_01-54-30-302,001,001,1,043,043.jpg,750,46.611875,1779148516.915794,12.483333,-602.0,134.0,0.0,455.237,2940,1912,0.974257,0.82,0.0,0.0,pix
real_001_s001_2026-05-19_01-54-30-302,001,001,1,043,043.jpg,751,46.628542,1779148516.932461,12.5,-602.0,134.0,0.0,455.237,2940,1912,0.974257,0.82,0.0,0.0,pix
real_001_s001_2026-05-19_01-54-30-302,001,001,1,043,043.jpg,752,46.645208,1779148516.949128,12.516667,-602.0,134.0,0.0,455.237,2940,1912,0.974257,0.82,0.0,0.0,pix
real_001_s001_2026-05-19_01-54-30-302,001,001,1,043,043.jpg,753,46.661875,1779148516.965794,12.533333,-602.0,134.0,0.0,455.237,2940,1912,0.974257,0.82,0.0,0.0,pix
real_001_s001_2026-05-19_01-54-30-302,001,001,1,043,043.jpg,754,46.678542,1779148516.982461,12.55,-602.0,134.0,0.0,455.237,2940,1912,0.974257,0.82,0.0,0.0,pix
real_001_s001_2026-05-19_01-54-30-302,001,001,1,043,043.jpg,755,46.695208,1779148516.999128,12.566667,-602.0,134.0,0.0,455.237,2940,1912,0.974257,0.82,0.0,0.0,pix
real_001_s001_2026-05-19_01-54-30-302,001,001,1,043,043.jpg,756,46.711875,1779148517.015794,12.583333,-602.0,134.0,0.0,455.237,2940,1912,0.974257,0.82,0.0,0.0,pix
real_001_s001_2026-05-19_01-54-30-302,001,001,1,043,043.jpg,757,46.728542,1779148517.032461,12.6,-602.0,134.0,0.0,455.237,2940,1912,0.974257,0.82,0.0,0.0,pix
real_001_s001_2026-05-19_01-54-30-302,001,001,1,043,043.jpg,758,46.745208,1779148517.049128,12.616667,-602.0,134.0,0.0,455.237,2940,1912,0.974257,0.82,0.0,0.0,pix
real_001_s001_2026-05-19_01-54-30-302,001,001,1,043,043.jpg,759,46.761875,1779148517.065794,12.633333,-602.0,134.0,0.0,455.237,2940,1912,0.974257,0.82,0.0,0.0,pix
real_001_s001_2026-05-19_01-54-30-302,001,001,1,043,043.jpg,760,46.778542,1779148517.082461,12.65,-602.0,134.0,0.0,455.237,2940,1912,0.974257,0.82,0.0,0.0,pix
real_001_s001_2026-05-19_01-54-30-302,001,001,1,043,043.jpg,761,46.795208,1779148517.099128,12.666667,-602.0,134.0,0.0,455.237,2940,1912,0.974257,0.82,0.0,0.0,pix
real_001_s001_2026-05-19_01-54-30-302,001,001,1,043,043.jpg,762,46.811875,1779148517.115794,12.683333,-602.0,134.0,0.0,455.237,2940,1912,0.974257,0.82,0.0,0.0,pix
real_001_s001_2026-05-19_01-54-30-302,001,001,1,043,043.jpg,763,46.828542,1779148517.132461,12.7,-602.0,134.0,0.0,455.237,2940,1912,0.974257,0.82,0.0,0.0,pix
real_001_s001_2026-05-19_01-54-30-302,001,001,1,043,043.jpg,764,46.845208,1779148517.149128,12.716667,-602.0,134.0,0.0,455.237,2940,1912,0.974257,0.82,0.0,0.0,pix
real_001_s001_2026-05-19_01-54-30-302,001,001,1,043,043.jpg,765,46.861875,1779148517.165794,12.733333,-602.0,134.0,0.0,455.237,2940,1912,0.974257,0.82,0.0,0.0,pix
real_001_s001_2026-05-19_01-54-30-302,001,001,1,043,043.jpg,766,46.878542,1779148517.182461,12.75,-602.0,134.0,0.0,455.237,2940,1912,0.974257,0.82,0.0,0.0,pix
real_001_s001_2026-05-19_01-54-30-302,001,001,1,043,043.jpg,767,46.895208,1779148517.199128,12.766667,-602.0,134.0,0.0,455.237,2940,1912,0.974257,0.82,0.0,0.0,pix
real_001_s001_2026-05-19_01-54-30-302,001,001,1,043,043.jpg,768,46.911875,1779148517.215794,12.783333,-602.0,134.0,0.0,455.237,2940,1912,0.974257,0.82,0.0,0.0,pix
real_001_s001_2026-05-19_01-54-30-302,001,001,1,043,043.jpg,769,46.928542,1779148517.232461,12.8,-602.0,134.0,0.0,455.237,2940,1912,0.974257,0.82,0.0,0.0,pix
real_001_s001_2026-05-19_01-54-30-302,001,001,1,043,043.jpg,770,46.945208,1779148517.249128,12.816667,-602.0,134.0,0.0,455.237,2940,1912,0.974257,0.82,0.0,0.0,pix
real_001_s001_2026-05-19_01-54-30-302,001,001,1,043,043.jpg,771,46.961875,1779148517.265794,12.833333,-602.0,134.0,0.0,455.237,2940,1912,0.974257,0.82,0.0,0.0,pix
real_001_s001_2026-05-19_01-54-30-302,001,001,1,043,043.jpg,772,46.978542,1779148517.282461,12.85,-602.0,134.0,0.0,455.237,2940,1912,0.974257,0.82,0.0,0.0,pix
real_001_s001_2026-05-19_01-54-30-302,001,001,1,043,043.jpg,773,46.995208,1779148517.299128,12.866667,-602.0,134.0,0.0,455.237,2940,1912,0.974257,0.82,0.0,0.0,pix
real_001_s001_2026-05-19_01-54-30-302,001,001,1,043,043.jpg,774,47.011875,1779148517.315794,12.883333,-602.0,134.0,0.0,455.237,2940,1912,0.974257,0.82,0.0,0.0,pix
real_001_s001_2026-05-19_01-54-30-302,001,001,1,043,043.jpg,775,47.028542,1779148517.332461,12.9,-602.0,134.0,0.0,455.237,2940,1912,0.974257,0.82,0.0,0.0,pix
