run_id,participant,session,trial_index,trial_id,image_file,sample_index,sample_session_s,sample_unix_s,sample_from_image_onset_s,gaze_x_pix,gaze_y_pix,screen_width_px,screen_height_px,image_stim_width_units,image_stim_height_units,image_stim_center_x_units,image_stim_center_y_units,units
real_001_s001_2026-05-18_16-09-35-461,001,001,1,020,020.jpg,1,72.113733,1779113447.576456,0.0,-1400.0,-412.0,2940,1912,1.188406,0.82,0.0,0.0,pix
real_001_s001_2026-05-18_16-09-35-461,001,001,1,020,020.jpg,2,72.1304,1779113447.593122,0.016667,-1400.0,-412.0,2940,1912,1.188406,0.82,0.0,0.0,pix
real_001_s001_2026-05-18_16-09-35-461,001,001,1,020,020.jpg,3,72.147067,1779113447.609789,0.033333,-1400.0,-412.0,2940,1912,1.188406,0.82,0.0,0.0,pix
real_001_s001_2026-05-18_16-09-35-461,001,001,1,020,020.jpg,4,72.163733,1779113447.626456,0.05,-1400.0,-412.0,2940,1912,1.188406,0.82,0.0,0.0,pix
real_001_s001_2026-05-18_16-09-35-461,001,001,1,020,020.jpg,5,72.1804,1779113447.643122,0.066667,-1400.0,-412.0,2940,1912,1.188406,0.82,0.0,0.0,pix
real_001_s001_2026-05-18_16-09-35-461,001,001,1,020,020.jpg,6,72.197067,1779113447.659789,0.083333,-1400.0,-412.0,2940,1912,1.188406,0.82,0.0,0.0,pix
real_001_s001_2026-05-18_16-09-35-461,001,001,1,020,020.jpg,7,72.213733,1779113447.676456,0.1,-1400.0,-412.0,2940,1912,1.188406,0.82,0.0,0.0,pix
real_001_s001_2026-05-18_16-09-35-461,001,001,1,020,020.jpg,8,72.2304,1779113447.693122,0.116667,-1400.0,-412.0,2940,1912,1.188406,0.82,0.0,0.0,pix
real_001_s001_2026-05-18_16-09-35-461,001,001,1,020,020.jpg,9,72.247067,1779113447.709789,0.133333,-1400.0,-412.0,2940,1912,1.188406,0.82,0.0,0.0,pix
real_001_s001_2026-05-18_16-09-35-461,001,001,1,020,020.jpg,10,72.263733,1779113447.726456,0.15,-1400.0,-412.0,2940,1912,1.188406,0.82,0.0,0.0,pix
real_001_s001_2026-05-18_16-09-35-461,001,001,1,020,020.jpg,11,72.2804,1779113447.743123,0.166667,-1400.0,-412.0,2940,1912,1.188406,0.82,0.0,0.0,pix
real_001_s001_2026-05-18_16-09-35-461,001,001,1,020,020.jpg,12,72.297067,1779113447.759789,0.183333,-1400.0,-412.0,2940,1912,1.188406,0.82,0.0,0.0,pix
real_001_s001_2026-05-18_16-09-35-461,001,001,1,020,020.jpg,13,72.313733,1779113447.776456,0.2,-1400.0,-412.0,2940,1912,1.188406,0.82,0.0,0.0,pix
real_001_s001_2026-05-18_16-09-35-461,001,001,1,020,020.jpg,14,72.3304,1779113447.793123,0.216667,-1400.0,-412.0,2940,1912,1.188406,0.82,0.0,0.0,pix
real_001_s001_2026-05-18_16-09-35-461,001,001,1,020,020.jpg,15,72.347067,1779113447.809789,0.233333,-1400.0,-412.0,2940,1912,1.188406,0.82,0.0,0.0,pix
real_001_s001_2026-05-18_16-09-35-461,001,001,1,020,020.jpg,16,72.363733,1779113447.826456,0.25,-1400.0,-412.0,2940,1912,1.188406,0.82,0.0,0.0,pix
real_001_s001_2026-05-18_16-09-35-461,001,001,1,020,020.jpg,17,72.3804,1779113447.843122,0.266667,-1400.0,-412.0,2940,1912,1.188406,0.82,0.0,0.0,pix
real_001_s001_2026-05-18_16-09-35-461,001,001,1,020,020.jpg,18,72.397067,1779113447.859789,0.283333,-1400.0,-412.0,2940,1912,1.188406,0.82,0.0,0.0,pix
real_001_s001_2026-05-18_16-09-35-461,001,001,1,020,020.jpg,19,72.413733,1779113447.876456,0.3,-1400.0,-412.0,2940,1912,1.188406,0.82,0.0,0.0,pix
real_001_s001_2026-05-18_16-09-35-461,001,001,1,020,020.jpg,20,72.4304,1779113447.893122,0.316667,-1400.0,-412.0,2940,1912,1.188406,0.82,0.0,0.0,pix
real_001_s001_2026-05-18_16-09-35-461,001,001,1,020,020.jpg,21,72.447067,1779113447.909789,0.333333,-1400.0,-412.0,2940,1912,1.188406,0.82,0.0,0.0,pix
real_001_s001_2026-05-18_16-09-35-461,001,001,1,020,020.jpg,22,72.463733,1779113447.926456,0.35,-1400.0,-412.0,2940,1912,1.188406,0.82,0.0,0.0,pix
real_001_s001_2026-05-18_16-09-35-461,001,001,1,020,020.jpg,23,72.4804,1779113447.943122,0.366667,-1400.0,-412.0,2940,1912,1.188406,0.82,0.0,0.0,pix
real_001_s001_2026-05-18_16-09-35-461,001,001,1,020,020.jpg,24,72.497067,1779113447.959789,0.383333,-1400.0,-412.0,2940,1912,1.188406,0.82,0.0,0.0,pix
real_001_s001_2026-05-18_16-09-35-461,001,001,1,020,020.jpg,25,72.513733,1779113447.976456,0.4,-1400.0,-412.0,2940,1912,1.188406,0.82,0.0,0.0,pix
real_001_s001_2026-05-18_16-09-35-461,001,001,1,020,020.jpg,26,72.5304,1779113447.993123,0.416667,-1400.0,-412.0,2940,1912,1.188406,0.82,0.0,0.0,pix
real_001_s001_2026-05-18_16-09-35-461,001,001,1,020,020.jpg,27,72.547067,1779113448.009789,0.433333,-1400.0,-412.0,2940,1912,1.188406,0.82,0.0,0.0,pix
real_001_s001_2026-05-18_16-09-35-461,001,001,1,020,020.jpg,28,72.563733,1779113448.026456,0.45,-1400.0,-412.0,2940,1912,1.188406,0.82,0.0,0.0,pix
real_001_s001_2026-05-18_16-09-35-461,001,001,1,020,020.jpg,29,72.5804,1779113448.043123,0.466667,-1400.0,-412.0,2940,1912,1.188406,0.82,0.0,0.0,pix
real_001_s001_2026-05-18_16-09-35-461,001,001,1,020,020.jpg,30,72.597067,1779113448.059789,0.483333,-1400.0,-412.0,2940,1912,1.188406,0.82,0.0,0.0,pix
real_001_s001_2026-05-18_16-09-35-461,001,001,1,020,020.jpg,31,72.613733,1779113448.076456,0.5,-1400.0,-412.0,2940,1912,1.188406,0.82,0.0,0.0,pix
real_001_s001_2026-05-18_16-09-35-461,001,001,1,020,020.jpg,32,72.6304,1779113448.093122,0.516667,-1400.0,-412.0,2940,1912,1.188406,0.82,0.0,0.0,pix
real_001_s001_2026-05-18_16-09-35-461,001,001,1,020,020.jpg,33,72.647067,1779113448.109789,0.533333,-1400.0,-412.0,2940,1912,1.188406,0.82,0.0,0.0,pix
real_001_s001_2026-05-18_16-09-35-461,001,001,1,020,020.jpg,34,72.663733,1779113448.126456,0.55,-1400.0,-412.0,2940,1912,1.188406,0.82,0.0,0.0,pix
real_001_s001_2026-05-18_16-09-35-461,001,001,1,020,020.jpg,35,72.6804,1779113448.143122,0.566667,-1400.0,-412.0,2940,1912,1.188406,0.82,0.0,0.0,pix
real_001_s001_2026-05-18_16-09-35-461,001,001,1,020,020.jpg,36,72.697067,1779113448.159789,0.583333,-1400.0,-412.0,2940,1912,1.188406,0.82,0.0,0.0,pix
real_001_s001_2026-05-18_16-09-35-461,001,001,1,020,020.jpg,37,72.713733,1779113448.176456,0.6,-1400.0,-412.0,2940,1912,1.188406,0.82,0.0,0.0,pix
real_001_s001_2026-05-18_16-09-35-461,001,001,1,020,020.jpg,38,72.7304,1779113448.193122,0.616667,-1400.0,-412.0,2940,1912,1.188406,0.82,0.0,0.0,pix
real_001_s001_2026-05-18_16-09-35-461,001,001,1,020,020.jpg,39,72.747067,1779113448.209789,0.633333,-1400.0,-412.0,2940,1912,1.188406,0.82,0.0,0.0,pix
real_001_s001_2026-05-18_16-09-35-461,001,001,1,020,020.jpg,40,72.763733,1779113448.226456,0.65,-1400.0,-412.0,2940,1912,1.188406,0.82,0.0,0.0,pix
real_001_s001_2026-05-18_16-09-35-461,001,001,1,020,020.jpg,41,72.7804,1779113448.243123,0.666667,-1400.0,-412.0,2940,1912,1.188406,0.82,0.0,0.0,pix
real_001_s001_2026-05-18_16-09-35-461,001,001,1,020,020.jpg,42,72.797067,1779113448.259789,0.683333,-1400.0,-412.0,2940,1912,1.188406,0.82,0.0,0.0,pix
real_001_s001_2026-05-18_16-09-35-461,001,001,1,020,020.jpg,43,72.813733,1779113448.276456,0.7,-1400.0,-412.0,2940,1912,1.188406,0.82,0.0,0.0,pix
real_001_s001_2026-05-18_16-09-35-461,001,001,1,020,020.jpg,44,72.8304,1779113448.293123,0.716667,-1400.0,-412.0,2940,1912,1.188406,0.82,0.0,0.0,pix
real_001_s001_2026-05-18_16-09-35-461,001,001,1,020,020.jpg,45,72.847067,1779113448.309789,0.733333,-1400.0,-412.0,2940,1912,1.188406,0.82,0.0,0.0,pix
real_001_s001_2026-05-18_16-09-35-461,001,001,1,020,020.jpg,46,72.863733,1779113448.326456,0.75,-1400.0,-412.0,2940,1912,1.188406,0.82,0.0,0.0,pix
real_001_s001_2026-05-18_16-09-35-461,001,001,1,020,020.jpg,47,72.8804,1779113448.343122,0.766667,-1400.0,-412.0,2940,1912,1.188406,0.82,0.0,0.0,pix
real_001_s001_2026-05-18_16-09-35-461,001,001,1,020,020.jpg,48,72.897067,1779113448.359789,0.783333,-1400.0,-412.0,2940,1912,1.188406,0.82,0.0,0.0,pix
real_001_s001_2026-05-18_16-09-35-461,001,001,1,020,020.jpg,49,72.913733,1779113448.376456,0.8,-1400.0,-412.0,2940,1912,1.188406,0.82,0.0,0.0,pix
real_001_s001_2026-05-18_16-09-35-461,001,001,1,020,020.jpg,50,72.9304,1779113448.393122,0.816667,-1400.0,-412.0,2940,1912,1.188406,0.82,0.0,0.0,pix
real_001_s001_2026-05-18_16-09-35-461,001,001,1,020,020.jpg,51,72.947067,1779113448.409789,0.833333,-1400.0,-412.0,2940,1912,1.188406,0.82,0.0,0.0,pix
real_001_s001_2026-05-18_16-09-35-461,001,001,1,020,020.jpg,52,72.963733,1779113448.426456,0.85,-1400.0,-412.0,2940,1912,1.188406,0.82,0.0,0.0,pix
real_001_s001_2026-05-18_16-09-35-461,001,001,1,020,020.jpg,53,72.9804,1779113448.443122,0.866667,-1400.0,-412.0,2940,1912,1.188406,0.82,0.0,0.0,pix
real_001_s001_2026-05-18_16-09-35-461,001,001,1,020,020.jpg,54,72.997067,1779113448.459789,0.883333,-1400.0,-412.0,2940,1912,1.188406,0.82,0.0,0.0,pix
real_001_s001_2026-05-18_16-09-35-461,001,001,1,020,020.jpg,55,73.013733,1779113448.476456,0.9,-1400.0,-412.0,2940,1912,1.188406,0.82,0.0,0.0,pix
real_001_s001_2026-05-18_16-09-35-461,001,001,1,020,020.jpg,56,73.0304,1779113448.493123,0.916667,-1400.0,-412.0,2940,1912,1.188406,0.82,0.0,0.0,pix
real_001_s001_2026-05-18_16-09-35-461,001,001,1,020,020.jpg,57,73.047067,1779113448.509789,0.933333,-1400.0,-412.0,2940,1912,1.188406,0.82,0.0,0.0,pix
real_001_s001_2026-05-18_16-09-35-461,001,001,1,020,020.jpg,58,73.063733,1779113448.526456,0.95,-1400.0,-412.0,2940,1912,1.188406,0.82,0.0,0.0,pix
real_001_s001_2026-05-18_16-09-35-461,001,001,1,020,020.jpg,59,73.0804,1779113448.543123,0.966667,-1400.0,-412.0,2940,1912,1.188406,0.82,0.0,0.0,pix
real_001_s001_2026-05-18_16-09-35-461,001,001,1,020,020.jpg,60,73.097067,1779113448.559789,0.983333,-1400.0,-412.0,2940,1912,1.188406,0.82,0.0,0.0,pix
real_001_s001_2026-05-18_16-09-35-461,001,001,1,020,020.jpg,61,73.113733,1779113448.576456,1.0,-1400.0,-412.0,2940,1912,1.188406,0.82,0.0,0.0,pix
real_001_s001_2026-05-18_16-09-35-461,001,001,1,020,020.jpg,62,73.1304,1779113448.593122,1.016667,-1400.0,-412.0,2940,1912,1.188406,0.82,0.0,0.0,pix
real_001_s001_2026-05-18_16-09-35-461,001,001,1,020,020.jpg,63,73.147067,1779113448.609789,1.033333,-1400.0,-412.0,2940,1912,1.188406,0.82,0.0,0.0,pix
real_001_s001_2026-05-18_16-09-35-461,001,001,1,020,020.jpg,64,73.163733,1779113448.626456,1.05,-1400.0,-412.0,2940,1912,1.188406,0.82,0.0,0.0,pix
real_001_s001_2026-05-18_16-09-35-461,001,001,1,020,020.jpg,65,73.1804,1779113448.643122,1.066667,-1400.0,-412.0,2940,1912,1.188406,0.82,0.0,0.0,pix
real_001_s001_2026-05-18_16-09-35-461,001,001,1,020,020.jpg,66,73.197067,1779113448.659789,1.083333,-1400.0,-412.0,2940,1912,1.188406,0.82,0.0,0.0,pix
real_001_s001_2026-05-18_16-09-35-461,001,001,1,020,020.jpg,67,73.213733,1779113448.676456,1.1,-1400.0,-412.0,2940,1912,1.188406,0.82,0.0,0.0,pix
real_001_s001_2026-05-18_16-09-35-461,001,001,1,020,020.jpg,68,73.2304,1779113448.693122,1.116667,-1400.0,-412.0,2940,1912,1.188406,0.82,0.0,0.0,pix
real_001_s001_2026-05-18_16-09-35-461,001,001,1,020,020.jpg,69,73.247067,1779113448.709789,1.133333,-1400.0,-412.0,2940,1912,1.188406,0.82,0.0,0.0,pix
real_001_s001_2026-05-18_16-09-35-461,001,001,1,020,020.jpg,70,73.263733,1779113448.726456,1.15,-1400.0,-412.0,2940,1912,1.188406,0.82,0.0,0.0,pix
real_001_s001_2026-05-18_16-09-35-461,001,001,1,020,020.jpg,71,73.2804,1779113448.743123,1.166667,-1400.0,-412.0,2940,1912,1.188406,0.82,0.0,0.0,pix
real_001_s001_2026-05-18_16-09-35-461,001,001,1,020,020.jpg,72,73.297067,1779113448.759789,1.183333,-1400.0,-412.0,2940,1912,1.188406,0.82,0.0,0.0,pix
real_001_s001_2026-05-18_16-09-35-461,001,001,1,020,020.jpg,73,73.313733,1779113448.776456,1.2,-1400.0,-412.0,2940,1912,1.188406,0.82,0.0,0.0,pix
real_001_s001_2026-05-18_16-09-35-461,001,001,1,020,020.jpg,74,73.3304,1779113448.793123,1.216667,-1400.0,-412.0,2940,1912,1.188406,0.82,0.0,0.0,pix
real_001_s001_2026-05-18_16-09-35-461,001,001,1,020,020.jpg,75,73.347067,1779113448.809789,1.233333,-1400.0,-412.0,2940,1912,1.188406,0.82,0.0,0.0,pix
real_001_s001_2026-05-18_16-09-35-461,001,001,1,020,020.jpg,76,73.363733,1779113448.826456,1.25,-1400.0,-412.0,2940,1912,1.188406,0.82,0.0,0.0,pix
real_001_s001_2026-05-18_16-09-35-461,001,001,1,020,020.jpg,77,73.3804,1779113448.843122,1.266667,-1400.0,-412.0,2940,1912,1.188406,0.82,0.0,0.0,pix
real_001_s001_2026-05-18_16-09-35-461,001,001,1,020,020.jpg,78,73.397067,1779113448.859789,1.283333,-1400.0,-412.0,2940,1912,1.188406,0.82,0.0,0.0,pix
real_001_s001_2026-05-18_16-09-35-461,001,001,1,020,020.jpg,79,73.413733,1779113448.876456,1.3,-1400.0,-412.0,2940,1912,1.188406,0.82,0.0,0.0,pix
real_001_s001_2026-05-18_16-09-35-461,001,001,1,020,020.jpg,80,73.4304,1779113448.893122,1.316667,-1400.0,-412.0,2940,1912,1.188406,0.82,0.0,0.0,pix
real_001_s001_2026-05-18_16-09-35-461,001,001,1,020,020.jpg,81,73.447067,1779113448.909789,1.333333,-1400.0,-412.0,2940,1912,1.188406,0.82,0.0,0.0,pix
real_001_s001_2026-05-18_16-09-35-461,001,001,1,020,020.jpg,82,73.463733,1779113448.926456,1.35,-1400.0,-412.0,2940,1912,1.188406,0.82,0.0,0.0,pix
real_001_s001_2026-05-18_16-09-35-461,001,001,1,020,020.jpg,83,73.4804,1779113448.943122,1.366667,-1400.0,-412.0,2940,1912,1.188406,0.82,0.0,0.0,pix
real_001_s001_2026-05-18_16-09-35-461,001,001,1,020,020.jpg,84,73.497067,1779113448.959789,1.383333,-1400.0,-412.0,2940,1912,1.188406,0.82,0.0,0.0,pix
real_001_s001_2026-05-18_16-09-35-461,001,001,1,020,020.jpg,85,73.513733,1779113448.976456,1.4,-1400.0,-412.0,2940,1912,1.188406,0.82,0.0,0.0,pix
real_001_s001_2026-05-18_16-09-35-461,001,001,1,020,020.jpg,86,73.5304,1779113448.993123,1.416667,-1400.0,-412.0,2940,1912,1.188406,0.82,0.0,0.0,pix
real_001_s001_2026-05-18_16-09-35-461,001,001,1,020,020.jpg,87,73.547067,1779113449.009789,1.433333,-1400.0,-412.0,2940,1912,1.188406,0.82,0.0,0.0,pix
real_001_s001_2026-05-18_16-09-35-461,001,001,1,020,020.jpg,88,73.563733,1779113449.026456,1.45,-1400.0,-412.0,2940,1912,1.188406,0.82,0.0,0.0,pix
real_001_s001_2026-05-18_16-09-35-461,001,001,1,020,020.jpg,89,73.5804,1779113449.043123,1.466667,-1400.0,-412.0,2940,1912,1.188406,0.82,0.0,0.0,pix
real_001_s001_2026-05-18_16-09-35-461,001,001,1,020,020.jpg,90,73.597067,1779113449.059789,1.483333,-1400.0,-412.0,2940,1912,1.188406,0.82,0.0,0.0,pix
real_001_s001_2026-05-18_16-09-35-461,001,001,1,020,020.jpg,91,73.613733,1779113449.076456,1.5,-1400.0,-412.0,2940,1912,1.188406,0.82,0.0,0.0,pix
real_001_s001_2026-05-18_16-09-35-461,001,001,1,020,020.jpg,92,73.6304,1779113449.093122,1.516667,-1400.0,-412.0,2940,1912,1.188406,0.82,0.0,0.0,pix
real_001_s001_2026-05-18_16-09-35-461,001,001,1,020,020.jpg,93,73.647067,1779113449.109789,1.533333,-1400.0,-412.0,2940,1912,1.188406,0.82,0.0,0.0,pix
real_001_s001_2026-05-18_16-09-35-461,001,001,1,020,020.jpg,94,73.663733,1779113449.126456,1.55,-1400.0,-412.0,2940,1912,1.188406,0.82,0.0,0.0,pix
real_001_s001_2026-05-18_16-09-35-461,001,001,1,020,020.jpg,95,73.6804,1779113449.143122,1.566667,-1400.0,-412.0,2940,1912,1.188406,0.82,0.0,0.0,pix
real_001_s001_2026-05-18_16-09-35-461,001,001,1,020,020.jpg,96,73.697067,1779113449.159789,1.583333,-1400.0,-412.0,2940,1912,1.188406,0.82,0.0,0.0,pix
real_001_s001_2026-05-18_16-09-35-461,001,001,1,020,020.jpg,97,73.713733,1779113449.176456,1.6,-1400.0,-412.0,2940,1912,1.188406,0.82,0.0,0.0,pix
real_001_s001_2026-05-18_16-09-35-461,001,001,1,020,020.jpg,98,73.7304,1779113449.193122,1.616667,-1400.0,-412.0,2940,1912,1.188406,0.82,0.0,0.0,pix
real_001_s001_2026-05-18_16-09-35-461,001,001,1,020,020.jpg,99,73.747067,1779113449.209789,1.633333,-1400.0,-412.0,2940,1912,1.188406,0.82,0.0,0.0,pix
real_001_s001_2026-05-18_16-09-35-461,001,001,1,020,020.jpg,100,73.763733,1779113449.226456,1.65,-1400.0,-412.0,2940,1912,1.188406,0.82,0.0,0.0,pix
real_001_s001_2026-05-18_16-09-35-461,001,001,1,020,020.jpg,101,73.7804,1779113449.243123,1.666667,-1400.0,-412.0,2940,1912,1.188406,0.82,0.0,0.0,pix
real_001_s001_2026-05-18_16-09-35-461,001,001,1,020,020.jpg,102,73.797067,1779113449.259789,1.683333,-1400.0,-412.0,2940,1912,1.188406,0.82,0.0,0.0,pix
real_001_s001_2026-05-18_16-09-35-461,001,001,1,020,020.jpg,103,73.813733,1779113449.276456,1.7,-1400.0,-412.0,2940,1912,1.188406,0.82,0.0,0.0,pix
real_001_s001_2026-05-18_16-09-35-461,001,001,1,020,020.jpg,104,73.8304,1779113449.293123,1.716667,-1400.0,-412.0,2940,1912,1.188406,0.82,0.0,0.0,pix
real_001_s001_2026-05-18_16-09-35-461,001,001,1,020,020.jpg,105,73.847067,1779113449.309789,1.733333,-1400.0,-412.0,2940,1912,1.188406,0.82,0.0,0.0,pix
real_001_s001_2026-05-18_16-09-35-461,001,001,1,020,020.jpg,106,73.863733,1779113449.326456,1.75,-1400.0,-412.0,2940,1912,1.188406,0.82,0.0,0.0,pix
real_001_s001_2026-05-18_16-09-35-461,001,001,1,020,020.jpg,107,73.8804,1779113449.343122,1.766667,-1400.0,-412.0,2940,1912,1.188406,0.82,0.0,0.0,pix
real_001_s001_2026-05-18_16-09-35-461,001,001,1,020,020.jpg,108,73.897067,1779113449.359789,1.783333,-1400.0,-412.0,2940,1912,1.188406,0.82,0.0,0.0,pix
real_001_s001_2026-05-18_16-09-35-461,001,001,1,020,020.jpg,109,73.913733,1779113449.376456,1.8,-1400.0,-412.0,2940,1912,1.188406,0.82,0.0,0.0,pix
real_001_s001_2026-05-18_16-09-35-461,001,001,1,020,020.jpg,110,73.9304,1779113449.393122,1.816667,-1400.0,-412.0,2940,1912,1.188406,0.82,0.0,0.0,pix
real_001_s001_2026-05-18_16-09-35-461,001,001,1,020,020.jpg,111,73.947067,1779113449.409789,1.833333,-1400.0,-412.0,2940,1912,1.188406,0.82,0.0,0.0,pix
real_001_s001_2026-05-18_16-09-35-461,001,001,1,020,020.jpg,112,73.963733,1779113449.426456,1.85,-1400.0,-412.0,2940,1912,1.188406,0.82,0.0,0.0,pix
real_001_s001_2026-05-18_16-09-35-461,001,001,1,020,020.jpg,113,73.9804,1779113449.443122,1.866667,-1400.0,-412.0,2940,1912,1.188406,0.82,0.0,0.0,pix
real_001_s001_2026-05-18_16-09-35-461,001,001,1,020,020.jpg,114,73.997067,1779113449.459789,1.883333,-1400.0,-412.0,2940,1912,1.188406,0.82,0.0,0.0,pix
real_001_s001_2026-05-18_16-09-35-461,001,001,1,020,020.jpg,115,74.013733,1779113449.476456,1.9,-1400.0,-412.0,2940,1912,1.188406,0.82,0.0,0.0,pix
real_001_s001_2026-05-18_16-09-35-461,001,001,1,020,020.jpg,116,74.0304,1779113449.493123,1.916667,-1400.0,-412.0,2940,1912,1.188406,0.82,0.0,0.0,pix
real_001_s001_2026-05-18_16-09-35-461,001,001,1,020,020.jpg,117,74.047067,1779113449.509789,1.933333,-1400.0,-412.0,2940,1912,1.188406,0.82,0.0,0.0,pix
real_001_s001_2026-05-18_16-09-35-461,001,001,1,020,020.jpg,118,74.063733,1779113449.526456,1.95,-1400.0,-412.0,2940,1912,1.188406,0.82,0.0,0.0,pix
real_001_s001_2026-05-18_16-09-35-461,001,001,1,020,020.jpg,119,74.0804,1779113449.543123,1.966667,-1400.0,-412.0,2940,1912,1.188406,0.82,0.0,0.0,pix
real_001_s001_2026-05-18_16-09-35-461,001,001,1,020,020.jpg,120,74.097067,1779113449.559789,1.983333,-1400.0,-412.0,2940,1912,1.188406,0.82,0.0,0.0,pix
real_001_s001_2026-05-18_16-09-35-461,001,001,1,020,020.jpg,121,74.113733,1779113449.576456,2.0,-1400.0,-412.0,2940,1912,1.188406,0.82,0.0,0.0,pix
real_001_s001_2026-05-18_16-09-35-461,001,001,1,020,020.jpg,122,74.1304,1779113449.593122,2.016667,-1400.0,-412.0,2940,1912,1.188406,0.82,0.0,0.0,pix
real_001_s001_2026-05-18_16-09-35-461,001,001,1,020,020.jpg,123,74.147067,1779113449.609789,2.033333,-1400.0,-412.0,2940,1912,1.188406,0.82,0.0,0.0,pix
real_001_s001_2026-05-18_16-09-35-461,001,001,1,020,020.jpg,124,74.163733,1779113449.626456,2.05,-1400.0,-412.0,2940,1912,1.188406,0.82,0.0,0.0,pix
real_001_s001_2026-05-18_16-09-35-461,001,001,1,020,020.jpg,125,74.1804,1779113449.643122,2.066667,-1400.0,-412.0,2940,1912,1.188406,0.82,0.0,0.0,pix
real_001_s001_2026-05-18_16-09-35-461,001,001,1,020,020.jpg,126,74.197067,1779113449.659789,2.083333,-1400.0,-412.0,2940,1912,1.188406,0.82,0.0,0.0,pix
real_001_s001_2026-05-18_16-09-35-461,001,001,1,020,020.jpg,127,74.213733,1779113449.676456,2.1,-1400.0,-412.0,2940,1912,1.188406,0.82,0.0,0.0,pix
real_001_s001_2026-05-18_16-09-35-461,001,001,1,020,020.jpg,128,74.2304,1779113449.693122,2.116667,-1400.0,-412.0,2940,1912,1.188406,0.82,0.0,0.0,pix
real_001_s001_2026-05-18_16-09-35-461,001,001,1,020,020.jpg,129,74.247067,1779113449.709789,2.133333,-1400.0,-412.0,2940,1912,1.188406,0.82,0.0,0.0,pix
real_001_s001_2026-05-18_16-09-35-461,001,001,1,020,020.jpg,130,74.263733,1779113449.726456,2.15,-1400.0,-412.0,2940,1912,1.188406,0.82,0.0,0.0,pix
real_001_s001_2026-05-18_16-09-35-461,001,001,1,020,020.jpg,131,74.2804,1779113449.743123,2.166667,-1400.0,-412.0,2940,1912,1.188406,0.82,0.0,0.0,pix
real_001_s001_2026-05-18_16-09-35-461,001,001,1,020,020.jpg,132,74.297067,1779113449.759789,2.183333,-1400.0,-412.0,2940,1912,1.188406,0.82,0.0,0.0,pix
real_001_s001_2026-05-18_16-09-35-461,001,001,1,020,020.jpg,133,74.313733,1779113449.776456,2.2,-1400.0,-412.0,2940,1912,1.188406,0.82,0.0,0.0,pix
real_001_s001_2026-05-18_16-09-35-461,001,001,1,020,020.jpg,134,74.3304,1779113449.793123,2.216667,-1400.0,-412.0,2940,1912,1.188406,0.82,0.0,0.0,pix
real_001_s001_2026-05-18_16-09-35-461,001,001,1,020,020.jpg,135,74.347067,1779113449.809789,2.233333,-1400.0,-412.0,2940,1912,1.188406,0.82,0.0,0.0,pix
real_001_s001_2026-05-18_16-09-35-461,001,001,1,020,020.jpg,136,74.363733,1779113449.826456,2.25,-1400.0,-412.0,2940,1912,1.188406,0.82,0.0,0.0,pix
real_001_s001_2026-05-18_16-09-35-461,001,001,1,020,020.jpg,137,74.3804,1779113449.843122,2.266667,-1400.0,-412.0,2940,1912,1.188406,0.82,0.0,0.0,pix
real_001_s001_2026-05-18_16-09-35-461,001,001,1,020,020.jpg,138,74.397067,1779113449.859789,2.283333,-1400.0,-412.0,2940,1912,1.188406,0.82,0.0,0.0,pix
real_001_s001_2026-05-18_16-09-35-461,001,001,1,020,020.jpg,139,74.413733,1779113449.876456,2.3,-1400.0,-412.0,2940,1912,1.188406,0.82,0.0,0.0,pix
real_001_s001_2026-05-18_16-09-35-461,001,001,1,020,020.jpg,140,74.4304,1779113449.893122,2.316667,-1400.0,-412.0,2940,1912,1.188406,0.82,0.0,0.0,pix
real_001_s001_2026-05-18_16-09-35-461,001,001,1,020,020.jpg,141,74.447067,1779113449.909789,2.333333,-1400.0,-412.0,2940,1912,1.188406,0.82,0.0,0.0,pix
real_001_s001_2026-05-18_16-09-35-461,001,001,1,020,020.jpg,142,74.463733,1779113449.926456,2.35,-1400.0,-412.0,2940,1912,1.188406,0.82,0.0,0.0,pix
real_001_s001_2026-05-18_16-09-35-461,001,001,1,020,020.jpg,143,74.4804,1779113449.943122,2.366667,-1400.0,-412.0,2940,1912,1.188406,0.82,0.0,0.0,pix
real_001_s001_2026-05-18_16-09-35-461,001,001,1,020,020.jpg,144,74.497067,1779113449.959789,2.383333,-1400.0,-412.0,2940,1912,1.188406,0.82,0.0,0.0,pix
real_001_s001_2026-05-18_16-09-35-461,001,001,1,020,020.jpg,145,74.513733,1779113449.976456,2.4,-1400.0,-412.0,2940,1912,1.188406,0.82,0.0,0.0,pix
real_001_s001_2026-05-18_16-09-35-461,001,001,1,020,020.jpg,146,74.5304,1779113449.993123,2.416667,-1400.0,-412.0,2940,1912,1.188406,0.82,0.0,0.0,pix
real_001_s001_2026-05-18_16-09-35-461,001,001,1,020,020.jpg,147,74.547067,1779113450.009789,2.433333,-1400.0,-412.0,2940,1912,1.188406,0.82,0.0,0.0,pix
real_001_s001_2026-05-18_16-09-35-461,001,001,1,020,020.jpg,148,74.563733,1779113450.026456,2.45,-1400.0,-412.0,2940,1912,1.188406,0.82,0.0,0.0,pix
real_001_s001_2026-05-18_16-09-35-461,001,001,1,020,020.jpg,149,74.5804,1779113450.043123,2.466667,-1400.0,-412.0,2940,1912,1.188406,0.82,0.0,0.0,pix
real_001_s001_2026-05-18_16-09-35-461,001,001,1,020,020.jpg,150,74.597067,1779113450.059789,2.483333,-1400.0,-412.0,2940,1912,1.188406,0.82,0.0,0.0,pix
real_001_s001_2026-05-18_16-09-35-461,001,001,1,020,020.jpg,151,74.613733,1779113450.076456,2.5,-1400.0,-412.0,2940,1912,1.188406,0.82,0.0,0.0,pix
real_001_s001_2026-05-18_16-09-35-461,001,001,1,020,020.jpg,152,74.6304,1779113450.093122,2.516667,-1400.0,-412.0,2940,1912,1.188406,0.82,0.0,0.0,pix
real_001_s001_2026-05-18_16-09-35-461,001,001,1,020,020.jpg,153,74.647067,1779113450.109789,2.533333,-1400.0,-412.0,2940,1912,1.188406,0.82,0.0,0.0,pix
real_001_s001_2026-05-18_16-09-35-461,001,001,1,020,020.jpg,154,74.663733,1779113450.126456,2.55,-1400.0,-412.0,2940,1912,1.188406,0.82,0.0,0.0,pix
real_001_s001_2026-05-18_16-09-35-461,001,001,1,020,020.jpg,155,74.6804,1779113450.143122,2.566667,-1400.0,-412.0,2940,1912,1.188406,0.82,0.0,0.0,pix
real_001_s001_2026-05-18_16-09-35-461,001,001,1,020,020.jpg,156,74.697067,1779113450.159789,2.583333,-1400.0,-412.0,2940,1912,1.188406,0.82,0.0,0.0,pix
real_001_s001_2026-05-18_16-09-35-461,001,001,1,020,020.jpg,157,74.713733,1779113450.176456,2.6,-1400.0,-412.0,2940,1912,1.188406,0.82,0.0,0.0,pix
real_001_s001_2026-05-18_16-09-35-461,001,001,1,020,020.jpg,158,74.7304,1779113450.193122,2.616667,-1400.0,-412.0,2940,1912,1.188406,0.82,0.0,0.0,pix
real_001_s001_2026-05-18_16-09-35-461,001,001,1,020,020.jpg,159,74.747067,1779113450.209789,2.633333,-1400.0,-412.0,2940,1912,1.188406,0.82,0.0,0.0,pix
real_001_s001_2026-05-18_16-09-35-461,001,001,1,020,020.jpg,160,74.763733,1779113450.226456,2.65,-1400.0,-412.0,2940,1912,1.188406,0.82,0.0,0.0,pix
real_001_s001_2026-05-18_16-09-35-461,001,001,1,020,020.jpg,161,74.7804,1779113450.243123,2.666667,-1400.0,-412.0,2940,1912,1.188406,0.82,0.0,0.0,pix
real_001_s001_2026-05-18_16-09-35-461,001,001,1,020,020.jpg,162,74.797067,1779113450.259789,2.683333,-1400.0,-412.0,2940,1912,1.188406,0.82,0.0,0.0,pix
real_001_s001_2026-05-18_16-09-35-461,001,001,1,020,020.jpg,163,74.813733,1779113450.276456,2.7,-1400.0,-412.0,2940,1912,1.188406,0.82,0.0,0.0,pix
real_001_s001_2026-05-18_16-09-35-461,001,001,1,020,020.jpg,164,74.8304,1779113450.293123,2.716667,-1400.0,-412.0,2940,1912,1.188406,0.82,0.0,0.0,pix
real_001_s001_2026-05-18_16-09-35-461,001,001,1,020,020.jpg,165,74.847067,1779113450.309789,2.733333,-1400.0,-412.0,2940,1912,1.188406,0.82,0.0,0.0,pix
real_001_s001_2026-05-18_16-09-35-461,001,001,1,020,020.jpg,166,74.863733,1779113450.326456,2.75,-1400.0,-412.0,2940,1912,1.188406,0.82,0.0,0.0,pix
real_001_s001_2026-05-18_16-09-35-461,001,001,1,020,020.jpg,167,74.8804,1779113450.343122,2.766667,-1400.0,-412.0,2940,1912,1.188406,0.82,0.0,0.0,pix
real_001_s001_2026-05-18_16-09-35-461,001,001,1,020,020.jpg,168,74.897067,1779113450.359789,2.783333,-1400.0,-412.0,2940,1912,1.188406,0.82,0.0,0.0,pix
real_001_s001_2026-05-18_16-09-35-461,001,001,1,020,020.jpg,169,74.913733,1779113450.376456,2.8,-1400.0,-412.0,2940,1912,1.188406,0.82,0.0,0.0,pix
real_001_s001_2026-05-18_16-09-35-461,001,001,1,020,020.jpg,170,74.9304,1779113450.393122,2.816667,-1400.0,-412.0,2940,1912,1.188406,0.82,0.0,0.0,pix
real_001_s001_2026-05-18_16-09-35-461,001,001,1,020,020.jpg,171,74.947067,1779113450.409789,2.833333,-1400.0,-412.0,2940,1912,1.188406,0.82,0.0,0.0,pix
real_001_s001_2026-05-18_16-09-35-461,001,001,1,020,020.jpg,172,74.963733,1779113450.426456,2.85,-1400.0,-412.0,2940,1912,1.188406,0.82,0.0,0.0,pix
real_001_s001_2026-05-18_16-09-35-461,001,001,1,020,020.jpg,173,74.9804,1779113450.443122,2.866667,-1400.0,-412.0,2940,1912,1.188406,0.82,0.0,0.0,pix
real_001_s001_2026-05-18_16-09-35-461,001,001,1,020,020.jpg,174,74.997067,1779113450.459789,2.883333,-1400.0,-412.0,2940,1912,1.188406,0.82,0.0,0.0,pix
real_001_s001_2026-05-18_16-09-35-461,001,001,1,020,020.jpg,175,75.013733,1779113450.476456,2.9,-1400.0,-412.0,2940,1912,1.188406,0.82,0.0,0.0,pix
real_001_s001_2026-05-18_16-09-35-461,001,001,1,020,020.jpg,176,75.0304,1779113450.493123,2.916667,-1400.0,-412.0,2940,1912,1.188406,0.82,0.0,0.0,pix
real_001_s001_2026-05-18_16-09-35-461,001,001,1,020,020.jpg,177,75.047067,1779113450.509789,2.933333,-1400.0,-412.0,2940,1912,1.188406,0.82,0.0,0.0,pix
real_001_s001_2026-05-18_16-09-35-461,001,001,1,020,020.jpg,178,75.063733,1779113450.526456,2.95,-1400.0,-412.0,2940,1912,1.188406,0.82,0.0,0.0,pix
real_001_s001_2026-05-18_16-09-35-461,001,001,1,020,020.jpg,179,75.0804,1779113450.543123,2.966667,-1400.0,-412.0,2940,1912,1.188406,0.82,0.0,0.0,pix
real_001_s001_2026-05-18_16-09-35-461,001,001,1,020,020.jpg,180,75.097067,1779113450.559789,2.983333,-1400.0,-412.0,2940,1912,1.188406,0.82,0.0,0.0,pix
real_001_s001_2026-05-18_16-09-35-461,001,001,1,020,020.jpg,181,75.113733,1779113450.576456,3.0,-1400.0,-412.0,2940,1912,1.188406,0.82,0.0,0.0,pix
real_001_s001_2026-05-18_16-09-35-461,001,001,1,020,020.jpg,182,75.1304,1779113450.593122,3.016667,-1400.0,-412.0,2940,1912,1.188406,0.82,0.0,0.0,pix
real_001_s001_2026-05-18_16-09-35-461,001,001,1,020,020.jpg,183,75.147067,1779113450.609789,3.033333,-1400.0,-412.0,2940,1912,1.188406,0.82,0.0,0.0,pix
real_001_s001_2026-05-18_16-09-35-461,001,001,1,020,020.jpg,184,75.163733,1779113450.626456,3.05,-1400.0,-412.0,2940,1912,1.188406,0.82,0.0,0.0,pix
real_001_s001_2026-05-18_16-09-35-461,001,001,1,020,020.jpg,185,75.1804,1779113450.643122,3.066667,-1400.0,-412.0,2940,1912,1.188406,0.82,0.0,0.0,pix
real_001_s001_2026-05-18_16-09-35-461,001,001,1,020,020.jpg,186,75.197067,1779113450.659789,3.083333,-1400.0,-412.0,2940,1912,1.188406,0.82,0.0,0.0,pix
real_001_s001_2026-05-18_16-09-35-461,001,001,1,020,020.jpg,187,75.213733,1779113450.676456,3.1,-1400.0,-412.0,2940,1912,1.188406,0.82,0.0,0.0,pix
real_001_s001_2026-05-18_16-09-35-461,001,001,1,020,020.jpg,188,75.2304,1779113450.693122,3.116667,-1400.0,-412.0,2940,1912,1.188406,0.82,0.0,0.0,pix
real_001_s001_2026-05-18_16-09-35-461,001,001,1,020,020.jpg,189,75.247067,1779113450.709789,3.133333,-1400.0,-412.0,2940,1912,1.188406,0.82,0.0,0.0,pix
real_001_s001_2026-05-18_16-09-35-461,001,001,1,020,020.jpg,190,75.263733,1779113450.726456,3.15,-1400.0,-412.0,2940,1912,1.188406,0.82,0.0,0.0,pix
real_001_s001_2026-05-18_16-09-35-461,001,001,1,020,020.jpg,191,75.2804,1779113450.743123,3.166667,-1400.0,-412.0,2940,1912,1.188406,0.82,0.0,0.0,pix
real_001_s001_2026-05-18_16-09-35-461,001,001,1,020,020.jpg,192,75.297067,1779113450.759789,3.183333,-1400.0,-412.0,2940,1912,1.188406,0.82,0.0,0.0,pix
real_001_s001_2026-05-18_16-09-35-461,001,001,1,020,020.jpg,193,75.313733,1779113450.776456,3.2,-1400.0,-412.0,2940,1912,1.188406,0.82,0.0,0.0,pix
real_001_s001_2026-05-18_16-09-35-461,001,001,1,020,020.jpg,194,75.3304,1779113450.793123,3.216667,-1400.0,-412.0,2940,1912,1.188406,0.82,0.0,0.0,pix
real_001_s001_2026-05-18_16-09-35-461,001,001,1,020,020.jpg,195,75.347067,1779113450.809789,3.233333,-1400.0,-412.0,2940,1912,1.188406,0.82,0.0,0.0,pix
real_001_s001_2026-05-18_16-09-35-461,001,001,1,020,020.jpg,196,75.363733,1779113450.826456,3.25,-1400.0,-412.0,2940,1912,1.188406,0.82,0.0,0.0,pix
real_001_s001_2026-05-18_16-09-35-461,001,001,1,020,020.jpg,197,75.3804,1779113450.843122,3.266667,-1400.0,-412.0,2940,1912,1.188406,0.82,0.0,0.0,pix
real_001_s001_2026-05-18_16-09-35-461,001,001,1,020,020.jpg,198,75.397067,1779113450.859789,3.283333,-1400.0,-412.0,2940,1912,1.188406,0.82,0.0,0.0,pix
real_001_s001_2026-05-18_16-09-35-461,001,001,1,020,020.jpg,199,75.413733,1779113450.876456,3.3,-1400.0,-412.0,2940,1912,1.188406,0.82,0.0,0.0,pix
real_001_s001_2026-05-18_16-09-35-461,001,001,1,020,020.jpg,200,75.4304,1779113450.893122,3.316667,-1400.0,-412.0,2940,1912,1.188406,0.82,0.0,0.0,pix
real_001_s001_2026-05-18_16-09-35-461,001,001,1,020,020.jpg,201,75.447067,1779113450.909789,3.333333,-1400.0,-412.0,2940,1912,1.188406,0.82,0.0,0.0,pix
real_001_s001_2026-05-18_16-09-35-461,001,001,1,020,020.jpg,202,75.463733,1779113450.926456,3.35,-1400.0,-412.0,2940,1912,1.188406,0.82,0.0,0.0,pix
real_001_s001_2026-05-18_16-09-35-461,001,001,1,020,020.jpg,203,75.4804,1779113450.943122,3.366667,-1400.0,-412.0,2940,1912,1.188406,0.82,0.0,0.0,pix
real_001_s001_2026-05-18_16-09-35-461,001,001,1,020,020.jpg,204,75.497067,1779113450.959789,3.383333,-1400.0,-412.0,2940,1912,1.188406,0.82,0.0,0.0,pix
real_001_s001_2026-05-18_16-09-35-461,001,001,1,020,020.jpg,205,75.513733,1779113450.976456,3.4,-1400.0,-412.0,2940,1912,1.188406,0.82,0.0,0.0,pix
real_001_s001_2026-05-18_16-09-35-461,001,001,1,020,020.jpg,206,75.5304,1779113450.993123,3.416667,-1400.0,-412.0,2940,1912,1.188406,0.82,0.0,0.0,pix
real_001_s001_2026-05-18_16-09-35-461,001,001,1,020,020.jpg,207,75.547067,1779113451.009789,3.433333,-1400.0,-412.0,2940,1912,1.188406,0.82,0.0,0.0,pix
real_001_s001_2026-05-18_16-09-35-461,001,001,1,020,020.jpg,208,75.563733,1779113451.026456,3.45,-1400.0,-412.0,2940,1912,1.188406,0.82,0.0,0.0,pix
real_001_s001_2026-05-18_16-09-35-461,001,001,1,020,020.jpg,209,75.5804,1779113451.043123,3.466667,-1400.0,-412.0,2940,1912,1.188406,0.82,0.0,0.0,pix
real_001_s001_2026-05-18_16-09-35-461,001,001,1,020,020.jpg,210,75.597067,1779113451.059789,3.483333,-1400.0,-412.0,2940,1912,1.188406,0.82,0.0,0.0,pix
real_001_s001_2026-05-18_16-09-35-461,001,001,1,020,020.jpg,211,75.613733,1779113451.076456,3.5,-1400.0,-412.0,2940,1912,1.188406,0.82,0.0,0.0,pix
real_001_s001_2026-05-18_16-09-35-461,001,001,1,020,020.jpg,212,75.6304,1779113451.093122,3.516667,-1400.0,-412.0,2940,1912,1.188406,0.82,0.0,0.0,pix
real_001_s001_2026-05-18_16-09-35-461,001,001,1,020,020.jpg,213,75.647067,1779113451.109789,3.533333,-1400.0,-412.0,2940,1912,1.188406,0.82,0.0,0.0,pix
real_001_s001_2026-05-18_16-09-35-461,001,001,1,020,020.jpg,214,75.663733,1779113451.126456,3.55,-1400.0,-412.0,2940,1912,1.188406,0.82,0.0,0.0,pix
real_001_s001_2026-05-18_16-09-35-461,001,001,1,020,020.jpg,215,75.6804,1779113451.143122,3.566667,-1400.0,-412.0,2940,1912,1.188406,0.82,0.0,0.0,pix
real_001_s001_2026-05-18_16-09-35-461,001,001,1,020,020.jpg,216,75.697067,1779113451.159789,3.583333,-1400.0,-412.0,2940,1912,1.188406,0.82,0.0,0.0,pix
real_001_s001_2026-05-18_16-09-35-461,001,001,1,020,020.jpg,217,75.713733,1779113451.176456,3.6,-1400.0,-412.0,2940,1912,1.188406,0.82,0.0,0.0,pix
real_001_s001_2026-05-18_16-09-35-461,001,001,1,020,020.jpg,218,75.7304,1779113451.193122,3.616667,-1400.0,-412.0,2940,1912,1.188406,0.82,0.0,0.0,pix
real_001_s001_2026-05-18_16-09-35-461,001,001,1,020,020.jpg,219,75.747067,1779113451.209789,3.633333,-1400.0,-412.0,2940,1912,1.188406,0.82,0.0,0.0,pix
real_001_s001_2026-05-18_16-09-35-461,001,001,1,020,020.jpg,220,75.763733,1779113451.226456,3.65,-1400.0,-412.0,2940,1912,1.188406,0.82,0.0,0.0,pix
real_001_s001_2026-05-18_16-09-35-461,001,001,1,020,020.jpg,221,75.7804,1779113451.243123,3.666667,-1400.0,-412.0,2940,1912,1.188406,0.82,0.0,0.0,pix
real_001_s001_2026-05-18_16-09-35-461,001,001,1,020,020.jpg,222,75.797067,1779113451.259789,3.683333,-1400.0,-412.0,2940,1912,1.188406,0.82,0.0,0.0,pix
real_001_s001_2026-05-18_16-09-35-461,001,001,1,020,020.jpg,223,75.813733,1779113451.276456,3.7,-1400.0,-412.0,2940,1912,1.188406,0.82,0.0,0.0,pix
real_001_s001_2026-05-18_16-09-35-461,001,001,1,020,020.jpg,224,75.8304,1779113451.293123,3.716667,-1400.0,-412.0,2940,1912,1.188406,0.82,0.0,0.0,pix
real_001_s001_2026-05-18_16-09-35-461,001,001,1,020,020.jpg,225,75.847067,1779113451.309789,3.733333,-1400.0,-412.0,2940,1912,1.188406,0.82,0.0,0.0,pix
real_001_s001_2026-05-18_16-09-35-461,001,001,1,020,020.jpg,226,75.863733,1779113451.326456,3.75,-1400.0,-412.0,2940,1912,1.188406,0.82,0.0,0.0,pix
real_001_s001_2026-05-18_16-09-35-461,001,001,1,020,020.jpg,227,75.8804,1779113451.343122,3.766667,-1400.0,-412.0,2940,1912,1.188406,0.82,0.0,0.0,pix
real_001_s001_2026-05-18_16-09-35-461,001,001,1,020,020.jpg,228,75.897067,1779113451.359789,3.783333,-1400.0,-412.0,2940,1912,1.188406,0.82,0.0,0.0,pix
real_001_s001_2026-05-18_16-09-35-461,001,001,1,020,020.jpg,229,75.913733,1779113451.376456,3.8,-1400.0,-412.0,2940,1912,1.188406,0.82,0.0,0.0,pix
real_001_s001_2026-05-18_16-09-35-461,001,001,1,020,020.jpg,230,75.9304,1779113451.393122,3.816667,-1400.0,-412.0,2940,1912,1.188406,0.82,0.0,0.0,pix
real_001_s001_2026-05-18_16-09-35-461,001,001,1,020,020.jpg,231,75.947067,1779113451.409789,3.833333,-1400.0,-412.0,2940,1912,1.188406,0.82,0.0,0.0,pix
real_001_s001_2026-05-18_16-09-35-461,001,001,1,020,020.jpg,232,75.963733,1779113451.426456,3.85,-1400.0,-412.0,2940,1912,1.188406,0.82,0.0,0.0,pix
real_001_s001_2026-05-18_16-09-35-461,001,001,1,020,020.jpg,233,75.9804,1779113451.443122,3.866667,-1400.0,-412.0,2940,1912,1.188406,0.82,0.0,0.0,pix
real_001_s001_2026-05-18_16-09-35-461,001,001,1,020,020.jpg,234,75.997067,1779113451.459789,3.883333,-1400.0,-412.0,2940,1912,1.188406,0.82,0.0,0.0,pix
real_001_s001_2026-05-18_16-09-35-461,001,001,1,020,020.jpg,235,76.013733,1779113451.476456,3.9,-1400.0,-412.0,2940,1912,1.188406,0.82,0.0,0.0,pix
real_001_s001_2026-05-18_16-09-35-461,001,001,1,020,020.jpg,236,76.0304,1779113451.493123,3.916667,-1400.0,-412.0,2940,1912,1.188406,0.82,0.0,0.0,pix
real_001_s001_2026-05-18_16-09-35-461,001,001,1,020,020.jpg,237,76.047067,1779113451.509789,3.933333,-1400.0,-412.0,2940,1912,1.188406,0.82,0.0,0.0,pix
real_001_s001_2026-05-18_16-09-35-461,001,001,1,020,020.jpg,238,76.063733,1779113451.526456,3.95,-1400.0,-412.0,2940,1912,1.188406,0.82,0.0,0.0,pix
real_001_s001_2026-05-18_16-09-35-461,001,001,1,020,020.jpg,239,76.0804,1779113451.543123,3.966667,-1400.0,-412.0,2940,1912,1.188406,0.82,0.0,0.0,pix
real_001_s001_2026-05-18_16-09-35-461,001,001,1,020,020.jpg,240,76.097067,1779113451.559789,3.983333,-1400.0,-412.0,2940,1912,1.188406,0.82,0.0,0.0,pix
real_001_s001_2026-05-18_16-09-35-461,001,001,1,020,020.jpg,241,76.113733,1779113451.576456,4.0,-1400.0,-412.0,2940,1912,1.188406,0.82,0.0,0.0,pix
real_001_s001_2026-05-18_16-09-35-461,001,001,1,020,020.jpg,242,76.1304,1779113451.593122,4.016667,-1400.0,-412.0,2940,1912,1.188406,0.82,0.0,0.0,pix
real_001_s001_2026-05-18_16-09-35-461,001,001,1,020,020.jpg,243,76.147067,1779113451.609789,4.033333,-1400.0,-412.0,2940,1912,1.188406,0.82,0.0,0.0,pix
real_001_s001_2026-05-18_16-09-35-461,001,001,1,020,020.jpg,244,76.163733,1779113451.626456,4.05,-1400.0,-412.0,2940,1912,1.188406,0.82,0.0,0.0,pix
real_001_s001_2026-05-18_16-09-35-461,001,001,1,020,020.jpg,245,76.1804,1779113451.643122,4.066667,-1400.0,-412.0,2940,1912,1.188406,0.82,0.0,0.0,pix
real_001_s001_2026-05-18_16-09-35-461,001,001,1,020,020.jpg,246,76.197067,1779113451.659789,4.083333,-1400.0,-412.0,2940,1912,1.188406,0.82,0.0,0.0,pix
real_001_s001_2026-05-18_16-09-35-461,001,001,1,020,020.jpg,247,76.213733,1779113451.676456,4.1,-1400.0,-412.0,2940,1912,1.188406,0.82,0.0,0.0,pix
real_001_s001_2026-05-18_16-09-35-461,001,001,1,020,020.jpg,248,76.2304,1779113451.693122,4.116667,-1400.0,-412.0,2940,1912,1.188406,0.82,0.0,0.0,pix
real_001_s001_2026-05-18_16-09-35-461,001,001,1,020,020.jpg,249,76.247067,1779113451.709789,4.133333,-1400.0,-412.0,2940,1912,1.188406,0.82,0.0,0.0,pix
real_001_s001_2026-05-18_16-09-35-461,001,001,1,020,020.jpg,250,76.263733,1779113451.726456,4.15,-1400.0,-412.0,2940,1912,1.188406,0.82,0.0,0.0,pix
real_001_s001_2026-05-18_16-09-35-461,001,001,1,020,020.jpg,251,76.2804,1779113451.743123,4.166667,-1400.0,-412.0,2940,1912,1.188406,0.82,0.0,0.0,pix
real_001_s001_2026-05-18_16-09-35-461,001,001,1,020,020.jpg,252,76.297067,1779113451.759789,4.183333,-1400.0,-412.0,2940,1912,1.188406,0.82,0.0,0.0,pix
real_001_s001_2026-05-18_16-09-35-461,001,001,1,020,020.jpg,253,76.313733,1779113451.776456,4.2,-1400.0,-412.0,2940,1912,1.188406,0.82,0.0,0.0,pix
real_001_s001_2026-05-18_16-09-35-461,001,001,1,020,020.jpg,254,76.3304,1779113451.793123,4.216667,-1400.0,-412.0,2940,1912,1.188406,0.82,0.0,0.0,pix
real_001_s001_2026-05-18_16-09-35-461,001,001,1,020,020.jpg,255,76.347067,1779113451.809789,4.233333,-1400.0,-412.0,2940,1912,1.188406,0.82,0.0,0.0,pix
real_001_s001_2026-05-18_16-09-35-461,001,001,1,020,020.jpg,256,76.363733,1779113451.826456,4.25,-1400.0,-412.0,2940,1912,1.188406,0.82,0.0,0.0,pix
real_001_s001_2026-05-18_16-09-35-461,001,001,1,020,020.jpg,257,76.3804,1779113451.843122,4.266667,-1400.0,-412.0,2940,1912,1.188406,0.82,0.0,0.0,pix
real_001_s001_2026-05-18_16-09-35-461,001,001,1,020,020.jpg,258,76.397067,1779113451.859789,4.283333,-1400.0,-412.0,2940,1912,1.188406,0.82,0.0,0.0,pix
real_001_s001_2026-05-18_16-09-35-461,001,001,1,020,020.jpg,259,76.413733,1779113451.876456,4.3,-1400.0,-412.0,2940,1912,1.188406,0.82,0.0,0.0,pix
real_001_s001_2026-05-18_16-09-35-461,001,001,1,020,020.jpg,260,76.4304,1779113451.893122,4.316667,-1400.0,-412.0,2940,1912,1.188406,0.82,0.0,0.0,pix
real_001_s001_2026-05-18_16-09-35-461,001,001,1,020,020.jpg,261,76.447067,1779113451.909789,4.333333,-1400.0,-412.0,2940,1912,1.188406,0.82,0.0,0.0,pix
real_001_s001_2026-05-18_16-09-35-461,001,001,1,020,020.jpg,262,76.463733,1779113451.926456,4.35,-1400.0,-412.0,2940,1912,1.188406,0.82,0.0,0.0,pix
real_001_s001_2026-05-18_16-09-35-461,001,001,1,020,020.jpg,263,76.4804,1779113451.943122,4.366667,-1400.0,-412.0,2940,1912,1.188406,0.82,0.0,0.0,pix
real_001_s001_2026-05-18_16-09-35-461,001,001,1,020,020.jpg,264,76.497067,1779113451.959789,4.383333,-1400.0,-412.0,2940,1912,1.188406,0.82,0.0,0.0,pix
real_001_s001_2026-05-18_16-09-35-461,001,001,1,020,020.jpg,265,76.513733,1779113451.976456,4.4,-1400.0,-412.0,2940,1912,1.188406,0.82,0.0,0.0,pix
real_001_s001_2026-05-18_16-09-35-461,001,001,1,020,020.jpg,266,76.5304,1779113451.993123,4.416667,-1400.0,-412.0,2940,1912,1.188406,0.82,0.0,0.0,pix
real_001_s001_2026-05-18_16-09-35-461,001,001,1,020,020.jpg,267,76.547067,1779113452.009789,4.433333,-1400.0,-412.0,2940,1912,1.188406,0.82,0.0,0.0,pix
real_001_s001_2026-05-18_16-09-35-461,001,001,1,020,020.jpg,268,76.563733,1779113452.026456,4.45,-1400.0,-412.0,2940,1912,1.188406,0.82,0.0,0.0,pix
real_001_s001_2026-05-18_16-09-35-461,001,001,1,020,020.jpg,269,76.5804,1779113452.043123,4.466667,-1400.0,-412.0,2940,1912,1.188406,0.82,0.0,0.0,pix
real_001_s001_2026-05-18_16-09-35-461,001,001,1,020,020.jpg,270,76.597067,1779113452.059789,4.483333,-1400.0,-412.0,2940,1912,1.188406,0.82,0.0,0.0,pix
real_001_s001_2026-05-18_16-09-35-461,001,001,1,020,020.jpg,271,76.613733,1779113452.076456,4.5,-1400.0,-412.0,2940,1912,1.188406,0.82,0.0,0.0,pix
real_001_s001_2026-05-18_16-09-35-461,001,001,1,020,020.jpg,272,76.6304,1779113452.093122,4.516667,-1400.0,-412.0,2940,1912,1.188406,0.82,0.0,0.0,pix
real_001_s001_2026-05-18_16-09-35-461,001,001,1,020,020.jpg,273,76.647067,1779113452.109789,4.533333,-1400.0,-412.0,2940,1912,1.188406,0.82,0.0,0.0,pix
real_001_s001_2026-05-18_16-09-35-461,001,001,1,020,020.jpg,274,76.663733,1779113452.126456,4.55,-1400.0,-412.0,2940,1912,1.188406,0.82,0.0,0.0,pix
real_001_s001_2026-05-18_16-09-35-461,001,001,1,020,020.jpg,275,76.6804,1779113452.143122,4.566667,-1400.0,-412.0,2940,1912,1.188406,0.82,0.0,0.0,pix
real_001_s001_2026-05-18_16-09-35-461,001,001,1,020,020.jpg,276,76.697067,1779113452.159789,4.583333,-1400.0,-412.0,2940,1912,1.188406,0.82,0.0,0.0,pix
real_001_s001_2026-05-18_16-09-35-461,001,001,1,020,020.jpg,277,76.713733,1779113452.176456,4.6,-1400.0,-412.0,2940,1912,1.188406,0.82,0.0,0.0,pix
real_001_s001_2026-05-18_16-09-35-461,001,001,1,020,020.jpg,278,76.7304,1779113452.193122,4.616667,-1400.0,-412.0,2940,1912,1.188406,0.82,0.0,0.0,pix
real_001_s001_2026-05-18_16-09-35-461,001,001,1,020,020.jpg,279,76.747067,1779113452.209789,4.633333,-1400.0,-412.0,2940,1912,1.188406,0.82,0.0,0.0,pix
real_001_s001_2026-05-18_16-09-35-461,001,001,1,020,020.jpg,280,76.763733,1779113452.226456,4.65,-1400.0,-412.0,2940,1912,1.188406,0.82,0.0,0.0,pix
real_001_s001_2026-05-18_16-09-35-461,001,001,1,020,020.jpg,281,76.7804,1779113452.243123,4.666667,-1400.0,-412.0,2940,1912,1.188406,0.82,0.0,0.0,pix
real_001_s001_2026-05-18_16-09-35-461,001,001,1,020,020.jpg,282,76.797067,1779113452.259789,4.683333,-1400.0,-412.0,2940,1912,1.188406,0.82,0.0,0.0,pix
real_001_s001_2026-05-18_16-09-35-461,001,001,1,020,020.jpg,283,76.813733,1779113452.276456,4.7,-1400.0,-412.0,2940,1912,1.188406,0.82,0.0,0.0,pix
real_001_s001_2026-05-18_16-09-35-461,001,001,1,020,020.jpg,284,76.8304,1779113452.293123,4.716667,-1400.0,-412.0,2940,1912,1.188406,0.82,0.0,0.0,pix
real_001_s001_2026-05-18_16-09-35-461,001,001,1,020,020.jpg,285,76.847067,1779113452.309789,4.733333,-1400.0,-412.0,2940,1912,1.188406,0.82,0.0,0.0,pix
real_001_s001_2026-05-18_16-09-35-461,001,001,1,020,020.jpg,286,76.863733,1779113452.326456,4.75,-1400.0,-412.0,2940,1912,1.188406,0.82,0.0,0.0,pix
real_001_s001_2026-05-18_16-09-35-461,001,001,1,020,020.jpg,287,76.8804,1779113452.343122,4.766667,-1400.0,-412.0,2940,1912,1.188406,0.82,0.0,0.0,pix
real_001_s001_2026-05-18_16-09-35-461,001,001,1,020,020.jpg,288,76.897067,1779113452.359789,4.783333,-1400.0,-412.0,2940,1912,1.188406,0.82,0.0,0.0,pix
real_001_s001_2026-05-18_16-09-35-461,001,001,1,020,020.jpg,289,76.913733,1779113452.376456,4.8,-1400.0,-412.0,2940,1912,1.188406,0.82,0.0,0.0,pix
real_001_s001_2026-05-18_16-09-35-461,001,001,1,020,020.jpg,290,76.9304,1779113452.393122,4.816667,-1400.0,-412.0,2940,1912,1.188406,0.82,0.0,0.0,pix
real_001_s001_2026-05-18_16-09-35-461,001,001,1,020,020.jpg,291,76.947067,1779113452.409789,4.833333,-1400.0,-412.0,2940,1912,1.188406,0.82,0.0,0.0,pix
real_001_s001_2026-05-18_16-09-35-461,001,001,1,020,020.jpg,292,76.963733,1779113452.426456,4.85,-1400.0,-412.0,2940,1912,1.188406,0.82,0.0,0.0,pix
real_001_s001_2026-05-18_16-09-35-461,001,001,1,020,020.jpg,293,76.9804,1779113452.443122,4.866667,-1400.0,-412.0,2940,1912,1.188406,0.82,0.0,0.0,pix
real_001_s001_2026-05-18_16-09-35-461,001,001,1,020,020.jpg,294,76.997067,1779113452.459789,4.883333,-1400.0,-412.0,2940,1912,1.188406,0.82,0.0,0.0,pix
real_001_s001_2026-05-18_16-09-35-461,001,001,1,020,020.jpg,295,77.013733,1779113452.476456,4.9,-1400.0,-412.0,2940,1912,1.188406,0.82,0.0,0.0,pix
real_001_s001_2026-05-18_16-09-35-461,001,001,1,020,020.jpg,296,77.0304,1779113452.493123,4.916667,-1400.0,-412.0,2940,1912,1.188406,0.82,0.0,0.0,pix
real_001_s001_2026-05-18_16-09-35-461,001,001,1,020,020.jpg,297,77.047067,1779113452.509789,4.933333,-1400.0,-412.0,2940,1912,1.188406,0.82,0.0,0.0,pix
real_001_s001_2026-05-18_16-09-35-461,001,001,1,020,020.jpg,298,77.063733,1779113452.526456,4.95,-1400.0,-412.0,2940,1912,1.188406,0.82,0.0,0.0,pix
real_001_s001_2026-05-18_16-09-35-461,001,001,1,020,020.jpg,299,77.0804,1779113452.543123,4.966667,-1400.0,-412.0,2940,1912,1.188406,0.82,0.0,0.0,pix
real_001_s001_2026-05-18_16-09-35-461,001,001,1,020,020.jpg,300,77.097067,1779113452.559789,4.983333,-1400.0,-412.0,2940,1912,1.188406,0.82,0.0,0.0,pix
real_001_s001_2026-05-18_16-09-35-461,001,001,1,020,020.jpg,301,77.113733,1779113452.576456,5.0,-1400.0,-412.0,2940,1912,1.188406,0.82,0.0,0.0,pix
real_001_s001_2026-05-18_16-09-35-461,001,001,1,020,020.jpg,302,77.1304,1779113452.593122,5.016667,-1400.0,-412.0,2940,1912,1.188406,0.82,0.0,0.0,pix
real_001_s001_2026-05-18_16-09-35-461,001,001,1,020,020.jpg,303,77.147067,1779113452.609789,5.033333,-1400.0,-412.0,2940,1912,1.188406,0.82,0.0,0.0,pix
real_001_s001_2026-05-18_16-09-35-461,001,001,1,020,020.jpg,304,77.163733,1779113452.626456,5.05,-1400.0,-412.0,2940,1912,1.188406,0.82,0.0,0.0,pix
real_001_s001_2026-05-18_16-09-35-461,001,001,1,020,020.jpg,305,77.1804,1779113452.643122,5.066667,-1400.0,-412.0,2940,1912,1.188406,0.82,0.0,0.0,pix
real_001_s001_2026-05-18_16-09-35-461,001,001,1,020,020.jpg,306,77.197067,1779113452.659789,5.083333,-1400.0,-412.0,2940,1912,1.188406,0.82,0.0,0.0,pix
real_001_s001_2026-05-18_16-09-35-461,001,001,1,020,020.jpg,307,77.213733,1779113452.676456,5.1,-1400.0,-412.0,2940,1912,1.188406,0.82,0.0,0.0,pix
real_001_s001_2026-05-18_16-09-35-461,001,001,1,020,020.jpg,308,77.2304,1779113452.693122,5.116667,-1400.0,-412.0,2940,1912,1.188406,0.82,0.0,0.0,pix
real_001_s001_2026-05-18_16-09-35-461,001,001,1,020,020.jpg,309,77.247067,1779113452.709789,5.133333,-1400.0,-412.0,2940,1912,1.188406,0.82,0.0,0.0,pix
real_001_s001_2026-05-18_16-09-35-461,001,001,1,020,020.jpg,310,77.263733,1779113452.726456,5.15,-1400.0,-412.0,2940,1912,1.188406,0.82,0.0,0.0,pix
real_001_s001_2026-05-18_16-09-35-461,001,001,1,020,020.jpg,311,77.2804,1779113452.743123,5.166667,-1400.0,-412.0,2940,1912,1.188406,0.82,0.0,0.0,pix
real_001_s001_2026-05-18_16-09-35-461,001,001,1,020,020.jpg,312,77.297067,1779113452.759789,5.183333,-1400.0,-412.0,2940,1912,1.188406,0.82,0.0,0.0,pix
real_001_s001_2026-05-18_16-09-35-461,001,001,1,020,020.jpg,313,77.313733,1779113452.776456,5.2,-1400.0,-412.0,2940,1912,1.188406,0.82,0.0,0.0,pix
real_001_s001_2026-05-18_16-09-35-461,001,001,1,020,020.jpg,314,77.3304,1779113452.793123,5.216667,-1400.0,-412.0,2940,1912,1.188406,0.82,0.0,0.0,pix
real_001_s001_2026-05-18_16-09-35-461,001,001,1,020,020.jpg,315,77.347067,1779113452.809789,5.233333,-1400.0,-412.0,2940,1912,1.188406,0.82,0.0,0.0,pix
real_001_s001_2026-05-18_16-09-35-461,001,001,1,020,020.jpg,316,77.363733,1779113452.826456,5.25,-1400.0,-412.0,2940,1912,1.188406,0.82,0.0,0.0,pix
real_001_s001_2026-05-18_16-09-35-461,001,001,1,020,020.jpg,317,77.3804,1779113452.843122,5.266667,-1400.0,-412.0,2940,1912,1.188406,0.82,0.0,0.0,pix
real_001_s001_2026-05-18_16-09-35-461,001,001,1,020,020.jpg,318,77.397067,1779113452.859789,5.283333,-1400.0,-412.0,2940,1912,1.188406,0.82,0.0,0.0,pix
real_001_s001_2026-05-18_16-09-35-461,001,001,1,020,020.jpg,319,77.413733,1779113452.876456,5.3,-1400.0,-412.0,2940,1912,1.188406,0.82,0.0,0.0,pix
real_001_s001_2026-05-18_16-09-35-461,001,001,1,020,020.jpg,320,77.4304,1779113452.893122,5.316667,-1400.0,-412.0,2940,1912,1.188406,0.82,0.0,0.0,pix
real_001_s001_2026-05-18_16-09-35-461,001,001,1,020,020.jpg,321,77.447067,1779113452.909789,5.333333,-1400.0,-412.0,2940,1912,1.188406,0.82,0.0,0.0,pix
real_001_s001_2026-05-18_16-09-35-461,001,001,1,020,020.jpg,322,77.463733,1779113452.926456,5.35,-1400.0,-412.0,2940,1912,1.188406,0.82,0.0,0.0,pix
real_001_s001_2026-05-18_16-09-35-461,001,001,1,020,020.jpg,323,77.4804,1779113452.943122,5.366667,-1400.0,-412.0,2940,1912,1.188406,0.82,0.0,0.0,pix
real_001_s001_2026-05-18_16-09-35-461,001,001,1,020,020.jpg,324,77.497067,1779113452.959789,5.383333,-1400.0,-412.0,2940,1912,1.188406,0.82,0.0,0.0,pix
real_001_s001_2026-05-18_16-09-35-461,001,001,1,020,020.jpg,325,77.513733,1779113452.976456,5.4,-1400.0,-412.0,2940,1912,1.188406,0.82,0.0,0.0,pix
real_001_s001_2026-05-18_16-09-35-461,001,001,1,020,020.jpg,326,77.5304,1779113452.993123,5.416667,-1400.0,-412.0,2940,1912,1.188406,0.82,0.0,0.0,pix
real_001_s001_2026-05-18_16-09-35-461,001,001,1,020,020.jpg,327,77.547067,1779113453.009789,5.433333,-1400.0,-412.0,2940,1912,1.188406,0.82,0.0,0.0,pix
real_001_s001_2026-05-18_16-09-35-461,001,001,1,020,020.jpg,328,77.563733,1779113453.026456,5.45,-1400.0,-412.0,2940,1912,1.188406,0.82,0.0,0.0,pix
real_001_s001_2026-05-18_16-09-35-461,001,001,1,020,020.jpg,329,77.5804,1779113453.043123,5.466667,-1400.0,-412.0,2940,1912,1.188406,0.82,0.0,0.0,pix
real_001_s001_2026-05-18_16-09-35-461,001,001,1,020,020.jpg,330,77.597067,1779113453.059789,5.483333,-1400.0,-412.0,2940,1912,1.188406,0.82,0.0,0.0,pix
real_001_s001_2026-05-18_16-09-35-461,001,001,1,020,020.jpg,331,77.613733,1779113453.076456,5.5,-1400.0,-412.0,2940,1912,1.188406,0.82,0.0,0.0,pix
real_001_s001_2026-05-18_16-09-35-461,001,001,1,020,020.jpg,332,77.6304,1779113453.093122,5.516667,-1400.0,-412.0,2940,1912,1.188406,0.82,0.0,0.0,pix
real_001_s001_2026-05-18_16-09-35-461,001,001,1,020,020.jpg,333,77.647067,1779113453.109789,5.533333,-1400.0,-412.0,2940,1912,1.188406,0.82,0.0,0.0,pix
real_001_s001_2026-05-18_16-09-35-461,001,001,1,020,020.jpg,334,77.663733,1779113453.126456,5.55,-1400.0,-412.0,2940,1912,1.188406,0.82,0.0,0.0,pix
real_001_s001_2026-05-18_16-09-35-461,001,001,1,020,020.jpg,335,77.6804,1779113453.143122,5.566667,-1400.0,-412.0,2940,1912,1.188406,0.82,0.0,0.0,pix
real_001_s001_2026-05-18_16-09-35-461,001,001,1,020,020.jpg,336,77.697067,1779113453.159789,5.583333,-1400.0,-412.0,2940,1912,1.188406,0.82,0.0,0.0,pix
real_001_s001_2026-05-18_16-09-35-461,001,001,1,020,020.jpg,337,77.713733,1779113453.176456,5.6,-1400.0,-412.0,2940,1912,1.188406,0.82,0.0,0.0,pix
real_001_s001_2026-05-18_16-09-35-461,001,001,1,020,020.jpg,338,77.7304,1779113453.193122,5.616667,-1400.0,-412.0,2940,1912,1.188406,0.82,0.0,0.0,pix
real_001_s001_2026-05-18_16-09-35-461,001,001,1,020,020.jpg,339,77.747067,1779113453.209789,5.633333,-1400.0,-412.0,2940,1912,1.188406,0.82,0.0,0.0,pix
real_001_s001_2026-05-18_16-09-35-461,001,001,1,020,020.jpg,340,77.763733,1779113453.226456,5.65,-1400.0,-412.0,2940,1912,1.188406,0.82,0.0,0.0,pix
real_001_s001_2026-05-18_16-09-35-461,001,001,1,020,020.jpg,341,77.7804,1779113453.243123,5.666667,-1400.0,-412.0,2940,1912,1.188406,0.82,0.0,0.0,pix
real_001_s001_2026-05-18_16-09-35-461,001,001,1,020,020.jpg,342,77.797067,1779113453.259789,5.683333,-1400.0,-412.0,2940,1912,1.188406,0.82,0.0,0.0,pix
real_001_s001_2026-05-18_16-09-35-461,001,001,1,020,020.jpg,343,77.813733,1779113453.276456,5.7,-1400.0,-412.0,2940,1912,1.188406,0.82,0.0,0.0,pix
real_001_s001_2026-05-18_16-09-35-461,001,001,1,020,020.jpg,344,77.8304,1779113453.293123,5.716667,-1400.0,-412.0,2940,1912,1.188406,0.82,0.0,0.0,pix
real_001_s001_2026-05-18_16-09-35-461,001,001,1,020,020.jpg,345,77.847067,1779113453.309789,5.733333,-1400.0,-412.0,2940,1912,1.188406,0.82,0.0,0.0,pix
real_001_s001_2026-05-18_16-09-35-461,001,001,1,020,020.jpg,346,77.863733,1779113453.326456,5.75,-1400.0,-412.0,2940,1912,1.188406,0.82,0.0,0.0,pix
real_001_s001_2026-05-18_16-09-35-461,001,001,1,020,020.jpg,347,77.8804,1779113453.343122,5.766667,-1400.0,-412.0,2940,1912,1.188406,0.82,0.0,0.0,pix
real_001_s001_2026-05-18_16-09-35-461,001,001,1,020,020.jpg,348,77.897067,1779113453.359789,5.783333,-1400.0,-412.0,2940,1912,1.188406,0.82,0.0,0.0,pix
real_001_s001_2026-05-18_16-09-35-461,001,001,1,020,020.jpg,349,77.913733,1779113453.376456,5.8,-1400.0,-412.0,2940,1912,1.188406,0.82,0.0,0.0,pix
real_001_s001_2026-05-18_16-09-35-461,001,001,1,020,020.jpg,350,77.9304,1779113453.393122,5.816667,-1400.0,-412.0,2940,1912,1.188406,0.82,0.0,0.0,pix
real_001_s001_2026-05-18_16-09-35-461,001,001,1,020,020.jpg,351,77.947067,1779113453.409789,5.833333,-1400.0,-412.0,2940,1912,1.188406,0.82,0.0,0.0,pix
real_001_s001_2026-05-18_16-09-35-461,001,001,1,020,020.jpg,352,77.963733,1779113453.426456,5.85,-1400.0,-412.0,2940,1912,1.188406,0.82,0.0,0.0,pix
real_001_s001_2026-05-18_16-09-35-461,001,001,1,020,020.jpg,353,77.9804,1779113453.443122,5.866667,-1400.0,-412.0,2940,1912,1.188406,0.82,0.0,0.0,pix
real_001_s001_2026-05-18_16-09-35-461,001,001,1,020,020.jpg,354,77.997067,1779113453.459789,5.883333,-1400.0,-412.0,2940,1912,1.188406,0.82,0.0,0.0,pix
real_001_s001_2026-05-18_16-09-35-461,001,001,1,020,020.jpg,355,78.013733,1779113453.476456,5.9,-1400.0,-412.0,2940,1912,1.188406,0.82,0.0,0.0,pix
real_001_s001_2026-05-18_16-09-35-461,001,001,1,020,020.jpg,356,78.0304,1779113453.493123,5.916667,-1400.0,-412.0,2940,1912,1.188406,0.82,0.0,0.0,pix
real_001_s001_2026-05-18_16-09-35-461,001,001,1,020,020.jpg,357,78.047067,1779113453.509789,5.933333,-1400.0,-412.0,2940,1912,1.188406,0.82,0.0,0.0,pix
real_001_s001_2026-05-18_16-09-35-461,001,001,1,020,020.jpg,358,78.063733,1779113453.526456,5.95,-1400.0,-412.0,2940,1912,1.188406,0.82,0.0,0.0,pix
real_001_s001_2026-05-18_16-09-35-461,001,001,1,020,020.jpg,359,78.0804,1779113453.543123,5.966667,-1400.0,-412.0,2940,1912,1.188406,0.82,0.0,0.0,pix
real_001_s001_2026-05-18_16-09-35-461,001,001,1,020,020.jpg,360,78.097067,1779113453.559789,5.983333,-1400.0,-412.0,2940,1912,1.188406,0.82,0.0,0.0,pix
real_001_s001_2026-05-18_16-09-35-461,001,001,1,020,020.jpg,361,78.113733,1779113453.576456,6.0,-1400.0,-412.0,2940,1912,1.188406,0.82,0.0,0.0,pix
real_001_s001_2026-05-18_16-09-35-461,001,001,1,020,020.jpg,362,78.1304,1779113453.593122,6.016667,-1400.0,-412.0,2940,1912,1.188406,0.82,0.0,0.0,pix
real_001_s001_2026-05-18_16-09-35-461,001,001,1,020,020.jpg,363,78.147067,1779113453.609789,6.033333,-1400.0,-412.0,2940,1912,1.188406,0.82,0.0,0.0,pix
real_001_s001_2026-05-18_16-09-35-461,001,001,1,020,020.jpg,364,78.163733,1779113453.626456,6.05,-1400.0,-412.0,2940,1912,1.188406,0.82,0.0,0.0,pix
real_001_s001_2026-05-18_16-09-35-461,001,001,1,020,020.jpg,365,78.1804,1779113453.643122,6.066667,-1400.0,-412.0,2940,1912,1.188406,0.82,0.0,0.0,pix
real_001_s001_2026-05-18_16-09-35-461,001,001,1,020,020.jpg,366,78.197067,1779113453.659789,6.083333,-1400.0,-412.0,2940,1912,1.188406,0.82,0.0,0.0,pix
real_001_s001_2026-05-18_16-09-35-461,001,001,1,020,020.jpg,367,78.213733,1779113453.676456,6.1,-1400.0,-412.0,2940,1912,1.188406,0.82,0.0,0.0,pix
real_001_s001_2026-05-18_16-09-35-461,001,001,1,020,020.jpg,368,78.2304,1779113453.693122,6.116667,-1400.0,-412.0,2940,1912,1.188406,0.82,0.0,0.0,pix
real_001_s001_2026-05-18_16-09-35-461,001,001,1,020,020.jpg,369,78.247067,1779113453.709789,6.133333,-1400.0,-412.0,2940,1912,1.188406,0.82,0.0,0.0,pix
real_001_s001_2026-05-18_16-09-35-461,001,001,1,020,020.jpg,370,78.263733,1779113453.726456,6.15,-1400.0,-412.0,2940,1912,1.188406,0.82,0.0,0.0,pix
real_001_s001_2026-05-18_16-09-35-461,001,001,1,020,020.jpg,371,78.2804,1779113453.743123,6.166667,-1400.0,-412.0,2940,1912,1.188406,0.82,0.0,0.0,pix
real_001_s001_2026-05-18_16-09-35-461,001,001,1,020,020.jpg,372,78.297067,1779113453.759789,6.183333,-1400.0,-412.0,2940,1912,1.188406,0.82,0.0,0.0,pix
real_001_s001_2026-05-18_16-09-35-461,001,001,1,020,020.jpg,373,78.313733,1779113453.776456,6.2,-1400.0,-412.0,2940,1912,1.188406,0.82,0.0,0.0,pix
real_001_s001_2026-05-18_16-09-35-461,001,001,1,020,020.jpg,374,78.3304,1779113453.793123,6.216667,-1400.0,-412.0,2940,1912,1.188406,0.82,0.0,0.0,pix
real_001_s001_2026-05-18_16-09-35-461,001,001,1,020,020.jpg,375,78.347067,1779113453.809789,6.233333,-1400.0,-412.0,2940,1912,1.188406,0.82,0.0,0.0,pix
real_001_s001_2026-05-18_16-09-35-461,001,001,1,020,020.jpg,376,78.363733,1779113453.826456,6.25,-1400.0,-412.0,2940,1912,1.188406,0.82,0.0,0.0,pix
real_001_s001_2026-05-18_16-09-35-461,001,001,1,020,020.jpg,377,78.3804,1779113453.843122,6.266667,-1400.0,-412.0,2940,1912,1.188406,0.82,0.0,0.0,pix
real_001_s001_2026-05-18_16-09-35-461,001,001,1,020,020.jpg,378,78.397067,1779113453.859789,6.283333,-1400.0,-412.0,2940,1912,1.188406,0.82,0.0,0.0,pix
real_001_s001_2026-05-18_16-09-35-461,001,001,1,020,020.jpg,379,78.413733,1779113453.876456,6.3,-1400.0,-412.0,2940,1912,1.188406,0.82,0.0,0.0,pix
real_001_s001_2026-05-18_16-09-35-461,001,001,1,020,020.jpg,380,78.4304,1779113453.893122,6.316667,-1400.0,-412.0,2940,1912,1.188406,0.82,0.0,0.0,pix
real_001_s001_2026-05-18_16-09-35-461,001,001,1,020,020.jpg,381,78.447067,1779113453.909789,6.333333,-1400.0,-412.0,2940,1912,1.188406,0.82,0.0,0.0,pix
real_001_s001_2026-05-18_16-09-35-461,001,001,1,020,020.jpg,382,78.463733,1779113453.926456,6.35,-1400.0,-412.0,2940,1912,1.188406,0.82,0.0,0.0,pix
real_001_s001_2026-05-18_16-09-35-461,001,001,1,020,020.jpg,383,78.4804,1779113453.943122,6.366667,-1400.0,-412.0,2940,1912,1.188406,0.82,0.0,0.0,pix
real_001_s001_2026-05-18_16-09-35-461,001,001,1,020,020.jpg,384,78.497067,1779113453.959789,6.383333,-1400.0,-412.0,2940,1912,1.188406,0.82,0.0,0.0,pix
real_001_s001_2026-05-18_16-09-35-461,001,001,1,020,020.jpg,385,78.513733,1779113453.976456,6.4,-1400.0,-412.0,2940,1912,1.188406,0.82,0.0,0.0,pix
real_001_s001_2026-05-18_16-09-35-461,001,001,1,020,020.jpg,386,78.5304,1779113453.993123,6.416667,-1400.0,-412.0,2940,1912,1.188406,0.82,0.0,0.0,pix
real_001_s001_2026-05-18_16-09-35-461,001,001,1,020,020.jpg,387,78.547067,1779113454.009789,6.433333,-1400.0,-412.0,2940,1912,1.188406,0.82,0.0,0.0,pix
real_001_s001_2026-05-18_16-09-35-461,001,001,1,020,020.jpg,388,78.563733,1779113454.026456,6.45,-1400.0,-412.0,2940,1912,1.188406,0.82,0.0,0.0,pix
real_001_s001_2026-05-18_16-09-35-461,001,001,1,020,020.jpg,389,78.5804,1779113454.043123,6.466667,-1400.0,-412.0,2940,1912,1.188406,0.82,0.0,0.0,pix
real_001_s001_2026-05-18_16-09-35-461,001,001,1,020,020.jpg,390,78.597067,1779113454.059789,6.483333,-1400.0,-412.0,2940,1912,1.188406,0.82,0.0,0.0,pix
real_001_s001_2026-05-18_16-09-35-461,001,001,1,020,020.jpg,391,78.613733,1779113454.076456,6.5,-1400.0,-412.0,2940,1912,1.188406,0.82,0.0,0.0,pix
real_001_s001_2026-05-18_16-09-35-461,001,001,1,020,020.jpg,392,78.6304,1779113454.093122,6.516667,-1400.0,-412.0,2940,1912,1.188406,0.82,0.0,0.0,pix
real_001_s001_2026-05-18_16-09-35-461,001,001,1,020,020.jpg,393,78.647067,1779113454.109789,6.533333,-1400.0,-412.0,2940,1912,1.188406,0.82,0.0,0.0,pix
real_001_s001_2026-05-18_16-09-35-461,001,001,1,020,020.jpg,394,78.663733,1779113454.126456,6.55,-1400.0,-412.0,2940,1912,1.188406,0.82,0.0,0.0,pix
real_001_s001_2026-05-18_16-09-35-461,001,001,1,020,020.jpg,395,78.6804,1779113454.143122,6.566667,-1400.0,-412.0,2940,1912,1.188406,0.82,0.0,0.0,pix
real_001_s001_2026-05-18_16-09-35-461,001,001,1,020,020.jpg,396,78.697067,1779113454.159789,6.583333,-1400.0,-412.0,2940,1912,1.188406,0.82,0.0,0.0,pix
real_001_s001_2026-05-18_16-09-35-461,001,001,1,020,020.jpg,397,78.713733,1779113454.176456,6.6,-1400.0,-412.0,2940,1912,1.188406,0.82,0.0,0.0,pix
real_001_s001_2026-05-18_16-09-35-461,001,001,1,020,020.jpg,398,78.7304,1779113454.193122,6.616667,-1400.0,-412.0,2940,1912,1.188406,0.82,0.0,0.0,pix
real_001_s001_2026-05-18_16-09-35-461,001,001,1,020,020.jpg,399,78.747067,1779113454.209789,6.633333,-1400.0,-412.0,2940,1912,1.188406,0.82,0.0,0.0,pix
real_001_s001_2026-05-18_16-09-35-461,001,001,1,020,020.jpg,400,78.763733,1779113454.226456,6.65,-1400.0,-412.0,2940,1912,1.188406,0.82,0.0,0.0,pix
real_001_s001_2026-05-18_16-09-35-461,001,001,1,020,020.jpg,401,78.7804,1779113454.243123,6.666667,-1400.0,-412.0,2940,1912,1.188406,0.82,0.0,0.0,pix
real_001_s001_2026-05-18_16-09-35-461,001,001,1,020,020.jpg,402,78.797067,1779113454.259789,6.683333,-1400.0,-412.0,2940,1912,1.188406,0.82,0.0,0.0,pix
real_001_s001_2026-05-18_16-09-35-461,001,001,1,020,020.jpg,403,78.813733,1779113454.276456,6.7,-1400.0,-412.0,2940,1912,1.188406,0.82,0.0,0.0,pix
real_001_s001_2026-05-18_16-09-35-461,001,001,1,020,020.jpg,404,78.8304,1779113454.293123,6.716667,-1400.0,-412.0,2940,1912,1.188406,0.82,0.0,0.0,pix
real_001_s001_2026-05-18_16-09-35-461,001,001,1,020,020.jpg,405,78.847067,1779113454.309789,6.733333,-1400.0,-412.0,2940,1912,1.188406,0.82,0.0,0.0,pix
real_001_s001_2026-05-18_16-09-35-461,001,001,1,020,020.jpg,406,78.863733,1779113454.326456,6.75,-1400.0,-412.0,2940,1912,1.188406,0.82,0.0,0.0,pix
real_001_s001_2026-05-18_16-09-35-461,001,001,1,020,020.jpg,407,78.8804,1779113454.343122,6.766667,-1400.0,-412.0,2940,1912,1.188406,0.82,0.0,0.0,pix
real_001_s001_2026-05-18_16-09-35-461,001,001,1,020,020.jpg,408,78.897067,1779113454.359789,6.783333,-1400.0,-412.0,2940,1912,1.188406,0.82,0.0,0.0,pix
real_001_s001_2026-05-18_16-09-35-461,001,001,1,020,020.jpg,409,78.913733,1779113454.376456,6.8,-1400.0,-412.0,2940,1912,1.188406,0.82,0.0,0.0,pix
real_001_s001_2026-05-18_16-09-35-461,001,001,1,020,020.jpg,410,78.9304,1779113454.393122,6.816667,-1400.0,-412.0,2940,1912,1.188406,0.82,0.0,0.0,pix
real_001_s001_2026-05-18_16-09-35-461,001,001,1,020,020.jpg,411,78.947067,1779113454.409789,6.833333,-1400.0,-412.0,2940,1912,1.188406,0.82,0.0,0.0,pix
real_001_s001_2026-05-18_16-09-35-461,001,001,1,020,020.jpg,412,78.963733,1779113454.426456,6.85,-1400.0,-412.0,2940,1912,1.188406,0.82,0.0,0.0,pix
real_001_s001_2026-05-18_16-09-35-461,001,001,1,020,020.jpg,413,78.9804,1779113454.443122,6.866667,-1400.0,-412.0,2940,1912,1.188406,0.82,0.0,0.0,pix
real_001_s001_2026-05-18_16-09-35-461,001,001,1,020,020.jpg,414,78.997067,1779113454.459789,6.883333,-1400.0,-412.0,2940,1912,1.188406,0.82,0.0,0.0,pix
real_001_s001_2026-05-18_16-09-35-461,001,001,1,020,020.jpg,415,79.013733,1779113454.476456,6.9,-1400.0,-412.0,2940,1912,1.188406,0.82,0.0,0.0,pix
real_001_s001_2026-05-18_16-09-35-461,001,001,1,020,020.jpg,416,79.0304,1779113454.493123,6.916667,-1400.0,-412.0,2940,1912,1.188406,0.82,0.0,0.0,pix
real_001_s001_2026-05-18_16-09-35-461,001,001,1,020,020.jpg,417,79.047067,1779113454.509789,6.933333,-1400.0,-412.0,2940,1912,1.188406,0.82,0.0,0.0,pix
real_001_s001_2026-05-18_16-09-35-461,001,001,1,020,020.jpg,418,79.063733,1779113454.526456,6.95,-1400.0,-412.0,2940,1912,1.188406,0.82,0.0,0.0,pix
real_001_s001_2026-05-18_16-09-35-461,001,001,1,020,020.jpg,419,79.0804,1779113454.543123,6.966667,-1400.0,-412.0,2940,1912,1.188406,0.82,0.0,0.0,pix
real_001_s001_2026-05-18_16-09-35-461,001,001,1,020,020.jpg,420,79.097067,1779113454.559789,6.983333,-1400.0,-412.0,2940,1912,1.188406,0.82,0.0,0.0,pix
real_001_s001_2026-05-18_16-09-35-461,001,001,1,020,020.jpg,421,79.113733,1779113454.576456,7.0,-1400.0,-412.0,2940,1912,1.188406,0.82,0.0,0.0,pix
real_001_s001_2026-05-18_16-09-35-461,001,001,1,020,020.jpg,422,79.1304,1779113454.593122,7.016667,-1400.0,-412.0,2940,1912,1.188406,0.82,0.0,0.0,pix
real_001_s001_2026-05-18_16-09-35-461,001,001,1,020,020.jpg,423,79.147067,1779113454.609789,7.033333,-1400.0,-412.0,2940,1912,1.188406,0.82,0.0,0.0,pix
real_001_s001_2026-05-18_16-09-35-461,001,001,1,020,020.jpg,424,79.163733,1779113454.626456,7.05,-1400.0,-412.0,2940,1912,1.188406,0.82,0.0,0.0,pix
real_001_s001_2026-05-18_16-09-35-461,001,001,1,020,020.jpg,425,79.1804,1779113454.643122,7.066667,-1400.0,-412.0,2940,1912,1.188406,0.82,0.0,0.0,pix
real_001_s001_2026-05-18_16-09-35-461,001,001,1,020,020.jpg,426,79.197067,1779113454.659789,7.083333,-1400.0,-412.0,2940,1912,1.188406,0.82,0.0,0.0,pix
real_001_s001_2026-05-18_16-09-35-461,001,001,1,020,020.jpg,427,79.213733,1779113454.676456,7.1,-1400.0,-412.0,2940,1912,1.188406,0.82,0.0,0.0,pix
real_001_s001_2026-05-18_16-09-35-461,001,001,1,020,020.jpg,428,79.2304,1779113454.693122,7.116667,-1400.0,-412.0,2940,1912,1.188406,0.82,0.0,0.0,pix
real_001_s001_2026-05-18_16-09-35-461,001,001,1,020,020.jpg,429,79.247067,1779113454.709789,7.133333,-1400.0,-412.0,2940,1912,1.188406,0.82,0.0,0.0,pix
real_001_s001_2026-05-18_16-09-35-461,001,001,1,020,020.jpg,430,79.263733,1779113454.726456,7.15,-1400.0,-412.0,2940,1912,1.188406,0.82,0.0,0.0,pix
real_001_s001_2026-05-18_16-09-35-461,001,001,1,020,020.jpg,431,79.2804,1779113454.743123,7.166667,-1400.0,-412.0,2940,1912,1.188406,0.82,0.0,0.0,pix
real_001_s001_2026-05-18_16-09-35-461,001,001,1,020,020.jpg,432,79.297067,1779113454.759789,7.183333,-1400.0,-412.0,2940,1912,1.188406,0.82,0.0,0.0,pix
real_001_s001_2026-05-18_16-09-35-461,001,001,1,020,020.jpg,433,79.313733,1779113454.776456,7.2,-1400.0,-412.0,2940,1912,1.188406,0.82,0.0,0.0,pix
real_001_s001_2026-05-18_16-09-35-461,001,001,1,020,020.jpg,434,79.3304,1779113454.793123,7.216667,-1400.0,-412.0,2940,1912,1.188406,0.82,0.0,0.0,pix
real_001_s001_2026-05-18_16-09-35-461,001,001,1,020,020.jpg,435,79.347067,1779113454.809789,7.233333,-1400.0,-412.0,2940,1912,1.188406,0.82,0.0,0.0,pix
real_001_s001_2026-05-18_16-09-35-461,001,001,1,020,020.jpg,436,79.363733,1779113454.826456,7.25,-1400.0,-412.0,2940,1912,1.188406,0.82,0.0,0.0,pix
real_001_s001_2026-05-18_16-09-35-461,001,001,1,020,020.jpg,437,79.3804,1779113454.843122,7.266667,-1400.0,-412.0,2940,1912,1.188406,0.82,0.0,0.0,pix
real_001_s001_2026-05-18_16-09-35-461,001,001,1,020,020.jpg,438,79.397067,1779113454.859789,7.283333,-1400.0,-412.0,2940,1912,1.188406,0.82,0.0,0.0,pix
real_001_s001_2026-05-18_16-09-35-461,001,001,1,020,020.jpg,439,79.413733,1779113454.876456,7.3,-1400.0,-412.0,2940,1912,1.188406,0.82,0.0,0.0,pix
real_001_s001_2026-05-18_16-09-35-461,001,001,1,020,020.jpg,440,79.4304,1779113454.893122,7.316667,-1400.0,-412.0,2940,1912,1.188406,0.82,0.0,0.0,pix
real_001_s001_2026-05-18_16-09-35-461,001,001,1,020,020.jpg,441,79.447067,1779113454.909789,7.333333,-1400.0,-412.0,2940,1912,1.188406,0.82,0.0,0.0,pix
real_001_s001_2026-05-18_16-09-35-461,001,001,1,020,020.jpg,442,79.463733,1779113454.926456,7.35,-1400.0,-412.0,2940,1912,1.188406,0.82,0.0,0.0,pix
real_001_s001_2026-05-18_16-09-35-461,001,001,1,020,020.jpg,443,79.4804,1779113454.943122,7.366667,-1400.0,-412.0,2940,1912,1.188406,0.82,0.0,0.0,pix
real_001_s001_2026-05-18_16-09-35-461,001,001,1,020,020.jpg,444,79.497067,1779113454.959789,7.383333,-1400.0,-412.0,2940,1912,1.188406,0.82,0.0,0.0,pix
real_001_s001_2026-05-18_16-09-35-461,001,001,1,020,020.jpg,445,79.513733,1779113454.976456,7.4,-1400.0,-412.0,2940,1912,1.188406,0.82,0.0,0.0,pix
real_001_s001_2026-05-18_16-09-35-461,001,001,1,020,020.jpg,446,79.5304,1779113454.993123,7.416667,-1400.0,-412.0,2940,1912,1.188406,0.82,0.0,0.0,pix
real_001_s001_2026-05-18_16-09-35-461,001,001,1,020,020.jpg,447,79.547067,1779113455.009789,7.433333,-1400.0,-412.0,2940,1912,1.188406,0.82,0.0,0.0,pix
real_001_s001_2026-05-18_16-09-35-461,001,001,1,020,020.jpg,448,79.563733,1779113455.026456,7.45,-1400.0,-412.0,2940,1912,1.188406,0.82,0.0,0.0,pix
real_001_s001_2026-05-18_16-09-35-461,001,001,1,020,020.jpg,449,79.5804,1779113455.043123,7.466667,-1400.0,-412.0,2940,1912,1.188406,0.82,0.0,0.0,pix
real_001_s001_2026-05-18_16-09-35-461,001,001,1,020,020.jpg,450,79.597067,1779113455.059789,7.483333,-1400.0,-412.0,2940,1912,1.188406,0.82,0.0,0.0,pix
real_001_s001_2026-05-18_16-09-35-461,001,001,1,020,020.jpg,451,79.613733,1779113455.076456,7.5,-1400.0,-412.0,2940,1912,1.188406,0.82,0.0,0.0,pix
real_001_s001_2026-05-18_16-09-35-461,001,001,1,020,020.jpg,452,79.6304,1779113455.093122,7.516667,-1400.0,-412.0,2940,1912,1.188406,0.82,0.0,0.0,pix
real_001_s001_2026-05-18_16-09-35-461,001,001,1,020,020.jpg,453,79.647067,1779113455.109789,7.533333,-1400.0,-412.0,2940,1912,1.188406,0.82,0.0,0.0,pix
real_001_s001_2026-05-18_16-09-35-461,001,001,1,020,020.jpg,454,79.663733,1779113455.126456,7.55,-1400.0,-412.0,2940,1912,1.188406,0.82,0.0,0.0,pix
real_001_s001_2026-05-18_16-09-35-461,001,001,1,020,020.jpg,455,79.6804,1779113455.143122,7.566667,-1400.0,-412.0,2940,1912,1.188406,0.82,0.0,0.0,pix
real_001_s001_2026-05-18_16-09-35-461,001,001,1,020,020.jpg,456,79.697067,1779113455.159789,7.583333,-1400.0,-412.0,2940,1912,1.188406,0.82,0.0,0.0,pix
real_001_s001_2026-05-18_16-09-35-461,001,001,1,020,020.jpg,457,79.713733,1779113455.176456,7.6,-1400.0,-412.0,2940,1912,1.188406,0.82,0.0,0.0,pix
real_001_s001_2026-05-18_16-09-35-461,001,001,1,020,020.jpg,458,79.7304,1779113455.193122,7.616667,-1400.0,-412.0,2940,1912,1.188406,0.82,0.0,0.0,pix
real_001_s001_2026-05-18_16-09-35-461,001,001,1,020,020.jpg,459,79.747067,1779113455.209789,7.633333,-1400.0,-412.0,2940,1912,1.188406,0.82,0.0,0.0,pix
real_001_s001_2026-05-18_16-09-35-461,001,001,1,020,020.jpg,460,79.763733,1779113455.226456,7.65,-1400.0,-412.0,2940,1912,1.188406,0.82,0.0,0.0,pix
real_001_s001_2026-05-18_16-09-35-461,001,001,1,020,020.jpg,461,79.7804,1779113455.243123,7.666667,-1400.0,-412.0,2940,1912,1.188406,0.82,0.0,0.0,pix
real_001_s001_2026-05-18_16-09-35-461,001,001,1,020,020.jpg,462,79.797067,1779113455.259789,7.683333,-1400.0,-412.0,2940,1912,1.188406,0.82,0.0,0.0,pix
real_001_s001_2026-05-18_16-09-35-461,001,001,1,020,020.jpg,463,79.813733,1779113455.276456,7.7,-1400.0,-412.0,2940,1912,1.188406,0.82,0.0,0.0,pix
real_001_s001_2026-05-18_16-09-35-461,001,001,1,020,020.jpg,464,79.8304,1779113455.293123,7.716667,-1400.0,-412.0,2940,1912,1.188406,0.82,0.0,0.0,pix
real_001_s001_2026-05-18_16-09-35-461,001,001,1,020,020.jpg,465,79.847067,1779113455.309789,7.733333,-1400.0,-412.0,2940,1912,1.188406,0.82,0.0,0.0,pix
real_001_s001_2026-05-18_16-09-35-461,001,001,1,020,020.jpg,466,79.863733,1779113455.326456,7.75,-1400.0,-412.0,2940,1912,1.188406,0.82,0.0,0.0,pix
real_001_s001_2026-05-18_16-09-35-461,001,001,1,020,020.jpg,467,79.8804,1779113455.343122,7.766667,-1400.0,-412.0,2940,1912,1.188406,0.82,0.0,0.0,pix
real_001_s001_2026-05-18_16-09-35-461,001,001,1,020,020.jpg,468,79.897067,1779113455.359789,7.783333,-1400.0,-412.0,2940,1912,1.188406,0.82,0.0,0.0,pix
real_001_s001_2026-05-18_16-09-35-461,001,001,1,020,020.jpg,469,79.913733,1779113455.376456,7.8,-1400.0,-412.0,2940,1912,1.188406,0.82,0.0,0.0,pix
real_001_s001_2026-05-18_16-09-35-461,001,001,1,020,020.jpg,470,79.9304,1779113455.393122,7.816667,-1400.0,-412.0,2940,1912,1.188406,0.82,0.0,0.0,pix
real_001_s001_2026-05-18_16-09-35-461,001,001,1,020,020.jpg,471,79.947067,1779113455.409789,7.833333,-1400.0,-412.0,2940,1912,1.188406,0.82,0.0,0.0,pix
real_001_s001_2026-05-18_16-09-35-461,001,001,1,020,020.jpg,472,79.963733,1779113455.426456,7.85,-1400.0,-412.0,2940,1912,1.188406,0.82,0.0,0.0,pix
real_001_s001_2026-05-18_16-09-35-461,001,001,1,020,020.jpg,473,79.9804,1779113455.443122,7.866667,-1400.0,-412.0,2940,1912,1.188406,0.82,0.0,0.0,pix
real_001_s001_2026-05-18_16-09-35-461,001,001,1,020,020.jpg,474,79.997067,1779113455.459789,7.883333,-1400.0,-412.0,2940,1912,1.188406,0.82,0.0,0.0,pix
real_001_s001_2026-05-18_16-09-35-461,001,001,1,020,020.jpg,475,80.013733,1779113455.476456,7.9,-1400.0,-412.0,2940,1912,1.188406,0.82,0.0,0.0,pix
real_001_s001_2026-05-18_16-09-35-461,001,001,1,020,020.jpg,476,80.0304,1779113455.493123,7.916667,-1400.0,-412.0,2940,1912,1.188406,0.82,0.0,0.0,pix
real_001_s001_2026-05-18_16-09-35-461,001,001,1,020,020.jpg,477,80.047067,1779113455.509789,7.933333,-1400.0,-412.0,2940,1912,1.188406,0.82,0.0,0.0,pix
real_001_s001_2026-05-18_16-09-35-461,001,001,1,020,020.jpg,478,80.063733,1779113455.526456,7.95,-1400.0,-412.0,2940,1912,1.188406,0.82,0.0,0.0,pix
real_001_s001_2026-05-18_16-09-35-461,001,001,1,020,020.jpg,479,80.0804,1779113455.543123,7.966667,-1400.0,-412.0,2940,1912,1.188406,0.82,0.0,0.0,pix
real_001_s001_2026-05-18_16-09-35-461,001,001,1,020,020.jpg,480,80.097067,1779113455.559789,7.983333,-1400.0,-412.0,2940,1912,1.188406,0.82,0.0,0.0,pix
real_001_s001_2026-05-18_16-09-35-461,001,001,1,020,020.jpg,481,80.113733,1779113455.576456,8.0,-1400.0,-412.0,2940,1912,1.188406,0.82,0.0,0.0,pix
real_001_s001_2026-05-18_16-09-35-461,001,001,1,020,020.jpg,482,80.1304,1779113455.593122,8.016667,-1400.0,-412.0,2940,1912,1.188406,0.82,0.0,0.0,pix
real_001_s001_2026-05-18_16-09-35-461,001,001,1,020,020.jpg,483,80.147067,1779113455.609789,8.033333,-1400.0,-412.0,2940,1912,1.188406,0.82,0.0,0.0,pix
real_001_s001_2026-05-18_16-09-35-461,001,001,1,020,020.jpg,484,80.163733,1779113455.626456,8.05,-1400.0,-412.0,2940,1912,1.188406,0.82,0.0,0.0,pix
real_001_s001_2026-05-18_16-09-35-461,001,001,1,020,020.jpg,485,80.1804,1779113455.643122,8.066667,-1400.0,-412.0,2940,1912,1.188406,0.82,0.0,0.0,pix
real_001_s001_2026-05-18_16-09-35-461,001,001,1,020,020.jpg,486,80.197067,1779113455.659789,8.083333,-1400.0,-412.0,2940,1912,1.188406,0.82,0.0,0.0,pix
real_001_s001_2026-05-18_16-09-35-461,001,001,1,020,020.jpg,487,80.213733,1779113455.676456,8.1,-1400.0,-412.0,2940,1912,1.188406,0.82,0.0,0.0,pix
real_001_s001_2026-05-18_16-09-35-461,001,001,1,020,020.jpg,488,80.2304,1779113455.693122,8.116667,-1400.0,-412.0,2940,1912,1.188406,0.82,0.0,0.0,pix
real_001_s001_2026-05-18_16-09-35-461,001,001,1,020,020.jpg,489,80.247067,1779113455.709789,8.133333,-1400.0,-412.0,2940,1912,1.188406,0.82,0.0,0.0,pix
real_001_s001_2026-05-18_16-09-35-461,001,001,1,020,020.jpg,490,80.263733,1779113455.726456,8.15,-1400.0,-412.0,2940,1912,1.188406,0.82,0.0,0.0,pix
real_001_s001_2026-05-18_16-09-35-461,001,001,1,020,020.jpg,491,80.2804,1779113455.743123,8.166667,-1400.0,-412.0,2940,1912,1.188406,0.82,0.0,0.0,pix
real_001_s001_2026-05-18_16-09-35-461,001,001,1,020,020.jpg,492,80.297067,1779113455.759789,8.183333,-1400.0,-412.0,2940,1912,1.188406,0.82,0.0,0.0,pix
real_001_s001_2026-05-18_16-09-35-461,001,001,1,020,020.jpg,493,80.313733,1779113455.776456,8.2,-1400.0,-412.0,2940,1912,1.188406,0.82,0.0,0.0,pix
real_001_s001_2026-05-18_16-09-35-461,001,001,1,020,020.jpg,494,80.3304,1779113455.793123,8.216667,-1400.0,-412.0,2940,1912,1.188406,0.82,0.0,0.0,pix
real_001_s001_2026-05-18_16-09-35-461,001,001,1,020,020.jpg,495,80.347067,1779113455.809789,8.233333,-1400.0,-412.0,2940,1912,1.188406,0.82,0.0,0.0,pix
real_001_s001_2026-05-18_16-09-35-461,001,001,1,020,020.jpg,496,80.363733,1779113455.826456,8.25,-1400.0,-412.0,2940,1912,1.188406,0.82,0.0,0.0,pix
real_001_s001_2026-05-18_16-09-35-461,001,001,1,020,020.jpg,497,80.3804,1779113455.843122,8.266667,-1400.0,-412.0,2940,1912,1.188406,0.82,0.0,0.0,pix
real_001_s001_2026-05-18_16-09-35-461,001,001,1,020,020.jpg,498,80.397067,1779113455.859789,8.283333,-1400.0,-412.0,2940,1912,1.188406,0.82,0.0,0.0,pix
real_001_s001_2026-05-18_16-09-35-461,001,001,1,020,020.jpg,499,80.413733,1779113455.876456,8.3,-1400.0,-412.0,2940,1912,1.188406,0.82,0.0,0.0,pix
real_001_s001_2026-05-18_16-09-35-461,001,001,1,020,020.jpg,500,80.4304,1779113455.893122,8.316667,-1400.0,-412.0,2940,1912,1.188406,0.82,0.0,0.0,pix
real_001_s001_2026-05-18_16-09-35-461,001,001,1,020,020.jpg,501,80.447067,1779113455.909789,8.333333,-1400.0,-412.0,2940,1912,1.188406,0.82,0.0,0.0,pix
real_001_s001_2026-05-18_16-09-35-461,001,001,1,020,020.jpg,502,80.463733,1779113455.926456,8.35,-1400.0,-412.0,2940,1912,1.188406,0.82,0.0,0.0,pix
real_001_s001_2026-05-18_16-09-35-461,001,001,1,020,020.jpg,503,80.4804,1779113455.943122,8.366667,-1400.0,-412.0,2940,1912,1.188406,0.82,0.0,0.0,pix
real_001_s001_2026-05-18_16-09-35-461,001,001,1,020,020.jpg,504,80.497067,1779113455.959789,8.383333,-1400.0,-412.0,2940,1912,1.188406,0.82,0.0,0.0,pix
real_001_s001_2026-05-18_16-09-35-461,001,001,1,020,020.jpg,505,80.513733,1779113455.976456,8.4,-1400.0,-412.0,2940,1912,1.188406,0.82,0.0,0.0,pix
real_001_s001_2026-05-18_16-09-35-461,001,001,1,020,020.jpg,506,80.5304,1779113455.993123,8.416667,-1400.0,-412.0,2940,1912,1.188406,0.82,0.0,0.0,pix
real_001_s001_2026-05-18_16-09-35-461,001,001,1,020,020.jpg,507,80.547067,1779113456.009789,8.433333,-1400.0,-412.0,2940,1912,1.188406,0.82,0.0,0.0,pix
real_001_s001_2026-05-18_16-09-35-461,001,001,1,020,020.jpg,508,80.563733,1779113456.026456,8.45,-1400.0,-412.0,2940,1912,1.188406,0.82,0.0,0.0,pix
real_001_s001_2026-05-18_16-09-35-461,001,001,1,020,020.jpg,509,80.5804,1779113456.043123,8.466667,-1400.0,-412.0,2940,1912,1.188406,0.82,0.0,0.0,pix
real_001_s001_2026-05-18_16-09-35-461,001,001,1,020,020.jpg,510,80.597067,1779113456.059789,8.483333,-1400.0,-412.0,2940,1912,1.188406,0.82,0.0,0.0,pix
real_001_s001_2026-05-18_16-09-35-461,001,001,1,020,020.jpg,511,80.613733,1779113456.076456,8.5,-1400.0,-412.0,2940,1912,1.188406,0.82,0.0,0.0,pix
real_001_s001_2026-05-18_16-09-35-461,001,001,1,020,020.jpg,512,80.6304,1779113456.093122,8.516667,-1400.0,-412.0,2940,1912,1.188406,0.82,0.0,0.0,pix
real_001_s001_2026-05-18_16-09-35-461,001,001,1,020,020.jpg,513,80.647067,1779113456.109789,8.533333,-1400.0,-412.0,2940,1912,1.188406,0.82,0.0,0.0,pix
real_001_s001_2026-05-18_16-09-35-461,001,001,1,020,020.jpg,514,80.663733,1779113456.126456,8.55,-1400.0,-412.0,2940,1912,1.188406,0.82,0.0,0.0,pix
real_001_s001_2026-05-18_16-09-35-461,001,001,1,020,020.jpg,515,80.6804,1779113456.143122,8.566667,-1400.0,-412.0,2940,1912,1.188406,0.82,0.0,0.0,pix
real_001_s001_2026-05-18_16-09-35-461,001,001,1,020,020.jpg,516,80.697067,1779113456.159789,8.583333,-1400.0,-412.0,2940,1912,1.188406,0.82,0.0,0.0,pix
real_001_s001_2026-05-18_16-09-35-461,001,001,1,020,020.jpg,517,80.713733,1779113456.176456,8.6,-1400.0,-412.0,2940,1912,1.188406,0.82,0.0,0.0,pix
real_001_s001_2026-05-18_16-09-35-461,001,001,1,020,020.jpg,518,80.7304,1779113456.193122,8.616667,-1400.0,-412.0,2940,1912,1.188406,0.82,0.0,0.0,pix
real_001_s001_2026-05-18_16-09-35-461,001,001,1,020,020.jpg,519,80.747067,1779113456.209789,8.633333,-1400.0,-412.0,2940,1912,1.188406,0.82,0.0,0.0,pix
real_001_s001_2026-05-18_16-09-35-461,001,001,1,020,020.jpg,520,80.763733,1779113456.226456,8.65,-1400.0,-412.0,2940,1912,1.188406,0.82,0.0,0.0,pix
real_001_s001_2026-05-18_16-09-35-461,001,001,1,020,020.jpg,521,80.7804,1779113456.243123,8.666667,-1400.0,-412.0,2940,1912,1.188406,0.82,0.0,0.0,pix
real_001_s001_2026-05-18_16-09-35-461,001,001,1,020,020.jpg,522,80.797067,1779113456.259789,8.683333,-1400.0,-412.0,2940,1912,1.188406,0.82,0.0,0.0,pix
real_001_s001_2026-05-18_16-09-35-461,001,001,1,020,020.jpg,523,80.813733,1779113456.276456,8.7,-1400.0,-412.0,2940,1912,1.188406,0.82,0.0,0.0,pix
real_001_s001_2026-05-18_16-09-35-461,001,001,1,020,020.jpg,524,80.8304,1779113456.293123,8.716667,-1400.0,-412.0,2940,1912,1.188406,0.82,0.0,0.0,pix
real_001_s001_2026-05-18_16-09-35-461,001,001,1,020,020.jpg,525,80.847067,1779113456.309789,8.733333,-1400.0,-412.0,2940,1912,1.188406,0.82,0.0,0.0,pix
real_001_s001_2026-05-18_16-09-35-461,001,001,1,020,020.jpg,526,80.863733,1779113456.326456,8.75,-1400.0,-412.0,2940,1912,1.188406,0.82,0.0,0.0,pix
real_001_s001_2026-05-18_16-09-35-461,001,001,1,020,020.jpg,527,80.8804,1779113456.343122,8.766667,-1400.0,-412.0,2940,1912,1.188406,0.82,0.0,0.0,pix
real_001_s001_2026-05-18_16-09-35-461,001,001,1,020,020.jpg,528,80.897067,1779113456.359789,8.783333,-1400.0,-412.0,2940,1912,1.188406,0.82,0.0,0.0,pix
real_001_s001_2026-05-18_16-09-35-461,001,001,1,020,020.jpg,529,80.913733,1779113456.376456,8.8,-1400.0,-412.0,2940,1912,1.188406,0.82,0.0,0.0,pix
real_001_s001_2026-05-18_16-09-35-461,001,001,1,020,020.jpg,530,80.9304,1779113456.393122,8.816667,-1400.0,-412.0,2940,1912,1.188406,0.82,0.0,0.0,pix
real_001_s001_2026-05-18_16-09-35-461,001,001,1,020,020.jpg,531,80.947067,1779113456.409789,8.833333,-1400.0,-412.0,2940,1912,1.188406,0.82,0.0,0.0,pix
real_001_s001_2026-05-18_16-09-35-461,001,001,1,020,020.jpg,532,80.963733,1779113456.426456,8.85,-1400.0,-412.0,2940,1912,1.188406,0.82,0.0,0.0,pix
real_001_s001_2026-05-18_16-09-35-461,001,001,1,020,020.jpg,533,80.9804,1779113456.443122,8.866667,-1400.0,-412.0,2940,1912,1.188406,0.82,0.0,0.0,pix
real_001_s001_2026-05-18_16-09-35-461,001,001,1,020,020.jpg,534,80.997067,1779113456.459789,8.883333,-1400.0,-412.0,2940,1912,1.188406,0.82,0.0,0.0,pix
real_001_s001_2026-05-18_16-09-35-461,001,001,1,020,020.jpg,535,81.013733,1779113456.476456,8.9,-1400.0,-412.0,2940,1912,1.188406,0.82,0.0,0.0,pix
real_001_s001_2026-05-18_16-09-35-461,001,001,1,020,020.jpg,536,81.0304,1779113456.493123,8.916667,-1400.0,-412.0,2940,1912,1.188406,0.82,0.0,0.0,pix
real_001_s001_2026-05-18_16-09-35-461,001,001,1,020,020.jpg,537,81.047067,1779113456.509789,8.933333,-1400.0,-412.0,2940,1912,1.188406,0.82,0.0,0.0,pix
real_001_s001_2026-05-18_16-09-35-461,001,001,1,020,020.jpg,538,81.063733,1779113456.526456,8.95,-1400.0,-412.0,2940,1912,1.188406,0.82,0.0,0.0,pix
real_001_s001_2026-05-18_16-09-35-461,001,001,1,020,020.jpg,539,81.0804,1779113456.543123,8.966667,-1400.0,-412.0,2940,1912,1.188406,0.82,0.0,0.0,pix
real_001_s001_2026-05-18_16-09-35-461,001,001,1,020,020.jpg,540,81.097067,1779113456.559789,8.983333,-1400.0,-412.0,2940,1912,1.188406,0.82,0.0,0.0,pix
real_001_s001_2026-05-18_16-09-35-461,001,001,1,020,020.jpg,541,81.113733,1779113456.576456,9.0,-1400.0,-412.0,2940,1912,1.188406,0.82,0.0,0.0,pix
real_001_s001_2026-05-18_16-09-35-461,001,001,1,020,020.jpg,542,81.1304,1779113456.593122,9.016667,-1400.0,-412.0,2940,1912,1.188406,0.82,0.0,0.0,pix
real_001_s001_2026-05-18_16-09-35-461,001,001,1,020,020.jpg,543,81.147067,1779113456.609789,9.033333,-1400.0,-412.0,2940,1912,1.188406,0.82,0.0,0.0,pix
real_001_s001_2026-05-18_16-09-35-461,001,001,1,020,020.jpg,544,81.163733,1779113456.626456,9.05,-1400.0,-412.0,2940,1912,1.188406,0.82,0.0,0.0,pix
real_001_s001_2026-05-18_16-09-35-461,001,001,1,020,020.jpg,545,81.1804,1779113456.643122,9.066667,-1400.0,-412.0,2940,1912,1.188406,0.82,0.0,0.0,pix
real_001_s001_2026-05-18_16-09-35-461,001,001,1,020,020.jpg,546,81.197067,1779113456.659789,9.083333,-1400.0,-412.0,2940,1912,1.188406,0.82,0.0,0.0,pix
real_001_s001_2026-05-18_16-09-35-461,001,001,1,020,020.jpg,547,81.213733,1779113456.676456,9.1,-1400.0,-412.0,2940,1912,1.188406,0.82,0.0,0.0,pix
real_001_s001_2026-05-18_16-09-35-461,001,001,1,020,020.jpg,548,81.2304,1779113456.693122,9.116667,-1400.0,-412.0,2940,1912,1.188406,0.82,0.0,0.0,pix
real_001_s001_2026-05-18_16-09-35-461,001,001,1,020,020.jpg,549,81.247067,1779113456.709789,9.133333,-1400.0,-412.0,2940,1912,1.188406,0.82,0.0,0.0,pix
real_001_s001_2026-05-18_16-09-35-461,001,001,1,020,020.jpg,550,81.263733,1779113456.726456,9.15,-1400.0,-412.0,2940,1912,1.188406,0.82,0.0,0.0,pix
real_001_s001_2026-05-18_16-09-35-461,001,001,1,020,020.jpg,551,81.2804,1779113456.743123,9.166667,-1400.0,-412.0,2940,1912,1.188406,0.82,0.0,0.0,pix
real_001_s001_2026-05-18_16-09-35-461,001,001,1,020,020.jpg,552,81.297067,1779113456.759789,9.183333,-1400.0,-412.0,2940,1912,1.188406,0.82,0.0,0.0,pix
real_001_s001_2026-05-18_16-09-35-461,001,001,1,020,020.jpg,553,81.313733,1779113456.776456,9.2,-1400.0,-412.0,2940,1912,1.188406,0.82,0.0,0.0,pix
real_001_s001_2026-05-18_16-09-35-461,001,001,1,020,020.jpg,554,81.3304,1779113456.793123,9.216667,-1400.0,-412.0,2940,1912,1.188406,0.82,0.0,0.0,pix
real_001_s001_2026-05-18_16-09-35-461,001,001,1,020,020.jpg,555,81.347067,1779113456.809789,9.233333,-1400.0,-412.0,2940,1912,1.188406,0.82,0.0,0.0,pix
real_001_s001_2026-05-18_16-09-35-461,001,001,1,020,020.jpg,556,81.363733,1779113456.826456,9.25,-1400.0,-412.0,2940,1912,1.188406,0.82,0.0,0.0,pix
real_001_s001_2026-05-18_16-09-35-461,001,001,1,020,020.jpg,557,81.3804,1779113456.843122,9.266667,-1400.0,-412.0,2940,1912,1.188406,0.82,0.0,0.0,pix
real_001_s001_2026-05-18_16-09-35-461,001,001,1,020,020.jpg,558,81.397067,1779113456.859789,9.283333,-1400.0,-412.0,2940,1912,1.188406,0.82,0.0,0.0,pix
real_001_s001_2026-05-18_16-09-35-461,001,001,1,020,020.jpg,559,81.413733,1779113456.876456,9.3,-1400.0,-412.0,2940,1912,1.188406,0.82,0.0,0.0,pix
real_001_s001_2026-05-18_16-09-35-461,001,001,1,020,020.jpg,560,81.4304,1779113456.893122,9.316667,-1400.0,-412.0,2940,1912,1.188406,0.82,0.0,0.0,pix
real_001_s001_2026-05-18_16-09-35-461,001,001,1,020,020.jpg,561,81.447067,1779113456.909789,9.333333,-1400.0,-412.0,2940,1912,1.188406,0.82,0.0,0.0,pix
real_001_s001_2026-05-18_16-09-35-461,001,001,1,020,020.jpg,562,81.463733,1779113456.926456,9.35,-1400.0,-412.0,2940,1912,1.188406,0.82,0.0,0.0,pix
real_001_s001_2026-05-18_16-09-35-461,001,001,1,020,020.jpg,563,81.4804,1779113456.943122,9.366667,-1400.0,-412.0,2940,1912,1.188406,0.82,0.0,0.0,pix
real_001_s001_2026-05-18_16-09-35-461,001,001,1,020,020.jpg,564,81.497067,1779113456.959789,9.383333,-1400.0,-412.0,2940,1912,1.188406,0.82,0.0,0.0,pix
real_001_s001_2026-05-18_16-09-35-461,001,001,1,020,020.jpg,565,81.513733,1779113456.976456,9.4,-1400.0,-412.0,2940,1912,1.188406,0.82,0.0,0.0,pix
real_001_s001_2026-05-18_16-09-35-461,001,001,1,020,020.jpg,566,81.5304,1779113456.993123,9.416667,-1400.0,-412.0,2940,1912,1.188406,0.82,0.0,0.0,pix
real_001_s001_2026-05-18_16-09-35-461,001,001,1,020,020.jpg,567,81.547067,1779113457.009789,9.433333,-1400.0,-412.0,2940,1912,1.188406,0.82,0.0,0.0,pix
real_001_s001_2026-05-18_16-09-35-461,001,001,1,020,020.jpg,568,81.563733,1779113457.026456,9.45,-1400.0,-412.0,2940,1912,1.188406,0.82,0.0,0.0,pix
real_001_s001_2026-05-18_16-09-35-461,001,001,1,020,020.jpg,569,81.5804,1779113457.043123,9.466667,-1400.0,-412.0,2940,1912,1.188406,0.82,0.0,0.0,pix
real_001_s001_2026-05-18_16-09-35-461,001,001,1,020,020.jpg,570,81.597067,1779113457.059789,9.483333,-1400.0,-412.0,2940,1912,1.188406,0.82,0.0,0.0,pix
real_001_s001_2026-05-18_16-09-35-461,001,001,1,020,020.jpg,571,81.613733,1779113457.076456,9.5,-1400.0,-412.0,2940,1912,1.188406,0.82,0.0,0.0,pix
real_001_s001_2026-05-18_16-09-35-461,001,001,1,020,020.jpg,572,81.6304,1779113457.093122,9.516667,-1400.0,-412.0,2940,1912,1.188406,0.82,0.0,0.0,pix
real_001_s001_2026-05-18_16-09-35-461,001,001,1,020,020.jpg,573,81.647067,1779113457.109789,9.533333,-1400.0,-412.0,2940,1912,1.188406,0.82,0.0,0.0,pix
real_001_s001_2026-05-18_16-09-35-461,001,001,1,020,020.jpg,574,81.663733,1779113457.126456,9.55,-1400.0,-412.0,2940,1912,1.188406,0.82,0.0,0.0,pix
real_001_s001_2026-05-18_16-09-35-461,001,001,1,020,020.jpg,575,81.6804,1779113457.143122,9.566667,-1400.0,-412.0,2940,1912,1.188406,0.82,0.0,0.0,pix
real_001_s001_2026-05-18_16-09-35-461,001,001,1,020,020.jpg,576,81.697067,1779113457.159789,9.583333,-1400.0,-412.0,2940,1912,1.188406,0.82,0.0,0.0,pix
real_001_s001_2026-05-18_16-09-35-461,001,001,1,020,020.jpg,577,81.713733,1779113457.176456,9.6,-1400.0,-412.0,2940,1912,1.188406,0.82,0.0,0.0,pix
real_001_s001_2026-05-18_16-09-35-461,001,001,1,020,020.jpg,578,81.7304,1779113457.193122,9.616667,-1400.0,-412.0,2940,1912,1.188406,0.82,0.0,0.0,pix
real_001_s001_2026-05-18_16-09-35-461,001,001,1,020,020.jpg,579,81.747067,1779113457.209789,9.633333,-1400.0,-412.0,2940,1912,1.188406,0.82,0.0,0.0,pix
real_001_s001_2026-05-18_16-09-35-461,001,001,1,020,020.jpg,580,81.763733,1779113457.226456,9.65,-1400.0,-412.0,2940,1912,1.188406,0.82,0.0,0.0,pix
real_001_s001_2026-05-18_16-09-35-461,001,001,1,020,020.jpg,581,81.7804,1779113457.243123,9.666667,-1400.0,-412.0,2940,1912,1.188406,0.82,0.0,0.0,pix
real_001_s001_2026-05-18_16-09-35-461,001,001,1,020,020.jpg,582,81.797067,1779113457.259789,9.683333,-1400.0,-412.0,2940,1912,1.188406,0.82,0.0,0.0,pix
real_001_s001_2026-05-18_16-09-35-461,001,001,1,020,020.jpg,583,81.813733,1779113457.276456,9.7,-1400.0,-412.0,2940,1912,1.188406,0.82,0.0,0.0,pix
real_001_s001_2026-05-18_16-09-35-461,001,001,1,020,020.jpg,584,81.8304,1779113457.293123,9.716667,-1400.0,-412.0,2940,1912,1.188406,0.82,0.0,0.0,pix
real_001_s001_2026-05-18_16-09-35-461,001,001,1,020,020.jpg,585,81.847067,1779113457.309789,9.733333,-1400.0,-412.0,2940,1912,1.188406,0.82,0.0,0.0,pix
real_001_s001_2026-05-18_16-09-35-461,001,001,1,020,020.jpg,586,81.863733,1779113457.326456,9.75,-1400.0,-412.0,2940,1912,1.188406,0.82,0.0,0.0,pix
real_001_s001_2026-05-18_16-09-35-461,001,001,1,020,020.jpg,587,81.8804,1779113457.343122,9.766667,-1400.0,-412.0,2940,1912,1.188406,0.82,0.0,0.0,pix
real_001_s001_2026-05-18_16-09-35-461,001,001,1,020,020.jpg,588,81.897067,1779113457.359789,9.783333,-1400.0,-412.0,2940,1912,1.188406,0.82,0.0,0.0,pix
real_001_s001_2026-05-18_16-09-35-461,001,001,1,020,020.jpg,589,81.913733,1779113457.376456,9.8,-1400.0,-412.0,2940,1912,1.188406,0.82,0.0,0.0,pix
real_001_s001_2026-05-18_16-09-35-461,001,001,1,020,020.jpg,590,81.9304,1779113457.393122,9.816667,-1400.0,-412.0,2940,1912,1.188406,0.82,0.0,0.0,pix
real_001_s001_2026-05-18_16-09-35-461,001,001,1,020,020.jpg,591,81.947067,1779113457.409789,9.833333,-1400.0,-412.0,2940,1912,1.188406,0.82,0.0,0.0,pix
real_001_s001_2026-05-18_16-09-35-461,001,001,1,020,020.jpg,592,81.963733,1779113457.426456,9.85,-1400.0,-412.0,2940,1912,1.188406,0.82,0.0,0.0,pix
real_001_s001_2026-05-18_16-09-35-461,001,001,1,020,020.jpg,593,81.9804,1779113457.443122,9.866667,-1400.0,-412.0,2940,1912,1.188406,0.82,0.0,0.0,pix
real_001_s001_2026-05-18_16-09-35-461,001,001,1,020,020.jpg,594,81.997067,1779113457.459789,9.883333,-1400.0,-412.0,2940,1912,1.188406,0.82,0.0,0.0,pix
real_001_s001_2026-05-18_16-09-35-461,001,001,1,020,020.jpg,595,82.013733,1779113457.476456,9.9,-1400.0,-412.0,2940,1912,1.188406,0.82,0.0,0.0,pix
real_001_s001_2026-05-18_16-09-35-461,001,001,1,020,020.jpg,596,82.0304,1779113457.493123,9.916667,-1400.0,-412.0,2940,1912,1.188406,0.82,0.0,0.0,pix
real_001_s001_2026-05-18_16-09-35-461,001,001,1,020,020.jpg,597,82.047067,1779113457.509789,9.933333,-1400.0,-412.0,2940,1912,1.188406,0.82,0.0,0.0,pix
real_001_s001_2026-05-18_16-09-35-461,001,001,1,020,020.jpg,598,82.063733,1779113457.526456,9.95,-1400.0,-412.0,2940,1912,1.188406,0.82,0.0,0.0,pix
real_001_s001_2026-05-18_16-09-35-461,001,001,1,020,020.jpg,599,82.0804,1779113457.543123,9.966667,-1400.0,-412.0,2940,1912,1.188406,0.82,0.0,0.0,pix
real_001_s001_2026-05-18_16-09-35-461,001,001,1,020,020.jpg,600,82.097067,1779113457.559789,9.983333,-1400.0,-412.0,2940,1912,1.188406,0.82,0.0,0.0,pix
real_001_s001_2026-05-18_16-09-35-461,001,001,1,020,020.jpg,601,82.113733,1779113457.576456,10.0,-1400.0,-412.0,2940,1912,1.188406,0.82,0.0,0.0,pix
real_001_s001_2026-05-18_16-09-35-461,001,001,1,020,020.jpg,602,82.1304,1779113457.593122,10.016667,-1400.0,-412.0,2940,1912,1.188406,0.82,0.0,0.0,pix
real_001_s001_2026-05-18_16-09-35-461,001,001,1,020,020.jpg,603,82.147067,1779113457.609789,10.033333,-1400.0,-412.0,2940,1912,1.188406,0.82,0.0,0.0,pix
real_001_s001_2026-05-18_16-09-35-461,001,001,1,020,020.jpg,604,82.163733,1779113457.626456,10.05,-1400.0,-412.0,2940,1912,1.188406,0.82,0.0,0.0,pix
real_001_s001_2026-05-18_16-09-35-461,001,001,1,020,020.jpg,605,82.1804,1779113457.643122,10.066667,-1400.0,-412.0,2940,1912,1.188406,0.82,0.0,0.0,pix
real_001_s001_2026-05-18_16-09-35-461,001,001,1,020,020.jpg,606,82.197067,1779113457.659789,10.083333,-1400.0,-412.0,2940,1912,1.188406,0.82,0.0,0.0,pix
real_001_s001_2026-05-18_16-09-35-461,001,001,1,020,020.jpg,607,82.213733,1779113457.676456,10.1,-1400.0,-412.0,2940,1912,1.188406,0.82,0.0,0.0,pix
real_001_s001_2026-05-18_16-09-35-461,001,001,1,020,020.jpg,608,82.2304,1779113457.693122,10.116667,-1400.0,-412.0,2940,1912,1.188406,0.82,0.0,0.0,pix
real_001_s001_2026-05-18_16-09-35-461,001,001,1,020,020.jpg,609,82.247067,1779113457.709789,10.133333,-1400.0,-412.0,2940,1912,1.188406,0.82,0.0,0.0,pix
real_001_s001_2026-05-18_16-09-35-461,001,001,1,020,020.jpg,610,82.263733,1779113457.726456,10.15,-1400.0,-412.0,2940,1912,1.188406,0.82,0.0,0.0,pix
real_001_s001_2026-05-18_16-09-35-461,001,001,1,020,020.jpg,611,82.2804,1779113457.743123,10.166667,-1400.0,-412.0,2940,1912,1.188406,0.82,0.0,0.0,pix
real_001_s001_2026-05-18_16-09-35-461,001,001,1,020,020.jpg,612,82.297067,1779113457.759789,10.183333,-1400.0,-412.0,2940,1912,1.188406,0.82,0.0,0.0,pix
real_001_s001_2026-05-18_16-09-35-461,001,001,1,020,020.jpg,613,82.313733,1779113457.776456,10.2,-1400.0,-412.0,2940,1912,1.188406,0.82,0.0,0.0,pix
real_001_s001_2026-05-18_16-09-35-461,001,001,1,020,020.jpg,614,82.3304,1779113457.793123,10.216667,-1400.0,-412.0,2940,1912,1.188406,0.82,0.0,0.0,pix
real_001_s001_2026-05-18_16-09-35-461,001,001,1,020,020.jpg,615,82.347067,1779113457.809789,10.233333,-1400.0,-412.0,2940,1912,1.188406,0.82,0.0,0.0,pix
real_001_s001_2026-05-18_16-09-35-461,001,001,1,020,020.jpg,616,82.363733,1779113457.826456,10.25,-1400.0,-412.0,2940,1912,1.188406,0.82,0.0,0.0,pix
real_001_s001_2026-05-18_16-09-35-461,001,001,1,020,020.jpg,617,82.3804,1779113457.843122,10.266667,-1400.0,-412.0,2940,1912,1.188406,0.82,0.0,0.0,pix
real_001_s001_2026-05-18_16-09-35-461,001,001,1,020,020.jpg,618,82.397067,1779113457.859789,10.283333,-1400.0,-412.0,2940,1912,1.188406,0.82,0.0,0.0,pix
real_001_s001_2026-05-18_16-09-35-461,001,001,1,020,020.jpg,619,82.413733,1779113457.876456,10.3,-1400.0,-412.0,2940,1912,1.188406,0.82,0.0,0.0,pix
real_001_s001_2026-05-18_16-09-35-461,001,001,1,020,020.jpg,620,82.4304,1779113457.893122,10.316667,-1400.0,-412.0,2940,1912,1.188406,0.82,0.0,0.0,pix
real_001_s001_2026-05-18_16-09-35-461,001,001,1,020,020.jpg,621,82.447067,1779113457.909789,10.333333,-1400.0,-412.0,2940,1912,1.188406,0.82,0.0,0.0,pix
real_001_s001_2026-05-18_16-09-35-461,001,001,1,020,020.jpg,622,82.463733,1779113457.926456,10.35,-1400.0,-412.0,2940,1912,1.188406,0.82,0.0,0.0,pix
real_001_s001_2026-05-18_16-09-35-461,001,001,1,020,020.jpg,623,82.4804,1779113457.943122,10.366667,-1400.0,-412.0,2940,1912,1.188406,0.82,0.0,0.0,pix
real_001_s001_2026-05-18_16-09-35-461,001,001,1,020,020.jpg,624,82.497067,1779113457.959789,10.383333,-1400.0,-412.0,2940,1912,1.188406,0.82,0.0,0.0,pix
real_001_s001_2026-05-18_16-09-35-461,001,001,1,020,020.jpg,625,82.513733,1779113457.976456,10.4,-1400.0,-412.0,2940,1912,1.188406,0.82,0.0,0.0,pix
real_001_s001_2026-05-18_16-09-35-461,001,001,1,020,020.jpg,626,82.5304,1779113457.993123,10.416667,-1400.0,-412.0,2940,1912,1.188406,0.82,0.0,0.0,pix
real_001_s001_2026-05-18_16-09-35-461,001,001,1,020,020.jpg,627,82.547067,1779113458.009789,10.433333,-1400.0,-412.0,2940,1912,1.188406,0.82,0.0,0.0,pix
real_001_s001_2026-05-18_16-09-35-461,001,001,1,020,020.jpg,628,82.563733,1779113458.026456,10.45,-1400.0,-412.0,2940,1912,1.188406,0.82,0.0,0.0,pix
real_001_s001_2026-05-18_16-09-35-461,001,001,1,020,020.jpg,629,82.5804,1779113458.043123,10.466667,-1400.0,-412.0,2940,1912,1.188406,0.82,0.0,0.0,pix
real_001_s001_2026-05-18_16-09-35-461,001,001,1,020,020.jpg,630,82.597067,1779113458.059789,10.483333,-1400.0,-412.0,2940,1912,1.188406,0.82,0.0,0.0,pix
real_001_s001_2026-05-18_16-09-35-461,001,001,1,020,020.jpg,631,82.613733,1779113458.076456,10.5,-1400.0,-412.0,2940,1912,1.188406,0.82,0.0,0.0,pix
real_001_s001_2026-05-18_16-09-35-461,001,001,1,020,020.jpg,632,82.6304,1779113458.093122,10.516667,-1400.0,-412.0,2940,1912,1.188406,0.82,0.0,0.0,pix
real_001_s001_2026-05-18_16-09-35-461,001,001,1,020,020.jpg,633,82.647067,1779113458.109789,10.533333,-1400.0,-412.0,2940,1912,1.188406,0.82,0.0,0.0,pix
real_001_s001_2026-05-18_16-09-35-461,001,001,1,020,020.jpg,634,82.663733,1779113458.126456,10.55,-1400.0,-412.0,2940,1912,1.188406,0.82,0.0,0.0,pix
real_001_s001_2026-05-18_16-09-35-461,001,001,1,020,020.jpg,635,82.6804,1779113458.143122,10.566667,-1400.0,-412.0,2940,1912,1.188406,0.82,0.0,0.0,pix
real_001_s001_2026-05-18_16-09-35-461,001,001,1,020,020.jpg,636,82.697067,1779113458.159789,10.583333,-1400.0,-412.0,2940,1912,1.188406,0.82,0.0,0.0,pix
real_001_s001_2026-05-18_16-09-35-461,001,001,1,020,020.jpg,637,82.713733,1779113458.176456,10.6,-1400.0,-412.0,2940,1912,1.188406,0.82,0.0,0.0,pix
real_001_s001_2026-05-18_16-09-35-461,001,001,1,020,020.jpg,638,82.7304,1779113458.193122,10.616667,-1400.0,-412.0,2940,1912,1.188406,0.82,0.0,0.0,pix
real_001_s001_2026-05-18_16-09-35-461,001,001,1,020,020.jpg,639,82.747067,1779113458.209789,10.633333,-1400.0,-412.0,2940,1912,1.188406,0.82,0.0,0.0,pix
real_001_s001_2026-05-18_16-09-35-461,001,001,1,020,020.jpg,640,82.763733,1779113458.226456,10.65,-1400.0,-412.0,2940,1912,1.188406,0.82,0.0,0.0,pix
real_001_s001_2026-05-18_16-09-35-461,001,001,1,020,020.jpg,641,82.7804,1779113458.243123,10.666667,-1400.0,-412.0,2940,1912,1.188406,0.82,0.0,0.0,pix
real_001_s001_2026-05-18_16-09-35-461,001,001,1,020,020.jpg,642,82.797067,1779113458.259789,10.683333,-1400.0,-412.0,2940,1912,1.188406,0.82,0.0,0.0,pix
real_001_s001_2026-05-18_16-09-35-461,001,001,1,020,020.jpg,643,82.813733,1779113458.276456,10.7,-1400.0,-412.0,2940,1912,1.188406,0.82,0.0,0.0,pix
real_001_s001_2026-05-18_16-09-35-461,001,001,1,020,020.jpg,644,82.8304,1779113458.293123,10.716667,-1400.0,-412.0,2940,1912,1.188406,0.82,0.0,0.0,pix
real_001_s001_2026-05-18_16-09-35-461,001,001,1,020,020.jpg,645,82.847067,1779113458.309789,10.733333,-1400.0,-412.0,2940,1912,1.188406,0.82,0.0,0.0,pix
real_001_s001_2026-05-18_16-09-35-461,001,001,1,020,020.jpg,646,82.863733,1779113458.326456,10.75,-1400.0,-412.0,2940,1912,1.188406,0.82,0.0,0.0,pix
real_001_s001_2026-05-18_16-09-35-461,001,001,1,020,020.jpg,647,82.8804,1779113458.343122,10.766667,-1400.0,-412.0,2940,1912,1.188406,0.82,0.0,0.0,pix
real_001_s001_2026-05-18_16-09-35-461,001,001,1,020,020.jpg,648,82.897067,1779113458.359789,10.783333,-1400.0,-412.0,2940,1912,1.188406,0.82,0.0,0.0,pix
real_001_s001_2026-05-18_16-09-35-461,001,001,1,020,020.jpg,649,82.913733,1779113458.376456,10.8,-1400.0,-412.0,2940,1912,1.188406,0.82,0.0,0.0,pix
real_001_s001_2026-05-18_16-09-35-461,001,001,1,020,020.jpg,650,82.9304,1779113458.393122,10.816667,-1400.0,-412.0,2940,1912,1.188406,0.82,0.0,0.0,pix
real_001_s001_2026-05-18_16-09-35-461,001,001,1,020,020.jpg,651,82.947067,1779113458.409789,10.833333,-1400.0,-412.0,2940,1912,1.188406,0.82,0.0,0.0,pix
real_001_s001_2026-05-18_16-09-35-461,001,001,1,020,020.jpg,652,82.963733,1779113458.426456,10.85,-1400.0,-412.0,2940,1912,1.188406,0.82,0.0,0.0,pix
real_001_s001_2026-05-18_16-09-35-461,001,001,1,020,020.jpg,653,82.9804,1779113458.443122,10.866667,-1400.0,-412.0,2940,1912,1.188406,0.82,0.0,0.0,pix
real_001_s001_2026-05-18_16-09-35-461,001,001,1,020,020.jpg,654,82.997067,1779113458.459789,10.883333,-1400.0,-412.0,2940,1912,1.188406,0.82,0.0,0.0,pix
real_001_s001_2026-05-18_16-09-35-461,001,001,1,020,020.jpg,655,83.013733,1779113458.476456,10.9,-1400.0,-412.0,2940,1912,1.188406,0.82,0.0,0.0,pix
real_001_s001_2026-05-18_16-09-35-461,001,001,1,020,020.jpg,656,83.0304,1779113458.493123,10.916667,-1400.0,-412.0,2940,1912,1.188406,0.82,0.0,0.0,pix
real_001_s001_2026-05-18_16-09-35-461,001,001,1,020,020.jpg,657,83.047067,1779113458.509789,10.933333,-1400.0,-412.0,2940,1912,1.188406,0.82,0.0,0.0,pix
real_001_s001_2026-05-18_16-09-35-461,001,001,1,020,020.jpg,658,83.063733,1779113458.526456,10.95,-1400.0,-412.0,2940,1912,1.188406,0.82,0.0,0.0,pix
real_001_s001_2026-05-18_16-09-35-461,001,001,1,020,020.jpg,659,83.0804,1779113458.543123,10.966667,-1400.0,-412.0,2940,1912,1.188406,0.82,0.0,0.0,pix
real_001_s001_2026-05-18_16-09-35-461,001,001,1,020,020.jpg,660,83.097067,1779113458.559789,10.983333,-1400.0,-412.0,2940,1912,1.188406,0.82,0.0,0.0,pix
real_001_s001_2026-05-18_16-09-35-461,001,001,1,020,020.jpg,661,83.113733,1779113458.576456,11.0,-1400.0,-412.0,2940,1912,1.188406,0.82,0.0,0.0,pix
real_001_s001_2026-05-18_16-09-35-461,001,001,1,020,020.jpg,662,83.1304,1779113458.593122,11.016667,-1400.0,-412.0,2940,1912,1.188406,0.82,0.0,0.0,pix
real_001_s001_2026-05-18_16-09-35-461,001,001,1,020,020.jpg,663,83.147067,1779113458.609789,11.033333,-1400.0,-412.0,2940,1912,1.188406,0.82,0.0,0.0,pix
real_001_s001_2026-05-18_16-09-35-461,001,001,1,020,020.jpg,664,83.163733,1779113458.626456,11.05,-1400.0,-412.0,2940,1912,1.188406,0.82,0.0,0.0,pix
real_001_s001_2026-05-18_16-09-35-461,001,001,1,020,020.jpg,665,83.1804,1779113458.643122,11.066667,-1400.0,-412.0,2940,1912,1.188406,0.82,0.0,0.0,pix
real_001_s001_2026-05-18_16-09-35-461,001,001,1,020,020.jpg,666,83.197067,1779113458.659789,11.083333,-1400.0,-412.0,2940,1912,1.188406,0.82,0.0,0.0,pix
real_001_s001_2026-05-18_16-09-35-461,001,001,1,020,020.jpg,667,83.213733,1779113458.676456,11.1,-1400.0,-412.0,2940,1912,1.188406,0.82,0.0,0.0,pix
real_001_s001_2026-05-18_16-09-35-461,001,001,1,020,020.jpg,668,83.2304,1779113458.693122,11.116667,-1400.0,-412.0,2940,1912,1.188406,0.82,0.0,0.0,pix
real_001_s001_2026-05-18_16-09-35-461,001,001,1,020,020.jpg,669,83.247067,1779113458.709789,11.133333,-1400.0,-412.0,2940,1912,1.188406,0.82,0.0,0.0,pix
real_001_s001_2026-05-18_16-09-35-461,001,001,1,020,020.jpg,670,83.263733,1779113458.726456,11.15,-1400.0,-412.0,2940,1912,1.188406,0.82,0.0,0.0,pix
real_001_s001_2026-05-18_16-09-35-461,001,001,1,020,020.jpg,671,83.2804,1779113458.743123,11.166667,-1400.0,-412.0,2940,1912,1.188406,0.82,0.0,0.0,pix
real_001_s001_2026-05-18_16-09-35-461,001,001,1,020,020.jpg,672,83.297067,1779113458.759789,11.183333,-1400.0,-412.0,2940,1912,1.188406,0.82,0.0,0.0,pix
real_001_s001_2026-05-18_16-09-35-461,001,001,1,020,020.jpg,673,83.313733,1779113458.776456,11.2,-1400.0,-412.0,2940,1912,1.188406,0.82,0.0,0.0,pix
real_001_s001_2026-05-18_16-09-35-461,001,001,1,020,020.jpg,674,83.3304,1779113458.793123,11.216667,-1400.0,-412.0,2940,1912,1.188406,0.82,0.0,0.0,pix
real_001_s001_2026-05-18_16-09-35-461,001,001,1,020,020.jpg,675,83.347067,1779113458.809789,11.233333,-1400.0,-412.0,2940,1912,1.188406,0.82,0.0,0.0,pix
real_001_s001_2026-05-18_16-09-35-461,001,001,1,020,020.jpg,676,83.363733,1779113458.826456,11.25,-1400.0,-412.0,2940,1912,1.188406,0.82,0.0,0.0,pix
real_001_s001_2026-05-18_16-09-35-461,001,001,1,020,020.jpg,677,83.3804,1779113458.843122,11.266667,-1400.0,-412.0,2940,1912,1.188406,0.82,0.0,0.0,pix
real_001_s001_2026-05-18_16-09-35-461,001,001,1,020,020.jpg,678,83.397067,1779113458.859789,11.283333,-1400.0,-412.0,2940,1912,1.188406,0.82,0.0,0.0,pix
real_001_s001_2026-05-18_16-09-35-461,001,001,1,020,020.jpg,679,83.413733,1779113458.876456,11.3,-1400.0,-412.0,2940,1912,1.188406,0.82,0.0,0.0,pix
real_001_s001_2026-05-18_16-09-35-461,001,001,1,020,020.jpg,680,83.4304,1779113458.893122,11.316667,-1400.0,-412.0,2940,1912,1.188406,0.82,0.0,0.0,pix
real_001_s001_2026-05-18_16-09-35-461,001,001,1,020,020.jpg,681,83.447067,1779113458.909789,11.333333,-1400.0,-412.0,2940,1912,1.188406,0.82,0.0,0.0,pix
real_001_s001_2026-05-18_16-09-35-461,001,001,1,020,020.jpg,682,83.463733,1779113458.926456,11.35,-1400.0,-412.0,2940,1912,1.188406,0.82,0.0,0.0,pix
real_001_s001_2026-05-18_16-09-35-461,001,001,1,020,020.jpg,683,83.4804,1779113458.943122,11.366667,-1400.0,-412.0,2940,1912,1.188406,0.82,0.0,0.0,pix
real_001_s001_2026-05-18_16-09-35-461,001,001,1,020,020.jpg,684,83.497067,1779113458.959789,11.383333,-1400.0,-412.0,2940,1912,1.188406,0.82,0.0,0.0,pix
real_001_s001_2026-05-18_16-09-35-461,001,001,1,020,020.jpg,685,83.513733,1779113458.976456,11.4,-1400.0,-412.0,2940,1912,1.188406,0.82,0.0,0.0,pix
real_001_s001_2026-05-18_16-09-35-461,001,001,1,020,020.jpg,686,83.5304,1779113458.993123,11.416667,-1400.0,-412.0,2940,1912,1.188406,0.82,0.0,0.0,pix
real_001_s001_2026-05-18_16-09-35-461,001,001,1,020,020.jpg,687,83.547067,1779113459.009789,11.433333,-1400.0,-412.0,2940,1912,1.188406,0.82,0.0,0.0,pix
real_001_s001_2026-05-18_16-09-35-461,001,001,1,020,020.jpg,688,83.563733,1779113459.026456,11.45,-1400.0,-412.0,2940,1912,1.188406,0.82,0.0,0.0,pix
real_001_s001_2026-05-18_16-09-35-461,001,001,1,020,020.jpg,689,83.5804,1779113459.043123,11.466667,-1400.0,-412.0,2940,1912,1.188406,0.82,0.0,0.0,pix
real_001_s001_2026-05-18_16-09-35-461,001,001,1,020,020.jpg,690,83.597067,1779113459.059789,11.483333,-1400.0,-412.0,2940,1912,1.188406,0.82,0.0,0.0,pix
real_001_s001_2026-05-18_16-09-35-461,001,001,1,020,020.jpg,691,83.613733,1779113459.076456,11.5,-1400.0,-412.0,2940,1912,1.188406,0.82,0.0,0.0,pix
real_001_s001_2026-05-18_16-09-35-461,001,001,1,020,020.jpg,692,83.6304,1779113459.093122,11.516667,-1400.0,-412.0,2940,1912,1.188406,0.82,0.0,0.0,pix
real_001_s001_2026-05-18_16-09-35-461,001,001,1,020,020.jpg,693,83.647067,1779113459.109789,11.533333,-1400.0,-412.0,2940,1912,1.188406,0.82,0.0,0.0,pix
real_001_s001_2026-05-18_16-09-35-461,001,001,1,020,020.jpg,694,83.663733,1779113459.126456,11.55,-1400.0,-412.0,2940,1912,1.188406,0.82,0.0,0.0,pix
real_001_s001_2026-05-18_16-09-35-461,001,001,1,020,020.jpg,695,83.6804,1779113459.143122,11.566667,-1400.0,-412.0,2940,1912,1.188406,0.82,0.0,0.0,pix
real_001_s001_2026-05-18_16-09-35-461,001,001,1,020,020.jpg,696,83.697067,1779113459.159789,11.583333,-1400.0,-412.0,2940,1912,1.188406,0.82,0.0,0.0,pix
real_001_s001_2026-05-18_16-09-35-461,001,001,1,020,020.jpg,697,83.713733,1779113459.176456,11.6,-1400.0,-412.0,2940,1912,1.188406,0.82,0.0,0.0,pix
real_001_s001_2026-05-18_16-09-35-461,001,001,1,020,020.jpg,698,83.7304,1779113459.193122,11.616667,-1400.0,-412.0,2940,1912,1.188406,0.82,0.0,0.0,pix
real_001_s001_2026-05-18_16-09-35-461,001,001,1,020,020.jpg,699,83.747067,1779113459.209789,11.633333,-1400.0,-412.0,2940,1912,1.188406,0.82,0.0,0.0,pix
real_001_s001_2026-05-18_16-09-35-461,001,001,1,020,020.jpg,700,83.763733,1779113459.226456,11.65,-1400.0,-412.0,2940,1912,1.188406,0.82,0.0,0.0,pix
real_001_s001_2026-05-18_16-09-35-461,001,001,1,020,020.jpg,701,83.7804,1779113459.243123,11.666667,-1400.0,-412.0,2940,1912,1.188406,0.82,0.0,0.0,pix
real_001_s001_2026-05-18_16-09-35-461,001,001,1,020,020.jpg,702,83.797067,1779113459.259789,11.683333,-1400.0,-412.0,2940,1912,1.188406,0.82,0.0,0.0,pix
real_001_s001_2026-05-18_16-09-35-461,001,001,1,020,020.jpg,703,83.813733,1779113459.276456,11.7,-1400.0,-412.0,2940,1912,1.188406,0.82,0.0,0.0,pix
real_001_s001_2026-05-18_16-09-35-461,001,001,1,020,020.jpg,704,83.8304,1779113459.293123,11.716667,-1400.0,-412.0,2940,1912,1.188406,0.82,0.0,0.0,pix
real_001_s001_2026-05-18_16-09-35-461,001,001,1,020,020.jpg,705,83.847067,1779113459.309789,11.733333,-1400.0,-412.0,2940,1912,1.188406,0.82,0.0,0.0,pix
real_001_s001_2026-05-18_16-09-35-461,001,001,1,020,020.jpg,706,83.863733,1779113459.326456,11.75,-1400.0,-412.0,2940,1912,1.188406,0.82,0.0,0.0,pix
real_001_s001_2026-05-18_16-09-35-461,001,001,1,020,020.jpg,707,83.8804,1779113459.343122,11.766667,-1400.0,-412.0,2940,1912,1.188406,0.82,0.0,0.0,pix
real_001_s001_2026-05-18_16-09-35-461,001,001,1,020,020.jpg,708,83.897067,1779113459.359789,11.783333,-1400.0,-412.0,2940,1912,1.188406,0.82,0.0,0.0,pix
real_001_s001_2026-05-18_16-09-35-461,001,001,1,020,020.jpg,709,83.913733,1779113459.376456,11.8,-1400.0,-412.0,2940,1912,1.188406,0.82,0.0,0.0,pix
real_001_s001_2026-05-18_16-09-35-461,001,001,1,020,020.jpg,710,83.9304,1779113459.393122,11.816667,-1400.0,-412.0,2940,1912,1.188406,0.82,0.0,0.0,pix
real_001_s001_2026-05-18_16-09-35-461,001,001,1,020,020.jpg,711,83.947067,1779113459.409789,11.833333,-1400.0,-412.0,2940,1912,1.188406,0.82,0.0,0.0,pix
real_001_s001_2026-05-18_16-09-35-461,001,001,1,020,020.jpg,712,83.963733,1779113459.426456,11.85,-1400.0,-412.0,2940,1912,1.188406,0.82,0.0,0.0,pix
real_001_s001_2026-05-18_16-09-35-461,001,001,1,020,020.jpg,713,83.9804,1779113459.443122,11.866667,-1400.0,-412.0,2940,1912,1.188406,0.82,0.0,0.0,pix
real_001_s001_2026-05-18_16-09-35-461,001,001,1,020,020.jpg,714,83.997067,1779113459.459789,11.883333,-1400.0,-412.0,2940,1912,1.188406,0.82,0.0,0.0,pix
real_001_s001_2026-05-18_16-09-35-461,001,001,1,020,020.jpg,715,84.013733,1779113459.476456,11.9,-1400.0,-412.0,2940,1912,1.188406,0.82,0.0,0.0,pix
real_001_s001_2026-05-18_16-09-35-461,001,001,1,020,020.jpg,716,84.0304,1779113459.493123,11.916667,-1400.0,-412.0,2940,1912,1.188406,0.82,0.0,0.0,pix
real_001_s001_2026-05-18_16-09-35-461,001,001,1,020,020.jpg,717,84.047067,1779113459.509789,11.933333,-1400.0,-412.0,2940,1912,1.188406,0.82,0.0,0.0,pix
real_001_s001_2026-05-18_16-09-35-461,001,001,1,020,020.jpg,718,84.063733,1779113459.526456,11.95,-1400.0,-412.0,2940,1912,1.188406,0.82,0.0,0.0,pix
real_001_s001_2026-05-18_16-09-35-461,001,001,1,020,020.jpg,719,84.0804,1779113459.543123,11.966667,-1400.0,-412.0,2940,1912,1.188406,0.82,0.0,0.0,pix
real_001_s001_2026-05-18_16-09-35-461,001,001,1,020,020.jpg,720,84.097067,1779113459.559789,11.983333,-1400.0,-412.0,2940,1912,1.188406,0.82,0.0,0.0,pix
real_001_s001_2026-05-18_16-09-35-461,001,001,1,020,020.jpg,721,84.113733,1779113459.576456,12.0,-1400.0,-412.0,2940,1912,1.188406,0.82,0.0,0.0,pix
real_001_s001_2026-05-18_16-09-35-461,001,001,1,020,020.jpg,722,84.1304,1779113459.593122,12.016667,-1400.0,-412.0,2940,1912,1.188406,0.82,0.0,0.0,pix
real_001_s001_2026-05-18_16-09-35-461,001,001,1,020,020.jpg,723,84.147067,1779113459.609789,12.033333,-1400.0,-412.0,2940,1912,1.188406,0.82,0.0,0.0,pix
real_001_s001_2026-05-18_16-09-35-461,001,001,1,020,020.jpg,724,84.163733,1779113459.626456,12.05,-1400.0,-412.0,2940,1912,1.188406,0.82,0.0,0.0,pix
real_001_s001_2026-05-18_16-09-35-461,001,001,1,020,020.jpg,725,84.1804,1779113459.643122,12.066667,-1400.0,-412.0,2940,1912,1.188406,0.82,0.0,0.0,pix
real_001_s001_2026-05-18_16-09-35-461,001,001,1,020,020.jpg,726,84.197067,1779113459.659789,12.083333,-1400.0,-412.0,2940,1912,1.188406,0.82,0.0,0.0,pix
real_001_s001_2026-05-18_16-09-35-461,001,001,1,020,020.jpg,727,84.213733,1779113459.676456,12.1,-1400.0,-412.0,2940,1912,1.188406,0.82,0.0,0.0,pix
real_001_s001_2026-05-18_16-09-35-461,001,001,1,020,020.jpg,728,84.2304,1779113459.693122,12.116667,-1400.0,-412.0,2940,1912,1.188406,0.82,0.0,0.0,pix
real_001_s001_2026-05-18_16-09-35-461,001,001,1,020,020.jpg,729,84.247067,1779113459.709789,12.133333,-1400.0,-412.0,2940,1912,1.188406,0.82,0.0,0.0,pix
real_001_s001_2026-05-18_16-09-35-461,001,001,1,020,020.jpg,730,84.263733,1779113459.726456,12.15,-1400.0,-412.0,2940,1912,1.188406,0.82,0.0,0.0,pix
real_001_s001_2026-05-18_16-09-35-461,001,001,1,020,020.jpg,731,84.2804,1779113459.743123,12.166667,-1400.0,-412.0,2940,1912,1.188406,0.82,0.0,0.0,pix
real_001_s001_2026-05-18_16-09-35-461,001,001,1,020,020.jpg,732,84.297067,1779113459.759789,12.183333,-1400.0,-412.0,2940,1912,1.188406,0.82,0.0,0.0,pix
real_001_s001_2026-05-18_16-09-35-461,001,001,1,020,020.jpg,733,84.313733,1779113459.776456,12.2,-1400.0,-412.0,2940,1912,1.188406,0.82,0.0,0.0,pix
real_001_s001_2026-05-18_16-09-35-461,001,001,1,020,020.jpg,734,84.3304,1779113459.793123,12.216667,-1400.0,-412.0,2940,1912,1.188406,0.82,0.0,0.0,pix
real_001_s001_2026-05-18_16-09-35-461,001,001,1,020,020.jpg,735,84.347067,1779113459.809789,12.233333,-1400.0,-412.0,2940,1912,1.188406,0.82,0.0,0.0,pix
real_001_s001_2026-05-18_16-09-35-461,001,001,1,020,020.jpg,736,84.363733,1779113459.826456,12.25,-1400.0,-412.0,2940,1912,1.188406,0.82,0.0,0.0,pix
real_001_s001_2026-05-18_16-09-35-461,001,001,1,020,020.jpg,737,84.3804,1779113459.843122,12.266667,-1400.0,-412.0,2940,1912,1.188406,0.82,0.0,0.0,pix
real_001_s001_2026-05-18_16-09-35-461,001,001,1,020,020.jpg,738,84.397067,1779113459.859789,12.283333,-1400.0,-412.0,2940,1912,1.188406,0.82,0.0,0.0,pix
real_001_s001_2026-05-18_16-09-35-461,001,001,1,020,020.jpg,739,84.413733,1779113459.876456,12.3,-1400.0,-412.0,2940,1912,1.188406,0.82,0.0,0.0,pix
real_001_s001_2026-05-18_16-09-35-461,001,001,1,020,020.jpg,740,84.4304,1779113459.893122,12.316667,-1400.0,-412.0,2940,1912,1.188406,0.82,0.0,0.0,pix
real_001_s001_2026-05-18_16-09-35-461,001,001,1,020,020.jpg,741,84.447067,1779113459.909789,12.333333,-1400.0,-412.0,2940,1912,1.188406,0.82,0.0,0.0,pix
real_001_s001_2026-05-18_16-09-35-461,001,001,1,020,020.jpg,742,84.463733,1779113459.926456,12.35,-1400.0,-412.0,2940,1912,1.188406,0.82,0.0,0.0,pix
real_001_s001_2026-05-18_16-09-35-461,001,001,1,020,020.jpg,743,84.4804,1779113459.943122,12.366667,-1400.0,-412.0,2940,1912,1.188406,0.82,0.0,0.0,pix
real_001_s001_2026-05-18_16-09-35-461,001,001,1,020,020.jpg,744,84.497067,1779113459.959789,12.383333,-1400.0,-412.0,2940,1912,1.188406,0.82,0.0,0.0,pix
real_001_s001_2026-05-18_16-09-35-461,001,001,1,020,020.jpg,745,84.513733,1779113459.976456,12.4,-1400.0,-412.0,2940,1912,1.188406,0.82,0.0,0.0,pix
real_001_s001_2026-05-18_16-09-35-461,001,001,1,020,020.jpg,746,84.5304,1779113459.993123,12.416667,-1400.0,-412.0,2940,1912,1.188406,0.82,0.0,0.0,pix
real_001_s001_2026-05-18_16-09-35-461,001,001,1,020,020.jpg,747,84.547067,1779113460.009789,12.433333,-1400.0,-412.0,2940,1912,1.188406,0.82,0.0,0.0,pix
real_001_s001_2026-05-18_16-09-35-461,001,001,1,020,020.jpg,748,84.563733,1779113460.026456,12.45,-1400.0,-412.0,2940,1912,1.188406,0.82,0.0,0.0,pix
real_001_s001_2026-05-18_16-09-35-461,001,001,1,020,020.jpg,749,84.5804,1779113460.043123,12.466667,-1400.0,-412.0,2940,1912,1.188406,0.82,0.0,0.0,pix
real_001_s001_2026-05-18_16-09-35-461,001,001,1,020,020.jpg,750,84.597067,1779113460.059789,12.483333,-1400.0,-412.0,2940,1912,1.188406,0.82,0.0,0.0,pix
real_001_s001_2026-05-18_16-09-35-461,001,001,1,020,020.jpg,751,84.613733,1779113460.076456,12.5,-1400.0,-412.0,2940,1912,1.188406,0.82,0.0,0.0,pix
real_001_s001_2026-05-18_16-09-35-461,001,001,1,020,020.jpg,752,84.6304,1779113460.093122,12.516667,-1400.0,-412.0,2940,1912,1.188406,0.82,0.0,0.0,pix
real_001_s001_2026-05-18_16-09-35-461,001,001,1,020,020.jpg,753,84.647067,1779113460.109789,12.533333,-1400.0,-412.0,2940,1912,1.188406,0.82,0.0,0.0,pix
real_001_s001_2026-05-18_16-09-35-461,001,001,1,020,020.jpg,754,84.663733,1779113460.126456,12.55,-1400.0,-412.0,2940,1912,1.188406,0.82,0.0,0.0,pix
real_001_s001_2026-05-18_16-09-35-461,001,001,1,020,020.jpg,755,84.6804,1779113460.143122,12.566667,-1400.0,-412.0,2940,1912,1.188406,0.82,0.0,0.0,pix
real_001_s001_2026-05-18_16-09-35-461,001,001,1,020,020.jpg,756,84.697067,1779113460.159789,12.583333,-1400.0,-412.0,2940,1912,1.188406,0.82,0.0,0.0,pix
real_001_s001_2026-05-18_16-09-35-461,001,001,1,020,020.jpg,757,84.713733,1779113460.176456,12.6,-1400.0,-412.0,2940,1912,1.188406,0.82,0.0,0.0,pix
real_001_s001_2026-05-18_16-09-35-461,001,001,1,020,020.jpg,758,84.7304,1779113460.193122,12.616667,-1400.0,-412.0,2940,1912,1.188406,0.82,0.0,0.0,pix
real_001_s001_2026-05-18_16-09-35-461,001,001,1,020,020.jpg,759,84.747067,1779113460.209789,12.633333,-1400.0,-412.0,2940,1912,1.188406,0.82,0.0,0.0,pix
real_001_s001_2026-05-18_16-09-35-461,001,001,1,020,020.jpg,760,84.763733,1779113460.226456,12.65,-1400.0,-412.0,2940,1912,1.188406,0.82,0.0,0.0,pix
real_001_s001_2026-05-18_16-09-35-461,001,001,1,020,020.jpg,761,84.7804,1779113460.243123,12.666667,-1400.0,-412.0,2940,1912,1.188406,0.82,0.0,0.0,pix
real_001_s001_2026-05-18_16-09-35-461,001,001,1,020,020.jpg,762,84.797067,1779113460.259789,12.683333,-1400.0,-412.0,2940,1912,1.188406,0.82,0.0,0.0,pix
real_001_s001_2026-05-18_16-09-35-461,001,001,1,020,020.jpg,763,84.813733,1779113460.276456,12.7,-1400.0,-412.0,2940,1912,1.188406,0.82,0.0,0.0,pix
real_001_s001_2026-05-18_16-09-35-461,001,001,1,020,020.jpg,764,84.8304,1779113460.293123,12.716667,-1400.0,-412.0,2940,1912,1.188406,0.82,0.0,0.0,pix
real_001_s001_2026-05-18_16-09-35-461,001,001,1,020,020.jpg,765,84.847067,1779113460.309789,12.733333,-1400.0,-412.0,2940,1912,1.188406,0.82,0.0,0.0,pix
real_001_s001_2026-05-18_16-09-35-461,001,001,1,020,020.jpg,766,84.863733,1779113460.326456,12.75,-1400.0,-412.0,2940,1912,1.188406,0.82,0.0,0.0,pix
real_001_s001_2026-05-18_16-09-35-461,001,001,1,020,020.jpg,767,84.8804,1779113460.343122,12.766667,-1400.0,-412.0,2940,1912,1.188406,0.82,0.0,0.0,pix
real_001_s001_2026-05-18_16-09-35-461,001,001,1,020,020.jpg,768,84.897067,1779113460.359789,12.783333,-1400.0,-412.0,2940,1912,1.188406,0.82,0.0,0.0,pix
real_001_s001_2026-05-18_16-09-35-461,001,001,1,020,020.jpg,769,84.913733,1779113460.376456,12.8,-1400.0,-412.0,2940,1912,1.188406,0.82,0.0,0.0,pix
real_001_s001_2026-05-18_16-09-35-461,001,001,1,020,020.jpg,770,84.9304,1779113460.393122,12.816667,-1400.0,-412.0,2940,1912,1.188406,0.82,0.0,0.0,pix
real_001_s001_2026-05-18_16-09-35-461,001,001,1,020,020.jpg,771,84.947067,1779113460.409789,12.833333,-1400.0,-412.0,2940,1912,1.188406,0.82,0.0,0.0,pix
real_001_s001_2026-05-18_16-09-35-461,001,001,1,020,020.jpg,772,84.963733,1779113460.426456,12.85,-1400.0,-412.0,2940,1912,1.188406,0.82,0.0,0.0,pix
real_001_s001_2026-05-18_16-09-35-461,001,001,1,020,020.jpg,773,84.9804,1779113460.443122,12.866667,-1400.0,-412.0,2940,1912,1.188406,0.82,0.0,0.0,pix
real_001_s001_2026-05-18_16-09-35-461,001,001,1,020,020.jpg,774,84.997067,1779113460.459789,12.883333,-1400.0,-412.0,2940,1912,1.188406,0.82,0.0,0.0,pix
real_001_s001_2026-05-18_16-09-35-461,001,001,1,020,020.jpg,775,85.013733,1779113460.476456,12.9,-1400.0,-412.0,2940,1912,1.188406,0.82,0.0,0.0,pix
real_001_s001_2026-05-18_16-09-35-461,001,001,1,020,020.jpg,776,85.0304,1779113460.493123,12.916667,-1400.0,-412.0,2940,1912,1.188406,0.82,0.0,0.0,pix
real_001_s001_2026-05-18_16-09-35-461,001,001,1,020,020.jpg,777,85.047067,1779113460.509789,12.933333,-1400.0,-412.0,2940,1912,1.188406,0.82,0.0,0.0,pix
real_001_s001_2026-05-18_16-09-35-461,001,001,1,020,020.jpg,778,85.063733,1779113460.526456,12.95,-1400.0,-412.0,2940,1912,1.188406,0.82,0.0,0.0,pix
real_001_s001_2026-05-18_16-09-35-461,001,001,1,020,020.jpg,779,85.0804,1779113460.543123,12.966667,-1400.0,-412.0,2940,1912,1.188406,0.82,0.0,0.0,pix
real_001_s001_2026-05-18_16-09-35-461,001,001,2,008,008.jpg,1,120.596711,1779113496.05949,0.0,-1400.0,-412.0,2940,1912,1.29901,0.82,0.0,0.0,pix
real_001_s001_2026-05-18_16-09-35-461,001,001,2,008,008.jpg,2,120.613378,1779113496.076157,0.016667,-1400.0,-412.0,2940,1912,1.29901,0.82,0.0,0.0,pix
real_001_s001_2026-05-18_16-09-35-461,001,001,2,008,008.jpg,3,120.630045,1779113496.092823,0.033333,-1400.0,-412.0,2940,1912,1.29901,0.82,0.0,0.0,pix
real_001_s001_2026-05-18_16-09-35-461,001,001,2,008,008.jpg,4,120.646711,1779113496.10949,0.05,-1400.0,-412.0,2940,1912,1.29901,0.82,0.0,0.0,pix
real_001_s001_2026-05-18_16-09-35-461,001,001,2,008,008.jpg,5,120.663378,1779113496.126157,0.066667,-1400.0,-412.0,2940,1912,1.29901,0.82,0.0,0.0,pix
real_001_s001_2026-05-18_16-09-35-461,001,001,2,008,008.jpg,6,120.680045,1779113496.142823,0.083333,-1400.0,-412.0,2940,1912,1.29901,0.82,0.0,0.0,pix
real_001_s001_2026-05-18_16-09-35-461,001,001,2,008,008.jpg,7,120.696711,1779113496.15949,0.1,-1400.0,-412.0,2940,1912,1.29901,0.82,0.0,0.0,pix
real_001_s001_2026-05-18_16-09-35-461,001,001,2,008,008.jpg,8,120.713378,1779113496.176157,0.116667,-1400.0,-412.0,2940,1912,1.29901,0.82,0.0,0.0,pix
real_001_s001_2026-05-18_16-09-35-461,001,001,2,008,008.jpg,9,120.730045,1779113496.192823,0.133333,-1400.0,-412.0,2940,1912,1.29901,0.82,0.0,0.0,pix
real_001_s001_2026-05-18_16-09-35-461,001,001,2,008,008.jpg,10,120.746711,1779113496.20949,0.15,-1400.0,-412.0,2940,1912,1.29901,0.82,0.0,0.0,pix
real_001_s001_2026-05-18_16-09-35-461,001,001,2,008,008.jpg,11,120.763378,1779113496.226157,0.166667,-1400.0,-412.0,2940,1912,1.29901,0.82,0.0,0.0,pix
real_001_s001_2026-05-18_16-09-35-461,001,001,2,008,008.jpg,12,120.780045,1779113496.242823,0.183333,-1400.0,-412.0,2940,1912,1.29901,0.82,0.0,0.0,pix
real_001_s001_2026-05-18_16-09-35-461,001,001,2,008,008.jpg,13,120.796711,1779113496.25949,0.2,-1400.0,-412.0,2940,1912,1.29901,0.82,0.0,0.0,pix
real_001_s001_2026-05-18_16-09-35-461,001,001,2,008,008.jpg,14,120.813378,1779113496.276157,0.216667,-1400.0,-412.0,2940,1912,1.29901,0.82,0.0,0.0,pix
real_001_s001_2026-05-18_16-09-35-461,001,001,2,008,008.jpg,15,120.830045,1779113496.292823,0.233333,-1400.0,-412.0,2940,1912,1.29901,0.82,0.0,0.0,pix
real_001_s001_2026-05-18_16-09-35-461,001,001,2,008,008.jpg,16,120.846711,1779113496.30949,0.25,-1400.0,-412.0,2940,1912,1.29901,0.82,0.0,0.0,pix
real_001_s001_2026-05-18_16-09-35-461,001,001,2,008,008.jpg,17,120.863378,1779113496.326157,0.266667,-1400.0,-412.0,2940,1912,1.29901,0.82,0.0,0.0,pix
real_001_s001_2026-05-18_16-09-35-461,001,001,2,008,008.jpg,18,120.880045,1779113496.342823,0.283333,-1400.0,-412.0,2940,1912,1.29901,0.82,0.0,0.0,pix
real_001_s001_2026-05-18_16-09-35-461,001,001,2,008,008.jpg,19,120.896711,1779113496.35949,0.3,-1400.0,-412.0,2940,1912,1.29901,0.82,0.0,0.0,pix
real_001_s001_2026-05-18_16-09-35-461,001,001,2,008,008.jpg,20,120.913378,1779113496.376157,0.316667,-1400.0,-412.0,2940,1912,1.29901,0.82,0.0,0.0,pix
real_001_s001_2026-05-18_16-09-35-461,001,001,2,008,008.jpg,21,120.930045,1779113496.392823,0.333333,-1400.0,-412.0,2940,1912,1.29901,0.82,0.0,0.0,pix
real_001_s001_2026-05-18_16-09-35-461,001,001,2,008,008.jpg,22,120.946711,1779113496.40949,0.35,-1400.0,-412.0,2940,1912,1.29901,0.82,0.0,0.0,pix
real_001_s001_2026-05-18_16-09-35-461,001,001,2,008,008.jpg,23,120.963378,1779113496.426157,0.366667,-1400.0,-412.0,2940,1912,1.29901,0.82,0.0,0.0,pix
real_001_s001_2026-05-18_16-09-35-461,001,001,2,008,008.jpg,24,120.980045,1779113496.442823,0.383333,-1400.0,-412.0,2940,1912,1.29901,0.82,0.0,0.0,pix
real_001_s001_2026-05-18_16-09-35-461,001,001,2,008,008.jpg,25,120.996711,1779113496.45949,0.4,-1400.0,-412.0,2940,1912,1.29901,0.82,0.0,0.0,pix
real_001_s001_2026-05-18_16-09-35-461,001,001,2,008,008.jpg,26,121.013378,1779113496.476157,0.416667,-1400.0,-412.0,2940,1912,1.29901,0.82,0.0,0.0,pix
real_001_s001_2026-05-18_16-09-35-461,001,001,2,008,008.jpg,27,121.030045,1779113496.492823,0.433333,-1400.0,-412.0,2940,1912,1.29901,0.82,0.0,0.0,pix
real_001_s001_2026-05-18_16-09-35-461,001,001,2,008,008.jpg,28,121.046711,1779113496.50949,0.45,-1400.0,-412.0,2940,1912,1.29901,0.82,0.0,0.0,pix
real_001_s001_2026-05-18_16-09-35-461,001,001,2,008,008.jpg,29,121.063378,1779113496.526157,0.466667,-1400.0,-412.0,2940,1912,1.29901,0.82,0.0,0.0,pix
real_001_s001_2026-05-18_16-09-35-461,001,001,2,008,008.jpg,30,121.080045,1779113496.542823,0.483333,-1400.0,-412.0,2940,1912,1.29901,0.82,0.0,0.0,pix
real_001_s001_2026-05-18_16-09-35-461,001,001,2,008,008.jpg,31,121.096711,1779113496.55949,0.5,-1400.0,-412.0,2940,1912,1.29901,0.82,0.0,0.0,pix
real_001_s001_2026-05-18_16-09-35-461,001,001,2,008,008.jpg,32,121.113378,1779113496.576157,0.516667,-1400.0,-412.0,2940,1912,1.29901,0.82,0.0,0.0,pix
real_001_s001_2026-05-18_16-09-35-461,001,001,2,008,008.jpg,33,121.130045,1779113496.592823,0.533333,-1400.0,-412.0,2940,1912,1.29901,0.82,0.0,0.0,pix
real_001_s001_2026-05-18_16-09-35-461,001,001,2,008,008.jpg,34,121.146711,1779113496.60949,0.55,-1400.0,-412.0,2940,1912,1.29901,0.82,0.0,0.0,pix
real_001_s001_2026-05-18_16-09-35-461,001,001,2,008,008.jpg,35,121.163378,1779113496.626157,0.566667,-1400.0,-412.0,2940,1912,1.29901,0.82,0.0,0.0,pix
real_001_s001_2026-05-18_16-09-35-461,001,001,2,008,008.jpg,36,121.180045,1779113496.642823,0.583333,-1400.0,-412.0,2940,1912,1.29901,0.82,0.0,0.0,pix
real_001_s001_2026-05-18_16-09-35-461,001,001,2,008,008.jpg,37,121.196711,1779113496.65949,0.6,-1400.0,-412.0,2940,1912,1.29901,0.82,0.0,0.0,pix
real_001_s001_2026-05-18_16-09-35-461,001,001,2,008,008.jpg,38,121.213378,1779113496.676157,0.616667,-1400.0,-412.0,2940,1912,1.29901,0.82,0.0,0.0,pix
real_001_s001_2026-05-18_16-09-35-461,001,001,2,008,008.jpg,39,121.230045,1779113496.692823,0.633333,-1400.0,-412.0,2940,1912,1.29901,0.82,0.0,0.0,pix
real_001_s001_2026-05-18_16-09-35-461,001,001,2,008,008.jpg,40,121.246711,1779113496.70949,0.65,-1400.0,-412.0,2940,1912,1.29901,0.82,0.0,0.0,pix
real_001_s001_2026-05-18_16-09-35-461,001,001,2,008,008.jpg,41,121.263378,1779113496.726157,0.666667,-1400.0,-412.0,2940,1912,1.29901,0.82,0.0,0.0,pix
real_001_s001_2026-05-18_16-09-35-461,001,001,2,008,008.jpg,42,121.280045,1779113496.742823,0.683333,-1400.0,-412.0,2940,1912,1.29901,0.82,0.0,0.0,pix
real_001_s001_2026-05-18_16-09-35-461,001,001,2,008,008.jpg,43,121.296711,1779113496.75949,0.7,-1400.0,-412.0,2940,1912,1.29901,0.82,0.0,0.0,pix
real_001_s001_2026-05-18_16-09-35-461,001,001,2,008,008.jpg,44,121.313378,1779113496.776157,0.716667,-1400.0,-412.0,2940,1912,1.29901,0.82,0.0,0.0,pix
real_001_s001_2026-05-18_16-09-35-461,001,001,2,008,008.jpg,45,121.330045,1779113496.792823,0.733333,-1400.0,-412.0,2940,1912,1.29901,0.82,0.0,0.0,pix
real_001_s001_2026-05-18_16-09-35-461,001,001,2,008,008.jpg,46,121.346711,1779113496.80949,0.75,-1400.0,-412.0,2940,1912,1.29901,0.82,0.0,0.0,pix
real_001_s001_2026-05-18_16-09-35-461,001,001,2,008,008.jpg,47,121.363378,1779113496.826157,0.766667,-1400.0,-412.0,2940,1912,1.29901,0.82,0.0,0.0,pix
real_001_s001_2026-05-18_16-09-35-461,001,001,2,008,008.jpg,48,121.380045,1779113496.842823,0.783333,-1400.0,-412.0,2940,1912,1.29901,0.82,0.0,0.0,pix
real_001_s001_2026-05-18_16-09-35-461,001,001,2,008,008.jpg,49,121.396711,1779113496.85949,0.8,-1400.0,-412.0,2940,1912,1.29901,0.82,0.0,0.0,pix
real_001_s001_2026-05-18_16-09-35-461,001,001,2,008,008.jpg,50,121.413378,1779113496.876157,0.816667,-1400.0,-412.0,2940,1912,1.29901,0.82,0.0,0.0,pix
real_001_s001_2026-05-18_16-09-35-461,001,001,2,008,008.jpg,51,121.430045,1779113496.892823,0.833333,-1400.0,-412.0,2940,1912,1.29901,0.82,0.0,0.0,pix
real_001_s001_2026-05-18_16-09-35-461,001,001,2,008,008.jpg,52,121.446711,1779113496.90949,0.85,-1400.0,-412.0,2940,1912,1.29901,0.82,0.0,0.0,pix
real_001_s001_2026-05-18_16-09-35-461,001,001,2,008,008.jpg,53,121.463378,1779113496.926157,0.866667,-1400.0,-412.0,2940,1912,1.29901,0.82,0.0,0.0,pix
real_001_s001_2026-05-18_16-09-35-461,001,001,2,008,008.jpg,54,121.480045,1779113496.942823,0.883333,-1400.0,-412.0,2940,1912,1.29901,0.82,0.0,0.0,pix
real_001_s001_2026-05-18_16-09-35-461,001,001,2,008,008.jpg,55,121.496711,1779113496.95949,0.9,-1400.0,-412.0,2940,1912,1.29901,0.82,0.0,0.0,pix
real_001_s001_2026-05-18_16-09-35-461,001,001,2,008,008.jpg,56,121.513378,1779113496.976157,0.916667,-1400.0,-412.0,2940,1912,1.29901,0.82,0.0,0.0,pix
real_001_s001_2026-05-18_16-09-35-461,001,001,2,008,008.jpg,57,121.530045,1779113496.992823,0.933333,-1400.0,-412.0,2940,1912,1.29901,0.82,0.0,0.0,pix
real_001_s001_2026-05-18_16-09-35-461,001,001,2,008,008.jpg,58,121.546711,1779113497.00949,0.95,-1400.0,-412.0,2940,1912,1.29901,0.82,0.0,0.0,pix
real_001_s001_2026-05-18_16-09-35-461,001,001,2,008,008.jpg,59,121.563378,1779113497.026157,0.966667,-1400.0,-412.0,2940,1912,1.29901,0.82,0.0,0.0,pix
real_001_s001_2026-05-18_16-09-35-461,001,001,2,008,008.jpg,60,121.580045,1779113497.042823,0.983333,-1400.0,-412.0,2940,1912,1.29901,0.82,0.0,0.0,pix
real_001_s001_2026-05-18_16-09-35-461,001,001,2,008,008.jpg,61,121.596711,1779113497.05949,1.0,-1400.0,-412.0,2940,1912,1.29901,0.82,0.0,0.0,pix
real_001_s001_2026-05-18_16-09-35-461,001,001,2,008,008.jpg,62,121.613378,1779113497.076157,1.016667,-1400.0,-412.0,2940,1912,1.29901,0.82,0.0,0.0,pix
real_001_s001_2026-05-18_16-09-35-461,001,001,2,008,008.jpg,63,121.630045,1779113497.092823,1.033333,-1400.0,-412.0,2940,1912,1.29901,0.82,0.0,0.0,pix
real_001_s001_2026-05-18_16-09-35-461,001,001,2,008,008.jpg,64,121.646711,1779113497.10949,1.05,-1400.0,-412.0,2940,1912,1.29901,0.82,0.0,0.0,pix
real_001_s001_2026-05-18_16-09-35-461,001,001,2,008,008.jpg,65,121.663378,1779113497.126157,1.066667,-1400.0,-412.0,2940,1912,1.29901,0.82,0.0,0.0,pix
real_001_s001_2026-05-18_16-09-35-461,001,001,2,008,008.jpg,66,121.680045,1779113497.142823,1.083333,-1400.0,-412.0,2940,1912,1.29901,0.82,0.0,0.0,pix
real_001_s001_2026-05-18_16-09-35-461,001,001,2,008,008.jpg,67,121.696711,1779113497.15949,1.1,-1400.0,-412.0,2940,1912,1.29901,0.82,0.0,0.0,pix
real_001_s001_2026-05-18_16-09-35-461,001,001,2,008,008.jpg,68,121.713378,1779113497.176157,1.116667,-1400.0,-412.0,2940,1912,1.29901,0.82,0.0,0.0,pix
real_001_s001_2026-05-18_16-09-35-461,001,001,2,008,008.jpg,69,121.730045,1779113497.192823,1.133333,-1400.0,-412.0,2940,1912,1.29901,0.82,0.0,0.0,pix
real_001_s001_2026-05-18_16-09-35-461,001,001,2,008,008.jpg,70,121.746711,1779113497.20949,1.15,-1400.0,-412.0,2940,1912,1.29901,0.82,0.0,0.0,pix
real_001_s001_2026-05-18_16-09-35-461,001,001,2,008,008.jpg,71,121.763378,1779113497.226157,1.166667,-1400.0,-412.0,2940,1912,1.29901,0.82,0.0,0.0,pix
real_001_s001_2026-05-18_16-09-35-461,001,001,2,008,008.jpg,72,121.780045,1779113497.242823,1.183333,-1400.0,-412.0,2940,1912,1.29901,0.82,0.0,0.0,pix
real_001_s001_2026-05-18_16-09-35-461,001,001,2,008,008.jpg,73,121.796711,1779113497.25949,1.2,-1400.0,-412.0,2940,1912,1.29901,0.82,0.0,0.0,pix
real_001_s001_2026-05-18_16-09-35-461,001,001,2,008,008.jpg,74,121.813378,1779113497.276157,1.216667,-1400.0,-412.0,2940,1912,1.29901,0.82,0.0,0.0,pix
real_001_s001_2026-05-18_16-09-35-461,001,001,2,008,008.jpg,75,121.830045,1779113497.292823,1.233333,-1400.0,-412.0,2940,1912,1.29901,0.82,0.0,0.0,pix
real_001_s001_2026-05-18_16-09-35-461,001,001,2,008,008.jpg,76,121.846711,1779113497.30949,1.25,-1400.0,-412.0,2940,1912,1.29901,0.82,0.0,0.0,pix
real_001_s001_2026-05-18_16-09-35-461,001,001,2,008,008.jpg,77,121.863378,1779113497.326157,1.266667,-1400.0,-412.0,2940,1912,1.29901,0.82,0.0,0.0,pix
real_001_s001_2026-05-18_16-09-35-461,001,001,2,008,008.jpg,78,121.880045,1779113497.342823,1.283333,-1400.0,-412.0,2940,1912,1.29901,0.82,0.0,0.0,pix
real_001_s001_2026-05-18_16-09-35-461,001,001,2,008,008.jpg,79,121.896711,1779113497.35949,1.3,-1400.0,-412.0,2940,1912,1.29901,0.82,0.0,0.0,pix
real_001_s001_2026-05-18_16-09-35-461,001,001,2,008,008.jpg,80,121.913378,1779113497.376157,1.316667,-1400.0,-412.0,2940,1912,1.29901,0.82,0.0,0.0,pix
real_001_s001_2026-05-18_16-09-35-461,001,001,2,008,008.jpg,81,121.930045,1779113497.392823,1.333333,-1400.0,-412.0,2940,1912,1.29901,0.82,0.0,0.0,pix
real_001_s001_2026-05-18_16-09-35-461,001,001,2,008,008.jpg,82,121.946711,1779113497.40949,1.35,-1400.0,-412.0,2940,1912,1.29901,0.82,0.0,0.0,pix
real_001_s001_2026-05-18_16-09-35-461,001,001,2,008,008.jpg,83,121.963378,1779113497.426157,1.366667,-1400.0,-412.0,2940,1912,1.29901,0.82,0.0,0.0,pix
real_001_s001_2026-05-18_16-09-35-461,001,001,2,008,008.jpg,84,121.980045,1779113497.442823,1.383333,-1400.0,-412.0,2940,1912,1.29901,0.82,0.0,0.0,pix
real_001_s001_2026-05-18_16-09-35-461,001,001,2,008,008.jpg,85,121.996711,1779113497.45949,1.4,-1400.0,-412.0,2940,1912,1.29901,0.82,0.0,0.0,pix
real_001_s001_2026-05-18_16-09-35-461,001,001,2,008,008.jpg,86,122.013378,1779113497.476157,1.416667,-1400.0,-412.0,2940,1912,1.29901,0.82,0.0,0.0,pix
real_001_s001_2026-05-18_16-09-35-461,001,001,2,008,008.jpg,87,122.030045,1779113497.492823,1.433333,-1400.0,-412.0,2940,1912,1.29901,0.82,0.0,0.0,pix
real_001_s001_2026-05-18_16-09-35-461,001,001,2,008,008.jpg,88,122.046711,1779113497.50949,1.45,-1400.0,-412.0,2940,1912,1.29901,0.82,0.0,0.0,pix
real_001_s001_2026-05-18_16-09-35-461,001,001,2,008,008.jpg,89,122.063378,1779113497.526157,1.466667,-1400.0,-412.0,2940,1912,1.29901,0.82,0.0,0.0,pix
real_001_s001_2026-05-18_16-09-35-461,001,001,2,008,008.jpg,90,122.080045,1779113497.542823,1.483333,-1400.0,-412.0,2940,1912,1.29901,0.82,0.0,0.0,pix
real_001_s001_2026-05-18_16-09-35-461,001,001,2,008,008.jpg,91,122.096711,1779113497.55949,1.5,-1400.0,-412.0,2940,1912,1.29901,0.82,0.0,0.0,pix
real_001_s001_2026-05-18_16-09-35-461,001,001,2,008,008.jpg,92,122.113378,1779113497.576157,1.516667,-1400.0,-412.0,2940,1912,1.29901,0.82,0.0,0.0,pix
real_001_s001_2026-05-18_16-09-35-461,001,001,2,008,008.jpg,93,122.130045,1779113497.592823,1.533333,-1400.0,-412.0,2940,1912,1.29901,0.82,0.0,0.0,pix
real_001_s001_2026-05-18_16-09-35-461,001,001,2,008,008.jpg,94,122.146711,1779113497.60949,1.55,-1400.0,-412.0,2940,1912,1.29901,0.82,0.0,0.0,pix
real_001_s001_2026-05-18_16-09-35-461,001,001,2,008,008.jpg,95,122.163378,1779113497.626157,1.566667,-1400.0,-412.0,2940,1912,1.29901,0.82,0.0,0.0,pix
real_001_s001_2026-05-18_16-09-35-461,001,001,2,008,008.jpg,96,122.180045,1779113497.642823,1.583333,-1400.0,-412.0,2940,1912,1.29901,0.82,0.0,0.0,pix
real_001_s001_2026-05-18_16-09-35-461,001,001,2,008,008.jpg,97,122.196711,1779113497.65949,1.6,-1400.0,-412.0,2940,1912,1.29901,0.82,0.0,0.0,pix
real_001_s001_2026-05-18_16-09-35-461,001,001,2,008,008.jpg,98,122.213378,1779113497.676157,1.616667,-1400.0,-412.0,2940,1912,1.29901,0.82,0.0,0.0,pix
real_001_s001_2026-05-18_16-09-35-461,001,001,2,008,008.jpg,99,122.230045,1779113497.692823,1.633333,-1400.0,-412.0,2940,1912,1.29901,0.82,0.0,0.0,pix
real_001_s001_2026-05-18_16-09-35-461,001,001,2,008,008.jpg,100,122.246711,1779113497.70949,1.65,-1400.0,-412.0,2940,1912,1.29901,0.82,0.0,0.0,pix
real_001_s001_2026-05-18_16-09-35-461,001,001,2,008,008.jpg,101,122.263378,1779113497.726157,1.666667,-1400.0,-412.0,2940,1912,1.29901,0.82,0.0,0.0,pix
real_001_s001_2026-05-18_16-09-35-461,001,001,2,008,008.jpg,102,122.280045,1779113497.742823,1.683333,-1400.0,-412.0,2940,1912,1.29901,0.82,0.0,0.0,pix
real_001_s001_2026-05-18_16-09-35-461,001,001,2,008,008.jpg,103,122.296711,1779113497.75949,1.7,-1400.0,-412.0,2940,1912,1.29901,0.82,0.0,0.0,pix
real_001_s001_2026-05-18_16-09-35-461,001,001,2,008,008.jpg,104,122.313378,1779113497.776157,1.716667,-1400.0,-412.0,2940,1912,1.29901,0.82,0.0,0.0,pix
real_001_s001_2026-05-18_16-09-35-461,001,001,2,008,008.jpg,105,122.330045,1779113497.792823,1.733333,-1400.0,-412.0,2940,1912,1.29901,0.82,0.0,0.0,pix
real_001_s001_2026-05-18_16-09-35-461,001,001,2,008,008.jpg,106,122.346711,1779113497.80949,1.75,-1400.0,-412.0,2940,1912,1.29901,0.82,0.0,0.0,pix
real_001_s001_2026-05-18_16-09-35-461,001,001,2,008,008.jpg,107,122.363378,1779113497.826157,1.766667,-1400.0,-412.0,2940,1912,1.29901,0.82,0.0,0.0,pix
real_001_s001_2026-05-18_16-09-35-461,001,001,2,008,008.jpg,108,122.380045,1779113497.842823,1.783333,-1400.0,-412.0,2940,1912,1.29901,0.82,0.0,0.0,pix
real_001_s001_2026-05-18_16-09-35-461,001,001,2,008,008.jpg,109,122.396711,1779113497.85949,1.8,-1400.0,-412.0,2940,1912,1.29901,0.82,0.0,0.0,pix
real_001_s001_2026-05-18_16-09-35-461,001,001,2,008,008.jpg,110,122.413378,1779113497.876157,1.816667,-1400.0,-412.0,2940,1912,1.29901,0.82,0.0,0.0,pix
real_001_s001_2026-05-18_16-09-35-461,001,001,2,008,008.jpg,111,122.430045,1779113497.892823,1.833333,-1400.0,-412.0,2940,1912,1.29901,0.82,0.0,0.0,pix
real_001_s001_2026-05-18_16-09-35-461,001,001,2,008,008.jpg,112,122.446711,1779113497.90949,1.85,-1400.0,-412.0,2940,1912,1.29901,0.82,0.0,0.0,pix
real_001_s001_2026-05-18_16-09-35-461,001,001,2,008,008.jpg,113,122.463378,1779113497.926157,1.866667,-1400.0,-412.0,2940,1912,1.29901,0.82,0.0,0.0,pix
real_001_s001_2026-05-18_16-09-35-461,001,001,2,008,008.jpg,114,122.480045,1779113497.942823,1.883333,-1400.0,-412.0,2940,1912,1.29901,0.82,0.0,0.0,pix
real_001_s001_2026-05-18_16-09-35-461,001,001,2,008,008.jpg,115,122.496711,1779113497.95949,1.9,-1400.0,-412.0,2940,1912,1.29901,0.82,0.0,0.0,pix
real_001_s001_2026-05-18_16-09-35-461,001,001,2,008,008.jpg,116,122.513378,1779113497.976157,1.916667,-1400.0,-412.0,2940,1912,1.29901,0.82,0.0,0.0,pix
real_001_s001_2026-05-18_16-09-35-461,001,001,2,008,008.jpg,117,122.530045,1779113497.992823,1.933333,-1400.0,-412.0,2940,1912,1.29901,0.82,0.0,0.0,pix
real_001_s001_2026-05-18_16-09-35-461,001,001,2,008,008.jpg,118,122.546711,1779113498.00949,1.95,-1400.0,-412.0,2940,1912,1.29901,0.82,0.0,0.0,pix
real_001_s001_2026-05-18_16-09-35-461,001,001,2,008,008.jpg,119,122.563378,1779113498.026157,1.966667,-1400.0,-412.0,2940,1912,1.29901,0.82,0.0,0.0,pix
real_001_s001_2026-05-18_16-09-35-461,001,001,2,008,008.jpg,120,122.580045,1779113498.042823,1.983333,-1400.0,-412.0,2940,1912,1.29901,0.82,0.0,0.0,pix
real_001_s001_2026-05-18_16-09-35-461,001,001,2,008,008.jpg,121,122.596711,1779113498.05949,2.0,-1400.0,-412.0,2940,1912,1.29901,0.82,0.0,0.0,pix
real_001_s001_2026-05-18_16-09-35-461,001,001,2,008,008.jpg,122,122.613378,1779113498.076157,2.016667,-1400.0,-412.0,2940,1912,1.29901,0.82,0.0,0.0,pix
real_001_s001_2026-05-18_16-09-35-461,001,001,2,008,008.jpg,123,122.630045,1779113498.092823,2.033333,-1400.0,-412.0,2940,1912,1.29901,0.82,0.0,0.0,pix
real_001_s001_2026-05-18_16-09-35-461,001,001,2,008,008.jpg,124,122.646711,1779113498.10949,2.05,-1400.0,-412.0,2940,1912,1.29901,0.82,0.0,0.0,pix
real_001_s001_2026-05-18_16-09-35-461,001,001,2,008,008.jpg,125,122.663378,1779113498.126157,2.066667,-1400.0,-412.0,2940,1912,1.29901,0.82,0.0,0.0,pix
real_001_s001_2026-05-18_16-09-35-461,001,001,2,008,008.jpg,126,122.680045,1779113498.142823,2.083333,-1400.0,-412.0,2940,1912,1.29901,0.82,0.0,0.0,pix
real_001_s001_2026-05-18_16-09-35-461,001,001,2,008,008.jpg,127,122.696711,1779113498.15949,2.1,-1400.0,-412.0,2940,1912,1.29901,0.82,0.0,0.0,pix
real_001_s001_2026-05-18_16-09-35-461,001,001,2,008,008.jpg,128,122.713378,1779113498.176157,2.116667,-1400.0,-412.0,2940,1912,1.29901,0.82,0.0,0.0,pix
real_001_s001_2026-05-18_16-09-35-461,001,001,2,008,008.jpg,129,122.730045,1779113498.192823,2.133333,-1400.0,-412.0,2940,1912,1.29901,0.82,0.0,0.0,pix
real_001_s001_2026-05-18_16-09-35-461,001,001,2,008,008.jpg,130,122.746711,1779113498.20949,2.15,-1400.0,-412.0,2940,1912,1.29901,0.82,0.0,0.0,pix
real_001_s001_2026-05-18_16-09-35-461,001,001,2,008,008.jpg,131,122.763378,1779113498.226157,2.166667,-1400.0,-412.0,2940,1912,1.29901,0.82,0.0,0.0,pix
real_001_s001_2026-05-18_16-09-35-461,001,001,2,008,008.jpg,132,122.780045,1779113498.242823,2.183333,-1400.0,-412.0,2940,1912,1.29901,0.82,0.0,0.0,pix
real_001_s001_2026-05-18_16-09-35-461,001,001,2,008,008.jpg,133,122.796711,1779113498.25949,2.2,-1400.0,-412.0,2940,1912,1.29901,0.82,0.0,0.0,pix
real_001_s001_2026-05-18_16-09-35-461,001,001,2,008,008.jpg,134,122.813378,1779113498.276157,2.216667,-1400.0,-412.0,2940,1912,1.29901,0.82,0.0,0.0,pix
real_001_s001_2026-05-18_16-09-35-461,001,001,2,008,008.jpg,135,122.830045,1779113498.292823,2.233333,-1400.0,-412.0,2940,1912,1.29901,0.82,0.0,0.0,pix
real_001_s001_2026-05-18_16-09-35-461,001,001,2,008,008.jpg,136,122.846711,1779113498.30949,2.25,-1400.0,-412.0,2940,1912,1.29901,0.82,0.0,0.0,pix
real_001_s001_2026-05-18_16-09-35-461,001,001,2,008,008.jpg,137,122.863378,1779113498.326157,2.266667,-1400.0,-412.0,2940,1912,1.29901,0.82,0.0,0.0,pix
real_001_s001_2026-05-18_16-09-35-461,001,001,2,008,008.jpg,138,122.880045,1779113498.342823,2.283333,-1400.0,-412.0,2940,1912,1.29901,0.82,0.0,0.0,pix
real_001_s001_2026-05-18_16-09-35-461,001,001,2,008,008.jpg,139,122.896711,1779113498.35949,2.3,-1400.0,-412.0,2940,1912,1.29901,0.82,0.0,0.0,pix
real_001_s001_2026-05-18_16-09-35-461,001,001,2,008,008.jpg,140,122.913378,1779113498.376157,2.316667,-1400.0,-412.0,2940,1912,1.29901,0.82,0.0,0.0,pix
real_001_s001_2026-05-18_16-09-35-461,001,001,2,008,008.jpg,141,122.930045,1779113498.392823,2.333333,-1400.0,-412.0,2940,1912,1.29901,0.82,0.0,0.0,pix
real_001_s001_2026-05-18_16-09-35-461,001,001,2,008,008.jpg,142,122.946711,1779113498.40949,2.35,-1400.0,-412.0,2940,1912,1.29901,0.82,0.0,0.0,pix
real_001_s001_2026-05-18_16-09-35-461,001,001,2,008,008.jpg,143,122.963378,1779113498.426157,2.366667,-1400.0,-412.0,2940,1912,1.29901,0.82,0.0,0.0,pix
real_001_s001_2026-05-18_16-09-35-461,001,001,2,008,008.jpg,144,122.980045,1779113498.442823,2.383333,-1400.0,-412.0,2940,1912,1.29901,0.82,0.0,0.0,pix
real_001_s001_2026-05-18_16-09-35-461,001,001,2,008,008.jpg,145,122.996711,1779113498.45949,2.4,-1400.0,-412.0,2940,1912,1.29901,0.82,0.0,0.0,pix
real_001_s001_2026-05-18_16-09-35-461,001,001,2,008,008.jpg,146,123.013378,1779113498.476157,2.416667,-1400.0,-412.0,2940,1912,1.29901,0.82,0.0,0.0,pix
real_001_s001_2026-05-18_16-09-35-461,001,001,2,008,008.jpg,147,123.030045,1779113498.492823,2.433333,-1400.0,-412.0,2940,1912,1.29901,0.82,0.0,0.0,pix
real_001_s001_2026-05-18_16-09-35-461,001,001,2,008,008.jpg,148,123.046711,1779113498.50949,2.45,-1400.0,-412.0,2940,1912,1.29901,0.82,0.0,0.0,pix
real_001_s001_2026-05-18_16-09-35-461,001,001,2,008,008.jpg,149,123.063378,1779113498.526157,2.466667,-1400.0,-412.0,2940,1912,1.29901,0.82,0.0,0.0,pix
real_001_s001_2026-05-18_16-09-35-461,001,001,2,008,008.jpg,150,123.080045,1779113498.542823,2.483333,-1400.0,-412.0,2940,1912,1.29901,0.82,0.0,0.0,pix
real_001_s001_2026-05-18_16-09-35-461,001,001,2,008,008.jpg,151,123.096711,1779113498.55949,2.5,-1400.0,-412.0,2940,1912,1.29901,0.82,0.0,0.0,pix
real_001_s001_2026-05-18_16-09-35-461,001,001,2,008,008.jpg,152,123.113378,1779113498.576157,2.516667,-1400.0,-412.0,2940,1912,1.29901,0.82,0.0,0.0,pix
real_001_s001_2026-05-18_16-09-35-461,001,001,2,008,008.jpg,153,123.130045,1779113498.592823,2.533333,-1400.0,-412.0,2940,1912,1.29901,0.82,0.0,0.0,pix
real_001_s001_2026-05-18_16-09-35-461,001,001,2,008,008.jpg,154,123.146711,1779113498.60949,2.55,-1400.0,-412.0,2940,1912,1.29901,0.82,0.0,0.0,pix
real_001_s001_2026-05-18_16-09-35-461,001,001,2,008,008.jpg,155,123.163378,1779113498.626157,2.566667,-1400.0,-412.0,2940,1912,1.29901,0.82,0.0,0.0,pix
real_001_s001_2026-05-18_16-09-35-461,001,001,2,008,008.jpg,156,123.180045,1779113498.642823,2.583333,-1400.0,-412.0,2940,1912,1.29901,0.82,0.0,0.0,pix
real_001_s001_2026-05-18_16-09-35-461,001,001,2,008,008.jpg,157,123.196711,1779113498.65949,2.6,-1400.0,-412.0,2940,1912,1.29901,0.82,0.0,0.0,pix
real_001_s001_2026-05-18_16-09-35-461,001,001,2,008,008.jpg,158,123.213378,1779113498.676157,2.616667,-1400.0,-412.0,2940,1912,1.29901,0.82,0.0,0.0,pix
real_001_s001_2026-05-18_16-09-35-461,001,001,2,008,008.jpg,159,123.230045,1779113498.692823,2.633333,-1400.0,-412.0,2940,1912,1.29901,0.82,0.0,0.0,pix
real_001_s001_2026-05-18_16-09-35-461,001,001,2,008,008.jpg,160,123.246711,1779113498.70949,2.65,-1400.0,-412.0,2940,1912,1.29901,0.82,0.0,0.0,pix
real_001_s001_2026-05-18_16-09-35-461,001,001,2,008,008.jpg,161,123.263378,1779113498.726157,2.666667,-1400.0,-412.0,2940,1912,1.29901,0.82,0.0,0.0,pix
real_001_s001_2026-05-18_16-09-35-461,001,001,2,008,008.jpg,162,123.280045,1779113498.742823,2.683333,-1400.0,-412.0,2940,1912,1.29901,0.82,0.0,0.0,pix
real_001_s001_2026-05-18_16-09-35-461,001,001,2,008,008.jpg,163,123.296711,1779113498.75949,2.7,-1400.0,-412.0,2940,1912,1.29901,0.82,0.0,0.0,pix
real_001_s001_2026-05-18_16-09-35-461,001,001,2,008,008.jpg,164,123.313378,1779113498.776157,2.716667,-1400.0,-412.0,2940,1912,1.29901,0.82,0.0,0.0,pix
real_001_s001_2026-05-18_16-09-35-461,001,001,2,008,008.jpg,165,123.330045,1779113498.792823,2.733333,-1400.0,-412.0,2940,1912,1.29901,0.82,0.0,0.0,pix
real_001_s001_2026-05-18_16-09-35-461,001,001,2,008,008.jpg,166,123.346711,1779113498.80949,2.75,-1400.0,-412.0,2940,1912,1.29901,0.82,0.0,0.0,pix
real_001_s001_2026-05-18_16-09-35-461,001,001,2,008,008.jpg,167,123.363378,1779113498.826157,2.766667,-1400.0,-412.0,2940,1912,1.29901,0.82,0.0,0.0,pix
real_001_s001_2026-05-18_16-09-35-461,001,001,2,008,008.jpg,168,123.380045,1779113498.842823,2.783333,-1400.0,-412.0,2940,1912,1.29901,0.82,0.0,0.0,pix
real_001_s001_2026-05-18_16-09-35-461,001,001,2,008,008.jpg,169,123.396711,1779113498.85949,2.8,-1400.0,-412.0,2940,1912,1.29901,0.82,0.0,0.0,pix
real_001_s001_2026-05-18_16-09-35-461,001,001,2,008,008.jpg,170,123.413378,1779113498.876157,2.816667,-1400.0,-412.0,2940,1912,1.29901,0.82,0.0,0.0,pix
real_001_s001_2026-05-18_16-09-35-461,001,001,2,008,008.jpg,171,123.430045,1779113498.892823,2.833333,-1400.0,-412.0,2940,1912,1.29901,0.82,0.0,0.0,pix
real_001_s001_2026-05-18_16-09-35-461,001,001,2,008,008.jpg,172,123.446711,1779113498.90949,2.85,-1400.0,-412.0,2940,1912,1.29901,0.82,0.0,0.0,pix
real_001_s001_2026-05-18_16-09-35-461,001,001,2,008,008.jpg,173,123.463378,1779113498.926157,2.866667,-1400.0,-412.0,2940,1912,1.29901,0.82,0.0,0.0,pix
real_001_s001_2026-05-18_16-09-35-461,001,001,2,008,008.jpg,174,123.480045,1779113498.942823,2.883333,-1400.0,-412.0,2940,1912,1.29901,0.82,0.0,0.0,pix
real_001_s001_2026-05-18_16-09-35-461,001,001,2,008,008.jpg,175,123.496711,1779113498.95949,2.9,-1400.0,-412.0,2940,1912,1.29901,0.82,0.0,0.0,pix
real_001_s001_2026-05-18_16-09-35-461,001,001,2,008,008.jpg,176,123.513378,1779113498.976157,2.916667,-1400.0,-412.0,2940,1912,1.29901,0.82,0.0,0.0,pix
real_001_s001_2026-05-18_16-09-35-461,001,001,2,008,008.jpg,177,123.530045,1779113498.992823,2.933333,-1400.0,-412.0,2940,1912,1.29901,0.82,0.0,0.0,pix
real_001_s001_2026-05-18_16-09-35-461,001,001,2,008,008.jpg,178,123.546711,1779113499.00949,2.95,-1400.0,-412.0,2940,1912,1.29901,0.82,0.0,0.0,pix
real_001_s001_2026-05-18_16-09-35-461,001,001,2,008,008.jpg,179,123.563378,1779113499.026157,2.966667,-1400.0,-412.0,2940,1912,1.29901,0.82,0.0,0.0,pix
real_001_s001_2026-05-18_16-09-35-461,001,001,2,008,008.jpg,180,123.580045,1779113499.042823,2.983333,-1400.0,-412.0,2940,1912,1.29901,0.82,0.0,0.0,pix
real_001_s001_2026-05-18_16-09-35-461,001,001,2,008,008.jpg,181,123.596711,1779113499.05949,3.0,-1400.0,-412.0,2940,1912,1.29901,0.82,0.0,0.0,pix
real_001_s001_2026-05-18_16-09-35-461,001,001,2,008,008.jpg,182,123.613378,1779113499.076157,3.016667,-1400.0,-412.0,2940,1912,1.29901,0.82,0.0,0.0,pix
real_001_s001_2026-05-18_16-09-35-461,001,001,2,008,008.jpg,183,123.630045,1779113499.092823,3.033333,-1400.0,-412.0,2940,1912,1.29901,0.82,0.0,0.0,pix
real_001_s001_2026-05-18_16-09-35-461,001,001,2,008,008.jpg,184,123.646711,1779113499.10949,3.05,-1400.0,-412.0,2940,1912,1.29901,0.82,0.0,0.0,pix
real_001_s001_2026-05-18_16-09-35-461,001,001,2,008,008.jpg,185,123.663378,1779113499.126157,3.066667,-1400.0,-412.0,2940,1912,1.29901,0.82,0.0,0.0,pix
real_001_s001_2026-05-18_16-09-35-461,001,001,2,008,008.jpg,186,123.680045,1779113499.142823,3.083333,-1400.0,-412.0,2940,1912,1.29901,0.82,0.0,0.0,pix
real_001_s001_2026-05-18_16-09-35-461,001,001,2,008,008.jpg,187,123.696711,1779113499.15949,3.1,-1400.0,-412.0,2940,1912,1.29901,0.82,0.0,0.0,pix
real_001_s001_2026-05-18_16-09-35-461,001,001,2,008,008.jpg,188,123.713378,1779113499.176157,3.116667,-1400.0,-412.0,2940,1912,1.29901,0.82,0.0,0.0,pix
real_001_s001_2026-05-18_16-09-35-461,001,001,2,008,008.jpg,189,123.730045,1779113499.192823,3.133333,-1400.0,-412.0,2940,1912,1.29901,0.82,0.0,0.0,pix
real_001_s001_2026-05-18_16-09-35-461,001,001,2,008,008.jpg,190,123.746711,1779113499.20949,3.15,-1400.0,-412.0,2940,1912,1.29901,0.82,0.0,0.0,pix
real_001_s001_2026-05-18_16-09-35-461,001,001,2,008,008.jpg,191,123.763378,1779113499.226157,3.166667,-1400.0,-412.0,2940,1912,1.29901,0.82,0.0,0.0,pix
real_001_s001_2026-05-18_16-09-35-461,001,001,2,008,008.jpg,192,123.780045,1779113499.242823,3.183333,-1400.0,-412.0,2940,1912,1.29901,0.82,0.0,0.0,pix
real_001_s001_2026-05-18_16-09-35-461,001,001,2,008,008.jpg,193,123.796711,1779113499.25949,3.2,-1400.0,-412.0,2940,1912,1.29901,0.82,0.0,0.0,pix
real_001_s001_2026-05-18_16-09-35-461,001,001,2,008,008.jpg,194,123.813378,1779113499.276157,3.216667,-1400.0,-412.0,2940,1912,1.29901,0.82,0.0,0.0,pix
real_001_s001_2026-05-18_16-09-35-461,001,001,2,008,008.jpg,195,123.830045,1779113499.292823,3.233333,-1400.0,-412.0,2940,1912,1.29901,0.82,0.0,0.0,pix
real_001_s001_2026-05-18_16-09-35-461,001,001,2,008,008.jpg,196,123.846711,1779113499.30949,3.25,-1400.0,-412.0,2940,1912,1.29901,0.82,0.0,0.0,pix
real_001_s001_2026-05-18_16-09-35-461,001,001,2,008,008.jpg,197,123.863378,1779113499.326157,3.266667,-1400.0,-412.0,2940,1912,1.29901,0.82,0.0,0.0,pix
real_001_s001_2026-05-18_16-09-35-461,001,001,2,008,008.jpg,198,123.880045,1779113499.342823,3.283333,-1400.0,-412.0,2940,1912,1.29901,0.82,0.0,0.0,pix
real_001_s001_2026-05-18_16-09-35-461,001,001,2,008,008.jpg,199,123.896711,1779113499.35949,3.3,-1400.0,-412.0,2940,1912,1.29901,0.82,0.0,0.0,pix
real_001_s001_2026-05-18_16-09-35-461,001,001,2,008,008.jpg,200,123.913378,1779113499.376157,3.316667,-1400.0,-412.0,2940,1912,1.29901,0.82,0.0,0.0,pix
real_001_s001_2026-05-18_16-09-35-461,001,001,2,008,008.jpg,201,123.930045,1779113499.392823,3.333333,-1400.0,-412.0,2940,1912,1.29901,0.82,0.0,0.0,pix
real_001_s001_2026-05-18_16-09-35-461,001,001,2,008,008.jpg,202,123.946711,1779113499.40949,3.35,-1400.0,-412.0,2940,1912,1.29901,0.82,0.0,0.0,pix
real_001_s001_2026-05-18_16-09-35-461,001,001,2,008,008.jpg,203,123.963378,1779113499.426157,3.366667,-1400.0,-412.0,2940,1912,1.29901,0.82,0.0,0.0,pix
real_001_s001_2026-05-18_16-09-35-461,001,001,2,008,008.jpg,204,123.980045,1779113499.442823,3.383333,-1400.0,-412.0,2940,1912,1.29901,0.82,0.0,0.0,pix
real_001_s001_2026-05-18_16-09-35-461,001,001,2,008,008.jpg,205,123.996711,1779113499.45949,3.4,-1400.0,-412.0,2940,1912,1.29901,0.82,0.0,0.0,pix
real_001_s001_2026-05-18_16-09-35-461,001,001,2,008,008.jpg,206,124.013378,1779113499.476157,3.416667,-1400.0,-412.0,2940,1912,1.29901,0.82,0.0,0.0,pix
real_001_s001_2026-05-18_16-09-35-461,001,001,2,008,008.jpg,207,124.030045,1779113499.492823,3.433333,-1400.0,-412.0,2940,1912,1.29901,0.82,0.0,0.0,pix
real_001_s001_2026-05-18_16-09-35-461,001,001,2,008,008.jpg,208,124.046711,1779113499.50949,3.45,-1400.0,-412.0,2940,1912,1.29901,0.82,0.0,0.0,pix
real_001_s001_2026-05-18_16-09-35-461,001,001,2,008,008.jpg,209,124.063378,1779113499.526157,3.466667,-1400.0,-412.0,2940,1912,1.29901,0.82,0.0,0.0,pix
real_001_s001_2026-05-18_16-09-35-461,001,001,2,008,008.jpg,210,124.080045,1779113499.542823,3.483333,-1400.0,-412.0,2940,1912,1.29901,0.82,0.0,0.0,pix
real_001_s001_2026-05-18_16-09-35-461,001,001,2,008,008.jpg,211,124.096711,1779113499.55949,3.5,-1400.0,-412.0,2940,1912,1.29901,0.82,0.0,0.0,pix
real_001_s001_2026-05-18_16-09-35-461,001,001,2,008,008.jpg,212,124.113378,1779113499.576157,3.516667,-1400.0,-412.0,2940,1912,1.29901,0.82,0.0,0.0,pix
real_001_s001_2026-05-18_16-09-35-461,001,001,2,008,008.jpg,213,124.130045,1779113499.592823,3.533333,-1400.0,-412.0,2940,1912,1.29901,0.82,0.0,0.0,pix
real_001_s001_2026-05-18_16-09-35-461,001,001,2,008,008.jpg,214,124.146711,1779113499.60949,3.55,-1400.0,-412.0,2940,1912,1.29901,0.82,0.0,0.0,pix
real_001_s001_2026-05-18_16-09-35-461,001,001,2,008,008.jpg,215,124.163378,1779113499.626157,3.566667,-1400.0,-412.0,2940,1912,1.29901,0.82,0.0,0.0,pix
real_001_s001_2026-05-18_16-09-35-461,001,001,2,008,008.jpg,216,124.180045,1779113499.642823,3.583333,-1400.0,-412.0,2940,1912,1.29901,0.82,0.0,0.0,pix
real_001_s001_2026-05-18_16-09-35-461,001,001,2,008,008.jpg,217,124.196711,1779113499.65949,3.6,-1400.0,-412.0,2940,1912,1.29901,0.82,0.0,0.0,pix
real_001_s001_2026-05-18_16-09-35-461,001,001,2,008,008.jpg,218,124.213378,1779113499.676157,3.616667,-1400.0,-412.0,2940,1912,1.29901,0.82,0.0,0.0,pix
real_001_s001_2026-05-18_16-09-35-461,001,001,2,008,008.jpg,219,124.230045,1779113499.692823,3.633333,-1400.0,-412.0,2940,1912,1.29901,0.82,0.0,0.0,pix
real_001_s001_2026-05-18_16-09-35-461,001,001,2,008,008.jpg,220,124.246711,1779113499.70949,3.65,-1400.0,-412.0,2940,1912,1.29901,0.82,0.0,0.0,pix
real_001_s001_2026-05-18_16-09-35-461,001,001,2,008,008.jpg,221,124.263378,1779113499.726157,3.666667,-1400.0,-412.0,2940,1912,1.29901,0.82,0.0,0.0,pix
real_001_s001_2026-05-18_16-09-35-461,001,001,2,008,008.jpg,222,124.280045,1779113499.742823,3.683333,-1400.0,-412.0,2940,1912,1.29901,0.82,0.0,0.0,pix
real_001_s001_2026-05-18_16-09-35-461,001,001,2,008,008.jpg,223,124.296711,1779113499.75949,3.7,-1400.0,-412.0,2940,1912,1.29901,0.82,0.0,0.0,pix
real_001_s001_2026-05-18_16-09-35-461,001,001,2,008,008.jpg,224,124.313378,1779113499.776157,3.716667,-1400.0,-412.0,2940,1912,1.29901,0.82,0.0,0.0,pix
real_001_s001_2026-05-18_16-09-35-461,001,001,2,008,008.jpg,225,124.330045,1779113499.792823,3.733333,-1400.0,-412.0,2940,1912,1.29901,0.82,0.0,0.0,pix
real_001_s001_2026-05-18_16-09-35-461,001,001,2,008,008.jpg,226,124.346711,1779113499.80949,3.75,-1400.0,-412.0,2940,1912,1.29901,0.82,0.0,0.0,pix
real_001_s001_2026-05-18_16-09-35-461,001,001,2,008,008.jpg,227,124.363378,1779113499.826157,3.766667,-1400.0,-412.0,2940,1912,1.29901,0.82,0.0,0.0,pix
real_001_s001_2026-05-18_16-09-35-461,001,001,2,008,008.jpg,228,124.380045,1779113499.842823,3.783333,-1400.0,-412.0,2940,1912,1.29901,0.82,0.0,0.0,pix
real_001_s001_2026-05-18_16-09-35-461,001,001,2,008,008.jpg,229,124.396711,1779113499.85949,3.8,-1400.0,-412.0,2940,1912,1.29901,0.82,0.0,0.0,pix
real_001_s001_2026-05-18_16-09-35-461,001,001,2,008,008.jpg,230,124.413378,1779113499.876157,3.816667,-1400.0,-412.0,2940,1912,1.29901,0.82,0.0,0.0,pix
real_001_s001_2026-05-18_16-09-35-461,001,001,2,008,008.jpg,231,124.430045,1779113499.892823,3.833333,-1400.0,-412.0,2940,1912,1.29901,0.82,0.0,0.0,pix
real_001_s001_2026-05-18_16-09-35-461,001,001,2,008,008.jpg,232,124.446711,1779113499.90949,3.85,-1400.0,-412.0,2940,1912,1.29901,0.82,0.0,0.0,pix
real_001_s001_2026-05-18_16-09-35-461,001,001,2,008,008.jpg,233,124.463378,1779113499.926157,3.866667,-1400.0,-412.0,2940,1912,1.29901,0.82,0.0,0.0,pix
real_001_s001_2026-05-18_16-09-35-461,001,001,2,008,008.jpg,234,124.480045,1779113499.942823,3.883333,-1400.0,-412.0,2940,1912,1.29901,0.82,0.0,0.0,pix
real_001_s001_2026-05-18_16-09-35-461,001,001,2,008,008.jpg,235,124.496711,1779113499.95949,3.9,-1400.0,-412.0,2940,1912,1.29901,0.82,0.0,0.0,pix
real_001_s001_2026-05-18_16-09-35-461,001,001,2,008,008.jpg,236,124.513378,1779113499.976157,3.916667,-1400.0,-412.0,2940,1912,1.29901,0.82,0.0,0.0,pix
real_001_s001_2026-05-18_16-09-35-461,001,001,2,008,008.jpg,237,124.530045,1779113499.992823,3.933333,-1400.0,-412.0,2940,1912,1.29901,0.82,0.0,0.0,pix
real_001_s001_2026-05-18_16-09-35-461,001,001,2,008,008.jpg,238,124.546711,1779113500.00949,3.95,-1400.0,-412.0,2940,1912,1.29901,0.82,0.0,0.0,pix
real_001_s001_2026-05-18_16-09-35-461,001,001,2,008,008.jpg,239,124.563378,1779113500.026157,3.966667,-1400.0,-412.0,2940,1912,1.29901,0.82,0.0,0.0,pix
real_001_s001_2026-05-18_16-09-35-461,001,001,2,008,008.jpg,240,124.580045,1779113500.042823,3.983333,-1400.0,-412.0,2940,1912,1.29901,0.82,0.0,0.0,pix
real_001_s001_2026-05-18_16-09-35-461,001,001,2,008,008.jpg,241,124.596711,1779113500.05949,4.0,-1400.0,-412.0,2940,1912,1.29901,0.82,0.0,0.0,pix
real_001_s001_2026-05-18_16-09-35-461,001,001,2,008,008.jpg,242,124.613378,1779113500.076157,4.016667,-1400.0,-412.0,2940,1912,1.29901,0.82,0.0,0.0,pix
real_001_s001_2026-05-18_16-09-35-461,001,001,2,008,008.jpg,243,124.630045,1779113500.092823,4.033333,-1400.0,-412.0,2940,1912,1.29901,0.82,0.0,0.0,pix
real_001_s001_2026-05-18_16-09-35-461,001,001,2,008,008.jpg,244,124.646711,1779113500.10949,4.05,-1400.0,-412.0,2940,1912,1.29901,0.82,0.0,0.0,pix
real_001_s001_2026-05-18_16-09-35-461,001,001,2,008,008.jpg,245,124.663378,1779113500.126157,4.066667,-1400.0,-412.0,2940,1912,1.29901,0.82,0.0,0.0,pix
real_001_s001_2026-05-18_16-09-35-461,001,001,2,008,008.jpg,246,124.680045,1779113500.142823,4.083333,-1400.0,-412.0,2940,1912,1.29901,0.82,0.0,0.0,pix
real_001_s001_2026-05-18_16-09-35-461,001,001,2,008,008.jpg,247,124.696711,1779113500.15949,4.1,-1400.0,-412.0,2940,1912,1.29901,0.82,0.0,0.0,pix
real_001_s001_2026-05-18_16-09-35-461,001,001,2,008,008.jpg,248,124.713378,1779113500.176157,4.116667,-1400.0,-412.0,2940,1912,1.29901,0.82,0.0,0.0,pix
real_001_s001_2026-05-18_16-09-35-461,001,001,2,008,008.jpg,249,124.730045,1779113500.192823,4.133333,-1400.0,-412.0,2940,1912,1.29901,0.82,0.0,0.0,pix
real_001_s001_2026-05-18_16-09-35-461,001,001,2,008,008.jpg,250,124.746711,1779113500.20949,4.15,-1400.0,-412.0,2940,1912,1.29901,0.82,0.0,0.0,pix
real_001_s001_2026-05-18_16-09-35-461,001,001,2,008,008.jpg,251,124.763378,1779113500.226157,4.166667,-1400.0,-412.0,2940,1912,1.29901,0.82,0.0,0.0,pix
real_001_s001_2026-05-18_16-09-35-461,001,001,2,008,008.jpg,252,124.780045,1779113500.242823,4.183333,-1400.0,-412.0,2940,1912,1.29901,0.82,0.0,0.0,pix
real_001_s001_2026-05-18_16-09-35-461,001,001,2,008,008.jpg,253,124.796711,1779113500.25949,4.2,-1400.0,-412.0,2940,1912,1.29901,0.82,0.0,0.0,pix
real_001_s001_2026-05-18_16-09-35-461,001,001,2,008,008.jpg,254,124.813378,1779113500.276157,4.216667,-1400.0,-412.0,2940,1912,1.29901,0.82,0.0,0.0,pix
real_001_s001_2026-05-18_16-09-35-461,001,001,2,008,008.jpg,255,124.830045,1779113500.292823,4.233333,-1400.0,-412.0,2940,1912,1.29901,0.82,0.0,0.0,pix
real_001_s001_2026-05-18_16-09-35-461,001,001,2,008,008.jpg,256,124.846711,1779113500.30949,4.25,-1400.0,-412.0,2940,1912,1.29901,0.82,0.0,0.0,pix
real_001_s001_2026-05-18_16-09-35-461,001,001,2,008,008.jpg,257,124.863378,1779113500.326157,4.266667,-1400.0,-412.0,2940,1912,1.29901,0.82,0.0,0.0,pix
real_001_s001_2026-05-18_16-09-35-461,001,001,2,008,008.jpg,258,124.880045,1779113500.342823,4.283333,-1400.0,-412.0,2940,1912,1.29901,0.82,0.0,0.0,pix
real_001_s001_2026-05-18_16-09-35-461,001,001,2,008,008.jpg,259,124.896711,1779113500.35949,4.3,-1400.0,-412.0,2940,1912,1.29901,0.82,0.0,0.0,pix
real_001_s001_2026-05-18_16-09-35-461,001,001,2,008,008.jpg,260,124.913378,1779113500.376157,4.316667,-1400.0,-412.0,2940,1912,1.29901,0.82,0.0,0.0,pix
real_001_s001_2026-05-18_16-09-35-461,001,001,2,008,008.jpg,261,124.930045,1779113500.392823,4.333333,-1400.0,-412.0,2940,1912,1.29901,0.82,0.0,0.0,pix
real_001_s001_2026-05-18_16-09-35-461,001,001,2,008,008.jpg,262,124.946711,1779113500.40949,4.35,-1400.0,-412.0,2940,1912,1.29901,0.82,0.0,0.0,pix
real_001_s001_2026-05-18_16-09-35-461,001,001,2,008,008.jpg,263,124.963378,1779113500.426157,4.366667,-1400.0,-412.0,2940,1912,1.29901,0.82,0.0,0.0,pix
real_001_s001_2026-05-18_16-09-35-461,001,001,2,008,008.jpg,264,124.980045,1779113500.442823,4.383333,-1400.0,-412.0,2940,1912,1.29901,0.82,0.0,0.0,pix
real_001_s001_2026-05-18_16-09-35-461,001,001,2,008,008.jpg,265,124.996711,1779113500.45949,4.4,-1400.0,-412.0,2940,1912,1.29901,0.82,0.0,0.0,pix
real_001_s001_2026-05-18_16-09-35-461,001,001,2,008,008.jpg,266,125.013378,1779113500.476157,4.416667,-1400.0,-412.0,2940,1912,1.29901,0.82,0.0,0.0,pix
real_001_s001_2026-05-18_16-09-35-461,001,001,2,008,008.jpg,267,125.030045,1779113500.492823,4.433333,-1400.0,-412.0,2940,1912,1.29901,0.82,0.0,0.0,pix
real_001_s001_2026-05-18_16-09-35-461,001,001,2,008,008.jpg,268,125.046711,1779113500.50949,4.45,-1400.0,-412.0,2940,1912,1.29901,0.82,0.0,0.0,pix
real_001_s001_2026-05-18_16-09-35-461,001,001,2,008,008.jpg,269,125.063378,1779113500.526157,4.466667,-1400.0,-412.0,2940,1912,1.29901,0.82,0.0,0.0,pix
real_001_s001_2026-05-18_16-09-35-461,001,001,2,008,008.jpg,270,125.080045,1779113500.542823,4.483333,-1400.0,-412.0,2940,1912,1.29901,0.82,0.0,0.0,pix
real_001_s001_2026-05-18_16-09-35-461,001,001,2,008,008.jpg,271,125.096711,1779113500.55949,4.5,-1400.0,-412.0,2940,1912,1.29901,0.82,0.0,0.0,pix
real_001_s001_2026-05-18_16-09-35-461,001,001,2,008,008.jpg,272,125.113378,1779113500.576157,4.516667,-1400.0,-412.0,2940,1912,1.29901,0.82,0.0,0.0,pix
real_001_s001_2026-05-18_16-09-35-461,001,001,2,008,008.jpg,273,125.130045,1779113500.592823,4.533333,-1400.0,-412.0,2940,1912,1.29901,0.82,0.0,0.0,pix
real_001_s001_2026-05-18_16-09-35-461,001,001,2,008,008.jpg,274,125.146711,1779113500.60949,4.55,-1400.0,-412.0,2940,1912,1.29901,0.82,0.0,0.0,pix
real_001_s001_2026-05-18_16-09-35-461,001,001,2,008,008.jpg,275,125.163378,1779113500.626157,4.566667,-1400.0,-412.0,2940,1912,1.29901,0.82,0.0,0.0,pix
real_001_s001_2026-05-18_16-09-35-461,001,001,2,008,008.jpg,276,125.180045,1779113500.642823,4.583333,-1400.0,-412.0,2940,1912,1.29901,0.82,0.0,0.0,pix
real_001_s001_2026-05-18_16-09-35-461,001,001,2,008,008.jpg,277,125.196711,1779113500.65949,4.6,-1400.0,-412.0,2940,1912,1.29901,0.82,0.0,0.0,pix
real_001_s001_2026-05-18_16-09-35-461,001,001,2,008,008.jpg,278,125.213378,1779113500.676157,4.616667,-1400.0,-412.0,2940,1912,1.29901,0.82,0.0,0.0,pix
real_001_s001_2026-05-18_16-09-35-461,001,001,2,008,008.jpg,279,125.230045,1779113500.692823,4.633333,-1400.0,-412.0,2940,1912,1.29901,0.82,0.0,0.0,pix
real_001_s001_2026-05-18_16-09-35-461,001,001,2,008,008.jpg,280,125.246711,1779113500.70949,4.65,-1400.0,-412.0,2940,1912,1.29901,0.82,0.0,0.0,pix
real_001_s001_2026-05-18_16-09-35-461,001,001,2,008,008.jpg,281,125.263378,1779113500.726157,4.666667,-1400.0,-412.0,2940,1912,1.29901,0.82,0.0,0.0,pix
real_001_s001_2026-05-18_16-09-35-461,001,001,2,008,008.jpg,282,125.280045,1779113500.742823,4.683333,-1400.0,-412.0,2940,1912,1.29901,0.82,0.0,0.0,pix
real_001_s001_2026-05-18_16-09-35-461,001,001,2,008,008.jpg,283,125.296711,1779113500.75949,4.7,-1400.0,-412.0,2940,1912,1.29901,0.82,0.0,0.0,pix
real_001_s001_2026-05-18_16-09-35-461,001,001,2,008,008.jpg,284,125.313378,1779113500.776157,4.716667,-1400.0,-412.0,2940,1912,1.29901,0.82,0.0,0.0,pix
real_001_s001_2026-05-18_16-09-35-461,001,001,2,008,008.jpg,285,125.330045,1779113500.792823,4.733333,-1400.0,-412.0,2940,1912,1.29901,0.82,0.0,0.0,pix
real_001_s001_2026-05-18_16-09-35-461,001,001,2,008,008.jpg,286,125.346711,1779113500.80949,4.75,-1400.0,-412.0,2940,1912,1.29901,0.82,0.0,0.0,pix
real_001_s001_2026-05-18_16-09-35-461,001,001,2,008,008.jpg,287,125.363378,1779113500.826157,4.766667,-1400.0,-412.0,2940,1912,1.29901,0.82,0.0,0.0,pix
real_001_s001_2026-05-18_16-09-35-461,001,001,2,008,008.jpg,288,125.380045,1779113500.842823,4.783333,-1400.0,-412.0,2940,1912,1.29901,0.82,0.0,0.0,pix
real_001_s001_2026-05-18_16-09-35-461,001,001,2,008,008.jpg,289,125.396711,1779113500.85949,4.8,-1400.0,-412.0,2940,1912,1.29901,0.82,0.0,0.0,pix
real_001_s001_2026-05-18_16-09-35-461,001,001,2,008,008.jpg,290,125.413378,1779113500.876157,4.816667,-1400.0,-412.0,2940,1912,1.29901,0.82,0.0,0.0,pix
real_001_s001_2026-05-18_16-09-35-461,001,001,2,008,008.jpg,291,125.430045,1779113500.892823,4.833333,-1400.0,-412.0,2940,1912,1.29901,0.82,0.0,0.0,pix
real_001_s001_2026-05-18_16-09-35-461,001,001,2,008,008.jpg,292,125.446711,1779113500.90949,4.85,-1400.0,-412.0,2940,1912,1.29901,0.82,0.0,0.0,pix
real_001_s001_2026-05-18_16-09-35-461,001,001,2,008,008.jpg,293,125.463378,1779113500.926157,4.866667,-1400.0,-412.0,2940,1912,1.29901,0.82,0.0,0.0,pix
real_001_s001_2026-05-18_16-09-35-461,001,001,2,008,008.jpg,294,125.480045,1779113500.942823,4.883333,-1400.0,-412.0,2940,1912,1.29901,0.82,0.0,0.0,pix
real_001_s001_2026-05-18_16-09-35-461,001,001,2,008,008.jpg,295,125.496711,1779113500.95949,4.9,-1400.0,-412.0,2940,1912,1.29901,0.82,0.0,0.0,pix
real_001_s001_2026-05-18_16-09-35-461,001,001,2,008,008.jpg,296,125.513378,1779113500.976157,4.916667,-1400.0,-412.0,2940,1912,1.29901,0.82,0.0,0.0,pix
real_001_s001_2026-05-18_16-09-35-461,001,001,2,008,008.jpg,297,125.530045,1779113500.992823,4.933333,-1400.0,-412.0,2940,1912,1.29901,0.82,0.0,0.0,pix
real_001_s001_2026-05-18_16-09-35-461,001,001,2,008,008.jpg,298,125.546711,1779113501.00949,4.95,-1400.0,-412.0,2940,1912,1.29901,0.82,0.0,0.0,pix
real_001_s001_2026-05-18_16-09-35-461,001,001,2,008,008.jpg,299,125.563378,1779113501.026157,4.966667,-1400.0,-412.0,2940,1912,1.29901,0.82,0.0,0.0,pix
real_001_s001_2026-05-18_16-09-35-461,001,001,2,008,008.jpg,300,125.580045,1779113501.042823,4.983333,-1400.0,-412.0,2940,1912,1.29901,0.82,0.0,0.0,pix
real_001_s001_2026-05-18_16-09-35-461,001,001,2,008,008.jpg,301,125.596711,1779113501.05949,5.0,-1400.0,-412.0,2940,1912,1.29901,0.82,0.0,0.0,pix
real_001_s001_2026-05-18_16-09-35-461,001,001,2,008,008.jpg,302,125.613378,1779113501.076157,5.016667,-1400.0,-412.0,2940,1912,1.29901,0.82,0.0,0.0,pix
real_001_s001_2026-05-18_16-09-35-461,001,001,2,008,008.jpg,303,125.630045,1779113501.092823,5.033333,-1400.0,-412.0,2940,1912,1.29901,0.82,0.0,0.0,pix
real_001_s001_2026-05-18_16-09-35-461,001,001,2,008,008.jpg,304,125.646711,1779113501.10949,5.05,-1400.0,-412.0,2940,1912,1.29901,0.82,0.0,0.0,pix
real_001_s001_2026-05-18_16-09-35-461,001,001,2,008,008.jpg,305,125.663378,1779113501.126157,5.066667,-1400.0,-412.0,2940,1912,1.29901,0.82,0.0,0.0,pix
real_001_s001_2026-05-18_16-09-35-461,001,001,2,008,008.jpg,306,125.680045,1779113501.142823,5.083333,-1400.0,-412.0,2940,1912,1.29901,0.82,0.0,0.0,pix
real_001_s001_2026-05-18_16-09-35-461,001,001,2,008,008.jpg,307,125.696711,1779113501.15949,5.1,-1400.0,-412.0,2940,1912,1.29901,0.82,0.0,0.0,pix
real_001_s001_2026-05-18_16-09-35-461,001,001,2,008,008.jpg,308,125.713378,1779113501.176157,5.116667,-1400.0,-412.0,2940,1912,1.29901,0.82,0.0,0.0,pix
real_001_s001_2026-05-18_16-09-35-461,001,001,2,008,008.jpg,309,125.730045,1779113501.192823,5.133333,-1400.0,-412.0,2940,1912,1.29901,0.82,0.0,0.0,pix
real_001_s001_2026-05-18_16-09-35-461,001,001,2,008,008.jpg,310,125.746711,1779113501.20949,5.15,-1400.0,-412.0,2940,1912,1.29901,0.82,0.0,0.0,pix
real_001_s001_2026-05-18_16-09-35-461,001,001,2,008,008.jpg,311,125.763378,1779113501.226157,5.166667,-1400.0,-412.0,2940,1912,1.29901,0.82,0.0,0.0,pix
real_001_s001_2026-05-18_16-09-35-461,001,001,2,008,008.jpg,312,125.780045,1779113501.242823,5.183333,-1400.0,-412.0,2940,1912,1.29901,0.82,0.0,0.0,pix
real_001_s001_2026-05-18_16-09-35-461,001,001,2,008,008.jpg,313,125.796711,1779113501.25949,5.2,-1400.0,-412.0,2940,1912,1.29901,0.82,0.0,0.0,pix
real_001_s001_2026-05-18_16-09-35-461,001,001,2,008,008.jpg,314,125.813378,1779113501.276157,5.216667,-1400.0,-412.0,2940,1912,1.29901,0.82,0.0,0.0,pix
real_001_s001_2026-05-18_16-09-35-461,001,001,2,008,008.jpg,315,125.830045,1779113501.292823,5.233333,-1400.0,-412.0,2940,1912,1.29901,0.82,0.0,0.0,pix
real_001_s001_2026-05-18_16-09-35-461,001,001,2,008,008.jpg,316,125.846711,1779113501.30949,5.25,-1400.0,-412.0,2940,1912,1.29901,0.82,0.0,0.0,pix
real_001_s001_2026-05-18_16-09-35-461,001,001,2,008,008.jpg,317,125.863378,1779113501.326157,5.266667,-1400.0,-412.0,2940,1912,1.29901,0.82,0.0,0.0,pix
real_001_s001_2026-05-18_16-09-35-461,001,001,2,008,008.jpg,318,125.880045,1779113501.342823,5.283333,-1400.0,-412.0,2940,1912,1.29901,0.82,0.0,0.0,pix
real_001_s001_2026-05-18_16-09-35-461,001,001,2,008,008.jpg,319,125.896711,1779113501.35949,5.3,-1400.0,-412.0,2940,1912,1.29901,0.82,0.0,0.0,pix
real_001_s001_2026-05-18_16-09-35-461,001,001,2,008,008.jpg,320,125.913378,1779113501.376157,5.316667,-1400.0,-412.0,2940,1912,1.29901,0.82,0.0,0.0,pix
real_001_s001_2026-05-18_16-09-35-461,001,001,2,008,008.jpg,321,125.930045,1779113501.392823,5.333333,-1400.0,-412.0,2940,1912,1.29901,0.82,0.0,0.0,pix
real_001_s001_2026-05-18_16-09-35-461,001,001,2,008,008.jpg,322,125.946711,1779113501.40949,5.35,-1400.0,-412.0,2940,1912,1.29901,0.82,0.0,0.0,pix
real_001_s001_2026-05-18_16-09-35-461,001,001,2,008,008.jpg,323,125.963378,1779113501.426157,5.366667,-1400.0,-412.0,2940,1912,1.29901,0.82,0.0,0.0,pix
real_001_s001_2026-05-18_16-09-35-461,001,001,2,008,008.jpg,324,125.980045,1779113501.442823,5.383333,-1400.0,-412.0,2940,1912,1.29901,0.82,0.0,0.0,pix
real_001_s001_2026-05-18_16-09-35-461,001,001,2,008,008.jpg,325,125.996711,1779113501.45949,5.4,-1400.0,-412.0,2940,1912,1.29901,0.82,0.0,0.0,pix
real_001_s001_2026-05-18_16-09-35-461,001,001,2,008,008.jpg,326,126.013378,1779113501.476157,5.416667,-1400.0,-412.0,2940,1912,1.29901,0.82,0.0,0.0,pix
real_001_s001_2026-05-18_16-09-35-461,001,001,2,008,008.jpg,327,126.030045,1779113501.492823,5.433333,-1400.0,-412.0,2940,1912,1.29901,0.82,0.0,0.0,pix
real_001_s001_2026-05-18_16-09-35-461,001,001,2,008,008.jpg,328,126.046711,1779113501.50949,5.45,-1400.0,-412.0,2940,1912,1.29901,0.82,0.0,0.0,pix
real_001_s001_2026-05-18_16-09-35-461,001,001,2,008,008.jpg,329,126.063378,1779113501.526157,5.466667,-1400.0,-412.0,2940,1912,1.29901,0.82,0.0,0.0,pix
real_001_s001_2026-05-18_16-09-35-461,001,001,2,008,008.jpg,330,126.080045,1779113501.542823,5.483333,-1400.0,-412.0,2940,1912,1.29901,0.82,0.0,0.0,pix
real_001_s001_2026-05-18_16-09-35-461,001,001,2,008,008.jpg,331,126.096711,1779113501.55949,5.5,-1400.0,-412.0,2940,1912,1.29901,0.82,0.0,0.0,pix
real_001_s001_2026-05-18_16-09-35-461,001,001,2,008,008.jpg,332,126.113378,1779113501.576157,5.516667,-1400.0,-412.0,2940,1912,1.29901,0.82,0.0,0.0,pix
real_001_s001_2026-05-18_16-09-35-461,001,001,2,008,008.jpg,333,126.130045,1779113501.592823,5.533333,-1400.0,-412.0,2940,1912,1.29901,0.82,0.0,0.0,pix
real_001_s001_2026-05-18_16-09-35-461,001,001,2,008,008.jpg,334,126.146711,1779113501.60949,5.55,-1400.0,-412.0,2940,1912,1.29901,0.82,0.0,0.0,pix
real_001_s001_2026-05-18_16-09-35-461,001,001,2,008,008.jpg,335,126.163378,1779113501.626157,5.566667,-1400.0,-412.0,2940,1912,1.29901,0.82,0.0,0.0,pix
real_001_s001_2026-05-18_16-09-35-461,001,001,2,008,008.jpg,336,126.180045,1779113501.642823,5.583333,-1400.0,-412.0,2940,1912,1.29901,0.82,0.0,0.0,pix
real_001_s001_2026-05-18_16-09-35-461,001,001,2,008,008.jpg,337,126.196711,1779113501.65949,5.6,-1400.0,-412.0,2940,1912,1.29901,0.82,0.0,0.0,pix
real_001_s001_2026-05-18_16-09-35-461,001,001,2,008,008.jpg,338,126.213378,1779113501.676157,5.616667,-1400.0,-412.0,2940,1912,1.29901,0.82,0.0,0.0,pix
real_001_s001_2026-05-18_16-09-35-461,001,001,2,008,008.jpg,339,126.230045,1779113501.692823,5.633333,-1400.0,-412.0,2940,1912,1.29901,0.82,0.0,0.0,pix
real_001_s001_2026-05-18_16-09-35-461,001,001,2,008,008.jpg,340,126.246711,1779113501.70949,5.65,-1400.0,-412.0,2940,1912,1.29901,0.82,0.0,0.0,pix
real_001_s001_2026-05-18_16-09-35-461,001,001,2,008,008.jpg,341,126.263378,1779113501.726157,5.666667,-1400.0,-412.0,2940,1912,1.29901,0.82,0.0,0.0,pix
real_001_s001_2026-05-18_16-09-35-461,001,001,2,008,008.jpg,342,126.280045,1779113501.742823,5.683333,-1400.0,-412.0,2940,1912,1.29901,0.82,0.0,0.0,pix
real_001_s001_2026-05-18_16-09-35-461,001,001,2,008,008.jpg,343,126.296711,1779113501.75949,5.7,-1400.0,-412.0,2940,1912,1.29901,0.82,0.0,0.0,pix
real_001_s001_2026-05-18_16-09-35-461,001,001,2,008,008.jpg,344,126.313378,1779113501.776157,5.716667,-1400.0,-412.0,2940,1912,1.29901,0.82,0.0,0.0,pix
real_001_s001_2026-05-18_16-09-35-461,001,001,2,008,008.jpg,345,126.330045,1779113501.792823,5.733333,-1400.0,-412.0,2940,1912,1.29901,0.82,0.0,0.0,pix
real_001_s001_2026-05-18_16-09-35-461,001,001,2,008,008.jpg,346,126.346711,1779113501.80949,5.75,-1400.0,-412.0,2940,1912,1.29901,0.82,0.0,0.0,pix
real_001_s001_2026-05-18_16-09-35-461,001,001,2,008,008.jpg,347,126.363378,1779113501.826157,5.766667,-1400.0,-412.0,2940,1912,1.29901,0.82,0.0,0.0,pix
real_001_s001_2026-05-18_16-09-35-461,001,001,2,008,008.jpg,348,126.380045,1779113501.842823,5.783333,-1400.0,-412.0,2940,1912,1.29901,0.82,0.0,0.0,pix
real_001_s001_2026-05-18_16-09-35-461,001,001,2,008,008.jpg,349,126.396711,1779113501.85949,5.8,-1400.0,-412.0,2940,1912,1.29901,0.82,0.0,0.0,pix
real_001_s001_2026-05-18_16-09-35-461,001,001,2,008,008.jpg,350,126.413378,1779113501.876157,5.816667,-1400.0,-412.0,2940,1912,1.29901,0.82,0.0,0.0,pix
real_001_s001_2026-05-18_16-09-35-461,001,001,2,008,008.jpg,351,126.430045,1779113501.892823,5.833333,-1400.0,-412.0,2940,1912,1.29901,0.82,0.0,0.0,pix
real_001_s001_2026-05-18_16-09-35-461,001,001,2,008,008.jpg,352,126.446711,1779113501.90949,5.85,-1400.0,-412.0,2940,1912,1.29901,0.82,0.0,0.0,pix
real_001_s001_2026-05-18_16-09-35-461,001,001,2,008,008.jpg,353,126.463378,1779113501.926157,5.866667,-1400.0,-412.0,2940,1912,1.29901,0.82,0.0,0.0,pix
real_001_s001_2026-05-18_16-09-35-461,001,001,2,008,008.jpg,354,126.480045,1779113501.942823,5.883333,-1400.0,-412.0,2940,1912,1.29901,0.82,0.0,0.0,pix
real_001_s001_2026-05-18_16-09-35-461,001,001,2,008,008.jpg,355,126.496711,1779113501.95949,5.9,-1400.0,-412.0,2940,1912,1.29901,0.82,0.0,0.0,pix
real_001_s001_2026-05-18_16-09-35-461,001,001,2,008,008.jpg,356,126.513378,1779113501.976157,5.916667,-1400.0,-412.0,2940,1912,1.29901,0.82,0.0,0.0,pix
real_001_s001_2026-05-18_16-09-35-461,001,001,2,008,008.jpg,357,126.530045,1779113501.992823,5.933333,-1400.0,-412.0,2940,1912,1.29901,0.82,0.0,0.0,pix
real_001_s001_2026-05-18_16-09-35-461,001,001,2,008,008.jpg,358,126.546711,1779113502.00949,5.95,-1400.0,-412.0,2940,1912,1.29901,0.82,0.0,0.0,pix
real_001_s001_2026-05-18_16-09-35-461,001,001,2,008,008.jpg,359,126.563378,1779113502.026157,5.966667,-1400.0,-412.0,2940,1912,1.29901,0.82,0.0,0.0,pix
real_001_s001_2026-05-18_16-09-35-461,001,001,2,008,008.jpg,360,126.580045,1779113502.042823,5.983333,-1400.0,-412.0,2940,1912,1.29901,0.82,0.0,0.0,pix
real_001_s001_2026-05-18_16-09-35-461,001,001,2,008,008.jpg,361,126.596711,1779113502.05949,6.0,-1400.0,-412.0,2940,1912,1.29901,0.82,0.0,0.0,pix
real_001_s001_2026-05-18_16-09-35-461,001,001,2,008,008.jpg,362,126.613378,1779113502.076157,6.016667,-1400.0,-412.0,2940,1912,1.29901,0.82,0.0,0.0,pix
real_001_s001_2026-05-18_16-09-35-461,001,001,2,008,008.jpg,363,126.630045,1779113502.092823,6.033333,-1400.0,-412.0,2940,1912,1.29901,0.82,0.0,0.0,pix
real_001_s001_2026-05-18_16-09-35-461,001,001,2,008,008.jpg,364,126.646711,1779113502.10949,6.05,-1400.0,-412.0,2940,1912,1.29901,0.82,0.0,0.0,pix
real_001_s001_2026-05-18_16-09-35-461,001,001,2,008,008.jpg,365,126.663378,1779113502.126157,6.066667,-1400.0,-412.0,2940,1912,1.29901,0.82,0.0,0.0,pix
real_001_s001_2026-05-18_16-09-35-461,001,001,2,008,008.jpg,366,126.680045,1779113502.142823,6.083333,-1400.0,-412.0,2940,1912,1.29901,0.82,0.0,0.0,pix
real_001_s001_2026-05-18_16-09-35-461,001,001,2,008,008.jpg,367,126.696711,1779113502.15949,6.1,-1400.0,-412.0,2940,1912,1.29901,0.82,0.0,0.0,pix
real_001_s001_2026-05-18_16-09-35-461,001,001,2,008,008.jpg,368,126.713378,1779113502.176157,6.116667,-1400.0,-412.0,2940,1912,1.29901,0.82,0.0,0.0,pix
real_001_s001_2026-05-18_16-09-35-461,001,001,2,008,008.jpg,369,126.730045,1779113502.192823,6.133333,-1400.0,-412.0,2940,1912,1.29901,0.82,0.0,0.0,pix
real_001_s001_2026-05-18_16-09-35-461,001,001,2,008,008.jpg,370,126.746711,1779113502.20949,6.15,-1400.0,-412.0,2940,1912,1.29901,0.82,0.0,0.0,pix
real_001_s001_2026-05-18_16-09-35-461,001,001,2,008,008.jpg,371,126.763378,1779113502.226157,6.166667,-1400.0,-412.0,2940,1912,1.29901,0.82,0.0,0.0,pix
real_001_s001_2026-05-18_16-09-35-461,001,001,2,008,008.jpg,372,126.780045,1779113502.242823,6.183333,-1400.0,-412.0,2940,1912,1.29901,0.82,0.0,0.0,pix
real_001_s001_2026-05-18_16-09-35-461,001,001,2,008,008.jpg,373,126.796711,1779113502.25949,6.2,-1400.0,-412.0,2940,1912,1.29901,0.82,0.0,0.0,pix
real_001_s001_2026-05-18_16-09-35-461,001,001,2,008,008.jpg,374,126.813378,1779113502.276157,6.216667,-1400.0,-412.0,2940,1912,1.29901,0.82,0.0,0.0,pix
real_001_s001_2026-05-18_16-09-35-461,001,001,2,008,008.jpg,375,126.830045,1779113502.292823,6.233333,-1400.0,-412.0,2940,1912,1.29901,0.82,0.0,0.0,pix
real_001_s001_2026-05-18_16-09-35-461,001,001,2,008,008.jpg,376,126.846711,1779113502.30949,6.25,-1400.0,-412.0,2940,1912,1.29901,0.82,0.0,0.0,pix
real_001_s001_2026-05-18_16-09-35-461,001,001,2,008,008.jpg,377,126.863378,1779113502.326157,6.266667,-1400.0,-412.0,2940,1912,1.29901,0.82,0.0,0.0,pix
real_001_s001_2026-05-18_16-09-35-461,001,001,2,008,008.jpg,378,126.880045,1779113502.342823,6.283333,-1400.0,-412.0,2940,1912,1.29901,0.82,0.0,0.0,pix
real_001_s001_2026-05-18_16-09-35-461,001,001,2,008,008.jpg,379,126.896711,1779113502.35949,6.3,-1400.0,-412.0,2940,1912,1.29901,0.82,0.0,0.0,pix
real_001_s001_2026-05-18_16-09-35-461,001,001,2,008,008.jpg,380,126.913378,1779113502.376157,6.316667,-1400.0,-412.0,2940,1912,1.29901,0.82,0.0,0.0,pix
real_001_s001_2026-05-18_16-09-35-461,001,001,2,008,008.jpg,381,126.930045,1779113502.392823,6.333333,-1400.0,-412.0,2940,1912,1.29901,0.82,0.0,0.0,pix
real_001_s001_2026-05-18_16-09-35-461,001,001,2,008,008.jpg,382,126.946711,1779113502.40949,6.35,-1400.0,-412.0,2940,1912,1.29901,0.82,0.0,0.0,pix
real_001_s001_2026-05-18_16-09-35-461,001,001,2,008,008.jpg,383,126.963378,1779113502.426157,6.366667,-1400.0,-412.0,2940,1912,1.29901,0.82,0.0,0.0,pix
real_001_s001_2026-05-18_16-09-35-461,001,001,2,008,008.jpg,384,126.980045,1779113502.442823,6.383333,-1400.0,-412.0,2940,1912,1.29901,0.82,0.0,0.0,pix
real_001_s001_2026-05-18_16-09-35-461,001,001,2,008,008.jpg,385,126.996711,1779113502.45949,6.4,-1400.0,-412.0,2940,1912,1.29901,0.82,0.0,0.0,pix
real_001_s001_2026-05-18_16-09-35-461,001,001,2,008,008.jpg,386,127.013378,1779113502.476157,6.416667,-1400.0,-412.0,2940,1912,1.29901,0.82,0.0,0.0,pix
real_001_s001_2026-05-18_16-09-35-461,001,001,2,008,008.jpg,387,127.030045,1779113502.492823,6.433333,-1400.0,-412.0,2940,1912,1.29901,0.82,0.0,0.0,pix
real_001_s001_2026-05-18_16-09-35-461,001,001,2,008,008.jpg,388,127.046711,1779113502.50949,6.45,-1400.0,-412.0,2940,1912,1.29901,0.82,0.0,0.0,pix
real_001_s001_2026-05-18_16-09-35-461,001,001,2,008,008.jpg,389,127.063378,1779113502.526157,6.466667,-1400.0,-412.0,2940,1912,1.29901,0.82,0.0,0.0,pix
real_001_s001_2026-05-18_16-09-35-461,001,001,2,008,008.jpg,390,127.080045,1779113502.542823,6.483333,-1400.0,-412.0,2940,1912,1.29901,0.82,0.0,0.0,pix
real_001_s001_2026-05-18_16-09-35-461,001,001,2,008,008.jpg,391,127.096711,1779113502.55949,6.5,-1400.0,-412.0,2940,1912,1.29901,0.82,0.0,0.0,pix
real_001_s001_2026-05-18_16-09-35-461,001,001,2,008,008.jpg,392,127.113378,1779113502.576157,6.516667,-1400.0,-412.0,2940,1912,1.29901,0.82,0.0,0.0,pix
real_001_s001_2026-05-18_16-09-35-461,001,001,2,008,008.jpg,393,127.130045,1779113502.592823,6.533333,-1400.0,-412.0,2940,1912,1.29901,0.82,0.0,0.0,pix
real_001_s001_2026-05-18_16-09-35-461,001,001,2,008,008.jpg,394,127.146711,1779113502.60949,6.55,-1400.0,-412.0,2940,1912,1.29901,0.82,0.0,0.0,pix
real_001_s001_2026-05-18_16-09-35-461,001,001,2,008,008.jpg,395,127.163378,1779113502.626157,6.566667,-1400.0,-412.0,2940,1912,1.29901,0.82,0.0,0.0,pix
real_001_s001_2026-05-18_16-09-35-461,001,001,2,008,008.jpg,396,127.180045,1779113502.642823,6.583333,-1400.0,-412.0,2940,1912,1.29901,0.82,0.0,0.0,pix
real_001_s001_2026-05-18_16-09-35-461,001,001,2,008,008.jpg,397,127.196711,1779113502.65949,6.6,-1400.0,-412.0,2940,1912,1.29901,0.82,0.0,0.0,pix
real_001_s001_2026-05-18_16-09-35-461,001,001,2,008,008.jpg,398,127.213378,1779113502.676157,6.616667,-1400.0,-412.0,2940,1912,1.29901,0.82,0.0,0.0,pix
real_001_s001_2026-05-18_16-09-35-461,001,001,2,008,008.jpg,399,127.230045,1779113502.692823,6.633333,-1400.0,-412.0,2940,1912,1.29901,0.82,0.0,0.0,pix
real_001_s001_2026-05-18_16-09-35-461,001,001,2,008,008.jpg,400,127.246711,1779113502.70949,6.65,-1400.0,-412.0,2940,1912,1.29901,0.82,0.0,0.0,pix
real_001_s001_2026-05-18_16-09-35-461,001,001,2,008,008.jpg,401,127.263378,1779113502.726157,6.666667,-1400.0,-412.0,2940,1912,1.29901,0.82,0.0,0.0,pix
real_001_s001_2026-05-18_16-09-35-461,001,001,2,008,008.jpg,402,127.280045,1779113502.742823,6.683333,-1400.0,-412.0,2940,1912,1.29901,0.82,0.0,0.0,pix
real_001_s001_2026-05-18_16-09-35-461,001,001,2,008,008.jpg,403,127.296711,1779113502.75949,6.7,-1400.0,-412.0,2940,1912,1.29901,0.82,0.0,0.0,pix
real_001_s001_2026-05-18_16-09-35-461,001,001,2,008,008.jpg,404,127.313378,1779113502.776157,6.716667,-1400.0,-412.0,2940,1912,1.29901,0.82,0.0,0.0,pix
real_001_s001_2026-05-18_16-09-35-461,001,001,2,008,008.jpg,405,127.330045,1779113502.792823,6.733333,-1400.0,-412.0,2940,1912,1.29901,0.82,0.0,0.0,pix
real_001_s001_2026-05-18_16-09-35-461,001,001,2,008,008.jpg,406,127.346711,1779113502.80949,6.75,-1400.0,-412.0,2940,1912,1.29901,0.82,0.0,0.0,pix
real_001_s001_2026-05-18_16-09-35-461,001,001,2,008,008.jpg,407,127.363378,1779113502.826157,6.766667,-1400.0,-412.0,2940,1912,1.29901,0.82,0.0,0.0,pix
real_001_s001_2026-05-18_16-09-35-461,001,001,2,008,008.jpg,408,127.380045,1779113502.842823,6.783333,-1400.0,-412.0,2940,1912,1.29901,0.82,0.0,0.0,pix
real_001_s001_2026-05-18_16-09-35-461,001,001,2,008,008.jpg,409,127.396711,1779113502.85949,6.8,-1400.0,-412.0,2940,1912,1.29901,0.82,0.0,0.0,pix
real_001_s001_2026-05-18_16-09-35-461,001,001,2,008,008.jpg,410,127.413378,1779113502.876157,6.816667,-1400.0,-412.0,2940,1912,1.29901,0.82,0.0,0.0,pix
real_001_s001_2026-05-18_16-09-35-461,001,001,2,008,008.jpg,411,127.430045,1779113502.892823,6.833333,-1400.0,-412.0,2940,1912,1.29901,0.82,0.0,0.0,pix
real_001_s001_2026-05-18_16-09-35-461,001,001,2,008,008.jpg,412,127.446711,1779113502.90949,6.85,-1400.0,-412.0,2940,1912,1.29901,0.82,0.0,0.0,pix
real_001_s001_2026-05-18_16-09-35-461,001,001,2,008,008.jpg,413,127.463378,1779113502.926157,6.866667,-1400.0,-412.0,2940,1912,1.29901,0.82,0.0,0.0,pix
real_001_s001_2026-05-18_16-09-35-461,001,001,2,008,008.jpg,414,127.480045,1779113502.942823,6.883333,-1400.0,-412.0,2940,1912,1.29901,0.82,0.0,0.0,pix
real_001_s001_2026-05-18_16-09-35-461,001,001,2,008,008.jpg,415,127.496711,1779113502.95949,6.9,-1400.0,-412.0,2940,1912,1.29901,0.82,0.0,0.0,pix
real_001_s001_2026-05-18_16-09-35-461,001,001,2,008,008.jpg,416,127.513378,1779113502.976157,6.916667,-1400.0,-412.0,2940,1912,1.29901,0.82,0.0,0.0,pix
real_001_s001_2026-05-18_16-09-35-461,001,001,2,008,008.jpg,417,127.530045,1779113502.992823,6.933333,-1400.0,-412.0,2940,1912,1.29901,0.82,0.0,0.0,pix
real_001_s001_2026-05-18_16-09-35-461,001,001,2,008,008.jpg,418,127.546711,1779113503.00949,6.95,-1400.0,-412.0,2940,1912,1.29901,0.82,0.0,0.0,pix
real_001_s001_2026-05-18_16-09-35-461,001,001,2,008,008.jpg,419,127.563378,1779113503.026157,6.966667,-1400.0,-412.0,2940,1912,1.29901,0.82,0.0,0.0,pix
real_001_s001_2026-05-18_16-09-35-461,001,001,2,008,008.jpg,420,127.580045,1779113503.042823,6.983333,-1400.0,-412.0,2940,1912,1.29901,0.82,0.0,0.0,pix
real_001_s001_2026-05-18_16-09-35-461,001,001,2,008,008.jpg,421,127.596711,1779113503.05949,7.0,-1400.0,-412.0,2940,1912,1.29901,0.82,0.0,0.0,pix
real_001_s001_2026-05-18_16-09-35-461,001,001,2,008,008.jpg,422,127.613378,1779113503.076157,7.016667,-1400.0,-412.0,2940,1912,1.29901,0.82,0.0,0.0,pix
real_001_s001_2026-05-18_16-09-35-461,001,001,2,008,008.jpg,423,127.630045,1779113503.092823,7.033333,-1400.0,-412.0,2940,1912,1.29901,0.82,0.0,0.0,pix
real_001_s001_2026-05-18_16-09-35-461,001,001,2,008,008.jpg,424,127.646711,1779113503.10949,7.05,-1400.0,-412.0,2940,1912,1.29901,0.82,0.0,0.0,pix
real_001_s001_2026-05-18_16-09-35-461,001,001,2,008,008.jpg,425,127.663378,1779113503.126157,7.066667,-1400.0,-412.0,2940,1912,1.29901,0.82,0.0,0.0,pix
real_001_s001_2026-05-18_16-09-35-461,001,001,2,008,008.jpg,426,127.680045,1779113503.142823,7.083333,-1400.0,-412.0,2940,1912,1.29901,0.82,0.0,0.0,pix
real_001_s001_2026-05-18_16-09-35-461,001,001,2,008,008.jpg,427,127.696711,1779113503.15949,7.1,-1400.0,-412.0,2940,1912,1.29901,0.82,0.0,0.0,pix
real_001_s001_2026-05-18_16-09-35-461,001,001,2,008,008.jpg,428,127.713378,1779113503.176157,7.116667,-1400.0,-412.0,2940,1912,1.29901,0.82,0.0,0.0,pix
real_001_s001_2026-05-18_16-09-35-461,001,001,2,008,008.jpg,429,127.730045,1779113503.192823,7.133333,-1400.0,-412.0,2940,1912,1.29901,0.82,0.0,0.0,pix
real_001_s001_2026-05-18_16-09-35-461,001,001,2,008,008.jpg,430,127.746711,1779113503.20949,7.15,-1400.0,-412.0,2940,1912,1.29901,0.82,0.0,0.0,pix
real_001_s001_2026-05-18_16-09-35-461,001,001,2,008,008.jpg,431,127.763378,1779113503.226157,7.166667,-1400.0,-412.0,2940,1912,1.29901,0.82,0.0,0.0,pix
real_001_s001_2026-05-18_16-09-35-461,001,001,2,008,008.jpg,432,127.780045,1779113503.242823,7.183333,-1400.0,-412.0,2940,1912,1.29901,0.82,0.0,0.0,pix
real_001_s001_2026-05-18_16-09-35-461,001,001,2,008,008.jpg,433,127.796711,1779113503.25949,7.2,-1400.0,-412.0,2940,1912,1.29901,0.82,0.0,0.0,pix
real_001_s001_2026-05-18_16-09-35-461,001,001,2,008,008.jpg,434,127.813378,1779113503.276157,7.216667,-1400.0,-412.0,2940,1912,1.29901,0.82,0.0,0.0,pix
real_001_s001_2026-05-18_16-09-35-461,001,001,2,008,008.jpg,435,127.830045,1779113503.292823,7.233333,-1400.0,-412.0,2940,1912,1.29901,0.82,0.0,0.0,pix
real_001_s001_2026-05-18_16-09-35-461,001,001,2,008,008.jpg,436,127.846711,1779113503.30949,7.25,-1400.0,-412.0,2940,1912,1.29901,0.82,0.0,0.0,pix
real_001_s001_2026-05-18_16-09-35-461,001,001,2,008,008.jpg,437,127.863378,1779113503.326157,7.266667,-1400.0,-412.0,2940,1912,1.29901,0.82,0.0,0.0,pix
real_001_s001_2026-05-18_16-09-35-461,001,001,2,008,008.jpg,438,127.880045,1779113503.342823,7.283333,-1400.0,-412.0,2940,1912,1.29901,0.82,0.0,0.0,pix
real_001_s001_2026-05-18_16-09-35-461,001,001,2,008,008.jpg,439,127.896711,1779113503.35949,7.3,-1400.0,-412.0,2940,1912,1.29901,0.82,0.0,0.0,pix
real_001_s001_2026-05-18_16-09-35-461,001,001,2,008,008.jpg,440,127.913378,1779113503.376157,7.316667,-1400.0,-412.0,2940,1912,1.29901,0.82,0.0,0.0,pix
real_001_s001_2026-05-18_16-09-35-461,001,001,2,008,008.jpg,441,127.930045,1779113503.392823,7.333333,-1400.0,-412.0,2940,1912,1.29901,0.82,0.0,0.0,pix
real_001_s001_2026-05-18_16-09-35-461,001,001,2,008,008.jpg,442,127.946711,1779113503.40949,7.35,-1400.0,-412.0,2940,1912,1.29901,0.82,0.0,0.0,pix
real_001_s001_2026-05-18_16-09-35-461,001,001,2,008,008.jpg,443,127.963378,1779113503.426157,7.366667,-1400.0,-412.0,2940,1912,1.29901,0.82,0.0,0.0,pix
real_001_s001_2026-05-18_16-09-35-461,001,001,2,008,008.jpg,444,127.980045,1779113503.442823,7.383333,-1400.0,-412.0,2940,1912,1.29901,0.82,0.0,0.0,pix
real_001_s001_2026-05-18_16-09-35-461,001,001,2,008,008.jpg,445,127.996711,1779113503.45949,7.4,-1400.0,-412.0,2940,1912,1.29901,0.82,0.0,0.0,pix
real_001_s001_2026-05-18_16-09-35-461,001,001,2,008,008.jpg,446,128.013378,1779113503.476157,7.416667,-1400.0,-412.0,2940,1912,1.29901,0.82,0.0,0.0,pix
real_001_s001_2026-05-18_16-09-35-461,001,001,2,008,008.jpg,447,128.030045,1779113503.492823,7.433333,-1400.0,-412.0,2940,1912,1.29901,0.82,0.0,0.0,pix
real_001_s001_2026-05-18_16-09-35-461,001,001,2,008,008.jpg,448,128.046711,1779113503.50949,7.45,-1400.0,-412.0,2940,1912,1.29901,0.82,0.0,0.0,pix
real_001_s001_2026-05-18_16-09-35-461,001,001,2,008,008.jpg,449,128.063378,1779113503.526157,7.466667,-1400.0,-412.0,2940,1912,1.29901,0.82,0.0,0.0,pix
real_001_s001_2026-05-18_16-09-35-461,001,001,2,008,008.jpg,450,128.080045,1779113503.542823,7.483333,-1400.0,-412.0,2940,1912,1.29901,0.82,0.0,0.0,pix
real_001_s001_2026-05-18_16-09-35-461,001,001,2,008,008.jpg,451,128.096711,1779113503.55949,7.5,-1400.0,-412.0,2940,1912,1.29901,0.82,0.0,0.0,pix
real_001_s001_2026-05-18_16-09-35-461,001,001,2,008,008.jpg,452,128.113378,1779113503.576157,7.516667,-1400.0,-412.0,2940,1912,1.29901,0.82,0.0,0.0,pix
real_001_s001_2026-05-18_16-09-35-461,001,001,2,008,008.jpg,453,128.130045,1779113503.592823,7.533333,-1400.0,-412.0,2940,1912,1.29901,0.82,0.0,0.0,pix
real_001_s001_2026-05-18_16-09-35-461,001,001,2,008,008.jpg,454,128.146711,1779113503.60949,7.55,-1400.0,-412.0,2940,1912,1.29901,0.82,0.0,0.0,pix
real_001_s001_2026-05-18_16-09-35-461,001,001,2,008,008.jpg,455,128.163378,1779113503.626157,7.566667,-1400.0,-412.0,2940,1912,1.29901,0.82,0.0,0.0,pix
real_001_s001_2026-05-18_16-09-35-461,001,001,2,008,008.jpg,456,128.180045,1779113503.642823,7.583333,-1400.0,-412.0,2940,1912,1.29901,0.82,0.0,0.0,pix
real_001_s001_2026-05-18_16-09-35-461,001,001,2,008,008.jpg,457,128.196711,1779113503.65949,7.6,-1400.0,-412.0,2940,1912,1.29901,0.82,0.0,0.0,pix
real_001_s001_2026-05-18_16-09-35-461,001,001,2,008,008.jpg,458,128.213378,1779113503.676157,7.616667,-1400.0,-412.0,2940,1912,1.29901,0.82,0.0,0.0,pix
real_001_s001_2026-05-18_16-09-35-461,001,001,2,008,008.jpg,459,128.230045,1779113503.692823,7.633333,-1400.0,-412.0,2940,1912,1.29901,0.82,0.0,0.0,pix
real_001_s001_2026-05-18_16-09-35-461,001,001,2,008,008.jpg,460,128.246711,1779113503.70949,7.65,-1400.0,-412.0,2940,1912,1.29901,0.82,0.0,0.0,pix
real_001_s001_2026-05-18_16-09-35-461,001,001,2,008,008.jpg,461,128.263378,1779113503.726157,7.666667,-1400.0,-412.0,2940,1912,1.29901,0.82,0.0,0.0,pix
real_001_s001_2026-05-18_16-09-35-461,001,001,2,008,008.jpg,462,128.280045,1779113503.742823,7.683333,-1400.0,-412.0,2940,1912,1.29901,0.82,0.0,0.0,pix
real_001_s001_2026-05-18_16-09-35-461,001,001,2,008,008.jpg,463,128.296711,1779113503.75949,7.7,-1400.0,-412.0,2940,1912,1.29901,0.82,0.0,0.0,pix
real_001_s001_2026-05-18_16-09-35-461,001,001,2,008,008.jpg,464,128.313378,1779113503.776157,7.716667,-1400.0,-412.0,2940,1912,1.29901,0.82,0.0,0.0,pix
real_001_s001_2026-05-18_16-09-35-461,001,001,2,008,008.jpg,465,128.330045,1779113503.792823,7.733333,-1400.0,-412.0,2940,1912,1.29901,0.82,0.0,0.0,pix
real_001_s001_2026-05-18_16-09-35-461,001,001,2,008,008.jpg,466,128.346711,1779113503.80949,7.75,-1400.0,-412.0,2940,1912,1.29901,0.82,0.0,0.0,pix
real_001_s001_2026-05-18_16-09-35-461,001,001,2,008,008.jpg,467,128.363378,1779113503.826157,7.766667,-1400.0,-412.0,2940,1912,1.29901,0.82,0.0,0.0,pix
real_001_s001_2026-05-18_16-09-35-461,001,001,2,008,008.jpg,468,128.380045,1779113503.842823,7.783333,-1400.0,-412.0,2940,1912,1.29901,0.82,0.0,0.0,pix
real_001_s001_2026-05-18_16-09-35-461,001,001,2,008,008.jpg,469,128.396711,1779113503.85949,7.8,-1400.0,-412.0,2940,1912,1.29901,0.82,0.0,0.0,pix
real_001_s001_2026-05-18_16-09-35-461,001,001,2,008,008.jpg,470,128.413378,1779113503.876157,7.816667,-1400.0,-412.0,2940,1912,1.29901,0.82,0.0,0.0,pix
real_001_s001_2026-05-18_16-09-35-461,001,001,2,008,008.jpg,471,128.430045,1779113503.892823,7.833333,-1400.0,-412.0,2940,1912,1.29901,0.82,0.0,0.0,pix
real_001_s001_2026-05-18_16-09-35-461,001,001,2,008,008.jpg,472,128.446711,1779113503.90949,7.85,-1400.0,-412.0,2940,1912,1.29901,0.82,0.0,0.0,pix
real_001_s001_2026-05-18_16-09-35-461,001,001,2,008,008.jpg,473,128.463378,1779113503.926157,7.866667,-1400.0,-412.0,2940,1912,1.29901,0.82,0.0,0.0,pix
real_001_s001_2026-05-18_16-09-35-461,001,001,2,008,008.jpg,474,128.480045,1779113503.942823,7.883333,-1400.0,-412.0,2940,1912,1.29901,0.82,0.0,0.0,pix
real_001_s001_2026-05-18_16-09-35-461,001,001,2,008,008.jpg,475,128.496711,1779113503.95949,7.9,-1400.0,-412.0,2940,1912,1.29901,0.82,0.0,0.0,pix
real_001_s001_2026-05-18_16-09-35-461,001,001,2,008,008.jpg,476,128.513378,1779113503.976157,7.916667,-1400.0,-412.0,2940,1912,1.29901,0.82,0.0,0.0,pix
real_001_s001_2026-05-18_16-09-35-461,001,001,2,008,008.jpg,477,128.530045,1779113503.992823,7.933333,-1400.0,-412.0,2940,1912,1.29901,0.82,0.0,0.0,pix
real_001_s001_2026-05-18_16-09-35-461,001,001,2,008,008.jpg,478,128.546711,1779113504.00949,7.95,-1400.0,-412.0,2940,1912,1.29901,0.82,0.0,0.0,pix
real_001_s001_2026-05-18_16-09-35-461,001,001,2,008,008.jpg,479,128.563378,1779113504.026157,7.966667,-1400.0,-412.0,2940,1912,1.29901,0.82,0.0,0.0,pix
real_001_s001_2026-05-18_16-09-35-461,001,001,2,008,008.jpg,480,128.580045,1779113504.042823,7.983333,-1400.0,-412.0,2940,1912,1.29901,0.82,0.0,0.0,pix
real_001_s001_2026-05-18_16-09-35-461,001,001,2,008,008.jpg,481,128.596711,1779113504.05949,8.0,-1400.0,-412.0,2940,1912,1.29901,0.82,0.0,0.0,pix
real_001_s001_2026-05-18_16-09-35-461,001,001,2,008,008.jpg,482,128.613378,1779113504.076157,8.016667,-1400.0,-412.0,2940,1912,1.29901,0.82,0.0,0.0,pix
real_001_s001_2026-05-18_16-09-35-461,001,001,2,008,008.jpg,483,128.630045,1779113504.092823,8.033333,-1400.0,-412.0,2940,1912,1.29901,0.82,0.0,0.0,pix
real_001_s001_2026-05-18_16-09-35-461,001,001,2,008,008.jpg,484,128.646711,1779113504.10949,8.05,-1400.0,-412.0,2940,1912,1.29901,0.82,0.0,0.0,pix
real_001_s001_2026-05-18_16-09-35-461,001,001,2,008,008.jpg,485,128.663378,1779113504.126157,8.066667,-1400.0,-412.0,2940,1912,1.29901,0.82,0.0,0.0,pix
real_001_s001_2026-05-18_16-09-35-461,001,001,2,008,008.jpg,486,128.680045,1779113504.142823,8.083333,-1400.0,-412.0,2940,1912,1.29901,0.82,0.0,0.0,pix
real_001_s001_2026-05-18_16-09-35-461,001,001,2,008,008.jpg,487,128.696711,1779113504.15949,8.1,-1400.0,-412.0,2940,1912,1.29901,0.82,0.0,0.0,pix
real_001_s001_2026-05-18_16-09-35-461,001,001,2,008,008.jpg,488,128.713378,1779113504.176157,8.116667,-1400.0,-412.0,2940,1912,1.29901,0.82,0.0,0.0,pix
real_001_s001_2026-05-18_16-09-35-461,001,001,2,008,008.jpg,489,128.730045,1779113504.192823,8.133333,-1400.0,-412.0,2940,1912,1.29901,0.82,0.0,0.0,pix
real_001_s001_2026-05-18_16-09-35-461,001,001,2,008,008.jpg,490,128.746711,1779113504.20949,8.15,-1400.0,-412.0,2940,1912,1.29901,0.82,0.0,0.0,pix
real_001_s001_2026-05-18_16-09-35-461,001,001,2,008,008.jpg,491,128.763378,1779113504.226157,8.166667,-1400.0,-412.0,2940,1912,1.29901,0.82,0.0,0.0,pix
real_001_s001_2026-05-18_16-09-35-461,001,001,2,008,008.jpg,492,128.780045,1779113504.242823,8.183333,-1400.0,-412.0,2940,1912,1.29901,0.82,0.0,0.0,pix
real_001_s001_2026-05-18_16-09-35-461,001,001,2,008,008.jpg,493,128.796711,1779113504.25949,8.2,-1400.0,-412.0,2940,1912,1.29901,0.82,0.0,0.0,pix
real_001_s001_2026-05-18_16-09-35-461,001,001,2,008,008.jpg,494,128.813378,1779113504.276157,8.216667,-1400.0,-412.0,2940,1912,1.29901,0.82,0.0,0.0,pix
real_001_s001_2026-05-18_16-09-35-461,001,001,2,008,008.jpg,495,128.830045,1779113504.292823,8.233333,-1400.0,-412.0,2940,1912,1.29901,0.82,0.0,0.0,pix
real_001_s001_2026-05-18_16-09-35-461,001,001,2,008,008.jpg,496,128.846711,1779113504.30949,8.25,-1400.0,-412.0,2940,1912,1.29901,0.82,0.0,0.0,pix
real_001_s001_2026-05-18_16-09-35-461,001,001,2,008,008.jpg,497,128.863378,1779113504.326157,8.266667,-1400.0,-412.0,2940,1912,1.29901,0.82,0.0,0.0,pix
real_001_s001_2026-05-18_16-09-35-461,001,001,2,008,008.jpg,498,128.880045,1779113504.342823,8.283333,-1400.0,-412.0,2940,1912,1.29901,0.82,0.0,0.0,pix
real_001_s001_2026-05-18_16-09-35-461,001,001,2,008,008.jpg,499,128.896711,1779113504.35949,8.3,-1400.0,-412.0,2940,1912,1.29901,0.82,0.0,0.0,pix
real_001_s001_2026-05-18_16-09-35-461,001,001,2,008,008.jpg,500,128.913378,1779113504.376157,8.316667,-1400.0,-412.0,2940,1912,1.29901,0.82,0.0,0.0,pix
real_001_s001_2026-05-18_16-09-35-461,001,001,2,008,008.jpg,501,128.930045,1779113504.392823,8.333333,-1400.0,-412.0,2940,1912,1.29901,0.82,0.0,0.0,pix
real_001_s001_2026-05-18_16-09-35-461,001,001,2,008,008.jpg,502,128.946711,1779113504.40949,8.35,-1400.0,-412.0,2940,1912,1.29901,0.82,0.0,0.0,pix
real_001_s001_2026-05-18_16-09-35-461,001,001,2,008,008.jpg,503,128.963378,1779113504.426157,8.366667,-1400.0,-412.0,2940,1912,1.29901,0.82,0.0,0.0,pix
real_001_s001_2026-05-18_16-09-35-461,001,001,2,008,008.jpg,504,128.980045,1779113504.442823,8.383333,-1400.0,-412.0,2940,1912,1.29901,0.82,0.0,0.0,pix
real_001_s001_2026-05-18_16-09-35-461,001,001,2,008,008.jpg,505,128.996711,1779113504.45949,8.4,-1400.0,-412.0,2940,1912,1.29901,0.82,0.0,0.0,pix
real_001_s001_2026-05-18_16-09-35-461,001,001,2,008,008.jpg,506,129.013378,1779113504.476157,8.416667,-1400.0,-412.0,2940,1912,1.29901,0.82,0.0,0.0,pix
real_001_s001_2026-05-18_16-09-35-461,001,001,2,008,008.jpg,507,129.030045,1779113504.492823,8.433333,-1400.0,-412.0,2940,1912,1.29901,0.82,0.0,0.0,pix
real_001_s001_2026-05-18_16-09-35-461,001,001,2,008,008.jpg,508,129.046711,1779113504.50949,8.45,-1400.0,-412.0,2940,1912,1.29901,0.82,0.0,0.0,pix
real_001_s001_2026-05-18_16-09-35-461,001,001,2,008,008.jpg,509,129.063378,1779113504.526157,8.466667,-1400.0,-412.0,2940,1912,1.29901,0.82,0.0,0.0,pix
real_001_s001_2026-05-18_16-09-35-461,001,001,2,008,008.jpg,510,129.080045,1779113504.542823,8.483333,-1400.0,-412.0,2940,1912,1.29901,0.82,0.0,0.0,pix
real_001_s001_2026-05-18_16-09-35-461,001,001,2,008,008.jpg,511,129.096711,1779113504.55949,8.5,-1400.0,-412.0,2940,1912,1.29901,0.82,0.0,0.0,pix
real_001_s001_2026-05-18_16-09-35-461,001,001,2,008,008.jpg,512,129.113378,1779113504.576157,8.516667,-1400.0,-412.0,2940,1912,1.29901,0.82,0.0,0.0,pix
real_001_s001_2026-05-18_16-09-35-461,001,001,2,008,008.jpg,513,129.130045,1779113504.592823,8.533333,-1400.0,-412.0,2940,1912,1.29901,0.82,0.0,0.0,pix
real_001_s001_2026-05-18_16-09-35-461,001,001,2,008,008.jpg,514,129.146711,1779113504.60949,8.55,-1400.0,-412.0,2940,1912,1.29901,0.82,0.0,0.0,pix
real_001_s001_2026-05-18_16-09-35-461,001,001,2,008,008.jpg,515,129.163378,1779113504.626157,8.566667,-1400.0,-412.0,2940,1912,1.29901,0.82,0.0,0.0,pix
real_001_s001_2026-05-18_16-09-35-461,001,001,2,008,008.jpg,516,129.180045,1779113504.642823,8.583333,-1400.0,-412.0,2940,1912,1.29901,0.82,0.0,0.0,pix
real_001_s001_2026-05-18_16-09-35-461,001,001,2,008,008.jpg,517,129.196711,1779113504.65949,8.6,-1400.0,-412.0,2940,1912,1.29901,0.82,0.0,0.0,pix
real_001_s001_2026-05-18_16-09-35-461,001,001,2,008,008.jpg,518,129.213378,1779113504.676157,8.616667,-1400.0,-412.0,2940,1912,1.29901,0.82,0.0,0.0,pix
real_001_s001_2026-05-18_16-09-35-461,001,001,2,008,008.jpg,519,129.230045,1779113504.692823,8.633333,-1400.0,-412.0,2940,1912,1.29901,0.82,0.0,0.0,pix
real_001_s001_2026-05-18_16-09-35-461,001,001,2,008,008.jpg,520,129.246711,1779113504.70949,8.65,-1400.0,-412.0,2940,1912,1.29901,0.82,0.0,0.0,pix
real_001_s001_2026-05-18_16-09-35-461,001,001,2,008,008.jpg,521,129.263378,1779113504.726157,8.666667,-1400.0,-412.0,2940,1912,1.29901,0.82,0.0,0.0,pix
real_001_s001_2026-05-18_16-09-35-461,001,001,2,008,008.jpg,522,129.280045,1779113504.742823,8.683333,-1400.0,-412.0,2940,1912,1.29901,0.82,0.0,0.0,pix
real_001_s001_2026-05-18_16-09-35-461,001,001,2,008,008.jpg,523,129.296711,1779113504.75949,8.7,-1400.0,-412.0,2940,1912,1.29901,0.82,0.0,0.0,pix
real_001_s001_2026-05-18_16-09-35-461,001,001,2,008,008.jpg,524,129.313378,1779113504.776157,8.716667,-1400.0,-412.0,2940,1912,1.29901,0.82,0.0,0.0,pix
real_001_s001_2026-05-18_16-09-35-461,001,001,2,008,008.jpg,525,129.330045,1779113504.792823,8.733333,-1400.0,-412.0,2940,1912,1.29901,0.82,0.0,0.0,pix
real_001_s001_2026-05-18_16-09-35-461,001,001,2,008,008.jpg,526,129.346711,1779113504.80949,8.75,-1400.0,-412.0,2940,1912,1.29901,0.82,0.0,0.0,pix
real_001_s001_2026-05-18_16-09-35-461,001,001,2,008,008.jpg,527,129.363378,1779113504.826157,8.766667,-1400.0,-412.0,2940,1912,1.29901,0.82,0.0,0.0,pix
real_001_s001_2026-05-18_16-09-35-461,001,001,2,008,008.jpg,528,129.380045,1779113504.842823,8.783333,-1400.0,-412.0,2940,1912,1.29901,0.82,0.0,0.0,pix
real_001_s001_2026-05-18_16-09-35-461,001,001,2,008,008.jpg,529,129.396711,1779113504.85949,8.8,-1400.0,-412.0,2940,1912,1.29901,0.82,0.0,0.0,pix
real_001_s001_2026-05-18_16-09-35-461,001,001,2,008,008.jpg,530,129.413378,1779113504.876157,8.816667,-1400.0,-412.0,2940,1912,1.29901,0.82,0.0,0.0,pix
real_001_s001_2026-05-18_16-09-35-461,001,001,2,008,008.jpg,531,129.430045,1779113504.892823,8.833333,-1400.0,-412.0,2940,1912,1.29901,0.82,0.0,0.0,pix
real_001_s001_2026-05-18_16-09-35-461,001,001,2,008,008.jpg,532,129.446711,1779113504.90949,8.85,-1400.0,-412.0,2940,1912,1.29901,0.82,0.0,0.0,pix
real_001_s001_2026-05-18_16-09-35-461,001,001,2,008,008.jpg,533,129.463378,1779113504.926157,8.866667,-1400.0,-412.0,2940,1912,1.29901,0.82,0.0,0.0,pix
real_001_s001_2026-05-18_16-09-35-461,001,001,2,008,008.jpg,534,129.480045,1779113504.942823,8.883333,-1400.0,-412.0,2940,1912,1.29901,0.82,0.0,0.0,pix
real_001_s001_2026-05-18_16-09-35-461,001,001,2,008,008.jpg,535,129.496711,1779113504.95949,8.9,-1400.0,-412.0,2940,1912,1.29901,0.82,0.0,0.0,pix
real_001_s001_2026-05-18_16-09-35-461,001,001,2,008,008.jpg,536,129.513378,1779113504.976157,8.916667,-1400.0,-412.0,2940,1912,1.29901,0.82,0.0,0.0,pix
real_001_s001_2026-05-18_16-09-35-461,001,001,2,008,008.jpg,537,129.530045,1779113504.992823,8.933333,-1400.0,-412.0,2940,1912,1.29901,0.82,0.0,0.0,pix
real_001_s001_2026-05-18_16-09-35-461,001,001,2,008,008.jpg,538,129.546711,1779113505.00949,8.95,-1400.0,-412.0,2940,1912,1.29901,0.82,0.0,0.0,pix
real_001_s001_2026-05-18_16-09-35-461,001,001,2,008,008.jpg,539,129.563378,1779113505.026157,8.966667,-1400.0,-412.0,2940,1912,1.29901,0.82,0.0,0.0,pix
real_001_s001_2026-05-18_16-09-35-461,001,001,2,008,008.jpg,540,129.580045,1779113505.042823,8.983333,-1400.0,-412.0,2940,1912,1.29901,0.82,0.0,0.0,pix
real_001_s001_2026-05-18_16-09-35-461,001,001,2,008,008.jpg,541,129.596711,1779113505.05949,9.0,-1400.0,-412.0,2940,1912,1.29901,0.82,0.0,0.0,pix
real_001_s001_2026-05-18_16-09-35-461,001,001,2,008,008.jpg,542,129.613378,1779113505.076157,9.016667,-1400.0,-412.0,2940,1912,1.29901,0.82,0.0,0.0,pix
real_001_s001_2026-05-18_16-09-35-461,001,001,2,008,008.jpg,543,129.630045,1779113505.092823,9.033333,-1400.0,-412.0,2940,1912,1.29901,0.82,0.0,0.0,pix
real_001_s001_2026-05-18_16-09-35-461,001,001,2,008,008.jpg,544,129.646711,1779113505.10949,9.05,-1400.0,-412.0,2940,1912,1.29901,0.82,0.0,0.0,pix
real_001_s001_2026-05-18_16-09-35-461,001,001,2,008,008.jpg,545,129.663378,1779113505.126157,9.066667,-1400.0,-412.0,2940,1912,1.29901,0.82,0.0,0.0,pix
real_001_s001_2026-05-18_16-09-35-461,001,001,2,008,008.jpg,546,129.680045,1779113505.142823,9.083333,-1400.0,-412.0,2940,1912,1.29901,0.82,0.0,0.0,pix
real_001_s001_2026-05-18_16-09-35-461,001,001,2,008,008.jpg,547,129.696711,1779113505.15949,9.1,-1400.0,-412.0,2940,1912,1.29901,0.82,0.0,0.0,pix
real_001_s001_2026-05-18_16-09-35-461,001,001,2,008,008.jpg,548,129.713378,1779113505.176157,9.116667,-1400.0,-412.0,2940,1912,1.29901,0.82,0.0,0.0,pix
real_001_s001_2026-05-18_16-09-35-461,001,001,2,008,008.jpg,549,129.730045,1779113505.192823,9.133333,-1400.0,-412.0,2940,1912,1.29901,0.82,0.0,0.0,pix
real_001_s001_2026-05-18_16-09-35-461,001,001,2,008,008.jpg,550,129.746711,1779113505.20949,9.15,-1400.0,-412.0,2940,1912,1.29901,0.82,0.0,0.0,pix
real_001_s001_2026-05-18_16-09-35-461,001,001,2,008,008.jpg,551,129.763378,1779113505.226157,9.166667,-1400.0,-412.0,2940,1912,1.29901,0.82,0.0,0.0,pix
real_001_s001_2026-05-18_16-09-35-461,001,001,2,008,008.jpg,552,129.780045,1779113505.242823,9.183333,-1400.0,-412.0,2940,1912,1.29901,0.82,0.0,0.0,pix
real_001_s001_2026-05-18_16-09-35-461,001,001,2,008,008.jpg,553,129.796711,1779113505.25949,9.2,-1400.0,-412.0,2940,1912,1.29901,0.82,0.0,0.0,pix
real_001_s001_2026-05-18_16-09-35-461,001,001,2,008,008.jpg,554,129.813378,1779113505.276157,9.216667,-1400.0,-412.0,2940,1912,1.29901,0.82,0.0,0.0,pix
real_001_s001_2026-05-18_16-09-35-461,001,001,2,008,008.jpg,555,129.830045,1779113505.292823,9.233333,-1400.0,-412.0,2940,1912,1.29901,0.82,0.0,0.0,pix
real_001_s001_2026-05-18_16-09-35-461,001,001,2,008,008.jpg,556,129.846711,1779113505.30949,9.25,-1400.0,-412.0,2940,1912,1.29901,0.82,0.0,0.0,pix
real_001_s001_2026-05-18_16-09-35-461,001,001,2,008,008.jpg,557,129.863378,1779113505.326157,9.266667,-1400.0,-412.0,2940,1912,1.29901,0.82,0.0,0.0,pix
