run_id,participant,session,trial_index,trial_id,image_file,sample_index,sample_session_s,sample_unix_s,sample_from_image_onset_s,gaze_x_pix,gaze_y_pix,screen_width_px,screen_height_px,image_stim_width_units,image_stim_height_units,image_stim_center_x_units,image_stim_center_y_units,units
real_001_s001_2026-05-18_16-09-35-461,001,001,1,P002,wikiart_practice/practice_wikiart_002_untitled_abstract_composition_1964.jpg,1,17.280911,1779113392.743557,0.0,-1400.0,-412.0,2940,1912,0.578473,0.82,0.0,0.0,pix
real_001_s001_2026-05-18_16-09-35-461,001,001,1,P002,wikiart_practice/practice_wikiart_002_untitled_abstract_composition_1964.jpg,2,17.297578,1779113392.760224,0.016667,-1400.0,-412.0,2940,1912,0.578473,0.82,0.0,0.0,pix
real_001_s001_2026-05-18_16-09-35-461,001,001,1,P002,wikiart_practice/practice_wikiart_002_untitled_abstract_composition_1964.jpg,3,17.314244,1779113392.776891,0.033333,-1400.0,-412.0,2940,1912,0.578473,0.82,0.0,0.0,pix
real_001_s001_2026-05-18_16-09-35-461,001,001,1,P002,wikiart_practice/practice_wikiart_002_untitled_abstract_composition_1964.jpg,4,17.330911,1779113392.793557,0.05,-1400.0,-412.0,2940,1912,0.578473,0.82,0.0,0.0,pix
real_001_s001_2026-05-18_16-09-35-461,001,001,1,P002,wikiart_practice/practice_wikiart_002_untitled_abstract_composition_1964.jpg,5,17.347578,1779113392.810224,0.066667,-1400.0,-412.0,2940,1912,0.578473,0.82,0.0,0.0,pix
real_001_s001_2026-05-18_16-09-35-461,001,001,1,P002,wikiart_practice/practice_wikiart_002_untitled_abstract_composition_1964.jpg,6,17.364244,1779113392.82689,0.083333,-1400.0,-412.0,2940,1912,0.578473,0.82,0.0,0.0,pix
real_001_s001_2026-05-18_16-09-35-461,001,001,1,P002,wikiart_practice/practice_wikiart_002_untitled_abstract_composition_1964.jpg,7,17.380911,1779113392.843557,0.1,-1400.0,-412.0,2940,1912,0.578473,0.82,0.0,0.0,pix
real_001_s001_2026-05-18_16-09-35-461,001,001,1,P002,wikiart_practice/practice_wikiart_002_untitled_abstract_composition_1964.jpg,8,17.397578,1779113392.860224,0.116667,-1400.0,-412.0,2940,1912,0.578473,0.82,0.0,0.0,pix
real_001_s001_2026-05-18_16-09-35-461,001,001,1,P002,wikiart_practice/practice_wikiart_002_untitled_abstract_composition_1964.jpg,9,17.414244,1779113392.876891,0.133333,-1400.0,-412.0,2940,1912,0.578473,0.82,0.0,0.0,pix
real_001_s001_2026-05-18_16-09-35-461,001,001,1,P002,wikiart_practice/practice_wikiart_002_untitled_abstract_composition_1964.jpg,10,17.430911,1779113392.893557,0.15,-1400.0,-412.0,2940,1912,0.578473,0.82,0.0,0.0,pix
real_001_s001_2026-05-18_16-09-35-461,001,001,1,P002,wikiart_practice/practice_wikiart_002_untitled_abstract_composition_1964.jpg,11,17.447578,1779113392.910224,0.166667,-1400.0,-412.0,2940,1912,0.578473,0.82,0.0,0.0,pix
real_001_s001_2026-05-18_16-09-35-461,001,001,1,P002,wikiart_practice/practice_wikiart_002_untitled_abstract_composition_1964.jpg,12,17.464244,1779113392.926891,0.183333,-1400.0,-412.0,2940,1912,0.578473,0.82,0.0,0.0,pix
real_001_s001_2026-05-18_16-09-35-461,001,001,1,P002,wikiart_practice/practice_wikiart_002_untitled_abstract_composition_1964.jpg,13,17.480911,1779113392.943557,0.2,-1400.0,-412.0,2940,1912,0.578473,0.82,0.0,0.0,pix
real_001_s001_2026-05-18_16-09-35-461,001,001,1,P002,wikiart_practice/practice_wikiart_002_untitled_abstract_composition_1964.jpg,14,17.497578,1779113392.960224,0.216667,-1400.0,-412.0,2940,1912,0.578473,0.82,0.0,0.0,pix
real_001_s001_2026-05-18_16-09-35-461,001,001,1,P002,wikiart_practice/practice_wikiart_002_untitled_abstract_composition_1964.jpg,15,17.514244,1779113392.976891,0.233333,-1400.0,-412.0,2940,1912,0.578473,0.82,0.0,0.0,pix
real_001_s001_2026-05-18_16-09-35-461,001,001,1,P002,wikiart_practice/practice_wikiart_002_untitled_abstract_composition_1964.jpg,16,17.530911,1779113392.993557,0.25,-1400.0,-412.0,2940,1912,0.578473,0.82,0.0,0.0,pix
real_001_s001_2026-05-18_16-09-35-461,001,001,1,P002,wikiart_practice/practice_wikiart_002_untitled_abstract_composition_1964.jpg,17,17.547578,1779113393.010224,0.266667,-1400.0,-412.0,2940,1912,0.578473,0.82,0.0,0.0,pix
real_001_s001_2026-05-18_16-09-35-461,001,001,1,P002,wikiart_practice/practice_wikiart_002_untitled_abstract_composition_1964.jpg,18,17.564244,1779113393.026891,0.283333,-1400.0,-412.0,2940,1912,0.578473,0.82,0.0,0.0,pix
real_001_s001_2026-05-18_16-09-35-461,001,001,1,P002,wikiart_practice/practice_wikiart_002_untitled_abstract_composition_1964.jpg,19,17.580911,1779113393.043557,0.3,-1400.0,-412.0,2940,1912,0.578473,0.82,0.0,0.0,pix
real_001_s001_2026-05-18_16-09-35-461,001,001,1,P002,wikiart_practice/practice_wikiart_002_untitled_abstract_composition_1964.jpg,20,17.597578,1779113393.060224,0.316667,-1400.0,-412.0,2940,1912,0.578473,0.82,0.0,0.0,pix
real_001_s001_2026-05-18_16-09-35-461,001,001,1,P002,wikiart_practice/practice_wikiart_002_untitled_abstract_composition_1964.jpg,21,17.614244,1779113393.07689,0.333333,-1400.0,-412.0,2940,1912,0.578473,0.82,0.0,0.0,pix
real_001_s001_2026-05-18_16-09-35-461,001,001,1,P002,wikiart_practice/practice_wikiart_002_untitled_abstract_composition_1964.jpg,22,17.630911,1779113393.093557,0.35,-1400.0,-412.0,2940,1912,0.578473,0.82,0.0,0.0,pix
real_001_s001_2026-05-18_16-09-35-461,001,001,1,P002,wikiart_practice/practice_wikiart_002_untitled_abstract_composition_1964.jpg,23,17.647578,1779113393.110224,0.366667,-1400.0,-412.0,2940,1912,0.578473,0.82,0.0,0.0,pix
real_001_s001_2026-05-18_16-09-35-461,001,001,1,P002,wikiart_practice/practice_wikiart_002_untitled_abstract_composition_1964.jpg,24,17.664244,1779113393.126891,0.383333,-1400.0,-412.0,2940,1912,0.578473,0.82,0.0,0.0,pix
real_001_s001_2026-05-18_16-09-35-461,001,001,1,P002,wikiart_practice/practice_wikiart_002_untitled_abstract_composition_1964.jpg,25,17.680911,1779113393.143557,0.4,-1400.0,-412.0,2940,1912,0.578473,0.82,0.0,0.0,pix
real_001_s001_2026-05-18_16-09-35-461,001,001,1,P002,wikiart_practice/practice_wikiart_002_untitled_abstract_composition_1964.jpg,26,17.697578,1779113393.160224,0.416667,-1400.0,-412.0,2940,1912,0.578473,0.82,0.0,0.0,pix
real_001_s001_2026-05-18_16-09-35-461,001,001,1,P002,wikiart_practice/practice_wikiart_002_untitled_abstract_composition_1964.jpg,27,17.714244,1779113393.176891,0.433333,-1400.0,-412.0,2940,1912,0.578473,0.82,0.0,0.0,pix
real_001_s001_2026-05-18_16-09-35-461,001,001,1,P002,wikiart_practice/practice_wikiart_002_untitled_abstract_composition_1964.jpg,28,17.730911,1779113393.193557,0.45,-1400.0,-412.0,2940,1912,0.578473,0.82,0.0,0.0,pix
real_001_s001_2026-05-18_16-09-35-461,001,001,1,P002,wikiart_practice/practice_wikiart_002_untitled_abstract_composition_1964.jpg,29,17.747578,1779113393.210224,0.466667,-1400.0,-412.0,2940,1912,0.578473,0.82,0.0,0.0,pix
real_001_s001_2026-05-18_16-09-35-461,001,001,1,P002,wikiart_practice/practice_wikiart_002_untitled_abstract_composition_1964.jpg,30,17.764244,1779113393.226891,0.483333,-1400.0,-412.0,2940,1912,0.578473,0.82,0.0,0.0,pix
real_001_s001_2026-05-18_16-09-35-461,001,001,1,P002,wikiart_practice/practice_wikiart_002_untitled_abstract_composition_1964.jpg,31,17.780911,1779113393.243557,0.5,-1400.0,-412.0,2940,1912,0.578473,0.82,0.0,0.0,pix
real_001_s001_2026-05-18_16-09-35-461,001,001,1,P002,wikiart_practice/practice_wikiart_002_untitled_abstract_composition_1964.jpg,32,17.797578,1779113393.260224,0.516667,-1400.0,-412.0,2940,1912,0.578473,0.82,0.0,0.0,pix
real_001_s001_2026-05-18_16-09-35-461,001,001,1,P002,wikiart_practice/practice_wikiart_002_untitled_abstract_composition_1964.jpg,33,17.814244,1779113393.276891,0.533333,-1400.0,-412.0,2940,1912,0.578473,0.82,0.0,0.0,pix
real_001_s001_2026-05-18_16-09-35-461,001,001,1,P002,wikiart_practice/practice_wikiart_002_untitled_abstract_composition_1964.jpg,34,17.830911,1779113393.293557,0.55,-1400.0,-412.0,2940,1912,0.578473,0.82,0.0,0.0,pix
real_001_s001_2026-05-18_16-09-35-461,001,001,1,P002,wikiart_practice/practice_wikiart_002_untitled_abstract_composition_1964.jpg,35,17.847578,1779113393.310224,0.566667,-1400.0,-412.0,2940,1912,0.578473,0.82,0.0,0.0,pix
real_001_s001_2026-05-18_16-09-35-461,001,001,1,P002,wikiart_practice/practice_wikiart_002_untitled_abstract_composition_1964.jpg,36,17.864244,1779113393.32689,0.583333,-1400.0,-412.0,2940,1912,0.578473,0.82,0.0,0.0,pix
real_001_s001_2026-05-18_16-09-35-461,001,001,1,P002,wikiart_practice/practice_wikiart_002_untitled_abstract_composition_1964.jpg,37,17.880911,1779113393.343557,0.6,-1400.0,-412.0,2940,1912,0.578473,0.82,0.0,0.0,pix
real_001_s001_2026-05-18_16-09-35-461,001,001,1,P002,wikiart_practice/practice_wikiart_002_untitled_abstract_composition_1964.jpg,38,17.897578,1779113393.360224,0.616667,-1400.0,-412.0,2940,1912,0.578473,0.82,0.0,0.0,pix
real_001_s001_2026-05-18_16-09-35-461,001,001,1,P002,wikiart_practice/practice_wikiart_002_untitled_abstract_composition_1964.jpg,39,17.914244,1779113393.376891,0.633333,-1400.0,-412.0,2940,1912,0.578473,0.82,0.0,0.0,pix
real_001_s001_2026-05-18_16-09-35-461,001,001,1,P002,wikiart_practice/practice_wikiart_002_untitled_abstract_composition_1964.jpg,40,17.930911,1779113393.393557,0.65,-1400.0,-412.0,2940,1912,0.578473,0.82,0.0,0.0,pix
real_001_s001_2026-05-18_16-09-35-461,001,001,1,P002,wikiart_practice/practice_wikiart_002_untitled_abstract_composition_1964.jpg,41,17.947578,1779113393.410224,0.666667,-1400.0,-412.0,2940,1912,0.578473,0.82,0.0,0.0,pix
real_001_s001_2026-05-18_16-09-35-461,001,001,1,P002,wikiart_practice/practice_wikiart_002_untitled_abstract_composition_1964.jpg,42,17.964244,1779113393.426891,0.683333,-1400.0,-412.0,2940,1912,0.578473,0.82,0.0,0.0,pix
real_001_s001_2026-05-18_16-09-35-461,001,001,1,P002,wikiart_practice/practice_wikiart_002_untitled_abstract_composition_1964.jpg,43,17.980911,1779113393.443557,0.7,-1400.0,-412.0,2940,1912,0.578473,0.82,0.0,0.0,pix
real_001_s001_2026-05-18_16-09-35-461,001,001,1,P002,wikiart_practice/practice_wikiart_002_untitled_abstract_composition_1964.jpg,44,17.997578,1779113393.460224,0.716667,-1400.0,-412.0,2940,1912,0.578473,0.82,0.0,0.0,pix
real_001_s001_2026-05-18_16-09-35-461,001,001,1,P002,wikiart_practice/practice_wikiart_002_untitled_abstract_composition_1964.jpg,45,18.014244,1779113393.476891,0.733333,-1400.0,-412.0,2940,1912,0.578473,0.82,0.0,0.0,pix
real_001_s001_2026-05-18_16-09-35-461,001,001,1,P002,wikiart_practice/practice_wikiart_002_untitled_abstract_composition_1964.jpg,46,18.030911,1779113393.493557,0.75,-1400.0,-412.0,2940,1912,0.578473,0.82,0.0,0.0,pix
real_001_s001_2026-05-18_16-09-35-461,001,001,1,P002,wikiart_practice/practice_wikiart_002_untitled_abstract_composition_1964.jpg,47,18.047578,1779113393.510224,0.766667,-1400.0,-412.0,2940,1912,0.578473,0.82,0.0,0.0,pix
real_001_s001_2026-05-18_16-09-35-461,001,001,1,P002,wikiart_practice/practice_wikiart_002_untitled_abstract_composition_1964.jpg,48,18.064244,1779113393.526891,0.783333,-1400.0,-412.0,2940,1912,0.578473,0.82,0.0,0.0,pix
real_001_s001_2026-05-18_16-09-35-461,001,001,1,P002,wikiart_practice/practice_wikiart_002_untitled_abstract_composition_1964.jpg,49,18.080911,1779113393.543557,0.8,-1400.0,-412.0,2940,1912,0.578473,0.82,0.0,0.0,pix
real_001_s001_2026-05-18_16-09-35-461,001,001,1,P002,wikiart_practice/practice_wikiart_002_untitled_abstract_composition_1964.jpg,50,18.097578,1779113393.560224,0.816667,-1400.0,-412.0,2940,1912,0.578473,0.82,0.0,0.0,pix
real_001_s001_2026-05-18_16-09-35-461,001,001,1,P002,wikiart_practice/practice_wikiart_002_untitled_abstract_composition_1964.jpg,51,18.114244,1779113393.57689,0.833333,-1400.0,-412.0,2940,1912,0.578473,0.82,0.0,0.0,pix
real_001_s001_2026-05-18_16-09-35-461,001,001,1,P002,wikiart_practice/practice_wikiart_002_untitled_abstract_composition_1964.jpg,52,18.130911,1779113393.593557,0.85,-1400.0,-412.0,2940,1912,0.578473,0.82,0.0,0.0,pix
real_001_s001_2026-05-18_16-09-35-461,001,001,1,P002,wikiart_practice/practice_wikiart_002_untitled_abstract_composition_1964.jpg,53,18.147578,1779113393.610224,0.866667,-1400.0,-412.0,2940,1912,0.578473,0.82,0.0,0.0,pix
real_001_s001_2026-05-18_16-09-35-461,001,001,1,P002,wikiart_practice/practice_wikiart_002_untitled_abstract_composition_1964.jpg,54,18.164244,1779113393.626891,0.883333,-1400.0,-412.0,2940,1912,0.578473,0.82,0.0,0.0,pix
real_001_s001_2026-05-18_16-09-35-461,001,001,1,P002,wikiart_practice/practice_wikiart_002_untitled_abstract_composition_1964.jpg,55,18.180911,1779113393.643557,0.9,-1400.0,-412.0,2940,1912,0.578473,0.82,0.0,0.0,pix
real_001_s001_2026-05-18_16-09-35-461,001,001,1,P002,wikiart_practice/practice_wikiart_002_untitled_abstract_composition_1964.jpg,56,18.197578,1779113393.660224,0.916667,-1400.0,-412.0,2940,1912,0.578473,0.82,0.0,0.0,pix
real_001_s001_2026-05-18_16-09-35-461,001,001,1,P002,wikiart_practice/practice_wikiart_002_untitled_abstract_composition_1964.jpg,57,18.214244,1779113393.676891,0.933333,-1400.0,-412.0,2940,1912,0.578473,0.82,0.0,0.0,pix
real_001_s001_2026-05-18_16-09-35-461,001,001,1,P002,wikiart_practice/practice_wikiart_002_untitled_abstract_composition_1964.jpg,58,18.230911,1779113393.693557,0.95,-1400.0,-412.0,2940,1912,0.578473,0.82,0.0,0.0,pix
real_001_s001_2026-05-18_16-09-35-461,001,001,1,P002,wikiart_practice/practice_wikiart_002_untitled_abstract_composition_1964.jpg,59,18.247578,1779113393.710224,0.966667,-1400.0,-412.0,2940,1912,0.578473,0.82,0.0,0.0,pix
real_001_s001_2026-05-18_16-09-35-461,001,001,1,P002,wikiart_practice/practice_wikiart_002_untitled_abstract_composition_1964.jpg,60,18.264244,1779113393.726891,0.983333,-1400.0,-412.0,2940,1912,0.578473,0.82,0.0,0.0,pix
real_001_s001_2026-05-18_16-09-35-461,001,001,1,P002,wikiart_practice/practice_wikiart_002_untitled_abstract_composition_1964.jpg,61,18.280911,1779113393.743557,1.0,-1400.0,-412.0,2940,1912,0.578473,0.82,0.0,0.0,pix
real_001_s001_2026-05-18_16-09-35-461,001,001,1,P002,wikiart_practice/practice_wikiart_002_untitled_abstract_composition_1964.jpg,62,18.297578,1779113393.760224,1.016667,-1400.0,-412.0,2940,1912,0.578473,0.82,0.0,0.0,pix
real_001_s001_2026-05-18_16-09-35-461,001,001,1,P002,wikiart_practice/practice_wikiart_002_untitled_abstract_composition_1964.jpg,63,18.314244,1779113393.776891,1.033333,-1400.0,-412.0,2940,1912,0.578473,0.82,0.0,0.0,pix
real_001_s001_2026-05-18_16-09-35-461,001,001,1,P002,wikiart_practice/practice_wikiart_002_untitled_abstract_composition_1964.jpg,64,18.330911,1779113393.793557,1.05,-1400.0,-412.0,2940,1912,0.578473,0.82,0.0,0.0,pix
real_001_s001_2026-05-18_16-09-35-461,001,001,1,P002,wikiart_practice/practice_wikiart_002_untitled_abstract_composition_1964.jpg,65,18.347578,1779113393.810224,1.066667,-1400.0,-412.0,2940,1912,0.578473,0.82,0.0,0.0,pix
real_001_s001_2026-05-18_16-09-35-461,001,001,1,P002,wikiart_practice/practice_wikiart_002_untitled_abstract_composition_1964.jpg,66,18.364244,1779113393.82689,1.083333,-1400.0,-412.0,2940,1912,0.578473,0.82,0.0,0.0,pix
real_001_s001_2026-05-18_16-09-35-461,001,001,1,P002,wikiart_practice/practice_wikiart_002_untitled_abstract_composition_1964.jpg,67,18.380911,1779113393.843557,1.1,-1400.0,-412.0,2940,1912,0.578473,0.82,0.0,0.0,pix
real_001_s001_2026-05-18_16-09-35-461,001,001,1,P002,wikiart_practice/practice_wikiart_002_untitled_abstract_composition_1964.jpg,68,18.397578,1779113393.860224,1.116667,-1400.0,-412.0,2940,1912,0.578473,0.82,0.0,0.0,pix
real_001_s001_2026-05-18_16-09-35-461,001,001,1,P002,wikiart_practice/practice_wikiart_002_untitled_abstract_composition_1964.jpg,69,18.414244,1779113393.876891,1.133333,-1400.0,-412.0,2940,1912,0.578473,0.82,0.0,0.0,pix
real_001_s001_2026-05-18_16-09-35-461,001,001,1,P002,wikiart_practice/practice_wikiart_002_untitled_abstract_composition_1964.jpg,70,18.430911,1779113393.893557,1.15,-1400.0,-412.0,2940,1912,0.578473,0.82,0.0,0.0,pix
real_001_s001_2026-05-18_16-09-35-461,001,001,1,P002,wikiart_practice/practice_wikiart_002_untitled_abstract_composition_1964.jpg,71,18.447578,1779113393.910224,1.166667,-1400.0,-412.0,2940,1912,0.578473,0.82,0.0,0.0,pix
real_001_s001_2026-05-18_16-09-35-461,001,001,1,P002,wikiart_practice/practice_wikiart_002_untitled_abstract_composition_1964.jpg,72,18.464244,1779113393.926891,1.183333,-1400.0,-412.0,2940,1912,0.578473,0.82,0.0,0.0,pix
real_001_s001_2026-05-18_16-09-35-461,001,001,1,P002,wikiart_practice/practice_wikiart_002_untitled_abstract_composition_1964.jpg,73,18.480911,1779113393.943557,1.2,-1400.0,-412.0,2940,1912,0.578473,0.82,0.0,0.0,pix
real_001_s001_2026-05-18_16-09-35-461,001,001,1,P002,wikiart_practice/practice_wikiart_002_untitled_abstract_composition_1964.jpg,74,18.497578,1779113393.960224,1.216667,-1400.0,-412.0,2940,1912,0.578473,0.82,0.0,0.0,pix
real_001_s001_2026-05-18_16-09-35-461,001,001,1,P002,wikiart_practice/practice_wikiart_002_untitled_abstract_composition_1964.jpg,75,18.514244,1779113393.976891,1.233333,-1400.0,-412.0,2940,1912,0.578473,0.82,0.0,0.0,pix
real_001_s001_2026-05-18_16-09-35-461,001,001,1,P002,wikiart_practice/practice_wikiart_002_untitled_abstract_composition_1964.jpg,76,18.530911,1779113393.993557,1.25,-1400.0,-412.0,2940,1912,0.578473,0.82,0.0,0.0,pix
real_001_s001_2026-05-18_16-09-35-461,001,001,1,P002,wikiart_practice/practice_wikiart_002_untitled_abstract_composition_1964.jpg,77,18.547578,1779113394.010224,1.266667,-1400.0,-412.0,2940,1912,0.578473,0.82,0.0,0.0,pix
real_001_s001_2026-05-18_16-09-35-461,001,001,1,P002,wikiart_practice/practice_wikiart_002_untitled_abstract_composition_1964.jpg,78,18.564244,1779113394.026891,1.283333,-1400.0,-412.0,2940,1912,0.578473,0.82,0.0,0.0,pix
real_001_s001_2026-05-18_16-09-35-461,001,001,1,P002,wikiart_practice/practice_wikiart_002_untitled_abstract_composition_1964.jpg,79,18.580911,1779113394.043557,1.3,-1400.0,-412.0,2940,1912,0.578473,0.82,0.0,0.0,pix
real_001_s001_2026-05-18_16-09-35-461,001,001,1,P002,wikiart_practice/practice_wikiart_002_untitled_abstract_composition_1964.jpg,80,18.597578,1779113394.060224,1.316667,-1400.0,-412.0,2940,1912,0.578473,0.82,0.0,0.0,pix
real_001_s001_2026-05-18_16-09-35-461,001,001,1,P002,wikiart_practice/practice_wikiart_002_untitled_abstract_composition_1964.jpg,81,18.614244,1779113394.07689,1.333333,-1400.0,-412.0,2940,1912,0.578473,0.82,0.0,0.0,pix
real_001_s001_2026-05-18_16-09-35-461,001,001,1,P002,wikiart_practice/practice_wikiart_002_untitled_abstract_composition_1964.jpg,82,18.630911,1779113394.093557,1.35,-1400.0,-412.0,2940,1912,0.578473,0.82,0.0,0.0,pix
real_001_s001_2026-05-18_16-09-35-461,001,001,1,P002,wikiart_practice/practice_wikiart_002_untitled_abstract_composition_1964.jpg,83,18.647578,1779113394.110224,1.366667,-1400.0,-412.0,2940,1912,0.578473,0.82,0.0,0.0,pix
real_001_s001_2026-05-18_16-09-35-461,001,001,1,P002,wikiart_practice/practice_wikiart_002_untitled_abstract_composition_1964.jpg,84,18.664244,1779113394.126891,1.383333,-1400.0,-412.0,2940,1912,0.578473,0.82,0.0,0.0,pix
real_001_s001_2026-05-18_16-09-35-461,001,001,1,P002,wikiart_practice/practice_wikiart_002_untitled_abstract_composition_1964.jpg,85,18.680911,1779113394.143557,1.4,-1400.0,-412.0,2940,1912,0.578473,0.82,0.0,0.0,pix
real_001_s001_2026-05-18_16-09-35-461,001,001,1,P002,wikiart_practice/practice_wikiart_002_untitled_abstract_composition_1964.jpg,86,18.697578,1779113394.160224,1.416667,-1400.0,-412.0,2940,1912,0.578473,0.82,0.0,0.0,pix
real_001_s001_2026-05-18_16-09-35-461,001,001,1,P002,wikiart_practice/practice_wikiart_002_untitled_abstract_composition_1964.jpg,87,18.714244,1779113394.176891,1.433333,-1400.0,-412.0,2940,1912,0.578473,0.82,0.0,0.0,pix
real_001_s001_2026-05-18_16-09-35-461,001,001,1,P002,wikiart_practice/practice_wikiart_002_untitled_abstract_composition_1964.jpg,88,18.730911,1779113394.193557,1.45,-1400.0,-412.0,2940,1912,0.578473,0.82,0.0,0.0,pix
real_001_s001_2026-05-18_16-09-35-461,001,001,1,P002,wikiart_practice/practice_wikiart_002_untitled_abstract_composition_1964.jpg,89,18.747578,1779113394.210224,1.466667,-1400.0,-412.0,2940,1912,0.578473,0.82,0.0,0.0,pix
real_001_s001_2026-05-18_16-09-35-461,001,001,1,P002,wikiart_practice/practice_wikiart_002_untitled_abstract_composition_1964.jpg,90,18.764244,1779113394.226891,1.483333,-1400.0,-412.0,2940,1912,0.578473,0.82,0.0,0.0,pix
real_001_s001_2026-05-18_16-09-35-461,001,001,1,P002,wikiart_practice/practice_wikiart_002_untitled_abstract_composition_1964.jpg,91,18.780911,1779113394.243557,1.5,-1400.0,-412.0,2940,1912,0.578473,0.82,0.0,0.0,pix
real_001_s001_2026-05-18_16-09-35-461,001,001,1,P002,wikiart_practice/practice_wikiart_002_untitled_abstract_composition_1964.jpg,92,18.797578,1779113394.260224,1.516667,-1400.0,-412.0,2940,1912,0.578473,0.82,0.0,0.0,pix
real_001_s001_2026-05-18_16-09-35-461,001,001,1,P002,wikiart_practice/practice_wikiart_002_untitled_abstract_composition_1964.jpg,93,18.814244,1779113394.276891,1.533333,-1400.0,-412.0,2940,1912,0.578473,0.82,0.0,0.0,pix
real_001_s001_2026-05-18_16-09-35-461,001,001,1,P002,wikiart_practice/practice_wikiart_002_untitled_abstract_composition_1964.jpg,94,18.830911,1779113394.293557,1.55,-1400.0,-412.0,2940,1912,0.578473,0.82,0.0,0.0,pix
real_001_s001_2026-05-18_16-09-35-461,001,001,1,P002,wikiart_practice/practice_wikiart_002_untitled_abstract_composition_1964.jpg,95,18.847578,1779113394.310224,1.566667,-1400.0,-412.0,2940,1912,0.578473,0.82,0.0,0.0,pix
real_001_s001_2026-05-18_16-09-35-461,001,001,1,P002,wikiart_practice/practice_wikiart_002_untitled_abstract_composition_1964.jpg,96,18.864244,1779113394.32689,1.583333,-1400.0,-412.0,2940,1912,0.578473,0.82,0.0,0.0,pix
real_001_s001_2026-05-18_16-09-35-461,001,001,1,P002,wikiart_practice/practice_wikiart_002_untitled_abstract_composition_1964.jpg,97,18.880911,1779113394.343557,1.6,-1400.0,-412.0,2940,1912,0.578473,0.82,0.0,0.0,pix
real_001_s001_2026-05-18_16-09-35-461,001,001,1,P002,wikiart_practice/practice_wikiart_002_untitled_abstract_composition_1964.jpg,98,18.897578,1779113394.360224,1.616667,-1400.0,-412.0,2940,1912,0.578473,0.82,0.0,0.0,pix
real_001_s001_2026-05-18_16-09-35-461,001,001,1,P002,wikiart_practice/practice_wikiart_002_untitled_abstract_composition_1964.jpg,99,18.914244,1779113394.376891,1.633333,-1400.0,-412.0,2940,1912,0.578473,0.82,0.0,0.0,pix
real_001_s001_2026-05-18_16-09-35-461,001,001,1,P002,wikiart_practice/practice_wikiart_002_untitled_abstract_composition_1964.jpg,100,18.930911,1779113394.393557,1.65,-1400.0,-412.0,2940,1912,0.578473,0.82,0.0,0.0,pix
real_001_s001_2026-05-18_16-09-35-461,001,001,1,P002,wikiart_practice/practice_wikiart_002_untitled_abstract_composition_1964.jpg,101,18.947578,1779113394.410224,1.666667,-1400.0,-412.0,2940,1912,0.578473,0.82,0.0,0.0,pix
real_001_s001_2026-05-18_16-09-35-461,001,001,1,P002,wikiart_practice/practice_wikiart_002_untitled_abstract_composition_1964.jpg,102,18.964244,1779113394.426891,1.683333,-1400.0,-412.0,2940,1912,0.578473,0.82,0.0,0.0,pix
real_001_s001_2026-05-18_16-09-35-461,001,001,1,P002,wikiart_practice/practice_wikiart_002_untitled_abstract_composition_1964.jpg,103,18.980911,1779113394.443557,1.7,-1400.0,-412.0,2940,1912,0.578473,0.82,0.0,0.0,pix
real_001_s001_2026-05-18_16-09-35-461,001,001,1,P002,wikiart_practice/practice_wikiart_002_untitled_abstract_composition_1964.jpg,104,18.997578,1779113394.460224,1.716667,-1400.0,-412.0,2940,1912,0.578473,0.82,0.0,0.0,pix
real_001_s001_2026-05-18_16-09-35-461,001,001,1,P002,wikiart_practice/practice_wikiart_002_untitled_abstract_composition_1964.jpg,105,19.014244,1779113394.476891,1.733333,-1400.0,-412.0,2940,1912,0.578473,0.82,0.0,0.0,pix
real_001_s001_2026-05-18_16-09-35-461,001,001,1,P002,wikiart_practice/practice_wikiart_002_untitled_abstract_composition_1964.jpg,106,19.030911,1779113394.493557,1.75,-1400.0,-412.0,2940,1912,0.578473,0.82,0.0,0.0,pix
real_001_s001_2026-05-18_16-09-35-461,001,001,1,P002,wikiart_practice/practice_wikiart_002_untitled_abstract_composition_1964.jpg,107,19.047578,1779113394.510224,1.766667,-1400.0,-412.0,2940,1912,0.578473,0.82,0.0,0.0,pix
real_001_s001_2026-05-18_16-09-35-461,001,001,1,P002,wikiart_practice/practice_wikiart_002_untitled_abstract_composition_1964.jpg,108,19.064244,1779113394.526891,1.783333,-1400.0,-412.0,2940,1912,0.578473,0.82,0.0,0.0,pix
real_001_s001_2026-05-18_16-09-35-461,001,001,1,P002,wikiart_practice/practice_wikiart_002_untitled_abstract_composition_1964.jpg,109,19.080911,1779113394.543557,1.8,-1400.0,-412.0,2940,1912,0.578473,0.82,0.0,0.0,pix
real_001_s001_2026-05-18_16-09-35-461,001,001,1,P002,wikiart_practice/practice_wikiart_002_untitled_abstract_composition_1964.jpg,110,19.097578,1779113394.560224,1.816667,-1400.0,-412.0,2940,1912,0.578473,0.82,0.0,0.0,pix
real_001_s001_2026-05-18_16-09-35-461,001,001,1,P002,wikiart_practice/practice_wikiart_002_untitled_abstract_composition_1964.jpg,111,19.114244,1779113394.57689,1.833333,-1400.0,-412.0,2940,1912,0.578473,0.82,0.0,0.0,pix
real_001_s001_2026-05-18_16-09-35-461,001,001,1,P002,wikiart_practice/practice_wikiart_002_untitled_abstract_composition_1964.jpg,112,19.130911,1779113394.593557,1.85,-1400.0,-412.0,2940,1912,0.578473,0.82,0.0,0.0,pix
real_001_s001_2026-05-18_16-09-35-461,001,001,1,P002,wikiart_practice/practice_wikiart_002_untitled_abstract_composition_1964.jpg,113,19.147578,1779113394.610224,1.866667,-1400.0,-412.0,2940,1912,0.578473,0.82,0.0,0.0,pix
real_001_s001_2026-05-18_16-09-35-461,001,001,1,P002,wikiart_practice/practice_wikiart_002_untitled_abstract_composition_1964.jpg,114,19.164244,1779113394.626891,1.883333,-1400.0,-412.0,2940,1912,0.578473,0.82,0.0,0.0,pix
real_001_s001_2026-05-18_16-09-35-461,001,001,1,P002,wikiart_practice/practice_wikiart_002_untitled_abstract_composition_1964.jpg,115,19.180911,1779113394.643557,1.9,-1400.0,-412.0,2940,1912,0.578473,0.82,0.0,0.0,pix
real_001_s001_2026-05-18_16-09-35-461,001,001,1,P002,wikiart_practice/practice_wikiart_002_untitled_abstract_composition_1964.jpg,116,19.197578,1779113394.660224,1.916667,-1400.0,-412.0,2940,1912,0.578473,0.82,0.0,0.0,pix
real_001_s001_2026-05-18_16-09-35-461,001,001,1,P002,wikiart_practice/practice_wikiart_002_untitled_abstract_composition_1964.jpg,117,19.214244,1779113394.676891,1.933333,-1400.0,-412.0,2940,1912,0.578473,0.82,0.0,0.0,pix
real_001_s001_2026-05-18_16-09-35-461,001,001,1,P002,wikiart_practice/practice_wikiart_002_untitled_abstract_composition_1964.jpg,118,19.230911,1779113394.693557,1.95,-1400.0,-412.0,2940,1912,0.578473,0.82,0.0,0.0,pix
real_001_s001_2026-05-18_16-09-35-461,001,001,1,P002,wikiart_practice/practice_wikiart_002_untitled_abstract_composition_1964.jpg,119,19.247578,1779113394.710224,1.966667,-1400.0,-412.0,2940,1912,0.578473,0.82,0.0,0.0,pix
real_001_s001_2026-05-18_16-09-35-461,001,001,1,P002,wikiart_practice/practice_wikiart_002_untitled_abstract_composition_1964.jpg,120,19.264244,1779113394.726891,1.983333,-1400.0,-412.0,2940,1912,0.578473,0.82,0.0,0.0,pix
real_001_s001_2026-05-18_16-09-35-461,001,001,1,P002,wikiart_practice/practice_wikiart_002_untitled_abstract_composition_1964.jpg,121,19.280911,1779113394.743557,2.0,-1400.0,-412.0,2940,1912,0.578473,0.82,0.0,0.0,pix
real_001_s001_2026-05-18_16-09-35-461,001,001,1,P002,wikiart_practice/practice_wikiart_002_untitled_abstract_composition_1964.jpg,122,19.297578,1779113394.760224,2.016667,-1400.0,-412.0,2940,1912,0.578473,0.82,0.0,0.0,pix
real_001_s001_2026-05-18_16-09-35-461,001,001,1,P002,wikiart_practice/practice_wikiart_002_untitled_abstract_composition_1964.jpg,123,19.314244,1779113394.776891,2.033333,-1400.0,-412.0,2940,1912,0.578473,0.82,0.0,0.0,pix
real_001_s001_2026-05-18_16-09-35-461,001,001,1,P002,wikiart_practice/practice_wikiart_002_untitled_abstract_composition_1964.jpg,124,19.330911,1779113394.793557,2.05,-1400.0,-412.0,2940,1912,0.578473,0.82,0.0,0.0,pix
real_001_s001_2026-05-18_16-09-35-461,001,001,1,P002,wikiart_practice/practice_wikiart_002_untitled_abstract_composition_1964.jpg,125,19.347578,1779113394.810224,2.066667,-1400.0,-412.0,2940,1912,0.578473,0.82,0.0,0.0,pix
real_001_s001_2026-05-18_16-09-35-461,001,001,1,P002,wikiart_practice/practice_wikiart_002_untitled_abstract_composition_1964.jpg,126,19.364244,1779113394.82689,2.083333,-1400.0,-412.0,2940,1912,0.578473,0.82,0.0,0.0,pix
real_001_s001_2026-05-18_16-09-35-461,001,001,1,P002,wikiart_practice/practice_wikiart_002_untitled_abstract_composition_1964.jpg,127,19.380911,1779113394.843557,2.1,-1400.0,-412.0,2940,1912,0.578473,0.82,0.0,0.0,pix
real_001_s001_2026-05-18_16-09-35-461,001,001,1,P002,wikiart_practice/practice_wikiart_002_untitled_abstract_composition_1964.jpg,128,19.397578,1779113394.860224,2.116667,-1400.0,-412.0,2940,1912,0.578473,0.82,0.0,0.0,pix
real_001_s001_2026-05-18_16-09-35-461,001,001,1,P002,wikiart_practice/practice_wikiart_002_untitled_abstract_composition_1964.jpg,129,19.414244,1779113394.876891,2.133333,-1400.0,-412.0,2940,1912,0.578473,0.82,0.0,0.0,pix
real_001_s001_2026-05-18_16-09-35-461,001,001,1,P002,wikiart_practice/practice_wikiart_002_untitled_abstract_composition_1964.jpg,130,19.430911,1779113394.893557,2.15,-1400.0,-412.0,2940,1912,0.578473,0.82,0.0,0.0,pix
real_001_s001_2026-05-18_16-09-35-461,001,001,1,P002,wikiart_practice/practice_wikiart_002_untitled_abstract_composition_1964.jpg,131,19.447578,1779113394.910224,2.166667,-1400.0,-412.0,2940,1912,0.578473,0.82,0.0,0.0,pix
real_001_s001_2026-05-18_16-09-35-461,001,001,1,P002,wikiart_practice/practice_wikiart_002_untitled_abstract_composition_1964.jpg,132,19.464244,1779113394.926891,2.183333,-1400.0,-412.0,2940,1912,0.578473,0.82,0.0,0.0,pix
real_001_s001_2026-05-18_16-09-35-461,001,001,1,P002,wikiart_practice/practice_wikiart_002_untitled_abstract_composition_1964.jpg,133,19.480911,1779113394.943557,2.2,-1400.0,-412.0,2940,1912,0.578473,0.82,0.0,0.0,pix
real_001_s001_2026-05-18_16-09-35-461,001,001,1,P002,wikiart_practice/practice_wikiart_002_untitled_abstract_composition_1964.jpg,134,19.497578,1779113394.960224,2.216667,-1400.0,-412.0,2940,1912,0.578473,0.82,0.0,0.0,pix
real_001_s001_2026-05-18_16-09-35-461,001,001,1,P002,wikiart_practice/practice_wikiart_002_untitled_abstract_composition_1964.jpg,135,19.514244,1779113394.976891,2.233333,-1400.0,-412.0,2940,1912,0.578473,0.82,0.0,0.0,pix
real_001_s001_2026-05-18_16-09-35-461,001,001,1,P002,wikiart_practice/practice_wikiart_002_untitled_abstract_composition_1964.jpg,136,19.530911,1779113394.993557,2.25,-1400.0,-412.0,2940,1912,0.578473,0.82,0.0,0.0,pix
real_001_s001_2026-05-18_16-09-35-461,001,001,1,P002,wikiart_practice/practice_wikiart_002_untitled_abstract_composition_1964.jpg,137,19.547578,1779113395.010224,2.266667,-1400.0,-412.0,2940,1912,0.578473,0.82,0.0,0.0,pix
real_001_s001_2026-05-18_16-09-35-461,001,001,1,P002,wikiart_practice/practice_wikiart_002_untitled_abstract_composition_1964.jpg,138,19.564244,1779113395.026891,2.283333,-1400.0,-412.0,2940,1912,0.578473,0.82,0.0,0.0,pix
real_001_s001_2026-05-18_16-09-35-461,001,001,1,P002,wikiart_practice/practice_wikiart_002_untitled_abstract_composition_1964.jpg,139,19.580911,1779113395.043557,2.3,-1400.0,-412.0,2940,1912,0.578473,0.82,0.0,0.0,pix
real_001_s001_2026-05-18_16-09-35-461,001,001,1,P002,wikiart_practice/practice_wikiart_002_untitled_abstract_composition_1964.jpg,140,19.597578,1779113395.060224,2.316667,-1400.0,-412.0,2940,1912,0.578473,0.82,0.0,0.0,pix
real_001_s001_2026-05-18_16-09-35-461,001,001,1,P002,wikiart_practice/practice_wikiart_002_untitled_abstract_composition_1964.jpg,141,19.614244,1779113395.07689,2.333333,-1400.0,-412.0,2940,1912,0.578473,0.82,0.0,0.0,pix
real_001_s001_2026-05-18_16-09-35-461,001,001,1,P002,wikiart_practice/practice_wikiart_002_untitled_abstract_composition_1964.jpg,142,19.630911,1779113395.093557,2.35,-1400.0,-412.0,2940,1912,0.578473,0.82,0.0,0.0,pix
real_001_s001_2026-05-18_16-09-35-461,001,001,1,P002,wikiart_practice/practice_wikiart_002_untitled_abstract_composition_1964.jpg,143,19.647578,1779113395.110224,2.366667,-1400.0,-412.0,2940,1912,0.578473,0.82,0.0,0.0,pix
real_001_s001_2026-05-18_16-09-35-461,001,001,1,P002,wikiart_practice/practice_wikiart_002_untitled_abstract_composition_1964.jpg,144,19.664244,1779113395.126891,2.383333,-1400.0,-412.0,2940,1912,0.578473,0.82,0.0,0.0,pix
real_001_s001_2026-05-18_16-09-35-461,001,001,1,P002,wikiart_practice/practice_wikiart_002_untitled_abstract_composition_1964.jpg,145,19.680911,1779113395.143557,2.4,-1400.0,-412.0,2940,1912,0.578473,0.82,0.0,0.0,pix
real_001_s001_2026-05-18_16-09-35-461,001,001,1,P002,wikiart_practice/practice_wikiart_002_untitled_abstract_composition_1964.jpg,146,19.697578,1779113395.160224,2.416667,-1400.0,-412.0,2940,1912,0.578473,0.82,0.0,0.0,pix
real_001_s001_2026-05-18_16-09-35-461,001,001,1,P002,wikiart_practice/practice_wikiart_002_untitled_abstract_composition_1964.jpg,147,19.714244,1779113395.176891,2.433333,-1400.0,-412.0,2940,1912,0.578473,0.82,0.0,0.0,pix
real_001_s001_2026-05-18_16-09-35-461,001,001,1,P002,wikiart_practice/practice_wikiart_002_untitled_abstract_composition_1964.jpg,148,19.730911,1779113395.193557,2.45,-1400.0,-412.0,2940,1912,0.578473,0.82,0.0,0.0,pix
real_001_s001_2026-05-18_16-09-35-461,001,001,1,P002,wikiart_practice/practice_wikiart_002_untitled_abstract_composition_1964.jpg,149,19.747578,1779113395.210224,2.466667,-1400.0,-412.0,2940,1912,0.578473,0.82,0.0,0.0,pix
real_001_s001_2026-05-18_16-09-35-461,001,001,1,P002,wikiart_practice/practice_wikiart_002_untitled_abstract_composition_1964.jpg,150,19.764244,1779113395.226891,2.483333,-1400.0,-412.0,2940,1912,0.578473,0.82,0.0,0.0,pix
real_001_s001_2026-05-18_16-09-35-461,001,001,1,P002,wikiart_practice/practice_wikiart_002_untitled_abstract_composition_1964.jpg,151,19.780911,1779113395.243557,2.5,-1400.0,-412.0,2940,1912,0.578473,0.82,0.0,0.0,pix
real_001_s001_2026-05-18_16-09-35-461,001,001,1,P002,wikiart_practice/practice_wikiart_002_untitled_abstract_composition_1964.jpg,152,19.797578,1779113395.260224,2.516667,-1400.0,-412.0,2940,1912,0.578473,0.82,0.0,0.0,pix
real_001_s001_2026-05-18_16-09-35-461,001,001,1,P002,wikiart_practice/practice_wikiart_002_untitled_abstract_composition_1964.jpg,153,19.814244,1779113395.276891,2.533333,-1400.0,-412.0,2940,1912,0.578473,0.82,0.0,0.0,pix
real_001_s001_2026-05-18_16-09-35-461,001,001,1,P002,wikiart_practice/practice_wikiart_002_untitled_abstract_composition_1964.jpg,154,19.830911,1779113395.293557,2.55,-1400.0,-412.0,2940,1912,0.578473,0.82,0.0,0.0,pix
real_001_s001_2026-05-18_16-09-35-461,001,001,1,P002,wikiart_practice/practice_wikiart_002_untitled_abstract_composition_1964.jpg,155,19.847578,1779113395.310224,2.566667,-1400.0,-412.0,2940,1912,0.578473,0.82,0.0,0.0,pix
real_001_s001_2026-05-18_16-09-35-461,001,001,1,P002,wikiart_practice/practice_wikiart_002_untitled_abstract_composition_1964.jpg,156,19.864244,1779113395.32689,2.583333,-1400.0,-412.0,2940,1912,0.578473,0.82,0.0,0.0,pix
real_001_s001_2026-05-18_16-09-35-461,001,001,1,P002,wikiart_practice/practice_wikiart_002_untitled_abstract_composition_1964.jpg,157,19.880911,1779113395.343557,2.6,-1400.0,-412.0,2940,1912,0.578473,0.82,0.0,0.0,pix
real_001_s001_2026-05-18_16-09-35-461,001,001,1,P002,wikiart_practice/practice_wikiart_002_untitled_abstract_composition_1964.jpg,158,19.897578,1779113395.360224,2.616667,-1400.0,-412.0,2940,1912,0.578473,0.82,0.0,0.0,pix
real_001_s001_2026-05-18_16-09-35-461,001,001,1,P002,wikiart_practice/practice_wikiart_002_untitled_abstract_composition_1964.jpg,159,19.914244,1779113395.376891,2.633333,-1400.0,-412.0,2940,1912,0.578473,0.82,0.0,0.0,pix
real_001_s001_2026-05-18_16-09-35-461,001,001,1,P002,wikiart_practice/practice_wikiart_002_untitled_abstract_composition_1964.jpg,160,19.930911,1779113395.393557,2.65,-1400.0,-412.0,2940,1912,0.578473,0.82,0.0,0.0,pix
real_001_s001_2026-05-18_16-09-35-461,001,001,1,P002,wikiart_practice/practice_wikiart_002_untitled_abstract_composition_1964.jpg,161,19.947578,1779113395.410224,2.666667,-1400.0,-412.0,2940,1912,0.578473,0.82,0.0,0.0,pix
real_001_s001_2026-05-18_16-09-35-461,001,001,1,P002,wikiart_practice/practice_wikiart_002_untitled_abstract_composition_1964.jpg,162,19.964244,1779113395.426891,2.683333,-1400.0,-412.0,2940,1912,0.578473,0.82,0.0,0.0,pix
real_001_s001_2026-05-18_16-09-35-461,001,001,1,P002,wikiart_practice/practice_wikiart_002_untitled_abstract_composition_1964.jpg,163,19.980911,1779113395.443557,2.7,-1400.0,-412.0,2940,1912,0.578473,0.82,0.0,0.0,pix
real_001_s001_2026-05-18_16-09-35-461,001,001,1,P002,wikiart_practice/practice_wikiart_002_untitled_abstract_composition_1964.jpg,164,19.997578,1779113395.460224,2.716667,-1400.0,-412.0,2940,1912,0.578473,0.82,0.0,0.0,pix
real_001_s001_2026-05-18_16-09-35-461,001,001,1,P002,wikiart_practice/practice_wikiart_002_untitled_abstract_composition_1964.jpg,165,20.014244,1779113395.476891,2.733333,-1400.0,-412.0,2940,1912,0.578473,0.82,0.0,0.0,pix
real_001_s001_2026-05-18_16-09-35-461,001,001,1,P002,wikiart_practice/practice_wikiart_002_untitled_abstract_composition_1964.jpg,166,20.030911,1779113395.493557,2.75,-1400.0,-412.0,2940,1912,0.578473,0.82,0.0,0.0,pix
real_001_s001_2026-05-18_16-09-35-461,001,001,1,P002,wikiart_practice/practice_wikiart_002_untitled_abstract_composition_1964.jpg,167,20.047578,1779113395.510224,2.766667,-1400.0,-412.0,2940,1912,0.578473,0.82,0.0,0.0,pix
real_001_s001_2026-05-18_16-09-35-461,001,001,1,P002,wikiart_practice/practice_wikiart_002_untitled_abstract_composition_1964.jpg,168,20.064244,1779113395.526891,2.783333,-1400.0,-412.0,2940,1912,0.578473,0.82,0.0,0.0,pix
real_001_s001_2026-05-18_16-09-35-461,001,001,1,P002,wikiart_practice/practice_wikiart_002_untitled_abstract_composition_1964.jpg,169,20.080911,1779113395.543557,2.8,-1400.0,-412.0,2940,1912,0.578473,0.82,0.0,0.0,pix
real_001_s001_2026-05-18_16-09-35-461,001,001,1,P002,wikiart_practice/practice_wikiart_002_untitled_abstract_composition_1964.jpg,170,20.097578,1779113395.560224,2.816667,-1400.0,-412.0,2940,1912,0.578473,0.82,0.0,0.0,pix
real_001_s001_2026-05-18_16-09-35-461,001,001,1,P002,wikiart_practice/practice_wikiart_002_untitled_abstract_composition_1964.jpg,171,20.114244,1779113395.57689,2.833333,-1400.0,-412.0,2940,1912,0.578473,0.82,0.0,0.0,pix
real_001_s001_2026-05-18_16-09-35-461,001,001,1,P002,wikiart_practice/practice_wikiart_002_untitled_abstract_composition_1964.jpg,172,20.130911,1779113395.593557,2.85,-1400.0,-412.0,2940,1912,0.578473,0.82,0.0,0.0,pix
real_001_s001_2026-05-18_16-09-35-461,001,001,1,P002,wikiart_practice/practice_wikiart_002_untitled_abstract_composition_1964.jpg,173,20.147578,1779113395.610224,2.866667,-1400.0,-412.0,2940,1912,0.578473,0.82,0.0,0.0,pix
real_001_s001_2026-05-18_16-09-35-461,001,001,1,P002,wikiart_practice/practice_wikiart_002_untitled_abstract_composition_1964.jpg,174,20.164244,1779113395.626891,2.883333,-1400.0,-412.0,2940,1912,0.578473,0.82,0.0,0.0,pix
real_001_s001_2026-05-18_16-09-35-461,001,001,1,P002,wikiart_practice/practice_wikiart_002_untitled_abstract_composition_1964.jpg,175,20.180911,1779113395.643557,2.9,-1400.0,-412.0,2940,1912,0.578473,0.82,0.0,0.0,pix
real_001_s001_2026-05-18_16-09-35-461,001,001,1,P002,wikiart_practice/practice_wikiart_002_untitled_abstract_composition_1964.jpg,176,20.197578,1779113395.660224,2.916667,-1400.0,-412.0,2940,1912,0.578473,0.82,0.0,0.0,pix
real_001_s001_2026-05-18_16-09-35-461,001,001,1,P002,wikiart_practice/practice_wikiart_002_untitled_abstract_composition_1964.jpg,177,20.214244,1779113395.676891,2.933333,-1400.0,-412.0,2940,1912,0.578473,0.82,0.0,0.0,pix
real_001_s001_2026-05-18_16-09-35-461,001,001,1,P002,wikiart_practice/practice_wikiart_002_untitled_abstract_composition_1964.jpg,178,20.230911,1779113395.693557,2.95,-1400.0,-412.0,2940,1912,0.578473,0.82,0.0,0.0,pix
real_001_s001_2026-05-18_16-09-35-461,001,001,1,P002,wikiart_practice/practice_wikiart_002_untitled_abstract_composition_1964.jpg,179,20.247578,1779113395.710224,2.966667,-1400.0,-412.0,2940,1912,0.578473,0.82,0.0,0.0,pix
real_001_s001_2026-05-18_16-09-35-461,001,001,1,P002,wikiart_practice/practice_wikiart_002_untitled_abstract_composition_1964.jpg,180,20.264244,1779113395.726891,2.983333,-1400.0,-412.0,2940,1912,0.578473,0.82,0.0,0.0,pix
real_001_s001_2026-05-18_16-09-35-461,001,001,1,P002,wikiart_practice/practice_wikiart_002_untitled_abstract_composition_1964.jpg,181,20.280911,1779113395.743557,3.0,-1400.0,-412.0,2940,1912,0.578473,0.82,0.0,0.0,pix
real_001_s001_2026-05-18_16-09-35-461,001,001,1,P002,wikiart_practice/practice_wikiart_002_untitled_abstract_composition_1964.jpg,182,20.297578,1779113395.760224,3.016667,-1400.0,-412.0,2940,1912,0.578473,0.82,0.0,0.0,pix
real_001_s001_2026-05-18_16-09-35-461,001,001,1,P002,wikiart_practice/practice_wikiart_002_untitled_abstract_composition_1964.jpg,183,20.314244,1779113395.776891,3.033333,-1400.0,-412.0,2940,1912,0.578473,0.82,0.0,0.0,pix
real_001_s001_2026-05-18_16-09-35-461,001,001,1,P002,wikiart_practice/practice_wikiart_002_untitled_abstract_composition_1964.jpg,184,20.330911,1779113395.793557,3.05,-1400.0,-412.0,2940,1912,0.578473,0.82,0.0,0.0,pix
real_001_s001_2026-05-18_16-09-35-461,001,001,1,P002,wikiart_practice/practice_wikiart_002_untitled_abstract_composition_1964.jpg,185,20.347578,1779113395.810224,3.066667,-1400.0,-412.0,2940,1912,0.578473,0.82,0.0,0.0,pix
real_001_s001_2026-05-18_16-09-35-461,001,001,1,P002,wikiart_practice/practice_wikiart_002_untitled_abstract_composition_1964.jpg,186,20.364244,1779113395.82689,3.083333,-1400.0,-412.0,2940,1912,0.578473,0.82,0.0,0.0,pix
real_001_s001_2026-05-18_16-09-35-461,001,001,1,P002,wikiart_practice/practice_wikiart_002_untitled_abstract_composition_1964.jpg,187,20.380911,1779113395.843557,3.1,-1400.0,-412.0,2940,1912,0.578473,0.82,0.0,0.0,pix
real_001_s001_2026-05-18_16-09-35-461,001,001,1,P002,wikiart_practice/practice_wikiart_002_untitled_abstract_composition_1964.jpg,188,20.397578,1779113395.860224,3.116667,-1400.0,-412.0,2940,1912,0.578473,0.82,0.0,0.0,pix
real_001_s001_2026-05-18_16-09-35-461,001,001,1,P002,wikiart_practice/practice_wikiart_002_untitled_abstract_composition_1964.jpg,189,20.414244,1779113395.876891,3.133333,-1400.0,-412.0,2940,1912,0.578473,0.82,0.0,0.0,pix
real_001_s001_2026-05-18_16-09-35-461,001,001,1,P002,wikiart_practice/practice_wikiart_002_untitled_abstract_composition_1964.jpg,190,20.430911,1779113395.893557,3.15,-1400.0,-412.0,2940,1912,0.578473,0.82,0.0,0.0,pix
real_001_s001_2026-05-18_16-09-35-461,001,001,1,P002,wikiart_practice/practice_wikiart_002_untitled_abstract_composition_1964.jpg,191,20.447578,1779113395.910224,3.166667,-1400.0,-412.0,2940,1912,0.578473,0.82,0.0,0.0,pix
real_001_s001_2026-05-18_16-09-35-461,001,001,1,P002,wikiart_practice/practice_wikiart_002_untitled_abstract_composition_1964.jpg,192,20.464244,1779113395.926891,3.183333,-1400.0,-412.0,2940,1912,0.578473,0.82,0.0,0.0,pix
real_001_s001_2026-05-18_16-09-35-461,001,001,1,P002,wikiart_practice/practice_wikiart_002_untitled_abstract_composition_1964.jpg,193,20.480911,1779113395.943557,3.2,-1400.0,-412.0,2940,1912,0.578473,0.82,0.0,0.0,pix
real_001_s001_2026-05-18_16-09-35-461,001,001,1,P002,wikiart_practice/practice_wikiart_002_untitled_abstract_composition_1964.jpg,194,20.497578,1779113395.960224,3.216667,-1400.0,-412.0,2940,1912,0.578473,0.82,0.0,0.0,pix
real_001_s001_2026-05-18_16-09-35-461,001,001,1,P002,wikiart_practice/practice_wikiart_002_untitled_abstract_composition_1964.jpg,195,20.514244,1779113395.976891,3.233333,-1400.0,-412.0,2940,1912,0.578473,0.82,0.0,0.0,pix
real_001_s001_2026-05-18_16-09-35-461,001,001,1,P002,wikiart_practice/practice_wikiart_002_untitled_abstract_composition_1964.jpg,196,20.530911,1779113395.993557,3.25,-1400.0,-412.0,2940,1912,0.578473,0.82,0.0,0.0,pix
real_001_s001_2026-05-18_16-09-35-461,001,001,1,P002,wikiart_practice/practice_wikiart_002_untitled_abstract_composition_1964.jpg,197,20.547578,1779113396.010224,3.266667,-1400.0,-412.0,2940,1912,0.578473,0.82,0.0,0.0,pix
real_001_s001_2026-05-18_16-09-35-461,001,001,1,P002,wikiart_practice/practice_wikiart_002_untitled_abstract_composition_1964.jpg,198,20.564244,1779113396.026891,3.283333,-1400.0,-412.0,2940,1912,0.578473,0.82,0.0,0.0,pix
real_001_s001_2026-05-18_16-09-35-461,001,001,1,P002,wikiart_practice/practice_wikiart_002_untitled_abstract_composition_1964.jpg,199,20.580911,1779113396.043557,3.3,-1400.0,-412.0,2940,1912,0.578473,0.82,0.0,0.0,pix
real_001_s001_2026-05-18_16-09-35-461,001,001,1,P002,wikiart_practice/practice_wikiart_002_untitled_abstract_composition_1964.jpg,200,20.597578,1779113396.060224,3.316667,-1400.0,-412.0,2940,1912,0.578473,0.82,0.0,0.0,pix
real_001_s001_2026-05-18_16-09-35-461,001,001,1,P002,wikiart_practice/practice_wikiart_002_untitled_abstract_composition_1964.jpg,201,20.614244,1779113396.07689,3.333333,-1400.0,-412.0,2940,1912,0.578473,0.82,0.0,0.0,pix
real_001_s001_2026-05-18_16-09-35-461,001,001,1,P002,wikiart_practice/practice_wikiart_002_untitled_abstract_composition_1964.jpg,202,20.630911,1779113396.093557,3.35,-1400.0,-412.0,2940,1912,0.578473,0.82,0.0,0.0,pix
real_001_s001_2026-05-18_16-09-35-461,001,001,1,P002,wikiart_practice/practice_wikiart_002_untitled_abstract_composition_1964.jpg,203,20.647578,1779113396.110224,3.366667,-1400.0,-412.0,2940,1912,0.578473,0.82,0.0,0.0,pix
real_001_s001_2026-05-18_16-09-35-461,001,001,1,P002,wikiart_practice/practice_wikiart_002_untitled_abstract_composition_1964.jpg,204,20.664244,1779113396.126891,3.383333,-1400.0,-412.0,2940,1912,0.578473,0.82,0.0,0.0,pix
real_001_s001_2026-05-18_16-09-35-461,001,001,1,P002,wikiart_practice/practice_wikiart_002_untitled_abstract_composition_1964.jpg,205,20.680911,1779113396.143557,3.4,-1400.0,-412.0,2940,1912,0.578473,0.82,0.0,0.0,pix
real_001_s001_2026-05-18_16-09-35-461,001,001,1,P002,wikiart_practice/practice_wikiart_002_untitled_abstract_composition_1964.jpg,206,20.697578,1779113396.160224,3.416667,-1400.0,-412.0,2940,1912,0.578473,0.82,0.0,0.0,pix
real_001_s001_2026-05-18_16-09-35-461,001,001,1,P002,wikiart_practice/practice_wikiart_002_untitled_abstract_composition_1964.jpg,207,20.714244,1779113396.176891,3.433333,-1400.0,-412.0,2940,1912,0.578473,0.82,0.0,0.0,pix
real_001_s001_2026-05-18_16-09-35-461,001,001,1,P002,wikiart_practice/practice_wikiart_002_untitled_abstract_composition_1964.jpg,208,20.730911,1779113396.193557,3.45,-1400.0,-412.0,2940,1912,0.578473,0.82,0.0,0.0,pix
real_001_s001_2026-05-18_16-09-35-461,001,001,1,P002,wikiart_practice/practice_wikiart_002_untitled_abstract_composition_1964.jpg,209,20.747578,1779113396.210224,3.466667,-1400.0,-412.0,2940,1912,0.578473,0.82,0.0,0.0,pix
real_001_s001_2026-05-18_16-09-35-461,001,001,1,P002,wikiart_practice/practice_wikiart_002_untitled_abstract_composition_1964.jpg,210,20.764244,1779113396.226891,3.483333,-1400.0,-412.0,2940,1912,0.578473,0.82,0.0,0.0,pix
real_001_s001_2026-05-18_16-09-35-461,001,001,1,P002,wikiart_practice/practice_wikiart_002_untitled_abstract_composition_1964.jpg,211,20.780911,1779113396.243557,3.5,-1400.0,-412.0,2940,1912,0.578473,0.82,0.0,0.0,pix
real_001_s001_2026-05-18_16-09-35-461,001,001,1,P002,wikiart_practice/practice_wikiart_002_untitled_abstract_composition_1964.jpg,212,20.797578,1779113396.260224,3.516667,-1400.0,-412.0,2940,1912,0.578473,0.82,0.0,0.0,pix
real_001_s001_2026-05-18_16-09-35-461,001,001,1,P002,wikiart_practice/practice_wikiart_002_untitled_abstract_composition_1964.jpg,213,20.814244,1779113396.276891,3.533333,-1400.0,-412.0,2940,1912,0.578473,0.82,0.0,0.0,pix
real_001_s001_2026-05-18_16-09-35-461,001,001,1,P002,wikiart_practice/practice_wikiart_002_untitled_abstract_composition_1964.jpg,214,20.830911,1779113396.293557,3.55,-1400.0,-412.0,2940,1912,0.578473,0.82,0.0,0.0,pix
real_001_s001_2026-05-18_16-09-35-461,001,001,1,P002,wikiart_practice/practice_wikiart_002_untitled_abstract_composition_1964.jpg,215,20.847578,1779113396.310224,3.566667,-1400.0,-412.0,2940,1912,0.578473,0.82,0.0,0.0,pix
real_001_s001_2026-05-18_16-09-35-461,001,001,1,P002,wikiart_practice/practice_wikiart_002_untitled_abstract_composition_1964.jpg,216,20.864244,1779113396.32689,3.583333,-1400.0,-412.0,2940,1912,0.578473,0.82,0.0,0.0,pix
real_001_s001_2026-05-18_16-09-35-461,001,001,1,P002,wikiart_practice/practice_wikiart_002_untitled_abstract_composition_1964.jpg,217,20.880911,1779113396.343557,3.6,-1400.0,-412.0,2940,1912,0.578473,0.82,0.0,0.0,pix
real_001_s001_2026-05-18_16-09-35-461,001,001,1,P002,wikiart_practice/practice_wikiart_002_untitled_abstract_composition_1964.jpg,218,20.897578,1779113396.360224,3.616667,-1400.0,-412.0,2940,1912,0.578473,0.82,0.0,0.0,pix
real_001_s001_2026-05-18_16-09-35-461,001,001,1,P002,wikiart_practice/practice_wikiart_002_untitled_abstract_composition_1964.jpg,219,20.914244,1779113396.376891,3.633333,-1400.0,-412.0,2940,1912,0.578473,0.82,0.0,0.0,pix
real_001_s001_2026-05-18_16-09-35-461,001,001,1,P002,wikiart_practice/practice_wikiart_002_untitled_abstract_composition_1964.jpg,220,20.930911,1779113396.393557,3.65,-1400.0,-412.0,2940,1912,0.578473,0.82,0.0,0.0,pix
real_001_s001_2026-05-18_16-09-35-461,001,001,1,P002,wikiart_practice/practice_wikiart_002_untitled_abstract_composition_1964.jpg,221,20.947578,1779113396.410224,3.666667,-1400.0,-412.0,2940,1912,0.578473,0.82,0.0,0.0,pix
real_001_s001_2026-05-18_16-09-35-461,001,001,1,P002,wikiart_practice/practice_wikiart_002_untitled_abstract_composition_1964.jpg,222,20.964244,1779113396.426891,3.683333,-1400.0,-412.0,2940,1912,0.578473,0.82,0.0,0.0,pix
real_001_s001_2026-05-18_16-09-35-461,001,001,1,P002,wikiart_practice/practice_wikiart_002_untitled_abstract_composition_1964.jpg,223,20.980911,1779113396.443557,3.7,-1400.0,-412.0,2940,1912,0.578473,0.82,0.0,0.0,pix
real_001_s001_2026-05-18_16-09-35-461,001,001,1,P002,wikiart_practice/practice_wikiart_002_untitled_abstract_composition_1964.jpg,224,20.997578,1779113396.460224,3.716667,-1400.0,-412.0,2940,1912,0.578473,0.82,0.0,0.0,pix
real_001_s001_2026-05-18_16-09-35-461,001,001,1,P002,wikiart_practice/practice_wikiart_002_untitled_abstract_composition_1964.jpg,225,21.014244,1779113396.476891,3.733333,-1400.0,-412.0,2940,1912,0.578473,0.82,0.0,0.0,pix
real_001_s001_2026-05-18_16-09-35-461,001,001,1,P002,wikiart_practice/practice_wikiart_002_untitled_abstract_composition_1964.jpg,226,21.030911,1779113396.493557,3.75,-1400.0,-412.0,2940,1912,0.578473,0.82,0.0,0.0,pix
real_001_s001_2026-05-18_16-09-35-461,001,001,1,P002,wikiart_practice/practice_wikiart_002_untitled_abstract_composition_1964.jpg,227,21.047578,1779113396.510224,3.766667,-1400.0,-412.0,2940,1912,0.578473,0.82,0.0,0.0,pix
real_001_s001_2026-05-18_16-09-35-461,001,001,1,P002,wikiart_practice/practice_wikiart_002_untitled_abstract_composition_1964.jpg,228,21.064244,1779113396.526891,3.783333,-1400.0,-412.0,2940,1912,0.578473,0.82,0.0,0.0,pix
real_001_s001_2026-05-18_16-09-35-461,001,001,1,P002,wikiart_practice/practice_wikiart_002_untitled_abstract_composition_1964.jpg,229,21.080911,1779113396.543557,3.8,-1400.0,-412.0,2940,1912,0.578473,0.82,0.0,0.0,pix
real_001_s001_2026-05-18_16-09-35-461,001,001,1,P002,wikiart_practice/practice_wikiart_002_untitled_abstract_composition_1964.jpg,230,21.097578,1779113396.560224,3.816667,-1400.0,-412.0,2940,1912,0.578473,0.82,0.0,0.0,pix
real_001_s001_2026-05-18_16-09-35-461,001,001,1,P002,wikiart_practice/practice_wikiart_002_untitled_abstract_composition_1964.jpg,231,21.114244,1779113396.57689,3.833333,-1400.0,-412.0,2940,1912,0.578473,0.82,0.0,0.0,pix
real_001_s001_2026-05-18_16-09-35-461,001,001,1,P002,wikiart_practice/practice_wikiart_002_untitled_abstract_composition_1964.jpg,232,21.130911,1779113396.593557,3.85,-1400.0,-412.0,2940,1912,0.578473,0.82,0.0,0.0,pix
real_001_s001_2026-05-18_16-09-35-461,001,001,1,P002,wikiart_practice/practice_wikiart_002_untitled_abstract_composition_1964.jpg,233,21.147578,1779113396.610224,3.866667,-1400.0,-412.0,2940,1912,0.578473,0.82,0.0,0.0,pix
real_001_s001_2026-05-18_16-09-35-461,001,001,1,P002,wikiart_practice/practice_wikiart_002_untitled_abstract_composition_1964.jpg,234,21.164244,1779113396.626891,3.883333,-1400.0,-412.0,2940,1912,0.578473,0.82,0.0,0.0,pix
real_001_s001_2026-05-18_16-09-35-461,001,001,1,P002,wikiart_practice/practice_wikiart_002_untitled_abstract_composition_1964.jpg,235,21.180911,1779113396.643557,3.9,-1400.0,-412.0,2940,1912,0.578473,0.82,0.0,0.0,pix
real_001_s001_2026-05-18_16-09-35-461,001,001,1,P002,wikiart_practice/practice_wikiart_002_untitled_abstract_composition_1964.jpg,236,21.197578,1779113396.660224,3.916667,-1400.0,-412.0,2940,1912,0.578473,0.82,0.0,0.0,pix
real_001_s001_2026-05-18_16-09-35-461,001,001,1,P002,wikiart_practice/practice_wikiart_002_untitled_abstract_composition_1964.jpg,237,21.214244,1779113396.676891,3.933333,-1400.0,-412.0,2940,1912,0.578473,0.82,0.0,0.0,pix
real_001_s001_2026-05-18_16-09-35-461,001,001,1,P002,wikiart_practice/practice_wikiart_002_untitled_abstract_composition_1964.jpg,238,21.230911,1779113396.693557,3.95,-1400.0,-412.0,2940,1912,0.578473,0.82,0.0,0.0,pix
real_001_s001_2026-05-18_16-09-35-461,001,001,1,P002,wikiart_practice/practice_wikiart_002_untitled_abstract_composition_1964.jpg,239,21.247578,1779113396.710224,3.966667,-1400.0,-412.0,2940,1912,0.578473,0.82,0.0,0.0,pix
real_001_s001_2026-05-18_16-09-35-461,001,001,1,P002,wikiart_practice/practice_wikiart_002_untitled_abstract_composition_1964.jpg,240,21.264244,1779113396.726891,3.983333,-1400.0,-412.0,2940,1912,0.578473,0.82,0.0,0.0,pix
real_001_s001_2026-05-18_16-09-35-461,001,001,1,P002,wikiart_practice/practice_wikiart_002_untitled_abstract_composition_1964.jpg,241,21.280911,1779113396.743557,4.0,-1400.0,-412.0,2940,1912,0.578473,0.82,0.0,0.0,pix
real_001_s001_2026-05-18_16-09-35-461,001,001,1,P002,wikiart_practice/practice_wikiart_002_untitled_abstract_composition_1964.jpg,242,21.297578,1779113396.760224,4.016667,-1400.0,-412.0,2940,1912,0.578473,0.82,0.0,0.0,pix
real_001_s001_2026-05-18_16-09-35-461,001,001,1,P002,wikiart_practice/practice_wikiart_002_untitled_abstract_composition_1964.jpg,243,21.314244,1779113396.776891,4.033333,-1400.0,-412.0,2940,1912,0.578473,0.82,0.0,0.0,pix
real_001_s001_2026-05-18_16-09-35-461,001,001,1,P002,wikiart_practice/practice_wikiart_002_untitled_abstract_composition_1964.jpg,244,21.330911,1779113396.793557,4.05,-1400.0,-412.0,2940,1912,0.578473,0.82,0.0,0.0,pix
real_001_s001_2026-05-18_16-09-35-461,001,001,1,P002,wikiart_practice/practice_wikiart_002_untitled_abstract_composition_1964.jpg,245,21.347578,1779113396.810224,4.066667,-1400.0,-412.0,2940,1912,0.578473,0.82,0.0,0.0,pix
real_001_s001_2026-05-18_16-09-35-461,001,001,1,P002,wikiart_practice/practice_wikiart_002_untitled_abstract_composition_1964.jpg,246,21.364244,1779113396.82689,4.083333,-1400.0,-412.0,2940,1912,0.578473,0.82,0.0,0.0,pix
real_001_s001_2026-05-18_16-09-35-461,001,001,1,P002,wikiart_practice/practice_wikiart_002_untitled_abstract_composition_1964.jpg,247,21.380911,1779113396.843557,4.1,-1400.0,-412.0,2940,1912,0.578473,0.82,0.0,0.0,pix
real_001_s001_2026-05-18_16-09-35-461,001,001,1,P002,wikiart_practice/practice_wikiart_002_untitled_abstract_composition_1964.jpg,248,21.397578,1779113396.860224,4.116667,-1400.0,-412.0,2940,1912,0.578473,0.82,0.0,0.0,pix
real_001_s001_2026-05-18_16-09-35-461,001,001,1,P002,wikiart_practice/practice_wikiart_002_untitled_abstract_composition_1964.jpg,249,21.414244,1779113396.876891,4.133333,-1400.0,-412.0,2940,1912,0.578473,0.82,0.0,0.0,pix
real_001_s001_2026-05-18_16-09-35-461,001,001,1,P002,wikiart_practice/practice_wikiart_002_untitled_abstract_composition_1964.jpg,250,21.430911,1779113396.893557,4.15,-1400.0,-412.0,2940,1912,0.578473,0.82,0.0,0.0,pix
real_001_s001_2026-05-18_16-09-35-461,001,001,1,P002,wikiart_practice/practice_wikiart_002_untitled_abstract_composition_1964.jpg,251,21.447578,1779113396.910224,4.166667,-1400.0,-412.0,2940,1912,0.578473,0.82,0.0,0.0,pix
real_001_s001_2026-05-18_16-09-35-461,001,001,1,P002,wikiart_practice/practice_wikiart_002_untitled_abstract_composition_1964.jpg,252,21.464244,1779113396.926891,4.183333,-1400.0,-412.0,2940,1912,0.578473,0.82,0.0,0.0,pix
real_001_s001_2026-05-18_16-09-35-461,001,001,1,P002,wikiart_practice/practice_wikiart_002_untitled_abstract_composition_1964.jpg,253,21.480911,1779113396.943557,4.2,-1400.0,-412.0,2940,1912,0.578473,0.82,0.0,0.0,pix
real_001_s001_2026-05-18_16-09-35-461,001,001,1,P002,wikiart_practice/practice_wikiart_002_untitled_abstract_composition_1964.jpg,254,21.497578,1779113396.960224,4.216667,-1400.0,-412.0,2940,1912,0.578473,0.82,0.0,0.0,pix
real_001_s001_2026-05-18_16-09-35-461,001,001,1,P002,wikiart_practice/practice_wikiart_002_untitled_abstract_composition_1964.jpg,255,21.514244,1779113396.976891,4.233333,-1400.0,-412.0,2940,1912,0.578473,0.82,0.0,0.0,pix
real_001_s001_2026-05-18_16-09-35-461,001,001,1,P002,wikiart_practice/practice_wikiart_002_untitled_abstract_composition_1964.jpg,256,21.530911,1779113396.993557,4.25,-1400.0,-412.0,2940,1912,0.578473,0.82,0.0,0.0,pix
real_001_s001_2026-05-18_16-09-35-461,001,001,1,P002,wikiart_practice/practice_wikiart_002_untitled_abstract_composition_1964.jpg,257,21.547578,1779113397.010224,4.266667,-1400.0,-412.0,2940,1912,0.578473,0.82,0.0,0.0,pix
real_001_s001_2026-05-18_16-09-35-461,001,001,1,P002,wikiart_practice/practice_wikiart_002_untitled_abstract_composition_1964.jpg,258,21.564244,1779113397.026891,4.283333,-1400.0,-412.0,2940,1912,0.578473,0.82,0.0,0.0,pix
real_001_s001_2026-05-18_16-09-35-461,001,001,1,P002,wikiart_practice/practice_wikiart_002_untitled_abstract_composition_1964.jpg,259,21.580911,1779113397.043557,4.3,-1400.0,-412.0,2940,1912,0.578473,0.82,0.0,0.0,pix
real_001_s001_2026-05-18_16-09-35-461,001,001,1,P002,wikiart_practice/practice_wikiart_002_untitled_abstract_composition_1964.jpg,260,21.597578,1779113397.060224,4.316667,-1400.0,-412.0,2940,1912,0.578473,0.82,0.0,0.0,pix
real_001_s001_2026-05-18_16-09-35-461,001,001,1,P002,wikiart_practice/practice_wikiart_002_untitled_abstract_composition_1964.jpg,261,21.614244,1779113397.07689,4.333333,-1400.0,-412.0,2940,1912,0.578473,0.82,0.0,0.0,pix
real_001_s001_2026-05-18_16-09-35-461,001,001,1,P002,wikiart_practice/practice_wikiart_002_untitled_abstract_composition_1964.jpg,262,21.630911,1779113397.093557,4.35,-1400.0,-412.0,2940,1912,0.578473,0.82,0.0,0.0,pix
real_001_s001_2026-05-18_16-09-35-461,001,001,1,P002,wikiart_practice/practice_wikiart_002_untitled_abstract_composition_1964.jpg,263,21.647578,1779113397.110224,4.366667,-1400.0,-412.0,2940,1912,0.578473,0.82,0.0,0.0,pix
real_001_s001_2026-05-18_16-09-35-461,001,001,1,P002,wikiart_practice/practice_wikiart_002_untitled_abstract_composition_1964.jpg,264,21.664244,1779113397.126891,4.383333,-1400.0,-412.0,2940,1912,0.578473,0.82,0.0,0.0,pix
real_001_s001_2026-05-18_16-09-35-461,001,001,1,P002,wikiart_practice/practice_wikiart_002_untitled_abstract_composition_1964.jpg,265,21.680911,1779113397.143557,4.4,-1400.0,-412.0,2940,1912,0.578473,0.82,0.0,0.0,pix
real_001_s001_2026-05-18_16-09-35-461,001,001,1,P002,wikiart_practice/practice_wikiart_002_untitled_abstract_composition_1964.jpg,266,21.697578,1779113397.160224,4.416667,-1400.0,-412.0,2940,1912,0.578473,0.82,0.0,0.0,pix
real_001_s001_2026-05-18_16-09-35-461,001,001,1,P002,wikiart_practice/practice_wikiart_002_untitled_abstract_composition_1964.jpg,267,21.714244,1779113397.176891,4.433333,-1400.0,-412.0,2940,1912,0.578473,0.82,0.0,0.0,pix
real_001_s001_2026-05-18_16-09-35-461,001,001,1,P002,wikiart_practice/practice_wikiart_002_untitled_abstract_composition_1964.jpg,268,21.730911,1779113397.193557,4.45,-1400.0,-412.0,2940,1912,0.578473,0.82,0.0,0.0,pix
real_001_s001_2026-05-18_16-09-35-461,001,001,1,P002,wikiart_practice/practice_wikiart_002_untitled_abstract_composition_1964.jpg,269,21.747578,1779113397.210224,4.466667,-1400.0,-412.0,2940,1912,0.578473,0.82,0.0,0.0,pix
real_001_s001_2026-05-18_16-09-35-461,001,001,1,P002,wikiart_practice/practice_wikiart_002_untitled_abstract_composition_1964.jpg,270,21.764244,1779113397.226891,4.483333,-1400.0,-412.0,2940,1912,0.578473,0.82,0.0,0.0,pix
real_001_s001_2026-05-18_16-09-35-461,001,001,1,P002,wikiart_practice/practice_wikiart_002_untitled_abstract_composition_1964.jpg,271,21.780911,1779113397.243557,4.5,-1400.0,-412.0,2940,1912,0.578473,0.82,0.0,0.0,pix
real_001_s001_2026-05-18_16-09-35-461,001,001,1,P002,wikiart_practice/practice_wikiart_002_untitled_abstract_composition_1964.jpg,272,21.797578,1779113397.260224,4.516667,-1400.0,-412.0,2940,1912,0.578473,0.82,0.0,0.0,pix
real_001_s001_2026-05-18_16-09-35-461,001,001,1,P002,wikiart_practice/practice_wikiart_002_untitled_abstract_composition_1964.jpg,273,21.814244,1779113397.276891,4.533333,-1400.0,-412.0,2940,1912,0.578473,0.82,0.0,0.0,pix
real_001_s001_2026-05-18_16-09-35-461,001,001,1,P002,wikiart_practice/practice_wikiart_002_untitled_abstract_composition_1964.jpg,274,21.830911,1779113397.293557,4.55,-1400.0,-412.0,2940,1912,0.578473,0.82,0.0,0.0,pix
real_001_s001_2026-05-18_16-09-35-461,001,001,1,P002,wikiart_practice/practice_wikiart_002_untitled_abstract_composition_1964.jpg,275,21.847578,1779113397.310224,4.566667,-1400.0,-412.0,2940,1912,0.578473,0.82,0.0,0.0,pix
real_001_s001_2026-05-18_16-09-35-461,001,001,1,P002,wikiart_practice/practice_wikiart_002_untitled_abstract_composition_1964.jpg,276,21.864244,1779113397.32689,4.583333,-1400.0,-412.0,2940,1912,0.578473,0.82,0.0,0.0,pix
real_001_s001_2026-05-18_16-09-35-461,001,001,1,P002,wikiart_practice/practice_wikiart_002_untitled_abstract_composition_1964.jpg,277,21.880911,1779113397.343557,4.6,-1400.0,-412.0,2940,1912,0.578473,0.82,0.0,0.0,pix
real_001_s001_2026-05-18_16-09-35-461,001,001,1,P002,wikiart_practice/practice_wikiart_002_untitled_abstract_composition_1964.jpg,278,21.897578,1779113397.360224,4.616667,-1400.0,-412.0,2940,1912,0.578473,0.82,0.0,0.0,pix
real_001_s001_2026-05-18_16-09-35-461,001,001,1,P002,wikiart_practice/practice_wikiart_002_untitled_abstract_composition_1964.jpg,279,21.914244,1779113397.376891,4.633333,-1400.0,-412.0,2940,1912,0.578473,0.82,0.0,0.0,pix
real_001_s001_2026-05-18_16-09-35-461,001,001,1,P002,wikiart_practice/practice_wikiart_002_untitled_abstract_composition_1964.jpg,280,21.930911,1779113397.393557,4.65,-1400.0,-412.0,2940,1912,0.578473,0.82,0.0,0.0,pix
real_001_s001_2026-05-18_16-09-35-461,001,001,1,P002,wikiart_practice/practice_wikiart_002_untitled_abstract_composition_1964.jpg,281,21.947578,1779113397.410224,4.666667,-1400.0,-412.0,2940,1912,0.578473,0.82,0.0,0.0,pix
real_001_s001_2026-05-18_16-09-35-461,001,001,1,P002,wikiart_practice/practice_wikiart_002_untitled_abstract_composition_1964.jpg,282,21.964244,1779113397.426891,4.683333,-1400.0,-412.0,2940,1912,0.578473,0.82,0.0,0.0,pix
real_001_s001_2026-05-18_16-09-35-461,001,001,1,P002,wikiart_practice/practice_wikiart_002_untitled_abstract_composition_1964.jpg,283,21.980911,1779113397.443557,4.7,-1400.0,-412.0,2940,1912,0.578473,0.82,0.0,0.0,pix
real_001_s001_2026-05-18_16-09-35-461,001,001,1,P002,wikiart_practice/practice_wikiart_002_untitled_abstract_composition_1964.jpg,284,21.997578,1779113397.460224,4.716667,-1400.0,-412.0,2940,1912,0.578473,0.82,0.0,0.0,pix
real_001_s001_2026-05-18_16-09-35-461,001,001,1,P002,wikiart_practice/practice_wikiart_002_untitled_abstract_composition_1964.jpg,285,22.014244,1779113397.476891,4.733333,-1400.0,-412.0,2940,1912,0.578473,0.82,0.0,0.0,pix
real_001_s001_2026-05-18_16-09-35-461,001,001,1,P002,wikiart_practice/practice_wikiart_002_untitled_abstract_composition_1964.jpg,286,22.030911,1779113397.493557,4.75,-1400.0,-412.0,2940,1912,0.578473,0.82,0.0,0.0,pix
real_001_s001_2026-05-18_16-09-35-461,001,001,1,P002,wikiart_practice/practice_wikiart_002_untitled_abstract_composition_1964.jpg,287,22.047578,1779113397.510224,4.766667,-1400.0,-412.0,2940,1912,0.578473,0.82,0.0,0.0,pix
real_001_s001_2026-05-18_16-09-35-461,001,001,1,P002,wikiart_practice/practice_wikiart_002_untitled_abstract_composition_1964.jpg,288,22.064244,1779113397.526891,4.783333,-1400.0,-412.0,2940,1912,0.578473,0.82,0.0,0.0,pix
real_001_s001_2026-05-18_16-09-35-461,001,001,1,P002,wikiart_practice/practice_wikiart_002_untitled_abstract_composition_1964.jpg,289,22.080911,1779113397.543557,4.8,-1400.0,-412.0,2940,1912,0.578473,0.82,0.0,0.0,pix
real_001_s001_2026-05-18_16-09-35-461,001,001,1,P002,wikiart_practice/practice_wikiart_002_untitled_abstract_composition_1964.jpg,290,22.097578,1779113397.560224,4.816667,-1400.0,-412.0,2940,1912,0.578473,0.82,0.0,0.0,pix
real_001_s001_2026-05-18_16-09-35-461,001,001,1,P002,wikiart_practice/practice_wikiart_002_untitled_abstract_composition_1964.jpg,291,22.114244,1779113397.57689,4.833333,-1400.0,-412.0,2940,1912,0.578473,0.82,0.0,0.0,pix
real_001_s001_2026-05-18_16-09-35-461,001,001,1,P002,wikiart_practice/practice_wikiart_002_untitled_abstract_composition_1964.jpg,292,22.130911,1779113397.593557,4.85,-1400.0,-412.0,2940,1912,0.578473,0.82,0.0,0.0,pix
real_001_s001_2026-05-18_16-09-35-461,001,001,1,P002,wikiart_practice/practice_wikiart_002_untitled_abstract_composition_1964.jpg,293,22.147578,1779113397.610224,4.866667,-1400.0,-412.0,2940,1912,0.578473,0.82,0.0,0.0,pix
real_001_s001_2026-05-18_16-09-35-461,001,001,1,P002,wikiart_practice/practice_wikiart_002_untitled_abstract_composition_1964.jpg,294,22.164244,1779113397.626891,4.883333,-1400.0,-412.0,2940,1912,0.578473,0.82,0.0,0.0,pix
real_001_s001_2026-05-18_16-09-35-461,001,001,1,P002,wikiart_practice/practice_wikiart_002_untitled_abstract_composition_1964.jpg,295,22.180911,1779113397.643557,4.9,-1400.0,-412.0,2940,1912,0.578473,0.82,0.0,0.0,pix
real_001_s001_2026-05-18_16-09-35-461,001,001,1,P002,wikiart_practice/practice_wikiart_002_untitled_abstract_composition_1964.jpg,296,22.197578,1779113397.660224,4.916667,-1400.0,-412.0,2940,1912,0.578473,0.82,0.0,0.0,pix
real_001_s001_2026-05-18_16-09-35-461,001,001,1,P002,wikiart_practice/practice_wikiart_002_untitled_abstract_composition_1964.jpg,297,22.214244,1779113397.676891,4.933333,-1400.0,-412.0,2940,1912,0.578473,0.82,0.0,0.0,pix
real_001_s001_2026-05-18_16-09-35-461,001,001,1,P002,wikiart_practice/practice_wikiart_002_untitled_abstract_composition_1964.jpg,298,22.230911,1779113397.693557,4.95,-1400.0,-412.0,2940,1912,0.578473,0.82,0.0,0.0,pix
real_001_s001_2026-05-18_16-09-35-461,001,001,1,P002,wikiart_practice/practice_wikiart_002_untitled_abstract_composition_1964.jpg,299,22.247578,1779113397.710224,4.966667,-1400.0,-412.0,2940,1912,0.578473,0.82,0.0,0.0,pix
real_001_s001_2026-05-18_16-09-35-461,001,001,1,P002,wikiart_practice/practice_wikiart_002_untitled_abstract_composition_1964.jpg,300,22.264244,1779113397.726891,4.983333,-1400.0,-412.0,2940,1912,0.578473,0.82,0.0,0.0,pix
real_001_s001_2026-05-18_16-09-35-461,001,001,1,P002,wikiart_practice/practice_wikiart_002_untitled_abstract_composition_1964.jpg,301,22.280911,1779113397.743557,5.0,-1400.0,-412.0,2940,1912,0.578473,0.82,0.0,0.0,pix
real_001_s001_2026-05-18_16-09-35-461,001,001,1,P002,wikiart_practice/practice_wikiart_002_untitled_abstract_composition_1964.jpg,302,22.297578,1779113397.760224,5.016667,-1400.0,-412.0,2940,1912,0.578473,0.82,0.0,0.0,pix
real_001_s001_2026-05-18_16-09-35-461,001,001,1,P002,wikiart_practice/practice_wikiart_002_untitled_abstract_composition_1964.jpg,303,22.314244,1779113397.776891,5.033333,-1400.0,-412.0,2940,1912,0.578473,0.82,0.0,0.0,pix
real_001_s001_2026-05-18_16-09-35-461,001,001,1,P002,wikiart_practice/practice_wikiart_002_untitled_abstract_composition_1964.jpg,304,22.330911,1779113397.793557,5.05,-1400.0,-412.0,2940,1912,0.578473,0.82,0.0,0.0,pix
real_001_s001_2026-05-18_16-09-35-461,001,001,1,P002,wikiart_practice/practice_wikiart_002_untitled_abstract_composition_1964.jpg,305,22.347578,1779113397.810224,5.066667,-1400.0,-412.0,2940,1912,0.578473,0.82,0.0,0.0,pix
real_001_s001_2026-05-18_16-09-35-461,001,001,1,P002,wikiart_practice/practice_wikiart_002_untitled_abstract_composition_1964.jpg,306,22.364244,1779113397.82689,5.083333,-1400.0,-412.0,2940,1912,0.578473,0.82,0.0,0.0,pix
real_001_s001_2026-05-18_16-09-35-461,001,001,1,P002,wikiart_practice/practice_wikiart_002_untitled_abstract_composition_1964.jpg,307,22.380911,1779113397.843557,5.1,-1400.0,-412.0,2940,1912,0.578473,0.82,0.0,0.0,pix
real_001_s001_2026-05-18_16-09-35-461,001,001,1,P002,wikiart_practice/practice_wikiart_002_untitled_abstract_composition_1964.jpg,308,22.397578,1779113397.860224,5.116667,-1400.0,-412.0,2940,1912,0.578473,0.82,0.0,0.0,pix
real_001_s001_2026-05-18_16-09-35-461,001,001,1,P002,wikiart_practice/practice_wikiart_002_untitled_abstract_composition_1964.jpg,309,22.414244,1779113397.876891,5.133333,-1400.0,-412.0,2940,1912,0.578473,0.82,0.0,0.0,pix
real_001_s001_2026-05-18_16-09-35-461,001,001,1,P002,wikiart_practice/practice_wikiart_002_untitled_abstract_composition_1964.jpg,310,22.430911,1779113397.893557,5.15,-1400.0,-412.0,2940,1912,0.578473,0.82,0.0,0.0,pix
real_001_s001_2026-05-18_16-09-35-461,001,001,1,P002,wikiart_practice/practice_wikiart_002_untitled_abstract_composition_1964.jpg,311,22.447578,1779113397.910224,5.166667,-1400.0,-412.0,2940,1912,0.578473,0.82,0.0,0.0,pix
real_001_s001_2026-05-18_16-09-35-461,001,001,1,P002,wikiart_practice/practice_wikiart_002_untitled_abstract_composition_1964.jpg,312,22.464244,1779113397.926891,5.183333,-1400.0,-412.0,2940,1912,0.578473,0.82,0.0,0.0,pix
real_001_s001_2026-05-18_16-09-35-461,001,001,1,P002,wikiart_practice/practice_wikiart_002_untitled_abstract_composition_1964.jpg,313,22.480911,1779113397.943557,5.2,-1400.0,-412.0,2940,1912,0.578473,0.82,0.0,0.0,pix
real_001_s001_2026-05-18_16-09-35-461,001,001,1,P002,wikiart_practice/practice_wikiart_002_untitled_abstract_composition_1964.jpg,314,22.497578,1779113397.960224,5.216667,-1400.0,-412.0,2940,1912,0.578473,0.82,0.0,0.0,pix
real_001_s001_2026-05-18_16-09-35-461,001,001,1,P002,wikiart_practice/practice_wikiart_002_untitled_abstract_composition_1964.jpg,315,22.514244,1779113397.976891,5.233333,-1400.0,-412.0,2940,1912,0.578473,0.82,0.0,0.0,pix
real_001_s001_2026-05-18_16-09-35-461,001,001,1,P002,wikiart_practice/practice_wikiart_002_untitled_abstract_composition_1964.jpg,316,22.530911,1779113397.993557,5.25,-1400.0,-412.0,2940,1912,0.578473,0.82,0.0,0.0,pix
real_001_s001_2026-05-18_16-09-35-461,001,001,1,P002,wikiart_practice/practice_wikiart_002_untitled_abstract_composition_1964.jpg,317,22.547578,1779113398.010224,5.266667,-1400.0,-412.0,2940,1912,0.578473,0.82,0.0,0.0,pix
real_001_s001_2026-05-18_16-09-35-461,001,001,1,P002,wikiart_practice/practice_wikiart_002_untitled_abstract_composition_1964.jpg,318,22.564244,1779113398.026891,5.283333,-1400.0,-412.0,2940,1912,0.578473,0.82,0.0,0.0,pix
real_001_s001_2026-05-18_16-09-35-461,001,001,1,P002,wikiart_practice/practice_wikiart_002_untitled_abstract_composition_1964.jpg,319,22.580911,1779113398.043557,5.3,-1400.0,-412.0,2940,1912,0.578473,0.82,0.0,0.0,pix
real_001_s001_2026-05-18_16-09-35-461,001,001,1,P002,wikiart_practice/practice_wikiart_002_untitled_abstract_composition_1964.jpg,320,22.597578,1779113398.060224,5.316667,-1400.0,-412.0,2940,1912,0.578473,0.82,0.0,0.0,pix
real_001_s001_2026-05-18_16-09-35-461,001,001,1,P002,wikiart_practice/practice_wikiart_002_untitled_abstract_composition_1964.jpg,321,22.614244,1779113398.07689,5.333333,-1400.0,-412.0,2940,1912,0.578473,0.82,0.0,0.0,pix
real_001_s001_2026-05-18_16-09-35-461,001,001,1,P002,wikiart_practice/practice_wikiart_002_untitled_abstract_composition_1964.jpg,322,22.630911,1779113398.093557,5.35,-1400.0,-412.0,2940,1912,0.578473,0.82,0.0,0.0,pix
real_001_s001_2026-05-18_16-09-35-461,001,001,1,P002,wikiart_practice/practice_wikiart_002_untitled_abstract_composition_1964.jpg,323,22.647578,1779113398.110224,5.366667,-1400.0,-412.0,2940,1912,0.578473,0.82,0.0,0.0,pix
real_001_s001_2026-05-18_16-09-35-461,001,001,1,P002,wikiart_practice/practice_wikiart_002_untitled_abstract_composition_1964.jpg,324,22.664244,1779113398.126891,5.383333,-1400.0,-412.0,2940,1912,0.578473,0.82,0.0,0.0,pix
real_001_s001_2026-05-18_16-09-35-461,001,001,1,P002,wikiart_practice/practice_wikiart_002_untitled_abstract_composition_1964.jpg,325,22.680911,1779113398.143557,5.4,-1400.0,-412.0,2940,1912,0.578473,0.82,0.0,0.0,pix
real_001_s001_2026-05-18_16-09-35-461,001,001,1,P002,wikiart_practice/practice_wikiart_002_untitled_abstract_composition_1964.jpg,326,22.697578,1779113398.160224,5.416667,-1400.0,-412.0,2940,1912,0.578473,0.82,0.0,0.0,pix
real_001_s001_2026-05-18_16-09-35-461,001,001,1,P002,wikiart_practice/practice_wikiart_002_untitled_abstract_composition_1964.jpg,327,22.714244,1779113398.176891,5.433333,-1400.0,-412.0,2940,1912,0.578473,0.82,0.0,0.0,pix
real_001_s001_2026-05-18_16-09-35-461,001,001,1,P002,wikiart_practice/practice_wikiart_002_untitled_abstract_composition_1964.jpg,328,22.730911,1779113398.193557,5.45,-1400.0,-412.0,2940,1912,0.578473,0.82,0.0,0.0,pix
real_001_s001_2026-05-18_16-09-35-461,001,001,1,P002,wikiart_practice/practice_wikiart_002_untitled_abstract_composition_1964.jpg,329,22.747578,1779113398.210224,5.466667,-1400.0,-412.0,2940,1912,0.578473,0.82,0.0,0.0,pix
real_001_s001_2026-05-18_16-09-35-461,001,001,1,P002,wikiart_practice/practice_wikiart_002_untitled_abstract_composition_1964.jpg,330,22.764244,1779113398.226891,5.483333,-1400.0,-412.0,2940,1912,0.578473,0.82,0.0,0.0,pix
real_001_s001_2026-05-18_16-09-35-461,001,001,1,P002,wikiart_practice/practice_wikiart_002_untitled_abstract_composition_1964.jpg,331,22.780911,1779113398.243557,5.5,-1400.0,-412.0,2940,1912,0.578473,0.82,0.0,0.0,pix
real_001_s001_2026-05-18_16-09-35-461,001,001,1,P002,wikiart_practice/practice_wikiart_002_untitled_abstract_composition_1964.jpg,332,22.797578,1779113398.260224,5.516667,-1400.0,-412.0,2940,1912,0.578473,0.82,0.0,0.0,pix
real_001_s001_2026-05-18_16-09-35-461,001,001,1,P002,wikiart_practice/practice_wikiart_002_untitled_abstract_composition_1964.jpg,333,22.814244,1779113398.276891,5.533333,-1400.0,-412.0,2940,1912,0.578473,0.82,0.0,0.0,pix
real_001_s001_2026-05-18_16-09-35-461,001,001,1,P002,wikiart_practice/practice_wikiart_002_untitled_abstract_composition_1964.jpg,334,22.830911,1779113398.293557,5.55,-1400.0,-412.0,2940,1912,0.578473,0.82,0.0,0.0,pix
real_001_s001_2026-05-18_16-09-35-461,001,001,1,P002,wikiart_practice/practice_wikiart_002_untitled_abstract_composition_1964.jpg,335,22.847578,1779113398.310224,5.566667,-1400.0,-412.0,2940,1912,0.578473,0.82,0.0,0.0,pix
real_001_s001_2026-05-18_16-09-35-461,001,001,1,P002,wikiart_practice/practice_wikiart_002_untitled_abstract_composition_1964.jpg,336,22.864244,1779113398.32689,5.583333,-1400.0,-412.0,2940,1912,0.578473,0.82,0.0,0.0,pix
real_001_s001_2026-05-18_16-09-35-461,001,001,1,P002,wikiart_practice/practice_wikiart_002_untitled_abstract_composition_1964.jpg,337,22.880911,1779113398.343557,5.6,-1400.0,-412.0,2940,1912,0.578473,0.82,0.0,0.0,pix
real_001_s001_2026-05-18_16-09-35-461,001,001,1,P002,wikiart_practice/practice_wikiart_002_untitled_abstract_composition_1964.jpg,338,22.897578,1779113398.360224,5.616667,-1400.0,-412.0,2940,1912,0.578473,0.82,0.0,0.0,pix
real_001_s001_2026-05-18_16-09-35-461,001,001,1,P002,wikiart_practice/practice_wikiart_002_untitled_abstract_composition_1964.jpg,339,22.914244,1779113398.376891,5.633333,-1400.0,-412.0,2940,1912,0.578473,0.82,0.0,0.0,pix
real_001_s001_2026-05-18_16-09-35-461,001,001,1,P002,wikiart_practice/practice_wikiart_002_untitled_abstract_composition_1964.jpg,340,22.930911,1779113398.393557,5.65,-1400.0,-412.0,2940,1912,0.578473,0.82,0.0,0.0,pix
real_001_s001_2026-05-18_16-09-35-461,001,001,1,P002,wikiart_practice/practice_wikiart_002_untitled_abstract_composition_1964.jpg,341,22.947578,1779113398.410224,5.666667,-1400.0,-412.0,2940,1912,0.578473,0.82,0.0,0.0,pix
real_001_s001_2026-05-18_16-09-35-461,001,001,1,P002,wikiart_practice/practice_wikiart_002_untitled_abstract_composition_1964.jpg,342,22.964244,1779113398.426891,5.683333,-1400.0,-412.0,2940,1912,0.578473,0.82,0.0,0.0,pix
real_001_s001_2026-05-18_16-09-35-461,001,001,1,P002,wikiart_practice/practice_wikiart_002_untitled_abstract_composition_1964.jpg,343,22.980911,1779113398.443557,5.7,-1400.0,-412.0,2940,1912,0.578473,0.82,0.0,0.0,pix
real_001_s001_2026-05-18_16-09-35-461,001,001,1,P002,wikiart_practice/practice_wikiart_002_untitled_abstract_composition_1964.jpg,344,22.997578,1779113398.460224,5.716667,-1400.0,-412.0,2940,1912,0.578473,0.82,0.0,0.0,pix
real_001_s001_2026-05-18_16-09-35-461,001,001,1,P002,wikiart_practice/practice_wikiart_002_untitled_abstract_composition_1964.jpg,345,23.014244,1779113398.476891,5.733333,-1400.0,-412.0,2940,1912,0.578473,0.82,0.0,0.0,pix
real_001_s001_2026-05-18_16-09-35-461,001,001,1,P002,wikiart_practice/practice_wikiart_002_untitled_abstract_composition_1964.jpg,346,23.030911,1779113398.493557,5.75,-1400.0,-412.0,2940,1912,0.578473,0.82,0.0,0.0,pix
real_001_s001_2026-05-18_16-09-35-461,001,001,1,P002,wikiart_practice/practice_wikiart_002_untitled_abstract_composition_1964.jpg,347,23.047578,1779113398.510224,5.766667,-1400.0,-412.0,2940,1912,0.578473,0.82,0.0,0.0,pix
real_001_s001_2026-05-18_16-09-35-461,001,001,1,P002,wikiart_practice/practice_wikiart_002_untitled_abstract_composition_1964.jpg,348,23.064244,1779113398.526891,5.783333,-1400.0,-412.0,2940,1912,0.578473,0.82,0.0,0.0,pix
real_001_s001_2026-05-18_16-09-35-461,001,001,1,P002,wikiart_practice/practice_wikiart_002_untitled_abstract_composition_1964.jpg,349,23.080911,1779113398.543557,5.8,-1400.0,-412.0,2940,1912,0.578473,0.82,0.0,0.0,pix
real_001_s001_2026-05-18_16-09-35-461,001,001,1,P002,wikiart_practice/practice_wikiart_002_untitled_abstract_composition_1964.jpg,350,23.097578,1779113398.560224,5.816667,-1400.0,-412.0,2940,1912,0.578473,0.82,0.0,0.0,pix
real_001_s001_2026-05-18_16-09-35-461,001,001,1,P002,wikiart_practice/practice_wikiart_002_untitled_abstract_composition_1964.jpg,351,23.114244,1779113398.57689,5.833333,-1400.0,-412.0,2940,1912,0.578473,0.82,0.0,0.0,pix
real_001_s001_2026-05-18_16-09-35-461,001,001,1,P002,wikiart_practice/practice_wikiart_002_untitled_abstract_composition_1964.jpg,352,23.130911,1779113398.593557,5.85,-1400.0,-412.0,2940,1912,0.578473,0.82,0.0,0.0,pix
real_001_s001_2026-05-18_16-09-35-461,001,001,1,P002,wikiart_practice/practice_wikiart_002_untitled_abstract_composition_1964.jpg,353,23.147578,1779113398.610224,5.866667,-1400.0,-412.0,2940,1912,0.578473,0.82,0.0,0.0,pix
real_001_s001_2026-05-18_16-09-35-461,001,001,1,P002,wikiart_practice/practice_wikiart_002_untitled_abstract_composition_1964.jpg,354,23.164244,1779113398.626891,5.883333,-1400.0,-412.0,2940,1912,0.578473,0.82,0.0,0.0,pix
real_001_s001_2026-05-18_16-09-35-461,001,001,1,P002,wikiart_practice/practice_wikiart_002_untitled_abstract_composition_1964.jpg,355,23.180911,1779113398.643557,5.9,-1400.0,-412.0,2940,1912,0.578473,0.82,0.0,0.0,pix
real_001_s001_2026-05-18_16-09-35-461,001,001,1,P002,wikiart_practice/practice_wikiart_002_untitled_abstract_composition_1964.jpg,356,23.197578,1779113398.660224,5.916667,-1400.0,-412.0,2940,1912,0.578473,0.82,0.0,0.0,pix
real_001_s001_2026-05-18_16-09-35-461,001,001,1,P002,wikiart_practice/practice_wikiart_002_untitled_abstract_composition_1964.jpg,357,23.214244,1779113398.676891,5.933333,-1400.0,-412.0,2940,1912,0.578473,0.82,0.0,0.0,pix
real_001_s001_2026-05-18_16-09-35-461,001,001,1,P002,wikiart_practice/practice_wikiart_002_untitled_abstract_composition_1964.jpg,358,23.230911,1779113398.693557,5.95,-1400.0,-412.0,2940,1912,0.578473,0.82,0.0,0.0,pix
real_001_s001_2026-05-18_16-09-35-461,001,001,1,P002,wikiart_practice/practice_wikiart_002_untitled_abstract_composition_1964.jpg,359,23.247578,1779113398.710224,5.966667,-1400.0,-412.0,2940,1912,0.578473,0.82,0.0,0.0,pix
real_001_s001_2026-05-18_16-09-35-461,001,001,1,P002,wikiart_practice/practice_wikiart_002_untitled_abstract_composition_1964.jpg,360,23.264244,1779113398.726891,5.983333,-1400.0,-412.0,2940,1912,0.578473,0.82,0.0,0.0,pix
real_001_s001_2026-05-18_16-09-35-461,001,001,1,P002,wikiart_practice/practice_wikiart_002_untitled_abstract_composition_1964.jpg,361,23.280911,1779113398.743557,6.0,-1400.0,-412.0,2940,1912,0.578473,0.82,0.0,0.0,pix
real_001_s001_2026-05-18_16-09-35-461,001,001,1,P002,wikiart_practice/practice_wikiart_002_untitled_abstract_composition_1964.jpg,362,23.297578,1779113398.760224,6.016667,-1400.0,-412.0,2940,1912,0.578473,0.82,0.0,0.0,pix
real_001_s001_2026-05-18_16-09-35-461,001,001,1,P002,wikiart_practice/practice_wikiart_002_untitled_abstract_composition_1964.jpg,363,23.314244,1779113398.776891,6.033333,-1400.0,-412.0,2940,1912,0.578473,0.82,0.0,0.0,pix
real_001_s001_2026-05-18_16-09-35-461,001,001,1,P002,wikiart_practice/practice_wikiart_002_untitled_abstract_composition_1964.jpg,364,23.330911,1779113398.793557,6.05,-1400.0,-412.0,2940,1912,0.578473,0.82,0.0,0.0,pix
real_001_s001_2026-05-18_16-09-35-461,001,001,1,P002,wikiart_practice/practice_wikiart_002_untitled_abstract_composition_1964.jpg,365,23.347578,1779113398.810224,6.066667,-1400.0,-412.0,2940,1912,0.578473,0.82,0.0,0.0,pix
real_001_s001_2026-05-18_16-09-35-461,001,001,1,P002,wikiart_practice/practice_wikiart_002_untitled_abstract_composition_1964.jpg,366,23.364244,1779113398.82689,6.083333,-1400.0,-412.0,2940,1912,0.578473,0.82,0.0,0.0,pix
real_001_s001_2026-05-18_16-09-35-461,001,001,1,P002,wikiart_practice/practice_wikiart_002_untitled_abstract_composition_1964.jpg,367,23.380911,1779113398.843557,6.1,-1400.0,-412.0,2940,1912,0.578473,0.82,0.0,0.0,pix
real_001_s001_2026-05-18_16-09-35-461,001,001,1,P002,wikiart_practice/practice_wikiart_002_untitled_abstract_composition_1964.jpg,368,23.397578,1779113398.860224,6.116667,-1400.0,-412.0,2940,1912,0.578473,0.82,0.0,0.0,pix
real_001_s001_2026-05-18_16-09-35-461,001,001,1,P002,wikiart_practice/practice_wikiart_002_untitled_abstract_composition_1964.jpg,369,23.414244,1779113398.876891,6.133333,-1400.0,-412.0,2940,1912,0.578473,0.82,0.0,0.0,pix
real_001_s001_2026-05-18_16-09-35-461,001,001,1,P002,wikiart_practice/practice_wikiart_002_untitled_abstract_composition_1964.jpg,370,23.430911,1779113398.893557,6.15,-1400.0,-412.0,2940,1912,0.578473,0.82,0.0,0.0,pix
real_001_s001_2026-05-18_16-09-35-461,001,001,1,P002,wikiart_practice/practice_wikiart_002_untitled_abstract_composition_1964.jpg,371,23.447578,1779113398.910224,6.166667,-1400.0,-412.0,2940,1912,0.578473,0.82,0.0,0.0,pix
real_001_s001_2026-05-18_16-09-35-461,001,001,1,P002,wikiart_practice/practice_wikiart_002_untitled_abstract_composition_1964.jpg,372,23.464244,1779113398.926891,6.183333,-1400.0,-412.0,2940,1912,0.578473,0.82,0.0,0.0,pix
real_001_s001_2026-05-18_16-09-35-461,001,001,1,P002,wikiart_practice/practice_wikiart_002_untitled_abstract_composition_1964.jpg,373,23.480911,1779113398.943557,6.2,-1400.0,-412.0,2940,1912,0.578473,0.82,0.0,0.0,pix
real_001_s001_2026-05-18_16-09-35-461,001,001,1,P002,wikiart_practice/practice_wikiart_002_untitled_abstract_composition_1964.jpg,374,23.497578,1779113398.960224,6.216667,-1400.0,-412.0,2940,1912,0.578473,0.82,0.0,0.0,pix
real_001_s001_2026-05-18_16-09-35-461,001,001,1,P002,wikiart_practice/practice_wikiart_002_untitled_abstract_composition_1964.jpg,375,23.514244,1779113398.976891,6.233333,-1400.0,-412.0,2940,1912,0.578473,0.82,0.0,0.0,pix
real_001_s001_2026-05-18_16-09-35-461,001,001,1,P002,wikiart_practice/practice_wikiart_002_untitled_abstract_composition_1964.jpg,376,23.530911,1779113398.993557,6.25,-1400.0,-412.0,2940,1912,0.578473,0.82,0.0,0.0,pix
real_001_s001_2026-05-18_16-09-35-461,001,001,1,P002,wikiart_practice/practice_wikiart_002_untitled_abstract_composition_1964.jpg,377,23.547578,1779113399.010224,6.266667,-1400.0,-412.0,2940,1912,0.578473,0.82,0.0,0.0,pix
real_001_s001_2026-05-18_16-09-35-461,001,001,1,P002,wikiart_practice/practice_wikiart_002_untitled_abstract_composition_1964.jpg,378,23.564244,1779113399.026891,6.283333,-1400.0,-412.0,2940,1912,0.578473,0.82,0.0,0.0,pix
real_001_s001_2026-05-18_16-09-35-461,001,001,1,P002,wikiart_practice/practice_wikiart_002_untitled_abstract_composition_1964.jpg,379,23.580911,1779113399.043557,6.3,-1400.0,-412.0,2940,1912,0.578473,0.82,0.0,0.0,pix
real_001_s001_2026-05-18_16-09-35-461,001,001,1,P002,wikiart_practice/practice_wikiart_002_untitled_abstract_composition_1964.jpg,380,23.597578,1779113399.060224,6.316667,-1400.0,-412.0,2940,1912,0.578473,0.82,0.0,0.0,pix
real_001_s001_2026-05-18_16-09-35-461,001,001,1,P002,wikiart_practice/practice_wikiart_002_untitled_abstract_composition_1964.jpg,381,23.614244,1779113399.07689,6.333333,-1400.0,-412.0,2940,1912,0.578473,0.82,0.0,0.0,pix
real_001_s001_2026-05-18_16-09-35-461,001,001,1,P002,wikiart_practice/practice_wikiart_002_untitled_abstract_composition_1964.jpg,382,23.630911,1779113399.093557,6.35,-1400.0,-412.0,2940,1912,0.578473,0.82,0.0,0.0,pix
real_001_s001_2026-05-18_16-09-35-461,001,001,1,P002,wikiart_practice/practice_wikiart_002_untitled_abstract_composition_1964.jpg,383,23.647578,1779113399.110224,6.366667,-1400.0,-412.0,2940,1912,0.578473,0.82,0.0,0.0,pix
real_001_s001_2026-05-18_16-09-35-461,001,001,1,P002,wikiart_practice/practice_wikiart_002_untitled_abstract_composition_1964.jpg,384,23.664244,1779113399.126891,6.383333,-1400.0,-412.0,2940,1912,0.578473,0.82,0.0,0.0,pix
real_001_s001_2026-05-18_16-09-35-461,001,001,1,P002,wikiart_practice/practice_wikiart_002_untitled_abstract_composition_1964.jpg,385,23.680911,1779113399.143557,6.4,-1400.0,-412.0,2940,1912,0.578473,0.82,0.0,0.0,pix
real_001_s001_2026-05-18_16-09-35-461,001,001,1,P002,wikiart_practice/practice_wikiart_002_untitled_abstract_composition_1964.jpg,386,23.697578,1779113399.160224,6.416667,-1400.0,-412.0,2940,1912,0.578473,0.82,0.0,0.0,pix
real_001_s001_2026-05-18_16-09-35-461,001,001,1,P002,wikiart_practice/practice_wikiart_002_untitled_abstract_composition_1964.jpg,387,23.714244,1779113399.176891,6.433333,-1400.0,-412.0,2940,1912,0.578473,0.82,0.0,0.0,pix
real_001_s001_2026-05-18_16-09-35-461,001,001,1,P002,wikiart_practice/practice_wikiart_002_untitled_abstract_composition_1964.jpg,388,23.730911,1779113399.193557,6.45,-1400.0,-412.0,2940,1912,0.578473,0.82,0.0,0.0,pix
real_001_s001_2026-05-18_16-09-35-461,001,001,1,P002,wikiart_practice/practice_wikiart_002_untitled_abstract_composition_1964.jpg,389,23.747578,1779113399.210224,6.466667,-1400.0,-412.0,2940,1912,0.578473,0.82,0.0,0.0,pix
real_001_s001_2026-05-18_16-09-35-461,001,001,1,P002,wikiart_practice/practice_wikiart_002_untitled_abstract_composition_1964.jpg,390,23.764244,1779113399.226891,6.483333,-1400.0,-412.0,2940,1912,0.578473,0.82,0.0,0.0,pix
real_001_s001_2026-05-18_16-09-35-461,001,001,1,P002,wikiart_practice/practice_wikiart_002_untitled_abstract_composition_1964.jpg,391,23.780911,1779113399.243557,6.5,-1400.0,-412.0,2940,1912,0.578473,0.82,0.0,0.0,pix
real_001_s001_2026-05-18_16-09-35-461,001,001,1,P002,wikiart_practice/practice_wikiart_002_untitled_abstract_composition_1964.jpg,392,23.797578,1779113399.260224,6.516667,-1400.0,-412.0,2940,1912,0.578473,0.82,0.0,0.0,pix
real_001_s001_2026-05-18_16-09-35-461,001,001,1,P002,wikiart_practice/practice_wikiart_002_untitled_abstract_composition_1964.jpg,393,23.814244,1779113399.276891,6.533333,-1400.0,-412.0,2940,1912,0.578473,0.82,0.0,0.0,pix
real_001_s001_2026-05-18_16-09-35-461,001,001,1,P002,wikiart_practice/practice_wikiart_002_untitled_abstract_composition_1964.jpg,394,23.830911,1779113399.293557,6.55,-1400.0,-412.0,2940,1912,0.578473,0.82,0.0,0.0,pix
real_001_s001_2026-05-18_16-09-35-461,001,001,1,P002,wikiart_practice/practice_wikiart_002_untitled_abstract_composition_1964.jpg,395,23.847578,1779113399.310224,6.566667,-1400.0,-412.0,2940,1912,0.578473,0.82,0.0,0.0,pix
real_001_s001_2026-05-18_16-09-35-461,001,001,1,P002,wikiart_practice/practice_wikiart_002_untitled_abstract_composition_1964.jpg,396,23.864244,1779113399.32689,6.583333,-1400.0,-412.0,2940,1912,0.578473,0.82,0.0,0.0,pix
real_001_s001_2026-05-18_16-09-35-461,001,001,1,P002,wikiart_practice/practice_wikiart_002_untitled_abstract_composition_1964.jpg,397,23.880911,1779113399.343557,6.6,-1400.0,-412.0,2940,1912,0.578473,0.82,0.0,0.0,pix
real_001_s001_2026-05-18_16-09-35-461,001,001,1,P002,wikiart_practice/practice_wikiart_002_untitled_abstract_composition_1964.jpg,398,23.897578,1779113399.360224,6.616667,-1400.0,-412.0,2940,1912,0.578473,0.82,0.0,0.0,pix
real_001_s001_2026-05-18_16-09-35-461,001,001,1,P002,wikiart_practice/practice_wikiart_002_untitled_abstract_composition_1964.jpg,399,23.914244,1779113399.376891,6.633333,-1400.0,-412.0,2940,1912,0.578473,0.82,0.0,0.0,pix
real_001_s001_2026-05-18_16-09-35-461,001,001,1,P002,wikiart_practice/practice_wikiart_002_untitled_abstract_composition_1964.jpg,400,23.930911,1779113399.393557,6.65,-1400.0,-412.0,2940,1912,0.578473,0.82,0.0,0.0,pix
real_001_s001_2026-05-18_16-09-35-461,001,001,1,P002,wikiart_practice/practice_wikiart_002_untitled_abstract_composition_1964.jpg,401,23.947578,1779113399.410224,6.666667,-1400.0,-412.0,2940,1912,0.578473,0.82,0.0,0.0,pix
real_001_s001_2026-05-18_16-09-35-461,001,001,1,P002,wikiart_practice/practice_wikiart_002_untitled_abstract_composition_1964.jpg,402,23.964244,1779113399.426891,6.683333,-1400.0,-412.0,2940,1912,0.578473,0.82,0.0,0.0,pix
real_001_s001_2026-05-18_16-09-35-461,001,001,1,P002,wikiart_practice/practice_wikiart_002_untitled_abstract_composition_1964.jpg,403,23.980911,1779113399.443557,6.7,-1400.0,-412.0,2940,1912,0.578473,0.82,0.0,0.0,pix
real_001_s001_2026-05-18_16-09-35-461,001,001,1,P002,wikiart_practice/practice_wikiart_002_untitled_abstract_composition_1964.jpg,404,23.997578,1779113399.460224,6.716667,-1400.0,-412.0,2940,1912,0.578473,0.82,0.0,0.0,pix
real_001_s001_2026-05-18_16-09-35-461,001,001,1,P002,wikiart_practice/practice_wikiart_002_untitled_abstract_composition_1964.jpg,405,24.014244,1779113399.476891,6.733333,-1400.0,-412.0,2940,1912,0.578473,0.82,0.0,0.0,pix
real_001_s001_2026-05-18_16-09-35-461,001,001,1,P002,wikiart_practice/practice_wikiart_002_untitled_abstract_composition_1964.jpg,406,24.030911,1779113399.493557,6.75,-1400.0,-412.0,2940,1912,0.578473,0.82,0.0,0.0,pix
real_001_s001_2026-05-18_16-09-35-461,001,001,1,P002,wikiart_practice/practice_wikiart_002_untitled_abstract_composition_1964.jpg,407,24.047578,1779113399.510224,6.766667,-1400.0,-412.0,2940,1912,0.578473,0.82,0.0,0.0,pix
real_001_s001_2026-05-18_16-09-35-461,001,001,1,P002,wikiart_practice/practice_wikiart_002_untitled_abstract_composition_1964.jpg,408,24.064244,1779113399.526891,6.783333,-1400.0,-412.0,2940,1912,0.578473,0.82,0.0,0.0,pix
real_001_s001_2026-05-18_16-09-35-461,001,001,1,P002,wikiart_practice/practice_wikiart_002_untitled_abstract_composition_1964.jpg,409,24.080911,1779113399.543557,6.8,-1400.0,-412.0,2940,1912,0.578473,0.82,0.0,0.0,pix
real_001_s001_2026-05-18_16-09-35-461,001,001,1,P002,wikiart_practice/practice_wikiart_002_untitled_abstract_composition_1964.jpg,410,24.097578,1779113399.560224,6.816667,-1400.0,-412.0,2940,1912,0.578473,0.82,0.0,0.0,pix
real_001_s001_2026-05-18_16-09-35-461,001,001,1,P002,wikiart_practice/practice_wikiart_002_untitled_abstract_composition_1964.jpg,411,24.114244,1779113399.57689,6.833333,-1400.0,-412.0,2940,1912,0.578473,0.82,0.0,0.0,pix
real_001_s001_2026-05-18_16-09-35-461,001,001,1,P002,wikiart_practice/practice_wikiart_002_untitled_abstract_composition_1964.jpg,412,24.130911,1779113399.593557,6.85,-1400.0,-412.0,2940,1912,0.578473,0.82,0.0,0.0,pix
real_001_s001_2026-05-18_16-09-35-461,001,001,1,P002,wikiart_practice/practice_wikiart_002_untitled_abstract_composition_1964.jpg,413,24.147578,1779113399.610224,6.866667,-1400.0,-412.0,2940,1912,0.578473,0.82,0.0,0.0,pix
real_001_s001_2026-05-18_16-09-35-461,001,001,1,P002,wikiart_practice/practice_wikiart_002_untitled_abstract_composition_1964.jpg,414,24.164244,1779113399.626891,6.883333,-1400.0,-412.0,2940,1912,0.578473,0.82,0.0,0.0,pix
real_001_s001_2026-05-18_16-09-35-461,001,001,1,P002,wikiart_practice/practice_wikiart_002_untitled_abstract_composition_1964.jpg,415,24.180911,1779113399.643557,6.9,-1400.0,-412.0,2940,1912,0.578473,0.82,0.0,0.0,pix
real_001_s001_2026-05-18_16-09-35-461,001,001,1,P002,wikiart_practice/practice_wikiart_002_untitled_abstract_composition_1964.jpg,416,24.197578,1779113399.660224,6.916667,-1400.0,-412.0,2940,1912,0.578473,0.82,0.0,0.0,pix
real_001_s001_2026-05-18_16-09-35-461,001,001,1,P002,wikiart_practice/practice_wikiart_002_untitled_abstract_composition_1964.jpg,417,24.214244,1779113399.676891,6.933333,-1400.0,-412.0,2940,1912,0.578473,0.82,0.0,0.0,pix
real_001_s001_2026-05-18_16-09-35-461,001,001,1,P002,wikiart_practice/practice_wikiart_002_untitled_abstract_composition_1964.jpg,418,24.230911,1779113399.693557,6.95,-1400.0,-412.0,2940,1912,0.578473,0.82,0.0,0.0,pix
real_001_s001_2026-05-18_16-09-35-461,001,001,1,P002,wikiart_practice/practice_wikiart_002_untitled_abstract_composition_1964.jpg,419,24.247578,1779113399.710224,6.966667,-1400.0,-412.0,2940,1912,0.578473,0.82,0.0,0.0,pix
real_001_s001_2026-05-18_16-09-35-461,001,001,1,P002,wikiart_practice/practice_wikiart_002_untitled_abstract_composition_1964.jpg,420,24.264244,1779113399.726891,6.983333,-1400.0,-412.0,2940,1912,0.578473,0.82,0.0,0.0,pix
real_001_s001_2026-05-18_16-09-35-461,001,001,1,P002,wikiart_practice/practice_wikiart_002_untitled_abstract_composition_1964.jpg,421,24.280911,1779113399.743557,7.0,-1400.0,-412.0,2940,1912,0.578473,0.82,0.0,0.0,pix
real_001_s001_2026-05-18_16-09-35-461,001,001,1,P002,wikiart_practice/practice_wikiart_002_untitled_abstract_composition_1964.jpg,422,24.297578,1779113399.760224,7.016667,-1400.0,-412.0,2940,1912,0.578473,0.82,0.0,0.0,pix
real_001_s001_2026-05-18_16-09-35-461,001,001,1,P002,wikiart_practice/practice_wikiart_002_untitled_abstract_composition_1964.jpg,423,24.314244,1779113399.776891,7.033333,-1400.0,-412.0,2940,1912,0.578473,0.82,0.0,0.0,pix
real_001_s001_2026-05-18_16-09-35-461,001,001,1,P002,wikiart_practice/practice_wikiart_002_untitled_abstract_composition_1964.jpg,424,24.330911,1779113399.793557,7.05,-1400.0,-412.0,2940,1912,0.578473,0.82,0.0,0.0,pix
real_001_s001_2026-05-18_16-09-35-461,001,001,1,P002,wikiart_practice/practice_wikiart_002_untitled_abstract_composition_1964.jpg,425,24.347578,1779113399.810224,7.066667,-1400.0,-412.0,2940,1912,0.578473,0.82,0.0,0.0,pix
real_001_s001_2026-05-18_16-09-35-461,001,001,1,P002,wikiart_practice/practice_wikiart_002_untitled_abstract_composition_1964.jpg,426,24.364244,1779113399.82689,7.083333,-1400.0,-412.0,2940,1912,0.578473,0.82,0.0,0.0,pix
real_001_s001_2026-05-18_16-09-35-461,001,001,1,P002,wikiart_practice/practice_wikiart_002_untitled_abstract_composition_1964.jpg,427,24.380911,1779113399.843557,7.1,-1400.0,-412.0,2940,1912,0.578473,0.82,0.0,0.0,pix
real_001_s001_2026-05-18_16-09-35-461,001,001,1,P002,wikiart_practice/practice_wikiart_002_untitled_abstract_composition_1964.jpg,428,24.397578,1779113399.860224,7.116667,-1400.0,-412.0,2940,1912,0.578473,0.82,0.0,0.0,pix
real_001_s001_2026-05-18_16-09-35-461,001,001,1,P002,wikiart_practice/practice_wikiart_002_untitled_abstract_composition_1964.jpg,429,24.414244,1779113399.876891,7.133333,-1400.0,-412.0,2940,1912,0.578473,0.82,0.0,0.0,pix
real_001_s001_2026-05-18_16-09-35-461,001,001,1,P002,wikiart_practice/practice_wikiart_002_untitled_abstract_composition_1964.jpg,430,24.430911,1779113399.893557,7.15,-1400.0,-412.0,2940,1912,0.578473,0.82,0.0,0.0,pix
real_001_s001_2026-05-18_16-09-35-461,001,001,1,P002,wikiart_practice/practice_wikiart_002_untitled_abstract_composition_1964.jpg,431,24.447578,1779113399.910224,7.166667,-1400.0,-412.0,2940,1912,0.578473,0.82,0.0,0.0,pix
real_001_s001_2026-05-18_16-09-35-461,001,001,1,P002,wikiart_practice/practice_wikiart_002_untitled_abstract_composition_1964.jpg,432,24.464244,1779113399.926891,7.183333,-1400.0,-412.0,2940,1912,0.578473,0.82,0.0,0.0,pix
real_001_s001_2026-05-18_16-09-35-461,001,001,1,P002,wikiart_practice/practice_wikiart_002_untitled_abstract_composition_1964.jpg,433,24.480911,1779113399.943557,7.2,-1400.0,-412.0,2940,1912,0.578473,0.82,0.0,0.0,pix
real_001_s001_2026-05-18_16-09-35-461,001,001,1,P002,wikiart_practice/practice_wikiart_002_untitled_abstract_composition_1964.jpg,434,24.497578,1779113399.960224,7.216667,-1400.0,-412.0,2940,1912,0.578473,0.82,0.0,0.0,pix
real_001_s001_2026-05-18_16-09-35-461,001,001,1,P002,wikiart_practice/practice_wikiart_002_untitled_abstract_composition_1964.jpg,435,24.514244,1779113399.976891,7.233333,-1400.0,-412.0,2940,1912,0.578473,0.82,0.0,0.0,pix
real_001_s001_2026-05-18_16-09-35-461,001,001,1,P002,wikiart_practice/practice_wikiart_002_untitled_abstract_composition_1964.jpg,436,24.530911,1779113399.993557,7.25,-1400.0,-412.0,2940,1912,0.578473,0.82,0.0,0.0,pix
real_001_s001_2026-05-18_16-09-35-461,001,001,1,P002,wikiart_practice/practice_wikiart_002_untitled_abstract_composition_1964.jpg,437,24.547578,1779113400.010224,7.266667,-1400.0,-412.0,2940,1912,0.578473,0.82,0.0,0.0,pix
real_001_s001_2026-05-18_16-09-35-461,001,001,1,P002,wikiart_practice/practice_wikiart_002_untitled_abstract_composition_1964.jpg,438,24.564244,1779113400.026891,7.283333,-1400.0,-412.0,2940,1912,0.578473,0.82,0.0,0.0,pix
real_001_s001_2026-05-18_16-09-35-461,001,001,1,P002,wikiart_practice/practice_wikiart_002_untitled_abstract_composition_1964.jpg,439,24.580911,1779113400.043557,7.3,-1400.0,-412.0,2940,1912,0.578473,0.82,0.0,0.0,pix
real_001_s001_2026-05-18_16-09-35-461,001,001,1,P002,wikiart_practice/practice_wikiart_002_untitled_abstract_composition_1964.jpg,440,24.597578,1779113400.060224,7.316667,-1400.0,-412.0,2940,1912,0.578473,0.82,0.0,0.0,pix
real_001_s001_2026-05-18_16-09-35-461,001,001,1,P002,wikiart_practice/practice_wikiart_002_untitled_abstract_composition_1964.jpg,441,24.614244,1779113400.07689,7.333333,-1400.0,-412.0,2940,1912,0.578473,0.82,0.0,0.0,pix
real_001_s001_2026-05-18_16-09-35-461,001,001,1,P002,wikiart_practice/practice_wikiart_002_untitled_abstract_composition_1964.jpg,442,24.630911,1779113400.093557,7.35,-1400.0,-412.0,2940,1912,0.578473,0.82,0.0,0.0,pix
real_001_s001_2026-05-18_16-09-35-461,001,001,1,P002,wikiart_practice/practice_wikiart_002_untitled_abstract_composition_1964.jpg,443,24.647578,1779113400.110224,7.366667,-1400.0,-412.0,2940,1912,0.578473,0.82,0.0,0.0,pix
real_001_s001_2026-05-18_16-09-35-461,001,001,1,P002,wikiart_practice/practice_wikiart_002_untitled_abstract_composition_1964.jpg,444,24.664244,1779113400.126891,7.383333,-1400.0,-412.0,2940,1912,0.578473,0.82,0.0,0.0,pix
real_001_s001_2026-05-18_16-09-35-461,001,001,1,P002,wikiart_practice/practice_wikiart_002_untitled_abstract_composition_1964.jpg,445,24.680911,1779113400.143557,7.4,-1400.0,-412.0,2940,1912,0.578473,0.82,0.0,0.0,pix
real_001_s001_2026-05-18_16-09-35-461,001,001,1,P002,wikiart_practice/practice_wikiart_002_untitled_abstract_composition_1964.jpg,446,24.697578,1779113400.160224,7.416667,-1400.0,-412.0,2940,1912,0.578473,0.82,0.0,0.0,pix
real_001_s001_2026-05-18_16-09-35-461,001,001,1,P002,wikiart_practice/practice_wikiart_002_untitled_abstract_composition_1964.jpg,447,24.714244,1779113400.176891,7.433333,-1400.0,-412.0,2940,1912,0.578473,0.82,0.0,0.0,pix
real_001_s001_2026-05-18_16-09-35-461,001,001,1,P002,wikiart_practice/practice_wikiart_002_untitled_abstract_composition_1964.jpg,448,24.730911,1779113400.193557,7.45,-1400.0,-412.0,2940,1912,0.578473,0.82,0.0,0.0,pix
real_001_s001_2026-05-18_16-09-35-461,001,001,1,P002,wikiart_practice/practice_wikiart_002_untitled_abstract_composition_1964.jpg,449,24.747578,1779113400.210224,7.466667,-1400.0,-412.0,2940,1912,0.578473,0.82,0.0,0.0,pix
real_001_s001_2026-05-18_16-09-35-461,001,001,1,P002,wikiart_practice/practice_wikiart_002_untitled_abstract_composition_1964.jpg,450,24.764244,1779113400.226891,7.483333,-1400.0,-412.0,2940,1912,0.578473,0.82,0.0,0.0,pix
real_001_s001_2026-05-18_16-09-35-461,001,001,1,P002,wikiart_practice/practice_wikiart_002_untitled_abstract_composition_1964.jpg,451,24.780911,1779113400.243557,7.5,-1400.0,-412.0,2940,1912,0.578473,0.82,0.0,0.0,pix
real_001_s001_2026-05-18_16-09-35-461,001,001,1,P002,wikiart_practice/practice_wikiart_002_untitled_abstract_composition_1964.jpg,452,24.797578,1779113400.260224,7.516667,-1400.0,-412.0,2940,1912,0.578473,0.82,0.0,0.0,pix
real_001_s001_2026-05-18_16-09-35-461,001,001,1,P002,wikiart_practice/practice_wikiart_002_untitled_abstract_composition_1964.jpg,453,24.814244,1779113400.276891,7.533333,-1400.0,-412.0,2940,1912,0.578473,0.82,0.0,0.0,pix
real_001_s001_2026-05-18_16-09-35-461,001,001,1,P002,wikiart_practice/practice_wikiart_002_untitled_abstract_composition_1964.jpg,454,24.830911,1779113400.293557,7.55,-1400.0,-412.0,2940,1912,0.578473,0.82,0.0,0.0,pix
real_001_s001_2026-05-18_16-09-35-461,001,001,1,P002,wikiart_practice/practice_wikiart_002_untitled_abstract_composition_1964.jpg,455,24.847578,1779113400.310224,7.566667,-1400.0,-412.0,2940,1912,0.578473,0.82,0.0,0.0,pix
real_001_s001_2026-05-18_16-09-35-461,001,001,1,P002,wikiart_practice/practice_wikiart_002_untitled_abstract_composition_1964.jpg,456,24.864244,1779113400.32689,7.583333,-1400.0,-412.0,2940,1912,0.578473,0.82,0.0,0.0,pix
real_001_s001_2026-05-18_16-09-35-461,001,001,1,P002,wikiart_practice/practice_wikiart_002_untitled_abstract_composition_1964.jpg,457,24.880911,1779113400.343557,7.6,-1400.0,-412.0,2940,1912,0.578473,0.82,0.0,0.0,pix
real_001_s001_2026-05-18_16-09-35-461,001,001,1,P002,wikiart_practice/practice_wikiart_002_untitled_abstract_composition_1964.jpg,458,24.897578,1779113400.360224,7.616667,-1400.0,-412.0,2940,1912,0.578473,0.82,0.0,0.0,pix
real_001_s001_2026-05-18_16-09-35-461,001,001,1,P002,wikiart_practice/practice_wikiart_002_untitled_abstract_composition_1964.jpg,459,24.914244,1779113400.376891,7.633333,-1400.0,-412.0,2940,1912,0.578473,0.82,0.0,0.0,pix
real_001_s001_2026-05-18_16-09-35-461,001,001,1,P002,wikiart_practice/practice_wikiart_002_untitled_abstract_composition_1964.jpg,460,24.930911,1779113400.393557,7.65,-1400.0,-412.0,2940,1912,0.578473,0.82,0.0,0.0,pix
real_001_s001_2026-05-18_16-09-35-461,001,001,1,P002,wikiart_practice/practice_wikiart_002_untitled_abstract_composition_1964.jpg,461,24.947578,1779113400.410224,7.666667,-1400.0,-412.0,2940,1912,0.578473,0.82,0.0,0.0,pix
real_001_s001_2026-05-18_16-09-35-461,001,001,1,P002,wikiart_practice/practice_wikiart_002_untitled_abstract_composition_1964.jpg,462,24.964244,1779113400.426891,7.683333,-1400.0,-412.0,2940,1912,0.578473,0.82,0.0,0.0,pix
real_001_s001_2026-05-18_16-09-35-461,001,001,1,P002,wikiart_practice/practice_wikiart_002_untitled_abstract_composition_1964.jpg,463,24.980911,1779113400.443557,7.7,-1400.0,-412.0,2940,1912,0.578473,0.82,0.0,0.0,pix
real_001_s001_2026-05-18_16-09-35-461,001,001,1,P002,wikiart_practice/practice_wikiart_002_untitled_abstract_composition_1964.jpg,464,24.997578,1779113400.460224,7.716667,-1400.0,-412.0,2940,1912,0.578473,0.82,0.0,0.0,pix
real_001_s001_2026-05-18_16-09-35-461,001,001,1,P002,wikiart_practice/practice_wikiart_002_untitled_abstract_composition_1964.jpg,465,25.014244,1779113400.476891,7.733333,-1400.0,-412.0,2940,1912,0.578473,0.82,0.0,0.0,pix
real_001_s001_2026-05-18_16-09-35-461,001,001,1,P002,wikiart_practice/practice_wikiart_002_untitled_abstract_composition_1964.jpg,466,25.030911,1779113400.493557,7.75,-1400.0,-412.0,2940,1912,0.578473,0.82,0.0,0.0,pix
real_001_s001_2026-05-18_16-09-35-461,001,001,1,P002,wikiart_practice/practice_wikiart_002_untitled_abstract_composition_1964.jpg,467,25.047578,1779113400.510224,7.766667,-1400.0,-412.0,2940,1912,0.578473,0.82,0.0,0.0,pix
real_001_s001_2026-05-18_16-09-35-461,001,001,1,P002,wikiart_practice/practice_wikiart_002_untitled_abstract_composition_1964.jpg,468,25.064244,1779113400.526891,7.783333,-1400.0,-412.0,2940,1912,0.578473,0.82,0.0,0.0,pix
real_001_s001_2026-05-18_16-09-35-461,001,001,1,P002,wikiart_practice/practice_wikiart_002_untitled_abstract_composition_1964.jpg,469,25.080911,1779113400.543557,7.8,-1400.0,-412.0,2940,1912,0.578473,0.82,0.0,0.0,pix
real_001_s001_2026-05-18_16-09-35-461,001,001,1,P002,wikiart_practice/practice_wikiart_002_untitled_abstract_composition_1964.jpg,470,25.097578,1779113400.560224,7.816667,-1400.0,-412.0,2940,1912,0.578473,0.82,0.0,0.0,pix
real_001_s001_2026-05-18_16-09-35-461,001,001,1,P002,wikiart_practice/practice_wikiart_002_untitled_abstract_composition_1964.jpg,471,25.114244,1779113400.57689,7.833333,-1400.0,-412.0,2940,1912,0.578473,0.82,0.0,0.0,pix
real_001_s001_2026-05-18_16-09-35-461,001,001,1,P002,wikiart_practice/practice_wikiart_002_untitled_abstract_composition_1964.jpg,472,25.130911,1779113400.593557,7.85,-1400.0,-412.0,2940,1912,0.578473,0.82,0.0,0.0,pix
real_001_s001_2026-05-18_16-09-35-461,001,001,1,P002,wikiart_practice/practice_wikiart_002_untitled_abstract_composition_1964.jpg,473,25.147578,1779113400.610224,7.866667,-1400.0,-412.0,2940,1912,0.578473,0.82,0.0,0.0,pix
real_001_s001_2026-05-18_16-09-35-461,001,001,1,P002,wikiart_practice/practice_wikiart_002_untitled_abstract_composition_1964.jpg,474,25.164244,1779113400.626891,7.883333,-1400.0,-412.0,2940,1912,0.578473,0.82,0.0,0.0,pix
real_001_s001_2026-05-18_16-09-35-461,001,001,1,P002,wikiart_practice/practice_wikiart_002_untitled_abstract_composition_1964.jpg,475,25.180911,1779113400.643557,7.9,-1400.0,-412.0,2940,1912,0.578473,0.82,0.0,0.0,pix
real_001_s001_2026-05-18_16-09-35-461,001,001,1,P002,wikiart_practice/practice_wikiart_002_untitled_abstract_composition_1964.jpg,476,25.197578,1779113400.660224,7.916667,-1400.0,-412.0,2940,1912,0.578473,0.82,0.0,0.0,pix
real_001_s001_2026-05-18_16-09-35-461,001,001,1,P002,wikiart_practice/practice_wikiart_002_untitled_abstract_composition_1964.jpg,477,25.214244,1779113400.676891,7.933333,-1400.0,-412.0,2940,1912,0.578473,0.82,0.0,0.0,pix
real_001_s001_2026-05-18_16-09-35-461,001,001,1,P002,wikiart_practice/practice_wikiart_002_untitled_abstract_composition_1964.jpg,478,25.230911,1779113400.693557,7.95,-1400.0,-412.0,2940,1912,0.578473,0.82,0.0,0.0,pix
real_001_s001_2026-05-18_16-09-35-461,001,001,1,P002,wikiart_practice/practice_wikiart_002_untitled_abstract_composition_1964.jpg,479,25.247578,1779113400.710224,7.966667,-1400.0,-412.0,2940,1912,0.578473,0.82,0.0,0.0,pix
real_001_s001_2026-05-18_16-09-35-461,001,001,1,P002,wikiart_practice/practice_wikiart_002_untitled_abstract_composition_1964.jpg,480,25.264244,1779113400.726891,7.983333,-1400.0,-412.0,2940,1912,0.578473,0.82,0.0,0.0,pix
real_001_s001_2026-05-18_16-09-35-461,001,001,1,P002,wikiart_practice/practice_wikiart_002_untitled_abstract_composition_1964.jpg,481,25.280911,1779113400.743557,8.0,-1400.0,-412.0,2940,1912,0.578473,0.82,0.0,0.0,pix
real_001_s001_2026-05-18_16-09-35-461,001,001,1,P002,wikiart_practice/practice_wikiart_002_untitled_abstract_composition_1964.jpg,482,25.297578,1779113400.760224,8.016667,-1400.0,-412.0,2940,1912,0.578473,0.82,0.0,0.0,pix
real_001_s001_2026-05-18_16-09-35-461,001,001,1,P002,wikiart_practice/practice_wikiart_002_untitled_abstract_composition_1964.jpg,483,25.314244,1779113400.776891,8.033333,-1400.0,-412.0,2940,1912,0.578473,0.82,0.0,0.0,pix
real_001_s001_2026-05-18_16-09-35-461,001,001,2,P001,wikiart_practice/practice_wikiart_001_surrealistic_gouache.jpg,1,44.947271,1779113420.40996,0.0,-1400.0,-412.0,2940,1912,1.112116,0.82,0.0,0.0,pix
real_001_s001_2026-05-18_16-09-35-461,001,001,2,P001,wikiart_practice/practice_wikiart_001_surrealistic_gouache.jpg,2,44.963938,1779113420.426627,0.016667,-1400.0,-412.0,2940,1912,1.112116,0.82,0.0,0.0,pix
real_001_s001_2026-05-18_16-09-35-461,001,001,2,P001,wikiart_practice/practice_wikiart_001_surrealistic_gouache.jpg,3,44.980604,1779113420.443293,0.033333,-1400.0,-412.0,2940,1912,1.112116,0.82,0.0,0.0,pix
real_001_s001_2026-05-18_16-09-35-461,001,001,2,P001,wikiart_practice/practice_wikiart_001_surrealistic_gouache.jpg,4,44.997271,1779113420.45996,0.05,-1400.0,-412.0,2940,1912,1.112116,0.82,0.0,0.0,pix
real_001_s001_2026-05-18_16-09-35-461,001,001,2,P001,wikiart_practice/practice_wikiart_001_surrealistic_gouache.jpg,5,45.013938,1779113420.476627,0.066667,-1400.0,-412.0,2940,1912,1.112116,0.82,0.0,0.0,pix
real_001_s001_2026-05-18_16-09-35-461,001,001,2,P001,wikiart_practice/practice_wikiart_001_surrealistic_gouache.jpg,6,45.030604,1779113420.493293,0.083333,-1400.0,-412.0,2940,1912,1.112116,0.82,0.0,0.0,pix
real_001_s001_2026-05-18_16-09-35-461,001,001,2,P001,wikiart_practice/practice_wikiart_001_surrealistic_gouache.jpg,7,45.047271,1779113420.50996,0.1,-1400.0,-412.0,2940,1912,1.112116,0.82,0.0,0.0,pix
real_001_s001_2026-05-18_16-09-35-461,001,001,2,P001,wikiart_practice/practice_wikiart_001_surrealistic_gouache.jpg,8,45.063938,1779113420.526627,0.116667,-1400.0,-412.0,2940,1912,1.112116,0.82,0.0,0.0,pix
real_001_s001_2026-05-18_16-09-35-461,001,001,2,P001,wikiart_practice/practice_wikiart_001_surrealistic_gouache.jpg,9,45.080604,1779113420.543293,0.133333,-1400.0,-412.0,2940,1912,1.112116,0.82,0.0,0.0,pix
real_001_s001_2026-05-18_16-09-35-461,001,001,2,P001,wikiart_practice/practice_wikiart_001_surrealistic_gouache.jpg,10,45.097271,1779113420.55996,0.15,-1400.0,-412.0,2940,1912,1.112116,0.82,0.0,0.0,pix
real_001_s001_2026-05-18_16-09-35-461,001,001,2,P001,wikiart_practice/practice_wikiart_001_surrealistic_gouache.jpg,11,45.113938,1779113420.576627,0.166667,-1400.0,-412.0,2940,1912,1.112116,0.82,0.0,0.0,pix
real_001_s001_2026-05-18_16-09-35-461,001,001,2,P001,wikiart_practice/practice_wikiart_001_surrealistic_gouache.jpg,12,45.130604,1779113420.593293,0.183333,-1400.0,-412.0,2940,1912,1.112116,0.82,0.0,0.0,pix
real_001_s001_2026-05-18_16-09-35-461,001,001,2,P001,wikiart_practice/practice_wikiart_001_surrealistic_gouache.jpg,13,45.147271,1779113420.60996,0.2,-1400.0,-412.0,2940,1912,1.112116,0.82,0.0,0.0,pix
real_001_s001_2026-05-18_16-09-35-461,001,001,2,P001,wikiart_practice/practice_wikiart_001_surrealistic_gouache.jpg,14,45.163938,1779113420.626627,0.216667,-1400.0,-412.0,2940,1912,1.112116,0.82,0.0,0.0,pix
real_001_s001_2026-05-18_16-09-35-461,001,001,2,P001,wikiart_practice/practice_wikiart_001_surrealistic_gouache.jpg,15,45.180604,1779113420.643293,0.233333,-1400.0,-412.0,2940,1912,1.112116,0.82,0.0,0.0,pix
real_001_s001_2026-05-18_16-09-35-461,001,001,2,P001,wikiart_practice/practice_wikiart_001_surrealistic_gouache.jpg,16,45.197271,1779113420.65996,0.25,-1400.0,-412.0,2940,1912,1.112116,0.82,0.0,0.0,pix
real_001_s001_2026-05-18_16-09-35-461,001,001,2,P001,wikiart_practice/practice_wikiart_001_surrealistic_gouache.jpg,17,45.213938,1779113420.676627,0.266667,-1400.0,-412.0,2940,1912,1.112116,0.82,0.0,0.0,pix
real_001_s001_2026-05-18_16-09-35-461,001,001,2,P001,wikiart_practice/practice_wikiart_001_surrealistic_gouache.jpg,18,45.230604,1779113420.693293,0.283333,-1400.0,-412.0,2940,1912,1.112116,0.82,0.0,0.0,pix
real_001_s001_2026-05-18_16-09-35-461,001,001,2,P001,wikiart_practice/practice_wikiart_001_surrealistic_gouache.jpg,19,45.247271,1779113420.70996,0.3,-1400.0,-412.0,2940,1912,1.112116,0.82,0.0,0.0,pix
real_001_s001_2026-05-18_16-09-35-461,001,001,2,P001,wikiart_practice/practice_wikiart_001_surrealistic_gouache.jpg,20,45.263938,1779113420.726627,0.316667,-1400.0,-412.0,2940,1912,1.112116,0.82,0.0,0.0,pix
real_001_s001_2026-05-18_16-09-35-461,001,001,2,P001,wikiart_practice/practice_wikiart_001_surrealistic_gouache.jpg,21,45.280604,1779113420.743293,0.333333,-1400.0,-412.0,2940,1912,1.112116,0.82,0.0,0.0,pix
real_001_s001_2026-05-18_16-09-35-461,001,001,2,P001,wikiart_practice/practice_wikiart_001_surrealistic_gouache.jpg,22,45.297271,1779113420.75996,0.35,-1400.0,-412.0,2940,1912,1.112116,0.82,0.0,0.0,pix
real_001_s001_2026-05-18_16-09-35-461,001,001,2,P001,wikiart_practice/practice_wikiart_001_surrealistic_gouache.jpg,23,45.313938,1779113420.776627,0.366667,-1400.0,-412.0,2940,1912,1.112116,0.82,0.0,0.0,pix
real_001_s001_2026-05-18_16-09-35-461,001,001,2,P001,wikiart_practice/practice_wikiart_001_surrealistic_gouache.jpg,24,45.330604,1779113420.793293,0.383333,-1400.0,-412.0,2940,1912,1.112116,0.82,0.0,0.0,pix
real_001_s001_2026-05-18_16-09-35-461,001,001,2,P001,wikiart_practice/practice_wikiart_001_surrealistic_gouache.jpg,25,45.347271,1779113420.80996,0.4,-1400.0,-412.0,2940,1912,1.112116,0.82,0.0,0.0,pix
real_001_s001_2026-05-18_16-09-35-461,001,001,2,P001,wikiart_practice/practice_wikiart_001_surrealistic_gouache.jpg,26,45.363938,1779113420.826627,0.416667,-1400.0,-412.0,2940,1912,1.112116,0.82,0.0,0.0,pix
real_001_s001_2026-05-18_16-09-35-461,001,001,2,P001,wikiart_practice/practice_wikiart_001_surrealistic_gouache.jpg,27,45.380604,1779113420.843293,0.433333,-1400.0,-412.0,2940,1912,1.112116,0.82,0.0,0.0,pix
real_001_s001_2026-05-18_16-09-35-461,001,001,2,P001,wikiart_practice/practice_wikiart_001_surrealistic_gouache.jpg,28,45.397271,1779113420.85996,0.45,-1400.0,-412.0,2940,1912,1.112116,0.82,0.0,0.0,pix
real_001_s001_2026-05-18_16-09-35-461,001,001,2,P001,wikiart_practice/practice_wikiart_001_surrealistic_gouache.jpg,29,45.413938,1779113420.876627,0.466667,-1400.0,-412.0,2940,1912,1.112116,0.82,0.0,0.0,pix
real_001_s001_2026-05-18_16-09-35-461,001,001,2,P001,wikiart_practice/practice_wikiart_001_surrealistic_gouache.jpg,30,45.430604,1779113420.893293,0.483333,-1400.0,-412.0,2940,1912,1.112116,0.82,0.0,0.0,pix
real_001_s001_2026-05-18_16-09-35-461,001,001,2,P001,wikiart_practice/practice_wikiart_001_surrealistic_gouache.jpg,31,45.447271,1779113420.90996,0.5,-1400.0,-412.0,2940,1912,1.112116,0.82,0.0,0.0,pix
real_001_s001_2026-05-18_16-09-35-461,001,001,2,P001,wikiart_practice/practice_wikiart_001_surrealistic_gouache.jpg,32,45.463938,1779113420.926627,0.516667,-1400.0,-412.0,2940,1912,1.112116,0.82,0.0,0.0,pix
real_001_s001_2026-05-18_16-09-35-461,001,001,2,P001,wikiart_practice/practice_wikiart_001_surrealistic_gouache.jpg,33,45.480604,1779113420.943293,0.533333,-1400.0,-412.0,2940,1912,1.112116,0.82,0.0,0.0,pix
real_001_s001_2026-05-18_16-09-35-461,001,001,2,P001,wikiart_practice/practice_wikiart_001_surrealistic_gouache.jpg,34,45.497271,1779113420.95996,0.55,-1400.0,-412.0,2940,1912,1.112116,0.82,0.0,0.0,pix
real_001_s001_2026-05-18_16-09-35-461,001,001,2,P001,wikiart_practice/practice_wikiart_001_surrealistic_gouache.jpg,35,45.513938,1779113420.976627,0.566667,-1400.0,-412.0,2940,1912,1.112116,0.82,0.0,0.0,pix
real_001_s001_2026-05-18_16-09-35-461,001,001,2,P001,wikiart_practice/practice_wikiart_001_surrealistic_gouache.jpg,36,45.530604,1779113420.993293,0.583333,-1400.0,-412.0,2940,1912,1.112116,0.82,0.0,0.0,pix
real_001_s001_2026-05-18_16-09-35-461,001,001,2,P001,wikiart_practice/practice_wikiart_001_surrealistic_gouache.jpg,37,45.547271,1779113421.00996,0.6,-1400.0,-412.0,2940,1912,1.112116,0.82,0.0,0.0,pix
real_001_s001_2026-05-18_16-09-35-461,001,001,2,P001,wikiart_practice/practice_wikiart_001_surrealistic_gouache.jpg,38,45.563938,1779113421.026627,0.616667,-1400.0,-412.0,2940,1912,1.112116,0.82,0.0,0.0,pix
real_001_s001_2026-05-18_16-09-35-461,001,001,2,P001,wikiart_practice/practice_wikiart_001_surrealistic_gouache.jpg,39,45.580604,1779113421.043293,0.633333,-1400.0,-412.0,2940,1912,1.112116,0.82,0.0,0.0,pix
real_001_s001_2026-05-18_16-09-35-461,001,001,2,P001,wikiart_practice/practice_wikiart_001_surrealistic_gouache.jpg,40,45.597271,1779113421.05996,0.65,-1400.0,-412.0,2940,1912,1.112116,0.82,0.0,0.0,pix
real_001_s001_2026-05-18_16-09-35-461,001,001,2,P001,wikiart_practice/practice_wikiart_001_surrealistic_gouache.jpg,41,45.613938,1779113421.076627,0.666667,-1400.0,-412.0,2940,1912,1.112116,0.82,0.0,0.0,pix
real_001_s001_2026-05-18_16-09-35-461,001,001,2,P001,wikiart_practice/practice_wikiart_001_surrealistic_gouache.jpg,42,45.630604,1779113421.093293,0.683333,-1400.0,-412.0,2940,1912,1.112116,0.82,0.0,0.0,pix
real_001_s001_2026-05-18_16-09-35-461,001,001,2,P001,wikiart_practice/practice_wikiart_001_surrealistic_gouache.jpg,43,45.647271,1779113421.10996,0.7,-1400.0,-412.0,2940,1912,1.112116,0.82,0.0,0.0,pix
real_001_s001_2026-05-18_16-09-35-461,001,001,2,P001,wikiart_practice/practice_wikiart_001_surrealistic_gouache.jpg,44,45.663938,1779113421.126627,0.716667,-1400.0,-412.0,2940,1912,1.112116,0.82,0.0,0.0,pix
real_001_s001_2026-05-18_16-09-35-461,001,001,2,P001,wikiart_practice/practice_wikiart_001_surrealistic_gouache.jpg,45,45.680604,1779113421.143293,0.733333,-1400.0,-412.0,2940,1912,1.112116,0.82,0.0,0.0,pix
real_001_s001_2026-05-18_16-09-35-461,001,001,2,P001,wikiart_practice/practice_wikiart_001_surrealistic_gouache.jpg,46,45.697271,1779113421.15996,0.75,-1400.0,-412.0,2940,1912,1.112116,0.82,0.0,0.0,pix
real_001_s001_2026-05-18_16-09-35-461,001,001,2,P001,wikiart_practice/practice_wikiart_001_surrealistic_gouache.jpg,47,45.713938,1779113421.176627,0.766667,-1400.0,-412.0,2940,1912,1.112116,0.82,0.0,0.0,pix
real_001_s001_2026-05-18_16-09-35-461,001,001,2,P001,wikiart_practice/practice_wikiart_001_surrealistic_gouache.jpg,48,45.730604,1779113421.193293,0.783333,-1400.0,-412.0,2940,1912,1.112116,0.82,0.0,0.0,pix
real_001_s001_2026-05-18_16-09-35-461,001,001,2,P001,wikiart_practice/practice_wikiart_001_surrealistic_gouache.jpg,49,45.747271,1779113421.20996,0.8,-1400.0,-412.0,2940,1912,1.112116,0.82,0.0,0.0,pix
real_001_s001_2026-05-18_16-09-35-461,001,001,2,P001,wikiart_practice/practice_wikiart_001_surrealistic_gouache.jpg,50,45.763938,1779113421.226627,0.816667,-1400.0,-412.0,2940,1912,1.112116,0.82,0.0,0.0,pix
real_001_s001_2026-05-18_16-09-35-461,001,001,2,P001,wikiart_practice/practice_wikiart_001_surrealistic_gouache.jpg,51,45.780604,1779113421.243293,0.833333,-1400.0,-412.0,2940,1912,1.112116,0.82,0.0,0.0,pix
real_001_s001_2026-05-18_16-09-35-461,001,001,2,P001,wikiart_practice/practice_wikiart_001_surrealistic_gouache.jpg,52,45.797271,1779113421.25996,0.85,-1400.0,-412.0,2940,1912,1.112116,0.82,0.0,0.0,pix
real_001_s001_2026-05-18_16-09-35-461,001,001,2,P001,wikiart_practice/practice_wikiart_001_surrealistic_gouache.jpg,53,45.813938,1779113421.276627,0.866667,-1400.0,-412.0,2940,1912,1.112116,0.82,0.0,0.0,pix
real_001_s001_2026-05-18_16-09-35-461,001,001,2,P001,wikiart_practice/practice_wikiart_001_surrealistic_gouache.jpg,54,45.830604,1779113421.293293,0.883333,-1400.0,-412.0,2940,1912,1.112116,0.82,0.0,0.0,pix
real_001_s001_2026-05-18_16-09-35-461,001,001,2,P001,wikiart_practice/practice_wikiart_001_surrealistic_gouache.jpg,55,45.847271,1779113421.30996,0.9,-1400.0,-412.0,2940,1912,1.112116,0.82,0.0,0.0,pix
real_001_s001_2026-05-18_16-09-35-461,001,001,2,P001,wikiart_practice/practice_wikiart_001_surrealistic_gouache.jpg,56,45.863938,1779113421.326627,0.916667,-1400.0,-412.0,2940,1912,1.112116,0.82,0.0,0.0,pix
real_001_s001_2026-05-18_16-09-35-461,001,001,2,P001,wikiart_practice/practice_wikiart_001_surrealistic_gouache.jpg,57,45.880604,1779113421.343293,0.933333,-1400.0,-412.0,2940,1912,1.112116,0.82,0.0,0.0,pix
real_001_s001_2026-05-18_16-09-35-461,001,001,2,P001,wikiart_practice/practice_wikiart_001_surrealistic_gouache.jpg,58,45.897271,1779113421.35996,0.95,-1400.0,-412.0,2940,1912,1.112116,0.82,0.0,0.0,pix
real_001_s001_2026-05-18_16-09-35-461,001,001,2,P001,wikiart_practice/practice_wikiart_001_surrealistic_gouache.jpg,59,45.913938,1779113421.376627,0.966667,-1400.0,-412.0,2940,1912,1.112116,0.82,0.0,0.0,pix
real_001_s001_2026-05-18_16-09-35-461,001,001,2,P001,wikiart_practice/practice_wikiart_001_surrealistic_gouache.jpg,60,45.930604,1779113421.393293,0.983333,-1400.0,-412.0,2940,1912,1.112116,0.82,0.0,0.0,pix
real_001_s001_2026-05-18_16-09-35-461,001,001,2,P001,wikiart_practice/practice_wikiart_001_surrealistic_gouache.jpg,61,45.947271,1779113421.40996,1.0,-1400.0,-412.0,2940,1912,1.112116,0.82,0.0,0.0,pix
real_001_s001_2026-05-18_16-09-35-461,001,001,2,P001,wikiart_practice/practice_wikiart_001_surrealistic_gouache.jpg,62,45.963938,1779113421.426627,1.016667,-1400.0,-412.0,2940,1912,1.112116,0.82,0.0,0.0,pix
real_001_s001_2026-05-18_16-09-35-461,001,001,2,P001,wikiart_practice/practice_wikiart_001_surrealistic_gouache.jpg,63,45.980604,1779113421.443293,1.033333,-1400.0,-412.0,2940,1912,1.112116,0.82,0.0,0.0,pix
real_001_s001_2026-05-18_16-09-35-461,001,001,2,P001,wikiart_practice/practice_wikiart_001_surrealistic_gouache.jpg,64,45.997271,1779113421.45996,1.05,-1400.0,-412.0,2940,1912,1.112116,0.82,0.0,0.0,pix
real_001_s001_2026-05-18_16-09-35-461,001,001,2,P001,wikiart_practice/practice_wikiart_001_surrealistic_gouache.jpg,65,46.013938,1779113421.476627,1.066667,-1400.0,-412.0,2940,1912,1.112116,0.82,0.0,0.0,pix
real_001_s001_2026-05-18_16-09-35-461,001,001,2,P001,wikiart_practice/practice_wikiart_001_surrealistic_gouache.jpg,66,46.030604,1779113421.493293,1.083333,-1400.0,-412.0,2940,1912,1.112116,0.82,0.0,0.0,pix
real_001_s001_2026-05-18_16-09-35-461,001,001,2,P001,wikiart_practice/practice_wikiart_001_surrealistic_gouache.jpg,67,46.047271,1779113421.50996,1.1,-1400.0,-412.0,2940,1912,1.112116,0.82,0.0,0.0,pix
real_001_s001_2026-05-18_16-09-35-461,001,001,2,P001,wikiart_practice/practice_wikiart_001_surrealistic_gouache.jpg,68,46.063938,1779113421.526627,1.116667,-1400.0,-412.0,2940,1912,1.112116,0.82,0.0,0.0,pix
real_001_s001_2026-05-18_16-09-35-461,001,001,2,P001,wikiart_practice/practice_wikiart_001_surrealistic_gouache.jpg,69,46.080604,1779113421.543293,1.133333,-1400.0,-412.0,2940,1912,1.112116,0.82,0.0,0.0,pix
real_001_s001_2026-05-18_16-09-35-461,001,001,2,P001,wikiart_practice/practice_wikiart_001_surrealistic_gouache.jpg,70,46.097271,1779113421.55996,1.15,-1400.0,-412.0,2940,1912,1.112116,0.82,0.0,0.0,pix
real_001_s001_2026-05-18_16-09-35-461,001,001,2,P001,wikiart_practice/practice_wikiart_001_surrealistic_gouache.jpg,71,46.113938,1779113421.576627,1.166667,-1400.0,-412.0,2940,1912,1.112116,0.82,0.0,0.0,pix
real_001_s001_2026-05-18_16-09-35-461,001,001,2,P001,wikiart_practice/practice_wikiart_001_surrealistic_gouache.jpg,72,46.130604,1779113421.593293,1.183333,-1400.0,-412.0,2940,1912,1.112116,0.82,0.0,0.0,pix
real_001_s001_2026-05-18_16-09-35-461,001,001,2,P001,wikiart_practice/practice_wikiart_001_surrealistic_gouache.jpg,73,46.147271,1779113421.60996,1.2,-1400.0,-412.0,2940,1912,1.112116,0.82,0.0,0.0,pix
real_001_s001_2026-05-18_16-09-35-461,001,001,2,P001,wikiart_practice/practice_wikiart_001_surrealistic_gouache.jpg,74,46.163938,1779113421.626627,1.216667,-1400.0,-412.0,2940,1912,1.112116,0.82,0.0,0.0,pix
real_001_s001_2026-05-18_16-09-35-461,001,001,2,P001,wikiart_practice/practice_wikiart_001_surrealistic_gouache.jpg,75,46.180604,1779113421.643293,1.233333,-1400.0,-412.0,2940,1912,1.112116,0.82,0.0,0.0,pix
real_001_s001_2026-05-18_16-09-35-461,001,001,2,P001,wikiart_practice/practice_wikiart_001_surrealistic_gouache.jpg,76,46.197271,1779113421.65996,1.25,-1400.0,-412.0,2940,1912,1.112116,0.82,0.0,0.0,pix
real_001_s001_2026-05-18_16-09-35-461,001,001,2,P001,wikiart_practice/practice_wikiart_001_surrealistic_gouache.jpg,77,46.213938,1779113421.676627,1.266667,-1400.0,-412.0,2940,1912,1.112116,0.82,0.0,0.0,pix
real_001_s001_2026-05-18_16-09-35-461,001,001,2,P001,wikiart_practice/practice_wikiart_001_surrealistic_gouache.jpg,78,46.230604,1779113421.693293,1.283333,-1400.0,-412.0,2940,1912,1.112116,0.82,0.0,0.0,pix
real_001_s001_2026-05-18_16-09-35-461,001,001,2,P001,wikiart_practice/practice_wikiart_001_surrealistic_gouache.jpg,79,46.247271,1779113421.70996,1.3,-1400.0,-412.0,2940,1912,1.112116,0.82,0.0,0.0,pix
real_001_s001_2026-05-18_16-09-35-461,001,001,2,P001,wikiart_practice/practice_wikiart_001_surrealistic_gouache.jpg,80,46.263938,1779113421.726627,1.316667,-1400.0,-412.0,2940,1912,1.112116,0.82,0.0,0.0,pix
real_001_s001_2026-05-18_16-09-35-461,001,001,2,P001,wikiart_practice/practice_wikiart_001_surrealistic_gouache.jpg,81,46.280604,1779113421.743293,1.333333,-1400.0,-412.0,2940,1912,1.112116,0.82,0.0,0.0,pix
real_001_s001_2026-05-18_16-09-35-461,001,001,2,P001,wikiart_practice/practice_wikiart_001_surrealistic_gouache.jpg,82,46.297271,1779113421.75996,1.35,-1400.0,-412.0,2940,1912,1.112116,0.82,0.0,0.0,pix
real_001_s001_2026-05-18_16-09-35-461,001,001,2,P001,wikiart_practice/practice_wikiart_001_surrealistic_gouache.jpg,83,46.313938,1779113421.776627,1.366667,-1400.0,-412.0,2940,1912,1.112116,0.82,0.0,0.0,pix
real_001_s001_2026-05-18_16-09-35-461,001,001,2,P001,wikiart_practice/practice_wikiart_001_surrealistic_gouache.jpg,84,46.330604,1779113421.793293,1.383333,-1400.0,-412.0,2940,1912,1.112116,0.82,0.0,0.0,pix
real_001_s001_2026-05-18_16-09-35-461,001,001,2,P001,wikiart_practice/practice_wikiart_001_surrealistic_gouache.jpg,85,46.347271,1779113421.80996,1.4,-1400.0,-412.0,2940,1912,1.112116,0.82,0.0,0.0,pix
real_001_s001_2026-05-18_16-09-35-461,001,001,2,P001,wikiart_practice/practice_wikiart_001_surrealistic_gouache.jpg,86,46.363938,1779113421.826627,1.416667,-1400.0,-412.0,2940,1912,1.112116,0.82,0.0,0.0,pix
real_001_s001_2026-05-18_16-09-35-461,001,001,2,P001,wikiart_practice/practice_wikiart_001_surrealistic_gouache.jpg,87,46.380604,1779113421.843293,1.433333,-1400.0,-412.0,2940,1912,1.112116,0.82,0.0,0.0,pix
real_001_s001_2026-05-18_16-09-35-461,001,001,2,P001,wikiart_practice/practice_wikiart_001_surrealistic_gouache.jpg,88,46.397271,1779113421.85996,1.45,-1400.0,-412.0,2940,1912,1.112116,0.82,0.0,0.0,pix
real_001_s001_2026-05-18_16-09-35-461,001,001,2,P001,wikiart_practice/practice_wikiart_001_surrealistic_gouache.jpg,89,46.413938,1779113421.876627,1.466667,-1400.0,-412.0,2940,1912,1.112116,0.82,0.0,0.0,pix
real_001_s001_2026-05-18_16-09-35-461,001,001,2,P001,wikiart_practice/practice_wikiart_001_surrealistic_gouache.jpg,90,46.430604,1779113421.893293,1.483333,-1400.0,-412.0,2940,1912,1.112116,0.82,0.0,0.0,pix
real_001_s001_2026-05-18_16-09-35-461,001,001,2,P001,wikiart_practice/practice_wikiart_001_surrealistic_gouache.jpg,91,46.447271,1779113421.90996,1.5,-1400.0,-412.0,2940,1912,1.112116,0.82,0.0,0.0,pix
real_001_s001_2026-05-18_16-09-35-461,001,001,2,P001,wikiart_practice/practice_wikiart_001_surrealistic_gouache.jpg,92,46.463938,1779113421.926627,1.516667,-1400.0,-412.0,2940,1912,1.112116,0.82,0.0,0.0,pix
real_001_s001_2026-05-18_16-09-35-461,001,001,2,P001,wikiart_practice/practice_wikiart_001_surrealistic_gouache.jpg,93,46.480604,1779113421.943293,1.533333,-1400.0,-412.0,2940,1912,1.112116,0.82,0.0,0.0,pix
real_001_s001_2026-05-18_16-09-35-461,001,001,2,P001,wikiart_practice/practice_wikiart_001_surrealistic_gouache.jpg,94,46.497271,1779113421.95996,1.55,-1400.0,-412.0,2940,1912,1.112116,0.82,0.0,0.0,pix
real_001_s001_2026-05-18_16-09-35-461,001,001,2,P001,wikiart_practice/practice_wikiart_001_surrealistic_gouache.jpg,95,46.513938,1779113421.976627,1.566667,-1400.0,-412.0,2940,1912,1.112116,0.82,0.0,0.0,pix
real_001_s001_2026-05-18_16-09-35-461,001,001,2,P001,wikiart_practice/practice_wikiart_001_surrealistic_gouache.jpg,96,46.530604,1779113421.993293,1.583333,-1400.0,-412.0,2940,1912,1.112116,0.82,0.0,0.0,pix
real_001_s001_2026-05-18_16-09-35-461,001,001,2,P001,wikiart_practice/practice_wikiart_001_surrealistic_gouache.jpg,97,46.547271,1779113422.00996,1.6,-1400.0,-412.0,2940,1912,1.112116,0.82,0.0,0.0,pix
real_001_s001_2026-05-18_16-09-35-461,001,001,2,P001,wikiart_practice/practice_wikiart_001_surrealistic_gouache.jpg,98,46.563938,1779113422.026627,1.616667,-1400.0,-412.0,2940,1912,1.112116,0.82,0.0,0.0,pix
real_001_s001_2026-05-18_16-09-35-461,001,001,2,P001,wikiart_practice/practice_wikiart_001_surrealistic_gouache.jpg,99,46.580604,1779113422.043293,1.633333,-1400.0,-412.0,2940,1912,1.112116,0.82,0.0,0.0,pix
real_001_s001_2026-05-18_16-09-35-461,001,001,2,P001,wikiart_practice/practice_wikiart_001_surrealistic_gouache.jpg,100,46.597271,1779113422.05996,1.65,-1400.0,-412.0,2940,1912,1.112116,0.82,0.0,0.0,pix
real_001_s001_2026-05-18_16-09-35-461,001,001,2,P001,wikiart_practice/practice_wikiart_001_surrealistic_gouache.jpg,101,46.613938,1779113422.076627,1.666667,-1400.0,-412.0,2940,1912,1.112116,0.82,0.0,0.0,pix
real_001_s001_2026-05-18_16-09-35-461,001,001,2,P001,wikiart_practice/practice_wikiart_001_surrealistic_gouache.jpg,102,46.630604,1779113422.093293,1.683333,-1400.0,-412.0,2940,1912,1.112116,0.82,0.0,0.0,pix
real_001_s001_2026-05-18_16-09-35-461,001,001,2,P001,wikiart_practice/practice_wikiart_001_surrealistic_gouache.jpg,103,46.647271,1779113422.10996,1.7,-1400.0,-412.0,2940,1912,1.112116,0.82,0.0,0.0,pix
real_001_s001_2026-05-18_16-09-35-461,001,001,2,P001,wikiart_practice/practice_wikiart_001_surrealistic_gouache.jpg,104,46.663938,1779113422.126627,1.716667,-1400.0,-412.0,2940,1912,1.112116,0.82,0.0,0.0,pix
real_001_s001_2026-05-18_16-09-35-461,001,001,2,P001,wikiart_practice/practice_wikiart_001_surrealistic_gouache.jpg,105,46.680604,1779113422.143293,1.733333,-1400.0,-412.0,2940,1912,1.112116,0.82,0.0,0.0,pix
real_001_s001_2026-05-18_16-09-35-461,001,001,2,P001,wikiart_practice/practice_wikiart_001_surrealistic_gouache.jpg,106,46.697271,1779113422.15996,1.75,-1400.0,-412.0,2940,1912,1.112116,0.82,0.0,0.0,pix
real_001_s001_2026-05-18_16-09-35-461,001,001,2,P001,wikiart_practice/practice_wikiart_001_surrealistic_gouache.jpg,107,46.713938,1779113422.176627,1.766667,-1400.0,-412.0,2940,1912,1.112116,0.82,0.0,0.0,pix
real_001_s001_2026-05-18_16-09-35-461,001,001,2,P001,wikiart_practice/practice_wikiart_001_surrealistic_gouache.jpg,108,46.730604,1779113422.193293,1.783333,-1400.0,-412.0,2940,1912,1.112116,0.82,0.0,0.0,pix
real_001_s001_2026-05-18_16-09-35-461,001,001,2,P001,wikiart_practice/practice_wikiart_001_surrealistic_gouache.jpg,109,46.747271,1779113422.20996,1.8,-1400.0,-412.0,2940,1912,1.112116,0.82,0.0,0.0,pix
real_001_s001_2026-05-18_16-09-35-461,001,001,2,P001,wikiart_practice/practice_wikiart_001_surrealistic_gouache.jpg,110,46.763938,1779113422.226627,1.816667,-1400.0,-412.0,2940,1912,1.112116,0.82,0.0,0.0,pix
real_001_s001_2026-05-18_16-09-35-461,001,001,2,P001,wikiart_practice/practice_wikiart_001_surrealistic_gouache.jpg,111,46.780604,1779113422.243293,1.833333,-1400.0,-412.0,2940,1912,1.112116,0.82,0.0,0.0,pix
real_001_s001_2026-05-18_16-09-35-461,001,001,2,P001,wikiart_practice/practice_wikiart_001_surrealistic_gouache.jpg,112,46.797271,1779113422.25996,1.85,-1400.0,-412.0,2940,1912,1.112116,0.82,0.0,0.0,pix
real_001_s001_2026-05-18_16-09-35-461,001,001,2,P001,wikiart_practice/practice_wikiart_001_surrealistic_gouache.jpg,113,46.813938,1779113422.276627,1.866667,-1400.0,-412.0,2940,1912,1.112116,0.82,0.0,0.0,pix
real_001_s001_2026-05-18_16-09-35-461,001,001,2,P001,wikiart_practice/practice_wikiart_001_surrealistic_gouache.jpg,114,46.830604,1779113422.293293,1.883333,-1400.0,-412.0,2940,1912,1.112116,0.82,0.0,0.0,pix
real_001_s001_2026-05-18_16-09-35-461,001,001,2,P001,wikiart_practice/practice_wikiart_001_surrealistic_gouache.jpg,115,46.847271,1779113422.30996,1.9,-1400.0,-412.0,2940,1912,1.112116,0.82,0.0,0.0,pix
real_001_s001_2026-05-18_16-09-35-461,001,001,2,P001,wikiart_practice/practice_wikiart_001_surrealistic_gouache.jpg,116,46.863938,1779113422.326627,1.916667,-1400.0,-412.0,2940,1912,1.112116,0.82,0.0,0.0,pix
real_001_s001_2026-05-18_16-09-35-461,001,001,2,P001,wikiart_practice/practice_wikiart_001_surrealistic_gouache.jpg,117,46.880604,1779113422.343293,1.933333,-1400.0,-412.0,2940,1912,1.112116,0.82,0.0,0.0,pix
real_001_s001_2026-05-18_16-09-35-461,001,001,2,P001,wikiart_practice/practice_wikiart_001_surrealistic_gouache.jpg,118,46.897271,1779113422.35996,1.95,-1400.0,-412.0,2940,1912,1.112116,0.82,0.0,0.0,pix
real_001_s001_2026-05-18_16-09-35-461,001,001,2,P001,wikiart_practice/practice_wikiart_001_surrealistic_gouache.jpg,119,46.913938,1779113422.376627,1.966667,-1400.0,-412.0,2940,1912,1.112116,0.82,0.0,0.0,pix
real_001_s001_2026-05-18_16-09-35-461,001,001,2,P001,wikiart_practice/practice_wikiart_001_surrealistic_gouache.jpg,120,46.930604,1779113422.393293,1.983333,-1400.0,-412.0,2940,1912,1.112116,0.82,0.0,0.0,pix
real_001_s001_2026-05-18_16-09-35-461,001,001,2,P001,wikiart_practice/practice_wikiart_001_surrealistic_gouache.jpg,121,46.947271,1779113422.40996,2.0,-1400.0,-412.0,2940,1912,1.112116,0.82,0.0,0.0,pix
real_001_s001_2026-05-18_16-09-35-461,001,001,2,P001,wikiart_practice/practice_wikiart_001_surrealistic_gouache.jpg,122,46.963938,1779113422.426627,2.016667,-1400.0,-412.0,2940,1912,1.112116,0.82,0.0,0.0,pix
real_001_s001_2026-05-18_16-09-35-461,001,001,2,P001,wikiart_practice/practice_wikiart_001_surrealistic_gouache.jpg,123,46.980604,1779113422.443293,2.033333,-1400.0,-412.0,2940,1912,1.112116,0.82,0.0,0.0,pix
real_001_s001_2026-05-18_16-09-35-461,001,001,2,P001,wikiart_practice/practice_wikiart_001_surrealistic_gouache.jpg,124,46.997271,1779113422.45996,2.05,-1400.0,-412.0,2940,1912,1.112116,0.82,0.0,0.0,pix
real_001_s001_2026-05-18_16-09-35-461,001,001,2,P001,wikiart_practice/practice_wikiart_001_surrealistic_gouache.jpg,125,47.013938,1779113422.476627,2.066667,-1400.0,-412.0,2940,1912,1.112116,0.82,0.0,0.0,pix
real_001_s001_2026-05-18_16-09-35-461,001,001,2,P001,wikiart_practice/practice_wikiart_001_surrealistic_gouache.jpg,126,47.030604,1779113422.493293,2.083333,-1400.0,-412.0,2940,1912,1.112116,0.82,0.0,0.0,pix
real_001_s001_2026-05-18_16-09-35-461,001,001,2,P001,wikiart_practice/practice_wikiart_001_surrealistic_gouache.jpg,127,47.047271,1779113422.50996,2.1,-1400.0,-412.0,2940,1912,1.112116,0.82,0.0,0.0,pix
real_001_s001_2026-05-18_16-09-35-461,001,001,2,P001,wikiart_practice/practice_wikiart_001_surrealistic_gouache.jpg,128,47.063938,1779113422.526627,2.116667,-1400.0,-412.0,2940,1912,1.112116,0.82,0.0,0.0,pix
real_001_s001_2026-05-18_16-09-35-461,001,001,2,P001,wikiart_practice/practice_wikiart_001_surrealistic_gouache.jpg,129,47.080604,1779113422.543293,2.133333,-1400.0,-412.0,2940,1912,1.112116,0.82,0.0,0.0,pix
real_001_s001_2026-05-18_16-09-35-461,001,001,2,P001,wikiart_practice/practice_wikiart_001_surrealistic_gouache.jpg,130,47.097271,1779113422.55996,2.15,-1400.0,-412.0,2940,1912,1.112116,0.82,0.0,0.0,pix
real_001_s001_2026-05-18_16-09-35-461,001,001,2,P001,wikiart_practice/practice_wikiart_001_surrealistic_gouache.jpg,131,47.113938,1779113422.576627,2.166667,-1400.0,-412.0,2940,1912,1.112116,0.82,0.0,0.0,pix
real_001_s001_2026-05-18_16-09-35-461,001,001,2,P001,wikiart_practice/practice_wikiart_001_surrealistic_gouache.jpg,132,47.130604,1779113422.593293,2.183333,-1400.0,-412.0,2940,1912,1.112116,0.82,0.0,0.0,pix
real_001_s001_2026-05-18_16-09-35-461,001,001,2,P001,wikiart_practice/practice_wikiart_001_surrealistic_gouache.jpg,133,47.147271,1779113422.60996,2.2,-1400.0,-412.0,2940,1912,1.112116,0.82,0.0,0.0,pix
real_001_s001_2026-05-18_16-09-35-461,001,001,2,P001,wikiart_practice/practice_wikiart_001_surrealistic_gouache.jpg,134,47.163938,1779113422.626627,2.216667,-1400.0,-412.0,2940,1912,1.112116,0.82,0.0,0.0,pix
real_001_s001_2026-05-18_16-09-35-461,001,001,2,P001,wikiart_practice/practice_wikiart_001_surrealistic_gouache.jpg,135,47.180604,1779113422.643293,2.233333,-1400.0,-412.0,2940,1912,1.112116,0.82,0.0,0.0,pix
real_001_s001_2026-05-18_16-09-35-461,001,001,2,P001,wikiart_practice/practice_wikiart_001_surrealistic_gouache.jpg,136,47.197271,1779113422.65996,2.25,-1400.0,-412.0,2940,1912,1.112116,0.82,0.0,0.0,pix
real_001_s001_2026-05-18_16-09-35-461,001,001,2,P001,wikiart_practice/practice_wikiart_001_surrealistic_gouache.jpg,137,47.213938,1779113422.676627,2.266667,-1400.0,-412.0,2940,1912,1.112116,0.82,0.0,0.0,pix
real_001_s001_2026-05-18_16-09-35-461,001,001,2,P001,wikiart_practice/practice_wikiart_001_surrealistic_gouache.jpg,138,47.230604,1779113422.693293,2.283333,-1400.0,-412.0,2940,1912,1.112116,0.82,0.0,0.0,pix
real_001_s001_2026-05-18_16-09-35-461,001,001,2,P001,wikiart_practice/practice_wikiart_001_surrealistic_gouache.jpg,139,47.247271,1779113422.70996,2.3,-1400.0,-412.0,2940,1912,1.112116,0.82,0.0,0.0,pix
real_001_s001_2026-05-18_16-09-35-461,001,001,2,P001,wikiart_practice/practice_wikiart_001_surrealistic_gouache.jpg,140,47.263938,1779113422.726627,2.316667,-1400.0,-412.0,2940,1912,1.112116,0.82,0.0,0.0,pix
real_001_s001_2026-05-18_16-09-35-461,001,001,2,P001,wikiart_practice/practice_wikiart_001_surrealistic_gouache.jpg,141,47.280604,1779113422.743293,2.333333,-1400.0,-412.0,2940,1912,1.112116,0.82,0.0,0.0,pix
real_001_s001_2026-05-18_16-09-35-461,001,001,2,P001,wikiart_practice/practice_wikiart_001_surrealistic_gouache.jpg,142,47.297271,1779113422.75996,2.35,-1400.0,-412.0,2940,1912,1.112116,0.82,0.0,0.0,pix
real_001_s001_2026-05-18_16-09-35-461,001,001,2,P001,wikiart_practice/practice_wikiart_001_surrealistic_gouache.jpg,143,47.313938,1779113422.776627,2.366667,-1400.0,-412.0,2940,1912,1.112116,0.82,0.0,0.0,pix
real_001_s001_2026-05-18_16-09-35-461,001,001,2,P001,wikiart_practice/practice_wikiart_001_surrealistic_gouache.jpg,144,47.330604,1779113422.793293,2.383333,-1400.0,-412.0,2940,1912,1.112116,0.82,0.0,0.0,pix
real_001_s001_2026-05-18_16-09-35-461,001,001,2,P001,wikiart_practice/practice_wikiart_001_surrealistic_gouache.jpg,145,47.347271,1779113422.80996,2.4,-1400.0,-412.0,2940,1912,1.112116,0.82,0.0,0.0,pix
real_001_s001_2026-05-18_16-09-35-461,001,001,2,P001,wikiart_practice/practice_wikiart_001_surrealistic_gouache.jpg,146,47.363938,1779113422.826627,2.416667,-1400.0,-412.0,2940,1912,1.112116,0.82,0.0,0.0,pix
real_001_s001_2026-05-18_16-09-35-461,001,001,2,P001,wikiart_practice/practice_wikiart_001_surrealistic_gouache.jpg,147,47.380604,1779113422.843293,2.433333,-1400.0,-412.0,2940,1912,1.112116,0.82,0.0,0.0,pix
real_001_s001_2026-05-18_16-09-35-461,001,001,2,P001,wikiart_practice/practice_wikiart_001_surrealistic_gouache.jpg,148,47.397271,1779113422.85996,2.45,-1400.0,-412.0,2940,1912,1.112116,0.82,0.0,0.0,pix
real_001_s001_2026-05-18_16-09-35-461,001,001,2,P001,wikiart_practice/practice_wikiart_001_surrealistic_gouache.jpg,149,47.413938,1779113422.876627,2.466667,-1400.0,-412.0,2940,1912,1.112116,0.82,0.0,0.0,pix
real_001_s001_2026-05-18_16-09-35-461,001,001,2,P001,wikiart_practice/practice_wikiart_001_surrealistic_gouache.jpg,150,47.430604,1779113422.893293,2.483333,-1400.0,-412.0,2940,1912,1.112116,0.82,0.0,0.0,pix
real_001_s001_2026-05-18_16-09-35-461,001,001,2,P001,wikiart_practice/practice_wikiart_001_surrealistic_gouache.jpg,151,47.447271,1779113422.90996,2.5,-1400.0,-412.0,2940,1912,1.112116,0.82,0.0,0.0,pix
real_001_s001_2026-05-18_16-09-35-461,001,001,2,P001,wikiart_practice/practice_wikiart_001_surrealistic_gouache.jpg,152,47.463938,1779113422.926627,2.516667,-1400.0,-412.0,2940,1912,1.112116,0.82,0.0,0.0,pix
real_001_s001_2026-05-18_16-09-35-461,001,001,2,P001,wikiart_practice/practice_wikiart_001_surrealistic_gouache.jpg,153,47.480604,1779113422.943293,2.533333,-1400.0,-412.0,2940,1912,1.112116,0.82,0.0,0.0,pix
real_001_s001_2026-05-18_16-09-35-461,001,001,2,P001,wikiart_practice/practice_wikiart_001_surrealistic_gouache.jpg,154,47.497271,1779113422.95996,2.55,-1400.0,-412.0,2940,1912,1.112116,0.82,0.0,0.0,pix
real_001_s001_2026-05-18_16-09-35-461,001,001,2,P001,wikiart_practice/practice_wikiart_001_surrealistic_gouache.jpg,155,47.513938,1779113422.976627,2.566667,-1400.0,-412.0,2940,1912,1.112116,0.82,0.0,0.0,pix
real_001_s001_2026-05-18_16-09-35-461,001,001,2,P001,wikiart_practice/practice_wikiart_001_surrealistic_gouache.jpg,156,47.530604,1779113422.993293,2.583333,-1400.0,-412.0,2940,1912,1.112116,0.82,0.0,0.0,pix
real_001_s001_2026-05-18_16-09-35-461,001,001,2,P001,wikiart_practice/practice_wikiart_001_surrealistic_gouache.jpg,157,47.547271,1779113423.00996,2.6,-1400.0,-412.0,2940,1912,1.112116,0.82,0.0,0.0,pix
real_001_s001_2026-05-18_16-09-35-461,001,001,2,P001,wikiart_practice/practice_wikiart_001_surrealistic_gouache.jpg,158,47.563938,1779113423.026627,2.616667,-1400.0,-412.0,2940,1912,1.112116,0.82,0.0,0.0,pix
real_001_s001_2026-05-18_16-09-35-461,001,001,2,P001,wikiart_practice/practice_wikiart_001_surrealistic_gouache.jpg,159,47.580604,1779113423.043293,2.633333,-1400.0,-412.0,2940,1912,1.112116,0.82,0.0,0.0,pix
real_001_s001_2026-05-18_16-09-35-461,001,001,2,P001,wikiart_practice/practice_wikiart_001_surrealistic_gouache.jpg,160,47.597271,1779113423.05996,2.65,-1400.0,-412.0,2940,1912,1.112116,0.82,0.0,0.0,pix
real_001_s001_2026-05-18_16-09-35-461,001,001,2,P001,wikiart_practice/practice_wikiart_001_surrealistic_gouache.jpg,161,47.613938,1779113423.076627,2.666667,-1400.0,-412.0,2940,1912,1.112116,0.82,0.0,0.0,pix
real_001_s001_2026-05-18_16-09-35-461,001,001,2,P001,wikiart_practice/practice_wikiart_001_surrealistic_gouache.jpg,162,47.630604,1779113423.093293,2.683333,-1400.0,-412.0,2940,1912,1.112116,0.82,0.0,0.0,pix
real_001_s001_2026-05-18_16-09-35-461,001,001,2,P001,wikiart_practice/practice_wikiart_001_surrealistic_gouache.jpg,163,47.647271,1779113423.10996,2.7,-1400.0,-412.0,2940,1912,1.112116,0.82,0.0,0.0,pix
real_001_s001_2026-05-18_16-09-35-461,001,001,2,P001,wikiart_practice/practice_wikiart_001_surrealistic_gouache.jpg,164,47.663938,1779113423.126627,2.716667,-1400.0,-412.0,2940,1912,1.112116,0.82,0.0,0.0,pix
real_001_s001_2026-05-18_16-09-35-461,001,001,2,P001,wikiart_practice/practice_wikiart_001_surrealistic_gouache.jpg,165,47.680604,1779113423.143293,2.733333,-1400.0,-412.0,2940,1912,1.112116,0.82,0.0,0.0,pix
real_001_s001_2026-05-18_16-09-35-461,001,001,2,P001,wikiart_practice/practice_wikiart_001_surrealistic_gouache.jpg,166,47.697271,1779113423.15996,2.75,-1400.0,-412.0,2940,1912,1.112116,0.82,0.0,0.0,pix
real_001_s001_2026-05-18_16-09-35-461,001,001,2,P001,wikiart_practice/practice_wikiart_001_surrealistic_gouache.jpg,167,47.713938,1779113423.176627,2.766667,-1400.0,-412.0,2940,1912,1.112116,0.82,0.0,0.0,pix
real_001_s001_2026-05-18_16-09-35-461,001,001,2,P001,wikiart_practice/practice_wikiart_001_surrealistic_gouache.jpg,168,47.730604,1779113423.193293,2.783333,-1400.0,-412.0,2940,1912,1.112116,0.82,0.0,0.0,pix
real_001_s001_2026-05-18_16-09-35-461,001,001,2,P001,wikiart_practice/practice_wikiart_001_surrealistic_gouache.jpg,169,47.747271,1779113423.20996,2.8,-1400.0,-412.0,2940,1912,1.112116,0.82,0.0,0.0,pix
real_001_s001_2026-05-18_16-09-35-461,001,001,2,P001,wikiart_practice/practice_wikiart_001_surrealistic_gouache.jpg,170,47.763938,1779113423.226627,2.816667,-1400.0,-412.0,2940,1912,1.112116,0.82,0.0,0.0,pix
real_001_s001_2026-05-18_16-09-35-461,001,001,2,P001,wikiart_practice/practice_wikiart_001_surrealistic_gouache.jpg,171,47.780604,1779113423.243293,2.833333,-1400.0,-412.0,2940,1912,1.112116,0.82,0.0,0.0,pix
real_001_s001_2026-05-18_16-09-35-461,001,001,2,P001,wikiart_practice/practice_wikiart_001_surrealistic_gouache.jpg,172,47.797271,1779113423.25996,2.85,-1400.0,-412.0,2940,1912,1.112116,0.82,0.0,0.0,pix
real_001_s001_2026-05-18_16-09-35-461,001,001,2,P001,wikiart_practice/practice_wikiart_001_surrealistic_gouache.jpg,173,47.813938,1779113423.276627,2.866667,-1400.0,-412.0,2940,1912,1.112116,0.82,0.0,0.0,pix
real_001_s001_2026-05-18_16-09-35-461,001,001,2,P001,wikiart_practice/practice_wikiart_001_surrealistic_gouache.jpg,174,47.830604,1779113423.293293,2.883333,-1400.0,-412.0,2940,1912,1.112116,0.82,0.0,0.0,pix
real_001_s001_2026-05-18_16-09-35-461,001,001,2,P001,wikiart_practice/practice_wikiart_001_surrealistic_gouache.jpg,175,47.847271,1779113423.30996,2.9,-1400.0,-412.0,2940,1912,1.112116,0.82,0.0,0.0,pix
real_001_s001_2026-05-18_16-09-35-461,001,001,2,P001,wikiart_practice/practice_wikiart_001_surrealistic_gouache.jpg,176,47.863938,1779113423.326627,2.916667,-1400.0,-412.0,2940,1912,1.112116,0.82,0.0,0.0,pix
real_001_s001_2026-05-18_16-09-35-461,001,001,2,P001,wikiart_practice/practice_wikiart_001_surrealistic_gouache.jpg,177,47.880604,1779113423.343293,2.933333,-1400.0,-412.0,2940,1912,1.112116,0.82,0.0,0.0,pix
real_001_s001_2026-05-18_16-09-35-461,001,001,2,P001,wikiart_practice/practice_wikiart_001_surrealistic_gouache.jpg,178,47.897271,1779113423.35996,2.95,-1400.0,-412.0,2940,1912,1.112116,0.82,0.0,0.0,pix
real_001_s001_2026-05-18_16-09-35-461,001,001,2,P001,wikiart_practice/practice_wikiart_001_surrealistic_gouache.jpg,179,47.913938,1779113423.376627,2.966667,-1400.0,-412.0,2940,1912,1.112116,0.82,0.0,0.0,pix
real_001_s001_2026-05-18_16-09-35-461,001,001,2,P001,wikiart_practice/practice_wikiart_001_surrealistic_gouache.jpg,180,47.930604,1779113423.393293,2.983333,-1400.0,-412.0,2940,1912,1.112116,0.82,0.0,0.0,pix
real_001_s001_2026-05-18_16-09-35-461,001,001,2,P001,wikiart_practice/practice_wikiart_001_surrealistic_gouache.jpg,181,47.947271,1779113423.40996,3.0,-1400.0,-412.0,2940,1912,1.112116,0.82,0.0,0.0,pix
real_001_s001_2026-05-18_16-09-35-461,001,001,2,P001,wikiart_practice/practice_wikiart_001_surrealistic_gouache.jpg,182,47.963938,1779113423.426627,3.016667,-1400.0,-412.0,2940,1912,1.112116,0.82,0.0,0.0,pix
real_001_s001_2026-05-18_16-09-35-461,001,001,2,P001,wikiart_practice/practice_wikiart_001_surrealistic_gouache.jpg,183,47.980604,1779113423.443293,3.033333,-1400.0,-412.0,2940,1912,1.112116,0.82,0.0,0.0,pix
real_001_s001_2026-05-18_16-09-35-461,001,001,2,P001,wikiart_practice/practice_wikiart_001_surrealistic_gouache.jpg,184,47.997271,1779113423.45996,3.05,-1400.0,-412.0,2940,1912,1.112116,0.82,0.0,0.0,pix
real_001_s001_2026-05-18_16-09-35-461,001,001,2,P001,wikiart_practice/practice_wikiart_001_surrealistic_gouache.jpg,185,48.013938,1779113423.476627,3.066667,-1400.0,-412.0,2940,1912,1.112116,0.82,0.0,0.0,pix
real_001_s001_2026-05-18_16-09-35-461,001,001,2,P001,wikiart_practice/practice_wikiart_001_surrealistic_gouache.jpg,186,48.030604,1779113423.493293,3.083333,-1400.0,-412.0,2940,1912,1.112116,0.82,0.0,0.0,pix
real_001_s001_2026-05-18_16-09-35-461,001,001,2,P001,wikiart_practice/practice_wikiart_001_surrealistic_gouache.jpg,187,48.047271,1779113423.50996,3.1,-1400.0,-412.0,2940,1912,1.112116,0.82,0.0,0.0,pix
real_001_s001_2026-05-18_16-09-35-461,001,001,2,P001,wikiart_practice/practice_wikiart_001_surrealistic_gouache.jpg,188,48.063938,1779113423.526627,3.116667,-1400.0,-412.0,2940,1912,1.112116,0.82,0.0,0.0,pix
real_001_s001_2026-05-18_16-09-35-461,001,001,2,P001,wikiart_practice/practice_wikiart_001_surrealistic_gouache.jpg,189,48.080604,1779113423.543293,3.133333,-1400.0,-412.0,2940,1912,1.112116,0.82,0.0,0.0,pix
real_001_s001_2026-05-18_16-09-35-461,001,001,2,P001,wikiart_practice/practice_wikiart_001_surrealistic_gouache.jpg,190,48.097271,1779113423.55996,3.15,-1400.0,-412.0,2940,1912,1.112116,0.82,0.0,0.0,pix
real_001_s001_2026-05-18_16-09-35-461,001,001,2,P001,wikiart_practice/practice_wikiart_001_surrealistic_gouache.jpg,191,48.113938,1779113423.576627,3.166667,-1400.0,-412.0,2940,1912,1.112116,0.82,0.0,0.0,pix
real_001_s001_2026-05-18_16-09-35-461,001,001,2,P001,wikiart_practice/practice_wikiart_001_surrealistic_gouache.jpg,192,48.130604,1779113423.593293,3.183333,-1400.0,-412.0,2940,1912,1.112116,0.82,0.0,0.0,pix
real_001_s001_2026-05-18_16-09-35-461,001,001,2,P001,wikiart_practice/practice_wikiart_001_surrealistic_gouache.jpg,193,48.147271,1779113423.60996,3.2,-1400.0,-412.0,2940,1912,1.112116,0.82,0.0,0.0,pix
real_001_s001_2026-05-18_16-09-35-461,001,001,2,P001,wikiart_practice/practice_wikiart_001_surrealistic_gouache.jpg,194,48.163938,1779113423.626627,3.216667,-1400.0,-412.0,2940,1912,1.112116,0.82,0.0,0.0,pix
real_001_s001_2026-05-18_16-09-35-461,001,001,2,P001,wikiart_practice/practice_wikiart_001_surrealistic_gouache.jpg,195,48.180604,1779113423.643293,3.233333,-1400.0,-412.0,2940,1912,1.112116,0.82,0.0,0.0,pix
real_001_s001_2026-05-18_16-09-35-461,001,001,2,P001,wikiart_practice/practice_wikiart_001_surrealistic_gouache.jpg,196,48.197271,1779113423.65996,3.25,-1400.0,-412.0,2940,1912,1.112116,0.82,0.0,0.0,pix
real_001_s001_2026-05-18_16-09-35-461,001,001,2,P001,wikiart_practice/practice_wikiart_001_surrealistic_gouache.jpg,197,48.213938,1779113423.676627,3.266667,-1400.0,-412.0,2940,1912,1.112116,0.82,0.0,0.0,pix
real_001_s001_2026-05-18_16-09-35-461,001,001,2,P001,wikiart_practice/practice_wikiart_001_surrealistic_gouache.jpg,198,48.230604,1779113423.693293,3.283333,-1400.0,-412.0,2940,1912,1.112116,0.82,0.0,0.0,pix
real_001_s001_2026-05-18_16-09-35-461,001,001,2,P001,wikiart_practice/practice_wikiart_001_surrealistic_gouache.jpg,199,48.247271,1779113423.70996,3.3,-1400.0,-412.0,2940,1912,1.112116,0.82,0.0,0.0,pix
real_001_s001_2026-05-18_16-09-35-461,001,001,2,P001,wikiart_practice/practice_wikiart_001_surrealistic_gouache.jpg,200,48.263938,1779113423.726627,3.316667,-1400.0,-412.0,2940,1912,1.112116,0.82,0.0,0.0,pix
real_001_s001_2026-05-18_16-09-35-461,001,001,2,P001,wikiart_practice/practice_wikiart_001_surrealistic_gouache.jpg,201,48.280604,1779113423.743293,3.333333,-1400.0,-412.0,2940,1912,1.112116,0.82,0.0,0.0,pix
real_001_s001_2026-05-18_16-09-35-461,001,001,2,P001,wikiart_practice/practice_wikiart_001_surrealistic_gouache.jpg,202,48.297271,1779113423.75996,3.35,-1400.0,-412.0,2940,1912,1.112116,0.82,0.0,0.0,pix
real_001_s001_2026-05-18_16-09-35-461,001,001,2,P001,wikiart_practice/practice_wikiart_001_surrealistic_gouache.jpg,203,48.313938,1779113423.776627,3.366667,-1400.0,-412.0,2940,1912,1.112116,0.82,0.0,0.0,pix
real_001_s001_2026-05-18_16-09-35-461,001,001,2,P001,wikiart_practice/practice_wikiart_001_surrealistic_gouache.jpg,204,48.330604,1779113423.793293,3.383333,-1400.0,-412.0,2940,1912,1.112116,0.82,0.0,0.0,pix
real_001_s001_2026-05-18_16-09-35-461,001,001,2,P001,wikiart_practice/practice_wikiart_001_surrealistic_gouache.jpg,205,48.347271,1779113423.80996,3.4,-1400.0,-412.0,2940,1912,1.112116,0.82,0.0,0.0,pix
real_001_s001_2026-05-18_16-09-35-461,001,001,2,P001,wikiart_practice/practice_wikiart_001_surrealistic_gouache.jpg,206,48.363938,1779113423.826627,3.416667,-1400.0,-412.0,2940,1912,1.112116,0.82,0.0,0.0,pix
real_001_s001_2026-05-18_16-09-35-461,001,001,2,P001,wikiart_practice/practice_wikiart_001_surrealistic_gouache.jpg,207,48.380604,1779113423.843293,3.433333,-1400.0,-412.0,2940,1912,1.112116,0.82,0.0,0.0,pix
real_001_s001_2026-05-18_16-09-35-461,001,001,2,P001,wikiart_practice/practice_wikiart_001_surrealistic_gouache.jpg,208,48.397271,1779113423.85996,3.45,-1400.0,-412.0,2940,1912,1.112116,0.82,0.0,0.0,pix
real_001_s001_2026-05-18_16-09-35-461,001,001,2,P001,wikiart_practice/practice_wikiart_001_surrealistic_gouache.jpg,209,48.413938,1779113423.876627,3.466667,-1400.0,-412.0,2940,1912,1.112116,0.82,0.0,0.0,pix
real_001_s001_2026-05-18_16-09-35-461,001,001,2,P001,wikiart_practice/practice_wikiart_001_surrealistic_gouache.jpg,210,48.430604,1779113423.893293,3.483333,-1400.0,-412.0,2940,1912,1.112116,0.82,0.0,0.0,pix
real_001_s001_2026-05-18_16-09-35-461,001,001,2,P001,wikiart_practice/practice_wikiart_001_surrealistic_gouache.jpg,211,48.447271,1779113423.90996,3.5,-1400.0,-412.0,2940,1912,1.112116,0.82,0.0,0.0,pix
real_001_s001_2026-05-18_16-09-35-461,001,001,2,P001,wikiart_practice/practice_wikiart_001_surrealistic_gouache.jpg,212,48.463938,1779113423.926627,3.516667,-1400.0,-412.0,2940,1912,1.112116,0.82,0.0,0.0,pix
real_001_s001_2026-05-18_16-09-35-461,001,001,2,P001,wikiart_practice/practice_wikiart_001_surrealistic_gouache.jpg,213,48.480604,1779113423.943293,3.533333,-1400.0,-412.0,2940,1912,1.112116,0.82,0.0,0.0,pix
real_001_s001_2026-05-18_16-09-35-461,001,001,2,P001,wikiart_practice/practice_wikiart_001_surrealistic_gouache.jpg,214,48.497271,1779113423.95996,3.55,-1400.0,-412.0,2940,1912,1.112116,0.82,0.0,0.0,pix
real_001_s001_2026-05-18_16-09-35-461,001,001,2,P001,wikiart_practice/practice_wikiart_001_surrealistic_gouache.jpg,215,48.513938,1779113423.976627,3.566667,-1400.0,-412.0,2940,1912,1.112116,0.82,0.0,0.0,pix
real_001_s001_2026-05-18_16-09-35-461,001,001,2,P001,wikiart_practice/practice_wikiart_001_surrealistic_gouache.jpg,216,48.530604,1779113423.993293,3.583333,-1400.0,-412.0,2940,1912,1.112116,0.82,0.0,0.0,pix
real_001_s001_2026-05-18_16-09-35-461,001,001,2,P001,wikiart_practice/practice_wikiart_001_surrealistic_gouache.jpg,217,48.547271,1779113424.00996,3.6,-1400.0,-412.0,2940,1912,1.112116,0.82,0.0,0.0,pix
real_001_s001_2026-05-18_16-09-35-461,001,001,2,P001,wikiart_practice/practice_wikiart_001_surrealistic_gouache.jpg,218,48.563938,1779113424.026627,3.616667,-1400.0,-412.0,2940,1912,1.112116,0.82,0.0,0.0,pix
real_001_s001_2026-05-18_16-09-35-461,001,001,2,P001,wikiart_practice/practice_wikiart_001_surrealistic_gouache.jpg,219,48.580604,1779113424.043293,3.633333,-1400.0,-412.0,2940,1912,1.112116,0.82,0.0,0.0,pix
real_001_s001_2026-05-18_16-09-35-461,001,001,2,P001,wikiart_practice/practice_wikiart_001_surrealistic_gouache.jpg,220,48.597271,1779113424.05996,3.65,-1400.0,-412.0,2940,1912,1.112116,0.82,0.0,0.0,pix
real_001_s001_2026-05-18_16-09-35-461,001,001,2,P001,wikiart_practice/practice_wikiart_001_surrealistic_gouache.jpg,221,48.613938,1779113424.076627,3.666667,-1400.0,-412.0,2940,1912,1.112116,0.82,0.0,0.0,pix
real_001_s001_2026-05-18_16-09-35-461,001,001,2,P001,wikiart_practice/practice_wikiart_001_surrealistic_gouache.jpg,222,48.630604,1779113424.093293,3.683333,-1400.0,-412.0,2940,1912,1.112116,0.82,0.0,0.0,pix
real_001_s001_2026-05-18_16-09-35-461,001,001,2,P001,wikiart_practice/practice_wikiart_001_surrealistic_gouache.jpg,223,48.647271,1779113424.10996,3.7,-1400.0,-412.0,2940,1912,1.112116,0.82,0.0,0.0,pix
real_001_s001_2026-05-18_16-09-35-461,001,001,2,P001,wikiart_practice/practice_wikiart_001_surrealistic_gouache.jpg,224,48.663938,1779113424.126627,3.716667,-1400.0,-412.0,2940,1912,1.112116,0.82,0.0,0.0,pix
real_001_s001_2026-05-18_16-09-35-461,001,001,2,P001,wikiart_practice/practice_wikiart_001_surrealistic_gouache.jpg,225,48.680604,1779113424.143293,3.733333,-1400.0,-412.0,2940,1912,1.112116,0.82,0.0,0.0,pix
real_001_s001_2026-05-18_16-09-35-461,001,001,2,P001,wikiart_practice/practice_wikiart_001_surrealistic_gouache.jpg,226,48.697271,1779113424.15996,3.75,-1400.0,-412.0,2940,1912,1.112116,0.82,0.0,0.0,pix
real_001_s001_2026-05-18_16-09-35-461,001,001,2,P001,wikiart_practice/practice_wikiart_001_surrealistic_gouache.jpg,227,48.713938,1779113424.176627,3.766667,-1400.0,-412.0,2940,1912,1.112116,0.82,0.0,0.0,pix
real_001_s001_2026-05-18_16-09-35-461,001,001,2,P001,wikiart_practice/practice_wikiart_001_surrealistic_gouache.jpg,228,48.730604,1779113424.193293,3.783333,-1400.0,-412.0,2940,1912,1.112116,0.82,0.0,0.0,pix
real_001_s001_2026-05-18_16-09-35-461,001,001,2,P001,wikiart_practice/practice_wikiart_001_surrealistic_gouache.jpg,229,48.747271,1779113424.20996,3.8,-1400.0,-412.0,2940,1912,1.112116,0.82,0.0,0.0,pix
real_001_s001_2026-05-18_16-09-35-461,001,001,2,P001,wikiart_practice/practice_wikiart_001_surrealistic_gouache.jpg,230,48.763938,1779113424.226627,3.816667,-1400.0,-412.0,2940,1912,1.112116,0.82,0.0,0.0,pix
real_001_s001_2026-05-18_16-09-35-461,001,001,2,P001,wikiart_practice/practice_wikiart_001_surrealistic_gouache.jpg,231,48.780604,1779113424.243293,3.833333,-1400.0,-412.0,2940,1912,1.112116,0.82,0.0,0.0,pix
real_001_s001_2026-05-18_16-09-35-461,001,001,2,P001,wikiart_practice/practice_wikiart_001_surrealistic_gouache.jpg,232,48.797271,1779113424.25996,3.85,-1400.0,-412.0,2940,1912,1.112116,0.82,0.0,0.0,pix
real_001_s001_2026-05-18_16-09-35-461,001,001,2,P001,wikiart_practice/practice_wikiart_001_surrealistic_gouache.jpg,233,48.813938,1779113424.276627,3.866667,-1400.0,-412.0,2940,1912,1.112116,0.82,0.0,0.0,pix
real_001_s001_2026-05-18_16-09-35-461,001,001,2,P001,wikiart_practice/practice_wikiart_001_surrealistic_gouache.jpg,234,48.830604,1779113424.293293,3.883333,-1400.0,-412.0,2940,1912,1.112116,0.82,0.0,0.0,pix
real_001_s001_2026-05-18_16-09-35-461,001,001,2,P001,wikiart_practice/practice_wikiart_001_surrealistic_gouache.jpg,235,48.847271,1779113424.30996,3.9,-1400.0,-412.0,2940,1912,1.112116,0.82,0.0,0.0,pix
real_001_s001_2026-05-18_16-09-35-461,001,001,2,P001,wikiart_practice/practice_wikiart_001_surrealistic_gouache.jpg,236,48.863938,1779113424.326627,3.916667,-1400.0,-412.0,2940,1912,1.112116,0.82,0.0,0.0,pix
real_001_s001_2026-05-18_16-09-35-461,001,001,2,P001,wikiart_practice/practice_wikiart_001_surrealistic_gouache.jpg,237,48.880604,1779113424.343293,3.933333,-1400.0,-412.0,2940,1912,1.112116,0.82,0.0,0.0,pix
real_001_s001_2026-05-18_16-09-35-461,001,001,2,P001,wikiart_practice/practice_wikiart_001_surrealistic_gouache.jpg,238,48.897271,1779113424.35996,3.95,-1400.0,-412.0,2940,1912,1.112116,0.82,0.0,0.0,pix
real_001_s001_2026-05-18_16-09-35-461,001,001,2,P001,wikiart_practice/practice_wikiart_001_surrealistic_gouache.jpg,239,48.913938,1779113424.376627,3.966667,-1400.0,-412.0,2940,1912,1.112116,0.82,0.0,0.0,pix
real_001_s001_2026-05-18_16-09-35-461,001,001,2,P001,wikiart_practice/practice_wikiart_001_surrealistic_gouache.jpg,240,48.930604,1779113424.393293,3.983333,-1400.0,-412.0,2940,1912,1.112116,0.82,0.0,0.0,pix
real_001_s001_2026-05-18_16-09-35-461,001,001,2,P001,wikiart_practice/practice_wikiart_001_surrealistic_gouache.jpg,241,48.947271,1779113424.40996,4.0,-1400.0,-412.0,2940,1912,1.112116,0.82,0.0,0.0,pix
real_001_s001_2026-05-18_16-09-35-461,001,001,2,P001,wikiart_practice/practice_wikiart_001_surrealistic_gouache.jpg,242,48.963938,1779113424.426627,4.016667,-1400.0,-412.0,2940,1912,1.112116,0.82,0.0,0.0,pix
real_001_s001_2026-05-18_16-09-35-461,001,001,2,P001,wikiart_practice/practice_wikiart_001_surrealistic_gouache.jpg,243,48.980604,1779113424.443293,4.033333,-1400.0,-412.0,2940,1912,1.112116,0.82,0.0,0.0,pix
real_001_s001_2026-05-18_16-09-35-461,001,001,2,P001,wikiart_practice/practice_wikiart_001_surrealistic_gouache.jpg,244,48.997271,1779113424.45996,4.05,-1400.0,-412.0,2940,1912,1.112116,0.82,0.0,0.0,pix
real_001_s001_2026-05-18_16-09-35-461,001,001,2,P001,wikiart_practice/practice_wikiart_001_surrealistic_gouache.jpg,245,49.013938,1779113424.476627,4.066667,-1400.0,-412.0,2940,1912,1.112116,0.82,0.0,0.0,pix
real_001_s001_2026-05-18_16-09-35-461,001,001,2,P001,wikiart_practice/practice_wikiart_001_surrealistic_gouache.jpg,246,49.030604,1779113424.493293,4.083333,-1400.0,-412.0,2940,1912,1.112116,0.82,0.0,0.0,pix
real_001_s001_2026-05-18_16-09-35-461,001,001,2,P001,wikiart_practice/practice_wikiart_001_surrealistic_gouache.jpg,247,49.047271,1779113424.50996,4.1,-1400.0,-412.0,2940,1912,1.112116,0.82,0.0,0.0,pix
real_001_s001_2026-05-18_16-09-35-461,001,001,2,P001,wikiart_practice/practice_wikiart_001_surrealistic_gouache.jpg,248,49.063938,1779113424.526627,4.116667,-1400.0,-412.0,2940,1912,1.112116,0.82,0.0,0.0,pix
real_001_s001_2026-05-18_16-09-35-461,001,001,2,P001,wikiart_practice/practice_wikiart_001_surrealistic_gouache.jpg,249,49.080604,1779113424.543293,4.133333,-1400.0,-412.0,2940,1912,1.112116,0.82,0.0,0.0,pix
real_001_s001_2026-05-18_16-09-35-461,001,001,2,P001,wikiart_practice/practice_wikiart_001_surrealistic_gouache.jpg,250,49.097271,1779113424.55996,4.15,-1400.0,-412.0,2940,1912,1.112116,0.82,0.0,0.0,pix
real_001_s001_2026-05-18_16-09-35-461,001,001,2,P001,wikiart_practice/practice_wikiart_001_surrealistic_gouache.jpg,251,49.113938,1779113424.576627,4.166667,-1400.0,-412.0,2940,1912,1.112116,0.82,0.0,0.0,pix
real_001_s001_2026-05-18_16-09-35-461,001,001,2,P001,wikiart_practice/practice_wikiart_001_surrealistic_gouache.jpg,252,49.130604,1779113424.593293,4.183333,-1400.0,-412.0,2940,1912,1.112116,0.82,0.0,0.0,pix
real_001_s001_2026-05-18_16-09-35-461,001,001,2,P001,wikiart_practice/practice_wikiart_001_surrealistic_gouache.jpg,253,49.147271,1779113424.60996,4.2,-1400.0,-412.0,2940,1912,1.112116,0.82,0.0,0.0,pix
real_001_s001_2026-05-18_16-09-35-461,001,001,2,P001,wikiart_practice/practice_wikiart_001_surrealistic_gouache.jpg,254,49.163938,1779113424.626627,4.216667,-1400.0,-412.0,2940,1912,1.112116,0.82,0.0,0.0,pix
real_001_s001_2026-05-18_16-09-35-461,001,001,2,P001,wikiart_practice/practice_wikiart_001_surrealistic_gouache.jpg,255,49.180604,1779113424.643293,4.233333,-1400.0,-412.0,2940,1912,1.112116,0.82,0.0,0.0,pix
real_001_s001_2026-05-18_16-09-35-461,001,001,2,P001,wikiart_practice/practice_wikiart_001_surrealistic_gouache.jpg,256,49.197271,1779113424.65996,4.25,-1400.0,-412.0,2940,1912,1.112116,0.82,0.0,0.0,pix
real_001_s001_2026-05-18_16-09-35-461,001,001,2,P001,wikiart_practice/practice_wikiart_001_surrealistic_gouache.jpg,257,49.213938,1779113424.676627,4.266667,-1400.0,-412.0,2940,1912,1.112116,0.82,0.0,0.0,pix
real_001_s001_2026-05-18_16-09-35-461,001,001,2,P001,wikiart_practice/practice_wikiart_001_surrealistic_gouache.jpg,258,49.230604,1779113424.693293,4.283333,-1400.0,-412.0,2940,1912,1.112116,0.82,0.0,0.0,pix
real_001_s001_2026-05-18_16-09-35-461,001,001,2,P001,wikiart_practice/practice_wikiart_001_surrealistic_gouache.jpg,259,49.247271,1779113424.70996,4.3,-1400.0,-412.0,2940,1912,1.112116,0.82,0.0,0.0,pix
real_001_s001_2026-05-18_16-09-35-461,001,001,2,P001,wikiart_practice/practice_wikiart_001_surrealistic_gouache.jpg,260,49.263938,1779113424.726627,4.316667,-1400.0,-412.0,2940,1912,1.112116,0.82,0.0,0.0,pix
real_001_s001_2026-05-18_16-09-35-461,001,001,2,P001,wikiart_practice/practice_wikiart_001_surrealistic_gouache.jpg,261,49.280604,1779113424.743293,4.333333,-1400.0,-412.0,2940,1912,1.112116,0.82,0.0,0.0,pix
real_001_s001_2026-05-18_16-09-35-461,001,001,2,P001,wikiart_practice/practice_wikiart_001_surrealistic_gouache.jpg,262,49.297271,1779113424.75996,4.35,-1400.0,-412.0,2940,1912,1.112116,0.82,0.0,0.0,pix
real_001_s001_2026-05-18_16-09-35-461,001,001,2,P001,wikiart_practice/practice_wikiart_001_surrealistic_gouache.jpg,263,49.313938,1779113424.776627,4.366667,-1400.0,-412.0,2940,1912,1.112116,0.82,0.0,0.0,pix
real_001_s001_2026-05-18_16-09-35-461,001,001,2,P001,wikiart_practice/practice_wikiart_001_surrealistic_gouache.jpg,264,49.330604,1779113424.793293,4.383333,-1400.0,-412.0,2940,1912,1.112116,0.82,0.0,0.0,pix
real_001_s001_2026-05-18_16-09-35-461,001,001,2,P001,wikiart_practice/practice_wikiart_001_surrealistic_gouache.jpg,265,49.347271,1779113424.80996,4.4,-1400.0,-412.0,2940,1912,1.112116,0.82,0.0,0.0,pix
real_001_s001_2026-05-18_16-09-35-461,001,001,2,P001,wikiart_practice/practice_wikiart_001_surrealistic_gouache.jpg,266,49.363938,1779113424.826627,4.416667,-1400.0,-412.0,2940,1912,1.112116,0.82,0.0,0.0,pix
real_001_s001_2026-05-18_16-09-35-461,001,001,2,P001,wikiart_practice/practice_wikiart_001_surrealistic_gouache.jpg,267,49.380604,1779113424.843293,4.433333,-1400.0,-412.0,2940,1912,1.112116,0.82,0.0,0.0,pix
real_001_s001_2026-05-18_16-09-35-461,001,001,2,P001,wikiart_practice/practice_wikiart_001_surrealistic_gouache.jpg,268,49.397271,1779113424.85996,4.45,-1400.0,-412.0,2940,1912,1.112116,0.82,0.0,0.0,pix
real_001_s001_2026-05-18_16-09-35-461,001,001,2,P001,wikiart_practice/practice_wikiart_001_surrealistic_gouache.jpg,269,49.413938,1779113424.876627,4.466667,-1400.0,-412.0,2940,1912,1.112116,0.82,0.0,0.0,pix
real_001_s001_2026-05-18_16-09-35-461,001,001,2,P001,wikiart_practice/practice_wikiart_001_surrealistic_gouache.jpg,270,49.430604,1779113424.893293,4.483333,-1400.0,-412.0,2940,1912,1.112116,0.82,0.0,0.0,pix
real_001_s001_2026-05-18_16-09-35-461,001,001,2,P001,wikiart_practice/practice_wikiart_001_surrealistic_gouache.jpg,271,49.447271,1779113424.90996,4.5,-1400.0,-412.0,2940,1912,1.112116,0.82,0.0,0.0,pix
real_001_s001_2026-05-18_16-09-35-461,001,001,2,P001,wikiart_practice/practice_wikiart_001_surrealistic_gouache.jpg,272,49.463938,1779113424.926627,4.516667,-1400.0,-412.0,2940,1912,1.112116,0.82,0.0,0.0,pix
real_001_s001_2026-05-18_16-09-35-461,001,001,2,P001,wikiart_practice/practice_wikiart_001_surrealistic_gouache.jpg,273,49.480604,1779113424.943293,4.533333,-1400.0,-412.0,2940,1912,1.112116,0.82,0.0,0.0,pix
real_001_s001_2026-05-18_16-09-35-461,001,001,2,P001,wikiart_practice/practice_wikiart_001_surrealistic_gouache.jpg,274,49.497271,1779113424.95996,4.55,-1400.0,-412.0,2940,1912,1.112116,0.82,0.0,0.0,pix
real_001_s001_2026-05-18_16-09-35-461,001,001,2,P001,wikiart_practice/practice_wikiart_001_surrealistic_gouache.jpg,275,49.513938,1779113424.976627,4.566667,-1400.0,-412.0,2940,1912,1.112116,0.82,0.0,0.0,pix
real_001_s001_2026-05-18_16-09-35-461,001,001,2,P001,wikiart_practice/practice_wikiart_001_surrealistic_gouache.jpg,276,49.530604,1779113424.993293,4.583333,-1400.0,-412.0,2940,1912,1.112116,0.82,0.0,0.0,pix
real_001_s001_2026-05-18_16-09-35-461,001,001,2,P001,wikiart_practice/practice_wikiart_001_surrealistic_gouache.jpg,277,49.547271,1779113425.00996,4.6,-1400.0,-412.0,2940,1912,1.112116,0.82,0.0,0.0,pix
real_001_s001_2026-05-18_16-09-35-461,001,001,2,P001,wikiart_practice/practice_wikiart_001_surrealistic_gouache.jpg,278,49.563938,1779113425.026627,4.616667,-1400.0,-412.0,2940,1912,1.112116,0.82,0.0,0.0,pix
real_001_s001_2026-05-18_16-09-35-461,001,001,2,P001,wikiart_practice/practice_wikiart_001_surrealistic_gouache.jpg,279,49.580604,1779113425.043293,4.633333,-1400.0,-412.0,2940,1912,1.112116,0.82,0.0,0.0,pix
real_001_s001_2026-05-18_16-09-35-461,001,001,2,P001,wikiart_practice/practice_wikiart_001_surrealistic_gouache.jpg,280,49.597271,1779113425.05996,4.65,-1400.0,-412.0,2940,1912,1.112116,0.82,0.0,0.0,pix
real_001_s001_2026-05-18_16-09-35-461,001,001,2,P001,wikiart_practice/practice_wikiart_001_surrealistic_gouache.jpg,281,49.613938,1779113425.076627,4.666667,-1400.0,-412.0,2940,1912,1.112116,0.82,0.0,0.0,pix
real_001_s001_2026-05-18_16-09-35-461,001,001,2,P001,wikiart_practice/practice_wikiart_001_surrealistic_gouache.jpg,282,49.630604,1779113425.093293,4.683333,-1400.0,-412.0,2940,1912,1.112116,0.82,0.0,0.0,pix
real_001_s001_2026-05-18_16-09-35-461,001,001,2,P001,wikiart_practice/practice_wikiart_001_surrealistic_gouache.jpg,283,49.647271,1779113425.10996,4.7,-1400.0,-412.0,2940,1912,1.112116,0.82,0.0,0.0,pix
real_001_s001_2026-05-18_16-09-35-461,001,001,2,P001,wikiart_practice/practice_wikiart_001_surrealistic_gouache.jpg,284,49.663938,1779113425.126627,4.716667,-1400.0,-412.0,2940,1912,1.112116,0.82,0.0,0.0,pix
real_001_s001_2026-05-18_16-09-35-461,001,001,2,P001,wikiart_practice/practice_wikiart_001_surrealistic_gouache.jpg,285,49.680604,1779113425.143293,4.733333,-1400.0,-412.0,2940,1912,1.112116,0.82,0.0,0.0,pix
real_001_s001_2026-05-18_16-09-35-461,001,001,2,P001,wikiart_practice/practice_wikiart_001_surrealistic_gouache.jpg,286,49.697271,1779113425.15996,4.75,-1400.0,-412.0,2940,1912,1.112116,0.82,0.0,0.0,pix
real_001_s001_2026-05-18_16-09-35-461,001,001,2,P001,wikiart_practice/practice_wikiart_001_surrealistic_gouache.jpg,287,49.713938,1779113425.176627,4.766667,-1400.0,-412.0,2940,1912,1.112116,0.82,0.0,0.0,pix
real_001_s001_2026-05-18_16-09-35-461,001,001,2,P001,wikiart_practice/practice_wikiart_001_surrealistic_gouache.jpg,288,49.730604,1779113425.193293,4.783333,-1400.0,-412.0,2940,1912,1.112116,0.82,0.0,0.0,pix
real_001_s001_2026-05-18_16-09-35-461,001,001,2,P001,wikiart_practice/practice_wikiart_001_surrealistic_gouache.jpg,289,49.747271,1779113425.20996,4.8,-1400.0,-412.0,2940,1912,1.112116,0.82,0.0,0.0,pix
real_001_s001_2026-05-18_16-09-35-461,001,001,2,P001,wikiart_practice/practice_wikiart_001_surrealistic_gouache.jpg,290,49.763938,1779113425.226627,4.816667,-1400.0,-412.0,2940,1912,1.112116,0.82,0.0,0.0,pix
real_001_s001_2026-05-18_16-09-35-461,001,001,2,P001,wikiart_practice/practice_wikiart_001_surrealistic_gouache.jpg,291,49.780604,1779113425.243293,4.833333,-1400.0,-412.0,2940,1912,1.112116,0.82,0.0,0.0,pix
real_001_s001_2026-05-18_16-09-35-461,001,001,2,P001,wikiart_practice/practice_wikiart_001_surrealistic_gouache.jpg,292,49.797271,1779113425.25996,4.85,-1400.0,-412.0,2940,1912,1.112116,0.82,0.0,0.0,pix
real_001_s001_2026-05-18_16-09-35-461,001,001,2,P001,wikiart_practice/practice_wikiart_001_surrealistic_gouache.jpg,293,49.813938,1779113425.276627,4.866667,-1400.0,-412.0,2940,1912,1.112116,0.82,0.0,0.0,pix
real_001_s001_2026-05-18_16-09-35-461,001,001,2,P001,wikiart_practice/practice_wikiart_001_surrealistic_gouache.jpg,294,49.830604,1779113425.293293,4.883333,-1400.0,-412.0,2940,1912,1.112116,0.82,0.0,0.0,pix
real_001_s001_2026-05-18_16-09-35-461,001,001,2,P001,wikiart_practice/practice_wikiart_001_surrealistic_gouache.jpg,295,49.847271,1779113425.30996,4.9,-1400.0,-412.0,2940,1912,1.112116,0.82,0.0,0.0,pix
real_001_s001_2026-05-18_16-09-35-461,001,001,2,P001,wikiart_practice/practice_wikiart_001_surrealistic_gouache.jpg,296,49.863938,1779113425.326627,4.916667,-1400.0,-412.0,2940,1912,1.112116,0.82,0.0,0.0,pix
real_001_s001_2026-05-18_16-09-35-461,001,001,2,P001,wikiart_practice/practice_wikiart_001_surrealistic_gouache.jpg,297,49.880604,1779113425.343293,4.933333,-1400.0,-412.0,2940,1912,1.112116,0.82,0.0,0.0,pix
real_001_s001_2026-05-18_16-09-35-461,001,001,2,P001,wikiart_practice/practice_wikiart_001_surrealistic_gouache.jpg,298,49.897271,1779113425.35996,4.95,-1400.0,-412.0,2940,1912,1.112116,0.82,0.0,0.0,pix
real_001_s001_2026-05-18_16-09-35-461,001,001,2,P001,wikiart_practice/practice_wikiart_001_surrealistic_gouache.jpg,299,49.913938,1779113425.376627,4.966667,-1400.0,-412.0,2940,1912,1.112116,0.82,0.0,0.0,pix
real_001_s001_2026-05-18_16-09-35-461,001,001,2,P001,wikiart_practice/practice_wikiart_001_surrealistic_gouache.jpg,300,49.930604,1779113425.393293,4.983333,-1400.0,-412.0,2940,1912,1.112116,0.82,0.0,0.0,pix
real_001_s001_2026-05-18_16-09-35-461,001,001,2,P001,wikiart_practice/practice_wikiart_001_surrealistic_gouache.jpg,301,49.947271,1779113425.40996,5.0,-1400.0,-412.0,2940,1912,1.112116,0.82,0.0,0.0,pix
real_001_s001_2026-05-18_16-09-35-461,001,001,2,P001,wikiart_practice/practice_wikiart_001_surrealistic_gouache.jpg,302,49.963938,1779113425.426627,5.016667,-1400.0,-412.0,2940,1912,1.112116,0.82,0.0,0.0,pix
real_001_s001_2026-05-18_16-09-35-461,001,001,2,P001,wikiart_practice/practice_wikiart_001_surrealistic_gouache.jpg,303,49.980604,1779113425.443293,5.033333,-1400.0,-412.0,2940,1912,1.112116,0.82,0.0,0.0,pix
real_001_s001_2026-05-18_16-09-35-461,001,001,2,P001,wikiart_practice/practice_wikiart_001_surrealistic_gouache.jpg,304,49.997271,1779113425.45996,5.05,-1400.0,-412.0,2940,1912,1.112116,0.82,0.0,0.0,pix
real_001_s001_2026-05-18_16-09-35-461,001,001,2,P001,wikiart_practice/practice_wikiart_001_surrealistic_gouache.jpg,305,50.013938,1779113425.476627,5.066667,-1400.0,-412.0,2940,1912,1.112116,0.82,0.0,0.0,pix
real_001_s001_2026-05-18_16-09-35-461,001,001,2,P001,wikiart_practice/practice_wikiart_001_surrealistic_gouache.jpg,306,50.030604,1779113425.493293,5.083333,-1400.0,-412.0,2940,1912,1.112116,0.82,0.0,0.0,pix
real_001_s001_2026-05-18_16-09-35-461,001,001,2,P001,wikiart_practice/practice_wikiart_001_surrealistic_gouache.jpg,307,50.047271,1779113425.50996,5.1,-1400.0,-412.0,2940,1912,1.112116,0.82,0.0,0.0,pix
real_001_s001_2026-05-18_16-09-35-461,001,001,2,P001,wikiart_practice/practice_wikiart_001_surrealistic_gouache.jpg,308,50.063938,1779113425.526627,5.116667,-1400.0,-412.0,2940,1912,1.112116,0.82,0.0,0.0,pix
real_001_s001_2026-05-18_16-09-35-461,001,001,2,P001,wikiart_practice/practice_wikiart_001_surrealistic_gouache.jpg,309,50.080604,1779113425.543293,5.133333,-1400.0,-412.0,2940,1912,1.112116,0.82,0.0,0.0,pix
real_001_s001_2026-05-18_16-09-35-461,001,001,2,P001,wikiart_practice/practice_wikiart_001_surrealistic_gouache.jpg,310,50.097271,1779113425.55996,5.15,-1400.0,-412.0,2940,1912,1.112116,0.82,0.0,0.0,pix
real_001_s001_2026-05-18_16-09-35-461,001,001,2,P001,wikiart_practice/practice_wikiart_001_surrealistic_gouache.jpg,311,50.113938,1779113425.576627,5.166667,-1400.0,-412.0,2940,1912,1.112116,0.82,0.0,0.0,pix
real_001_s001_2026-05-18_16-09-35-461,001,001,2,P001,wikiart_practice/practice_wikiart_001_surrealistic_gouache.jpg,312,50.130604,1779113425.593293,5.183333,-1400.0,-412.0,2940,1912,1.112116,0.82,0.0,0.0,pix
real_001_s001_2026-05-18_16-09-35-461,001,001,2,P001,wikiart_practice/practice_wikiart_001_surrealistic_gouache.jpg,313,50.147271,1779113425.60996,5.2,-1400.0,-412.0,2940,1912,1.112116,0.82,0.0,0.0,pix
real_001_s001_2026-05-18_16-09-35-461,001,001,2,P001,wikiart_practice/practice_wikiart_001_surrealistic_gouache.jpg,314,50.163938,1779113425.626627,5.216667,-1400.0,-412.0,2940,1912,1.112116,0.82,0.0,0.0,pix
real_001_s001_2026-05-18_16-09-35-461,001,001,2,P001,wikiart_practice/practice_wikiart_001_surrealistic_gouache.jpg,315,50.180604,1779113425.643293,5.233333,-1400.0,-412.0,2940,1912,1.112116,0.82,0.0,0.0,pix
real_001_s001_2026-05-18_16-09-35-461,001,001,2,P001,wikiart_practice/practice_wikiart_001_surrealistic_gouache.jpg,316,50.197271,1779113425.65996,5.25,-1400.0,-412.0,2940,1912,1.112116,0.82,0.0,0.0,pix
real_001_s001_2026-05-18_16-09-35-461,001,001,2,P001,wikiart_practice/practice_wikiart_001_surrealistic_gouache.jpg,317,50.213938,1779113425.676627,5.266667,-1400.0,-412.0,2940,1912,1.112116,0.82,0.0,0.0,pix
real_001_s001_2026-05-18_16-09-35-461,001,001,2,P001,wikiart_practice/practice_wikiart_001_surrealistic_gouache.jpg,318,50.230604,1779113425.693293,5.283333,-1400.0,-412.0,2940,1912,1.112116,0.82,0.0,0.0,pix
real_001_s001_2026-05-18_16-09-35-461,001,001,2,P001,wikiart_practice/practice_wikiart_001_surrealistic_gouache.jpg,319,50.247271,1779113425.70996,5.3,-1400.0,-412.0,2940,1912,1.112116,0.82,0.0,0.0,pix
real_001_s001_2026-05-18_16-09-35-461,001,001,2,P001,wikiart_practice/practice_wikiart_001_surrealistic_gouache.jpg,320,50.263938,1779113425.726627,5.316667,-1400.0,-412.0,2940,1912,1.112116,0.82,0.0,0.0,pix
real_001_s001_2026-05-18_16-09-35-461,001,001,2,P001,wikiart_practice/practice_wikiart_001_surrealistic_gouache.jpg,321,50.280604,1779113425.743293,5.333333,-1400.0,-412.0,2940,1912,1.112116,0.82,0.0,0.0,pix
real_001_s001_2026-05-18_16-09-35-461,001,001,2,P001,wikiart_practice/practice_wikiart_001_surrealistic_gouache.jpg,322,50.297271,1779113425.75996,5.35,-1400.0,-412.0,2940,1912,1.112116,0.82,0.0,0.0,pix
real_001_s001_2026-05-18_16-09-35-461,001,001,2,P001,wikiart_practice/practice_wikiart_001_surrealistic_gouache.jpg,323,50.313938,1779113425.776627,5.366667,-1400.0,-412.0,2940,1912,1.112116,0.82,0.0,0.0,pix
real_001_s001_2026-05-18_16-09-35-461,001,001,2,P001,wikiart_practice/practice_wikiart_001_surrealistic_gouache.jpg,324,50.330604,1779113425.793293,5.383333,-1400.0,-412.0,2940,1912,1.112116,0.82,0.0,0.0,pix
real_001_s001_2026-05-18_16-09-35-461,001,001,2,P001,wikiart_practice/practice_wikiart_001_surrealistic_gouache.jpg,325,50.347271,1779113425.80996,5.4,-1400.0,-412.0,2940,1912,1.112116,0.82,0.0,0.0,pix
real_001_s001_2026-05-18_16-09-35-461,001,001,2,P001,wikiart_practice/practice_wikiart_001_surrealistic_gouache.jpg,326,50.363938,1779113425.826627,5.416667,-1400.0,-412.0,2940,1912,1.112116,0.82,0.0,0.0,pix
real_001_s001_2026-05-18_16-09-35-461,001,001,2,P001,wikiart_practice/practice_wikiart_001_surrealistic_gouache.jpg,327,50.380604,1779113425.843293,5.433333,-1400.0,-412.0,2940,1912,1.112116,0.82,0.0,0.0,pix
real_001_s001_2026-05-18_16-09-35-461,001,001,2,P001,wikiart_practice/practice_wikiart_001_surrealistic_gouache.jpg,328,50.397271,1779113425.85996,5.45,-1400.0,-412.0,2940,1912,1.112116,0.82,0.0,0.0,pix
real_001_s001_2026-05-18_16-09-35-461,001,001,2,P001,wikiart_practice/practice_wikiart_001_surrealistic_gouache.jpg,329,50.413938,1779113425.876627,5.466667,-1400.0,-412.0,2940,1912,1.112116,0.82,0.0,0.0,pix
real_001_s001_2026-05-18_16-09-35-461,001,001,2,P001,wikiart_practice/practice_wikiart_001_surrealistic_gouache.jpg,330,50.430604,1779113425.893293,5.483333,-1400.0,-412.0,2940,1912,1.112116,0.82,0.0,0.0,pix
real_001_s001_2026-05-18_16-09-35-461,001,001,2,P001,wikiart_practice/practice_wikiart_001_surrealistic_gouache.jpg,331,50.447271,1779113425.90996,5.5,-1400.0,-412.0,2940,1912,1.112116,0.82,0.0,0.0,pix
real_001_s001_2026-05-18_16-09-35-461,001,001,2,P001,wikiart_practice/practice_wikiart_001_surrealistic_gouache.jpg,332,50.463938,1779113425.926627,5.516667,-1400.0,-412.0,2940,1912,1.112116,0.82,0.0,0.0,pix
real_001_s001_2026-05-18_16-09-35-461,001,001,2,P001,wikiart_practice/practice_wikiart_001_surrealistic_gouache.jpg,333,50.480604,1779113425.943293,5.533333,-1400.0,-412.0,2940,1912,1.112116,0.82,0.0,0.0,pix
real_001_s001_2026-05-18_16-09-35-461,001,001,2,P001,wikiart_practice/practice_wikiart_001_surrealistic_gouache.jpg,334,50.497271,1779113425.95996,5.55,-1400.0,-412.0,2940,1912,1.112116,0.82,0.0,0.0,pix
real_001_s001_2026-05-18_16-09-35-461,001,001,2,P001,wikiart_practice/practice_wikiart_001_surrealistic_gouache.jpg,335,50.513938,1779113425.976627,5.566667,-1400.0,-412.0,2940,1912,1.112116,0.82,0.0,0.0,pix
real_001_s001_2026-05-18_16-09-35-461,001,001,2,P001,wikiart_practice/practice_wikiart_001_surrealistic_gouache.jpg,336,50.530604,1779113425.993293,5.583333,-1400.0,-412.0,2940,1912,1.112116,0.82,0.0,0.0,pix
real_001_s001_2026-05-18_16-09-35-461,001,001,2,P001,wikiart_practice/practice_wikiart_001_surrealistic_gouache.jpg,337,50.547271,1779113426.00996,5.6,-1400.0,-412.0,2940,1912,1.112116,0.82,0.0,0.0,pix
real_001_s001_2026-05-18_16-09-35-461,001,001,2,P001,wikiart_practice/practice_wikiart_001_surrealistic_gouache.jpg,338,50.563938,1779113426.026627,5.616667,-1400.0,-412.0,2940,1912,1.112116,0.82,0.0,0.0,pix
real_001_s001_2026-05-18_16-09-35-461,001,001,2,P001,wikiart_practice/practice_wikiart_001_surrealistic_gouache.jpg,339,50.580604,1779113426.043293,5.633333,-1400.0,-412.0,2940,1912,1.112116,0.82,0.0,0.0,pix
real_001_s001_2026-05-18_16-09-35-461,001,001,2,P001,wikiart_practice/practice_wikiart_001_surrealistic_gouache.jpg,340,50.597271,1779113426.05996,5.65,-1400.0,-412.0,2940,1912,1.112116,0.82,0.0,0.0,pix
real_001_s001_2026-05-18_16-09-35-461,001,001,2,P001,wikiart_practice/practice_wikiart_001_surrealistic_gouache.jpg,341,50.613938,1779113426.076627,5.666667,-1400.0,-412.0,2940,1912,1.112116,0.82,0.0,0.0,pix
real_001_s001_2026-05-18_16-09-35-461,001,001,2,P001,wikiart_practice/practice_wikiart_001_surrealistic_gouache.jpg,342,50.630604,1779113426.093293,5.683333,-1400.0,-412.0,2940,1912,1.112116,0.82,0.0,0.0,pix
real_001_s001_2026-05-18_16-09-35-461,001,001,2,P001,wikiart_practice/practice_wikiart_001_surrealistic_gouache.jpg,343,50.647271,1779113426.10996,5.7,-1400.0,-412.0,2940,1912,1.112116,0.82,0.0,0.0,pix
real_001_s001_2026-05-18_16-09-35-461,001,001,2,P001,wikiart_practice/practice_wikiart_001_surrealistic_gouache.jpg,344,50.663938,1779113426.126627,5.716667,-1400.0,-412.0,2940,1912,1.112116,0.82,0.0,0.0,pix
real_001_s001_2026-05-18_16-09-35-461,001,001,2,P001,wikiart_practice/practice_wikiart_001_surrealistic_gouache.jpg,345,50.680604,1779113426.143293,5.733333,-1400.0,-412.0,2940,1912,1.112116,0.82,0.0,0.0,pix
real_001_s001_2026-05-18_16-09-35-461,001,001,2,P001,wikiart_practice/practice_wikiart_001_surrealistic_gouache.jpg,346,50.697271,1779113426.15996,5.75,-1400.0,-412.0,2940,1912,1.112116,0.82,0.0,0.0,pix
real_001_s001_2026-05-18_16-09-35-461,001,001,2,P001,wikiart_practice/practice_wikiart_001_surrealistic_gouache.jpg,347,50.713938,1779113426.176627,5.766667,-1400.0,-412.0,2940,1912,1.112116,0.82,0.0,0.0,pix
real_001_s001_2026-05-18_16-09-35-461,001,001,2,P001,wikiart_practice/practice_wikiart_001_surrealistic_gouache.jpg,348,50.730604,1779113426.193293,5.783333,-1400.0,-412.0,2940,1912,1.112116,0.82,0.0,0.0,pix
real_001_s001_2026-05-18_16-09-35-461,001,001,2,P001,wikiart_practice/practice_wikiart_001_surrealistic_gouache.jpg,349,50.747271,1779113426.20996,5.8,-1400.0,-412.0,2940,1912,1.112116,0.82,0.0,0.0,pix
real_001_s001_2026-05-18_16-09-35-461,001,001,2,P001,wikiart_practice/practice_wikiart_001_surrealistic_gouache.jpg,350,50.763938,1779113426.226627,5.816667,-1400.0,-412.0,2940,1912,1.112116,0.82,0.0,0.0,pix
real_001_s001_2026-05-18_16-09-35-461,001,001,2,P001,wikiart_practice/practice_wikiart_001_surrealistic_gouache.jpg,351,50.780604,1779113426.243293,5.833333,-1400.0,-412.0,2940,1912,1.112116,0.82,0.0,0.0,pix
real_001_s001_2026-05-18_16-09-35-461,001,001,2,P001,wikiart_practice/practice_wikiart_001_surrealistic_gouache.jpg,352,50.797271,1779113426.25996,5.85,-1400.0,-412.0,2940,1912,1.112116,0.82,0.0,0.0,pix
real_001_s001_2026-05-18_16-09-35-461,001,001,2,P001,wikiart_practice/practice_wikiart_001_surrealistic_gouache.jpg,353,50.813938,1779113426.276627,5.866667,-1400.0,-412.0,2940,1912,1.112116,0.82,0.0,0.0,pix
real_001_s001_2026-05-18_16-09-35-461,001,001,2,P001,wikiart_practice/practice_wikiart_001_surrealistic_gouache.jpg,354,50.830604,1779113426.293293,5.883333,-1400.0,-412.0,2940,1912,1.112116,0.82,0.0,0.0,pix
real_001_s001_2026-05-18_16-09-35-461,001,001,2,P001,wikiart_practice/practice_wikiart_001_surrealistic_gouache.jpg,355,50.847271,1779113426.30996,5.9,-1400.0,-412.0,2940,1912,1.112116,0.82,0.0,0.0,pix
real_001_s001_2026-05-18_16-09-35-461,001,001,2,P001,wikiart_practice/practice_wikiart_001_surrealistic_gouache.jpg,356,50.863938,1779113426.326627,5.916667,-1400.0,-412.0,2940,1912,1.112116,0.82,0.0,0.0,pix
real_001_s001_2026-05-18_16-09-35-461,001,001,2,P001,wikiart_practice/practice_wikiart_001_surrealistic_gouache.jpg,357,50.880604,1779113426.343293,5.933333,-1400.0,-412.0,2940,1912,1.112116,0.82,0.0,0.0,pix
real_001_s001_2026-05-18_16-09-35-461,001,001,2,P001,wikiart_practice/practice_wikiart_001_surrealistic_gouache.jpg,358,50.897271,1779113426.35996,5.95,-1400.0,-412.0,2940,1912,1.112116,0.82,0.0,0.0,pix
real_001_s001_2026-05-18_16-09-35-461,001,001,2,P001,wikiart_practice/practice_wikiart_001_surrealistic_gouache.jpg,359,50.913938,1779113426.376627,5.966667,-1400.0,-412.0,2940,1912,1.112116,0.82,0.0,0.0,pix
real_001_s001_2026-05-18_16-09-35-461,001,001,2,P001,wikiart_practice/practice_wikiart_001_surrealistic_gouache.jpg,360,50.930604,1779113426.393293,5.983333,-1400.0,-412.0,2940,1912,1.112116,0.82,0.0,0.0,pix
real_001_s001_2026-05-18_16-09-35-461,001,001,2,P001,wikiart_practice/practice_wikiart_001_surrealistic_gouache.jpg,361,50.947271,1779113426.40996,6.0,-1400.0,-412.0,2940,1912,1.112116,0.82,0.0,0.0,pix
real_001_s001_2026-05-18_16-09-35-461,001,001,2,P001,wikiart_practice/practice_wikiart_001_surrealistic_gouache.jpg,362,50.963938,1779113426.426627,6.016667,-1400.0,-412.0,2940,1912,1.112116,0.82,0.0,0.0,pix
real_001_s001_2026-05-18_16-09-35-461,001,001,2,P001,wikiart_practice/practice_wikiart_001_surrealistic_gouache.jpg,363,50.980604,1779113426.443293,6.033333,-1400.0,-412.0,2940,1912,1.112116,0.82,0.0,0.0,pix
real_001_s001_2026-05-18_16-09-35-461,001,001,2,P001,wikiart_practice/practice_wikiart_001_surrealistic_gouache.jpg,364,50.997271,1779113426.45996,6.05,-1400.0,-412.0,2940,1912,1.112116,0.82,0.0,0.0,pix
real_001_s001_2026-05-18_16-09-35-461,001,001,2,P001,wikiart_practice/practice_wikiart_001_surrealistic_gouache.jpg,365,51.013938,1779113426.476627,6.066667,-1400.0,-412.0,2940,1912,1.112116,0.82,0.0,0.0,pix
real_001_s001_2026-05-18_16-09-35-461,001,001,2,P001,wikiart_practice/practice_wikiart_001_surrealistic_gouache.jpg,366,51.030604,1779113426.493293,6.083333,-1400.0,-412.0,2940,1912,1.112116,0.82,0.0,0.0,pix
real_001_s001_2026-05-18_16-09-35-461,001,001,2,P001,wikiart_practice/practice_wikiart_001_surrealistic_gouache.jpg,367,51.047271,1779113426.50996,6.1,-1400.0,-412.0,2940,1912,1.112116,0.82,0.0,0.0,pix
real_001_s001_2026-05-18_16-09-35-461,001,001,2,P001,wikiart_practice/practice_wikiart_001_surrealistic_gouache.jpg,368,51.063938,1779113426.526627,6.116667,-1400.0,-412.0,2940,1912,1.112116,0.82,0.0,0.0,pix
real_001_s001_2026-05-18_16-09-35-461,001,001,2,P001,wikiart_practice/practice_wikiart_001_surrealistic_gouache.jpg,369,51.080604,1779113426.543293,6.133333,-1400.0,-412.0,2940,1912,1.112116,0.82,0.0,0.0,pix
real_001_s001_2026-05-18_16-09-35-461,001,001,2,P001,wikiart_practice/practice_wikiart_001_surrealistic_gouache.jpg,370,51.097271,1779113426.55996,6.15,-1400.0,-412.0,2940,1912,1.112116,0.82,0.0,0.0,pix
real_001_s001_2026-05-18_16-09-35-461,001,001,2,P001,wikiart_practice/practice_wikiart_001_surrealistic_gouache.jpg,371,51.113938,1779113426.576627,6.166667,-1400.0,-412.0,2940,1912,1.112116,0.82,0.0,0.0,pix
real_001_s001_2026-05-18_16-09-35-461,001,001,2,P001,wikiart_practice/practice_wikiart_001_surrealistic_gouache.jpg,372,51.130604,1779113426.593293,6.183333,-1400.0,-412.0,2940,1912,1.112116,0.82,0.0,0.0,pix
real_001_s001_2026-05-18_16-09-35-461,001,001,2,P001,wikiart_practice/practice_wikiart_001_surrealistic_gouache.jpg,373,51.147271,1779113426.60996,6.2,-1400.0,-412.0,2940,1912,1.112116,0.82,0.0,0.0,pix
real_001_s001_2026-05-18_16-09-35-461,001,001,2,P001,wikiart_practice/practice_wikiart_001_surrealistic_gouache.jpg,374,51.163938,1779113426.626627,6.216667,-1400.0,-412.0,2940,1912,1.112116,0.82,0.0,0.0,pix
real_001_s001_2026-05-18_16-09-35-461,001,001,2,P001,wikiart_practice/practice_wikiart_001_surrealistic_gouache.jpg,375,51.180604,1779113426.643293,6.233333,-1400.0,-412.0,2940,1912,1.112116,0.82,0.0,0.0,pix
real_001_s001_2026-05-18_16-09-35-461,001,001,2,P001,wikiart_practice/practice_wikiart_001_surrealistic_gouache.jpg,376,51.197271,1779113426.65996,6.25,-1400.0,-412.0,2940,1912,1.112116,0.82,0.0,0.0,pix
real_001_s001_2026-05-18_16-09-35-461,001,001,2,P001,wikiart_practice/practice_wikiart_001_surrealistic_gouache.jpg,377,51.213938,1779113426.676627,6.266667,-1400.0,-412.0,2940,1912,1.112116,0.82,0.0,0.0,pix
real_001_s001_2026-05-18_16-09-35-461,001,001,2,P001,wikiart_practice/practice_wikiart_001_surrealistic_gouache.jpg,378,51.230604,1779113426.693293,6.283333,-1400.0,-412.0,2940,1912,1.112116,0.82,0.0,0.0,pix
real_001_s001_2026-05-18_16-09-35-461,001,001,2,P001,wikiart_practice/practice_wikiart_001_surrealistic_gouache.jpg,379,51.247271,1779113426.70996,6.3,-1400.0,-412.0,2940,1912,1.112116,0.82,0.0,0.0,pix
real_001_s001_2026-05-18_16-09-35-461,001,001,2,P001,wikiart_practice/practice_wikiart_001_surrealistic_gouache.jpg,380,51.263938,1779113426.726627,6.316667,-1400.0,-412.0,2940,1912,1.112116,0.82,0.0,0.0,pix
real_001_s001_2026-05-18_16-09-35-461,001,001,2,P001,wikiart_practice/practice_wikiart_001_surrealistic_gouache.jpg,381,51.280604,1779113426.743293,6.333333,-1400.0,-412.0,2940,1912,1.112116,0.82,0.0,0.0,pix
real_001_s001_2026-05-18_16-09-35-461,001,001,2,P001,wikiart_practice/practice_wikiart_001_surrealistic_gouache.jpg,382,51.297271,1779113426.75996,6.35,-1400.0,-412.0,2940,1912,1.112116,0.82,0.0,0.0,pix
real_001_s001_2026-05-18_16-09-35-461,001,001,2,P001,wikiart_practice/practice_wikiart_001_surrealistic_gouache.jpg,383,51.313938,1779113426.776627,6.366667,-1400.0,-412.0,2940,1912,1.112116,0.82,0.0,0.0,pix
real_001_s001_2026-05-18_16-09-35-461,001,001,2,P001,wikiart_practice/practice_wikiart_001_surrealistic_gouache.jpg,384,51.330604,1779113426.793293,6.383333,-1400.0,-412.0,2940,1912,1.112116,0.82,0.0,0.0,pix
real_001_s001_2026-05-18_16-09-35-461,001,001,2,P001,wikiart_practice/practice_wikiart_001_surrealistic_gouache.jpg,385,51.347271,1779113426.80996,6.4,-1400.0,-412.0,2940,1912,1.112116,0.82,0.0,0.0,pix
real_001_s001_2026-05-18_16-09-35-461,001,001,2,P001,wikiart_practice/practice_wikiart_001_surrealistic_gouache.jpg,386,51.363938,1779113426.826627,6.416667,-1400.0,-412.0,2940,1912,1.112116,0.82,0.0,0.0,pix
real_001_s001_2026-05-18_16-09-35-461,001,001,2,P001,wikiart_practice/practice_wikiart_001_surrealistic_gouache.jpg,387,51.380604,1779113426.843293,6.433333,-1400.0,-412.0,2940,1912,1.112116,0.82,0.0,0.0,pix
real_001_s001_2026-05-18_16-09-35-461,001,001,2,P001,wikiart_practice/practice_wikiart_001_surrealistic_gouache.jpg,388,51.397271,1779113426.85996,6.45,-1400.0,-412.0,2940,1912,1.112116,0.82,0.0,0.0,pix
real_001_s001_2026-05-18_16-09-35-461,001,001,2,P001,wikiart_practice/practice_wikiart_001_surrealistic_gouache.jpg,389,51.413938,1779113426.876627,6.466667,-1400.0,-412.0,2940,1912,1.112116,0.82,0.0,0.0,pix
real_001_s001_2026-05-18_16-09-35-461,001,001,2,P001,wikiart_practice/practice_wikiart_001_surrealistic_gouache.jpg,390,51.430604,1779113426.893293,6.483333,-1400.0,-412.0,2940,1912,1.112116,0.82,0.0,0.0,pix
real_001_s001_2026-05-18_16-09-35-461,001,001,2,P001,wikiart_practice/practice_wikiart_001_surrealistic_gouache.jpg,391,51.447271,1779113426.90996,6.5,-1400.0,-412.0,2940,1912,1.112116,0.82,0.0,0.0,pix
real_001_s001_2026-05-18_16-09-35-461,001,001,2,P001,wikiart_practice/practice_wikiart_001_surrealistic_gouache.jpg,392,51.463938,1779113426.926627,6.516667,-1400.0,-412.0,2940,1912,1.112116,0.82,0.0,0.0,pix
real_001_s001_2026-05-18_16-09-35-461,001,001,2,P001,wikiart_practice/practice_wikiart_001_surrealistic_gouache.jpg,393,51.480604,1779113426.943293,6.533333,-1400.0,-412.0,2940,1912,1.112116,0.82,0.0,0.0,pix
real_001_s001_2026-05-18_16-09-35-461,001,001,2,P001,wikiart_practice/practice_wikiart_001_surrealistic_gouache.jpg,394,51.497271,1779113426.95996,6.55,-1400.0,-412.0,2940,1912,1.112116,0.82,0.0,0.0,pix
real_001_s001_2026-05-18_16-09-35-461,001,001,2,P001,wikiart_practice/practice_wikiart_001_surrealistic_gouache.jpg,395,51.513938,1779113426.976627,6.566667,-1400.0,-412.0,2940,1912,1.112116,0.82,0.0,0.0,pix
real_001_s001_2026-05-18_16-09-35-461,001,001,2,P001,wikiart_practice/practice_wikiart_001_surrealistic_gouache.jpg,396,51.530604,1779113426.993293,6.583333,-1400.0,-412.0,2940,1912,1.112116,0.82,0.0,0.0,pix
real_001_s001_2026-05-18_16-09-35-461,001,001,2,P001,wikiart_practice/practice_wikiart_001_surrealistic_gouache.jpg,397,51.547271,1779113427.00996,6.6,-1400.0,-412.0,2940,1912,1.112116,0.82,0.0,0.0,pix
real_001_s001_2026-05-18_16-09-35-461,001,001,2,P001,wikiart_practice/practice_wikiart_001_surrealistic_gouache.jpg,398,51.563938,1779113427.026627,6.616667,-1400.0,-412.0,2940,1912,1.112116,0.82,0.0,0.0,pix
real_001_s001_2026-05-18_16-09-35-461,001,001,2,P001,wikiart_practice/practice_wikiart_001_surrealistic_gouache.jpg,399,51.580604,1779113427.043293,6.633333,-1400.0,-412.0,2940,1912,1.112116,0.82,0.0,0.0,pix
real_001_s001_2026-05-18_16-09-35-461,001,001,2,P001,wikiart_practice/practice_wikiart_001_surrealistic_gouache.jpg,400,51.597271,1779113427.05996,6.65,-1400.0,-412.0,2940,1912,1.112116,0.82,0.0,0.0,pix
real_001_s001_2026-05-18_16-09-35-461,001,001,2,P001,wikiart_practice/practice_wikiart_001_surrealistic_gouache.jpg,401,51.613938,1779113427.076627,6.666667,-1400.0,-412.0,2940,1912,1.112116,0.82,0.0,0.0,pix
real_001_s001_2026-05-18_16-09-35-461,001,001,2,P001,wikiart_practice/practice_wikiart_001_surrealistic_gouache.jpg,402,51.630604,1779113427.093293,6.683333,-1400.0,-412.0,2940,1912,1.112116,0.82,0.0,0.0,pix
real_001_s001_2026-05-18_16-09-35-461,001,001,2,P001,wikiart_practice/practice_wikiart_001_surrealistic_gouache.jpg,403,51.647271,1779113427.10996,6.7,-1400.0,-412.0,2940,1912,1.112116,0.82,0.0,0.0,pix
real_001_s001_2026-05-18_16-09-35-461,001,001,2,P001,wikiart_practice/practice_wikiart_001_surrealistic_gouache.jpg,404,51.663938,1779113427.126627,6.716667,-1400.0,-412.0,2940,1912,1.112116,0.82,0.0,0.0,pix
real_001_s001_2026-05-18_16-09-35-461,001,001,2,P001,wikiart_practice/practice_wikiart_001_surrealistic_gouache.jpg,405,51.680604,1779113427.143293,6.733333,-1400.0,-412.0,2940,1912,1.112116,0.82,0.0,0.0,pix
real_001_s001_2026-05-18_16-09-35-461,001,001,2,P001,wikiart_practice/practice_wikiart_001_surrealistic_gouache.jpg,406,51.697271,1779113427.15996,6.75,-1400.0,-412.0,2940,1912,1.112116,0.82,0.0,0.0,pix
real_001_s001_2026-05-18_16-09-35-461,001,001,2,P001,wikiart_practice/practice_wikiart_001_surrealistic_gouache.jpg,407,51.713938,1779113427.176627,6.766667,-1400.0,-412.0,2940,1912,1.112116,0.82,0.0,0.0,pix
real_001_s001_2026-05-18_16-09-35-461,001,001,2,P001,wikiart_practice/practice_wikiart_001_surrealistic_gouache.jpg,408,51.730604,1779113427.193293,6.783333,-1400.0,-412.0,2940,1912,1.112116,0.82,0.0,0.0,pix
real_001_s001_2026-05-18_16-09-35-461,001,001,2,P001,wikiart_practice/practice_wikiart_001_surrealistic_gouache.jpg,409,51.747271,1779113427.20996,6.8,-1400.0,-412.0,2940,1912,1.112116,0.82,0.0,0.0,pix
real_001_s001_2026-05-18_16-09-35-461,001,001,2,P001,wikiart_practice/practice_wikiart_001_surrealistic_gouache.jpg,410,51.763938,1779113427.226627,6.816667,-1400.0,-412.0,2940,1912,1.112116,0.82,0.0,0.0,pix
real_001_s001_2026-05-18_16-09-35-461,001,001,2,P001,wikiart_practice/practice_wikiart_001_surrealistic_gouache.jpg,411,51.780604,1779113427.243293,6.833333,-1400.0,-412.0,2940,1912,1.112116,0.82,0.0,0.0,pix
real_001_s001_2026-05-18_16-09-35-461,001,001,2,P001,wikiart_practice/practice_wikiart_001_surrealistic_gouache.jpg,412,51.797271,1779113427.25996,6.85,-1400.0,-412.0,2940,1912,1.112116,0.82,0.0,0.0,pix
real_001_s001_2026-05-18_16-09-35-461,001,001,2,P001,wikiart_practice/practice_wikiart_001_surrealistic_gouache.jpg,413,51.813938,1779113427.276627,6.866667,-1400.0,-412.0,2940,1912,1.112116,0.82,0.0,0.0,pix
real_001_s001_2026-05-18_16-09-35-461,001,001,2,P001,wikiart_practice/practice_wikiart_001_surrealistic_gouache.jpg,414,51.830604,1779113427.293293,6.883333,-1400.0,-412.0,2940,1912,1.112116,0.82,0.0,0.0,pix
real_001_s001_2026-05-18_16-09-35-461,001,001,2,P001,wikiart_practice/practice_wikiart_001_surrealistic_gouache.jpg,415,51.847271,1779113427.30996,6.9,-1400.0,-412.0,2940,1912,1.112116,0.82,0.0,0.0,pix
real_001_s001_2026-05-18_16-09-35-461,001,001,2,P001,wikiart_practice/practice_wikiart_001_surrealistic_gouache.jpg,416,51.863938,1779113427.326627,6.916667,-1400.0,-412.0,2940,1912,1.112116,0.82,0.0,0.0,pix
real_001_s001_2026-05-18_16-09-35-461,001,001,2,P001,wikiart_practice/practice_wikiart_001_surrealistic_gouache.jpg,417,51.880604,1779113427.343293,6.933333,-1400.0,-412.0,2940,1912,1.112116,0.82,0.0,0.0,pix
real_001_s001_2026-05-18_16-09-35-461,001,001,2,P001,wikiart_practice/practice_wikiart_001_surrealistic_gouache.jpg,418,51.897271,1779113427.35996,6.95,-1400.0,-412.0,2940,1912,1.112116,0.82,0.0,0.0,pix
real_001_s001_2026-05-18_16-09-35-461,001,001,2,P001,wikiart_practice/practice_wikiart_001_surrealistic_gouache.jpg,419,51.913938,1779113427.376627,6.966667,-1400.0,-412.0,2940,1912,1.112116,0.82,0.0,0.0,pix
real_001_s001_2026-05-18_16-09-35-461,001,001,2,P001,wikiart_practice/practice_wikiart_001_surrealistic_gouache.jpg,420,51.930604,1779113427.393293,6.983333,-1400.0,-412.0,2940,1912,1.112116,0.82,0.0,0.0,pix
real_001_s001_2026-05-18_16-09-35-461,001,001,2,P001,wikiart_practice/practice_wikiart_001_surrealistic_gouache.jpg,421,51.947271,1779113427.40996,7.0,-1400.0,-412.0,2940,1912,1.112116,0.82,0.0,0.0,pix
real_001_s001_2026-05-18_16-09-35-461,001,001,2,P001,wikiart_practice/practice_wikiart_001_surrealistic_gouache.jpg,422,51.963938,1779113427.426627,7.016667,-1400.0,-412.0,2940,1912,1.112116,0.82,0.0,0.0,pix
real_001_s001_2026-05-18_16-09-35-461,001,001,2,P001,wikiart_practice/practice_wikiart_001_surrealistic_gouache.jpg,423,51.980604,1779113427.443293,7.033333,-1400.0,-412.0,2940,1912,1.112116,0.82,0.0,0.0,pix
real_001_s001_2026-05-18_16-09-35-461,001,001,2,P001,wikiart_practice/practice_wikiart_001_surrealistic_gouache.jpg,424,51.997271,1779113427.45996,7.05,-1400.0,-412.0,2940,1912,1.112116,0.82,0.0,0.0,pix
real_001_s001_2026-05-18_16-09-35-461,001,001,2,P001,wikiart_practice/practice_wikiart_001_surrealistic_gouache.jpg,425,52.013938,1779113427.476627,7.066667,-1400.0,-412.0,2940,1912,1.112116,0.82,0.0,0.0,pix
real_001_s001_2026-05-18_16-09-35-461,001,001,2,P001,wikiart_practice/practice_wikiart_001_surrealistic_gouache.jpg,426,52.030604,1779113427.493293,7.083333,-1400.0,-412.0,2940,1912,1.112116,0.82,0.0,0.0,pix
real_001_s001_2026-05-18_16-09-35-461,001,001,2,P001,wikiart_practice/practice_wikiart_001_surrealistic_gouache.jpg,427,52.047271,1779113427.50996,7.1,-1400.0,-412.0,2940,1912,1.112116,0.82,0.0,0.0,pix
real_001_s001_2026-05-18_16-09-35-461,001,001,2,P001,wikiart_practice/practice_wikiart_001_surrealistic_gouache.jpg,428,52.063938,1779113427.526627,7.116667,-1400.0,-412.0,2940,1912,1.112116,0.82,0.0,0.0,pix
real_001_s001_2026-05-18_16-09-35-461,001,001,2,P001,wikiart_practice/practice_wikiart_001_surrealistic_gouache.jpg,429,52.080604,1779113427.543293,7.133333,-1400.0,-412.0,2940,1912,1.112116,0.82,0.0,0.0,pix
real_001_s001_2026-05-18_16-09-35-461,001,001,2,P001,wikiart_practice/practice_wikiart_001_surrealistic_gouache.jpg,430,52.097271,1779113427.55996,7.15,-1400.0,-412.0,2940,1912,1.112116,0.82,0.0,0.0,pix
real_001_s001_2026-05-18_16-09-35-461,001,001,2,P001,wikiart_practice/practice_wikiart_001_surrealistic_gouache.jpg,431,52.113938,1779113427.576627,7.166667,-1400.0,-412.0,2940,1912,1.112116,0.82,0.0,0.0,pix
real_001_s001_2026-05-18_16-09-35-461,001,001,2,P001,wikiart_practice/practice_wikiart_001_surrealistic_gouache.jpg,432,52.130604,1779113427.593293,7.183333,-1400.0,-412.0,2940,1912,1.112116,0.82,0.0,0.0,pix
real_001_s001_2026-05-18_16-09-35-461,001,001,2,P001,wikiart_practice/practice_wikiart_001_surrealistic_gouache.jpg,433,52.147271,1779113427.60996,7.2,-1400.0,-412.0,2940,1912,1.112116,0.82,0.0,0.0,pix
real_001_s001_2026-05-18_16-09-35-461,001,001,2,P001,wikiart_practice/practice_wikiart_001_surrealistic_gouache.jpg,434,52.163938,1779113427.626627,7.216667,-1400.0,-412.0,2940,1912,1.112116,0.82,0.0,0.0,pix
real_001_s001_2026-05-18_16-09-35-461,001,001,2,P001,wikiart_practice/practice_wikiart_001_surrealistic_gouache.jpg,435,52.180604,1779113427.643293,7.233333,-1400.0,-412.0,2940,1912,1.112116,0.82,0.0,0.0,pix
real_001_s001_2026-05-18_16-09-35-461,001,001,2,P001,wikiart_practice/practice_wikiart_001_surrealistic_gouache.jpg,436,52.197271,1779113427.65996,7.25,-1400.0,-412.0,2940,1912,1.112116,0.82,0.0,0.0,pix
real_001_s001_2026-05-18_16-09-35-461,001,001,2,P001,wikiart_practice/practice_wikiart_001_surrealistic_gouache.jpg,437,52.213938,1779113427.676627,7.266667,-1400.0,-412.0,2940,1912,1.112116,0.82,0.0,0.0,pix
real_001_s001_2026-05-18_16-09-35-461,001,001,2,P001,wikiart_practice/practice_wikiart_001_surrealistic_gouache.jpg,438,52.230604,1779113427.693293,7.283333,-1400.0,-412.0,2940,1912,1.112116,0.82,0.0,0.0,pix
real_001_s001_2026-05-18_16-09-35-461,001,001,2,P001,wikiart_practice/practice_wikiart_001_surrealistic_gouache.jpg,439,52.247271,1779113427.70996,7.3,-1400.0,-412.0,2940,1912,1.112116,0.82,0.0,0.0,pix
real_001_s001_2026-05-18_16-09-35-461,001,001,2,P001,wikiart_practice/practice_wikiart_001_surrealistic_gouache.jpg,440,52.263938,1779113427.726627,7.316667,-1400.0,-412.0,2940,1912,1.112116,0.82,0.0,0.0,pix
real_001_s001_2026-05-18_16-09-35-461,001,001,2,P001,wikiart_practice/practice_wikiart_001_surrealistic_gouache.jpg,441,52.280604,1779113427.743293,7.333333,-1400.0,-412.0,2940,1912,1.112116,0.82,0.0,0.0,pix
real_001_s001_2026-05-18_16-09-35-461,001,001,2,P001,wikiart_practice/practice_wikiart_001_surrealistic_gouache.jpg,442,52.297271,1779113427.75996,7.35,-1400.0,-412.0,2940,1912,1.112116,0.82,0.0,0.0,pix
real_001_s001_2026-05-18_16-09-35-461,001,001,2,P001,wikiart_practice/practice_wikiart_001_surrealistic_gouache.jpg,443,52.313938,1779113427.776627,7.366667,-1400.0,-412.0,2940,1912,1.112116,0.82,0.0,0.0,pix
real_001_s001_2026-05-18_16-09-35-461,001,001,2,P001,wikiart_practice/practice_wikiart_001_surrealistic_gouache.jpg,444,52.330604,1779113427.793293,7.383333,-1400.0,-412.0,2940,1912,1.112116,0.82,0.0,0.0,pix
real_001_s001_2026-05-18_16-09-35-461,001,001,2,P001,wikiart_practice/practice_wikiart_001_surrealistic_gouache.jpg,445,52.347271,1779113427.80996,7.4,-1400.0,-412.0,2940,1912,1.112116,0.82,0.0,0.0,pix
real_001_s001_2026-05-18_16-09-35-461,001,001,2,P001,wikiart_practice/practice_wikiart_001_surrealistic_gouache.jpg,446,52.363938,1779113427.826627,7.416667,-1400.0,-412.0,2940,1912,1.112116,0.82,0.0,0.0,pix
real_001_s001_2026-05-18_16-09-35-461,001,001,2,P001,wikiart_practice/practice_wikiart_001_surrealistic_gouache.jpg,447,52.380604,1779113427.843293,7.433333,-1400.0,-412.0,2940,1912,1.112116,0.82,0.0,0.0,pix
real_001_s001_2026-05-18_16-09-35-461,001,001,2,P001,wikiart_practice/practice_wikiart_001_surrealistic_gouache.jpg,448,52.397271,1779113427.85996,7.45,-1400.0,-412.0,2940,1912,1.112116,0.82,0.0,0.0,pix
real_001_s001_2026-05-18_16-09-35-461,001,001,2,P001,wikiart_practice/practice_wikiart_001_surrealistic_gouache.jpg,449,52.413938,1779113427.876627,7.466667,-1400.0,-412.0,2940,1912,1.112116,0.82,0.0,0.0,pix
real_001_s001_2026-05-18_16-09-35-461,001,001,2,P001,wikiart_practice/practice_wikiart_001_surrealistic_gouache.jpg,450,52.430604,1779113427.893293,7.483333,-1400.0,-412.0,2940,1912,1.112116,0.82,0.0,0.0,pix
real_001_s001_2026-05-18_16-09-35-461,001,001,2,P001,wikiart_practice/practice_wikiart_001_surrealistic_gouache.jpg,451,52.447271,1779113427.90996,7.5,-1400.0,-412.0,2940,1912,1.112116,0.82,0.0,0.0,pix
real_001_s001_2026-05-18_16-09-35-461,001,001,2,P001,wikiart_practice/practice_wikiart_001_surrealistic_gouache.jpg,452,52.463938,1779113427.926627,7.516667,-1400.0,-412.0,2940,1912,1.112116,0.82,0.0,0.0,pix
real_001_s001_2026-05-18_16-09-35-461,001,001,2,P001,wikiart_practice/practice_wikiart_001_surrealistic_gouache.jpg,453,52.480604,1779113427.943293,7.533333,-1400.0,-412.0,2940,1912,1.112116,0.82,0.0,0.0,pix
real_001_s001_2026-05-18_16-09-35-461,001,001,2,P001,wikiart_practice/practice_wikiart_001_surrealistic_gouache.jpg,454,52.497271,1779113427.95996,7.55,-1400.0,-412.0,2940,1912,1.112116,0.82,0.0,0.0,pix
real_001_s001_2026-05-18_16-09-35-461,001,001,2,P001,wikiart_practice/practice_wikiart_001_surrealistic_gouache.jpg,455,52.513938,1779113427.976627,7.566667,-1400.0,-412.0,2940,1912,1.112116,0.82,0.0,0.0,pix
real_001_s001_2026-05-18_16-09-35-461,001,001,2,P001,wikiart_practice/practice_wikiart_001_surrealistic_gouache.jpg,456,52.530604,1779113427.993293,7.583333,-1400.0,-412.0,2940,1912,1.112116,0.82,0.0,0.0,pix
real_001_s001_2026-05-18_16-09-35-461,001,001,2,P001,wikiart_practice/practice_wikiart_001_surrealistic_gouache.jpg,457,52.547271,1779113428.00996,7.6,-1400.0,-412.0,2940,1912,1.112116,0.82,0.0,0.0,pix
real_001_s001_2026-05-18_16-09-35-461,001,001,2,P001,wikiart_practice/practice_wikiart_001_surrealistic_gouache.jpg,458,52.563938,1779113428.026627,7.616667,-1400.0,-412.0,2940,1912,1.112116,0.82,0.0,0.0,pix
real_001_s001_2026-05-18_16-09-35-461,001,001,2,P001,wikiart_practice/practice_wikiart_001_surrealistic_gouache.jpg,459,52.580604,1779113428.043293,7.633333,-1400.0,-412.0,2940,1912,1.112116,0.82,0.0,0.0,pix
real_001_s001_2026-05-18_16-09-35-461,001,001,2,P001,wikiart_practice/practice_wikiart_001_surrealistic_gouache.jpg,460,52.597271,1779113428.05996,7.65,-1400.0,-412.0,2940,1912,1.112116,0.82,0.0,0.0,pix
real_001_s001_2026-05-18_16-09-35-461,001,001,2,P001,wikiart_practice/practice_wikiart_001_surrealistic_gouache.jpg,461,52.613938,1779113428.076627,7.666667,-1400.0,-412.0,2940,1912,1.112116,0.82,0.0,0.0,pix
real_001_s001_2026-05-18_16-09-35-461,001,001,2,P001,wikiart_practice/practice_wikiart_001_surrealistic_gouache.jpg,462,52.630604,1779113428.093293,7.683333,-1400.0,-412.0,2940,1912,1.112116,0.82,0.0,0.0,pix
real_001_s001_2026-05-18_16-09-35-461,001,001,2,P001,wikiart_practice/practice_wikiart_001_surrealistic_gouache.jpg,463,52.647271,1779113428.10996,7.7,-1400.0,-412.0,2940,1912,1.112116,0.82,0.0,0.0,pix
real_001_s001_2026-05-18_16-09-35-461,001,001,2,P001,wikiart_practice/practice_wikiart_001_surrealistic_gouache.jpg,464,52.663938,1779113428.126627,7.716667,-1400.0,-412.0,2940,1912,1.112116,0.82,0.0,0.0,pix
real_001_s001_2026-05-18_16-09-35-461,001,001,2,P001,wikiart_practice/practice_wikiart_001_surrealistic_gouache.jpg,465,52.680604,1779113428.143293,7.733333,-1400.0,-412.0,2940,1912,1.112116,0.82,0.0,0.0,pix
real_001_s001_2026-05-18_16-09-35-461,001,001,2,P001,wikiart_practice/practice_wikiart_001_surrealistic_gouache.jpg,466,52.697271,1779113428.15996,7.75,-1400.0,-412.0,2940,1912,1.112116,0.82,0.0,0.0,pix
real_001_s001_2026-05-18_16-09-35-461,001,001,2,P001,wikiart_practice/practice_wikiart_001_surrealistic_gouache.jpg,467,52.713938,1779113428.176627,7.766667,-1400.0,-412.0,2940,1912,1.112116,0.82,0.0,0.0,pix
real_001_s001_2026-05-18_16-09-35-461,001,001,2,P001,wikiart_practice/practice_wikiart_001_surrealistic_gouache.jpg,468,52.730604,1779113428.193293,7.783333,-1400.0,-412.0,2940,1912,1.112116,0.82,0.0,0.0,pix
real_001_s001_2026-05-18_16-09-35-461,001,001,2,P001,wikiart_practice/practice_wikiart_001_surrealistic_gouache.jpg,469,52.747271,1779113428.20996,7.8,-1400.0,-412.0,2940,1912,1.112116,0.82,0.0,0.0,pix
real_001_s001_2026-05-18_16-09-35-461,001,001,2,P001,wikiart_practice/practice_wikiart_001_surrealistic_gouache.jpg,470,52.763938,1779113428.226627,7.816667,-1400.0,-412.0,2940,1912,1.112116,0.82,0.0,0.0,pix
real_001_s001_2026-05-18_16-09-35-461,001,001,2,P001,wikiart_practice/practice_wikiart_001_surrealistic_gouache.jpg,471,52.780604,1779113428.243293,7.833333,-1400.0,-412.0,2940,1912,1.112116,0.82,0.0,0.0,pix
real_001_s001_2026-05-18_16-09-35-461,001,001,2,P001,wikiart_practice/practice_wikiart_001_surrealistic_gouache.jpg,472,52.797271,1779113428.25996,7.85,-1400.0,-412.0,2940,1912,1.112116,0.82,0.0,0.0,pix
real_001_s001_2026-05-18_16-09-35-461,001,001,2,P001,wikiart_practice/practice_wikiart_001_surrealistic_gouache.jpg,473,52.813938,1779113428.276627,7.866667,-1400.0,-412.0,2940,1912,1.112116,0.82,0.0,0.0,pix
real_001_s001_2026-05-18_16-09-35-461,001,001,2,P001,wikiart_practice/practice_wikiart_001_surrealistic_gouache.jpg,474,52.830604,1779113428.293293,7.883333,-1400.0,-412.0,2940,1912,1.112116,0.82,0.0,0.0,pix
real_001_s001_2026-05-18_16-09-35-461,001,001,2,P001,wikiart_practice/practice_wikiart_001_surrealistic_gouache.jpg,475,52.847271,1779113428.30996,7.9,-1400.0,-412.0,2940,1912,1.112116,0.82,0.0,0.0,pix
real_001_s001_2026-05-18_16-09-35-461,001,001,2,P001,wikiart_practice/practice_wikiart_001_surrealistic_gouache.jpg,476,52.863938,1779113428.326627,7.916667,-1400.0,-412.0,2940,1912,1.112116,0.82,0.0,0.0,pix
real_001_s001_2026-05-18_16-09-35-461,001,001,2,P001,wikiart_practice/practice_wikiart_001_surrealistic_gouache.jpg,477,52.880604,1779113428.343293,7.933333,-1400.0,-412.0,2940,1912,1.112116,0.82,0.0,0.0,pix
real_001_s001_2026-05-18_16-09-35-461,001,001,2,P001,wikiart_practice/practice_wikiart_001_surrealistic_gouache.jpg,478,52.897271,1779113428.35996,7.95,-1400.0,-412.0,2940,1912,1.112116,0.82,0.0,0.0,pix
real_001_s001_2026-05-18_16-09-35-461,001,001,2,P001,wikiart_practice/practice_wikiart_001_surrealistic_gouache.jpg,479,52.913938,1779113428.376627,7.966667,-1400.0,-412.0,2940,1912,1.112116,0.82,0.0,0.0,pix
real_001_s001_2026-05-18_16-09-35-461,001,001,2,P001,wikiart_practice/practice_wikiart_001_surrealistic_gouache.jpg,480,52.930604,1779113428.393293,7.983333,-1400.0,-412.0,2940,1912,1.112116,0.82,0.0,0.0,pix
real_001_s001_2026-05-18_16-09-35-461,001,001,2,P001,wikiart_practice/practice_wikiart_001_surrealistic_gouache.jpg,481,52.947271,1779113428.40996,8.0,-1400.0,-412.0,2940,1912,1.112116,0.82,0.0,0.0,pix
real_001_s001_2026-05-18_16-09-35-461,001,001,2,P001,wikiart_practice/practice_wikiart_001_surrealistic_gouache.jpg,482,52.963938,1779113428.426627,8.016667,-1400.0,-412.0,2940,1912,1.112116,0.82,0.0,0.0,pix
real_001_s001_2026-05-18_16-09-35-461,001,001,2,P001,wikiart_practice/practice_wikiart_001_surrealistic_gouache.jpg,483,52.980604,1779113428.443293,8.033333,-1400.0,-412.0,2940,1912,1.112116,0.82,0.0,0.0,pix
real_001_s001_2026-05-18_16-09-35-461,001,001,2,P001,wikiart_practice/practice_wikiart_001_surrealistic_gouache.jpg,484,52.997271,1779113428.45996,8.05,-1400.0,-412.0,2940,1912,1.112116,0.82,0.0,0.0,pix
real_001_s001_2026-05-18_16-09-35-461,001,001,2,P001,wikiart_practice/practice_wikiart_001_surrealistic_gouache.jpg,485,53.013938,1779113428.476627,8.066667,-1400.0,-412.0,2940,1912,1.112116,0.82,0.0,0.0,pix
real_001_s001_2026-05-18_16-09-35-461,001,001,2,P001,wikiart_practice/practice_wikiart_001_surrealistic_gouache.jpg,486,53.030604,1779113428.493293,8.083333,-1400.0,-412.0,2940,1912,1.112116,0.82,0.0,0.0,pix
real_001_s001_2026-05-18_16-09-35-461,001,001,2,P001,wikiart_practice/practice_wikiart_001_surrealistic_gouache.jpg,487,53.047271,1779113428.50996,8.1,-1400.0,-412.0,2940,1912,1.112116,0.82,0.0,0.0,pix
real_001_s001_2026-05-18_16-09-35-461,001,001,2,P001,wikiart_practice/practice_wikiart_001_surrealistic_gouache.jpg,488,53.063938,1779113428.526627,8.116667,-1400.0,-412.0,2940,1912,1.112116,0.82,0.0,0.0,pix
real_001_s001_2026-05-18_16-09-35-461,001,001,2,P001,wikiart_practice/practice_wikiart_001_surrealistic_gouache.jpg,489,53.080604,1779113428.543293,8.133333,-1400.0,-412.0,2940,1912,1.112116,0.82,0.0,0.0,pix
real_001_s001_2026-05-18_16-09-35-461,001,001,2,P001,wikiart_practice/practice_wikiart_001_surrealistic_gouache.jpg,490,53.097271,1779113428.55996,8.15,-1400.0,-412.0,2940,1912,1.112116,0.82,0.0,0.0,pix
real_001_s001_2026-05-18_16-09-35-461,001,001,2,P001,wikiart_practice/practice_wikiart_001_surrealistic_gouache.jpg,491,53.113938,1779113428.576627,8.166667,-1400.0,-412.0,2940,1912,1.112116,0.82,0.0,0.0,pix
real_001_s001_2026-05-18_16-09-35-461,001,001,2,P001,wikiart_practice/practice_wikiart_001_surrealistic_gouache.jpg,492,53.130604,1779113428.593293,8.183333,-1400.0,-412.0,2940,1912,1.112116,0.82,0.0,0.0,pix
real_001_s001_2026-05-18_16-09-35-461,001,001,2,P001,wikiart_practice/practice_wikiart_001_surrealistic_gouache.jpg,493,53.147271,1779113428.60996,8.2,-1400.0,-412.0,2940,1912,1.112116,0.82,0.0,0.0,pix
real_001_s001_2026-05-18_16-09-35-461,001,001,2,P001,wikiart_practice/practice_wikiart_001_surrealistic_gouache.jpg,494,53.163938,1779113428.626627,8.216667,-1400.0,-412.0,2940,1912,1.112116,0.82,0.0,0.0,pix
real_001_s001_2026-05-18_16-09-35-461,001,001,2,P001,wikiart_practice/practice_wikiart_001_surrealistic_gouache.jpg,495,53.180604,1779113428.643293,8.233333,-1400.0,-412.0,2940,1912,1.112116,0.82,0.0,0.0,pix
real_001_s001_2026-05-18_16-09-35-461,001,001,2,P001,wikiart_practice/practice_wikiart_001_surrealistic_gouache.jpg,496,53.197271,1779113428.65996,8.25,-1400.0,-412.0,2940,1912,1.112116,0.82,0.0,0.0,pix
real_001_s001_2026-05-18_16-09-35-461,001,001,2,P001,wikiart_practice/practice_wikiart_001_surrealistic_gouache.jpg,497,53.213938,1779113428.676627,8.266667,-1400.0,-412.0,2940,1912,1.112116,0.82,0.0,0.0,pix
real_001_s001_2026-05-18_16-09-35-461,001,001,2,P001,wikiart_practice/practice_wikiart_001_surrealistic_gouache.jpg,498,53.230604,1779113428.693293,8.283333,-1400.0,-412.0,2940,1912,1.112116,0.82,0.0,0.0,pix
real_001_s001_2026-05-18_16-09-35-461,001,001,2,P001,wikiart_practice/practice_wikiart_001_surrealistic_gouache.jpg,499,53.247271,1779113428.70996,8.3,-1400.0,-412.0,2940,1912,1.112116,0.82,0.0,0.0,pix
real_001_s001_2026-05-18_16-09-35-461,001,001,2,P001,wikiart_practice/practice_wikiart_001_surrealistic_gouache.jpg,500,53.263938,1779113428.726627,8.316667,-1400.0,-412.0,2940,1912,1.112116,0.82,0.0,0.0,pix
real_001_s001_2026-05-18_16-09-35-461,001,001,2,P001,wikiart_practice/practice_wikiart_001_surrealistic_gouache.jpg,501,53.280604,1779113428.743293,8.333333,-1400.0,-412.0,2940,1912,1.112116,0.82,0.0,0.0,pix
real_001_s001_2026-05-18_16-09-35-461,001,001,2,P001,wikiart_practice/practice_wikiart_001_surrealistic_gouache.jpg,502,53.297271,1779113428.75996,8.35,-1400.0,-412.0,2940,1912,1.112116,0.82,0.0,0.0,pix
real_001_s001_2026-05-18_16-09-35-461,001,001,2,P001,wikiart_practice/practice_wikiart_001_surrealistic_gouache.jpg,503,53.313938,1779113428.776627,8.366667,-1400.0,-412.0,2940,1912,1.112116,0.82,0.0,0.0,pix
real_001_s001_2026-05-18_16-09-35-461,001,001,2,P001,wikiart_practice/practice_wikiart_001_surrealistic_gouache.jpg,504,53.330604,1779113428.793293,8.383333,-1400.0,-412.0,2940,1912,1.112116,0.82,0.0,0.0,pix
