run_id,participant,session,trial_index,trial_id,image_file,sample_index,sample_session_s,sample_unix_s,sample_from_image_onset_s,gaze_x_pix,gaze_y_pix,units
real_001_s001_2026-05-10_16-11-47-020,001,001,1,P002,P002.ppm,1,78.473065,1778422385.493624,0.0,204.0,10.0,pix
real_001_s001_2026-05-10_16-11-47-020,001,001,1,P002,P002.ppm,2,78.489732,1778422385.510291,0.016667,204.0,10.0,pix
real_001_s001_2026-05-10_16-11-47-020,001,001,1,P002,P002.ppm,3,78.506398,1778422385.526957,0.033333,204.0,10.0,pix
real_001_s001_2026-05-10_16-11-47-020,001,001,1,P002,P002.ppm,4,78.523065,1778422385.543624,0.05,204.0,10.0,pix
real_001_s001_2026-05-10_16-11-47-020,001,001,1,P002,P002.ppm,5,78.539732,1778422385.560291,0.066667,204.0,10.0,pix
real_001_s001_2026-05-10_16-11-47-020,001,001,1,P002,P002.ppm,6,78.556398,1778422385.576957,0.083333,204.0,10.0,pix
real_001_s001_2026-05-10_16-11-47-020,001,001,1,P002,P002.ppm,7,78.573065,1778422385.593624,0.1,204.0,10.0,pix
real_001_s001_2026-05-10_16-11-47-020,001,001,1,P002,P002.ppm,8,78.589732,1778422385.610291,0.116667,204.0,10.0,pix
real_001_s001_2026-05-10_16-11-47-020,001,001,1,P002,P002.ppm,9,78.606398,1778422385.626957,0.133333,204.0,10.0,pix
real_001_s001_2026-05-10_16-11-47-020,001,001,1,P002,P002.ppm,10,78.623065,1778422385.643624,0.15,204.0,10.0,pix
real_001_s001_2026-05-10_16-11-47-020,001,001,1,P002,P002.ppm,11,78.639732,1778422385.660291,0.166667,204.0,10.0,pix
real_001_s001_2026-05-10_16-11-47-020,001,001,1,P002,P002.ppm,12,78.656398,1778422385.676957,0.183333,204.0,10.0,pix
real_001_s001_2026-05-10_16-11-47-020,001,001,1,P002,P002.ppm,13,78.673065,1778422385.693624,0.2,204.0,10.0,pix
real_001_s001_2026-05-10_16-11-47-020,001,001,1,P002,P002.ppm,14,78.689732,1778422385.710291,0.216667,204.0,10.0,pix
real_001_s001_2026-05-10_16-11-47-020,001,001,1,P002,P002.ppm,15,78.706398,1778422385.726957,0.233333,204.0,10.0,pix
real_001_s001_2026-05-10_16-11-47-020,001,001,1,P002,P002.ppm,16,78.723065,1778422385.743624,0.25,204.0,10.0,pix
real_001_s001_2026-05-10_16-11-47-020,001,001,1,P002,P002.ppm,17,78.739732,1778422385.760291,0.266667,204.0,10.0,pix
real_001_s001_2026-05-10_16-11-47-020,001,001,1,P002,P002.ppm,18,78.756398,1778422385.776957,0.283333,204.0,10.0,pix
real_001_s001_2026-05-10_16-11-47-020,001,001,1,P002,P002.ppm,19,78.773065,1778422385.793624,0.3,204.0,10.0,pix
real_001_s001_2026-05-10_16-11-47-020,001,001,1,P002,P002.ppm,20,78.789732,1778422385.810291,0.316667,204.0,10.0,pix
real_001_s001_2026-05-10_16-11-47-020,001,001,1,P002,P002.ppm,21,78.806398,1778422385.826957,0.333333,204.0,10.0,pix
real_001_s001_2026-05-10_16-11-47-020,001,001,1,P002,P002.ppm,22,78.823065,1778422385.843624,0.35,204.0,10.0,pix
real_001_s001_2026-05-10_16-11-47-020,001,001,1,P002,P002.ppm,23,78.839732,1778422385.860291,0.366667,204.0,10.0,pix
real_001_s001_2026-05-10_16-11-47-020,001,001,1,P002,P002.ppm,24,78.856398,1778422385.876957,0.383333,204.0,10.0,pix
real_001_s001_2026-05-10_16-11-47-020,001,001,1,P002,P002.ppm,25,78.873065,1778422385.893624,0.4,204.0,10.0,pix
real_001_s001_2026-05-10_16-11-47-020,001,001,1,P002,P002.ppm,26,78.889732,1778422385.910291,0.416667,204.0,10.0,pix
real_001_s001_2026-05-10_16-11-47-020,001,001,1,P002,P002.ppm,27,78.906398,1778422385.926957,0.433333,204.0,10.0,pix
real_001_s001_2026-05-10_16-11-47-020,001,001,1,P002,P002.ppm,28,78.923065,1778422385.943624,0.45,204.0,10.0,pix
real_001_s001_2026-05-10_16-11-47-020,001,001,1,P002,P002.ppm,29,78.939732,1778422385.960291,0.466667,204.0,10.0,pix
real_001_s001_2026-05-10_16-11-47-020,001,001,1,P002,P002.ppm,30,78.956398,1778422385.976957,0.483333,204.0,10.0,pix
real_001_s001_2026-05-10_16-11-47-020,001,001,1,P002,P002.ppm,31,78.973065,1778422385.993624,0.5,204.0,10.0,pix
real_001_s001_2026-05-10_16-11-47-020,001,001,1,P002,P002.ppm,32,78.989732,1778422386.010291,0.516667,204.0,10.0,pix
real_001_s001_2026-05-10_16-11-47-020,001,001,1,P002,P002.ppm,33,79.006398,1778422386.026957,0.533333,204.0,10.0,pix
real_001_s001_2026-05-10_16-11-47-020,001,001,1,P002,P002.ppm,34,79.023065,1778422386.043624,0.55,204.0,10.0,pix
real_001_s001_2026-05-10_16-11-47-020,001,001,1,P002,P002.ppm,35,79.039732,1778422386.060291,0.566667,204.0,10.0,pix
real_001_s001_2026-05-10_16-11-47-020,001,001,1,P002,P002.ppm,36,79.056398,1778422386.076957,0.583333,204.0,10.0,pix
real_001_s001_2026-05-10_16-11-47-020,001,001,1,P002,P002.ppm,37,79.073065,1778422386.093624,0.6,204.0,10.0,pix
real_001_s001_2026-05-10_16-11-47-020,001,001,1,P002,P002.ppm,38,79.089732,1778422386.110291,0.616667,204.0,10.0,pix
real_001_s001_2026-05-10_16-11-47-020,001,001,1,P002,P002.ppm,39,79.106398,1778422386.126957,0.633333,204.0,10.0,pix
real_001_s001_2026-05-10_16-11-47-020,001,001,1,P002,P002.ppm,40,79.123065,1778422386.143624,0.65,204.0,10.0,pix
real_001_s001_2026-05-10_16-11-47-020,001,001,1,P002,P002.ppm,41,79.139732,1778422386.160291,0.666667,204.0,10.0,pix
real_001_s001_2026-05-10_16-11-47-020,001,001,1,P002,P002.ppm,42,79.156398,1778422386.176957,0.683333,204.0,10.0,pix
real_001_s001_2026-05-10_16-11-47-020,001,001,1,P002,P002.ppm,43,79.173065,1778422386.193624,0.7,204.0,10.0,pix
real_001_s001_2026-05-10_16-11-47-020,001,001,1,P002,P002.ppm,44,79.189732,1778422386.210291,0.716667,204.0,10.0,pix
real_001_s001_2026-05-10_16-11-47-020,001,001,1,P002,P002.ppm,45,79.206398,1778422386.226957,0.733333,204.0,10.0,pix
real_001_s001_2026-05-10_16-11-47-020,001,001,1,P002,P002.ppm,46,79.223065,1778422386.243624,0.75,204.0,10.0,pix
real_001_s001_2026-05-10_16-11-47-020,001,001,1,P002,P002.ppm,47,79.239732,1778422386.260291,0.766667,204.0,10.0,pix
real_001_s001_2026-05-10_16-11-47-020,001,001,1,P002,P002.ppm,48,79.256398,1778422386.276957,0.783333,204.0,10.0,pix
real_001_s001_2026-05-10_16-11-47-020,001,001,1,P002,P002.ppm,49,79.273065,1778422386.293624,0.8,204.0,10.0,pix
real_001_s001_2026-05-10_16-11-47-020,001,001,1,P002,P002.ppm,50,79.289732,1778422386.310291,0.816667,204.0,10.0,pix
real_001_s001_2026-05-10_16-11-47-020,001,001,1,P002,P002.ppm,51,79.306398,1778422386.326957,0.833333,204.0,10.0,pix
real_001_s001_2026-05-10_16-11-47-020,001,001,1,P002,P002.ppm,52,79.323065,1778422386.343624,0.85,204.0,10.0,pix
real_001_s001_2026-05-10_16-11-47-020,001,001,1,P002,P002.ppm,53,79.339732,1778422386.360291,0.866667,204.0,10.0,pix
real_001_s001_2026-05-10_16-11-47-020,001,001,1,P002,P002.ppm,54,79.356398,1778422386.376957,0.883333,204.0,10.0,pix
real_001_s001_2026-05-10_16-11-47-020,001,001,1,P002,P002.ppm,55,79.373065,1778422386.393624,0.9,204.0,10.0,pix
real_001_s001_2026-05-10_16-11-47-020,001,001,1,P002,P002.ppm,56,79.389732,1778422386.410291,0.916667,204.0,10.0,pix
real_001_s001_2026-05-10_16-11-47-020,001,001,1,P002,P002.ppm,57,79.406398,1778422386.426957,0.933333,204.0,10.0,pix
real_001_s001_2026-05-10_16-11-47-020,001,001,1,P002,P002.ppm,58,79.423065,1778422386.443624,0.95,204.0,10.0,pix
real_001_s001_2026-05-10_16-11-47-020,001,001,1,P002,P002.ppm,59,79.439732,1778422386.460291,0.966667,204.0,10.0,pix
real_001_s001_2026-05-10_16-11-47-020,001,001,1,P002,P002.ppm,60,79.456398,1778422386.476957,0.983333,204.0,10.0,pix
real_001_s001_2026-05-10_16-11-47-020,001,001,1,P002,P002.ppm,61,79.473065,1778422386.493624,1.0,204.0,10.0,pix
real_001_s001_2026-05-10_16-11-47-020,001,001,1,P002,P002.ppm,62,79.489732,1778422386.510291,1.016667,204.0,10.0,pix
real_001_s001_2026-05-10_16-11-47-020,001,001,1,P002,P002.ppm,63,79.506398,1778422386.526957,1.033333,204.0,10.0,pix
real_001_s001_2026-05-10_16-11-47-020,001,001,1,P002,P002.ppm,64,79.523065,1778422386.543624,1.05,204.0,10.0,pix
real_001_s001_2026-05-10_16-11-47-020,001,001,1,P002,P002.ppm,65,79.539732,1778422386.560291,1.066667,204.0,10.0,pix
real_001_s001_2026-05-10_16-11-47-020,001,001,1,P002,P002.ppm,66,79.556398,1778422386.576957,1.083333,204.0,10.0,pix
real_001_s001_2026-05-10_16-11-47-020,001,001,1,P002,P002.ppm,67,79.573065,1778422386.593624,1.1,204.0,10.0,pix
real_001_s001_2026-05-10_16-11-47-020,001,001,1,P002,P002.ppm,68,79.589732,1778422386.610291,1.116667,204.0,10.0,pix
real_001_s001_2026-05-10_16-11-47-020,001,001,1,P002,P002.ppm,69,79.606398,1778422386.626957,1.133333,204.0,10.0,pix
real_001_s001_2026-05-10_16-11-47-020,001,001,1,P002,P002.ppm,70,79.623065,1778422386.643624,1.15,204.0,10.0,pix
real_001_s001_2026-05-10_16-11-47-020,001,001,1,P002,P002.ppm,71,79.639732,1778422386.660291,1.166667,204.0,10.0,pix
real_001_s001_2026-05-10_16-11-47-020,001,001,1,P002,P002.ppm,72,79.656398,1778422386.676957,1.183333,204.0,10.0,pix
real_001_s001_2026-05-10_16-11-47-020,001,001,1,P002,P002.ppm,73,79.673065,1778422386.693624,1.2,204.0,10.0,pix
real_001_s001_2026-05-10_16-11-47-020,001,001,1,P002,P002.ppm,74,79.689732,1778422386.710291,1.216667,204.0,10.0,pix
real_001_s001_2026-05-10_16-11-47-020,001,001,1,P002,P002.ppm,75,79.706398,1778422386.726957,1.233333,204.0,10.0,pix
real_001_s001_2026-05-10_16-11-47-020,001,001,1,P002,P002.ppm,76,79.723065,1778422386.743624,1.25,204.0,10.0,pix
real_001_s001_2026-05-10_16-11-47-020,001,001,1,P002,P002.ppm,77,79.739732,1778422386.760291,1.266667,204.0,10.0,pix
real_001_s001_2026-05-10_16-11-47-020,001,001,1,P002,P002.ppm,78,79.756398,1778422386.776957,1.283333,204.0,10.0,pix
real_001_s001_2026-05-10_16-11-47-020,001,001,1,P002,P002.ppm,79,79.773065,1778422386.793624,1.3,204.0,10.0,pix
real_001_s001_2026-05-10_16-11-47-020,001,001,1,P002,P002.ppm,80,79.789732,1778422386.810291,1.316667,204.0,10.0,pix
real_001_s001_2026-05-10_16-11-47-020,001,001,1,P002,P002.ppm,81,79.806398,1778422386.826957,1.333333,204.0,10.0,pix
real_001_s001_2026-05-10_16-11-47-020,001,001,1,P002,P002.ppm,82,79.823065,1778422386.843624,1.35,204.0,10.0,pix
real_001_s001_2026-05-10_16-11-47-020,001,001,1,P002,P002.ppm,83,79.839732,1778422386.860291,1.366667,204.0,10.0,pix
real_001_s001_2026-05-10_16-11-47-020,001,001,1,P002,P002.ppm,84,79.856398,1778422386.876957,1.383333,204.0,10.0,pix
real_001_s001_2026-05-10_16-11-47-020,001,001,1,P002,P002.ppm,85,79.873065,1778422386.893624,1.4,204.0,10.0,pix
real_001_s001_2026-05-10_16-11-47-020,001,001,1,P002,P002.ppm,86,79.889732,1778422386.910291,1.416667,204.0,10.0,pix
real_001_s001_2026-05-10_16-11-47-020,001,001,1,P002,P002.ppm,87,79.906398,1778422386.926957,1.433333,204.0,10.0,pix
real_001_s001_2026-05-10_16-11-47-020,001,001,1,P002,P002.ppm,88,79.923065,1778422386.943624,1.45,204.0,10.0,pix
real_001_s001_2026-05-10_16-11-47-020,001,001,1,P002,P002.ppm,89,79.939732,1778422386.960291,1.466667,204.0,10.0,pix
real_001_s001_2026-05-10_16-11-47-020,001,001,1,P002,P002.ppm,90,79.956398,1778422386.976957,1.483333,204.0,10.0,pix
real_001_s001_2026-05-10_16-11-47-020,001,001,1,P002,P002.ppm,91,79.973065,1778422386.993624,1.5,204.0,10.0,pix
real_001_s001_2026-05-10_16-11-47-020,001,001,1,P002,P002.ppm,92,79.989732,1778422387.010291,1.516667,204.0,10.0,pix
real_001_s001_2026-05-10_16-11-47-020,001,001,1,P002,P002.ppm,93,80.006398,1778422387.026957,1.533333,204.0,10.0,pix
real_001_s001_2026-05-10_16-11-47-020,001,001,1,P002,P002.ppm,94,80.023065,1778422387.043624,1.55,204.0,10.0,pix
real_001_s001_2026-05-10_16-11-47-020,001,001,1,P002,P002.ppm,95,80.039732,1778422387.060291,1.566667,204.0,10.0,pix
real_001_s001_2026-05-10_16-11-47-020,001,001,1,P002,P002.ppm,96,80.056398,1778422387.076957,1.583333,204.0,10.0,pix
real_001_s001_2026-05-10_16-11-47-020,001,001,1,P002,P002.ppm,97,80.073065,1778422387.093624,1.6,204.0,10.0,pix
real_001_s001_2026-05-10_16-11-47-020,001,001,1,P002,P002.ppm,98,80.089732,1778422387.110291,1.616667,204.0,10.0,pix
real_001_s001_2026-05-10_16-11-47-020,001,001,1,P002,P002.ppm,99,80.106398,1778422387.126957,1.633333,204.0,10.0,pix
real_001_s001_2026-05-10_16-11-47-020,001,001,1,P002,P002.ppm,100,80.123065,1778422387.143624,1.65,204.0,10.0,pix
real_001_s001_2026-05-10_16-11-47-020,001,001,1,P002,P002.ppm,101,80.139732,1778422387.160291,1.666667,204.0,10.0,pix
real_001_s001_2026-05-10_16-11-47-020,001,001,1,P002,P002.ppm,102,80.156398,1778422387.176957,1.683333,204.0,10.0,pix
real_001_s001_2026-05-10_16-11-47-020,001,001,1,P002,P002.ppm,103,80.173065,1778422387.193624,1.7,204.0,10.0,pix
real_001_s001_2026-05-10_16-11-47-020,001,001,1,P002,P002.ppm,104,80.189732,1778422387.210291,1.716667,204.0,10.0,pix
real_001_s001_2026-05-10_16-11-47-020,001,001,1,P002,P002.ppm,105,80.206398,1778422387.226957,1.733333,204.0,10.0,pix
real_001_s001_2026-05-10_16-11-47-020,001,001,1,P002,P002.ppm,106,80.223065,1778422387.243624,1.75,204.0,10.0,pix
real_001_s001_2026-05-10_16-11-47-020,001,001,1,P002,P002.ppm,107,80.239732,1778422387.260291,1.766667,204.0,10.0,pix
real_001_s001_2026-05-10_16-11-47-020,001,001,1,P002,P002.ppm,108,80.256398,1778422387.276957,1.783333,204.0,10.0,pix
real_001_s001_2026-05-10_16-11-47-020,001,001,1,P002,P002.ppm,109,80.273065,1778422387.293624,1.8,204.0,10.0,pix
real_001_s001_2026-05-10_16-11-47-020,001,001,1,P002,P002.ppm,110,80.289732,1778422387.310291,1.816667,204.0,10.0,pix
real_001_s001_2026-05-10_16-11-47-020,001,001,1,P002,P002.ppm,111,80.306398,1778422387.326957,1.833333,204.0,10.0,pix
real_001_s001_2026-05-10_16-11-47-020,001,001,1,P002,P002.ppm,112,80.323065,1778422387.343624,1.85,204.0,10.0,pix
real_001_s001_2026-05-10_16-11-47-020,001,001,1,P002,P002.ppm,113,80.339732,1778422387.360291,1.866667,204.0,10.0,pix
real_001_s001_2026-05-10_16-11-47-020,001,001,1,P002,P002.ppm,114,80.356398,1778422387.376957,1.883333,204.0,10.0,pix
real_001_s001_2026-05-10_16-11-47-020,001,001,1,P002,P002.ppm,115,80.373065,1778422387.393624,1.9,204.0,10.0,pix
real_001_s001_2026-05-10_16-11-47-020,001,001,1,P002,P002.ppm,116,80.389732,1778422387.410291,1.916667,204.0,10.0,pix
real_001_s001_2026-05-10_16-11-47-020,001,001,1,P002,P002.ppm,117,80.406398,1778422387.426957,1.933333,204.0,10.0,pix
real_001_s001_2026-05-10_16-11-47-020,001,001,1,P002,P002.ppm,118,80.423065,1778422387.443624,1.95,204.0,10.0,pix
real_001_s001_2026-05-10_16-11-47-020,001,001,1,P002,P002.ppm,119,80.439732,1778422387.460291,1.966667,204.0,10.0,pix
real_001_s001_2026-05-10_16-11-47-020,001,001,1,P002,P002.ppm,120,80.456398,1778422387.476957,1.983333,204.0,10.0,pix
real_001_s001_2026-05-10_16-11-47-020,001,001,1,P002,P002.ppm,121,80.473065,1778422387.493624,2.0,204.0,10.0,pix
real_001_s001_2026-05-10_16-11-47-020,001,001,1,P002,P002.ppm,122,80.489732,1778422387.510291,2.016667,204.0,10.0,pix
real_001_s001_2026-05-10_16-11-47-020,001,001,1,P002,P002.ppm,123,80.506398,1778422387.526957,2.033333,204.0,10.0,pix
real_001_s001_2026-05-10_16-11-47-020,001,001,1,P002,P002.ppm,124,80.523065,1778422387.543624,2.05,204.0,10.0,pix
real_001_s001_2026-05-10_16-11-47-020,001,001,1,P002,P002.ppm,125,80.539732,1778422387.560291,2.066667,204.0,10.0,pix
real_001_s001_2026-05-10_16-11-47-020,001,001,1,P002,P002.ppm,126,80.556398,1778422387.576957,2.083333,204.0,10.0,pix
real_001_s001_2026-05-10_16-11-47-020,001,001,1,P002,P002.ppm,127,80.573065,1778422387.593624,2.1,204.0,10.0,pix
real_001_s001_2026-05-10_16-11-47-020,001,001,1,P002,P002.ppm,128,80.589732,1778422387.610291,2.116667,204.0,10.0,pix
real_001_s001_2026-05-10_16-11-47-020,001,001,1,P002,P002.ppm,129,80.606398,1778422387.626957,2.133333,204.0,10.0,pix
real_001_s001_2026-05-10_16-11-47-020,001,001,1,P002,P002.ppm,130,80.623065,1778422387.643624,2.15,204.0,10.0,pix
real_001_s001_2026-05-10_16-11-47-020,001,001,1,P002,P002.ppm,131,80.639732,1778422387.660291,2.166667,204.0,10.0,pix
real_001_s001_2026-05-10_16-11-47-020,001,001,1,P002,P002.ppm,132,80.656398,1778422387.676957,2.183333,204.0,10.0,pix
real_001_s001_2026-05-10_16-11-47-020,001,001,1,P002,P002.ppm,133,80.673065,1778422387.693624,2.2,204.0,10.0,pix
real_001_s001_2026-05-10_16-11-47-020,001,001,1,P002,P002.ppm,134,80.689732,1778422387.710291,2.216667,204.0,10.0,pix
real_001_s001_2026-05-10_16-11-47-020,001,001,1,P002,P002.ppm,135,80.706398,1778422387.726957,2.233333,204.0,10.0,pix
real_001_s001_2026-05-10_16-11-47-020,001,001,1,P002,P002.ppm,136,80.723065,1778422387.743624,2.25,204.0,10.0,pix
real_001_s001_2026-05-10_16-11-47-020,001,001,1,P002,P002.ppm,137,80.739732,1778422387.760291,2.266667,204.0,10.0,pix
real_001_s001_2026-05-10_16-11-47-020,001,001,1,P002,P002.ppm,138,80.756398,1778422387.776957,2.283333,204.0,10.0,pix
real_001_s001_2026-05-10_16-11-47-020,001,001,1,P002,P002.ppm,139,80.773065,1778422387.793624,2.3,204.0,10.0,pix
real_001_s001_2026-05-10_16-11-47-020,001,001,1,P002,P002.ppm,140,80.789732,1778422387.810291,2.316667,204.0,10.0,pix
real_001_s001_2026-05-10_16-11-47-020,001,001,1,P002,P002.ppm,141,80.806398,1778422387.826957,2.333333,204.0,10.0,pix
real_001_s001_2026-05-10_16-11-47-020,001,001,1,P002,P002.ppm,142,80.823065,1778422387.843624,2.35,204.0,10.0,pix
real_001_s001_2026-05-10_16-11-47-020,001,001,1,P002,P002.ppm,143,80.839732,1778422387.860291,2.366667,204.0,10.0,pix
real_001_s001_2026-05-10_16-11-47-020,001,001,1,P002,P002.ppm,144,80.856398,1778422387.876957,2.383333,204.0,10.0,pix
real_001_s001_2026-05-10_16-11-47-020,001,001,1,P002,P002.ppm,145,80.873065,1778422387.893624,2.4,204.0,10.0,pix
real_001_s001_2026-05-10_16-11-47-020,001,001,1,P002,P002.ppm,146,80.889732,1778422387.910291,2.416667,204.0,10.0,pix
real_001_s001_2026-05-10_16-11-47-020,001,001,1,P002,P002.ppm,147,80.906398,1778422387.926957,2.433333,204.0,10.0,pix
real_001_s001_2026-05-10_16-11-47-020,001,001,1,P002,P002.ppm,148,80.923065,1778422387.943624,2.45,204.0,10.0,pix
real_001_s001_2026-05-10_16-11-47-020,001,001,1,P002,P002.ppm,149,80.939732,1778422387.960291,2.466667,204.0,10.0,pix
real_001_s001_2026-05-10_16-11-47-020,001,001,1,P002,P002.ppm,150,80.956398,1778422387.976957,2.483333,204.0,10.0,pix
real_001_s001_2026-05-10_16-11-47-020,001,001,1,P002,P002.ppm,151,80.973065,1778422387.993624,2.5,204.0,10.0,pix
real_001_s001_2026-05-10_16-11-47-020,001,001,1,P002,P002.ppm,152,80.989732,1778422388.010291,2.516667,204.0,10.0,pix
real_001_s001_2026-05-10_16-11-47-020,001,001,1,P002,P002.ppm,153,81.006398,1778422388.026957,2.533333,204.0,10.0,pix
real_001_s001_2026-05-10_16-11-47-020,001,001,1,P002,P002.ppm,154,81.023065,1778422388.043624,2.55,204.0,10.0,pix
real_001_s001_2026-05-10_16-11-47-020,001,001,1,P002,P002.ppm,155,81.039732,1778422388.060291,2.566667,204.0,10.0,pix
real_001_s001_2026-05-10_16-11-47-020,001,001,1,P002,P002.ppm,156,81.056398,1778422388.076957,2.583333,204.0,10.0,pix
real_001_s001_2026-05-10_16-11-47-020,001,001,1,P002,P002.ppm,157,81.073065,1778422388.093624,2.6,204.0,10.0,pix
real_001_s001_2026-05-10_16-11-47-020,001,001,1,P002,P002.ppm,158,81.089732,1778422388.110291,2.616667,204.0,10.0,pix
real_001_s001_2026-05-10_16-11-47-020,001,001,1,P002,P002.ppm,159,81.106398,1778422388.126957,2.633333,204.0,10.0,pix
real_001_s001_2026-05-10_16-11-47-020,001,001,1,P002,P002.ppm,160,81.123065,1778422388.143624,2.65,204.0,10.0,pix
real_001_s001_2026-05-10_16-11-47-020,001,001,1,P002,P002.ppm,161,81.139732,1778422388.160291,2.666667,204.0,10.0,pix
real_001_s001_2026-05-10_16-11-47-020,001,001,1,P002,P002.ppm,162,81.156398,1778422388.176957,2.683333,204.0,10.0,pix
real_001_s001_2026-05-10_16-11-47-020,001,001,1,P002,P002.ppm,163,81.173065,1778422388.193624,2.7,204.0,10.0,pix
real_001_s001_2026-05-10_16-11-47-020,001,001,1,P002,P002.ppm,164,81.189732,1778422388.210291,2.716667,204.0,10.0,pix
real_001_s001_2026-05-10_16-11-47-020,001,001,1,P002,P002.ppm,165,81.206398,1778422388.226957,2.733333,204.0,10.0,pix
real_001_s001_2026-05-10_16-11-47-020,001,001,1,P002,P002.ppm,166,81.223065,1778422388.243624,2.75,204.0,10.0,pix
real_001_s001_2026-05-10_16-11-47-020,001,001,1,P002,P002.ppm,167,81.239732,1778422388.260291,2.766667,204.0,10.0,pix
real_001_s001_2026-05-10_16-11-47-020,001,001,1,P002,P002.ppm,168,81.256398,1778422388.276957,2.783333,204.0,10.0,pix
real_001_s001_2026-05-10_16-11-47-020,001,001,1,P002,P002.ppm,169,81.273065,1778422388.293624,2.8,204.0,10.0,pix
real_001_s001_2026-05-10_16-11-47-020,001,001,1,P002,P002.ppm,170,81.289732,1778422388.310291,2.816667,204.0,10.0,pix
real_001_s001_2026-05-10_16-11-47-020,001,001,1,P002,P002.ppm,171,81.306398,1778422388.326957,2.833333,204.0,10.0,pix
real_001_s001_2026-05-10_16-11-47-020,001,001,1,P002,P002.ppm,172,81.323065,1778422388.343624,2.85,204.0,10.0,pix
real_001_s001_2026-05-10_16-11-47-020,001,001,1,P002,P002.ppm,173,81.339732,1778422388.360291,2.866667,204.0,10.0,pix
real_001_s001_2026-05-10_16-11-47-020,001,001,1,P002,P002.ppm,174,81.356398,1778422388.376957,2.883333,204.0,10.0,pix
real_001_s001_2026-05-10_16-11-47-020,001,001,1,P002,P002.ppm,175,81.373065,1778422388.393624,2.9,204.0,10.0,pix
real_001_s001_2026-05-10_16-11-47-020,001,001,1,P002,P002.ppm,176,81.389732,1778422388.410291,2.916667,204.0,10.0,pix
real_001_s001_2026-05-10_16-11-47-020,001,001,1,P002,P002.ppm,177,81.406398,1778422388.426957,2.933333,204.0,10.0,pix
real_001_s001_2026-05-10_16-11-47-020,001,001,1,P002,P002.ppm,178,81.423065,1778422388.443624,2.95,204.0,10.0,pix
real_001_s001_2026-05-10_16-11-47-020,001,001,1,P002,P002.ppm,179,81.439732,1778422388.460291,2.966667,204.0,10.0,pix
real_001_s001_2026-05-10_16-11-47-020,001,001,1,P002,P002.ppm,180,81.456398,1778422388.476957,2.983333,204.0,10.0,pix
real_001_s001_2026-05-10_16-11-47-020,001,001,1,P002,P002.ppm,181,81.473065,1778422388.493624,3.0,204.0,10.0,pix
real_001_s001_2026-05-10_16-11-47-020,001,001,1,P002,P002.ppm,182,81.489732,1778422388.510291,3.016667,204.0,10.0,pix
real_001_s001_2026-05-10_16-11-47-020,001,001,1,P002,P002.ppm,183,81.506398,1778422388.526957,3.033333,204.0,10.0,pix
real_001_s001_2026-05-10_16-11-47-020,001,001,1,P002,P002.ppm,184,81.523065,1778422388.543624,3.05,204.0,10.0,pix
real_001_s001_2026-05-10_16-11-47-020,001,001,1,P002,P002.ppm,185,81.539732,1778422388.560291,3.066667,204.0,10.0,pix
real_001_s001_2026-05-10_16-11-47-020,001,001,1,P002,P002.ppm,186,81.556398,1778422388.576957,3.083333,204.0,10.0,pix
real_001_s001_2026-05-10_16-11-47-020,001,001,1,P002,P002.ppm,187,81.573065,1778422388.593624,3.1,204.0,10.0,pix
real_001_s001_2026-05-10_16-11-47-020,001,001,1,P002,P002.ppm,188,81.589732,1778422388.610291,3.116667,204.0,10.0,pix
real_001_s001_2026-05-10_16-11-47-020,001,001,1,P002,P002.ppm,189,81.606398,1778422388.626957,3.133333,204.0,10.0,pix
real_001_s001_2026-05-10_16-11-47-020,001,001,1,P002,P002.ppm,190,81.623065,1778422388.643624,3.15,204.0,10.0,pix
real_001_s001_2026-05-10_16-11-47-020,001,001,1,P002,P002.ppm,191,81.639732,1778422388.660291,3.166667,204.0,10.0,pix
real_001_s001_2026-05-10_16-11-47-020,001,001,1,P002,P002.ppm,192,81.656398,1778422388.676957,3.183333,204.0,10.0,pix
real_001_s001_2026-05-10_16-11-47-020,001,001,1,P002,P002.ppm,193,81.673065,1778422388.693624,3.2,204.0,10.0,pix
real_001_s001_2026-05-10_16-11-47-020,001,001,1,P002,P002.ppm,194,81.689732,1778422388.710291,3.216667,204.0,10.0,pix
real_001_s001_2026-05-10_16-11-47-020,001,001,1,P002,P002.ppm,195,81.706398,1778422388.726957,3.233333,204.0,10.0,pix
real_001_s001_2026-05-10_16-11-47-020,001,001,1,P002,P002.ppm,196,81.723065,1778422388.743624,3.25,204.0,10.0,pix
real_001_s001_2026-05-10_16-11-47-020,001,001,1,P002,P002.ppm,197,81.739732,1778422388.760291,3.266667,204.0,10.0,pix
real_001_s001_2026-05-10_16-11-47-020,001,001,1,P002,P002.ppm,198,81.756398,1778422388.776957,3.283333,204.0,10.0,pix
real_001_s001_2026-05-10_16-11-47-020,001,001,1,P002,P002.ppm,199,81.773065,1778422388.793624,3.3,204.0,10.0,pix
real_001_s001_2026-05-10_16-11-47-020,001,001,1,P002,P002.ppm,200,81.789732,1778422388.810291,3.316667,204.0,10.0,pix
real_001_s001_2026-05-10_16-11-47-020,001,001,1,P002,P002.ppm,201,81.806398,1778422388.826957,3.333333,204.0,10.0,pix
real_001_s001_2026-05-10_16-11-47-020,001,001,1,P002,P002.ppm,202,81.823065,1778422388.843624,3.35,204.0,10.0,pix
real_001_s001_2026-05-10_16-11-47-020,001,001,1,P002,P002.ppm,203,81.839732,1778422388.860291,3.366667,204.0,10.0,pix
real_001_s001_2026-05-10_16-11-47-020,001,001,1,P002,P002.ppm,204,81.856398,1778422388.876957,3.383333,204.0,10.0,pix
real_001_s001_2026-05-10_16-11-47-020,001,001,1,P002,P002.ppm,205,81.873065,1778422388.893624,3.4,204.0,10.0,pix
real_001_s001_2026-05-10_16-11-47-020,001,001,1,P002,P002.ppm,206,81.889732,1778422388.910291,3.416667,204.0,10.0,pix
real_001_s001_2026-05-10_16-11-47-020,001,001,1,P002,P002.ppm,207,81.906398,1778422388.926957,3.433333,204.0,10.0,pix
real_001_s001_2026-05-10_16-11-47-020,001,001,1,P002,P002.ppm,208,81.923065,1778422388.943624,3.45,204.0,10.0,pix
real_001_s001_2026-05-10_16-11-47-020,001,001,1,P002,P002.ppm,209,81.939732,1778422388.960291,3.466667,204.0,10.0,pix
real_001_s001_2026-05-10_16-11-47-020,001,001,1,P002,P002.ppm,210,81.956398,1778422388.976957,3.483333,204.0,10.0,pix
real_001_s001_2026-05-10_16-11-47-020,001,001,1,P002,P002.ppm,211,81.973065,1778422388.993624,3.5,204.0,10.0,pix
real_001_s001_2026-05-10_16-11-47-020,001,001,1,P002,P002.ppm,212,81.989732,1778422389.010291,3.516667,204.0,10.0,pix
real_001_s001_2026-05-10_16-11-47-020,001,001,1,P002,P002.ppm,213,82.006398,1778422389.026957,3.533333,204.0,10.0,pix
real_001_s001_2026-05-10_16-11-47-020,001,001,1,P002,P002.ppm,214,82.023065,1778422389.043624,3.55,204.0,10.0,pix
real_001_s001_2026-05-10_16-11-47-020,001,001,1,P002,P002.ppm,215,82.039732,1778422389.060291,3.566667,204.0,10.0,pix
real_001_s001_2026-05-10_16-11-47-020,001,001,1,P002,P002.ppm,216,82.056398,1778422389.076957,3.583333,204.0,10.0,pix
real_001_s001_2026-05-10_16-11-47-020,001,001,1,P002,P002.ppm,217,82.073065,1778422389.093624,3.6,204.0,10.0,pix
real_001_s001_2026-05-10_16-11-47-020,001,001,1,P002,P002.ppm,218,82.089732,1778422389.110291,3.616667,204.0,10.0,pix
real_001_s001_2026-05-10_16-11-47-020,001,001,1,P002,P002.ppm,219,82.106398,1778422389.126957,3.633333,204.0,10.0,pix
real_001_s001_2026-05-10_16-11-47-020,001,001,1,P002,P002.ppm,220,82.123065,1778422389.143624,3.65,204.0,10.0,pix
real_001_s001_2026-05-10_16-11-47-020,001,001,1,P002,P002.ppm,221,82.139732,1778422389.160291,3.666667,204.0,10.0,pix
real_001_s001_2026-05-10_16-11-47-020,001,001,1,P002,P002.ppm,222,82.156398,1778422389.176957,3.683333,204.0,10.0,pix
real_001_s001_2026-05-10_16-11-47-020,001,001,1,P002,P002.ppm,223,82.173065,1778422389.193624,3.7,204.0,10.0,pix
real_001_s001_2026-05-10_16-11-47-020,001,001,1,P002,P002.ppm,224,82.189732,1778422389.210291,3.716667,204.0,10.0,pix
real_001_s001_2026-05-10_16-11-47-020,001,001,1,P002,P002.ppm,225,82.206398,1778422389.226957,3.733333,204.0,10.0,pix
real_001_s001_2026-05-10_16-11-47-020,001,001,1,P002,P002.ppm,226,82.223065,1778422389.243624,3.75,204.0,10.0,pix
real_001_s001_2026-05-10_16-11-47-020,001,001,1,P002,P002.ppm,227,82.239732,1778422389.260291,3.766667,204.0,10.0,pix
real_001_s001_2026-05-10_16-11-47-020,001,001,1,P002,P002.ppm,228,82.256398,1778422389.276957,3.783333,204.0,10.0,pix
real_001_s001_2026-05-10_16-11-47-020,001,001,1,P002,P002.ppm,229,82.273065,1778422389.293624,3.8,204.0,10.0,pix
real_001_s001_2026-05-10_16-11-47-020,001,001,1,P002,P002.ppm,230,82.289732,1778422389.310291,3.816667,204.0,10.0,pix
real_001_s001_2026-05-10_16-11-47-020,001,001,1,P002,P002.ppm,231,82.306398,1778422389.326957,3.833333,204.0,10.0,pix
real_001_s001_2026-05-10_16-11-47-020,001,001,1,P002,P002.ppm,232,82.323065,1778422389.343624,3.85,204.0,10.0,pix
real_001_s001_2026-05-10_16-11-47-020,001,001,1,P002,P002.ppm,233,82.339732,1778422389.360291,3.866667,204.0,10.0,pix
real_001_s001_2026-05-10_16-11-47-020,001,001,1,P002,P002.ppm,234,82.356398,1778422389.376957,3.883333,204.0,10.0,pix
real_001_s001_2026-05-10_16-11-47-020,001,001,1,P002,P002.ppm,235,82.373065,1778422389.393624,3.9,204.0,10.0,pix
real_001_s001_2026-05-10_16-11-47-020,001,001,1,P002,P002.ppm,236,82.389732,1778422389.410291,3.916667,204.0,10.0,pix
real_001_s001_2026-05-10_16-11-47-020,001,001,1,P002,P002.ppm,237,82.406398,1778422389.426957,3.933333,204.0,10.0,pix
real_001_s001_2026-05-10_16-11-47-020,001,001,1,P002,P002.ppm,238,82.423065,1778422389.443624,3.95,204.0,10.0,pix
real_001_s001_2026-05-10_16-11-47-020,001,001,1,P002,P002.ppm,239,82.439732,1778422389.460291,3.966667,204.0,10.0,pix
real_001_s001_2026-05-10_16-11-47-020,001,001,1,P002,P002.ppm,240,82.456398,1778422389.476957,3.983333,204.0,10.0,pix
real_001_s001_2026-05-10_16-11-47-020,001,001,1,P002,P002.ppm,241,82.473065,1778422389.493624,4.0,204.0,10.0,pix
real_001_s001_2026-05-10_16-11-47-020,001,001,1,P002,P002.ppm,242,82.489732,1778422389.510291,4.016667,204.0,10.0,pix
real_001_s001_2026-05-10_16-11-47-020,001,001,1,P002,P002.ppm,243,82.506398,1778422389.526957,4.033333,204.0,10.0,pix
real_001_s001_2026-05-10_16-11-47-020,001,001,1,P002,P002.ppm,244,82.523065,1778422389.543624,4.05,204.0,10.0,pix
real_001_s001_2026-05-10_16-11-47-020,001,001,1,P002,P002.ppm,245,82.539732,1778422389.560291,4.066667,204.0,10.0,pix
real_001_s001_2026-05-10_16-11-47-020,001,001,1,P002,P002.ppm,246,82.556398,1778422389.576957,4.083333,204.0,10.0,pix
real_001_s001_2026-05-10_16-11-47-020,001,001,1,P002,P002.ppm,247,82.573065,1778422389.593624,4.1,204.0,10.0,pix
real_001_s001_2026-05-10_16-11-47-020,001,001,1,P002,P002.ppm,248,82.589732,1778422389.610291,4.116667,204.0,10.0,pix
real_001_s001_2026-05-10_16-11-47-020,001,001,1,P002,P002.ppm,249,82.606398,1778422389.626957,4.133333,204.0,10.0,pix
real_001_s001_2026-05-10_16-11-47-020,001,001,1,P002,P002.ppm,250,82.623065,1778422389.643624,4.15,204.0,10.0,pix
real_001_s001_2026-05-10_16-11-47-020,001,001,1,P002,P002.ppm,251,82.639732,1778422389.660291,4.166667,204.0,10.0,pix
real_001_s001_2026-05-10_16-11-47-020,001,001,1,P002,P002.ppm,252,82.656398,1778422389.676957,4.183333,204.0,10.0,pix
real_001_s001_2026-05-10_16-11-47-020,001,001,1,P002,P002.ppm,253,82.673065,1778422389.693624,4.2,204.0,10.0,pix
real_001_s001_2026-05-10_16-11-47-020,001,001,1,P002,P002.ppm,254,82.689732,1778422389.710291,4.216667,204.0,10.0,pix
real_001_s001_2026-05-10_16-11-47-020,001,001,1,P002,P002.ppm,255,82.706398,1778422389.726957,4.233333,204.0,10.0,pix
real_001_s001_2026-05-10_16-11-47-020,001,001,1,P002,P002.ppm,256,82.723065,1778422389.743624,4.25,204.0,10.0,pix
real_001_s001_2026-05-10_16-11-47-020,001,001,1,P002,P002.ppm,257,82.739732,1778422389.760291,4.266667,204.0,10.0,pix
real_001_s001_2026-05-10_16-11-47-020,001,001,1,P002,P002.ppm,258,82.756398,1778422389.776957,4.283333,204.0,10.0,pix
real_001_s001_2026-05-10_16-11-47-020,001,001,1,P002,P002.ppm,259,82.773065,1778422389.793624,4.3,204.0,10.0,pix
real_001_s001_2026-05-10_16-11-47-020,001,001,1,P002,P002.ppm,260,82.789732,1778422389.810291,4.316667,204.0,10.0,pix
real_001_s001_2026-05-10_16-11-47-020,001,001,1,P002,P002.ppm,261,82.806398,1778422389.826957,4.333333,204.0,10.0,pix
real_001_s001_2026-05-10_16-11-47-020,001,001,1,P002,P002.ppm,262,82.823065,1778422389.843624,4.35,204.0,10.0,pix
real_001_s001_2026-05-10_16-11-47-020,001,001,1,P002,P002.ppm,263,82.839732,1778422389.860291,4.366667,204.0,10.0,pix
real_001_s001_2026-05-10_16-11-47-020,001,001,1,P002,P002.ppm,264,82.856398,1778422389.876957,4.383333,204.0,10.0,pix
real_001_s001_2026-05-10_16-11-47-020,001,001,1,P002,P002.ppm,265,82.873065,1778422389.893624,4.4,204.0,10.0,pix
real_001_s001_2026-05-10_16-11-47-020,001,001,1,P002,P002.ppm,266,82.889732,1778422389.910291,4.416667,204.0,10.0,pix
real_001_s001_2026-05-10_16-11-47-020,001,001,1,P002,P002.ppm,267,82.906398,1778422389.926957,4.433333,204.0,10.0,pix
real_001_s001_2026-05-10_16-11-47-020,001,001,1,P002,P002.ppm,268,82.923065,1778422389.943624,4.45,204.0,10.0,pix
real_001_s001_2026-05-10_16-11-47-020,001,001,1,P002,P002.ppm,269,82.939732,1778422389.960291,4.466667,204.0,10.0,pix
real_001_s001_2026-05-10_16-11-47-020,001,001,1,P002,P002.ppm,270,82.956398,1778422389.976957,4.483333,204.0,10.0,pix
real_001_s001_2026-05-10_16-11-47-020,001,001,1,P002,P002.ppm,271,82.973065,1778422389.993624,4.5,204.0,10.0,pix
real_001_s001_2026-05-10_16-11-47-020,001,001,1,P002,P002.ppm,272,82.989732,1778422390.010291,4.516667,204.0,10.0,pix
real_001_s001_2026-05-10_16-11-47-020,001,001,1,P002,P002.ppm,273,83.006398,1778422390.026957,4.533333,204.0,10.0,pix
real_001_s001_2026-05-10_16-11-47-020,001,001,1,P002,P002.ppm,274,83.023065,1778422390.043624,4.55,204.0,10.0,pix
real_001_s001_2026-05-10_16-11-47-020,001,001,1,P002,P002.ppm,275,83.039732,1778422390.060291,4.566667,204.0,10.0,pix
real_001_s001_2026-05-10_16-11-47-020,001,001,1,P002,P002.ppm,276,83.056398,1778422390.076957,4.583333,204.0,10.0,pix
real_001_s001_2026-05-10_16-11-47-020,001,001,1,P002,P002.ppm,277,83.073065,1778422390.093624,4.6,204.0,10.0,pix
real_001_s001_2026-05-10_16-11-47-020,001,001,1,P002,P002.ppm,278,83.089732,1778422390.110291,4.616667,204.0,10.0,pix
real_001_s001_2026-05-10_16-11-47-020,001,001,1,P002,P002.ppm,279,83.106398,1778422390.126957,4.633333,204.0,10.0,pix
real_001_s001_2026-05-10_16-11-47-020,001,001,1,P002,P002.ppm,280,83.123065,1778422390.143624,4.65,204.0,10.0,pix
real_001_s001_2026-05-10_16-11-47-020,001,001,1,P002,P002.ppm,281,83.139732,1778422390.160291,4.666667,204.0,10.0,pix
real_001_s001_2026-05-10_16-11-47-020,001,001,1,P002,P002.ppm,282,83.156398,1778422390.176957,4.683333,204.0,10.0,pix
real_001_s001_2026-05-10_16-11-47-020,001,001,1,P002,P002.ppm,283,83.173065,1778422390.193624,4.7,204.0,10.0,pix
real_001_s001_2026-05-10_16-11-47-020,001,001,1,P002,P002.ppm,284,83.189732,1778422390.210291,4.716667,204.0,10.0,pix
real_001_s001_2026-05-10_16-11-47-020,001,001,1,P002,P002.ppm,285,83.206398,1778422390.226957,4.733333,204.0,10.0,pix
real_001_s001_2026-05-10_16-11-47-020,001,001,1,P002,P002.ppm,286,83.223065,1778422390.243624,4.75,204.0,10.0,pix
real_001_s001_2026-05-10_16-11-47-020,001,001,1,P002,P002.ppm,287,83.239732,1778422390.260291,4.766667,204.0,10.0,pix
real_001_s001_2026-05-10_16-11-47-020,001,001,1,P002,P002.ppm,288,83.256398,1778422390.276957,4.783333,204.0,10.0,pix
real_001_s001_2026-05-10_16-11-47-020,001,001,1,P002,P002.ppm,289,83.273065,1778422390.293624,4.8,204.0,10.0,pix
real_001_s001_2026-05-10_16-11-47-020,001,001,1,P002,P002.ppm,290,83.289732,1778422390.310291,4.816667,204.0,10.0,pix
real_001_s001_2026-05-10_16-11-47-020,001,001,1,P002,P002.ppm,291,83.306398,1778422390.326957,4.833333,204.0,10.0,pix
real_001_s001_2026-05-10_16-11-47-020,001,001,1,P002,P002.ppm,292,83.323065,1778422390.343624,4.85,204.0,10.0,pix
real_001_s001_2026-05-10_16-11-47-020,001,001,1,P002,P002.ppm,293,83.339732,1778422390.360291,4.866667,204.0,10.0,pix
real_001_s001_2026-05-10_16-11-47-020,001,001,1,P002,P002.ppm,294,83.356398,1778422390.376957,4.883333,204.0,10.0,pix
real_001_s001_2026-05-10_16-11-47-020,001,001,1,P002,P002.ppm,295,83.373065,1778422390.393624,4.9,204.0,10.0,pix
real_001_s001_2026-05-10_16-11-47-020,001,001,1,P002,P002.ppm,296,83.389732,1778422390.410291,4.916667,204.0,10.0,pix
real_001_s001_2026-05-10_16-11-47-020,001,001,1,P002,P002.ppm,297,83.406398,1778422390.426957,4.933333,204.0,10.0,pix
real_001_s001_2026-05-10_16-11-47-020,001,001,1,P002,P002.ppm,298,83.423065,1778422390.443624,4.95,204.0,10.0,pix
real_001_s001_2026-05-10_16-11-47-020,001,001,1,P002,P002.ppm,299,83.439732,1778422390.460291,4.966667,204.0,10.0,pix
real_001_s001_2026-05-10_16-11-47-020,001,001,1,P002,P002.ppm,300,83.456398,1778422390.476957,4.983333,204.0,10.0,pix
real_001_s001_2026-05-10_16-11-47-020,001,001,1,P002,P002.ppm,301,83.473065,1778422390.493624,5.0,204.0,10.0,pix
real_001_s001_2026-05-10_16-11-47-020,001,001,1,P002,P002.ppm,302,83.489732,1778422390.510291,5.016667,204.0,10.0,pix
real_001_s001_2026-05-10_16-11-47-020,001,001,1,P002,P002.ppm,303,83.506398,1778422390.526957,5.033333,204.0,10.0,pix
real_001_s001_2026-05-10_16-11-47-020,001,001,1,P002,P002.ppm,304,83.523065,1778422390.543624,5.05,204.0,10.0,pix
real_001_s001_2026-05-10_16-11-47-020,001,001,1,P002,P002.ppm,305,83.539732,1778422390.560291,5.066667,204.0,10.0,pix
real_001_s001_2026-05-10_16-11-47-020,001,001,1,P002,P002.ppm,306,83.556398,1778422390.576957,5.083333,204.0,10.0,pix
real_001_s001_2026-05-10_16-11-47-020,001,001,1,P002,P002.ppm,307,83.573065,1778422390.593624,5.1,204.0,10.0,pix
real_001_s001_2026-05-10_16-11-47-020,001,001,1,P002,P002.ppm,308,83.589732,1778422390.610291,5.116667,204.0,10.0,pix
real_001_s001_2026-05-10_16-11-47-020,001,001,1,P002,P002.ppm,309,83.606398,1778422390.626957,5.133333,204.0,10.0,pix
real_001_s001_2026-05-10_16-11-47-020,001,001,1,P002,P002.ppm,310,83.623065,1778422390.643624,5.15,204.0,10.0,pix
real_001_s001_2026-05-10_16-11-47-020,001,001,1,P002,P002.ppm,311,83.639732,1778422390.660291,5.166667,204.0,10.0,pix
real_001_s001_2026-05-10_16-11-47-020,001,001,1,P002,P002.ppm,312,83.656398,1778422390.676957,5.183333,204.0,10.0,pix
real_001_s001_2026-05-10_16-11-47-020,001,001,1,P002,P002.ppm,313,83.673065,1778422390.693624,5.2,204.0,10.0,pix
real_001_s001_2026-05-10_16-11-47-020,001,001,1,P002,P002.ppm,314,83.689732,1778422390.710291,5.216667,204.0,10.0,pix
real_001_s001_2026-05-10_16-11-47-020,001,001,1,P002,P002.ppm,315,83.706398,1778422390.726957,5.233333,204.0,10.0,pix
real_001_s001_2026-05-10_16-11-47-020,001,001,1,P002,P002.ppm,316,83.723065,1778422390.743624,5.25,204.0,10.0,pix
real_001_s001_2026-05-10_16-11-47-020,001,001,1,P002,P002.ppm,317,83.739732,1778422390.760291,5.266667,204.0,10.0,pix
real_001_s001_2026-05-10_16-11-47-020,001,001,1,P002,P002.ppm,318,83.756398,1778422390.776957,5.283333,204.0,10.0,pix
real_001_s001_2026-05-10_16-11-47-020,001,001,1,P002,P002.ppm,319,83.773065,1778422390.793624,5.3,204.0,10.0,pix
real_001_s001_2026-05-10_16-11-47-020,001,001,1,P002,P002.ppm,320,83.789732,1778422390.810291,5.316667,204.0,10.0,pix
real_001_s001_2026-05-10_16-11-47-020,001,001,1,P002,P002.ppm,321,83.806398,1778422390.826957,5.333333,204.0,10.0,pix
real_001_s001_2026-05-10_16-11-47-020,001,001,1,P002,P002.ppm,322,83.823065,1778422390.843624,5.35,204.0,10.0,pix
real_001_s001_2026-05-10_16-11-47-020,001,001,1,P002,P002.ppm,323,83.839732,1778422390.860291,5.366667,204.0,10.0,pix
real_001_s001_2026-05-10_16-11-47-020,001,001,1,P002,P002.ppm,324,83.856398,1778422390.876957,5.383333,204.0,10.0,pix
real_001_s001_2026-05-10_16-11-47-020,001,001,1,P002,P002.ppm,325,83.873065,1778422390.893624,5.4,204.0,10.0,pix
real_001_s001_2026-05-10_16-11-47-020,001,001,1,P002,P002.ppm,326,83.889732,1778422390.910291,5.416667,204.0,10.0,pix
real_001_s001_2026-05-10_16-11-47-020,001,001,1,P002,P002.ppm,327,83.906398,1778422390.926957,5.433333,204.0,10.0,pix
real_001_s001_2026-05-10_16-11-47-020,001,001,1,P002,P002.ppm,328,83.923065,1778422390.943624,5.45,204.0,10.0,pix
real_001_s001_2026-05-10_16-11-47-020,001,001,1,P002,P002.ppm,329,83.939732,1778422390.960291,5.466667,204.0,10.0,pix
real_001_s001_2026-05-10_16-11-47-020,001,001,1,P002,P002.ppm,330,83.956398,1778422390.976957,5.483333,204.0,10.0,pix
real_001_s001_2026-05-10_16-11-47-020,001,001,1,P002,P002.ppm,331,83.973065,1778422390.993624,5.5,204.0,10.0,pix
real_001_s001_2026-05-10_16-11-47-020,001,001,1,P002,P002.ppm,332,83.989732,1778422391.010291,5.516667,204.0,10.0,pix
real_001_s001_2026-05-10_16-11-47-020,001,001,1,P002,P002.ppm,333,84.006398,1778422391.026957,5.533333,204.0,10.0,pix
real_001_s001_2026-05-10_16-11-47-020,001,001,1,P002,P002.ppm,334,84.023065,1778422391.043624,5.55,204.0,10.0,pix
real_001_s001_2026-05-10_16-11-47-020,001,001,1,P002,P002.ppm,335,84.039732,1778422391.060291,5.566667,204.0,10.0,pix
real_001_s001_2026-05-10_16-11-47-020,001,001,1,P002,P002.ppm,336,84.056398,1778422391.076957,5.583333,204.0,10.0,pix
real_001_s001_2026-05-10_16-11-47-020,001,001,1,P002,P002.ppm,337,84.073065,1778422391.093624,5.6,204.0,10.0,pix
real_001_s001_2026-05-10_16-11-47-020,001,001,1,P002,P002.ppm,338,84.089732,1778422391.110291,5.616667,204.0,10.0,pix
real_001_s001_2026-05-10_16-11-47-020,001,001,1,P002,P002.ppm,339,84.106398,1778422391.126957,5.633333,204.0,10.0,pix
real_001_s001_2026-05-10_16-11-47-020,001,001,1,P002,P002.ppm,340,84.123065,1778422391.143624,5.65,204.0,10.0,pix
real_001_s001_2026-05-10_16-11-47-020,001,001,1,P002,P002.ppm,341,84.139732,1778422391.160291,5.666667,204.0,10.0,pix
real_001_s001_2026-05-10_16-11-47-020,001,001,1,P002,P002.ppm,342,84.156398,1778422391.176957,5.683333,204.0,10.0,pix
real_001_s001_2026-05-10_16-11-47-020,001,001,1,P002,P002.ppm,343,84.173065,1778422391.193624,5.7,204.0,10.0,pix
real_001_s001_2026-05-10_16-11-47-020,001,001,1,P002,P002.ppm,344,84.189732,1778422391.210291,5.716667,204.0,10.0,pix
real_001_s001_2026-05-10_16-11-47-020,001,001,1,P002,P002.ppm,345,84.206398,1778422391.226957,5.733333,204.0,10.0,pix
real_001_s001_2026-05-10_16-11-47-020,001,001,1,P002,P002.ppm,346,84.223065,1778422391.243624,5.75,204.0,10.0,pix
real_001_s001_2026-05-10_16-11-47-020,001,001,1,P002,P002.ppm,347,84.239732,1778422391.260291,5.766667,204.0,10.0,pix
real_001_s001_2026-05-10_16-11-47-020,001,001,1,P002,P002.ppm,348,84.256398,1778422391.276957,5.783333,204.0,10.0,pix
real_001_s001_2026-05-10_16-11-47-020,001,001,1,P002,P002.ppm,349,84.273065,1778422391.293624,5.8,204.0,10.0,pix
real_001_s001_2026-05-10_16-11-47-020,001,001,1,P002,P002.ppm,350,84.289732,1778422391.310291,5.816667,204.0,10.0,pix
real_001_s001_2026-05-10_16-11-47-020,001,001,1,P002,P002.ppm,351,84.306398,1778422391.326957,5.833333,204.0,10.0,pix
real_001_s001_2026-05-10_16-11-47-020,001,001,1,P002,P002.ppm,352,84.323065,1778422391.343624,5.85,204.0,10.0,pix
real_001_s001_2026-05-10_16-11-47-020,001,001,1,P002,P002.ppm,353,84.339732,1778422391.360291,5.866667,204.0,10.0,pix
real_001_s001_2026-05-10_16-11-47-020,001,001,1,P002,P002.ppm,354,84.356398,1778422391.376957,5.883333,204.0,10.0,pix
real_001_s001_2026-05-10_16-11-47-020,001,001,1,P002,P002.ppm,355,84.373065,1778422391.393624,5.9,204.0,10.0,pix
real_001_s001_2026-05-10_16-11-47-020,001,001,1,P002,P002.ppm,356,84.389732,1778422391.410291,5.916667,204.0,10.0,pix
real_001_s001_2026-05-10_16-11-47-020,001,001,1,P002,P002.ppm,357,84.406398,1778422391.426957,5.933333,204.0,10.0,pix
real_001_s001_2026-05-10_16-11-47-020,001,001,1,P002,P002.ppm,358,84.423065,1778422391.443624,5.95,204.0,10.0,pix
real_001_s001_2026-05-10_16-11-47-020,001,001,1,P002,P002.ppm,359,84.439732,1778422391.460291,5.966667,204.0,10.0,pix
real_001_s001_2026-05-10_16-11-47-020,001,001,1,P002,P002.ppm,360,84.456398,1778422391.476957,5.983333,204.0,10.0,pix
real_001_s001_2026-05-10_16-11-47-020,001,001,1,P002,P002.ppm,361,84.473065,1778422391.493624,6.0,204.0,10.0,pix
real_001_s001_2026-05-10_16-11-47-020,001,001,1,P002,P002.ppm,362,84.489732,1778422391.510291,6.016667,204.0,10.0,pix
real_001_s001_2026-05-10_16-11-47-020,001,001,1,P002,P002.ppm,363,84.506398,1778422391.526957,6.033333,204.0,10.0,pix
real_001_s001_2026-05-10_16-11-47-020,001,001,1,P002,P002.ppm,364,84.523065,1778422391.543624,6.05,204.0,10.0,pix
real_001_s001_2026-05-10_16-11-47-020,001,001,1,P002,P002.ppm,365,84.539732,1778422391.560291,6.066667,204.0,10.0,pix
real_001_s001_2026-05-10_16-11-47-020,001,001,1,P002,P002.ppm,366,84.556398,1778422391.576957,6.083333,204.0,10.0,pix
real_001_s001_2026-05-10_16-11-47-020,001,001,1,P002,P002.ppm,367,84.573065,1778422391.593624,6.1,204.0,10.0,pix
real_001_s001_2026-05-10_16-11-47-020,001,001,1,P002,P002.ppm,368,84.589732,1778422391.610291,6.116667,204.0,10.0,pix
real_001_s001_2026-05-10_16-11-47-020,001,001,1,P002,P002.ppm,369,84.606398,1778422391.626957,6.133333,204.0,10.0,pix
real_001_s001_2026-05-10_16-11-47-020,001,001,1,P002,P002.ppm,370,84.623065,1778422391.643624,6.15,204.0,10.0,pix
real_001_s001_2026-05-10_16-11-47-020,001,001,1,P002,P002.ppm,371,84.639732,1778422391.660291,6.166667,204.0,10.0,pix
real_001_s001_2026-05-10_16-11-47-020,001,001,1,P002,P002.ppm,372,84.656398,1778422391.676957,6.183333,204.0,10.0,pix
real_001_s001_2026-05-10_16-11-47-020,001,001,1,P002,P002.ppm,373,84.673065,1778422391.693624,6.2,204.0,10.0,pix
real_001_s001_2026-05-10_16-11-47-020,001,001,1,P002,P002.ppm,374,84.689732,1778422391.710291,6.216667,204.0,10.0,pix
real_001_s001_2026-05-10_16-11-47-020,001,001,1,P002,P002.ppm,375,84.706398,1778422391.726957,6.233333,204.0,10.0,pix
real_001_s001_2026-05-10_16-11-47-020,001,001,1,P002,P002.ppm,376,84.723065,1778422391.743624,6.25,204.0,10.0,pix
real_001_s001_2026-05-10_16-11-47-020,001,001,1,P002,P002.ppm,377,84.739732,1778422391.760291,6.266667,204.0,10.0,pix
real_001_s001_2026-05-10_16-11-47-020,001,001,1,P002,P002.ppm,378,84.756398,1778422391.776957,6.283333,204.0,10.0,pix
real_001_s001_2026-05-10_16-11-47-020,001,001,1,P002,P002.ppm,379,84.773065,1778422391.793624,6.3,204.0,10.0,pix
real_001_s001_2026-05-10_16-11-47-020,001,001,1,P002,P002.ppm,380,84.789732,1778422391.810291,6.316667,204.0,10.0,pix
real_001_s001_2026-05-10_16-11-47-020,001,001,1,P002,P002.ppm,381,84.806398,1778422391.826957,6.333333,204.0,10.0,pix
real_001_s001_2026-05-10_16-11-47-020,001,001,1,P002,P002.ppm,382,84.823065,1778422391.843624,6.35,204.0,10.0,pix
real_001_s001_2026-05-10_16-11-47-020,001,001,1,P002,P002.ppm,383,84.839732,1778422391.860291,6.366667,204.0,10.0,pix
real_001_s001_2026-05-10_16-11-47-020,001,001,1,P002,P002.ppm,384,84.856398,1778422391.876957,6.383333,204.0,10.0,pix
real_001_s001_2026-05-10_16-11-47-020,001,001,1,P002,P002.ppm,385,84.873065,1778422391.893624,6.4,204.0,10.0,pix
real_001_s001_2026-05-10_16-11-47-020,001,001,1,P002,P002.ppm,386,84.889732,1778422391.910291,6.416667,204.0,10.0,pix
real_001_s001_2026-05-10_16-11-47-020,001,001,1,P002,P002.ppm,387,84.906398,1778422391.926957,6.433333,204.0,10.0,pix
real_001_s001_2026-05-10_16-11-47-020,001,001,1,P002,P002.ppm,388,84.923065,1778422391.943624,6.45,204.0,10.0,pix
real_001_s001_2026-05-10_16-11-47-020,001,001,1,P002,P002.ppm,389,84.939732,1778422391.960291,6.466667,204.0,10.0,pix
real_001_s001_2026-05-10_16-11-47-020,001,001,1,P002,P002.ppm,390,84.956398,1778422391.976957,6.483333,204.0,10.0,pix
real_001_s001_2026-05-10_16-11-47-020,001,001,1,P002,P002.ppm,391,84.973065,1778422391.993624,6.5,204.0,10.0,pix
real_001_s001_2026-05-10_16-11-47-020,001,001,1,P002,P002.ppm,392,84.989732,1778422392.010291,6.516667,204.0,10.0,pix
real_001_s001_2026-05-10_16-11-47-020,001,001,1,P002,P002.ppm,393,85.006398,1778422392.026957,6.533333,204.0,10.0,pix
real_001_s001_2026-05-10_16-11-47-020,001,001,1,P002,P002.ppm,394,85.023065,1778422392.043624,6.55,204.0,10.0,pix
real_001_s001_2026-05-10_16-11-47-020,001,001,1,P002,P002.ppm,395,85.039732,1778422392.060291,6.566667,204.0,10.0,pix
real_001_s001_2026-05-10_16-11-47-020,001,001,1,P002,P002.ppm,396,85.056398,1778422392.076957,6.583333,204.0,10.0,pix
real_001_s001_2026-05-10_16-11-47-020,001,001,1,P002,P002.ppm,397,85.073065,1778422392.093624,6.6,204.0,10.0,pix
real_001_s001_2026-05-10_16-11-47-020,001,001,1,P002,P002.ppm,398,85.089732,1778422392.110291,6.616667,204.0,10.0,pix
real_001_s001_2026-05-10_16-11-47-020,001,001,1,P002,P002.ppm,399,85.106398,1778422392.126957,6.633333,204.0,10.0,pix
real_001_s001_2026-05-10_16-11-47-020,001,001,1,P002,P002.ppm,400,85.123065,1778422392.143624,6.65,204.0,10.0,pix
real_001_s001_2026-05-10_16-11-47-020,001,001,1,P002,P002.ppm,401,85.139732,1778422392.160291,6.666667,204.0,10.0,pix
real_001_s001_2026-05-10_16-11-47-020,001,001,1,P002,P002.ppm,402,85.156398,1778422392.176957,6.683333,204.0,10.0,pix
real_001_s001_2026-05-10_16-11-47-020,001,001,1,P002,P002.ppm,403,85.173065,1778422392.193624,6.7,204.0,10.0,pix
real_001_s001_2026-05-10_16-11-47-020,001,001,1,P002,P002.ppm,404,85.189732,1778422392.210291,6.716667,204.0,10.0,pix
real_001_s001_2026-05-10_16-11-47-020,001,001,1,P002,P002.ppm,405,85.206398,1778422392.226957,6.733333,204.0,10.0,pix
real_001_s001_2026-05-10_16-11-47-020,001,001,1,P002,P002.ppm,406,85.223065,1778422392.243624,6.75,204.0,10.0,pix
real_001_s001_2026-05-10_16-11-47-020,001,001,1,P002,P002.ppm,407,85.239732,1778422392.260291,6.766667,204.0,10.0,pix
real_001_s001_2026-05-10_16-11-47-020,001,001,1,P002,P002.ppm,408,85.256398,1778422392.276957,6.783333,204.0,10.0,pix
real_001_s001_2026-05-10_16-11-47-020,001,001,1,P002,P002.ppm,409,85.273065,1778422392.293624,6.8,204.0,10.0,pix
real_001_s001_2026-05-10_16-11-47-020,001,001,1,P002,P002.ppm,410,85.289732,1778422392.310291,6.816667,204.0,10.0,pix
real_001_s001_2026-05-10_16-11-47-020,001,001,1,P002,P002.ppm,411,85.306398,1778422392.326957,6.833333,204.0,10.0,pix
real_001_s001_2026-05-10_16-11-47-020,001,001,1,P002,P002.ppm,412,85.323065,1778422392.343624,6.85,204.0,10.0,pix
real_001_s001_2026-05-10_16-11-47-020,001,001,1,P002,P002.ppm,413,85.339732,1778422392.360291,6.866667,204.0,10.0,pix
real_001_s001_2026-05-10_16-11-47-020,001,001,1,P002,P002.ppm,414,85.356398,1778422392.376957,6.883333,204.0,10.0,pix
real_001_s001_2026-05-10_16-11-47-020,001,001,1,P002,P002.ppm,415,85.373065,1778422392.393624,6.9,204.0,10.0,pix
real_001_s001_2026-05-10_16-11-47-020,001,001,1,P002,P002.ppm,416,85.389732,1778422392.410291,6.916667,204.0,10.0,pix
real_001_s001_2026-05-10_16-11-47-020,001,001,1,P002,P002.ppm,417,85.406398,1778422392.426957,6.933333,204.0,10.0,pix
real_001_s001_2026-05-10_16-11-47-020,001,001,1,P002,P002.ppm,418,85.423065,1778422392.443624,6.95,204.0,10.0,pix
real_001_s001_2026-05-10_16-11-47-020,001,001,1,P002,P002.ppm,419,85.439732,1778422392.460291,6.966667,204.0,10.0,pix
real_001_s001_2026-05-10_16-11-47-020,001,001,1,P002,P002.ppm,420,85.456398,1778422392.476957,6.983333,204.0,10.0,pix
real_001_s001_2026-05-10_16-11-47-020,001,001,1,P002,P002.ppm,421,85.473065,1778422392.493624,7.0,204.0,10.0,pix
real_001_s001_2026-05-10_16-11-47-020,001,001,1,P002,P002.ppm,422,85.489732,1778422392.510291,7.016667,204.0,10.0,pix
real_001_s001_2026-05-10_16-11-47-020,001,001,1,P002,P002.ppm,423,85.506398,1778422392.526957,7.033333,204.0,10.0,pix
real_001_s001_2026-05-10_16-11-47-020,001,001,1,P002,P002.ppm,424,85.523065,1778422392.543624,7.05,204.0,10.0,pix
real_001_s001_2026-05-10_16-11-47-020,001,001,1,P002,P002.ppm,425,85.539732,1778422392.560291,7.066667,204.0,10.0,pix
real_001_s001_2026-05-10_16-11-47-020,001,001,1,P002,P002.ppm,426,85.556398,1778422392.576957,7.083333,204.0,10.0,pix
real_001_s001_2026-05-10_16-11-47-020,001,001,1,P002,P002.ppm,427,85.573065,1778422392.593624,7.1,204.0,10.0,pix
real_001_s001_2026-05-10_16-11-47-020,001,001,1,P002,P002.ppm,428,85.589732,1778422392.610291,7.116667,204.0,10.0,pix
real_001_s001_2026-05-10_16-11-47-020,001,001,1,P002,P002.ppm,429,85.606398,1778422392.626957,7.133333,204.0,10.0,pix
real_001_s001_2026-05-10_16-11-47-020,001,001,1,P002,P002.ppm,430,85.623065,1778422392.643624,7.15,204.0,10.0,pix
real_001_s001_2026-05-10_16-11-47-020,001,001,1,P002,P002.ppm,431,85.639732,1778422392.660291,7.166667,204.0,10.0,pix
real_001_s001_2026-05-10_16-11-47-020,001,001,1,P002,P002.ppm,432,85.656398,1778422392.676957,7.183333,204.0,10.0,pix
real_001_s001_2026-05-10_16-11-47-020,001,001,1,P002,P002.ppm,433,85.673065,1778422392.693624,7.2,204.0,10.0,pix
real_001_s001_2026-05-10_16-11-47-020,001,001,1,P002,P002.ppm,434,85.689732,1778422392.710291,7.216667,204.0,10.0,pix
real_001_s001_2026-05-10_16-11-47-020,001,001,1,P002,P002.ppm,435,85.706398,1778422392.726957,7.233333,204.0,10.0,pix
real_001_s001_2026-05-10_16-11-47-020,001,001,1,P002,P002.ppm,436,85.723065,1778422392.743624,7.25,204.0,10.0,pix
real_001_s001_2026-05-10_16-11-47-020,001,001,1,P002,P002.ppm,437,85.739732,1778422392.760291,7.266667,204.0,10.0,pix
real_001_s001_2026-05-10_16-11-47-020,001,001,1,P002,P002.ppm,438,85.756398,1778422392.776957,7.283333,204.0,10.0,pix
real_001_s001_2026-05-10_16-11-47-020,001,001,1,P002,P002.ppm,439,85.773065,1778422392.793624,7.3,204.0,10.0,pix
real_001_s001_2026-05-10_16-11-47-020,001,001,1,P002,P002.ppm,440,85.789732,1778422392.810291,7.316667,204.0,10.0,pix
real_001_s001_2026-05-10_16-11-47-020,001,001,1,P002,P002.ppm,441,85.806398,1778422392.826957,7.333333,204.0,10.0,pix
real_001_s001_2026-05-10_16-11-47-020,001,001,1,P002,P002.ppm,442,85.823065,1778422392.843624,7.35,204.0,10.0,pix
real_001_s001_2026-05-10_16-11-47-020,001,001,1,P002,P002.ppm,443,85.839732,1778422392.860291,7.366667,204.0,10.0,pix
real_001_s001_2026-05-10_16-11-47-020,001,001,1,P002,P002.ppm,444,85.856398,1778422392.876957,7.383333,204.0,10.0,pix
real_001_s001_2026-05-10_16-11-47-020,001,001,1,P002,P002.ppm,445,85.873065,1778422392.893624,7.4,204.0,10.0,pix
real_001_s001_2026-05-10_16-11-47-020,001,001,1,P002,P002.ppm,446,85.889732,1778422392.910291,7.416667,204.0,10.0,pix
real_001_s001_2026-05-10_16-11-47-020,001,001,1,P002,P002.ppm,447,85.906398,1778422392.926957,7.433333,204.0,10.0,pix
real_001_s001_2026-05-10_16-11-47-020,001,001,1,P002,P002.ppm,448,85.923065,1778422392.943624,7.45,204.0,10.0,pix
real_001_s001_2026-05-10_16-11-47-020,001,001,1,P002,P002.ppm,449,85.939732,1778422392.960291,7.466667,204.0,10.0,pix
real_001_s001_2026-05-10_16-11-47-020,001,001,1,P002,P002.ppm,450,85.956398,1778422392.976957,7.483333,204.0,10.0,pix
real_001_s001_2026-05-10_16-11-47-020,001,001,1,P002,P002.ppm,451,85.973065,1778422392.993624,7.5,204.0,10.0,pix
real_001_s001_2026-05-10_16-11-47-020,001,001,1,P002,P002.ppm,452,85.989732,1778422393.010291,7.516667,204.0,10.0,pix
real_001_s001_2026-05-10_16-11-47-020,001,001,1,P002,P002.ppm,453,86.006398,1778422393.026957,7.533333,204.0,10.0,pix
real_001_s001_2026-05-10_16-11-47-020,001,001,1,P002,P002.ppm,454,86.023065,1778422393.043624,7.55,204.0,10.0,pix
real_001_s001_2026-05-10_16-11-47-020,001,001,1,P002,P002.ppm,455,86.039732,1778422393.060291,7.566667,204.0,10.0,pix
real_001_s001_2026-05-10_16-11-47-020,001,001,1,P002,P002.ppm,456,86.056398,1778422393.076957,7.583333,204.0,10.0,pix
real_001_s001_2026-05-10_16-11-47-020,001,001,1,P002,P002.ppm,457,86.073065,1778422393.093624,7.6,204.0,10.0,pix
real_001_s001_2026-05-10_16-11-47-020,001,001,1,P002,P002.ppm,458,86.089732,1778422393.110291,7.616667,204.0,10.0,pix
real_001_s001_2026-05-10_16-11-47-020,001,001,1,P002,P002.ppm,459,86.106398,1778422393.126957,7.633333,204.0,10.0,pix
real_001_s001_2026-05-10_16-11-47-020,001,001,1,P002,P002.ppm,460,86.123065,1778422393.143624,7.65,204.0,10.0,pix
real_001_s001_2026-05-10_16-11-47-020,001,001,1,P002,P002.ppm,461,86.139732,1778422393.160291,7.666667,204.0,10.0,pix
real_001_s001_2026-05-10_16-11-47-020,001,001,1,P002,P002.ppm,462,86.156398,1778422393.176957,7.683333,204.0,10.0,pix
real_001_s001_2026-05-10_16-11-47-020,001,001,1,P002,P002.ppm,463,86.173065,1778422393.193624,7.7,204.0,10.0,pix
real_001_s001_2026-05-10_16-11-47-020,001,001,1,P002,P002.ppm,464,86.189732,1778422393.210291,7.716667,204.0,10.0,pix
real_001_s001_2026-05-10_16-11-47-020,001,001,1,P002,P002.ppm,465,86.206398,1778422393.226957,7.733333,204.0,10.0,pix
real_001_s001_2026-05-10_16-11-47-020,001,001,1,P002,P002.ppm,466,86.223065,1778422393.243624,7.75,204.0,10.0,pix
real_001_s001_2026-05-10_16-11-47-020,001,001,1,P002,P002.ppm,467,86.239732,1778422393.260291,7.766667,204.0,10.0,pix
real_001_s001_2026-05-10_16-11-47-020,001,001,1,P002,P002.ppm,468,86.256398,1778422393.276957,7.783333,204.0,10.0,pix
real_001_s001_2026-05-10_16-11-47-020,001,001,1,P002,P002.ppm,469,86.273065,1778422393.293624,7.8,204.0,10.0,pix
real_001_s001_2026-05-10_16-11-47-020,001,001,1,P002,P002.ppm,470,86.289732,1778422393.310291,7.816667,204.0,10.0,pix
real_001_s001_2026-05-10_16-11-47-020,001,001,1,P002,P002.ppm,471,86.306398,1778422393.326957,7.833333,204.0,10.0,pix
real_001_s001_2026-05-10_16-11-47-020,001,001,1,P002,P002.ppm,472,86.323065,1778422393.343624,7.85,204.0,10.0,pix
real_001_s001_2026-05-10_16-11-47-020,001,001,1,P002,P002.ppm,473,86.339732,1778422393.360291,7.866667,204.0,10.0,pix
real_001_s001_2026-05-10_16-11-47-020,001,001,1,P002,P002.ppm,474,86.356398,1778422393.376957,7.883333,204.0,10.0,pix
real_001_s001_2026-05-10_16-11-47-020,001,001,1,P002,P002.ppm,475,86.373065,1778422393.393624,7.9,204.0,10.0,pix
real_001_s001_2026-05-10_16-11-47-020,001,001,1,P002,P002.ppm,476,86.389732,1778422393.410291,7.916667,204.0,10.0,pix
real_001_s001_2026-05-10_16-11-47-020,001,001,1,P002,P002.ppm,477,86.406398,1778422393.426957,7.933333,204.0,10.0,pix
real_001_s001_2026-05-10_16-11-47-020,001,001,1,P002,P002.ppm,478,86.423065,1778422393.443624,7.95,204.0,10.0,pix
real_001_s001_2026-05-10_16-11-47-020,001,001,1,P002,P002.ppm,479,86.439732,1778422393.460291,7.966667,204.0,10.0,pix
real_001_s001_2026-05-10_16-11-47-020,001,001,1,P002,P002.ppm,480,86.456398,1778422393.476957,7.983333,204.0,10.0,pix
real_001_s001_2026-05-10_16-11-47-020,001,001,1,P002,P002.ppm,481,86.473065,1778422393.493624,8.0,204.0,10.0,pix
real_001_s001_2026-05-10_16-11-47-020,001,001,1,P002,P002.ppm,482,86.489732,1778422393.510291,8.016667,204.0,10.0,pix
real_001_s001_2026-05-10_16-11-47-020,001,001,1,P002,P002.ppm,483,86.506398,1778422393.526957,8.033333,204.0,10.0,pix
real_001_s001_2026-05-10_16-11-47-020,001,001,1,P002,P002.ppm,484,86.523065,1778422393.543624,8.05,204.0,10.0,pix
real_001_s001_2026-05-10_16-11-47-020,001,001,1,P002,P002.ppm,485,86.539732,1778422393.560291,8.066667,204.0,10.0,pix
real_001_s001_2026-05-10_16-11-47-020,001,001,1,P002,P002.ppm,486,86.556398,1778422393.576957,8.083333,204.0,10.0,pix
real_001_s001_2026-05-10_16-11-47-020,001,001,1,P002,P002.ppm,487,86.573065,1778422393.593624,8.1,204.0,10.0,pix
real_001_s001_2026-05-10_16-11-47-020,001,001,1,P002,P002.ppm,488,86.589732,1778422393.610291,8.116667,204.0,10.0,pix
real_001_s001_2026-05-10_16-11-47-020,001,001,1,P002,P002.ppm,489,86.606398,1778422393.626957,8.133333,204.0,10.0,pix
real_001_s001_2026-05-10_16-11-47-020,001,001,1,P002,P002.ppm,490,86.623065,1778422393.643624,8.15,204.0,10.0,pix
real_001_s001_2026-05-10_16-11-47-020,001,001,1,P002,P002.ppm,491,86.639732,1778422393.660291,8.166667,204.0,10.0,pix
real_001_s001_2026-05-10_16-11-47-020,001,001,1,P002,P002.ppm,492,86.656398,1778422393.676957,8.183333,204.0,10.0,pix
real_001_s001_2026-05-10_16-11-47-020,001,001,1,P002,P002.ppm,493,86.673065,1778422393.693624,8.2,204.0,10.0,pix
real_001_s001_2026-05-10_16-11-47-020,001,001,1,P002,P002.ppm,494,86.689732,1778422393.710291,8.216667,204.0,10.0,pix
real_001_s001_2026-05-10_16-11-47-020,001,001,1,P002,P002.ppm,495,86.706398,1778422393.726957,8.233333,204.0,10.0,pix
real_001_s001_2026-05-10_16-11-47-020,001,001,1,P002,P002.ppm,496,86.723065,1778422393.743624,8.25,204.0,10.0,pix
real_001_s001_2026-05-10_16-11-47-020,001,001,1,P002,P002.ppm,497,86.739732,1778422393.760291,8.266667,204.0,10.0,pix
real_001_s001_2026-05-10_16-11-47-020,001,001,1,P002,P002.ppm,498,86.756398,1778422393.776957,8.283333,204.0,10.0,pix
real_001_s001_2026-05-10_16-11-47-020,001,001,1,P002,P002.ppm,499,86.773065,1778422393.793624,8.3,204.0,10.0,pix
real_001_s001_2026-05-10_16-11-47-020,001,001,1,P002,P002.ppm,500,86.789732,1778422393.810291,8.316667,204.0,10.0,pix
real_001_s001_2026-05-10_16-11-47-020,001,001,1,P002,P002.ppm,501,86.806398,1778422393.826957,8.333333,204.0,10.0,pix
real_001_s001_2026-05-10_16-11-47-020,001,001,1,P002,P002.ppm,502,86.823065,1778422393.843624,8.35,204.0,10.0,pix
real_001_s001_2026-05-10_16-11-47-020,001,001,1,P002,P002.ppm,503,86.839732,1778422393.860291,8.366667,204.0,10.0,pix
real_001_s001_2026-05-10_16-11-47-020,001,001,1,P002,P002.ppm,504,86.856398,1778422393.876957,8.383333,204.0,10.0,pix
real_001_s001_2026-05-10_16-11-47-020,001,001,1,P002,P002.ppm,505,86.873065,1778422393.893624,8.4,204.0,10.0,pix
real_001_s001_2026-05-10_16-11-47-020,001,001,1,P002,P002.ppm,506,86.889732,1778422393.910291,8.416667,204.0,10.0,pix
real_001_s001_2026-05-10_16-11-47-020,001,001,1,P002,P002.ppm,507,86.906398,1778422393.926957,8.433333,204.0,10.0,pix
real_001_s001_2026-05-10_16-11-47-020,001,001,1,P002,P002.ppm,508,86.923065,1778422393.943624,8.45,204.0,10.0,pix
real_001_s001_2026-05-10_16-11-47-020,001,001,1,P002,P002.ppm,509,86.939732,1778422393.960291,8.466667,204.0,10.0,pix
real_001_s001_2026-05-10_16-11-47-020,001,001,1,P002,P002.ppm,510,86.956398,1778422393.976957,8.483333,204.0,10.0,pix
real_001_s001_2026-05-10_16-11-47-020,001,001,1,P002,P002.ppm,511,86.973065,1778422393.993624,8.5,204.0,10.0,pix
real_001_s001_2026-05-10_16-11-47-020,001,001,1,P002,P002.ppm,512,86.989732,1778422394.010291,8.516667,204.0,10.0,pix
real_001_s001_2026-05-10_16-11-47-020,001,001,1,P002,P002.ppm,513,87.006398,1778422394.026957,8.533333,204.0,10.0,pix
real_001_s001_2026-05-10_16-11-47-020,001,001,1,P002,P002.ppm,514,87.023065,1778422394.043624,8.55,204.0,10.0,pix
real_001_s001_2026-05-10_16-11-47-020,001,001,1,P002,P002.ppm,515,87.039732,1778422394.060291,8.566667,204.0,10.0,pix
real_001_s001_2026-05-10_16-11-47-020,001,001,1,P002,P002.ppm,516,87.056398,1778422394.076957,8.583333,204.0,10.0,pix
real_001_s001_2026-05-10_16-11-47-020,001,001,1,P002,P002.ppm,517,87.073065,1778422394.093624,8.6,204.0,10.0,pix
real_001_s001_2026-05-10_16-11-47-020,001,001,1,P002,P002.ppm,518,87.089732,1778422394.110291,8.616667,204.0,10.0,pix
real_001_s001_2026-05-10_16-11-47-020,001,001,1,P002,P002.ppm,519,87.106398,1778422394.126957,8.633333,204.0,10.0,pix
real_001_s001_2026-05-10_16-11-47-020,001,001,1,P002,P002.ppm,520,87.123065,1778422394.143624,8.65,204.0,10.0,pix
real_001_s001_2026-05-10_16-11-47-020,001,001,1,P002,P002.ppm,521,87.139732,1778422394.160291,8.666667,204.0,10.0,pix
real_001_s001_2026-05-10_16-11-47-020,001,001,1,P002,P002.ppm,522,87.156398,1778422394.176957,8.683333,204.0,10.0,pix
real_001_s001_2026-05-10_16-11-47-020,001,001,1,P002,P002.ppm,523,87.173065,1778422394.193624,8.7,204.0,10.0,pix
real_001_s001_2026-05-10_16-11-47-020,001,001,1,P002,P002.ppm,524,87.189732,1778422394.210291,8.716667,204.0,10.0,pix
real_001_s001_2026-05-10_16-11-47-020,001,001,1,P002,P002.ppm,525,87.206398,1778422394.226957,8.733333,204.0,10.0,pix
real_001_s001_2026-05-10_16-11-47-020,001,001,1,P002,P002.ppm,526,87.223065,1778422394.243624,8.75,204.0,10.0,pix
real_001_s001_2026-05-10_16-11-47-020,001,001,1,P002,P002.ppm,527,87.239732,1778422394.260291,8.766667,204.0,10.0,pix
real_001_s001_2026-05-10_16-11-47-020,001,001,1,P002,P002.ppm,528,87.256398,1778422394.276957,8.783333,204.0,10.0,pix
real_001_s001_2026-05-10_16-11-47-020,001,001,1,P002,P002.ppm,529,87.273065,1778422394.293624,8.8,204.0,10.0,pix
real_001_s001_2026-05-10_16-11-47-020,001,001,1,P002,P002.ppm,530,87.289732,1778422394.310291,8.816667,204.0,10.0,pix
real_001_s001_2026-05-10_16-11-47-020,001,001,1,P002,P002.ppm,531,87.306398,1778422394.326957,8.833333,204.0,10.0,pix
real_001_s001_2026-05-10_16-11-47-020,001,001,1,P002,P002.ppm,532,87.323065,1778422394.343624,8.85,204.0,10.0,pix
real_001_s001_2026-05-10_16-11-47-020,001,001,1,P002,P002.ppm,533,87.339732,1778422394.360291,8.866667,204.0,10.0,pix
real_001_s001_2026-05-10_16-11-47-020,001,001,1,P002,P002.ppm,534,87.356398,1778422394.376957,8.883333,204.0,10.0,pix
real_001_s001_2026-05-10_16-11-47-020,001,001,1,P002,P002.ppm,535,87.373065,1778422394.393624,8.9,204.0,10.0,pix
real_001_s001_2026-05-10_16-11-47-020,001,001,1,P002,P002.ppm,536,87.389732,1778422394.410291,8.916667,204.0,10.0,pix
real_001_s001_2026-05-10_16-11-47-020,001,001,1,P002,P002.ppm,537,87.406398,1778422394.426957,8.933333,204.0,10.0,pix
real_001_s001_2026-05-10_16-11-47-020,001,001,1,P002,P002.ppm,538,87.423065,1778422394.443624,8.95,204.0,10.0,pix
real_001_s001_2026-05-10_16-11-47-020,001,001,1,P002,P002.ppm,539,87.439732,1778422394.460291,8.966667,204.0,10.0,pix
real_001_s001_2026-05-10_16-11-47-020,001,001,1,P002,P002.ppm,540,87.456398,1778422394.476957,8.983333,204.0,10.0,pix
real_001_s001_2026-05-10_16-11-47-020,001,001,1,P002,P002.ppm,541,87.473065,1778422394.493624,9.0,204.0,10.0,pix
real_001_s001_2026-05-10_16-11-47-020,001,001,1,P002,P002.ppm,542,87.489732,1778422394.510291,9.016667,204.0,10.0,pix
real_001_s001_2026-05-10_16-11-47-020,001,001,1,P002,P002.ppm,543,87.506398,1778422394.526957,9.033333,204.0,10.0,pix
real_001_s001_2026-05-10_16-11-47-020,001,001,1,P002,P002.ppm,544,87.523065,1778422394.543624,9.05,204.0,10.0,pix
real_001_s001_2026-05-10_16-11-47-020,001,001,1,P002,P002.ppm,545,87.539732,1778422394.560291,9.066667,204.0,10.0,pix
real_001_s001_2026-05-10_16-11-47-020,001,001,1,P002,P002.ppm,546,87.556398,1778422394.576957,9.083333,204.0,10.0,pix
real_001_s001_2026-05-10_16-11-47-020,001,001,1,P002,P002.ppm,547,87.573065,1778422394.593624,9.1,204.0,10.0,pix
real_001_s001_2026-05-10_16-11-47-020,001,001,1,P002,P002.ppm,548,87.589732,1778422394.610291,9.116667,204.0,10.0,pix
real_001_s001_2026-05-10_16-11-47-020,001,001,1,P002,P002.ppm,549,87.606398,1778422394.626957,9.133333,204.0,10.0,pix
real_001_s001_2026-05-10_16-11-47-020,001,001,1,P002,P002.ppm,550,87.623065,1778422394.643624,9.15,204.0,10.0,pix
real_001_s001_2026-05-10_16-11-47-020,001,001,1,P002,P002.ppm,551,87.639732,1778422394.660291,9.166667,204.0,10.0,pix
real_001_s001_2026-05-10_16-11-47-020,001,001,1,P002,P002.ppm,552,87.656398,1778422394.676957,9.183333,204.0,10.0,pix
real_001_s001_2026-05-10_16-11-47-020,001,001,1,P002,P002.ppm,553,87.673065,1778422394.693624,9.2,204.0,10.0,pix
real_001_s001_2026-05-10_16-11-47-020,001,001,1,P002,P002.ppm,554,87.689732,1778422394.710291,9.216667,204.0,10.0,pix
real_001_s001_2026-05-10_16-11-47-020,001,001,1,P002,P002.ppm,555,87.706398,1778422394.726957,9.233333,204.0,10.0,pix
real_001_s001_2026-05-10_16-11-47-020,001,001,1,P002,P002.ppm,556,87.723065,1778422394.743624,9.25,204.0,10.0,pix
real_001_s001_2026-05-10_16-11-47-020,001,001,1,P002,P002.ppm,557,87.739732,1778422394.760291,9.266667,204.0,10.0,pix
real_001_s001_2026-05-10_16-11-47-020,001,001,1,P002,P002.ppm,558,87.756398,1778422394.776957,9.283333,204.0,10.0,pix
real_001_s001_2026-05-10_16-11-47-020,001,001,1,P002,P002.ppm,559,87.773065,1778422394.793624,9.3,204.0,10.0,pix
real_001_s001_2026-05-10_16-11-47-020,001,001,1,P002,P002.ppm,560,87.789732,1778422394.810291,9.316667,204.0,10.0,pix
real_001_s001_2026-05-10_16-11-47-020,001,001,1,P002,P002.ppm,561,87.806398,1778422394.826957,9.333333,204.0,10.0,pix
real_001_s001_2026-05-10_16-11-47-020,001,001,1,P002,P002.ppm,562,87.823065,1778422394.843624,9.35,204.0,10.0,pix
real_001_s001_2026-05-10_16-11-47-020,001,001,1,P002,P002.ppm,563,87.839732,1778422394.860291,9.366667,204.0,10.0,pix
real_001_s001_2026-05-10_16-11-47-020,001,001,1,P002,P002.ppm,564,87.856398,1778422394.876957,9.383333,204.0,10.0,pix
real_001_s001_2026-05-10_16-11-47-020,001,001,1,P002,P002.ppm,565,87.873065,1778422394.893624,9.4,204.0,10.0,pix
real_001_s001_2026-05-10_16-11-47-020,001,001,1,P002,P002.ppm,566,87.889732,1778422394.910291,9.416667,204.0,10.0,pix
real_001_s001_2026-05-10_16-11-47-020,001,001,1,P002,P002.ppm,567,87.906398,1778422394.926957,9.433333,204.0,10.0,pix
real_001_s001_2026-05-10_16-11-47-020,001,001,1,P002,P002.ppm,568,87.923065,1778422394.943624,9.45,204.0,10.0,pix
real_001_s001_2026-05-10_16-11-47-020,001,001,1,P002,P002.ppm,569,87.939732,1778422394.960291,9.466667,204.0,10.0,pix
real_001_s001_2026-05-10_16-11-47-020,001,001,1,P002,P002.ppm,570,87.956398,1778422394.976957,9.483333,204.0,10.0,pix
real_001_s001_2026-05-10_16-11-47-020,001,001,1,P002,P002.ppm,571,87.973065,1778422394.993624,9.5,204.0,10.0,pix
real_001_s001_2026-05-10_16-11-47-020,001,001,1,P002,P002.ppm,572,87.989732,1778422395.010291,9.516667,204.0,10.0,pix
real_001_s001_2026-05-10_16-11-47-020,001,001,1,P002,P002.ppm,573,88.006398,1778422395.026957,9.533333,204.0,10.0,pix
real_001_s001_2026-05-10_16-11-47-020,001,001,1,P002,P002.ppm,574,88.023065,1778422395.043624,9.55,204.0,10.0,pix
real_001_s001_2026-05-10_16-11-47-020,001,001,1,P002,P002.ppm,575,88.039732,1778422395.060291,9.566667,204.0,10.0,pix
real_001_s001_2026-05-10_16-11-47-020,001,001,1,P002,P002.ppm,576,88.056398,1778422395.076957,9.583333,204.0,10.0,pix
real_001_s001_2026-05-10_16-11-47-020,001,001,1,P002,P002.ppm,577,88.073065,1778422395.093624,9.6,204.0,10.0,pix
real_001_s001_2026-05-10_16-11-47-020,001,001,1,P002,P002.ppm,578,88.089732,1778422395.110291,9.616667,204.0,10.0,pix
real_001_s001_2026-05-10_16-11-47-020,001,001,1,P002,P002.ppm,579,88.106398,1778422395.126957,9.633333,204.0,10.0,pix
real_001_s001_2026-05-10_16-11-47-020,001,001,1,P002,P002.ppm,580,88.123065,1778422395.143624,9.65,204.0,10.0,pix
real_001_s001_2026-05-10_16-11-47-020,001,001,1,P002,P002.ppm,581,88.139732,1778422395.160291,9.666667,204.0,10.0,pix
real_001_s001_2026-05-10_16-11-47-020,001,001,1,P002,P002.ppm,582,88.156398,1778422395.176957,9.683333,204.0,10.0,pix
real_001_s001_2026-05-10_16-11-47-020,001,001,1,P002,P002.ppm,583,88.173065,1778422395.193624,9.7,204.0,10.0,pix
real_001_s001_2026-05-10_16-11-47-020,001,001,1,P002,P002.ppm,584,88.189732,1778422395.210291,9.716667,204.0,10.0,pix
real_001_s001_2026-05-10_16-11-47-020,001,001,1,P002,P002.ppm,585,88.206398,1778422395.226957,9.733333,204.0,10.0,pix
real_001_s001_2026-05-10_16-11-47-020,001,001,1,P002,P002.ppm,586,88.223065,1778422395.243624,9.75,204.0,10.0,pix
real_001_s001_2026-05-10_16-11-47-020,001,001,1,P002,P002.ppm,587,88.239732,1778422395.260291,9.766667,204.0,10.0,pix
real_001_s001_2026-05-10_16-11-47-020,001,001,1,P002,P002.ppm,588,88.256398,1778422395.276957,9.783333,204.0,10.0,pix
real_001_s001_2026-05-10_16-11-47-020,001,001,1,P002,P002.ppm,589,88.273065,1778422395.293624,9.8,204.0,10.0,pix
real_001_s001_2026-05-10_16-11-47-020,001,001,1,P002,P002.ppm,590,88.289732,1778422395.310291,9.816667,204.0,10.0,pix
real_001_s001_2026-05-10_16-11-47-020,001,001,1,P002,P002.ppm,591,88.306398,1778422395.326957,9.833333,204.0,10.0,pix
real_001_s001_2026-05-10_16-11-47-020,001,001,1,P002,P002.ppm,592,88.323065,1778422395.343624,9.85,204.0,10.0,pix
real_001_s001_2026-05-10_16-11-47-020,001,001,1,P002,P002.ppm,593,88.339732,1778422395.360291,9.866667,204.0,10.0,pix
real_001_s001_2026-05-10_16-11-47-020,001,001,1,P002,P002.ppm,594,88.356398,1778422395.376957,9.883333,204.0,10.0,pix
real_001_s001_2026-05-10_16-11-47-020,001,001,1,P002,P002.ppm,595,88.373065,1778422395.393624,9.9,204.0,10.0,pix
real_001_s001_2026-05-10_16-11-47-020,001,001,1,P002,P002.ppm,596,88.389732,1778422395.410291,9.916667,204.0,10.0,pix
real_001_s001_2026-05-10_16-11-47-020,001,001,1,P002,P002.ppm,597,88.406398,1778422395.426957,9.933333,204.0,10.0,pix
real_001_s001_2026-05-10_16-11-47-020,001,001,1,P002,P002.ppm,598,88.423065,1778422395.443624,9.95,204.0,10.0,pix
real_001_s001_2026-05-10_16-11-47-020,001,001,1,P002,P002.ppm,599,88.439732,1778422395.460291,9.966667,204.0,10.0,pix
real_001_s001_2026-05-10_16-11-47-020,001,001,1,P002,P002.ppm,600,88.456398,1778422395.476957,9.983333,204.0,10.0,pix
real_001_s001_2026-05-10_16-11-47-020,001,001,1,P002,P002.ppm,601,88.473065,1778422395.493624,10.0,204.0,10.0,pix
real_001_s001_2026-05-10_16-11-47-020,001,001,1,P002,P002.ppm,602,88.489732,1778422395.510291,10.016667,204.0,10.0,pix
real_001_s001_2026-05-10_16-11-47-020,001,001,1,P002,P002.ppm,603,88.506398,1778422395.526957,10.033333,204.0,10.0,pix
real_001_s001_2026-05-10_16-11-47-020,001,001,1,P002,P002.ppm,604,88.523065,1778422395.543624,10.05,204.0,10.0,pix
real_001_s001_2026-05-10_16-11-47-020,001,001,1,P002,P002.ppm,605,88.539732,1778422395.560291,10.066667,204.0,10.0,pix
real_001_s001_2026-05-10_16-11-47-020,001,001,1,P002,P002.ppm,606,88.556398,1778422395.576957,10.083333,204.0,10.0,pix
real_001_s001_2026-05-10_16-11-47-020,001,001,1,P002,P002.ppm,607,88.573065,1778422395.593624,10.1,204.0,10.0,pix
real_001_s001_2026-05-10_16-11-47-020,001,001,1,P002,P002.ppm,608,88.589732,1778422395.610291,10.116667,204.0,10.0,pix
real_001_s001_2026-05-10_16-11-47-020,001,001,1,P002,P002.ppm,609,88.606398,1778422395.626957,10.133333,204.0,10.0,pix
real_001_s001_2026-05-10_16-11-47-020,001,001,1,P002,P002.ppm,610,88.623065,1778422395.643624,10.15,204.0,10.0,pix
real_001_s001_2026-05-10_16-11-47-020,001,001,1,P002,P002.ppm,611,88.639732,1778422395.660291,10.166667,204.0,10.0,pix
real_001_s001_2026-05-10_16-11-47-020,001,001,1,P002,P002.ppm,612,88.656398,1778422395.676957,10.183333,204.0,10.0,pix
real_001_s001_2026-05-10_16-11-47-020,001,001,1,P002,P002.ppm,613,88.673065,1778422395.693624,10.2,204.0,10.0,pix
real_001_s001_2026-05-10_16-11-47-020,001,001,1,P002,P002.ppm,614,88.689732,1778422395.710291,10.216667,204.0,10.0,pix
real_001_s001_2026-05-10_16-11-47-020,001,001,1,P002,P002.ppm,615,88.706398,1778422395.726957,10.233333,204.0,10.0,pix
real_001_s001_2026-05-10_16-11-47-020,001,001,1,P002,P002.ppm,616,88.723065,1778422395.743624,10.25,204.0,10.0,pix
real_001_s001_2026-05-10_16-11-47-020,001,001,1,P002,P002.ppm,617,88.739732,1778422395.760291,10.266667,204.0,10.0,pix
real_001_s001_2026-05-10_16-11-47-020,001,001,1,P002,P002.ppm,618,88.756398,1778422395.776957,10.283333,204.0,10.0,pix
real_001_s001_2026-05-10_16-11-47-020,001,001,1,P002,P002.ppm,619,88.773065,1778422395.793624,10.3,204.0,10.0,pix
real_001_s001_2026-05-10_16-11-47-020,001,001,1,P002,P002.ppm,620,88.789732,1778422395.810291,10.316667,204.0,10.0,pix
real_001_s001_2026-05-10_16-11-47-020,001,001,1,P002,P002.ppm,621,88.806398,1778422395.826957,10.333333,204.0,10.0,pix
real_001_s001_2026-05-10_16-11-47-020,001,001,1,P002,P002.ppm,622,88.823065,1778422395.843624,10.35,204.0,10.0,pix
real_001_s001_2026-05-10_16-11-47-020,001,001,1,P002,P002.ppm,623,88.839732,1778422395.860291,10.366667,204.0,10.0,pix
real_001_s001_2026-05-10_16-11-47-020,001,001,1,P002,P002.ppm,624,88.856398,1778422395.876957,10.383333,204.0,10.0,pix
real_001_s001_2026-05-10_16-11-47-020,001,001,1,P002,P002.ppm,625,88.873065,1778422395.893624,10.4,204.0,10.0,pix
real_001_s001_2026-05-10_16-11-47-020,001,001,1,P002,P002.ppm,626,88.889732,1778422395.910291,10.416667,204.0,10.0,pix
real_001_s001_2026-05-10_16-11-47-020,001,001,1,P002,P002.ppm,627,88.906398,1778422395.926957,10.433333,204.0,10.0,pix
real_001_s001_2026-05-10_16-11-47-020,001,001,1,P002,P002.ppm,628,88.923065,1778422395.943624,10.45,204.0,10.0,pix
real_001_s001_2026-05-10_16-11-47-020,001,001,1,P002,P002.ppm,629,88.939732,1778422395.960291,10.466667,204.0,10.0,pix
real_001_s001_2026-05-10_16-11-47-020,001,001,1,P002,P002.ppm,630,88.956398,1778422395.976957,10.483333,204.0,10.0,pix
real_001_s001_2026-05-10_16-11-47-020,001,001,1,P002,P002.ppm,631,88.973065,1778422395.993624,10.5,204.0,10.0,pix
real_001_s001_2026-05-10_16-11-47-020,001,001,1,P002,P002.ppm,632,88.989732,1778422396.010291,10.516667,204.0,10.0,pix
real_001_s001_2026-05-10_16-11-47-020,001,001,1,P002,P002.ppm,633,89.006398,1778422396.026957,10.533333,204.0,10.0,pix
real_001_s001_2026-05-10_16-11-47-020,001,001,1,P002,P002.ppm,634,89.023065,1778422396.043624,10.55,204.0,10.0,pix
real_001_s001_2026-05-10_16-11-47-020,001,001,1,P002,P002.ppm,635,89.039732,1778422396.060291,10.566667,204.0,10.0,pix
real_001_s001_2026-05-10_16-11-47-020,001,001,1,P002,P002.ppm,636,89.056398,1778422396.076957,10.583333,204.0,10.0,pix
real_001_s001_2026-05-10_16-11-47-020,001,001,1,P002,P002.ppm,637,89.073065,1778422396.093624,10.6,204.0,10.0,pix
real_001_s001_2026-05-10_16-11-47-020,001,001,1,P002,P002.ppm,638,89.089732,1778422396.110291,10.616667,204.0,10.0,pix
real_001_s001_2026-05-10_16-11-47-020,001,001,1,P002,P002.ppm,639,89.106398,1778422396.126957,10.633333,204.0,10.0,pix
real_001_s001_2026-05-10_16-11-47-020,001,001,1,P002,P002.ppm,640,89.123065,1778422396.143624,10.65,204.0,10.0,pix
real_001_s001_2026-05-10_16-11-47-020,001,001,1,P002,P002.ppm,641,89.139732,1778422396.160291,10.666667,204.0,10.0,pix
real_001_s001_2026-05-10_16-11-47-020,001,001,1,P002,P002.ppm,642,89.156398,1778422396.176957,10.683333,204.0,10.0,pix
real_001_s001_2026-05-10_16-11-47-020,001,001,1,P002,P002.ppm,643,89.173065,1778422396.193624,10.7,204.0,10.0,pix
real_001_s001_2026-05-10_16-11-47-020,001,001,1,P002,P002.ppm,644,89.189732,1778422396.210291,10.716667,204.0,10.0,pix
real_001_s001_2026-05-10_16-11-47-020,001,001,1,P002,P002.ppm,645,89.206398,1778422396.226957,10.733333,204.0,10.0,pix
real_001_s001_2026-05-10_16-11-47-020,001,001,1,P002,P002.ppm,646,89.223065,1778422396.243624,10.75,204.0,10.0,pix
real_001_s001_2026-05-10_16-11-47-020,001,001,1,P002,P002.ppm,647,89.239732,1778422396.260291,10.766667,204.0,10.0,pix
real_001_s001_2026-05-10_16-11-47-020,001,001,1,P002,P002.ppm,648,89.256398,1778422396.276957,10.783333,204.0,10.0,pix
real_001_s001_2026-05-10_16-11-47-020,001,001,1,P002,P002.ppm,649,89.273065,1778422396.293624,10.8,204.0,10.0,pix
real_001_s001_2026-05-10_16-11-47-020,001,001,1,P002,P002.ppm,650,89.289732,1778422396.310291,10.816667,204.0,10.0,pix
real_001_s001_2026-05-10_16-11-47-020,001,001,1,P002,P002.ppm,651,89.306398,1778422396.326957,10.833333,204.0,10.0,pix
real_001_s001_2026-05-10_16-11-47-020,001,001,1,P002,P002.ppm,652,89.323065,1778422396.343624,10.85,204.0,10.0,pix
real_001_s001_2026-05-10_16-11-47-020,001,001,1,P002,P002.ppm,653,89.339732,1778422396.360291,10.866667,204.0,10.0,pix
real_001_s001_2026-05-10_16-11-47-020,001,001,1,P002,P002.ppm,654,89.356398,1778422396.376957,10.883333,204.0,10.0,pix
real_001_s001_2026-05-10_16-11-47-020,001,001,1,P002,P002.ppm,655,89.373065,1778422396.393624,10.9,204.0,10.0,pix
real_001_s001_2026-05-10_16-11-47-020,001,001,1,P002,P002.ppm,656,89.389732,1778422396.410291,10.916667,204.0,10.0,pix
real_001_s001_2026-05-10_16-11-47-020,001,001,1,P002,P002.ppm,657,89.406398,1778422396.426957,10.933333,204.0,10.0,pix
real_001_s001_2026-05-10_16-11-47-020,001,001,1,P002,P002.ppm,658,89.423065,1778422396.443624,10.95,204.0,10.0,pix
real_001_s001_2026-05-10_16-11-47-020,001,001,1,P002,P002.ppm,659,89.439732,1778422396.460291,10.966667,204.0,10.0,pix
real_001_s001_2026-05-10_16-11-47-020,001,001,1,P002,P002.ppm,660,89.456398,1778422396.476957,10.983333,204.0,10.0,pix
real_001_s001_2026-05-10_16-11-47-020,001,001,1,P002,P002.ppm,661,89.473065,1778422396.493624,11.0,204.0,10.0,pix
real_001_s001_2026-05-10_16-11-47-020,001,001,1,P002,P002.ppm,662,89.489732,1778422396.510291,11.016667,204.0,10.0,pix
real_001_s001_2026-05-10_16-11-47-020,001,001,1,P002,P002.ppm,663,89.506398,1778422396.526957,11.033333,204.0,10.0,pix
real_001_s001_2026-05-10_16-11-47-020,001,001,1,P002,P002.ppm,664,89.523065,1778422396.543624,11.05,204.0,10.0,pix
real_001_s001_2026-05-10_16-11-47-020,001,001,1,P002,P002.ppm,665,89.539732,1778422396.560291,11.066667,204.0,10.0,pix
real_001_s001_2026-05-10_16-11-47-020,001,001,1,P002,P002.ppm,666,89.556398,1778422396.576957,11.083333,204.0,10.0,pix
real_001_s001_2026-05-10_16-11-47-020,001,001,1,P002,P002.ppm,667,89.573065,1778422396.593624,11.1,204.0,10.0,pix
real_001_s001_2026-05-10_16-11-47-020,001,001,1,P002,P002.ppm,668,89.589732,1778422396.610291,11.116667,204.0,10.0,pix
real_001_s001_2026-05-10_16-11-47-020,001,001,1,P002,P002.ppm,669,89.606398,1778422396.626957,11.133333,204.0,10.0,pix
real_001_s001_2026-05-10_16-11-47-020,001,001,1,P002,P002.ppm,670,89.623065,1778422396.643624,11.15,204.0,10.0,pix
real_001_s001_2026-05-10_16-11-47-020,001,001,1,P002,P002.ppm,671,89.639732,1778422396.660291,11.166667,204.0,10.0,pix
real_001_s001_2026-05-10_16-11-47-020,001,001,1,P002,P002.ppm,672,89.656398,1778422396.676957,11.183333,204.0,10.0,pix
real_001_s001_2026-05-10_16-11-47-020,001,001,1,P002,P002.ppm,673,89.673065,1778422396.693624,11.2,204.0,10.0,pix
real_001_s001_2026-05-10_16-11-47-020,001,001,1,P002,P002.ppm,674,89.689732,1778422396.710291,11.216667,204.0,10.0,pix
real_001_s001_2026-05-10_16-11-47-020,001,001,1,P002,P002.ppm,675,89.706398,1778422396.726957,11.233333,204.0,10.0,pix
real_001_s001_2026-05-10_16-11-47-020,001,001,1,P002,P002.ppm,676,89.723065,1778422396.743624,11.25,204.0,10.0,pix
real_001_s001_2026-05-10_16-11-47-020,001,001,1,P002,P002.ppm,677,89.739732,1778422396.760291,11.266667,204.0,10.0,pix
real_001_s001_2026-05-10_16-11-47-020,001,001,1,P002,P002.ppm,678,89.756398,1778422396.776957,11.283333,204.0,10.0,pix
real_001_s001_2026-05-10_16-11-47-020,001,001,1,P002,P002.ppm,679,89.773065,1778422396.793624,11.3,204.0,10.0,pix
real_001_s001_2026-05-10_16-11-47-020,001,001,1,P002,P002.ppm,680,89.789732,1778422396.810291,11.316667,204.0,10.0,pix
real_001_s001_2026-05-10_16-11-47-020,001,001,1,P002,P002.ppm,681,89.806398,1778422396.826957,11.333333,204.0,10.0,pix
real_001_s001_2026-05-10_16-11-47-020,001,001,1,P002,P002.ppm,682,89.823065,1778422396.843624,11.35,204.0,10.0,pix
real_001_s001_2026-05-10_16-11-47-020,001,001,1,P002,P002.ppm,683,89.839732,1778422396.860291,11.366667,204.0,10.0,pix
real_001_s001_2026-05-10_16-11-47-020,001,001,1,P002,P002.ppm,684,89.856398,1778422396.876957,11.383333,204.0,10.0,pix
real_001_s001_2026-05-10_16-11-47-020,001,001,1,P002,P002.ppm,685,89.873065,1778422396.893624,11.4,204.0,10.0,pix
real_001_s001_2026-05-10_16-11-47-020,001,001,1,P002,P002.ppm,686,89.889732,1778422396.910291,11.416667,204.0,10.0,pix
real_001_s001_2026-05-10_16-11-47-020,001,001,1,P002,P002.ppm,687,89.906398,1778422396.926957,11.433333,204.0,10.0,pix
real_001_s001_2026-05-10_16-11-47-020,001,001,1,P002,P002.ppm,688,89.923065,1778422396.943624,11.45,204.0,10.0,pix
real_001_s001_2026-05-10_16-11-47-020,001,001,1,P002,P002.ppm,689,89.939732,1778422396.960291,11.466667,204.0,10.0,pix
real_001_s001_2026-05-10_16-11-47-020,001,001,1,P002,P002.ppm,690,89.956398,1778422396.976957,11.483333,204.0,10.0,pix
real_001_s001_2026-05-10_16-11-47-020,001,001,1,P002,P002.ppm,691,89.973065,1778422396.993624,11.5,204.0,10.0,pix
real_001_s001_2026-05-10_16-11-47-020,001,001,1,P002,P002.ppm,692,89.989732,1778422397.010291,11.516667,204.0,10.0,pix
real_001_s001_2026-05-10_16-11-47-020,001,001,1,P002,P002.ppm,693,90.006398,1778422397.026957,11.533333,204.0,10.0,pix
real_001_s001_2026-05-10_16-11-47-020,001,001,1,P002,P002.ppm,694,90.023065,1778422397.043624,11.55,204.0,10.0,pix
real_001_s001_2026-05-10_16-11-47-020,001,001,1,P002,P002.ppm,695,90.039732,1778422397.060291,11.566667,204.0,10.0,pix
real_001_s001_2026-05-10_16-11-47-020,001,001,1,P002,P002.ppm,696,90.056398,1778422397.076957,11.583333,204.0,10.0,pix
real_001_s001_2026-05-10_16-11-47-020,001,001,1,P002,P002.ppm,697,90.073065,1778422397.093624,11.6,204.0,10.0,pix
real_001_s001_2026-05-10_16-11-47-020,001,001,1,P002,P002.ppm,698,90.089732,1778422397.110291,11.616667,204.0,10.0,pix
real_001_s001_2026-05-10_16-11-47-020,001,001,1,P002,P002.ppm,699,90.106398,1778422397.126957,11.633333,204.0,10.0,pix
real_001_s001_2026-05-10_16-11-47-020,001,001,1,P002,P002.ppm,700,90.123065,1778422397.143624,11.65,204.0,10.0,pix
real_001_s001_2026-05-10_16-11-47-020,001,001,1,P002,P002.ppm,701,90.139732,1778422397.160291,11.666667,204.0,10.0,pix
real_001_s001_2026-05-10_16-11-47-020,001,001,1,P002,P002.ppm,702,90.156398,1778422397.176957,11.683333,204.0,10.0,pix
real_001_s001_2026-05-10_16-11-47-020,001,001,1,P002,P002.ppm,703,90.173065,1778422397.193624,11.7,204.0,10.0,pix
real_001_s001_2026-05-10_16-11-47-020,001,001,1,P002,P002.ppm,704,90.189732,1778422397.210291,11.716667,201.37,12.716,pix
real_001_s001_2026-05-10_16-11-47-020,001,001,1,P002,P002.ppm,705,90.206398,1778422397.226957,11.733333,75.706,143.116,pix
real_001_s001_2026-05-10_16-11-47-020,001,001,1,P002,P002.ppm,706,90.223065,1778422397.243624,11.75,-240.286,490.713,pix
real_001_s001_2026-05-10_16-11-47-020,001,001,1,P002,P002.ppm,707,90.239732,1778422397.260291,11.766667,-1118.373,956.0,pix
real_001_s001_2026-05-10_16-11-47-020,001,001,1,P002,P002.ppm,708,90.256398,1778422397.276957,11.783333,-1470.0,956.0,pix
real_001_s001_2026-05-10_16-11-47-020,001,001,1,P002,P002.ppm,709,90.273065,1778422397.293624,11.8,-1470.0,956.0,pix
real_001_s001_2026-05-10_16-11-47-020,001,001,1,P002,P002.ppm,710,90.289732,1778422397.310291,11.816667,-1470.0,956.0,pix
real_001_s001_2026-05-10_16-11-47-020,001,001,1,P002,P002.ppm,711,90.306398,1778422397.326957,11.833333,-1470.0,956.0,pix
real_001_s001_2026-05-10_16-11-47-020,001,001,1,P002,P002.ppm,712,90.323065,1778422397.343624,11.85,-1470.0,956.0,pix
real_001_s001_2026-05-10_16-11-47-020,001,001,1,P002,P002.ppm,713,90.339732,1778422397.360291,11.866667,-1470.0,956.0,pix
real_001_s001_2026-05-10_16-11-47-020,001,001,1,P002,P002.ppm,714,90.356398,1778422397.376957,11.883333,-1470.0,956.0,pix
real_001_s001_2026-05-10_16-11-47-020,001,001,1,P002,P002.ppm,715,90.373065,1778422397.393624,11.9,-1470.0,956.0,pix
real_001_s001_2026-05-10_16-11-47-020,001,001,1,P002,P002.ppm,716,90.389732,1778422397.410291,11.916667,-1470.0,956.0,pix
real_001_s001_2026-05-10_16-11-47-020,001,001,1,P002,P002.ppm,717,90.406398,1778422397.426957,11.933333,-1470.0,956.0,pix
real_001_s001_2026-05-10_16-11-47-020,001,001,1,P002,P002.ppm,718,90.423065,1778422397.443624,11.95,-1470.0,956.0,pix
real_001_s001_2026-05-10_16-11-47-020,001,001,1,P002,P002.ppm,719,90.439732,1778422397.460291,11.966667,-1470.0,956.0,pix
real_001_s001_2026-05-10_16-11-47-020,001,001,1,P002,P002.ppm,720,90.456398,1778422397.476957,11.983333,-1470.0,956.0,pix
real_001_s001_2026-05-10_16-11-47-020,001,001,1,P002,P002.ppm,721,90.473065,1778422397.493624,12.0,-1470.0,956.0,pix
real_001_s001_2026-05-10_16-11-47-020,001,001,1,P002,P002.ppm,722,90.489732,1778422397.510291,12.016667,-1470.0,956.0,pix
real_001_s001_2026-05-10_16-11-47-020,001,001,1,P002,P002.ppm,723,90.506398,1778422397.526957,12.033333,-1470.0,956.0,pix
real_001_s001_2026-05-10_16-11-47-020,001,001,1,P002,P002.ppm,724,90.523065,1778422397.543624,12.05,-1470.0,956.0,pix
real_001_s001_2026-05-10_16-11-47-020,001,001,1,P002,P002.ppm,725,90.539732,1778422397.560291,12.066667,-1470.0,956.0,pix
real_001_s001_2026-05-10_16-11-47-020,001,001,1,P002,P002.ppm,726,90.556398,1778422397.576957,12.083333,-1469.921,955.921,pix
real_001_s001_2026-05-10_16-11-47-020,001,001,1,P002,P002.ppm,727,90.573065,1778422397.593624,12.1,-1465.755,951.877,pix
real_001_s001_2026-05-10_16-11-47-020,001,001,1,P002,P002.ppm,728,90.589732,1778422397.610291,12.116667,-1453.748,945.916,pix
real_001_s001_2026-05-10_16-11-47-020,001,001,1,P002,P002.ppm,729,90.606398,1778422397.626957,12.133333,-1441.638,941.96,pix
real_001_s001_2026-05-10_16-11-47-020,001,001,1,P002,P002.ppm,730,90.623065,1778422397.643624,12.15,-1423.573,940.256,pix
real_001_s001_2026-05-10_16-11-47-020,001,001,1,P002,P002.ppm,731,90.639732,1778422397.660291,12.166667,-1403.319,952.091,pix
real_001_s001_2026-05-10_16-11-47-020,001,001,1,P002,P002.ppm,732,90.656398,1778422397.676957,12.183333,-1373.567,956.0,pix
real_001_s001_2026-05-10_16-11-47-020,001,001,1,P002,P002.ppm,733,90.673065,1778422397.693624,12.2,-1351.341,956.0,pix
real_001_s001_2026-05-10_16-11-47-020,001,001,1,P002,P002.ppm,734,90.689732,1778422397.710291,12.216667,-1319.374,956.0,pix
real_001_s001_2026-05-10_16-11-47-020,001,001,1,P002,P002.ppm,735,90.706398,1778422397.726957,12.233333,-1291.196,956.0,pix
real_001_s001_2026-05-10_16-11-47-020,001,001,1,P002,P002.ppm,736,90.723065,1778422397.743624,12.25,-1257.225,956.0,pix
real_001_s001_2026-05-10_16-11-47-020,001,001,1,P002,P002.ppm,737,90.739732,1778422397.760291,12.266667,-1221.559,956.0,pix
real_001_s001_2026-05-10_16-11-47-020,001,001,1,P002,P002.ppm,738,90.756398,1778422397.776957,12.283333,-1199.454,956.0,pix
real_001_s001_2026-05-10_16-11-47-020,001,001,1,P002,P002.ppm,739,90.773065,1778422397.793624,12.3,-1175.72,956.0,pix
real_001_s001_2026-05-10_16-11-47-020,001,001,1,P002,P002.ppm,740,90.789732,1778422397.810291,12.316667,-1162.0,956.0,pix
real_001_s001_2026-05-10_16-11-47-020,001,001,1,P002,P002.ppm,741,90.806398,1778422397.826957,12.333333,-1162.0,956.0,pix
real_001_s001_2026-05-10_16-11-47-020,001,001,1,P002,P002.ppm,742,90.823065,1778422397.843624,12.35,-1162.0,956.0,pix
real_001_s001_2026-05-10_16-11-47-020,001,001,1,P002,P002.ppm,743,90.839732,1778422397.860291,12.366667,-1162.0,956.0,pix
real_001_s001_2026-05-10_16-11-47-020,001,001,1,P002,P002.ppm,744,90.856398,1778422397.876957,12.383333,-1162.0,956.0,pix
real_001_s001_2026-05-10_16-11-47-020,001,001,1,P002,P002.ppm,745,90.873065,1778422397.893624,12.4,-1162.0,956.0,pix
real_001_s001_2026-05-10_16-11-47-020,001,001,1,P002,P002.ppm,746,90.889732,1778422397.910291,12.416667,-1161.818,955.319,pix
real_001_s001_2026-05-10_16-11-47-020,001,001,1,P002,P002.ppm,747,90.906398,1778422397.926957,12.433333,-1153.744,924.978,pix
real_001_s001_2026-05-10_16-11-47-020,001,001,1,P002,P002.ppm,748,90.923065,1778422397.943624,12.45,-1141.663,876.458,pix
real_001_s001_2026-05-10_16-11-47-020,001,001,1,P002,P002.ppm,749,90.939732,1778422397.960291,12.466667,-1127.602,812.309,pix
real_001_s001_2026-05-10_16-11-47-020,001,001,1,P002,P002.ppm,750,90.956398,1778422397.976957,12.483333,-1111.369,741.586,pix
real_001_s001_2026-05-10_16-11-47-020,001,001,1,P002,P002.ppm,751,90.973065,1778422397.993624,12.5,-1085.877,562.731,pix
real_001_s001_2026-05-10_16-11-47-020,001,001,1,P002,P002.ppm,752,90.989732,1778422398.010291,12.516667,-1071.962,419.636,pix
real_001_s001_2026-05-10_16-11-47-020,001,001,1,P002,P002.ppm,753,91.006398,1778422398.026957,12.533333,-1062.0,321.582,pix
real_001_s001_2026-05-10_16-11-47-020,001,001,1,P002,P002.ppm,754,91.023065,1778422398.043624,12.55,-1062.0,207.496,pix
real_001_s001_2026-05-10_16-11-47-020,001,001,1,P002,P002.ppm,755,91.039732,1778422398.060291,12.566667,-1062.0,102.066,pix
real_001_s001_2026-05-10_16-11-47-020,001,001,1,P002,P002.ppm,756,91.056398,1778422398.076957,12.583333,-1062.0,16.62,pix
real_001_s001_2026-05-10_16-11-47-020,001,001,1,P002,P002.ppm,757,91.073065,1778422398.093624,12.6,-1061.952,-47.155,pix
real_001_s001_2026-05-10_16-11-47-020,001,001,1,P002,P002.ppm,758,91.089732,1778422398.110291,12.616667,-1059.955,-94.589,pix
real_001_s001_2026-05-10_16-11-47-020,001,001,1,P002,P002.ppm,759,91.106398,1778422398.126957,12.633333,-1057.908,-120.55,pix
real_001_s001_2026-05-10_16-11-47-020,001,001,1,P002,P002.ppm,760,91.123065,1778422398.143624,12.65,-1053.958,-144.254,pix
real_001_s001_2026-05-10_16-11-47-020,001,001,1,P002,P002.ppm,761,91.139732,1778422398.160291,12.666667,-1052.0,-156.139,pix
real_001_s001_2026-05-10_16-11-47-020,001,001,1,P002,P002.ppm,762,91.156398,1778422398.176957,12.683333,-1052.0,-162.0,pix
real_001_s001_2026-05-10_16-11-47-020,001,001,1,P002,P002.ppm,763,91.173065,1778422398.193624,12.7,-1052.0,-162.0,pix
real_001_s001_2026-05-10_16-11-47-020,001,001,1,P002,P002.ppm,764,91.189732,1778422398.210291,12.716667,-1052.045,-161.955,pix
real_001_s001_2026-05-10_16-11-47-020,001,001,1,P002,P002.ppm,765,91.206398,1778422398.226957,12.733333,-1054.0,-160.0,pix
real_001_s001_2026-05-10_16-11-47-020,001,001,1,P002,P002.ppm,766,91.223065,1778422398.243624,12.75,-1054.0,-160.0,pix
real_001_s001_2026-05-10_16-11-47-020,001,001,1,P002,P002.ppm,767,91.239732,1778422398.260291,12.766667,-1054.0,-160.0,pix
real_001_s001_2026-05-10_16-11-47-020,001,001,1,P002,P002.ppm,768,91.256398,1778422398.276957,12.783333,-1054.0,-160.0,pix
real_001_s001_2026-05-10_16-11-47-020,001,001,1,P002,P002.ppm,769,91.273065,1778422398.293624,12.8,-1054.0,-160.0,pix
real_001_s001_2026-05-10_16-11-47-020,001,001,1,P002,P002.ppm,770,91.289732,1778422398.310291,12.816667,-1054.0,-160.0,pix
real_001_s001_2026-05-10_16-11-47-020,001,001,1,P002,P002.ppm,771,91.306398,1778422398.326957,12.833333,-1054.0,-160.0,pix
real_001_s001_2026-05-10_16-11-47-020,001,001,1,P002,P002.ppm,772,91.323065,1778422398.343624,12.85,-1054.0,-160.0,pix
real_001_s001_2026-05-10_16-11-47-020,001,001,1,P002,P002.ppm,773,91.339732,1778422398.360291,12.866667,-1054.0,-160.0,pix
real_001_s001_2026-05-10_16-11-47-020,001,001,1,P002,P002.ppm,774,91.356398,1778422398.376957,12.883333,-1054.0,-160.0,pix
real_001_s001_2026-05-10_16-11-47-020,001,001,1,P002,P002.ppm,775,91.373065,1778422398.393624,12.9,-1054.0,-160.0,pix
real_001_s001_2026-05-10_16-11-47-020,001,001,1,P002,P002.ppm,776,91.389732,1778422398.410291,12.916667,-1054.0,-160.0,pix
real_001_s001_2026-05-10_16-11-47-020,001,001,1,P002,P002.ppm,777,91.406398,1778422398.426957,12.933333,-1054.0,-160.0,pix
real_001_s001_2026-05-10_16-11-47-020,001,001,1,P002,P002.ppm,778,91.423065,1778422398.443624,12.95,-1054.0,-160.0,pix
real_001_s001_2026-05-10_16-11-47-020,001,001,1,P002,P002.ppm,779,91.439732,1778422398.460291,12.966667,-1054.0,-160.0,pix
real_001_s001_2026-05-10_16-11-47-020,001,001,1,P002,P002.ppm,780,91.456398,1778422398.476957,12.983333,-1054.0,-160.0,pix
real_001_s001_2026-05-10_16-11-47-020,001,001,1,P002,P002.ppm,781,91.473065,1778422398.493624,13.0,-1054.0,-160.0,pix
real_001_s001_2026-05-10_16-11-47-020,001,001,1,P002,P002.ppm,782,91.489732,1778422398.510291,13.016667,-1054.0,-160.0,pix
real_001_s001_2026-05-10_16-11-47-020,001,001,1,P002,P002.ppm,783,91.506398,1778422398.526957,13.033333,-1054.0,-160.0,pix
real_001_s001_2026-05-10_16-11-47-020,001,001,1,P002,P002.ppm,784,91.523065,1778422398.543624,13.05,-1054.0,-160.0,pix
real_001_s001_2026-05-10_16-11-47-020,001,001,1,P002,P002.ppm,785,91.539732,1778422398.560291,13.066667,-1054.0,-160.0,pix
real_001_s001_2026-05-10_16-11-47-020,001,001,1,P002,P002.ppm,786,91.556398,1778422398.576957,13.083333,-1054.0,-160.0,pix
real_001_s001_2026-05-10_16-11-47-020,001,001,1,P002,P002.ppm,787,91.573065,1778422398.593624,13.1,-1054.0,-160.0,pix
real_001_s001_2026-05-10_16-11-47-020,001,001,1,P002,P002.ppm,788,91.589732,1778422398.610291,13.116667,-1054.0,-160.0,pix
real_001_s001_2026-05-10_16-11-47-020,001,001,1,P002,P002.ppm,789,91.606398,1778422398.626957,13.133333,-1054.0,-160.0,pix
real_001_s001_2026-05-10_16-11-47-020,001,001,1,P002,P002.ppm,790,91.623065,1778422398.643624,13.15,-1054.0,-160.0,pix
real_001_s001_2026-05-10_16-11-47-020,001,001,1,P002,P002.ppm,791,91.639732,1778422398.660291,13.166667,-1054.0,-160.0,pix
real_001_s001_2026-05-10_16-11-47-020,001,001,1,P002,P002.ppm,792,91.656398,1778422398.676957,13.183333,-1054.0,-160.0,pix
real_001_s001_2026-05-10_16-11-47-020,001,001,1,P002,P002.ppm,793,91.673065,1778422398.693624,13.2,-1054.0,-160.0,pix
real_001_s001_2026-05-10_16-11-47-020,001,001,1,P002,P002.ppm,794,91.689732,1778422398.710291,13.216667,-1054.0,-160.0,pix
real_001_s001_2026-05-10_16-11-47-020,001,001,1,P002,P002.ppm,795,91.706398,1778422398.726957,13.233333,-1054.0,-160.0,pix
real_001_s001_2026-05-10_16-11-47-020,001,001,1,P002,P002.ppm,796,91.723065,1778422398.743624,13.25,-1054.0,-160.0,pix
real_001_s001_2026-05-10_16-11-47-020,001,001,1,P002,P002.ppm,797,91.739732,1778422398.760291,13.266667,-1054.0,-160.0,pix
real_001_s001_2026-05-10_16-11-47-020,001,001,1,P002,P002.ppm,798,91.756398,1778422398.776957,13.283333,-1054.0,-160.0,pix
real_001_s001_2026-05-10_16-11-47-020,001,001,1,P002,P002.ppm,799,91.773065,1778422398.793624,13.3,-1054.0,-160.0,pix
real_001_s001_2026-05-10_16-11-47-020,001,001,1,P002,P002.ppm,800,91.789732,1778422398.810291,13.316667,-1054.0,-160.0,pix
real_001_s001_2026-05-10_16-11-47-020,001,001,1,P002,P002.ppm,801,91.806398,1778422398.826957,13.333333,-1054.0,-160.0,pix
real_001_s001_2026-05-10_16-11-47-020,001,001,1,P002,P002.ppm,802,91.823065,1778422398.843624,13.35,-1054.0,-160.0,pix
real_001_s001_2026-05-10_16-11-47-020,001,001,1,P002,P002.ppm,803,91.839732,1778422398.860291,13.366667,-1054.0,-160.0,pix
real_001_s001_2026-05-10_16-11-47-020,001,001,1,P002,P002.ppm,804,91.856398,1778422398.876957,13.383333,-1054.0,-160.0,pix
real_001_s001_2026-05-10_16-11-47-020,001,001,1,P002,P002.ppm,805,91.873065,1778422398.893624,13.4,-1054.0,-160.0,pix
real_001_s001_2026-05-10_16-11-47-020,001,001,1,P002,P002.ppm,806,91.889732,1778422398.910291,13.416667,-1054.0,-160.0,pix
real_001_s001_2026-05-10_16-11-47-020,001,001,1,P002,P002.ppm,807,91.906398,1778422398.926957,13.433333,-1054.0,-160.0,pix
real_001_s001_2026-05-10_16-11-47-020,001,001,1,P002,P002.ppm,808,91.923065,1778422398.943624,13.45,-1054.0,-160.0,pix
real_001_s001_2026-05-10_16-11-47-020,001,001,1,P002,P002.ppm,809,91.939732,1778422398.960291,13.466667,-1054.0,-160.0,pix
real_001_s001_2026-05-10_16-11-47-020,001,001,1,P002,P002.ppm,810,91.956398,1778422398.976957,13.483333,-1054.0,-160.0,pix
real_001_s001_2026-05-10_16-11-47-020,001,001,1,P002,P002.ppm,811,91.973065,1778422398.993624,13.5,-1054.0,-160.0,pix
real_001_s001_2026-05-10_16-11-47-020,001,001,1,P002,P002.ppm,812,91.989732,1778422399.010291,13.516667,-1054.0,-160.0,pix
real_001_s001_2026-05-10_16-11-47-020,001,001,1,P002,P002.ppm,813,92.006398,1778422399.026957,13.533333,-1054.0,-160.0,pix
real_001_s001_2026-05-10_16-11-47-020,001,001,1,P002,P002.ppm,814,92.023065,1778422399.043624,13.55,-1054.0,-160.0,pix
real_001_s001_2026-05-10_16-11-47-020,001,001,1,P002,P002.ppm,815,92.039732,1778422399.060291,13.566667,-1054.0,-160.0,pix
real_001_s001_2026-05-10_16-11-47-020,001,001,1,P002,P002.ppm,816,92.056398,1778422399.076957,13.583333,-1054.0,-160.0,pix
real_001_s001_2026-05-10_16-11-47-020,001,001,1,P002,P002.ppm,817,92.073065,1778422399.093624,13.6,-1054.0,-160.0,pix
real_001_s001_2026-05-10_16-11-47-020,001,001,1,P002,P002.ppm,818,92.089732,1778422399.110291,13.616667,-1054.0,-160.0,pix
real_001_s001_2026-05-10_16-11-47-020,001,001,1,P002,P002.ppm,819,92.106398,1778422399.126957,13.633333,-1054.0,-160.0,pix
real_001_s001_2026-05-10_16-11-47-020,001,001,1,P002,P002.ppm,820,92.123065,1778422399.143624,13.65,-1054.0,-160.0,pix
real_001_s001_2026-05-10_16-11-47-020,001,001,1,P002,P002.ppm,821,92.139732,1778422399.160291,13.666667,-1054.0,-160.0,pix
real_001_s001_2026-05-10_16-11-47-020,001,001,1,P002,P002.ppm,822,92.156398,1778422399.176957,13.683333,-1054.0,-160.0,pix
real_001_s001_2026-05-10_16-11-47-020,001,001,1,P002,P002.ppm,823,92.173065,1778422399.193624,13.7,-1054.0,-160.0,pix
real_001_s001_2026-05-10_16-11-47-020,001,001,1,P002,P002.ppm,824,92.189732,1778422399.210291,13.716667,-1054.0,-160.0,pix
real_001_s001_2026-05-10_16-11-47-020,001,001,1,P002,P002.ppm,825,92.206398,1778422399.226957,13.733333,-1054.0,-160.0,pix
real_001_s001_2026-05-10_16-11-47-020,001,001,1,P002,P002.ppm,826,92.223065,1778422399.243624,13.75,-1054.0,-160.0,pix
real_001_s001_2026-05-10_16-11-47-020,001,001,1,P002,P002.ppm,827,92.239732,1778422399.260291,13.766667,-1054.0,-160.0,pix
real_001_s001_2026-05-10_16-11-47-020,001,001,1,P002,P002.ppm,828,92.256398,1778422399.276957,13.783333,-1054.0,-160.0,pix
real_001_s001_2026-05-10_16-11-47-020,001,001,1,P002,P002.ppm,829,92.273065,1778422399.293624,13.8,-1054.0,-160.0,pix
real_001_s001_2026-05-10_16-11-47-020,001,001,1,P002,P002.ppm,830,92.289732,1778422399.310291,13.816667,-1054.0,-160.0,pix
real_001_s001_2026-05-10_16-11-47-020,001,001,1,P002,P002.ppm,831,92.306398,1778422399.326957,13.833333,-1054.0,-160.0,pix
real_001_s001_2026-05-10_16-11-47-020,001,001,1,P002,P002.ppm,832,92.323065,1778422399.343624,13.85,-1054.0,-160.0,pix
real_001_s001_2026-05-10_16-11-47-020,001,001,1,P002,P002.ppm,833,92.339732,1778422399.360291,13.866667,-1054.0,-160.0,pix
real_001_s001_2026-05-10_16-11-47-020,001,001,1,P002,P002.ppm,834,92.356398,1778422399.376957,13.883333,-1054.0,-160.0,pix
real_001_s001_2026-05-10_16-11-47-020,001,001,1,P002,P002.ppm,835,92.373065,1778422399.393624,13.9,-1054.0,-160.0,pix
real_001_s001_2026-05-10_16-11-47-020,001,001,1,P002,P002.ppm,836,92.389732,1778422399.410291,13.916667,-1054.0,-160.0,pix
real_001_s001_2026-05-10_16-11-47-020,001,001,1,P002,P002.ppm,837,92.406398,1778422399.426957,13.933333,-1054.0,-160.0,pix
real_001_s001_2026-05-10_16-11-47-020,001,001,1,P002,P002.ppm,838,92.423065,1778422399.443624,13.95,-1054.0,-160.0,pix
real_001_s001_2026-05-10_16-11-47-020,001,001,1,P002,P002.ppm,839,92.439732,1778422399.460291,13.966667,-1054.0,-160.0,pix
real_001_s001_2026-05-10_16-11-47-020,001,001,1,P002,P002.ppm,840,92.456398,1778422399.476957,13.983333,-1054.0,-160.0,pix
real_001_s001_2026-05-10_16-11-47-020,001,001,1,P002,P002.ppm,841,92.473065,1778422399.493624,14.0,-1054.0,-160.0,pix
real_001_s001_2026-05-10_16-11-47-020,001,001,1,P002,P002.ppm,842,92.489732,1778422399.510291,14.016667,-1054.0,-160.0,pix
real_001_s001_2026-05-10_16-11-47-020,001,001,1,P002,P002.ppm,843,92.506398,1778422399.526957,14.033333,-1054.0,-160.0,pix
real_001_s001_2026-05-10_16-11-47-020,001,001,1,P002,P002.ppm,844,92.523065,1778422399.543624,14.05,-1054.0,-160.0,pix
real_001_s001_2026-05-10_16-11-47-020,001,001,1,P002,P002.ppm,845,92.539732,1778422399.560291,14.066667,-1054.0,-160.0,pix
real_001_s001_2026-05-10_16-11-47-020,001,001,1,P002,P002.ppm,846,92.556398,1778422399.576957,14.083333,-1054.0,-160.0,pix
real_001_s001_2026-05-10_16-11-47-020,001,001,1,P002,P002.ppm,847,92.573065,1778422399.593624,14.1,-1054.0,-160.0,pix
real_001_s001_2026-05-10_16-11-47-020,001,001,1,P002,P002.ppm,848,92.589732,1778422399.610291,14.116667,-1054.0,-160.0,pix
real_001_s001_2026-05-10_16-11-47-020,001,001,1,P002,P002.ppm,849,92.606398,1778422399.626957,14.133333,-1054.0,-160.0,pix
real_001_s001_2026-05-10_16-11-47-020,001,001,1,P002,P002.ppm,850,92.623065,1778422399.643624,14.15,-1054.0,-160.0,pix
real_001_s001_2026-05-10_16-11-47-020,001,001,1,P002,P002.ppm,851,92.639732,1778422399.660291,14.166667,-1054.0,-160.0,pix
real_001_s001_2026-05-10_16-11-47-020,001,001,1,P002,P002.ppm,852,92.656398,1778422399.676957,14.183333,-1054.0,-160.0,pix
real_001_s001_2026-05-10_16-11-47-020,001,001,1,P002,P002.ppm,853,92.673065,1778422399.693624,14.2,-1054.0,-160.0,pix
real_001_s001_2026-05-10_16-11-47-020,001,001,1,P002,P002.ppm,854,92.689732,1778422399.710291,14.216667,-1054.0,-160.0,pix
real_001_s001_2026-05-10_16-11-47-020,001,001,1,P002,P002.ppm,855,92.706398,1778422399.726957,14.233333,-1054.0,-160.0,pix
real_001_s001_2026-05-10_16-11-47-020,001,001,1,P002,P002.ppm,856,92.723065,1778422399.743624,14.25,-1054.0,-160.0,pix
real_001_s001_2026-05-10_16-11-47-020,001,001,1,P002,P002.ppm,857,92.739732,1778422399.760291,14.266667,-1054.0,-160.0,pix
real_001_s001_2026-05-10_16-11-47-020,001,001,1,P002,P002.ppm,858,92.756398,1778422399.776957,14.283333,-1054.0,-160.0,pix
real_001_s001_2026-05-10_16-11-47-020,001,001,1,P002,P002.ppm,859,92.773065,1778422399.793624,14.3,-1054.0,-160.0,pix
real_001_s001_2026-05-10_16-11-47-020,001,001,1,P002,P002.ppm,860,92.789732,1778422399.810291,14.316667,-1054.0,-160.0,pix
real_001_s001_2026-05-10_16-11-47-020,001,001,1,P002,P002.ppm,861,92.806398,1778422399.826957,14.333333,-1054.0,-160.0,pix
real_001_s001_2026-05-10_16-11-47-020,001,001,1,P002,P002.ppm,862,92.823065,1778422399.843624,14.35,-1054.0,-160.0,pix
real_001_s001_2026-05-10_16-11-47-020,001,001,1,P002,P002.ppm,863,92.839732,1778422399.860291,14.366667,-1054.0,-160.0,pix
real_001_s001_2026-05-10_16-11-47-020,001,001,1,P002,P002.ppm,864,92.856398,1778422399.876957,14.383333,-1054.0,-160.0,pix
real_001_s001_2026-05-10_16-11-47-020,001,001,1,P002,P002.ppm,865,92.873065,1778422399.893624,14.4,-1054.0,-160.0,pix
real_001_s001_2026-05-10_16-11-47-020,001,001,1,P002,P002.ppm,866,92.889732,1778422399.910291,14.416667,-1054.0,-160.0,pix
real_001_s001_2026-05-10_16-11-47-020,001,001,1,P002,P002.ppm,867,92.906398,1778422399.926957,14.433333,-1054.0,-160.0,pix
real_001_s001_2026-05-10_16-11-47-020,001,001,1,P002,P002.ppm,868,92.923065,1778422399.943624,14.45,-1054.0,-160.0,pix
real_001_s001_2026-05-10_16-11-47-020,001,001,1,P002,P002.ppm,869,92.939732,1778422399.960291,14.466667,-1054.0,-160.0,pix
real_001_s001_2026-05-10_16-11-47-020,001,001,1,P002,P002.ppm,870,92.956398,1778422399.976957,14.483333,-1054.0,-160.0,pix
real_001_s001_2026-05-10_16-11-47-020,001,001,1,P002,P002.ppm,871,92.973065,1778422399.993624,14.5,-1054.0,-160.0,pix
real_001_s001_2026-05-10_16-11-47-020,001,001,1,P002,P002.ppm,872,92.989732,1778422400.010291,14.516667,-1054.0,-160.0,pix
real_001_s001_2026-05-10_16-11-47-020,001,001,1,P002,P002.ppm,873,93.006398,1778422400.026957,14.533333,-1054.0,-160.0,pix
real_001_s001_2026-05-10_16-11-47-020,001,001,1,P002,P002.ppm,874,93.023065,1778422400.043624,14.55,-1054.0,-160.0,pix
real_001_s001_2026-05-10_16-11-47-020,001,001,1,P002,P002.ppm,875,93.039732,1778422400.060291,14.566667,-1054.0,-160.0,pix
real_001_s001_2026-05-10_16-11-47-020,001,001,1,P002,P002.ppm,876,93.056398,1778422400.076957,14.583333,-1054.0,-160.0,pix
real_001_s001_2026-05-10_16-11-47-020,001,001,1,P002,P002.ppm,877,93.073065,1778422400.093624,14.6,-1054.0,-160.0,pix
real_001_s001_2026-05-10_16-11-47-020,001,001,1,P002,P002.ppm,878,93.089732,1778422400.110291,14.616667,-1054.0,-160.0,pix
real_001_s001_2026-05-10_16-11-47-020,001,001,1,P002,P002.ppm,879,93.106398,1778422400.126957,14.633333,-1054.0,-160.0,pix
real_001_s001_2026-05-10_16-11-47-020,001,001,1,P002,P002.ppm,880,93.123065,1778422400.143624,14.65,-1054.0,-160.0,pix
real_001_s001_2026-05-10_16-11-47-020,001,001,1,P002,P002.ppm,881,93.139732,1778422400.160291,14.666667,-1054.0,-160.0,pix
real_001_s001_2026-05-10_16-11-47-020,001,001,1,P002,P002.ppm,882,93.156398,1778422400.176957,14.683333,-1054.0,-160.0,pix
real_001_s001_2026-05-10_16-11-47-020,001,001,1,P002,P002.ppm,883,93.173065,1778422400.193624,14.7,-1054.0,-160.0,pix
real_001_s001_2026-05-10_16-11-47-020,001,001,1,P002,P002.ppm,884,93.189732,1778422400.210291,14.716667,-1054.0,-160.0,pix
real_001_s001_2026-05-10_16-11-47-020,001,001,1,P002,P002.ppm,885,93.206398,1778422400.226957,14.733333,-1054.0,-160.0,pix
real_001_s001_2026-05-10_16-11-47-020,001,001,1,P002,P002.ppm,886,93.223065,1778422400.243624,14.75,-1054.0,-160.0,pix
real_001_s001_2026-05-10_16-11-47-020,001,001,1,P002,P002.ppm,887,93.239732,1778422400.260291,14.766667,-1054.0,-160.0,pix
real_001_s001_2026-05-10_16-11-47-020,001,001,1,P002,P002.ppm,888,93.256398,1778422400.276957,14.783333,-1054.0,-160.0,pix
real_001_s001_2026-05-10_16-11-47-020,001,001,1,P002,P002.ppm,889,93.273065,1778422400.293624,14.8,-1054.0,-160.0,pix
real_001_s001_2026-05-10_16-11-47-020,001,001,1,P002,P002.ppm,890,93.289732,1778422400.310291,14.816667,-1054.0,-160.0,pix
real_001_s001_2026-05-10_16-11-47-020,001,001,1,P002,P002.ppm,891,93.306398,1778422400.326957,14.833333,-1054.0,-160.0,pix
real_001_s001_2026-05-10_16-11-47-020,001,001,1,P002,P002.ppm,892,93.323065,1778422400.343624,14.85,-1054.0,-160.0,pix
real_001_s001_2026-05-10_16-11-47-020,001,001,1,P002,P002.ppm,893,93.339732,1778422400.360291,14.866667,-1054.0,-160.0,pix
real_001_s001_2026-05-10_16-11-47-020,001,001,1,P002,P002.ppm,894,93.356398,1778422400.376957,14.883333,-1054.0,-160.0,pix
real_001_s001_2026-05-10_16-11-47-020,001,001,1,P002,P002.ppm,895,93.373065,1778422400.393624,14.9,-1054.0,-160.0,pix
real_001_s001_2026-05-10_16-11-47-020,001,001,1,P002,P002.ppm,896,93.389732,1778422400.410291,14.916667,-1054.0,-160.0,pix
real_001_s001_2026-05-10_16-11-47-020,001,001,1,P002,P002.ppm,897,93.406398,1778422400.426957,14.933333,-1054.0,-160.0,pix
real_001_s001_2026-05-10_16-11-47-020,001,001,1,P002,P002.ppm,898,93.423065,1778422400.443624,14.95,-1054.0,-160.0,pix
real_001_s001_2026-05-10_16-11-47-020,001,001,1,P002,P002.ppm,899,93.439732,1778422400.460291,14.966667,-1054.0,-160.0,pix
real_001_s001_2026-05-10_16-11-47-020,001,001,1,P002,P002.ppm,900,93.456398,1778422400.476957,14.983333,-1054.0,-160.0,pix
real_001_s001_2026-05-10_16-11-47-020,001,001,1,P002,P002.ppm,901,93.473065,1778422400.493624,15.0,-1054.0,-160.0,pix
real_001_s001_2026-05-10_16-11-47-020,001,001,1,P002,P002.ppm,902,93.489732,1778422400.510291,15.016667,-1054.0,-160.0,pix
real_001_s001_2026-05-10_16-11-47-020,001,001,1,P002,P002.ppm,903,93.506398,1778422400.526957,15.033333,-1054.0,-160.0,pix
real_001_s001_2026-05-10_16-11-47-020,001,001,1,P002,P002.ppm,904,93.523065,1778422400.543624,15.05,-1054.0,-160.0,pix
real_001_s001_2026-05-10_16-11-47-020,001,001,1,P002,P002.ppm,905,93.539732,1778422400.560291,15.066667,-1054.0,-160.0,pix
real_001_s001_2026-05-10_16-11-47-020,001,001,1,P002,P002.ppm,906,93.556398,1778422400.576957,15.083333,-1054.0,-160.0,pix
real_001_s001_2026-05-10_16-11-47-020,001,001,1,P002,P002.ppm,907,93.573065,1778422400.593624,15.1,-1054.0,-160.0,pix
real_001_s001_2026-05-10_16-11-47-020,001,001,1,P002,P002.ppm,908,93.589732,1778422400.610291,15.116667,-1054.0,-160.0,pix
real_001_s001_2026-05-10_16-11-47-020,001,001,1,P002,P002.ppm,909,93.606398,1778422400.626957,15.133333,-1054.0,-160.0,pix
real_001_s001_2026-05-10_16-11-47-020,001,001,1,P002,P002.ppm,910,93.623065,1778422400.643624,15.15,-1054.0,-160.0,pix
real_001_s001_2026-05-10_16-11-47-020,001,001,1,P002,P002.ppm,911,93.639732,1778422400.660291,15.166667,-1054.0,-160.0,pix
real_001_s001_2026-05-10_16-11-47-020,001,001,1,P002,P002.ppm,912,93.656398,1778422400.676957,15.183333,-1054.0,-160.0,pix
real_001_s001_2026-05-10_16-11-47-020,001,001,1,P002,P002.ppm,913,93.673065,1778422400.693624,15.2,-1054.0,-160.0,pix
real_001_s001_2026-05-10_16-11-47-020,001,001,1,P002,P002.ppm,914,93.689732,1778422400.710291,15.216667,-1054.0,-160.0,pix
real_001_s001_2026-05-10_16-11-47-020,001,001,1,P002,P002.ppm,915,93.706398,1778422400.726957,15.233333,-1054.0,-160.0,pix
real_001_s001_2026-05-10_16-11-47-020,001,001,1,P002,P002.ppm,916,93.723065,1778422400.743624,15.25,-1054.0,-160.0,pix
