run_id,participant,session,trial_index,trial_id,image_file,sample_index,sample_session_s,sample_unix_s,sample_from_image_onset_s,gaze_x_pix,gaze_y_pix,screen_width_px,screen_height_px,image_stim_width_units,image_stim_height_units,image_stim_center_x_units,image_stim_center_y_units,units
real_001_s001_2026-05-18_16-03-17-731,001,001,1,P001,wikiart_practice/practice_wikiart_001_surrealistic_gouache.jpg,1,22.645435,1779113020.378256,0.0,198.0,22.0,2940,1912,1.112116,0.82,0.0,0.0,pix
real_001_s001_2026-05-18_16-03-17-731,001,001,1,P001,wikiart_practice/practice_wikiart_001_surrealistic_gouache.jpg,2,22.662102,1779113020.394922,0.016667,198.0,22.0,2940,1912,1.112116,0.82,0.0,0.0,pix
real_001_s001_2026-05-18_16-03-17-731,001,001,1,P001,wikiart_practice/practice_wikiart_001_surrealistic_gouache.jpg,3,22.678769,1779113020.411589,0.033333,198.0,22.0,2940,1912,1.112116,0.82,0.0,0.0,pix
real_001_s001_2026-05-18_16-03-17-731,001,001,1,P001,wikiart_practice/practice_wikiart_001_surrealistic_gouache.jpg,4,22.695435,1779113020.428256,0.05,198.0,22.0,2940,1912,1.112116,0.82,0.0,0.0,pix
real_001_s001_2026-05-18_16-03-17-731,001,001,1,P001,wikiart_practice/practice_wikiart_001_surrealistic_gouache.jpg,5,22.712102,1779113020.444922,0.066667,198.0,22.0,2940,1912,1.112116,0.82,0.0,0.0,pix
real_001_s001_2026-05-18_16-03-17-731,001,001,1,P001,wikiart_practice/practice_wikiart_001_surrealistic_gouache.jpg,6,22.728769,1779113020.461589,0.083333,198.0,22.0,2940,1912,1.112116,0.82,0.0,0.0,pix
real_001_s001_2026-05-18_16-03-17-731,001,001,1,P001,wikiart_practice/practice_wikiart_001_surrealistic_gouache.jpg,7,22.745435,1779113020.478256,0.1,198.0,22.0,2940,1912,1.112116,0.82,0.0,0.0,pix
real_001_s001_2026-05-18_16-03-17-731,001,001,1,P001,wikiart_practice/practice_wikiart_001_surrealistic_gouache.jpg,8,22.762102,1779113020.494922,0.116667,198.0,22.0,2940,1912,1.112116,0.82,0.0,0.0,pix
real_001_s001_2026-05-18_16-03-17-731,001,001,1,P001,wikiart_practice/practice_wikiart_001_surrealistic_gouache.jpg,9,22.778769,1779113020.511589,0.133333,198.0,22.0,2940,1912,1.112116,0.82,0.0,0.0,pix
real_001_s001_2026-05-18_16-03-17-731,001,001,1,P001,wikiart_practice/practice_wikiart_001_surrealistic_gouache.jpg,10,22.795435,1779113020.528256,0.15,198.0,22.0,2940,1912,1.112116,0.82,0.0,0.0,pix
real_001_s001_2026-05-18_16-03-17-731,001,001,1,P001,wikiart_practice/practice_wikiart_001_surrealistic_gouache.jpg,11,22.812102,1779113020.544923,0.166667,198.0,22.0,2940,1912,1.112116,0.82,0.0,0.0,pix
real_001_s001_2026-05-18_16-03-17-731,001,001,1,P001,wikiart_practice/practice_wikiart_001_surrealistic_gouache.jpg,12,22.828769,1779113020.561589,0.183333,198.0,22.0,2940,1912,1.112116,0.82,0.0,0.0,pix
real_001_s001_2026-05-18_16-03-17-731,001,001,1,P001,wikiart_practice/practice_wikiart_001_surrealistic_gouache.jpg,13,22.845435,1779113020.578256,0.2,198.0,22.0,2940,1912,1.112116,0.82,0.0,0.0,pix
real_001_s001_2026-05-18_16-03-17-731,001,001,1,P001,wikiart_practice/practice_wikiart_001_surrealistic_gouache.jpg,14,22.862102,1779113020.594923,0.216667,198.0,22.0,2940,1912,1.112116,0.82,0.0,0.0,pix
real_001_s001_2026-05-18_16-03-17-731,001,001,1,P001,wikiart_practice/practice_wikiart_001_surrealistic_gouache.jpg,15,22.878769,1779113020.611589,0.233333,198.0,22.0,2940,1912,1.112116,0.82,0.0,0.0,pix
real_001_s001_2026-05-18_16-03-17-731,001,001,1,P001,wikiart_practice/practice_wikiart_001_surrealistic_gouache.jpg,16,22.895435,1779113020.628256,0.25,198.0,22.0,2940,1912,1.112116,0.82,0.0,0.0,pix
real_001_s001_2026-05-18_16-03-17-731,001,001,1,P001,wikiart_practice/practice_wikiart_001_surrealistic_gouache.jpg,17,22.912102,1779113020.644922,0.266667,198.0,22.0,2940,1912,1.112116,0.82,0.0,0.0,pix
real_001_s001_2026-05-18_16-03-17-731,001,001,1,P001,wikiart_practice/practice_wikiart_001_surrealistic_gouache.jpg,18,22.928769,1779113020.661589,0.283333,198.0,22.0,2940,1912,1.112116,0.82,0.0,0.0,pix
real_001_s001_2026-05-18_16-03-17-731,001,001,1,P001,wikiart_practice/practice_wikiart_001_surrealistic_gouache.jpg,19,22.945435,1779113020.678256,0.3,198.0,22.0,2940,1912,1.112116,0.82,0.0,0.0,pix
real_001_s001_2026-05-18_16-03-17-731,001,001,1,P001,wikiart_practice/practice_wikiart_001_surrealistic_gouache.jpg,20,22.962102,1779113020.694922,0.316667,198.0,22.0,2940,1912,1.112116,0.82,0.0,0.0,pix
real_001_s001_2026-05-18_16-03-17-731,001,001,1,P001,wikiart_practice/practice_wikiart_001_surrealistic_gouache.jpg,21,22.978769,1779113020.711589,0.333333,198.0,22.0,2940,1912,1.112116,0.82,0.0,0.0,pix
real_001_s001_2026-05-18_16-03-17-731,001,001,1,P001,wikiart_practice/practice_wikiart_001_surrealistic_gouache.jpg,22,22.995435,1779113020.728256,0.35,198.0,22.0,2940,1912,1.112116,0.82,0.0,0.0,pix
real_001_s001_2026-05-18_16-03-17-731,001,001,1,P001,wikiart_practice/practice_wikiart_001_surrealistic_gouache.jpg,23,23.012102,1779113020.744922,0.366667,198.0,22.0,2940,1912,1.112116,0.82,0.0,0.0,pix
real_001_s001_2026-05-18_16-03-17-731,001,001,1,P001,wikiart_practice/practice_wikiart_001_surrealistic_gouache.jpg,24,23.028769,1779113020.761589,0.383333,198.0,22.0,2940,1912,1.112116,0.82,0.0,0.0,pix
real_001_s001_2026-05-18_16-03-17-731,001,001,1,P001,wikiart_practice/practice_wikiart_001_surrealistic_gouache.jpg,25,23.045435,1779113020.778256,0.4,198.0,22.0,2940,1912,1.112116,0.82,0.0,0.0,pix
real_001_s001_2026-05-18_16-03-17-731,001,001,1,P001,wikiart_practice/practice_wikiart_001_surrealistic_gouache.jpg,26,23.062102,1779113020.794923,0.416667,198.0,22.0,2940,1912,1.112116,0.82,0.0,0.0,pix
real_001_s001_2026-05-18_16-03-17-731,001,001,1,P001,wikiart_practice/practice_wikiart_001_surrealistic_gouache.jpg,27,23.078769,1779113020.811589,0.433333,198.0,22.0,2940,1912,1.112116,0.82,0.0,0.0,pix
real_001_s001_2026-05-18_16-03-17-731,001,001,1,P001,wikiart_practice/practice_wikiart_001_surrealistic_gouache.jpg,28,23.095435,1779113020.828256,0.45,198.0,22.0,2940,1912,1.112116,0.82,0.0,0.0,pix
real_001_s001_2026-05-18_16-03-17-731,001,001,1,P001,wikiart_practice/practice_wikiart_001_surrealistic_gouache.jpg,29,23.112102,1779113020.844923,0.466667,198.0,22.0,2940,1912,1.112116,0.82,0.0,0.0,pix
real_001_s001_2026-05-18_16-03-17-731,001,001,1,P001,wikiart_practice/practice_wikiart_001_surrealistic_gouache.jpg,30,23.128769,1779113020.861589,0.483333,198.0,22.0,2940,1912,1.112116,0.82,0.0,0.0,pix
real_001_s001_2026-05-18_16-03-17-731,001,001,1,P001,wikiart_practice/practice_wikiart_001_surrealistic_gouache.jpg,31,23.145435,1779113020.878256,0.5,198.0,22.0,2940,1912,1.112116,0.82,0.0,0.0,pix
real_001_s001_2026-05-18_16-03-17-731,001,001,1,P001,wikiart_practice/practice_wikiart_001_surrealistic_gouache.jpg,32,23.162102,1779113020.894922,0.516667,198.0,22.0,2940,1912,1.112116,0.82,0.0,0.0,pix
real_001_s001_2026-05-18_16-03-17-731,001,001,1,P001,wikiart_practice/practice_wikiart_001_surrealistic_gouache.jpg,33,23.178769,1779113020.911589,0.533333,198.0,22.0,2940,1912,1.112116,0.82,0.0,0.0,pix
real_001_s001_2026-05-18_16-03-17-731,001,001,1,P001,wikiart_practice/practice_wikiart_001_surrealistic_gouache.jpg,34,23.195435,1779113020.928256,0.55,198.0,22.0,2940,1912,1.112116,0.82,0.0,0.0,pix
real_001_s001_2026-05-18_16-03-17-731,001,001,1,P001,wikiart_practice/practice_wikiart_001_surrealistic_gouache.jpg,35,23.212102,1779113020.944922,0.566667,198.0,22.0,2940,1912,1.112116,0.82,0.0,0.0,pix
real_001_s001_2026-05-18_16-03-17-731,001,001,1,P001,wikiart_practice/practice_wikiart_001_surrealistic_gouache.jpg,36,23.228769,1779113020.961589,0.583333,198.0,22.0,2940,1912,1.112116,0.82,0.0,0.0,pix
real_001_s001_2026-05-18_16-03-17-731,001,001,1,P001,wikiart_practice/practice_wikiart_001_surrealistic_gouache.jpg,37,23.245435,1779113020.978256,0.6,198.0,22.0,2940,1912,1.112116,0.82,0.0,0.0,pix
real_001_s001_2026-05-18_16-03-17-731,001,001,1,P001,wikiart_practice/practice_wikiart_001_surrealistic_gouache.jpg,38,23.262102,1779113020.994922,0.616667,198.0,22.0,2940,1912,1.112116,0.82,0.0,0.0,pix
real_001_s001_2026-05-18_16-03-17-731,001,001,1,P001,wikiart_practice/practice_wikiart_001_surrealistic_gouache.jpg,39,23.278769,1779113021.011589,0.633333,198.0,22.0,2940,1912,1.112116,0.82,0.0,0.0,pix
real_001_s001_2026-05-18_16-03-17-731,001,001,1,P001,wikiart_practice/practice_wikiart_001_surrealistic_gouache.jpg,40,23.295435,1779113021.028256,0.65,198.0,22.0,2940,1912,1.112116,0.82,0.0,0.0,pix
real_001_s001_2026-05-18_16-03-17-731,001,001,1,P001,wikiart_practice/practice_wikiart_001_surrealistic_gouache.jpg,41,23.312102,1779113021.044923,0.666667,198.0,22.0,2940,1912,1.112116,0.82,0.0,0.0,pix
real_001_s001_2026-05-18_16-03-17-731,001,001,1,P001,wikiart_practice/practice_wikiart_001_surrealistic_gouache.jpg,42,23.328769,1779113021.061589,0.683333,198.0,22.0,2940,1912,1.112116,0.82,0.0,0.0,pix
real_001_s001_2026-05-18_16-03-17-731,001,001,1,P001,wikiart_practice/practice_wikiart_001_surrealistic_gouache.jpg,43,23.345435,1779113021.078256,0.7,198.0,22.0,2940,1912,1.112116,0.82,0.0,0.0,pix
real_001_s001_2026-05-18_16-03-17-731,001,001,1,P001,wikiart_practice/practice_wikiart_001_surrealistic_gouache.jpg,44,23.362102,1779113021.094923,0.716667,198.0,22.0,2940,1912,1.112116,0.82,0.0,0.0,pix
real_001_s001_2026-05-18_16-03-17-731,001,001,1,P001,wikiart_practice/practice_wikiart_001_surrealistic_gouache.jpg,45,23.378769,1779113021.111589,0.733333,198.0,22.0,2940,1912,1.112116,0.82,0.0,0.0,pix
real_001_s001_2026-05-18_16-03-17-731,001,001,1,P001,wikiart_practice/practice_wikiart_001_surrealistic_gouache.jpg,46,23.395435,1779113021.128256,0.75,198.0,22.0,2940,1912,1.112116,0.82,0.0,0.0,pix
real_001_s001_2026-05-18_16-03-17-731,001,001,1,P001,wikiart_practice/practice_wikiart_001_surrealistic_gouache.jpg,47,23.412102,1779113021.144922,0.766667,198.0,22.0,2940,1912,1.112116,0.82,0.0,0.0,pix
real_001_s001_2026-05-18_16-03-17-731,001,001,1,P001,wikiart_practice/practice_wikiart_001_surrealistic_gouache.jpg,48,23.428769,1779113021.161589,0.783333,198.0,22.0,2940,1912,1.112116,0.82,0.0,0.0,pix
real_001_s001_2026-05-18_16-03-17-731,001,001,1,P001,wikiart_practice/practice_wikiart_001_surrealistic_gouache.jpg,49,23.445435,1779113021.178256,0.8,198.0,22.0,2940,1912,1.112116,0.82,0.0,0.0,pix
real_001_s001_2026-05-18_16-03-17-731,001,001,1,P001,wikiart_practice/practice_wikiart_001_surrealistic_gouache.jpg,50,23.462102,1779113021.194922,0.816667,198.0,22.0,2940,1912,1.112116,0.82,0.0,0.0,pix
real_001_s001_2026-05-18_16-03-17-731,001,001,1,P001,wikiart_practice/practice_wikiart_001_surrealistic_gouache.jpg,51,23.478769,1779113021.211589,0.833333,198.0,22.0,2940,1912,1.112116,0.82,0.0,0.0,pix
real_001_s001_2026-05-18_16-03-17-731,001,001,1,P001,wikiart_practice/practice_wikiart_001_surrealistic_gouache.jpg,52,23.495435,1779113021.228256,0.85,198.0,22.0,2940,1912,1.112116,0.82,0.0,0.0,pix
real_001_s001_2026-05-18_16-03-17-731,001,001,1,P001,wikiart_practice/practice_wikiart_001_surrealistic_gouache.jpg,53,23.512102,1779113021.244922,0.866667,198.0,22.0,2940,1912,1.112116,0.82,0.0,0.0,pix
real_001_s001_2026-05-18_16-03-17-731,001,001,1,P001,wikiart_practice/practice_wikiart_001_surrealistic_gouache.jpg,54,23.528769,1779113021.261589,0.883333,198.0,22.0,2940,1912,1.112116,0.82,0.0,0.0,pix
real_001_s001_2026-05-18_16-03-17-731,001,001,1,P001,wikiart_practice/practice_wikiart_001_surrealistic_gouache.jpg,55,23.545435,1779113021.278256,0.9,198.0,22.0,2940,1912,1.112116,0.82,0.0,0.0,pix
real_001_s001_2026-05-18_16-03-17-731,001,001,1,P001,wikiart_practice/practice_wikiart_001_surrealistic_gouache.jpg,56,23.562102,1779113021.294923,0.916667,198.0,22.0,2940,1912,1.112116,0.82,0.0,0.0,pix
real_001_s001_2026-05-18_16-03-17-731,001,001,1,P001,wikiart_practice/practice_wikiart_001_surrealistic_gouache.jpg,57,23.578769,1779113021.311589,0.933333,198.0,22.0,2940,1912,1.112116,0.82,0.0,0.0,pix
real_001_s001_2026-05-18_16-03-17-731,001,001,1,P001,wikiart_practice/practice_wikiart_001_surrealistic_gouache.jpg,58,23.595435,1779113021.328256,0.95,198.0,22.0,2940,1912,1.112116,0.82,0.0,0.0,pix
real_001_s001_2026-05-18_16-03-17-731,001,001,1,P001,wikiart_practice/practice_wikiart_001_surrealistic_gouache.jpg,59,23.612102,1779113021.344923,0.966667,198.0,22.0,2940,1912,1.112116,0.82,0.0,0.0,pix
real_001_s001_2026-05-18_16-03-17-731,001,001,1,P001,wikiart_practice/practice_wikiart_001_surrealistic_gouache.jpg,60,23.628769,1779113021.361589,0.983333,198.0,22.0,2940,1912,1.112116,0.82,0.0,0.0,pix
real_001_s001_2026-05-18_16-03-17-731,001,001,1,P001,wikiart_practice/practice_wikiart_001_surrealistic_gouache.jpg,61,23.645435,1779113021.378256,1.0,198.0,22.0,2940,1912,1.112116,0.82,0.0,0.0,pix
real_001_s001_2026-05-18_16-03-17-731,001,001,1,P001,wikiart_practice/practice_wikiart_001_surrealistic_gouache.jpg,62,23.662102,1779113021.394922,1.016667,198.0,22.0,2940,1912,1.112116,0.82,0.0,0.0,pix
real_001_s001_2026-05-18_16-03-17-731,001,001,1,P001,wikiart_practice/practice_wikiart_001_surrealistic_gouache.jpg,63,23.678769,1779113021.411589,1.033333,198.0,22.0,2940,1912,1.112116,0.82,0.0,0.0,pix
real_001_s001_2026-05-18_16-03-17-731,001,001,1,P001,wikiart_practice/practice_wikiart_001_surrealistic_gouache.jpg,64,23.695435,1779113021.428256,1.05,198.0,22.0,2940,1912,1.112116,0.82,0.0,0.0,pix
real_001_s001_2026-05-18_16-03-17-731,001,001,1,P001,wikiart_practice/practice_wikiart_001_surrealistic_gouache.jpg,65,23.712102,1779113021.444922,1.066667,198.0,22.0,2940,1912,1.112116,0.82,0.0,0.0,pix
real_001_s001_2026-05-18_16-03-17-731,001,001,1,P001,wikiart_practice/practice_wikiart_001_surrealistic_gouache.jpg,66,23.728769,1779113021.461589,1.083333,198.0,22.0,2940,1912,1.112116,0.82,0.0,0.0,pix
real_001_s001_2026-05-18_16-03-17-731,001,001,1,P001,wikiart_practice/practice_wikiart_001_surrealistic_gouache.jpg,67,23.745435,1779113021.478256,1.1,198.0,22.0,2940,1912,1.112116,0.82,0.0,0.0,pix
real_001_s001_2026-05-18_16-03-17-731,001,001,1,P001,wikiart_practice/practice_wikiart_001_surrealistic_gouache.jpg,68,23.762102,1779113021.494922,1.116667,198.0,22.0,2940,1912,1.112116,0.82,0.0,0.0,pix
real_001_s001_2026-05-18_16-03-17-731,001,001,1,P001,wikiart_practice/practice_wikiart_001_surrealistic_gouache.jpg,69,23.778769,1779113021.511589,1.133333,198.0,22.0,2940,1912,1.112116,0.82,0.0,0.0,pix
real_001_s001_2026-05-18_16-03-17-731,001,001,1,P001,wikiart_practice/practice_wikiart_001_surrealistic_gouache.jpg,70,23.795435,1779113021.528256,1.15,198.0,22.0,2940,1912,1.112116,0.82,0.0,0.0,pix
real_001_s001_2026-05-18_16-03-17-731,001,001,1,P001,wikiart_practice/practice_wikiart_001_surrealistic_gouache.jpg,71,23.812102,1779113021.544923,1.166667,198.0,22.0,2940,1912,1.112116,0.82,0.0,0.0,pix
real_001_s001_2026-05-18_16-03-17-731,001,001,1,P001,wikiart_practice/practice_wikiart_001_surrealistic_gouache.jpg,72,23.828769,1779113021.561589,1.183333,198.0,22.0,2940,1912,1.112116,0.82,0.0,0.0,pix
real_001_s001_2026-05-18_16-03-17-731,001,001,1,P001,wikiart_practice/practice_wikiart_001_surrealistic_gouache.jpg,73,23.845435,1779113021.578256,1.2,198.0,22.0,2940,1912,1.112116,0.82,0.0,0.0,pix
real_001_s001_2026-05-18_16-03-17-731,001,001,1,P001,wikiart_practice/practice_wikiart_001_surrealistic_gouache.jpg,74,23.862102,1779113021.594923,1.216667,198.0,22.0,2940,1912,1.112116,0.82,0.0,0.0,pix
real_001_s001_2026-05-18_16-03-17-731,001,001,1,P001,wikiart_practice/practice_wikiart_001_surrealistic_gouache.jpg,75,23.878769,1779113021.611589,1.233333,198.0,22.0,2940,1912,1.112116,0.82,0.0,0.0,pix
real_001_s001_2026-05-18_16-03-17-731,001,001,1,P001,wikiart_practice/practice_wikiart_001_surrealistic_gouache.jpg,76,23.895435,1779113021.628256,1.25,198.0,22.0,2940,1912,1.112116,0.82,0.0,0.0,pix
real_001_s001_2026-05-18_16-03-17-731,001,001,1,P001,wikiart_practice/practice_wikiart_001_surrealistic_gouache.jpg,77,23.912102,1779113021.644922,1.266667,198.0,22.0,2940,1912,1.112116,0.82,0.0,0.0,pix
real_001_s001_2026-05-18_16-03-17-731,001,001,1,P001,wikiart_practice/practice_wikiart_001_surrealistic_gouache.jpg,78,23.928769,1779113021.661589,1.283333,198.0,22.0,2940,1912,1.112116,0.82,0.0,0.0,pix
real_001_s001_2026-05-18_16-03-17-731,001,001,1,P001,wikiart_practice/practice_wikiart_001_surrealistic_gouache.jpg,79,23.945435,1779113021.678256,1.3,198.0,22.0,2940,1912,1.112116,0.82,0.0,0.0,pix
real_001_s001_2026-05-18_16-03-17-731,001,001,1,P001,wikiart_practice/practice_wikiart_001_surrealistic_gouache.jpg,80,23.962102,1779113021.694922,1.316667,198.0,22.0,2940,1912,1.112116,0.82,0.0,0.0,pix
real_001_s001_2026-05-18_16-03-17-731,001,001,1,P001,wikiart_practice/practice_wikiart_001_surrealistic_gouache.jpg,81,23.978769,1779113021.711589,1.333333,198.0,22.0,2940,1912,1.112116,0.82,0.0,0.0,pix
real_001_s001_2026-05-18_16-03-17-731,001,001,1,P001,wikiart_practice/practice_wikiart_001_surrealistic_gouache.jpg,82,23.995435,1779113021.728256,1.35,198.0,22.0,2940,1912,1.112116,0.82,0.0,0.0,pix
real_001_s001_2026-05-18_16-03-17-731,001,001,1,P001,wikiart_practice/practice_wikiart_001_surrealistic_gouache.jpg,83,24.012102,1779113021.744922,1.366667,198.0,22.0,2940,1912,1.112116,0.82,0.0,0.0,pix
real_001_s001_2026-05-18_16-03-17-731,001,001,1,P001,wikiart_practice/practice_wikiart_001_surrealistic_gouache.jpg,84,24.028769,1779113021.761589,1.383333,198.0,22.0,2940,1912,1.112116,0.82,0.0,0.0,pix
real_001_s001_2026-05-18_16-03-17-731,001,001,1,P001,wikiart_practice/practice_wikiart_001_surrealistic_gouache.jpg,85,24.045435,1779113021.778256,1.4,198.0,22.0,2940,1912,1.112116,0.82,0.0,0.0,pix
real_001_s001_2026-05-18_16-03-17-731,001,001,1,P001,wikiart_practice/practice_wikiart_001_surrealistic_gouache.jpg,86,24.062102,1779113021.794923,1.416667,198.0,22.0,2940,1912,1.112116,0.82,0.0,0.0,pix
real_001_s001_2026-05-18_16-03-17-731,001,001,1,P001,wikiart_practice/practice_wikiart_001_surrealistic_gouache.jpg,87,24.078769,1779113021.811589,1.433333,198.0,22.0,2940,1912,1.112116,0.82,0.0,0.0,pix
real_001_s001_2026-05-18_16-03-17-731,001,001,1,P001,wikiart_practice/practice_wikiart_001_surrealistic_gouache.jpg,88,24.095435,1779113021.828256,1.45,198.0,22.0,2940,1912,1.112116,0.82,0.0,0.0,pix
real_001_s001_2026-05-18_16-03-17-731,001,001,1,P001,wikiart_practice/practice_wikiart_001_surrealistic_gouache.jpg,89,24.112102,1779113021.844923,1.466667,198.0,22.0,2940,1912,1.112116,0.82,0.0,0.0,pix
real_001_s001_2026-05-18_16-03-17-731,001,001,1,P001,wikiart_practice/practice_wikiart_001_surrealistic_gouache.jpg,90,24.128769,1779113021.861589,1.483333,198.0,22.0,2940,1912,1.112116,0.82,0.0,0.0,pix
real_001_s001_2026-05-18_16-03-17-731,001,001,1,P001,wikiart_practice/practice_wikiart_001_surrealistic_gouache.jpg,91,24.145435,1779113021.878256,1.5,198.0,22.0,2940,1912,1.112116,0.82,0.0,0.0,pix
real_001_s001_2026-05-18_16-03-17-731,001,001,1,P001,wikiart_practice/practice_wikiart_001_surrealistic_gouache.jpg,92,24.162102,1779113021.894922,1.516667,198.0,22.0,2940,1912,1.112116,0.82,0.0,0.0,pix
real_001_s001_2026-05-18_16-03-17-731,001,001,1,P001,wikiart_practice/practice_wikiart_001_surrealistic_gouache.jpg,93,24.178769,1779113021.911589,1.533333,198.0,22.0,2940,1912,1.112116,0.82,0.0,0.0,pix
real_001_s001_2026-05-18_16-03-17-731,001,001,1,P001,wikiart_practice/practice_wikiart_001_surrealistic_gouache.jpg,94,24.195435,1779113021.928256,1.55,198.0,22.0,2940,1912,1.112116,0.82,0.0,0.0,pix
real_001_s001_2026-05-18_16-03-17-731,001,001,1,P001,wikiart_practice/practice_wikiart_001_surrealistic_gouache.jpg,95,24.212102,1779113021.944922,1.566667,198.0,22.0,2940,1912,1.112116,0.82,0.0,0.0,pix
real_001_s001_2026-05-18_16-03-17-731,001,001,1,P001,wikiart_practice/practice_wikiart_001_surrealistic_gouache.jpg,96,24.228769,1779113021.961589,1.583333,198.0,22.0,2940,1912,1.112116,0.82,0.0,0.0,pix
real_001_s001_2026-05-18_16-03-17-731,001,001,1,P001,wikiart_practice/practice_wikiart_001_surrealistic_gouache.jpg,97,24.245435,1779113021.978256,1.6,198.0,22.0,2940,1912,1.112116,0.82,0.0,0.0,pix
real_001_s001_2026-05-18_16-03-17-731,001,001,1,P001,wikiart_practice/practice_wikiart_001_surrealistic_gouache.jpg,98,24.262102,1779113021.994922,1.616667,198.0,22.0,2940,1912,1.112116,0.82,0.0,0.0,pix
real_001_s001_2026-05-18_16-03-17-731,001,001,1,P001,wikiart_practice/practice_wikiart_001_surrealistic_gouache.jpg,99,24.278769,1779113022.011589,1.633333,198.0,22.0,2940,1912,1.112116,0.82,0.0,0.0,pix
real_001_s001_2026-05-18_16-03-17-731,001,001,1,P001,wikiart_practice/practice_wikiart_001_surrealistic_gouache.jpg,100,24.295435,1779113022.028256,1.65,198.0,22.0,2940,1912,1.112116,0.82,0.0,0.0,pix
real_001_s001_2026-05-18_16-03-17-731,001,001,1,P001,wikiart_practice/practice_wikiart_001_surrealistic_gouache.jpg,101,24.312102,1779113022.044923,1.666667,198.0,22.0,2940,1912,1.112116,0.82,0.0,0.0,pix
real_001_s001_2026-05-18_16-03-17-731,001,001,1,P001,wikiart_practice/practice_wikiart_001_surrealistic_gouache.jpg,102,24.328769,1779113022.061589,1.683333,198.0,22.0,2940,1912,1.112116,0.82,0.0,0.0,pix
real_001_s001_2026-05-18_16-03-17-731,001,001,1,P001,wikiart_practice/practice_wikiart_001_surrealistic_gouache.jpg,103,24.345435,1779113022.078256,1.7,198.0,22.0,2940,1912,1.112116,0.82,0.0,0.0,pix
real_001_s001_2026-05-18_16-03-17-731,001,001,1,P001,wikiart_practice/practice_wikiart_001_surrealistic_gouache.jpg,104,24.362102,1779113022.094923,1.716667,198.0,22.0,2940,1912,1.112116,0.82,0.0,0.0,pix
real_001_s001_2026-05-18_16-03-17-731,001,001,1,P001,wikiart_practice/practice_wikiart_001_surrealistic_gouache.jpg,105,24.378769,1779113022.111589,1.733333,198.0,22.0,2940,1912,1.112116,0.82,0.0,0.0,pix
real_001_s001_2026-05-18_16-03-17-731,001,001,1,P001,wikiart_practice/practice_wikiart_001_surrealistic_gouache.jpg,106,24.395435,1779113022.128256,1.75,198.0,22.0,2940,1912,1.112116,0.82,0.0,0.0,pix
real_001_s001_2026-05-18_16-03-17-731,001,001,1,P001,wikiart_practice/practice_wikiart_001_surrealistic_gouache.jpg,107,24.412102,1779113022.144922,1.766667,198.0,22.0,2940,1912,1.112116,0.82,0.0,0.0,pix
real_001_s001_2026-05-18_16-03-17-731,001,001,1,P001,wikiart_practice/practice_wikiart_001_surrealistic_gouache.jpg,108,24.428769,1779113022.161589,1.783333,198.0,22.0,2940,1912,1.112116,0.82,0.0,0.0,pix
real_001_s001_2026-05-18_16-03-17-731,001,001,1,P001,wikiart_practice/practice_wikiart_001_surrealistic_gouache.jpg,109,24.445435,1779113022.178256,1.8,198.0,22.0,2940,1912,1.112116,0.82,0.0,0.0,pix
real_001_s001_2026-05-18_16-03-17-731,001,001,1,P001,wikiart_practice/practice_wikiart_001_surrealistic_gouache.jpg,110,24.462102,1779113022.194922,1.816667,198.0,22.0,2940,1912,1.112116,0.82,0.0,0.0,pix
real_001_s001_2026-05-18_16-03-17-731,001,001,1,P001,wikiart_practice/practice_wikiart_001_surrealistic_gouache.jpg,111,24.478769,1779113022.211589,1.833333,198.0,22.0,2940,1912,1.112116,0.82,0.0,0.0,pix
real_001_s001_2026-05-18_16-03-17-731,001,001,1,P001,wikiart_practice/practice_wikiart_001_surrealistic_gouache.jpg,112,24.495435,1779113022.228256,1.85,198.0,22.0,2940,1912,1.112116,0.82,0.0,0.0,pix
real_001_s001_2026-05-18_16-03-17-731,001,001,1,P001,wikiart_practice/practice_wikiart_001_surrealistic_gouache.jpg,113,24.512102,1779113022.244922,1.866667,198.0,22.0,2940,1912,1.112116,0.82,0.0,0.0,pix
real_001_s001_2026-05-18_16-03-17-731,001,001,1,P001,wikiart_practice/practice_wikiart_001_surrealistic_gouache.jpg,114,24.528769,1779113022.261589,1.883333,198.0,22.0,2940,1912,1.112116,0.82,0.0,0.0,pix
real_001_s001_2026-05-18_16-03-17-731,001,001,1,P001,wikiart_practice/practice_wikiart_001_surrealistic_gouache.jpg,115,24.545435,1779113022.278256,1.9,198.0,22.0,2940,1912,1.112116,0.82,0.0,0.0,pix
real_001_s001_2026-05-18_16-03-17-731,001,001,1,P001,wikiart_practice/practice_wikiart_001_surrealistic_gouache.jpg,116,24.562102,1779113022.294923,1.916667,198.0,22.0,2940,1912,1.112116,0.82,0.0,0.0,pix
real_001_s001_2026-05-18_16-03-17-731,001,001,1,P001,wikiart_practice/practice_wikiart_001_surrealistic_gouache.jpg,117,24.578769,1779113022.311589,1.933333,198.0,22.0,2940,1912,1.112116,0.82,0.0,0.0,pix
real_001_s001_2026-05-18_16-03-17-731,001,001,1,P001,wikiart_practice/practice_wikiart_001_surrealistic_gouache.jpg,118,24.595435,1779113022.328256,1.95,198.0,22.0,2940,1912,1.112116,0.82,0.0,0.0,pix
real_001_s001_2026-05-18_16-03-17-731,001,001,1,P001,wikiart_practice/practice_wikiart_001_surrealistic_gouache.jpg,119,24.612102,1779113022.344923,1.966667,198.0,22.0,2940,1912,1.112116,0.82,0.0,0.0,pix
real_001_s001_2026-05-18_16-03-17-731,001,001,1,P001,wikiart_practice/practice_wikiart_001_surrealistic_gouache.jpg,120,24.628769,1779113022.361589,1.983333,198.0,22.0,2940,1912,1.112116,0.82,0.0,0.0,pix
real_001_s001_2026-05-18_16-03-17-731,001,001,1,P001,wikiart_practice/practice_wikiart_001_surrealistic_gouache.jpg,121,24.645435,1779113022.378256,2.0,198.0,22.0,2940,1912,1.112116,0.82,0.0,0.0,pix
real_001_s001_2026-05-18_16-03-17-731,001,001,1,P001,wikiart_practice/practice_wikiart_001_surrealistic_gouache.jpg,122,24.662102,1779113022.394922,2.016667,198.0,22.0,2940,1912,1.112116,0.82,0.0,0.0,pix
real_001_s001_2026-05-18_16-03-17-731,001,001,1,P001,wikiart_practice/practice_wikiart_001_surrealistic_gouache.jpg,123,24.678769,1779113022.411589,2.033333,198.0,22.0,2940,1912,1.112116,0.82,0.0,0.0,pix
real_001_s001_2026-05-18_16-03-17-731,001,001,1,P001,wikiart_practice/practice_wikiart_001_surrealistic_gouache.jpg,124,24.695435,1779113022.428256,2.05,198.0,22.0,2940,1912,1.112116,0.82,0.0,0.0,pix
real_001_s001_2026-05-18_16-03-17-731,001,001,1,P001,wikiart_practice/practice_wikiart_001_surrealistic_gouache.jpg,125,24.712102,1779113022.444922,2.066667,198.0,22.0,2940,1912,1.112116,0.82,0.0,0.0,pix
real_001_s001_2026-05-18_16-03-17-731,001,001,1,P001,wikiart_practice/practice_wikiart_001_surrealistic_gouache.jpg,126,24.728769,1779113022.461589,2.083333,198.0,22.0,2940,1912,1.112116,0.82,0.0,0.0,pix
real_001_s001_2026-05-18_16-03-17-731,001,001,1,P001,wikiart_practice/practice_wikiart_001_surrealistic_gouache.jpg,127,24.745435,1779113022.478256,2.1,198.0,22.0,2940,1912,1.112116,0.82,0.0,0.0,pix
real_001_s001_2026-05-18_16-03-17-731,001,001,1,P001,wikiart_practice/practice_wikiart_001_surrealistic_gouache.jpg,128,24.762102,1779113022.494922,2.116667,198.0,22.0,2940,1912,1.112116,0.82,0.0,0.0,pix
real_001_s001_2026-05-18_16-03-17-731,001,001,1,P001,wikiart_practice/practice_wikiart_001_surrealistic_gouache.jpg,129,24.778769,1779113022.511589,2.133333,198.0,22.0,2940,1912,1.112116,0.82,0.0,0.0,pix
real_001_s001_2026-05-18_16-03-17-731,001,001,1,P001,wikiart_practice/practice_wikiart_001_surrealistic_gouache.jpg,130,24.795435,1779113022.528256,2.15,198.0,22.0,2940,1912,1.112116,0.82,0.0,0.0,pix
real_001_s001_2026-05-18_16-03-17-731,001,001,1,P001,wikiart_practice/practice_wikiart_001_surrealistic_gouache.jpg,131,24.812102,1779113022.544923,2.166667,198.0,22.0,2940,1912,1.112116,0.82,0.0,0.0,pix
real_001_s001_2026-05-18_16-03-17-731,001,001,1,P001,wikiart_practice/practice_wikiart_001_surrealistic_gouache.jpg,132,24.828769,1779113022.561589,2.183333,198.0,22.0,2940,1912,1.112116,0.82,0.0,0.0,pix
real_001_s001_2026-05-18_16-03-17-731,001,001,1,P001,wikiart_practice/practice_wikiart_001_surrealistic_gouache.jpg,133,24.845435,1779113022.578256,2.2,198.0,22.0,2940,1912,1.112116,0.82,0.0,0.0,pix
real_001_s001_2026-05-18_16-03-17-731,001,001,1,P001,wikiart_practice/practice_wikiart_001_surrealistic_gouache.jpg,134,24.862102,1779113022.594923,2.216667,198.0,22.0,2940,1912,1.112116,0.82,0.0,0.0,pix
real_001_s001_2026-05-18_16-03-17-731,001,001,1,P001,wikiart_practice/practice_wikiart_001_surrealistic_gouache.jpg,135,24.878769,1779113022.611589,2.233333,198.0,22.0,2940,1912,1.112116,0.82,0.0,0.0,pix
real_001_s001_2026-05-18_16-03-17-731,001,001,1,P001,wikiart_practice/practice_wikiart_001_surrealistic_gouache.jpg,136,24.895435,1779113022.628256,2.25,198.0,22.0,2940,1912,1.112116,0.82,0.0,0.0,pix
real_001_s001_2026-05-18_16-03-17-731,001,001,1,P001,wikiart_practice/practice_wikiart_001_surrealistic_gouache.jpg,137,24.912102,1779113022.644922,2.266667,198.0,22.0,2940,1912,1.112116,0.82,0.0,0.0,pix
real_001_s001_2026-05-18_16-03-17-731,001,001,1,P001,wikiart_practice/practice_wikiart_001_surrealistic_gouache.jpg,138,24.928769,1779113022.661589,2.283333,198.0,22.0,2940,1912,1.112116,0.82,0.0,0.0,pix
real_001_s001_2026-05-18_16-03-17-731,001,001,1,P001,wikiart_practice/practice_wikiart_001_surrealistic_gouache.jpg,139,24.945435,1779113022.678256,2.3,198.0,22.0,2940,1912,1.112116,0.82,0.0,0.0,pix
real_001_s001_2026-05-18_16-03-17-731,001,001,1,P001,wikiart_practice/practice_wikiart_001_surrealistic_gouache.jpg,140,24.962102,1779113022.694922,2.316667,198.0,22.0,2940,1912,1.112116,0.82,0.0,0.0,pix
real_001_s001_2026-05-18_16-03-17-731,001,001,1,P001,wikiart_practice/practice_wikiart_001_surrealistic_gouache.jpg,141,24.978769,1779113022.711589,2.333333,198.0,22.0,2940,1912,1.112116,0.82,0.0,0.0,pix
real_001_s001_2026-05-18_16-03-17-731,001,001,1,P001,wikiart_practice/practice_wikiart_001_surrealistic_gouache.jpg,142,24.995435,1779113022.728256,2.35,198.0,22.0,2940,1912,1.112116,0.82,0.0,0.0,pix
real_001_s001_2026-05-18_16-03-17-731,001,001,1,P001,wikiart_practice/practice_wikiart_001_surrealistic_gouache.jpg,143,25.012102,1779113022.744922,2.366667,198.0,22.0,2940,1912,1.112116,0.82,0.0,0.0,pix
real_001_s001_2026-05-18_16-03-17-731,001,001,1,P001,wikiart_practice/practice_wikiart_001_surrealistic_gouache.jpg,144,25.028769,1779113022.761589,2.383333,198.0,22.0,2940,1912,1.112116,0.82,0.0,0.0,pix
real_001_s001_2026-05-18_16-03-17-731,001,001,1,P001,wikiart_practice/practice_wikiart_001_surrealistic_gouache.jpg,145,25.045435,1779113022.778256,2.4,198.0,22.0,2940,1912,1.112116,0.82,0.0,0.0,pix
real_001_s001_2026-05-18_16-03-17-731,001,001,1,P001,wikiart_practice/practice_wikiart_001_surrealistic_gouache.jpg,146,25.062102,1779113022.794923,2.416667,198.0,22.0,2940,1912,1.112116,0.82,0.0,0.0,pix
real_001_s001_2026-05-18_16-03-17-731,001,001,1,P001,wikiart_practice/practice_wikiart_001_surrealistic_gouache.jpg,147,25.078769,1779113022.811589,2.433333,198.0,22.0,2940,1912,1.112116,0.82,0.0,0.0,pix
real_001_s001_2026-05-18_16-03-17-731,001,001,1,P001,wikiart_practice/practice_wikiart_001_surrealistic_gouache.jpg,148,25.095435,1779113022.828256,2.45,198.0,22.0,2940,1912,1.112116,0.82,0.0,0.0,pix
real_001_s001_2026-05-18_16-03-17-731,001,001,1,P001,wikiart_practice/practice_wikiart_001_surrealistic_gouache.jpg,149,25.112102,1779113022.844923,2.466667,198.0,22.0,2940,1912,1.112116,0.82,0.0,0.0,pix
real_001_s001_2026-05-18_16-03-17-731,001,001,1,P001,wikiart_practice/practice_wikiart_001_surrealistic_gouache.jpg,150,25.128769,1779113022.861589,2.483333,198.0,22.0,2940,1912,1.112116,0.82,0.0,0.0,pix
real_001_s001_2026-05-18_16-03-17-731,001,001,1,P001,wikiart_practice/practice_wikiart_001_surrealistic_gouache.jpg,151,25.145435,1779113022.878256,2.5,198.0,22.0,2940,1912,1.112116,0.82,0.0,0.0,pix
real_001_s001_2026-05-18_16-03-17-731,001,001,1,P001,wikiart_practice/practice_wikiart_001_surrealistic_gouache.jpg,152,25.162102,1779113022.894922,2.516667,198.0,22.0,2940,1912,1.112116,0.82,0.0,0.0,pix
real_001_s001_2026-05-18_16-03-17-731,001,001,1,P001,wikiart_practice/practice_wikiart_001_surrealistic_gouache.jpg,153,25.178769,1779113022.911589,2.533333,198.0,22.0,2940,1912,1.112116,0.82,0.0,0.0,pix
real_001_s001_2026-05-18_16-03-17-731,001,001,1,P001,wikiart_practice/practice_wikiart_001_surrealistic_gouache.jpg,154,25.195435,1779113022.928256,2.55,198.0,22.0,2940,1912,1.112116,0.82,0.0,0.0,pix
real_001_s001_2026-05-18_16-03-17-731,001,001,1,P001,wikiart_practice/practice_wikiart_001_surrealistic_gouache.jpg,155,25.212102,1779113022.944922,2.566667,198.0,22.0,2940,1912,1.112116,0.82,0.0,0.0,pix
real_001_s001_2026-05-18_16-03-17-731,001,001,1,P001,wikiart_practice/practice_wikiart_001_surrealistic_gouache.jpg,156,25.228769,1779113022.961589,2.583333,198.0,22.0,2940,1912,1.112116,0.82,0.0,0.0,pix
real_001_s001_2026-05-18_16-03-17-731,001,001,1,P001,wikiart_practice/practice_wikiart_001_surrealistic_gouache.jpg,157,25.245435,1779113022.978256,2.6,198.0,22.0,2940,1912,1.112116,0.82,0.0,0.0,pix
real_001_s001_2026-05-18_16-03-17-731,001,001,1,P001,wikiart_practice/practice_wikiart_001_surrealistic_gouache.jpg,158,25.262102,1779113022.994922,2.616667,198.0,22.0,2940,1912,1.112116,0.82,0.0,0.0,pix
real_001_s001_2026-05-18_16-03-17-731,001,001,1,P001,wikiart_practice/practice_wikiart_001_surrealistic_gouache.jpg,159,25.278769,1779113023.011589,2.633333,198.0,22.0,2940,1912,1.112116,0.82,0.0,0.0,pix
real_001_s001_2026-05-18_16-03-17-731,001,001,1,P001,wikiart_practice/practice_wikiart_001_surrealistic_gouache.jpg,160,25.295435,1779113023.028256,2.65,198.0,22.0,2940,1912,1.112116,0.82,0.0,0.0,pix
real_001_s001_2026-05-18_16-03-17-731,001,001,1,P001,wikiart_practice/practice_wikiart_001_surrealistic_gouache.jpg,161,25.312102,1779113023.044923,2.666667,198.0,22.0,2940,1912,1.112116,0.82,0.0,0.0,pix
real_001_s001_2026-05-18_16-03-17-731,001,001,1,P001,wikiart_practice/practice_wikiart_001_surrealistic_gouache.jpg,162,25.328769,1779113023.061589,2.683333,198.0,22.0,2940,1912,1.112116,0.82,0.0,0.0,pix
real_001_s001_2026-05-18_16-03-17-731,001,001,1,P001,wikiart_practice/practice_wikiart_001_surrealistic_gouache.jpg,163,25.345435,1779113023.078256,2.7,198.0,22.0,2940,1912,1.112116,0.82,0.0,0.0,pix
real_001_s001_2026-05-18_16-03-17-731,001,001,1,P001,wikiart_practice/practice_wikiart_001_surrealistic_gouache.jpg,164,25.362102,1779113023.094923,2.716667,198.0,22.0,2940,1912,1.112116,0.82,0.0,0.0,pix
real_001_s001_2026-05-18_16-03-17-731,001,001,1,P001,wikiart_practice/practice_wikiart_001_surrealistic_gouache.jpg,165,25.378769,1779113023.111589,2.733333,198.0,22.0,2940,1912,1.112116,0.82,0.0,0.0,pix
real_001_s001_2026-05-18_16-03-17-731,001,001,1,P001,wikiart_practice/practice_wikiart_001_surrealistic_gouache.jpg,166,25.395435,1779113023.128256,2.75,198.0,22.0,2940,1912,1.112116,0.82,0.0,0.0,pix
real_001_s001_2026-05-18_16-03-17-731,001,001,1,P001,wikiart_practice/practice_wikiart_001_surrealistic_gouache.jpg,167,25.412102,1779113023.144922,2.766667,198.0,22.0,2940,1912,1.112116,0.82,0.0,0.0,pix
real_001_s001_2026-05-18_16-03-17-731,001,001,1,P001,wikiart_practice/practice_wikiart_001_surrealistic_gouache.jpg,168,25.428769,1779113023.161589,2.783333,198.0,22.0,2940,1912,1.112116,0.82,0.0,0.0,pix
real_001_s001_2026-05-18_16-03-17-731,001,001,1,P001,wikiart_practice/practice_wikiart_001_surrealistic_gouache.jpg,169,25.445435,1779113023.178256,2.8,198.0,22.0,2940,1912,1.112116,0.82,0.0,0.0,pix
real_001_s001_2026-05-18_16-03-17-731,001,001,1,P001,wikiart_practice/practice_wikiart_001_surrealistic_gouache.jpg,170,25.462102,1779113023.194922,2.816667,198.0,22.0,2940,1912,1.112116,0.82,0.0,0.0,pix
real_001_s001_2026-05-18_16-03-17-731,001,001,1,P001,wikiart_practice/practice_wikiart_001_surrealistic_gouache.jpg,171,25.478769,1779113023.211589,2.833333,198.0,22.0,2940,1912,1.112116,0.82,0.0,0.0,pix
real_001_s001_2026-05-18_16-03-17-731,001,001,1,P001,wikiart_practice/practice_wikiart_001_surrealistic_gouache.jpg,172,25.495435,1779113023.228256,2.85,198.0,22.0,2940,1912,1.112116,0.82,0.0,0.0,pix
real_001_s001_2026-05-18_16-03-17-731,001,001,1,P001,wikiart_practice/practice_wikiart_001_surrealistic_gouache.jpg,173,25.512102,1779113023.244922,2.866667,198.0,22.0,2940,1912,1.112116,0.82,0.0,0.0,pix
real_001_s001_2026-05-18_16-03-17-731,001,001,1,P001,wikiart_practice/practice_wikiart_001_surrealistic_gouache.jpg,174,25.528769,1779113023.261589,2.883333,198.0,22.0,2940,1912,1.112116,0.82,0.0,0.0,pix
real_001_s001_2026-05-18_16-03-17-731,001,001,1,P001,wikiart_practice/practice_wikiart_001_surrealistic_gouache.jpg,175,25.545435,1779113023.278256,2.9,198.0,22.0,2940,1912,1.112116,0.82,0.0,0.0,pix
real_001_s001_2026-05-18_16-03-17-731,001,001,1,P001,wikiart_practice/practice_wikiart_001_surrealistic_gouache.jpg,176,25.562102,1779113023.294923,2.916667,198.0,22.0,2940,1912,1.112116,0.82,0.0,0.0,pix
real_001_s001_2026-05-18_16-03-17-731,001,001,1,P001,wikiart_practice/practice_wikiart_001_surrealistic_gouache.jpg,177,25.578769,1779113023.311589,2.933333,198.0,22.0,2940,1912,1.112116,0.82,0.0,0.0,pix
real_001_s001_2026-05-18_16-03-17-731,001,001,1,P001,wikiart_practice/practice_wikiart_001_surrealistic_gouache.jpg,178,25.595435,1779113023.328256,2.95,198.0,22.0,2940,1912,1.112116,0.82,0.0,0.0,pix
real_001_s001_2026-05-18_16-03-17-731,001,001,1,P001,wikiart_practice/practice_wikiart_001_surrealistic_gouache.jpg,179,25.612102,1779113023.344923,2.966667,198.0,22.0,2940,1912,1.112116,0.82,0.0,0.0,pix
real_001_s001_2026-05-18_16-03-17-731,001,001,1,P001,wikiart_practice/practice_wikiart_001_surrealistic_gouache.jpg,180,25.628769,1779113023.361589,2.983333,198.0,22.0,2940,1912,1.112116,0.82,0.0,0.0,pix
real_001_s001_2026-05-18_16-03-17-731,001,001,1,P001,wikiart_practice/practice_wikiart_001_surrealistic_gouache.jpg,181,25.645435,1779113023.378256,3.0,198.0,22.0,2940,1912,1.112116,0.82,0.0,0.0,pix
real_001_s001_2026-05-18_16-03-17-731,001,001,1,P001,wikiart_practice/practice_wikiart_001_surrealistic_gouache.jpg,182,25.662102,1779113023.394922,3.016667,198.0,22.0,2940,1912,1.112116,0.82,0.0,0.0,pix
real_001_s001_2026-05-18_16-03-17-731,001,001,1,P001,wikiart_practice/practice_wikiart_001_surrealistic_gouache.jpg,183,25.678769,1779113023.411589,3.033333,198.0,22.0,2940,1912,1.112116,0.82,0.0,0.0,pix
real_001_s001_2026-05-18_16-03-17-731,001,001,1,P001,wikiart_practice/practice_wikiart_001_surrealistic_gouache.jpg,184,25.695435,1779113023.428256,3.05,198.0,22.0,2940,1912,1.112116,0.82,0.0,0.0,pix
real_001_s001_2026-05-18_16-03-17-731,001,001,1,P001,wikiart_practice/practice_wikiart_001_surrealistic_gouache.jpg,185,25.712102,1779113023.444922,3.066667,198.0,22.0,2940,1912,1.112116,0.82,0.0,0.0,pix
real_001_s001_2026-05-18_16-03-17-731,001,001,1,P001,wikiart_practice/practice_wikiart_001_surrealistic_gouache.jpg,186,25.728769,1779113023.461589,3.083333,198.0,22.0,2940,1912,1.112116,0.82,0.0,0.0,pix
real_001_s001_2026-05-18_16-03-17-731,001,001,1,P001,wikiart_practice/practice_wikiart_001_surrealistic_gouache.jpg,187,25.745435,1779113023.478256,3.1,198.0,22.0,2940,1912,1.112116,0.82,0.0,0.0,pix
real_001_s001_2026-05-18_16-03-17-731,001,001,1,P001,wikiart_practice/practice_wikiart_001_surrealistic_gouache.jpg,188,25.762102,1779113023.494922,3.116667,198.0,22.0,2940,1912,1.112116,0.82,0.0,0.0,pix
real_001_s001_2026-05-18_16-03-17-731,001,001,1,P001,wikiart_practice/practice_wikiart_001_surrealistic_gouache.jpg,189,25.778769,1779113023.511589,3.133333,198.0,22.0,2940,1912,1.112116,0.82,0.0,0.0,pix
real_001_s001_2026-05-18_16-03-17-731,001,001,1,P001,wikiart_practice/practice_wikiart_001_surrealistic_gouache.jpg,190,25.795435,1779113023.528256,3.15,198.0,22.0,2940,1912,1.112116,0.82,0.0,0.0,pix
real_001_s001_2026-05-18_16-03-17-731,001,001,1,P001,wikiart_practice/practice_wikiart_001_surrealistic_gouache.jpg,191,25.812102,1779113023.544923,3.166667,198.0,22.0,2940,1912,1.112116,0.82,0.0,0.0,pix
real_001_s001_2026-05-18_16-03-17-731,001,001,1,P001,wikiart_practice/practice_wikiart_001_surrealistic_gouache.jpg,192,25.828769,1779113023.561589,3.183333,198.0,22.0,2940,1912,1.112116,0.82,0.0,0.0,pix
real_001_s001_2026-05-18_16-03-17-731,001,001,1,P001,wikiart_practice/practice_wikiart_001_surrealistic_gouache.jpg,193,25.845435,1779113023.578256,3.2,198.0,22.0,2940,1912,1.112116,0.82,0.0,0.0,pix
real_001_s001_2026-05-18_16-03-17-731,001,001,1,P001,wikiart_practice/practice_wikiart_001_surrealistic_gouache.jpg,194,25.862102,1779113023.594923,3.216667,198.0,22.0,2940,1912,1.112116,0.82,0.0,0.0,pix
real_001_s001_2026-05-18_16-03-17-731,001,001,1,P001,wikiart_practice/practice_wikiart_001_surrealistic_gouache.jpg,195,25.878769,1779113023.611589,3.233333,198.0,22.0,2940,1912,1.112116,0.82,0.0,0.0,pix
real_001_s001_2026-05-18_16-03-17-731,001,001,1,P001,wikiart_practice/practice_wikiart_001_surrealistic_gouache.jpg,196,25.895435,1779113023.628256,3.25,198.0,22.0,2940,1912,1.112116,0.82,0.0,0.0,pix
real_001_s001_2026-05-18_16-03-17-731,001,001,1,P001,wikiart_practice/practice_wikiart_001_surrealistic_gouache.jpg,197,25.912102,1779113023.644922,3.266667,198.0,22.0,2940,1912,1.112116,0.82,0.0,0.0,pix
real_001_s001_2026-05-18_16-03-17-731,001,001,1,P001,wikiart_practice/practice_wikiart_001_surrealistic_gouache.jpg,198,25.928769,1779113023.661589,3.283333,198.0,22.0,2940,1912,1.112116,0.82,0.0,0.0,pix
real_001_s001_2026-05-18_16-03-17-731,001,001,1,P001,wikiart_practice/practice_wikiart_001_surrealistic_gouache.jpg,199,25.945435,1779113023.678256,3.3,198.0,22.0,2940,1912,1.112116,0.82,0.0,0.0,pix
real_001_s001_2026-05-18_16-03-17-731,001,001,1,P001,wikiart_practice/practice_wikiart_001_surrealistic_gouache.jpg,200,25.962102,1779113023.694922,3.316667,198.0,22.0,2940,1912,1.112116,0.82,0.0,0.0,pix
real_001_s001_2026-05-18_16-03-17-731,001,001,1,P001,wikiart_practice/practice_wikiart_001_surrealistic_gouache.jpg,201,25.978769,1779113023.711589,3.333333,198.0,22.0,2940,1912,1.112116,0.82,0.0,0.0,pix
real_001_s001_2026-05-18_16-03-17-731,001,001,1,P001,wikiart_practice/practice_wikiart_001_surrealistic_gouache.jpg,202,25.995435,1779113023.728256,3.35,198.0,22.0,2940,1912,1.112116,0.82,0.0,0.0,pix
real_001_s001_2026-05-18_16-03-17-731,001,001,1,P001,wikiart_practice/practice_wikiart_001_surrealistic_gouache.jpg,203,26.012102,1779113023.744922,3.366667,198.0,22.0,2940,1912,1.112116,0.82,0.0,0.0,pix
real_001_s001_2026-05-18_16-03-17-731,001,001,1,P001,wikiart_practice/practice_wikiart_001_surrealistic_gouache.jpg,204,26.028769,1779113023.761589,3.383333,198.0,22.0,2940,1912,1.112116,0.82,0.0,0.0,pix
real_001_s001_2026-05-18_16-03-17-731,001,001,1,P001,wikiart_practice/practice_wikiart_001_surrealistic_gouache.jpg,205,26.045435,1779113023.778256,3.4,198.0,22.0,2940,1912,1.112116,0.82,0.0,0.0,pix
real_001_s001_2026-05-18_16-03-17-731,001,001,1,P001,wikiart_practice/practice_wikiart_001_surrealistic_gouache.jpg,206,26.062102,1779113023.794923,3.416667,198.0,22.0,2940,1912,1.112116,0.82,0.0,0.0,pix
real_001_s001_2026-05-18_16-03-17-731,001,001,1,P001,wikiart_practice/practice_wikiart_001_surrealistic_gouache.jpg,207,26.078769,1779113023.811589,3.433333,198.0,22.0,2940,1912,1.112116,0.82,0.0,0.0,pix
real_001_s001_2026-05-18_16-03-17-731,001,001,1,P001,wikiart_practice/practice_wikiart_001_surrealistic_gouache.jpg,208,26.095435,1779113023.828256,3.45,198.0,22.0,2940,1912,1.112116,0.82,0.0,0.0,pix
real_001_s001_2026-05-18_16-03-17-731,001,001,1,P001,wikiart_practice/practice_wikiart_001_surrealistic_gouache.jpg,209,26.112102,1779113023.844923,3.466667,198.0,22.0,2940,1912,1.112116,0.82,0.0,0.0,pix
real_001_s001_2026-05-18_16-03-17-731,001,001,1,P001,wikiart_practice/practice_wikiart_001_surrealistic_gouache.jpg,210,26.128769,1779113023.861589,3.483333,198.0,22.0,2940,1912,1.112116,0.82,0.0,0.0,pix
real_001_s001_2026-05-18_16-03-17-731,001,001,1,P001,wikiart_practice/practice_wikiart_001_surrealistic_gouache.jpg,211,26.145435,1779113023.878256,3.5,198.0,22.0,2940,1912,1.112116,0.82,0.0,0.0,pix
real_001_s001_2026-05-18_16-03-17-731,001,001,1,P001,wikiart_practice/practice_wikiart_001_surrealistic_gouache.jpg,212,26.162102,1779113023.894922,3.516667,198.0,22.0,2940,1912,1.112116,0.82,0.0,0.0,pix
real_001_s001_2026-05-18_16-03-17-731,001,001,1,P001,wikiart_practice/practice_wikiart_001_surrealistic_gouache.jpg,213,26.178769,1779113023.911589,3.533333,198.0,22.0,2940,1912,1.112116,0.82,0.0,0.0,pix
real_001_s001_2026-05-18_16-03-17-731,001,001,1,P001,wikiart_practice/practice_wikiart_001_surrealistic_gouache.jpg,214,26.195435,1779113023.928256,3.55,198.0,22.0,2940,1912,1.112116,0.82,0.0,0.0,pix
real_001_s001_2026-05-18_16-03-17-731,001,001,1,P001,wikiart_practice/practice_wikiart_001_surrealistic_gouache.jpg,215,26.212102,1779113023.944922,3.566667,198.0,22.0,2940,1912,1.112116,0.82,0.0,0.0,pix
real_001_s001_2026-05-18_16-03-17-731,001,001,1,P001,wikiart_practice/practice_wikiart_001_surrealistic_gouache.jpg,216,26.228769,1779113023.961589,3.583333,198.0,22.0,2940,1912,1.112116,0.82,0.0,0.0,pix
real_001_s001_2026-05-18_16-03-17-731,001,001,1,P001,wikiart_practice/practice_wikiart_001_surrealistic_gouache.jpg,217,26.245435,1779113023.978256,3.6,198.0,22.0,2940,1912,1.112116,0.82,0.0,0.0,pix
real_001_s001_2026-05-18_16-03-17-731,001,001,1,P001,wikiart_practice/practice_wikiart_001_surrealistic_gouache.jpg,218,26.262102,1779113023.994922,3.616667,198.0,22.0,2940,1912,1.112116,0.82,0.0,0.0,pix
real_001_s001_2026-05-18_16-03-17-731,001,001,1,P001,wikiart_practice/practice_wikiart_001_surrealistic_gouache.jpg,219,26.278769,1779113024.011589,3.633333,198.0,22.0,2940,1912,1.112116,0.82,0.0,0.0,pix
real_001_s001_2026-05-18_16-03-17-731,001,001,1,P001,wikiart_practice/practice_wikiart_001_surrealistic_gouache.jpg,220,26.295435,1779113024.028256,3.65,198.0,22.0,2940,1912,1.112116,0.82,0.0,0.0,pix
real_001_s001_2026-05-18_16-03-17-731,001,001,1,P001,wikiart_practice/practice_wikiart_001_surrealistic_gouache.jpg,221,26.312102,1779113024.044923,3.666667,198.0,22.0,2940,1912,1.112116,0.82,0.0,0.0,pix
real_001_s001_2026-05-18_16-03-17-731,001,001,1,P001,wikiart_practice/practice_wikiart_001_surrealistic_gouache.jpg,222,26.328769,1779113024.061589,3.683333,198.0,22.0,2940,1912,1.112116,0.82,0.0,0.0,pix
real_001_s001_2026-05-18_16-03-17-731,001,001,1,P001,wikiart_practice/practice_wikiart_001_surrealistic_gouache.jpg,223,26.345435,1779113024.078256,3.7,198.0,22.0,2940,1912,1.112116,0.82,0.0,0.0,pix
real_001_s001_2026-05-18_16-03-17-731,001,001,1,P001,wikiart_practice/practice_wikiart_001_surrealistic_gouache.jpg,224,26.362102,1779113024.094923,3.716667,198.0,22.0,2940,1912,1.112116,0.82,0.0,0.0,pix
real_001_s001_2026-05-18_16-03-17-731,001,001,1,P001,wikiart_practice/practice_wikiart_001_surrealistic_gouache.jpg,225,26.378769,1779113024.111589,3.733333,198.0,22.0,2940,1912,1.112116,0.82,0.0,0.0,pix
real_001_s001_2026-05-18_16-03-17-731,001,001,1,P001,wikiart_practice/practice_wikiart_001_surrealistic_gouache.jpg,226,26.395435,1779113024.128256,3.75,198.0,22.0,2940,1912,1.112116,0.82,0.0,0.0,pix
real_001_s001_2026-05-18_16-03-17-731,001,001,1,P001,wikiart_practice/practice_wikiart_001_surrealistic_gouache.jpg,227,26.412102,1779113024.144922,3.766667,198.0,22.0,2940,1912,1.112116,0.82,0.0,0.0,pix
real_001_s001_2026-05-18_16-03-17-731,001,001,1,P001,wikiart_practice/practice_wikiart_001_surrealistic_gouache.jpg,228,26.428769,1779113024.161589,3.783333,198.0,22.0,2940,1912,1.112116,0.82,0.0,0.0,pix
real_001_s001_2026-05-18_16-03-17-731,001,001,1,P001,wikiart_practice/practice_wikiart_001_surrealistic_gouache.jpg,229,26.445435,1779113024.178256,3.8,198.0,22.0,2940,1912,1.112116,0.82,0.0,0.0,pix
real_001_s001_2026-05-18_16-03-17-731,001,001,1,P001,wikiart_practice/practice_wikiart_001_surrealistic_gouache.jpg,230,26.462102,1779113024.194922,3.816667,198.0,22.0,2940,1912,1.112116,0.82,0.0,0.0,pix
real_001_s001_2026-05-18_16-03-17-731,001,001,1,P001,wikiart_practice/practice_wikiart_001_surrealistic_gouache.jpg,231,26.478769,1779113024.211589,3.833333,198.0,22.0,2940,1912,1.112116,0.82,0.0,0.0,pix
real_001_s001_2026-05-18_16-03-17-731,001,001,1,P001,wikiart_practice/practice_wikiart_001_surrealistic_gouache.jpg,232,26.495435,1779113024.228256,3.85,198.0,22.0,2940,1912,1.112116,0.82,0.0,0.0,pix
real_001_s001_2026-05-18_16-03-17-731,001,001,1,P001,wikiart_practice/practice_wikiart_001_surrealistic_gouache.jpg,233,26.512102,1779113024.244922,3.866667,198.0,22.0,2940,1912,1.112116,0.82,0.0,0.0,pix
real_001_s001_2026-05-18_16-03-17-731,001,001,1,P001,wikiart_practice/practice_wikiart_001_surrealistic_gouache.jpg,234,26.528769,1779113024.261589,3.883333,198.0,22.0,2940,1912,1.112116,0.82,0.0,0.0,pix
real_001_s001_2026-05-18_16-03-17-731,001,001,1,P001,wikiart_practice/practice_wikiart_001_surrealistic_gouache.jpg,235,26.545435,1779113024.278256,3.9,198.0,22.0,2940,1912,1.112116,0.82,0.0,0.0,pix
real_001_s001_2026-05-18_16-03-17-731,001,001,1,P001,wikiart_practice/practice_wikiart_001_surrealistic_gouache.jpg,236,26.562102,1779113024.294923,3.916667,198.0,22.0,2940,1912,1.112116,0.82,0.0,0.0,pix
real_001_s001_2026-05-18_16-03-17-731,001,001,1,P001,wikiart_practice/practice_wikiart_001_surrealistic_gouache.jpg,237,26.578769,1779113024.311589,3.933333,198.0,22.0,2940,1912,1.112116,0.82,0.0,0.0,pix
real_001_s001_2026-05-18_16-03-17-731,001,001,1,P001,wikiart_practice/practice_wikiart_001_surrealistic_gouache.jpg,238,26.595435,1779113024.328256,3.95,198.0,22.0,2940,1912,1.112116,0.82,0.0,0.0,pix
real_001_s001_2026-05-18_16-03-17-731,001,001,1,P001,wikiart_practice/practice_wikiart_001_surrealistic_gouache.jpg,239,26.612102,1779113024.344923,3.966667,198.0,22.0,2940,1912,1.112116,0.82,0.0,0.0,pix
real_001_s001_2026-05-18_16-03-17-731,001,001,1,P001,wikiart_practice/practice_wikiart_001_surrealistic_gouache.jpg,240,26.628769,1779113024.361589,3.983333,198.0,22.0,2940,1912,1.112116,0.82,0.0,0.0,pix
real_001_s001_2026-05-18_16-03-17-731,001,001,1,P001,wikiart_practice/practice_wikiart_001_surrealistic_gouache.jpg,241,26.645435,1779113024.378256,4.0,198.0,22.0,2940,1912,1.112116,0.82,0.0,0.0,pix
real_001_s001_2026-05-18_16-03-17-731,001,001,1,P001,wikiart_practice/practice_wikiart_001_surrealistic_gouache.jpg,242,26.662102,1779113024.394922,4.016667,198.0,22.0,2940,1912,1.112116,0.82,0.0,0.0,pix
real_001_s001_2026-05-18_16-03-17-731,001,001,1,P001,wikiart_practice/practice_wikiart_001_surrealistic_gouache.jpg,243,26.678769,1779113024.411589,4.033333,198.0,22.0,2940,1912,1.112116,0.82,0.0,0.0,pix
real_001_s001_2026-05-18_16-03-17-731,001,001,1,P001,wikiart_practice/practice_wikiart_001_surrealistic_gouache.jpg,244,26.695435,1779113024.428256,4.05,198.0,22.0,2940,1912,1.112116,0.82,0.0,0.0,pix
real_001_s001_2026-05-18_16-03-17-731,001,001,1,P001,wikiart_practice/practice_wikiart_001_surrealistic_gouache.jpg,245,26.712102,1779113024.444922,4.066667,198.0,22.0,2940,1912,1.112116,0.82,0.0,0.0,pix
real_001_s001_2026-05-18_16-03-17-731,001,001,1,P001,wikiart_practice/practice_wikiart_001_surrealistic_gouache.jpg,246,26.728769,1779113024.461589,4.083333,198.0,22.0,2940,1912,1.112116,0.82,0.0,0.0,pix
real_001_s001_2026-05-18_16-03-17-731,001,001,1,P001,wikiart_practice/practice_wikiart_001_surrealistic_gouache.jpg,247,26.745435,1779113024.478256,4.1,198.0,22.0,2940,1912,1.112116,0.82,0.0,0.0,pix
real_001_s001_2026-05-18_16-03-17-731,001,001,1,P001,wikiart_practice/practice_wikiart_001_surrealistic_gouache.jpg,248,26.762102,1779113024.494922,4.116667,198.0,22.0,2940,1912,1.112116,0.82,0.0,0.0,pix
real_001_s001_2026-05-18_16-03-17-731,001,001,1,P001,wikiart_practice/practice_wikiart_001_surrealistic_gouache.jpg,249,26.778769,1779113024.511589,4.133333,198.0,22.0,2940,1912,1.112116,0.82,0.0,0.0,pix
real_001_s001_2026-05-18_16-03-17-731,001,001,1,P001,wikiart_practice/practice_wikiart_001_surrealistic_gouache.jpg,250,26.795435,1779113024.528256,4.15,198.0,22.0,2940,1912,1.112116,0.82,0.0,0.0,pix
real_001_s001_2026-05-18_16-03-17-731,001,001,1,P001,wikiart_practice/practice_wikiart_001_surrealistic_gouache.jpg,251,26.812102,1779113024.544923,4.166667,198.0,22.0,2940,1912,1.112116,0.82,0.0,0.0,pix
real_001_s001_2026-05-18_16-03-17-731,001,001,1,P001,wikiart_practice/practice_wikiart_001_surrealistic_gouache.jpg,252,26.828769,1779113024.561589,4.183333,198.0,22.0,2940,1912,1.112116,0.82,0.0,0.0,pix
real_001_s001_2026-05-18_16-03-17-731,001,001,1,P001,wikiart_practice/practice_wikiart_001_surrealistic_gouache.jpg,253,26.845435,1779113024.578256,4.2,198.0,22.0,2940,1912,1.112116,0.82,0.0,0.0,pix
real_001_s001_2026-05-18_16-03-17-731,001,001,1,P001,wikiart_practice/practice_wikiart_001_surrealistic_gouache.jpg,254,26.862102,1779113024.594923,4.216667,198.0,22.0,2940,1912,1.112116,0.82,0.0,0.0,pix
real_001_s001_2026-05-18_16-03-17-731,001,001,1,P001,wikiart_practice/practice_wikiart_001_surrealistic_gouache.jpg,255,26.878769,1779113024.611589,4.233333,198.0,22.0,2940,1912,1.112116,0.82,0.0,0.0,pix
real_001_s001_2026-05-18_16-03-17-731,001,001,1,P001,wikiart_practice/practice_wikiart_001_surrealistic_gouache.jpg,256,26.895435,1779113024.628256,4.25,198.0,22.0,2940,1912,1.112116,0.82,0.0,0.0,pix
real_001_s001_2026-05-18_16-03-17-731,001,001,1,P001,wikiart_practice/practice_wikiart_001_surrealistic_gouache.jpg,257,26.912102,1779113024.644922,4.266667,198.0,22.0,2940,1912,1.112116,0.82,0.0,0.0,pix
real_001_s001_2026-05-18_16-03-17-731,001,001,1,P001,wikiart_practice/practice_wikiart_001_surrealistic_gouache.jpg,258,26.928769,1779113024.661589,4.283333,198.0,22.0,2940,1912,1.112116,0.82,0.0,0.0,pix
real_001_s001_2026-05-18_16-03-17-731,001,001,1,P001,wikiart_practice/practice_wikiart_001_surrealistic_gouache.jpg,259,26.945435,1779113024.678256,4.3,198.0,22.0,2940,1912,1.112116,0.82,0.0,0.0,pix
real_001_s001_2026-05-18_16-03-17-731,001,001,1,P001,wikiart_practice/practice_wikiart_001_surrealistic_gouache.jpg,260,26.962102,1779113024.694922,4.316667,198.0,22.0,2940,1912,1.112116,0.82,0.0,0.0,pix
real_001_s001_2026-05-18_16-03-17-731,001,001,1,P001,wikiart_practice/practice_wikiart_001_surrealistic_gouache.jpg,261,26.978769,1779113024.711589,4.333333,198.0,22.0,2940,1912,1.112116,0.82,0.0,0.0,pix
real_001_s001_2026-05-18_16-03-17-731,001,001,1,P001,wikiart_practice/practice_wikiart_001_surrealistic_gouache.jpg,262,26.995435,1779113024.728256,4.35,198.0,22.0,2940,1912,1.112116,0.82,0.0,0.0,pix
real_001_s001_2026-05-18_16-03-17-731,001,001,1,P001,wikiart_practice/practice_wikiart_001_surrealistic_gouache.jpg,263,27.012102,1779113024.744922,4.366667,198.0,22.0,2940,1912,1.112116,0.82,0.0,0.0,pix
real_001_s001_2026-05-18_16-03-17-731,001,001,1,P001,wikiart_practice/practice_wikiart_001_surrealistic_gouache.jpg,264,27.028769,1779113024.761589,4.383333,198.0,22.0,2940,1912,1.112116,0.82,0.0,0.0,pix
real_001_s001_2026-05-18_16-03-17-731,001,001,1,P001,wikiart_practice/practice_wikiart_001_surrealistic_gouache.jpg,265,27.045435,1779113024.778256,4.4,198.0,22.0,2940,1912,1.112116,0.82,0.0,0.0,pix
real_001_s001_2026-05-18_16-03-17-731,001,001,1,P001,wikiart_practice/practice_wikiart_001_surrealistic_gouache.jpg,266,27.062102,1779113024.794923,4.416667,198.0,22.0,2940,1912,1.112116,0.82,0.0,0.0,pix
real_001_s001_2026-05-18_16-03-17-731,001,001,1,P001,wikiart_practice/practice_wikiart_001_surrealistic_gouache.jpg,267,27.078769,1779113024.811589,4.433333,198.0,22.0,2940,1912,1.112116,0.82,0.0,0.0,pix
real_001_s001_2026-05-18_16-03-17-731,001,001,1,P001,wikiart_practice/practice_wikiart_001_surrealistic_gouache.jpg,268,27.095435,1779113024.828256,4.45,198.0,22.0,2940,1912,1.112116,0.82,0.0,0.0,pix
real_001_s001_2026-05-18_16-03-17-731,001,001,1,P001,wikiart_practice/practice_wikiart_001_surrealistic_gouache.jpg,269,27.112102,1779113024.844923,4.466667,198.0,22.0,2940,1912,1.112116,0.82,0.0,0.0,pix
real_001_s001_2026-05-18_16-03-17-731,001,001,1,P001,wikiart_practice/practice_wikiart_001_surrealistic_gouache.jpg,270,27.128769,1779113024.861589,4.483333,198.0,22.0,2940,1912,1.112116,0.82,0.0,0.0,pix
real_001_s001_2026-05-18_16-03-17-731,001,001,1,P001,wikiart_practice/practice_wikiart_001_surrealistic_gouache.jpg,271,27.145435,1779113024.878256,4.5,198.0,22.0,2940,1912,1.112116,0.82,0.0,0.0,pix
real_001_s001_2026-05-18_16-03-17-731,001,001,1,P001,wikiart_practice/practice_wikiart_001_surrealistic_gouache.jpg,272,27.162102,1779113024.894922,4.516667,198.0,22.0,2940,1912,1.112116,0.82,0.0,0.0,pix
real_001_s001_2026-05-18_16-03-17-731,001,001,1,P001,wikiart_practice/practice_wikiart_001_surrealistic_gouache.jpg,273,27.178769,1779113024.911589,4.533333,198.0,22.0,2940,1912,1.112116,0.82,0.0,0.0,pix
real_001_s001_2026-05-18_16-03-17-731,001,001,1,P001,wikiart_practice/practice_wikiart_001_surrealistic_gouache.jpg,274,27.195435,1779113024.928256,4.55,198.0,22.0,2940,1912,1.112116,0.82,0.0,0.0,pix
real_001_s001_2026-05-18_16-03-17-731,001,001,1,P001,wikiart_practice/practice_wikiart_001_surrealistic_gouache.jpg,275,27.212102,1779113024.944922,4.566667,198.0,22.0,2940,1912,1.112116,0.82,0.0,0.0,pix
real_001_s001_2026-05-18_16-03-17-731,001,001,1,P001,wikiart_practice/practice_wikiart_001_surrealistic_gouache.jpg,276,27.228769,1779113024.961589,4.583333,198.0,22.0,2940,1912,1.112116,0.82,0.0,0.0,pix
real_001_s001_2026-05-18_16-03-17-731,001,001,1,P001,wikiart_practice/practice_wikiart_001_surrealistic_gouache.jpg,277,27.245435,1779113024.978256,4.6,198.0,22.0,2940,1912,1.112116,0.82,0.0,0.0,pix
real_001_s001_2026-05-18_16-03-17-731,001,001,1,P001,wikiart_practice/practice_wikiart_001_surrealistic_gouache.jpg,278,27.262102,1779113024.994922,4.616667,198.0,22.0,2940,1912,1.112116,0.82,0.0,0.0,pix
real_001_s001_2026-05-18_16-03-17-731,001,001,1,P001,wikiart_practice/practice_wikiart_001_surrealistic_gouache.jpg,279,27.278769,1779113025.011589,4.633333,198.0,22.0,2940,1912,1.112116,0.82,0.0,0.0,pix
real_001_s001_2026-05-18_16-03-17-731,001,001,1,P001,wikiart_practice/practice_wikiart_001_surrealistic_gouache.jpg,280,27.295435,1779113025.028256,4.65,198.0,22.0,2940,1912,1.112116,0.82,0.0,0.0,pix
real_001_s001_2026-05-18_16-03-17-731,001,001,1,P001,wikiart_practice/practice_wikiart_001_surrealistic_gouache.jpg,281,27.312102,1779113025.044923,4.666667,198.0,22.0,2940,1912,1.112116,0.82,0.0,0.0,pix
real_001_s001_2026-05-18_16-03-17-731,001,001,1,P001,wikiart_practice/practice_wikiart_001_surrealistic_gouache.jpg,282,27.328769,1779113025.061589,4.683333,198.0,22.0,2940,1912,1.112116,0.82,0.0,0.0,pix
real_001_s001_2026-05-18_16-03-17-731,001,001,1,P001,wikiart_practice/practice_wikiart_001_surrealistic_gouache.jpg,283,27.345435,1779113025.078256,4.7,198.0,22.0,2940,1912,1.112116,0.82,0.0,0.0,pix
real_001_s001_2026-05-18_16-03-17-731,001,001,1,P001,wikiart_practice/practice_wikiart_001_surrealistic_gouache.jpg,284,27.362102,1779113025.094923,4.716667,198.0,22.0,2940,1912,1.112116,0.82,0.0,0.0,pix
real_001_s001_2026-05-18_16-03-17-731,001,001,1,P001,wikiart_practice/practice_wikiart_001_surrealistic_gouache.jpg,285,27.378769,1779113025.111589,4.733333,198.0,22.0,2940,1912,1.112116,0.82,0.0,0.0,pix
real_001_s001_2026-05-18_16-03-17-731,001,001,1,P001,wikiart_practice/practice_wikiart_001_surrealistic_gouache.jpg,286,27.395435,1779113025.128256,4.75,198.0,22.0,2940,1912,1.112116,0.82,0.0,0.0,pix
real_001_s001_2026-05-18_16-03-17-731,001,001,1,P001,wikiart_practice/practice_wikiart_001_surrealistic_gouache.jpg,287,27.412102,1779113025.144922,4.766667,198.0,22.0,2940,1912,1.112116,0.82,0.0,0.0,pix
real_001_s001_2026-05-18_16-03-17-731,001,001,1,P001,wikiart_practice/practice_wikiart_001_surrealistic_gouache.jpg,288,27.428769,1779113025.161589,4.783333,198.0,22.0,2940,1912,1.112116,0.82,0.0,0.0,pix
real_001_s001_2026-05-18_16-03-17-731,001,001,1,P001,wikiart_practice/practice_wikiart_001_surrealistic_gouache.jpg,289,27.445435,1779113025.178256,4.8,198.0,22.0,2940,1912,1.112116,0.82,0.0,0.0,pix
real_001_s001_2026-05-18_16-03-17-731,001,001,1,P001,wikiart_practice/practice_wikiart_001_surrealistic_gouache.jpg,290,27.462102,1779113025.194922,4.816667,198.0,22.0,2940,1912,1.112116,0.82,0.0,0.0,pix
real_001_s001_2026-05-18_16-03-17-731,001,001,1,P001,wikiart_practice/practice_wikiart_001_surrealistic_gouache.jpg,291,27.478769,1779113025.211589,4.833333,198.0,22.0,2940,1912,1.112116,0.82,0.0,0.0,pix
real_001_s001_2026-05-18_16-03-17-731,001,001,1,P001,wikiart_practice/practice_wikiart_001_surrealistic_gouache.jpg,292,27.495435,1779113025.228256,4.85,198.0,22.0,2940,1912,1.112116,0.82,0.0,0.0,pix
real_001_s001_2026-05-18_16-03-17-731,001,001,1,P001,wikiart_practice/practice_wikiart_001_surrealistic_gouache.jpg,293,27.512102,1779113025.244922,4.866667,198.0,22.0,2940,1912,1.112116,0.82,0.0,0.0,pix
real_001_s001_2026-05-18_16-03-17-731,001,001,1,P001,wikiart_practice/practice_wikiart_001_surrealistic_gouache.jpg,294,27.528769,1779113025.261589,4.883333,198.0,22.0,2940,1912,1.112116,0.82,0.0,0.0,pix
real_001_s001_2026-05-18_16-03-17-731,001,001,1,P001,wikiart_practice/practice_wikiart_001_surrealistic_gouache.jpg,295,27.545435,1779113025.278256,4.9,198.0,22.0,2940,1912,1.112116,0.82,0.0,0.0,pix
real_001_s001_2026-05-18_16-03-17-731,001,001,1,P001,wikiart_practice/practice_wikiart_001_surrealistic_gouache.jpg,296,27.562102,1779113025.294923,4.916667,198.0,22.0,2940,1912,1.112116,0.82,0.0,0.0,pix
real_001_s001_2026-05-18_16-03-17-731,001,001,1,P001,wikiart_practice/practice_wikiart_001_surrealistic_gouache.jpg,297,27.578769,1779113025.311589,4.933333,198.0,22.0,2940,1912,1.112116,0.82,0.0,0.0,pix
real_001_s001_2026-05-18_16-03-17-731,001,001,1,P001,wikiart_practice/practice_wikiart_001_surrealistic_gouache.jpg,298,27.595435,1779113025.328256,4.95,198.0,22.0,2940,1912,1.112116,0.82,0.0,0.0,pix
real_001_s001_2026-05-18_16-03-17-731,001,001,1,P001,wikiart_practice/practice_wikiart_001_surrealistic_gouache.jpg,299,27.612102,1779113025.344923,4.966667,198.0,22.0,2940,1912,1.112116,0.82,0.0,0.0,pix
real_001_s001_2026-05-18_16-03-17-731,001,001,1,P001,wikiart_practice/practice_wikiart_001_surrealistic_gouache.jpg,300,27.628769,1779113025.361589,4.983333,198.0,22.0,2940,1912,1.112116,0.82,0.0,0.0,pix
real_001_s001_2026-05-18_16-03-17-731,001,001,1,P001,wikiart_practice/practice_wikiart_001_surrealistic_gouache.jpg,301,27.645435,1779113025.378256,5.0,198.0,22.0,2940,1912,1.112116,0.82,0.0,0.0,pix
real_001_s001_2026-05-18_16-03-17-731,001,001,1,P001,wikiart_practice/practice_wikiart_001_surrealistic_gouache.jpg,302,27.662102,1779113025.394922,5.016667,198.0,22.0,2940,1912,1.112116,0.82,0.0,0.0,pix
real_001_s001_2026-05-18_16-03-17-731,001,001,1,P001,wikiart_practice/practice_wikiart_001_surrealistic_gouache.jpg,303,27.678769,1779113025.411589,5.033333,198.0,22.0,2940,1912,1.112116,0.82,0.0,0.0,pix
real_001_s001_2026-05-18_16-03-17-731,001,001,1,P001,wikiart_practice/practice_wikiart_001_surrealistic_gouache.jpg,304,27.695435,1779113025.428256,5.05,198.0,22.0,2940,1912,1.112116,0.82,0.0,0.0,pix
real_001_s001_2026-05-18_16-03-17-731,001,001,1,P001,wikiart_practice/practice_wikiart_001_surrealistic_gouache.jpg,305,27.712102,1779113025.444922,5.066667,198.0,22.0,2940,1912,1.112116,0.82,0.0,0.0,pix
real_001_s001_2026-05-18_16-03-17-731,001,001,1,P001,wikiart_practice/practice_wikiart_001_surrealistic_gouache.jpg,306,27.728769,1779113025.461589,5.083333,198.0,22.0,2940,1912,1.112116,0.82,0.0,0.0,pix
real_001_s001_2026-05-18_16-03-17-731,001,001,1,P001,wikiart_practice/practice_wikiart_001_surrealistic_gouache.jpg,307,27.745435,1779113025.478256,5.1,198.0,22.0,2940,1912,1.112116,0.82,0.0,0.0,pix
real_001_s001_2026-05-18_16-03-17-731,001,001,1,P001,wikiart_practice/practice_wikiart_001_surrealistic_gouache.jpg,308,27.762102,1779113025.494922,5.116667,198.0,22.0,2940,1912,1.112116,0.82,0.0,0.0,pix
real_001_s001_2026-05-18_16-03-17-731,001,001,1,P001,wikiart_practice/practice_wikiart_001_surrealistic_gouache.jpg,309,27.778769,1779113025.511589,5.133333,198.0,22.0,2940,1912,1.112116,0.82,0.0,0.0,pix
real_001_s001_2026-05-18_16-03-17-731,001,001,1,P001,wikiart_practice/practice_wikiart_001_surrealistic_gouache.jpg,310,27.795435,1779113025.528256,5.15,198.0,22.0,2940,1912,1.112116,0.82,0.0,0.0,pix
real_001_s001_2026-05-18_16-03-17-731,001,001,1,P001,wikiart_practice/practice_wikiart_001_surrealistic_gouache.jpg,311,27.812102,1779113025.544923,5.166667,198.0,22.0,2940,1912,1.112116,0.82,0.0,0.0,pix
real_001_s001_2026-05-18_16-03-17-731,001,001,1,P001,wikiart_practice/practice_wikiart_001_surrealistic_gouache.jpg,312,27.828769,1779113025.561589,5.183333,198.0,22.0,2940,1912,1.112116,0.82,0.0,0.0,pix
real_001_s001_2026-05-18_16-03-17-731,001,001,1,P001,wikiart_practice/practice_wikiart_001_surrealistic_gouache.jpg,313,27.845435,1779113025.578256,5.2,198.0,22.0,2940,1912,1.112116,0.82,0.0,0.0,pix
real_001_s001_2026-05-18_16-03-17-731,001,001,1,P001,wikiart_practice/practice_wikiart_001_surrealistic_gouache.jpg,314,27.862102,1779113025.594923,5.216667,198.0,22.0,2940,1912,1.112116,0.82,0.0,0.0,pix
real_001_s001_2026-05-18_16-03-17-731,001,001,1,P001,wikiart_practice/practice_wikiart_001_surrealistic_gouache.jpg,315,27.878769,1779113025.611589,5.233333,198.0,22.0,2940,1912,1.112116,0.82,0.0,0.0,pix
real_001_s001_2026-05-18_16-03-17-731,001,001,1,P001,wikiart_practice/practice_wikiart_001_surrealistic_gouache.jpg,316,27.895435,1779113025.628256,5.25,198.0,22.0,2940,1912,1.112116,0.82,0.0,0.0,pix
real_001_s001_2026-05-18_16-03-17-731,001,001,1,P001,wikiart_practice/practice_wikiart_001_surrealistic_gouache.jpg,317,27.912102,1779113025.644922,5.266667,198.0,22.0,2940,1912,1.112116,0.82,0.0,0.0,pix
real_001_s001_2026-05-18_16-03-17-731,001,001,1,P001,wikiart_practice/practice_wikiart_001_surrealistic_gouache.jpg,318,27.928769,1779113025.661589,5.283333,198.0,22.0,2940,1912,1.112116,0.82,0.0,0.0,pix
real_001_s001_2026-05-18_16-03-17-731,001,001,1,P001,wikiart_practice/practice_wikiart_001_surrealistic_gouache.jpg,319,27.945435,1779113025.678256,5.3,198.0,22.0,2940,1912,1.112116,0.82,0.0,0.0,pix
real_001_s001_2026-05-18_16-03-17-731,001,001,1,P001,wikiart_practice/practice_wikiart_001_surrealistic_gouache.jpg,320,27.962102,1779113025.694922,5.316667,198.0,22.0,2940,1912,1.112116,0.82,0.0,0.0,pix
real_001_s001_2026-05-18_16-03-17-731,001,001,1,P001,wikiart_practice/practice_wikiart_001_surrealistic_gouache.jpg,321,27.978769,1779113025.711589,5.333333,198.0,22.0,2940,1912,1.112116,0.82,0.0,0.0,pix
real_001_s001_2026-05-18_16-03-17-731,001,001,1,P001,wikiart_practice/practice_wikiart_001_surrealistic_gouache.jpg,322,27.995435,1779113025.728256,5.35,198.0,22.0,2940,1912,1.112116,0.82,0.0,0.0,pix
real_001_s001_2026-05-18_16-03-17-731,001,001,1,P001,wikiart_practice/practice_wikiart_001_surrealistic_gouache.jpg,323,28.012102,1779113025.744922,5.366667,198.0,22.0,2940,1912,1.112116,0.82,0.0,0.0,pix
real_001_s001_2026-05-18_16-03-17-731,001,001,1,P001,wikiart_practice/practice_wikiart_001_surrealistic_gouache.jpg,324,28.028769,1779113025.761589,5.383333,198.0,22.0,2940,1912,1.112116,0.82,0.0,0.0,pix
real_001_s001_2026-05-18_16-03-17-731,001,001,1,P001,wikiart_practice/practice_wikiart_001_surrealistic_gouache.jpg,325,28.045435,1779113025.778256,5.4,198.0,22.0,2940,1912,1.112116,0.82,0.0,0.0,pix
real_001_s001_2026-05-18_16-03-17-731,001,001,1,P001,wikiart_practice/practice_wikiart_001_surrealistic_gouache.jpg,326,28.062102,1779113025.794923,5.416667,198.0,22.0,2940,1912,1.112116,0.82,0.0,0.0,pix
real_001_s001_2026-05-18_16-03-17-731,001,001,1,P001,wikiart_practice/practice_wikiart_001_surrealistic_gouache.jpg,327,28.078769,1779113025.811589,5.433333,198.0,22.0,2940,1912,1.112116,0.82,0.0,0.0,pix
real_001_s001_2026-05-18_16-03-17-731,001,001,1,P001,wikiart_practice/practice_wikiart_001_surrealistic_gouache.jpg,328,28.095435,1779113025.828256,5.45,198.0,22.0,2940,1912,1.112116,0.82,0.0,0.0,pix
real_001_s001_2026-05-18_16-03-17-731,001,001,1,P001,wikiart_practice/practice_wikiart_001_surrealistic_gouache.jpg,329,28.112102,1779113025.844923,5.466667,198.0,22.0,2940,1912,1.112116,0.82,0.0,0.0,pix
real_001_s001_2026-05-18_16-03-17-731,001,001,1,P001,wikiart_practice/practice_wikiart_001_surrealistic_gouache.jpg,330,28.128769,1779113025.861589,5.483333,198.0,22.0,2940,1912,1.112116,0.82,0.0,0.0,pix
real_001_s001_2026-05-18_16-03-17-731,001,001,1,P001,wikiart_practice/practice_wikiart_001_surrealistic_gouache.jpg,331,28.145435,1779113025.878256,5.5,198.0,22.0,2940,1912,1.112116,0.82,0.0,0.0,pix
real_001_s001_2026-05-18_16-03-17-731,001,001,1,P001,wikiart_practice/practice_wikiart_001_surrealistic_gouache.jpg,332,28.162102,1779113025.894922,5.516667,198.0,22.0,2940,1912,1.112116,0.82,0.0,0.0,pix
real_001_s001_2026-05-18_16-03-17-731,001,001,1,P001,wikiart_practice/practice_wikiart_001_surrealistic_gouache.jpg,333,28.178769,1779113025.911589,5.533333,198.0,22.0,2940,1912,1.112116,0.82,0.0,0.0,pix
real_001_s001_2026-05-18_16-03-17-731,001,001,1,P001,wikiart_practice/practice_wikiart_001_surrealistic_gouache.jpg,334,28.195435,1779113025.928256,5.55,198.0,22.0,2940,1912,1.112116,0.82,0.0,0.0,pix
real_001_s001_2026-05-18_16-03-17-731,001,001,1,P001,wikiart_practice/practice_wikiart_001_surrealistic_gouache.jpg,335,28.212102,1779113025.944922,5.566667,198.0,22.0,2940,1912,1.112116,0.82,0.0,0.0,pix
real_001_s001_2026-05-18_16-03-17-731,001,001,1,P001,wikiart_practice/practice_wikiart_001_surrealistic_gouache.jpg,336,28.228769,1779113025.961589,5.583333,198.0,22.0,2940,1912,1.112116,0.82,0.0,0.0,pix
real_001_s001_2026-05-18_16-03-17-731,001,001,1,P001,wikiart_practice/practice_wikiart_001_surrealistic_gouache.jpg,337,28.245435,1779113025.978256,5.6,198.0,22.0,2940,1912,1.112116,0.82,0.0,0.0,pix
real_001_s001_2026-05-18_16-03-17-731,001,001,1,P001,wikiart_practice/practice_wikiart_001_surrealistic_gouache.jpg,338,28.262102,1779113025.994922,5.616667,198.0,22.0,2940,1912,1.112116,0.82,0.0,0.0,pix
real_001_s001_2026-05-18_16-03-17-731,001,001,1,P001,wikiart_practice/practice_wikiart_001_surrealistic_gouache.jpg,339,28.278769,1779113026.011589,5.633333,198.0,22.0,2940,1912,1.112116,0.82,0.0,0.0,pix
real_001_s001_2026-05-18_16-03-17-731,001,001,1,P001,wikiart_practice/practice_wikiart_001_surrealistic_gouache.jpg,340,28.295435,1779113026.028256,5.65,198.0,22.0,2940,1912,1.112116,0.82,0.0,0.0,pix
real_001_s001_2026-05-18_16-03-17-731,001,001,1,P001,wikiart_practice/practice_wikiart_001_surrealistic_gouache.jpg,341,28.312102,1779113026.044923,5.666667,198.0,22.0,2940,1912,1.112116,0.82,0.0,0.0,pix
real_001_s001_2026-05-18_16-03-17-731,001,001,1,P001,wikiart_practice/practice_wikiart_001_surrealistic_gouache.jpg,342,28.328769,1779113026.061589,5.683333,198.0,22.0,2940,1912,1.112116,0.82,0.0,0.0,pix
real_001_s001_2026-05-18_16-03-17-731,001,001,1,P001,wikiart_practice/practice_wikiart_001_surrealistic_gouache.jpg,343,28.345435,1779113026.078256,5.7,198.0,22.0,2940,1912,1.112116,0.82,0.0,0.0,pix
real_001_s001_2026-05-18_16-03-17-731,001,001,1,P001,wikiart_practice/practice_wikiart_001_surrealistic_gouache.jpg,344,28.362102,1779113026.094923,5.716667,198.0,22.0,2940,1912,1.112116,0.82,0.0,0.0,pix
real_001_s001_2026-05-18_16-03-17-731,001,001,1,P001,wikiart_practice/practice_wikiart_001_surrealistic_gouache.jpg,345,28.378769,1779113026.111589,5.733333,198.0,22.0,2940,1912,1.112116,0.82,0.0,0.0,pix
real_001_s001_2026-05-18_16-03-17-731,001,001,1,P001,wikiart_practice/practice_wikiart_001_surrealistic_gouache.jpg,346,28.395435,1779113026.128256,5.75,198.0,22.0,2940,1912,1.112116,0.82,0.0,0.0,pix
real_001_s001_2026-05-18_16-03-17-731,001,001,1,P001,wikiart_practice/practice_wikiart_001_surrealistic_gouache.jpg,347,28.412102,1779113026.144922,5.766667,198.0,22.0,2940,1912,1.112116,0.82,0.0,0.0,pix
real_001_s001_2026-05-18_16-03-17-731,001,001,1,P001,wikiart_practice/practice_wikiart_001_surrealistic_gouache.jpg,348,28.428769,1779113026.161589,5.783333,198.0,22.0,2940,1912,1.112116,0.82,0.0,0.0,pix
real_001_s001_2026-05-18_16-03-17-731,001,001,1,P001,wikiart_practice/practice_wikiart_001_surrealistic_gouache.jpg,349,28.445435,1779113026.178256,5.8,198.0,22.0,2940,1912,1.112116,0.82,0.0,0.0,pix
real_001_s001_2026-05-18_16-03-17-731,001,001,1,P001,wikiart_practice/practice_wikiart_001_surrealistic_gouache.jpg,350,28.462102,1779113026.194922,5.816667,198.0,22.0,2940,1912,1.112116,0.82,0.0,0.0,pix
real_001_s001_2026-05-18_16-03-17-731,001,001,1,P001,wikiart_practice/practice_wikiart_001_surrealistic_gouache.jpg,351,28.478769,1779113026.211589,5.833333,198.0,22.0,2940,1912,1.112116,0.82,0.0,0.0,pix
real_001_s001_2026-05-18_16-03-17-731,001,001,1,P001,wikiart_practice/practice_wikiart_001_surrealistic_gouache.jpg,352,28.495435,1779113026.228256,5.85,198.0,22.0,2940,1912,1.112116,0.82,0.0,0.0,pix
real_001_s001_2026-05-18_16-03-17-731,001,001,1,P001,wikiart_practice/practice_wikiart_001_surrealistic_gouache.jpg,353,28.512102,1779113026.244922,5.866667,198.0,22.0,2940,1912,1.112116,0.82,0.0,0.0,pix
real_001_s001_2026-05-18_16-03-17-731,001,001,1,P001,wikiart_practice/practice_wikiart_001_surrealistic_gouache.jpg,354,28.528769,1779113026.261589,5.883333,198.0,22.0,2940,1912,1.112116,0.82,0.0,0.0,pix
real_001_s001_2026-05-18_16-03-17-731,001,001,1,P001,wikiart_practice/practice_wikiart_001_surrealistic_gouache.jpg,355,28.545435,1779113026.278256,5.9,198.0,22.0,2940,1912,1.112116,0.82,0.0,0.0,pix
real_001_s001_2026-05-18_16-03-17-731,001,001,1,P001,wikiart_practice/practice_wikiart_001_surrealistic_gouache.jpg,356,28.562102,1779113026.294923,5.916667,198.0,22.0,2940,1912,1.112116,0.82,0.0,0.0,pix
real_001_s001_2026-05-18_16-03-17-731,001,001,1,P001,wikiart_practice/practice_wikiart_001_surrealistic_gouache.jpg,357,28.578769,1779113026.311589,5.933333,198.0,22.0,2940,1912,1.112116,0.82,0.0,0.0,pix
real_001_s001_2026-05-18_16-03-17-731,001,001,1,P001,wikiart_practice/practice_wikiart_001_surrealistic_gouache.jpg,358,28.595435,1779113026.328256,5.95,198.0,22.0,2940,1912,1.112116,0.82,0.0,0.0,pix
real_001_s001_2026-05-18_16-03-17-731,001,001,1,P001,wikiart_practice/practice_wikiart_001_surrealistic_gouache.jpg,359,28.612102,1779113026.344923,5.966667,198.0,22.0,2940,1912,1.112116,0.82,0.0,0.0,pix
real_001_s001_2026-05-18_16-03-17-731,001,001,1,P001,wikiart_practice/practice_wikiart_001_surrealistic_gouache.jpg,360,28.628769,1779113026.361589,5.983333,198.0,22.0,2940,1912,1.112116,0.82,0.0,0.0,pix
real_001_s001_2026-05-18_16-03-17-731,001,001,1,P001,wikiart_practice/practice_wikiart_001_surrealistic_gouache.jpg,361,28.645435,1779113026.378256,6.0,198.0,22.0,2940,1912,1.112116,0.82,0.0,0.0,pix
real_001_s001_2026-05-18_16-03-17-731,001,001,1,P001,wikiart_practice/practice_wikiart_001_surrealistic_gouache.jpg,362,28.662102,1779113026.394922,6.016667,198.0,22.0,2940,1912,1.112116,0.82,0.0,0.0,pix
real_001_s001_2026-05-18_16-03-17-731,001,001,1,P001,wikiart_practice/practice_wikiart_001_surrealistic_gouache.jpg,363,28.678769,1779113026.411589,6.033333,198.0,22.0,2940,1912,1.112116,0.82,0.0,0.0,pix
real_001_s001_2026-05-18_16-03-17-731,001,001,1,P001,wikiart_practice/practice_wikiart_001_surrealistic_gouache.jpg,364,28.695435,1779113026.428256,6.05,198.0,22.0,2940,1912,1.112116,0.82,0.0,0.0,pix
real_001_s001_2026-05-18_16-03-17-731,001,001,1,P001,wikiart_practice/practice_wikiart_001_surrealistic_gouache.jpg,365,28.712102,1779113026.444922,6.066667,198.0,22.0,2940,1912,1.112116,0.82,0.0,0.0,pix
real_001_s001_2026-05-18_16-03-17-731,001,001,1,P001,wikiart_practice/practice_wikiart_001_surrealistic_gouache.jpg,366,28.728769,1779113026.461589,6.083333,198.0,22.0,2940,1912,1.112116,0.82,0.0,0.0,pix
real_001_s001_2026-05-18_16-03-17-731,001,001,1,P001,wikiart_practice/practice_wikiart_001_surrealistic_gouache.jpg,367,28.745435,1779113026.478256,6.1,198.0,22.0,2940,1912,1.112116,0.82,0.0,0.0,pix
real_001_s001_2026-05-18_16-03-17-731,001,001,1,P001,wikiart_practice/practice_wikiart_001_surrealistic_gouache.jpg,368,28.762102,1779113026.494922,6.116667,198.0,22.0,2940,1912,1.112116,0.82,0.0,0.0,pix
real_001_s001_2026-05-18_16-03-17-731,001,001,1,P001,wikiart_practice/practice_wikiart_001_surrealistic_gouache.jpg,369,28.778769,1779113026.511589,6.133333,198.0,22.0,2940,1912,1.112116,0.82,0.0,0.0,pix
real_001_s001_2026-05-18_16-03-17-731,001,001,1,P001,wikiart_practice/practice_wikiart_001_surrealistic_gouache.jpg,370,28.795435,1779113026.528256,6.15,198.0,22.0,2940,1912,1.112116,0.82,0.0,0.0,pix
real_001_s001_2026-05-18_16-03-17-731,001,001,1,P001,wikiart_practice/practice_wikiart_001_surrealistic_gouache.jpg,371,28.812102,1779113026.544923,6.166667,198.0,22.0,2940,1912,1.112116,0.82,0.0,0.0,pix
real_001_s001_2026-05-18_16-03-17-731,001,001,1,P001,wikiart_practice/practice_wikiart_001_surrealistic_gouache.jpg,372,28.828769,1779113026.561589,6.183333,198.0,22.0,2940,1912,1.112116,0.82,0.0,0.0,pix
real_001_s001_2026-05-18_16-03-17-731,001,001,1,P001,wikiart_practice/practice_wikiart_001_surrealistic_gouache.jpg,373,28.845435,1779113026.578256,6.2,198.0,22.0,2940,1912,1.112116,0.82,0.0,0.0,pix
real_001_s001_2026-05-18_16-03-17-731,001,001,1,P001,wikiart_practice/practice_wikiart_001_surrealistic_gouache.jpg,374,28.862102,1779113026.594923,6.216667,198.0,22.0,2940,1912,1.112116,0.82,0.0,0.0,pix
real_001_s001_2026-05-18_16-03-17-731,001,001,1,P001,wikiart_practice/practice_wikiart_001_surrealistic_gouache.jpg,375,28.878769,1779113026.611589,6.233333,198.0,22.0,2940,1912,1.112116,0.82,0.0,0.0,pix
real_001_s001_2026-05-18_16-03-17-731,001,001,1,P001,wikiart_practice/practice_wikiart_001_surrealistic_gouache.jpg,376,28.895435,1779113026.628256,6.25,198.0,22.0,2940,1912,1.112116,0.82,0.0,0.0,pix
real_001_s001_2026-05-18_16-03-17-731,001,001,1,P001,wikiart_practice/practice_wikiart_001_surrealistic_gouache.jpg,377,28.912102,1779113026.644922,6.266667,198.0,22.0,2940,1912,1.112116,0.82,0.0,0.0,pix
real_001_s001_2026-05-18_16-03-17-731,001,001,1,P001,wikiart_practice/practice_wikiart_001_surrealistic_gouache.jpg,378,28.928769,1779113026.661589,6.283333,198.0,22.0,2940,1912,1.112116,0.82,0.0,0.0,pix
real_001_s001_2026-05-18_16-03-17-731,001,001,1,P001,wikiart_practice/practice_wikiart_001_surrealistic_gouache.jpg,379,28.945435,1779113026.678256,6.3,198.0,22.0,2940,1912,1.112116,0.82,0.0,0.0,pix
real_001_s001_2026-05-18_16-03-17-731,001,001,1,P001,wikiart_practice/practice_wikiart_001_surrealistic_gouache.jpg,380,28.962102,1779113026.694922,6.316667,198.0,22.0,2940,1912,1.112116,0.82,0.0,0.0,pix
real_001_s001_2026-05-18_16-03-17-731,001,001,1,P001,wikiart_practice/practice_wikiart_001_surrealistic_gouache.jpg,381,28.978769,1779113026.711589,6.333333,198.0,22.0,2940,1912,1.112116,0.82,0.0,0.0,pix
real_001_s001_2026-05-18_16-03-17-731,001,001,1,P001,wikiart_practice/practice_wikiart_001_surrealistic_gouache.jpg,382,28.995435,1779113026.728256,6.35,198.0,22.0,2940,1912,1.112116,0.82,0.0,0.0,pix
real_001_s001_2026-05-18_16-03-17-731,001,001,1,P001,wikiart_practice/practice_wikiart_001_surrealistic_gouache.jpg,383,29.012102,1779113026.744922,6.366667,198.0,22.0,2940,1912,1.112116,0.82,0.0,0.0,pix
real_001_s001_2026-05-18_16-03-17-731,001,001,1,P001,wikiart_practice/practice_wikiart_001_surrealistic_gouache.jpg,384,29.028769,1779113026.761589,6.383333,198.0,22.0,2940,1912,1.112116,0.82,0.0,0.0,pix
real_001_s001_2026-05-18_16-03-17-731,001,001,1,P001,wikiart_practice/practice_wikiart_001_surrealistic_gouache.jpg,385,29.045435,1779113026.778256,6.4,198.0,22.0,2940,1912,1.112116,0.82,0.0,0.0,pix
real_001_s001_2026-05-18_16-03-17-731,001,001,1,P001,wikiart_practice/practice_wikiart_001_surrealistic_gouache.jpg,386,29.062102,1779113026.794923,6.416667,198.0,22.0,2940,1912,1.112116,0.82,0.0,0.0,pix
real_001_s001_2026-05-18_16-03-17-731,001,001,1,P001,wikiart_practice/practice_wikiart_001_surrealistic_gouache.jpg,387,29.078769,1779113026.811589,6.433333,198.0,22.0,2940,1912,1.112116,0.82,0.0,0.0,pix
real_001_s001_2026-05-18_16-03-17-731,001,001,1,P001,wikiart_practice/practice_wikiart_001_surrealistic_gouache.jpg,388,29.095435,1779113026.828256,6.45,198.0,22.0,2940,1912,1.112116,0.82,0.0,0.0,pix
real_001_s001_2026-05-18_16-03-17-731,001,001,1,P001,wikiart_practice/practice_wikiart_001_surrealistic_gouache.jpg,389,29.112102,1779113026.844923,6.466667,198.0,22.0,2940,1912,1.112116,0.82,0.0,0.0,pix
real_001_s001_2026-05-18_16-03-17-731,001,001,1,P001,wikiart_practice/practice_wikiart_001_surrealistic_gouache.jpg,390,29.128769,1779113026.861589,6.483333,198.0,22.0,2940,1912,1.112116,0.82,0.0,0.0,pix
real_001_s001_2026-05-18_16-03-17-731,001,001,1,P001,wikiart_practice/practice_wikiart_001_surrealistic_gouache.jpg,391,29.145435,1779113026.878256,6.5,198.0,22.0,2940,1912,1.112116,0.82,0.0,0.0,pix
real_001_s001_2026-05-18_16-03-17-731,001,001,1,P001,wikiart_practice/practice_wikiart_001_surrealistic_gouache.jpg,392,29.162102,1779113026.894922,6.516667,198.0,22.0,2940,1912,1.112116,0.82,0.0,0.0,pix
real_001_s001_2026-05-18_16-03-17-731,001,001,1,P001,wikiart_practice/practice_wikiart_001_surrealistic_gouache.jpg,393,29.178769,1779113026.911589,6.533333,198.0,22.0,2940,1912,1.112116,0.82,0.0,0.0,pix
real_001_s001_2026-05-18_16-03-17-731,001,001,1,P001,wikiart_practice/practice_wikiart_001_surrealistic_gouache.jpg,394,29.195435,1779113026.928256,6.55,198.0,22.0,2940,1912,1.112116,0.82,0.0,0.0,pix
real_001_s001_2026-05-18_16-03-17-731,001,001,1,P001,wikiart_practice/practice_wikiart_001_surrealistic_gouache.jpg,395,29.212102,1779113026.944922,6.566667,198.0,22.0,2940,1912,1.112116,0.82,0.0,0.0,pix
real_001_s001_2026-05-18_16-03-17-731,001,001,1,P001,wikiart_practice/practice_wikiart_001_surrealistic_gouache.jpg,396,29.228769,1779113026.961589,6.583333,198.0,22.0,2940,1912,1.112116,0.82,0.0,0.0,pix
real_001_s001_2026-05-18_16-03-17-731,001,001,1,P001,wikiart_practice/practice_wikiart_001_surrealistic_gouache.jpg,397,29.245435,1779113026.978256,6.6,198.0,22.0,2940,1912,1.112116,0.82,0.0,0.0,pix
real_001_s001_2026-05-18_16-03-17-731,001,001,1,P001,wikiart_practice/practice_wikiart_001_surrealistic_gouache.jpg,398,29.262102,1779113026.994922,6.616667,198.0,22.0,2940,1912,1.112116,0.82,0.0,0.0,pix
real_001_s001_2026-05-18_16-03-17-731,001,001,1,P001,wikiart_practice/practice_wikiart_001_surrealistic_gouache.jpg,399,29.278769,1779113027.011589,6.633333,198.0,22.0,2940,1912,1.112116,0.82,0.0,0.0,pix
real_001_s001_2026-05-18_16-03-17-731,001,001,1,P001,wikiart_practice/practice_wikiart_001_surrealistic_gouache.jpg,400,29.295435,1779113027.028256,6.65,198.0,22.0,2940,1912,1.112116,0.82,0.0,0.0,pix
real_001_s001_2026-05-18_16-03-17-731,001,001,1,P001,wikiart_practice/practice_wikiart_001_surrealistic_gouache.jpg,401,29.312102,1779113027.044923,6.666667,198.0,22.0,2940,1912,1.112116,0.82,0.0,0.0,pix
real_001_s001_2026-05-18_16-03-17-731,001,001,1,P001,wikiart_practice/practice_wikiart_001_surrealistic_gouache.jpg,402,29.328769,1779113027.061589,6.683333,198.0,22.0,2940,1912,1.112116,0.82,0.0,0.0,pix
real_001_s001_2026-05-18_16-03-17-731,001,001,1,P001,wikiart_practice/practice_wikiart_001_surrealistic_gouache.jpg,403,29.345435,1779113027.078256,6.7,198.0,22.0,2940,1912,1.112116,0.82,0.0,0.0,pix
real_001_s001_2026-05-18_16-03-17-731,001,001,1,P001,wikiart_practice/practice_wikiart_001_surrealistic_gouache.jpg,404,29.362102,1779113027.094923,6.716667,198.0,22.0,2940,1912,1.112116,0.82,0.0,0.0,pix
real_001_s001_2026-05-18_16-03-17-731,001,001,1,P001,wikiart_practice/practice_wikiart_001_surrealistic_gouache.jpg,405,29.378769,1779113027.111589,6.733333,198.0,22.0,2940,1912,1.112116,0.82,0.0,0.0,pix
real_001_s001_2026-05-18_16-03-17-731,001,001,1,P001,wikiart_practice/practice_wikiart_001_surrealistic_gouache.jpg,406,29.395435,1779113027.128256,6.75,198.0,22.0,2940,1912,1.112116,0.82,0.0,0.0,pix
real_001_s001_2026-05-18_16-03-17-731,001,001,1,P001,wikiart_practice/practice_wikiart_001_surrealistic_gouache.jpg,407,29.412102,1779113027.144922,6.766667,198.0,22.0,2940,1912,1.112116,0.82,0.0,0.0,pix
real_001_s001_2026-05-18_16-03-17-731,001,001,1,P001,wikiart_practice/practice_wikiart_001_surrealistic_gouache.jpg,408,29.428769,1779113027.161589,6.783333,198.0,22.0,2940,1912,1.112116,0.82,0.0,0.0,pix
real_001_s001_2026-05-18_16-03-17-731,001,001,1,P001,wikiart_practice/practice_wikiart_001_surrealistic_gouache.jpg,409,29.445435,1779113027.178256,6.8,198.0,22.0,2940,1912,1.112116,0.82,0.0,0.0,pix
real_001_s001_2026-05-18_16-03-17-731,001,001,1,P001,wikiart_practice/practice_wikiart_001_surrealistic_gouache.jpg,410,29.462102,1779113027.194922,6.816667,198.0,22.0,2940,1912,1.112116,0.82,0.0,0.0,pix
real_001_s001_2026-05-18_16-03-17-731,001,001,1,P001,wikiart_practice/practice_wikiart_001_surrealistic_gouache.jpg,411,29.478769,1779113027.211589,6.833333,198.0,22.0,2940,1912,1.112116,0.82,0.0,0.0,pix
real_001_s001_2026-05-18_16-03-17-731,001,001,1,P001,wikiart_practice/practice_wikiart_001_surrealistic_gouache.jpg,412,29.495435,1779113027.228256,6.85,198.0,22.0,2940,1912,1.112116,0.82,0.0,0.0,pix
real_001_s001_2026-05-18_16-03-17-731,001,001,1,P001,wikiart_practice/practice_wikiart_001_surrealistic_gouache.jpg,413,29.512102,1779113027.244922,6.866667,198.0,22.0,2940,1912,1.112116,0.82,0.0,0.0,pix
real_001_s001_2026-05-18_16-03-17-731,001,001,1,P001,wikiart_practice/practice_wikiart_001_surrealistic_gouache.jpg,414,29.528769,1779113027.261589,6.883333,198.0,22.0,2940,1912,1.112116,0.82,0.0,0.0,pix
real_001_s001_2026-05-18_16-03-17-731,001,001,1,P001,wikiart_practice/practice_wikiart_001_surrealistic_gouache.jpg,415,29.545435,1779113027.278256,6.9,198.0,22.0,2940,1912,1.112116,0.82,0.0,0.0,pix
real_001_s001_2026-05-18_16-03-17-731,001,001,1,P001,wikiart_practice/practice_wikiart_001_surrealistic_gouache.jpg,416,29.562102,1779113027.294923,6.916667,198.0,22.0,2940,1912,1.112116,0.82,0.0,0.0,pix
real_001_s001_2026-05-18_16-03-17-731,001,001,1,P001,wikiart_practice/practice_wikiart_001_surrealistic_gouache.jpg,417,29.578769,1779113027.311589,6.933333,198.0,22.0,2940,1912,1.112116,0.82,0.0,0.0,pix
real_001_s001_2026-05-18_16-03-17-731,001,001,1,P001,wikiart_practice/practice_wikiart_001_surrealistic_gouache.jpg,418,29.595435,1779113027.328256,6.95,198.0,22.0,2940,1912,1.112116,0.82,0.0,0.0,pix
real_001_s001_2026-05-18_16-03-17-731,001,001,1,P001,wikiart_practice/practice_wikiart_001_surrealistic_gouache.jpg,419,29.612102,1779113027.344923,6.966667,198.0,22.0,2940,1912,1.112116,0.82,0.0,0.0,pix
real_001_s001_2026-05-18_16-03-17-731,001,001,1,P001,wikiart_practice/practice_wikiart_001_surrealistic_gouache.jpg,420,29.628769,1779113027.361589,6.983333,198.0,22.0,2940,1912,1.112116,0.82,0.0,0.0,pix
real_001_s001_2026-05-18_16-03-17-731,001,001,1,P001,wikiart_practice/practice_wikiart_001_surrealistic_gouache.jpg,421,29.645435,1779113027.378256,7.0,198.0,22.0,2940,1912,1.112116,0.82,0.0,0.0,pix
real_001_s001_2026-05-18_16-03-17-731,001,001,1,P001,wikiart_practice/practice_wikiart_001_surrealistic_gouache.jpg,422,29.662102,1779113027.394922,7.016667,198.0,22.0,2940,1912,1.112116,0.82,0.0,0.0,pix
real_001_s001_2026-05-18_16-03-17-731,001,001,1,P001,wikiart_practice/practice_wikiart_001_surrealistic_gouache.jpg,423,29.678769,1779113027.411589,7.033333,198.0,22.0,2940,1912,1.112116,0.82,0.0,0.0,pix
real_001_s001_2026-05-18_16-03-17-731,001,001,1,P001,wikiart_practice/practice_wikiart_001_surrealistic_gouache.jpg,424,29.695435,1779113027.428256,7.05,198.0,22.0,2940,1912,1.112116,0.82,0.0,0.0,pix
real_001_s001_2026-05-18_16-03-17-731,001,001,1,P001,wikiart_practice/practice_wikiart_001_surrealistic_gouache.jpg,425,29.712102,1779113027.444922,7.066667,198.0,22.0,2940,1912,1.112116,0.82,0.0,0.0,pix
real_001_s001_2026-05-18_16-03-17-731,001,001,1,P001,wikiart_practice/practice_wikiart_001_surrealistic_gouache.jpg,426,29.728769,1779113027.461589,7.083333,198.0,22.0,2940,1912,1.112116,0.82,0.0,0.0,pix
real_001_s001_2026-05-18_16-03-17-731,001,001,1,P001,wikiart_practice/practice_wikiart_001_surrealistic_gouache.jpg,427,29.745435,1779113027.478256,7.1,198.0,22.0,2940,1912,1.112116,0.82,0.0,0.0,pix
real_001_s001_2026-05-18_16-03-17-731,001,001,1,P001,wikiart_practice/practice_wikiart_001_surrealistic_gouache.jpg,428,29.762102,1779113027.494922,7.116667,198.0,22.0,2940,1912,1.112116,0.82,0.0,0.0,pix
real_001_s001_2026-05-18_16-03-17-731,001,001,1,P001,wikiart_practice/practice_wikiart_001_surrealistic_gouache.jpg,429,29.778769,1779113027.511589,7.133333,198.0,22.0,2940,1912,1.112116,0.82,0.0,0.0,pix
real_001_s001_2026-05-18_16-03-17-731,001,001,1,P001,wikiart_practice/practice_wikiart_001_surrealistic_gouache.jpg,430,29.795435,1779113027.528256,7.15,198.0,22.0,2940,1912,1.112116,0.82,0.0,0.0,pix
real_001_s001_2026-05-18_16-03-17-731,001,001,1,P001,wikiart_practice/practice_wikiart_001_surrealistic_gouache.jpg,431,29.812102,1779113027.544923,7.166667,198.0,22.0,2940,1912,1.112116,0.82,0.0,0.0,pix
real_001_s001_2026-05-18_16-03-17-731,001,001,1,P001,wikiart_practice/practice_wikiart_001_surrealistic_gouache.jpg,432,29.828769,1779113027.561589,7.183333,198.0,22.0,2940,1912,1.112116,0.82,0.0,0.0,pix
real_001_s001_2026-05-18_16-03-17-731,001,001,1,P001,wikiart_practice/practice_wikiart_001_surrealistic_gouache.jpg,433,29.845435,1779113027.578256,7.2,198.0,22.0,2940,1912,1.112116,0.82,0.0,0.0,pix
real_001_s001_2026-05-18_16-03-17-731,001,001,1,P001,wikiart_practice/practice_wikiart_001_surrealistic_gouache.jpg,434,29.862102,1779113027.594923,7.216667,198.0,22.0,2940,1912,1.112116,0.82,0.0,0.0,pix
real_001_s001_2026-05-18_16-03-17-731,001,001,1,P001,wikiart_practice/practice_wikiart_001_surrealistic_gouache.jpg,435,29.878769,1779113027.611589,7.233333,198.0,22.0,2940,1912,1.112116,0.82,0.0,0.0,pix
real_001_s001_2026-05-18_16-03-17-731,001,001,1,P001,wikiart_practice/practice_wikiart_001_surrealistic_gouache.jpg,436,29.895435,1779113027.628256,7.25,198.0,22.0,2940,1912,1.112116,0.82,0.0,0.0,pix
real_001_s001_2026-05-18_16-03-17-731,001,001,1,P001,wikiart_practice/practice_wikiart_001_surrealistic_gouache.jpg,437,29.912102,1779113027.644922,7.266667,198.0,22.0,2940,1912,1.112116,0.82,0.0,0.0,pix
real_001_s001_2026-05-18_16-03-17-731,001,001,1,P001,wikiart_practice/practice_wikiart_001_surrealistic_gouache.jpg,438,29.928769,1779113027.661589,7.283333,198.0,22.0,2940,1912,1.112116,0.82,0.0,0.0,pix
real_001_s001_2026-05-18_16-03-17-731,001,001,1,P001,wikiart_practice/practice_wikiart_001_surrealistic_gouache.jpg,439,29.945435,1779113027.678256,7.3,198.0,22.0,2940,1912,1.112116,0.82,0.0,0.0,pix
real_001_s001_2026-05-18_16-03-17-731,001,001,1,P001,wikiart_practice/practice_wikiart_001_surrealistic_gouache.jpg,440,29.962102,1779113027.694922,7.316667,198.0,22.0,2940,1912,1.112116,0.82,0.0,0.0,pix
real_001_s001_2026-05-18_16-03-17-731,001,001,1,P001,wikiart_practice/practice_wikiart_001_surrealistic_gouache.jpg,441,29.978769,1779113027.711589,7.333333,198.0,22.0,2940,1912,1.112116,0.82,0.0,0.0,pix
real_001_s001_2026-05-18_16-03-17-731,001,001,1,P001,wikiart_practice/practice_wikiart_001_surrealistic_gouache.jpg,442,29.995435,1779113027.728256,7.35,198.0,22.0,2940,1912,1.112116,0.82,0.0,0.0,pix
real_001_s001_2026-05-18_16-03-17-731,001,001,1,P001,wikiart_practice/practice_wikiart_001_surrealistic_gouache.jpg,443,30.012102,1779113027.744922,7.366667,198.0,22.0,2940,1912,1.112116,0.82,0.0,0.0,pix
real_001_s001_2026-05-18_16-03-17-731,001,001,1,P001,wikiart_practice/practice_wikiart_001_surrealistic_gouache.jpg,444,30.028769,1779113027.761589,7.383333,198.0,22.0,2940,1912,1.112116,0.82,0.0,0.0,pix
real_001_s001_2026-05-18_16-03-17-731,001,001,1,P001,wikiart_practice/practice_wikiart_001_surrealistic_gouache.jpg,445,30.045435,1779113027.778256,7.4,198.0,22.0,2940,1912,1.112116,0.82,0.0,0.0,pix
real_001_s001_2026-05-18_16-03-17-731,001,001,1,P001,wikiart_practice/practice_wikiart_001_surrealistic_gouache.jpg,446,30.062102,1779113027.794923,7.416667,198.0,22.0,2940,1912,1.112116,0.82,0.0,0.0,pix
real_001_s001_2026-05-18_16-03-17-731,001,001,1,P001,wikiart_practice/practice_wikiart_001_surrealistic_gouache.jpg,447,30.078769,1779113027.811589,7.433333,198.0,22.0,2940,1912,1.112116,0.82,0.0,0.0,pix
real_001_s001_2026-05-18_16-03-17-731,001,001,1,P001,wikiart_practice/practice_wikiart_001_surrealistic_gouache.jpg,448,30.095435,1779113027.828256,7.45,198.0,22.0,2940,1912,1.112116,0.82,0.0,0.0,pix
real_001_s001_2026-05-18_16-03-17-731,001,001,1,P001,wikiart_practice/practice_wikiart_001_surrealistic_gouache.jpg,449,30.112102,1779113027.844923,7.466667,198.0,22.0,2940,1912,1.112116,0.82,0.0,0.0,pix
real_001_s001_2026-05-18_16-03-17-731,001,001,1,P001,wikiart_practice/practice_wikiart_001_surrealistic_gouache.jpg,450,30.128769,1779113027.861589,7.483333,198.0,22.0,2940,1912,1.112116,0.82,0.0,0.0,pix
real_001_s001_2026-05-18_16-03-17-731,001,001,1,P001,wikiart_practice/practice_wikiart_001_surrealistic_gouache.jpg,451,30.145435,1779113027.878256,7.5,198.0,22.0,2940,1912,1.112116,0.82,0.0,0.0,pix
real_001_s001_2026-05-18_16-03-17-731,001,001,1,P001,wikiart_practice/practice_wikiart_001_surrealistic_gouache.jpg,452,30.162102,1779113027.894922,7.516667,198.0,22.0,2940,1912,1.112116,0.82,0.0,0.0,pix
real_001_s001_2026-05-18_16-03-17-731,001,001,1,P001,wikiart_practice/practice_wikiart_001_surrealistic_gouache.jpg,453,30.178769,1779113027.911589,7.533333,198.0,22.0,2940,1912,1.112116,0.82,0.0,0.0,pix
real_001_s001_2026-05-18_16-03-17-731,001,001,1,P001,wikiart_practice/practice_wikiart_001_surrealistic_gouache.jpg,454,30.195435,1779113027.928256,7.55,198.0,22.0,2940,1912,1.112116,0.82,0.0,0.0,pix
real_001_s001_2026-05-18_16-03-17-731,001,001,1,P001,wikiart_practice/practice_wikiart_001_surrealistic_gouache.jpg,455,30.212102,1779113027.944922,7.566667,198.0,22.0,2940,1912,1.112116,0.82,0.0,0.0,pix
real_001_s001_2026-05-18_16-03-17-731,001,001,1,P001,wikiart_practice/practice_wikiart_001_surrealistic_gouache.jpg,456,30.228769,1779113027.961589,7.583333,198.0,22.0,2940,1912,1.112116,0.82,0.0,0.0,pix
real_001_s001_2026-05-18_16-03-17-731,001,001,1,P001,wikiart_practice/practice_wikiart_001_surrealistic_gouache.jpg,457,30.245435,1779113027.978256,7.6,198.0,22.0,2940,1912,1.112116,0.82,0.0,0.0,pix
real_001_s001_2026-05-18_16-03-17-731,001,001,1,P001,wikiart_practice/practice_wikiart_001_surrealistic_gouache.jpg,458,30.262102,1779113027.994922,7.616667,198.0,22.0,2940,1912,1.112116,0.82,0.0,0.0,pix
real_001_s001_2026-05-18_16-03-17-731,001,001,1,P001,wikiart_practice/practice_wikiart_001_surrealistic_gouache.jpg,459,30.278769,1779113028.011589,7.633333,198.0,22.0,2940,1912,1.112116,0.82,0.0,0.0,pix
real_001_s001_2026-05-18_16-03-17-731,001,001,1,P001,wikiart_practice/practice_wikiart_001_surrealistic_gouache.jpg,460,30.295435,1779113028.028256,7.65,198.0,22.0,2940,1912,1.112116,0.82,0.0,0.0,pix
real_001_s001_2026-05-18_16-03-17-731,001,001,1,P001,wikiart_practice/practice_wikiart_001_surrealistic_gouache.jpg,461,30.312102,1779113028.044923,7.666667,198.0,22.0,2940,1912,1.112116,0.82,0.0,0.0,pix
real_001_s001_2026-05-18_16-03-17-731,001,001,1,P001,wikiart_practice/practice_wikiart_001_surrealistic_gouache.jpg,462,30.328769,1779113028.061589,7.683333,198.0,22.0,2940,1912,1.112116,0.82,0.0,0.0,pix
real_001_s001_2026-05-18_16-03-17-731,001,001,1,P001,wikiart_practice/practice_wikiart_001_surrealistic_gouache.jpg,463,30.345435,1779113028.078256,7.7,198.0,22.0,2940,1912,1.112116,0.82,0.0,0.0,pix
real_001_s001_2026-05-18_16-03-17-731,001,001,1,P001,wikiart_practice/practice_wikiart_001_surrealistic_gouache.jpg,464,30.362102,1779113028.094923,7.716667,198.0,22.0,2940,1912,1.112116,0.82,0.0,0.0,pix
real_001_s001_2026-05-18_16-03-17-731,001,001,1,P001,wikiart_practice/practice_wikiart_001_surrealistic_gouache.jpg,465,30.378769,1779113028.111589,7.733333,198.0,22.0,2940,1912,1.112116,0.82,0.0,0.0,pix
real_001_s001_2026-05-18_16-03-17-731,001,001,1,P001,wikiart_practice/practice_wikiart_001_surrealistic_gouache.jpg,466,30.395435,1779113028.128256,7.75,198.0,22.0,2940,1912,1.112116,0.82,0.0,0.0,pix
real_001_s001_2026-05-18_16-03-17-731,001,001,1,P001,wikiart_practice/practice_wikiart_001_surrealistic_gouache.jpg,467,30.412102,1779113028.144922,7.766667,198.0,22.0,2940,1912,1.112116,0.82,0.0,0.0,pix
real_001_s001_2026-05-18_16-03-17-731,001,001,1,P001,wikiart_practice/practice_wikiart_001_surrealistic_gouache.jpg,468,30.428769,1779113028.161589,7.783333,198.0,22.0,2940,1912,1.112116,0.82,0.0,0.0,pix
real_001_s001_2026-05-18_16-03-17-731,001,001,1,P001,wikiart_practice/practice_wikiart_001_surrealistic_gouache.jpg,469,30.445435,1779113028.178256,7.8,198.0,22.0,2940,1912,1.112116,0.82,0.0,0.0,pix
real_001_s001_2026-05-18_16-03-17-731,001,001,1,P001,wikiart_practice/practice_wikiart_001_surrealistic_gouache.jpg,470,30.462102,1779113028.194922,7.816667,198.0,22.0,2940,1912,1.112116,0.82,0.0,0.0,pix
real_001_s001_2026-05-18_16-03-17-731,001,001,1,P001,wikiart_practice/practice_wikiart_001_surrealistic_gouache.jpg,471,30.478769,1779113028.211589,7.833333,198.0,22.0,2940,1912,1.112116,0.82,0.0,0.0,pix
real_001_s001_2026-05-18_16-03-17-731,001,001,1,P001,wikiart_practice/practice_wikiart_001_surrealistic_gouache.jpg,472,30.495435,1779113028.228256,7.85,198.0,22.0,2940,1912,1.112116,0.82,0.0,0.0,pix
real_001_s001_2026-05-18_16-03-17-731,001,001,1,P001,wikiart_practice/practice_wikiart_001_surrealistic_gouache.jpg,473,30.512102,1779113028.244922,7.866667,198.0,22.0,2940,1912,1.112116,0.82,0.0,0.0,pix
real_001_s001_2026-05-18_16-03-17-731,001,001,1,P001,wikiart_practice/practice_wikiart_001_surrealistic_gouache.jpg,474,30.528769,1779113028.261589,7.883333,198.0,22.0,2940,1912,1.112116,0.82,0.0,0.0,pix
real_001_s001_2026-05-18_16-03-17-731,001,001,1,P001,wikiart_practice/practice_wikiart_001_surrealistic_gouache.jpg,475,30.545435,1779113028.278256,7.9,198.0,22.0,2940,1912,1.112116,0.82,0.0,0.0,pix
real_001_s001_2026-05-18_16-03-17-731,001,001,1,P001,wikiart_practice/practice_wikiart_001_surrealistic_gouache.jpg,476,30.562102,1779113028.294923,7.916667,198.0,22.0,2940,1912,1.112116,0.82,0.0,0.0,pix
real_001_s001_2026-05-18_16-03-17-731,001,001,1,P001,wikiart_practice/practice_wikiart_001_surrealistic_gouache.jpg,477,30.578769,1779113028.311589,7.933333,198.0,22.0,2940,1912,1.112116,0.82,0.0,0.0,pix
real_001_s001_2026-05-18_16-03-17-731,001,001,1,P001,wikiart_practice/practice_wikiart_001_surrealistic_gouache.jpg,478,30.595435,1779113028.328256,7.95,198.0,22.0,2940,1912,1.112116,0.82,0.0,0.0,pix
real_001_s001_2026-05-18_16-03-17-731,001,001,1,P001,wikiart_practice/practice_wikiart_001_surrealistic_gouache.jpg,479,30.612102,1779113028.344923,7.966667,198.0,22.0,2940,1912,1.112116,0.82,0.0,0.0,pix
real_001_s001_2026-05-18_16-03-17-731,001,001,1,P001,wikiart_practice/practice_wikiart_001_surrealistic_gouache.jpg,480,30.628769,1779113028.361589,7.983333,198.0,22.0,2940,1912,1.112116,0.82,0.0,0.0,pix
real_001_s001_2026-05-18_16-03-17-731,001,001,1,P001,wikiart_practice/practice_wikiart_001_surrealistic_gouache.jpg,481,30.645435,1779113028.378256,8.0,198.0,22.0,2940,1912,1.112116,0.82,0.0,0.0,pix
real_001_s001_2026-05-18_16-03-17-731,001,001,1,P001,wikiart_practice/practice_wikiart_001_surrealistic_gouache.jpg,482,30.662102,1779113028.394922,8.016667,198.0,22.0,2940,1912,1.112116,0.82,0.0,0.0,pix
real_001_s001_2026-05-18_16-03-17-731,001,001,1,P001,wikiart_practice/practice_wikiart_001_surrealistic_gouache.jpg,483,30.678769,1779113028.411589,8.033333,198.0,22.0,2940,1912,1.112116,0.82,0.0,0.0,pix
real_001_s001_2026-05-18_16-03-17-731,001,001,1,P001,wikiart_practice/practice_wikiart_001_surrealistic_gouache.jpg,484,30.695435,1779113028.428256,8.05,198.0,22.0,2940,1912,1.112116,0.82,0.0,0.0,pix
real_001_s001_2026-05-18_16-03-17-731,001,001,1,P001,wikiart_practice/practice_wikiart_001_surrealistic_gouache.jpg,485,30.712102,1779113028.444922,8.066667,198.0,22.0,2940,1912,1.112116,0.82,0.0,0.0,pix
real_001_s001_2026-05-18_16-03-17-731,001,001,1,P001,wikiart_practice/practice_wikiart_001_surrealistic_gouache.jpg,486,30.728769,1779113028.461589,8.083333,198.0,22.0,2940,1912,1.112116,0.82,0.0,0.0,pix
real_001_s001_2026-05-18_16-03-17-731,001,001,1,P001,wikiart_practice/practice_wikiart_001_surrealistic_gouache.jpg,487,30.745435,1779113028.478256,8.1,198.0,22.0,2940,1912,1.112116,0.82,0.0,0.0,pix
real_001_s001_2026-05-18_16-03-17-731,001,001,1,P001,wikiart_practice/practice_wikiart_001_surrealistic_gouache.jpg,488,30.762102,1779113028.494922,8.116667,198.0,22.0,2940,1912,1.112116,0.82,0.0,0.0,pix
real_001_s001_2026-05-18_16-03-17-731,001,001,1,P001,wikiart_practice/practice_wikiart_001_surrealistic_gouache.jpg,489,30.778769,1779113028.511589,8.133333,198.0,22.0,2940,1912,1.112116,0.82,0.0,0.0,pix
real_001_s001_2026-05-18_16-03-17-731,001,001,1,P001,wikiart_practice/practice_wikiart_001_surrealistic_gouache.jpg,490,30.795435,1779113028.528256,8.15,198.0,22.0,2940,1912,1.112116,0.82,0.0,0.0,pix
real_001_s001_2026-05-18_16-03-17-731,001,001,1,P001,wikiart_practice/practice_wikiart_001_surrealistic_gouache.jpg,491,30.812102,1779113028.544923,8.166667,198.0,22.0,2940,1912,1.112116,0.82,0.0,0.0,pix
real_001_s001_2026-05-18_16-03-17-731,001,001,1,P001,wikiart_practice/practice_wikiart_001_surrealistic_gouache.jpg,492,30.828769,1779113028.561589,8.183333,198.0,22.0,2940,1912,1.112116,0.82,0.0,0.0,pix
real_001_s001_2026-05-18_16-03-17-731,001,001,1,P001,wikiart_practice/practice_wikiart_001_surrealistic_gouache.jpg,493,30.845435,1779113028.578256,8.2,198.0,22.0,2940,1912,1.112116,0.82,0.0,0.0,pix
real_001_s001_2026-05-18_16-03-17-731,001,001,1,P001,wikiart_practice/practice_wikiart_001_surrealistic_gouache.jpg,494,30.862102,1779113028.594923,8.216667,198.0,22.0,2940,1912,1.112116,0.82,0.0,0.0,pix
real_001_s001_2026-05-18_16-03-17-731,001,001,1,P001,wikiart_practice/practice_wikiart_001_surrealistic_gouache.jpg,495,30.878769,1779113028.611589,8.233333,198.0,22.0,2940,1912,1.112116,0.82,0.0,0.0,pix
real_001_s001_2026-05-18_16-03-17-731,001,001,1,P001,wikiart_practice/practice_wikiart_001_surrealistic_gouache.jpg,496,30.895435,1779113028.628256,8.25,198.0,22.0,2940,1912,1.112116,0.82,0.0,0.0,pix
real_001_s001_2026-05-18_16-03-17-731,001,001,1,P001,wikiart_practice/practice_wikiart_001_surrealistic_gouache.jpg,497,30.912102,1779113028.644922,8.266667,198.0,22.0,2940,1912,1.112116,0.82,0.0,0.0,pix
real_001_s001_2026-05-18_16-03-17-731,001,001,1,P001,wikiart_practice/practice_wikiart_001_surrealistic_gouache.jpg,498,30.928769,1779113028.661589,8.283333,198.0,22.0,2940,1912,1.112116,0.82,0.0,0.0,pix
real_001_s001_2026-05-18_16-03-17-731,001,001,1,P001,wikiart_practice/practice_wikiart_001_surrealistic_gouache.jpg,499,30.945435,1779113028.678256,8.3,198.0,22.0,2940,1912,1.112116,0.82,0.0,0.0,pix
real_001_s001_2026-05-18_16-03-17-731,001,001,1,P001,wikiart_practice/practice_wikiart_001_surrealistic_gouache.jpg,500,30.962102,1779113028.694922,8.316667,198.0,22.0,2940,1912,1.112116,0.82,0.0,0.0,pix
real_001_s001_2026-05-18_16-03-17-731,001,001,1,P001,wikiart_practice/practice_wikiart_001_surrealistic_gouache.jpg,501,30.978769,1779113028.711589,8.333333,198.0,22.0,2940,1912,1.112116,0.82,0.0,0.0,pix
real_001_s001_2026-05-18_16-03-17-731,001,001,1,P001,wikiart_practice/practice_wikiart_001_surrealistic_gouache.jpg,502,30.995435,1779113028.728256,8.35,198.0,22.0,2940,1912,1.112116,0.82,0.0,0.0,pix
real_001_s001_2026-05-18_16-03-17-731,001,001,1,P001,wikiart_practice/practice_wikiart_001_surrealistic_gouache.jpg,503,31.012102,1779113028.744922,8.366667,198.0,22.0,2940,1912,1.112116,0.82,0.0,0.0,pix
real_001_s001_2026-05-18_16-03-17-731,001,001,1,P001,wikiart_practice/practice_wikiart_001_surrealistic_gouache.jpg,504,31.028769,1779113028.761589,8.383333,198.0,22.0,2940,1912,1.112116,0.82,0.0,0.0,pix
real_001_s001_2026-05-18_16-03-17-731,001,001,1,P001,wikiart_practice/practice_wikiart_001_surrealistic_gouache.jpg,505,31.045435,1779113028.778256,8.4,198.0,22.0,2940,1912,1.112116,0.82,0.0,0.0,pix
real_001_s001_2026-05-18_16-03-17-731,001,001,1,P001,wikiart_practice/practice_wikiart_001_surrealistic_gouache.jpg,506,31.062102,1779113028.794923,8.416667,198.0,22.0,2940,1912,1.112116,0.82,0.0,0.0,pix
real_001_s001_2026-05-18_16-03-17-731,001,001,1,P001,wikiart_practice/practice_wikiart_001_surrealistic_gouache.jpg,507,31.078769,1779113028.811589,8.433333,198.0,22.0,2940,1912,1.112116,0.82,0.0,0.0,pix
real_001_s001_2026-05-18_16-03-17-731,001,001,1,P001,wikiart_practice/practice_wikiart_001_surrealistic_gouache.jpg,508,31.095435,1779113028.828256,8.45,198.0,22.0,2940,1912,1.112116,0.82,0.0,0.0,pix
real_001_s001_2026-05-18_16-03-17-731,001,001,1,P001,wikiart_practice/practice_wikiart_001_surrealistic_gouache.jpg,509,31.112102,1779113028.844923,8.466667,198.0,22.0,2940,1912,1.112116,0.82,0.0,0.0,pix
real_001_s001_2026-05-18_16-03-17-731,001,001,1,P001,wikiart_practice/practice_wikiart_001_surrealistic_gouache.jpg,510,31.128769,1779113028.861589,8.483333,198.0,22.0,2940,1912,1.112116,0.82,0.0,0.0,pix
real_001_s001_2026-05-18_16-03-17-731,001,001,1,P001,wikiart_practice/practice_wikiart_001_surrealistic_gouache.jpg,511,31.145435,1779113028.878256,8.5,198.0,22.0,2940,1912,1.112116,0.82,0.0,0.0,pix
real_001_s001_2026-05-18_16-03-17-731,001,001,1,P001,wikiart_practice/practice_wikiart_001_surrealistic_gouache.jpg,512,31.162102,1779113028.894922,8.516667,198.0,22.0,2940,1912,1.112116,0.82,0.0,0.0,pix
real_001_s001_2026-05-18_16-03-17-731,001,001,1,P001,wikiart_practice/practice_wikiart_001_surrealistic_gouache.jpg,513,31.178769,1779113028.911589,8.533333,198.0,22.0,2940,1912,1.112116,0.82,0.0,0.0,pix
real_001_s001_2026-05-18_16-03-17-731,001,001,1,P001,wikiart_practice/practice_wikiart_001_surrealistic_gouache.jpg,514,31.195435,1779113028.928256,8.55,198.0,22.0,2940,1912,1.112116,0.82,0.0,0.0,pix
real_001_s001_2026-05-18_16-03-17-731,001,001,1,P001,wikiart_practice/practice_wikiart_001_surrealistic_gouache.jpg,515,31.212102,1779113028.944922,8.566667,198.0,22.0,2940,1912,1.112116,0.82,0.0,0.0,pix
real_001_s001_2026-05-18_16-03-17-731,001,001,1,P001,wikiart_practice/practice_wikiart_001_surrealistic_gouache.jpg,516,31.228769,1779113028.961589,8.583333,198.0,22.0,2940,1912,1.112116,0.82,0.0,0.0,pix
real_001_s001_2026-05-18_16-03-17-731,001,001,1,P001,wikiart_practice/practice_wikiart_001_surrealistic_gouache.jpg,517,31.245435,1779113028.978256,8.6,198.0,22.0,2940,1912,1.112116,0.82,0.0,0.0,pix
real_001_s001_2026-05-18_16-03-17-731,001,001,1,P001,wikiart_practice/practice_wikiart_001_surrealistic_gouache.jpg,518,31.262102,1779113028.994922,8.616667,198.0,22.0,2940,1912,1.112116,0.82,0.0,0.0,pix
real_001_s001_2026-05-18_16-03-17-731,001,001,1,P001,wikiart_practice/practice_wikiart_001_surrealistic_gouache.jpg,519,31.278769,1779113029.011589,8.633333,198.0,22.0,2940,1912,1.112116,0.82,0.0,0.0,pix
real_001_s001_2026-05-18_16-03-17-731,001,001,1,P001,wikiart_practice/practice_wikiart_001_surrealistic_gouache.jpg,520,31.295435,1779113029.028256,8.65,198.0,22.0,2940,1912,1.112116,0.82,0.0,0.0,pix
real_001_s001_2026-05-18_16-03-17-731,001,001,1,P001,wikiart_practice/practice_wikiart_001_surrealistic_gouache.jpg,521,31.312102,1779113029.044923,8.666667,198.0,22.0,2940,1912,1.112116,0.82,0.0,0.0,pix
real_001_s001_2026-05-18_16-03-17-731,001,001,1,P001,wikiart_practice/practice_wikiart_001_surrealistic_gouache.jpg,522,31.328769,1779113029.061589,8.683333,198.0,22.0,2940,1912,1.112116,0.82,0.0,0.0,pix
real_001_s001_2026-05-18_16-03-17-731,001,001,1,P001,wikiart_practice/practice_wikiart_001_surrealistic_gouache.jpg,523,31.345435,1779113029.078256,8.7,198.0,22.0,2940,1912,1.112116,0.82,0.0,0.0,pix
real_001_s001_2026-05-18_16-03-17-731,001,001,1,P001,wikiart_practice/practice_wikiart_001_surrealistic_gouache.jpg,524,31.362102,1779113029.094923,8.716667,198.0,22.0,2940,1912,1.112116,0.82,0.0,0.0,pix
real_001_s001_2026-05-18_16-03-17-731,001,001,1,P001,wikiart_practice/practice_wikiart_001_surrealistic_gouache.jpg,525,31.378769,1779113029.111589,8.733333,198.0,22.0,2940,1912,1.112116,0.82,0.0,0.0,pix
real_001_s001_2026-05-18_16-03-17-731,001,001,1,P001,wikiart_practice/practice_wikiart_001_surrealistic_gouache.jpg,526,31.395435,1779113029.128256,8.75,198.0,22.0,2940,1912,1.112116,0.82,0.0,0.0,pix
real_001_s001_2026-05-18_16-03-17-731,001,001,1,P001,wikiart_practice/practice_wikiart_001_surrealistic_gouache.jpg,527,31.412102,1779113029.144922,8.766667,198.0,22.0,2940,1912,1.112116,0.82,0.0,0.0,pix
real_001_s001_2026-05-18_16-03-17-731,001,001,1,P001,wikiart_practice/practice_wikiart_001_surrealistic_gouache.jpg,528,31.428769,1779113029.161589,8.783333,198.0,22.0,2940,1912,1.112116,0.82,0.0,0.0,pix
real_001_s001_2026-05-18_16-03-17-731,001,001,1,P001,wikiart_practice/practice_wikiart_001_surrealistic_gouache.jpg,529,31.445435,1779113029.178256,8.8,198.0,22.0,2940,1912,1.112116,0.82,0.0,0.0,pix
real_001_s001_2026-05-18_16-03-17-731,001,001,1,P001,wikiart_practice/practice_wikiart_001_surrealistic_gouache.jpg,530,31.462102,1779113029.194922,8.816667,198.0,22.0,2940,1912,1.112116,0.82,0.0,0.0,pix
real_001_s001_2026-05-18_16-03-17-731,001,001,1,P001,wikiart_practice/practice_wikiart_001_surrealistic_gouache.jpg,531,31.478769,1779113029.211589,8.833333,198.0,22.0,2940,1912,1.112116,0.82,0.0,0.0,pix
real_001_s001_2026-05-18_16-03-17-731,001,001,1,P001,wikiart_practice/practice_wikiart_001_surrealistic_gouache.jpg,532,31.495435,1779113029.228256,8.85,198.0,22.0,2940,1912,1.112116,0.82,0.0,0.0,pix
real_001_s001_2026-05-18_16-03-17-731,001,001,1,P001,wikiart_practice/practice_wikiart_001_surrealistic_gouache.jpg,533,31.512102,1779113029.244922,8.866667,198.0,22.0,2940,1912,1.112116,0.82,0.0,0.0,pix
real_001_s001_2026-05-18_16-03-17-731,001,001,1,P001,wikiart_practice/practice_wikiart_001_surrealistic_gouache.jpg,534,31.528769,1779113029.261589,8.883333,198.0,22.0,2940,1912,1.112116,0.82,0.0,0.0,pix
real_001_s001_2026-05-18_16-03-17-731,001,001,1,P001,wikiart_practice/practice_wikiart_001_surrealistic_gouache.jpg,535,31.545435,1779113029.278256,8.9,198.0,22.0,2940,1912,1.112116,0.82,0.0,0.0,pix
real_001_s001_2026-05-18_16-03-17-731,001,001,1,P001,wikiart_practice/practice_wikiart_001_surrealistic_gouache.jpg,536,31.562102,1779113029.294923,8.916667,198.0,22.0,2940,1912,1.112116,0.82,0.0,0.0,pix
real_001_s001_2026-05-18_16-03-17-731,001,001,1,P001,wikiart_practice/practice_wikiart_001_surrealistic_gouache.jpg,537,31.578769,1779113029.311589,8.933333,198.0,22.0,2940,1912,1.112116,0.82,0.0,0.0,pix
real_001_s001_2026-05-18_16-03-17-731,001,001,1,P001,wikiart_practice/practice_wikiart_001_surrealistic_gouache.jpg,538,31.595435,1779113029.328256,8.95,198.0,22.0,2940,1912,1.112116,0.82,0.0,0.0,pix
real_001_s001_2026-05-18_16-03-17-731,001,001,1,P001,wikiart_practice/practice_wikiart_001_surrealistic_gouache.jpg,539,31.612102,1779113029.344923,8.966667,198.0,22.0,2940,1912,1.112116,0.82,0.0,0.0,pix
real_001_s001_2026-05-18_16-03-17-731,001,001,1,P001,wikiart_practice/practice_wikiart_001_surrealistic_gouache.jpg,540,31.628769,1779113029.361589,8.983333,198.0,22.0,2940,1912,1.112116,0.82,0.0,0.0,pix
real_001_s001_2026-05-18_16-03-17-731,001,001,1,P001,wikiart_practice/practice_wikiart_001_surrealistic_gouache.jpg,541,31.645435,1779113029.378256,9.0,198.0,22.0,2940,1912,1.112116,0.82,0.0,0.0,pix
real_001_s001_2026-05-18_16-03-17-731,001,001,1,P001,wikiart_practice/practice_wikiart_001_surrealistic_gouache.jpg,542,31.662102,1779113029.394922,9.016667,198.0,22.0,2940,1912,1.112116,0.82,0.0,0.0,pix
real_001_s001_2026-05-18_16-03-17-731,001,001,1,P001,wikiart_practice/practice_wikiart_001_surrealistic_gouache.jpg,543,31.678769,1779113029.411589,9.033333,198.0,22.0,2940,1912,1.112116,0.82,0.0,0.0,pix
real_001_s001_2026-05-18_16-03-17-731,001,001,1,P001,wikiart_practice/practice_wikiart_001_surrealistic_gouache.jpg,544,31.695435,1779113029.428256,9.05,198.0,22.0,2940,1912,1.112116,0.82,0.0,0.0,pix
real_001_s001_2026-05-18_16-03-17-731,001,001,1,P001,wikiart_practice/practice_wikiart_001_surrealistic_gouache.jpg,545,31.712102,1779113029.444922,9.066667,198.0,22.0,2940,1912,1.112116,0.82,0.0,0.0,pix
real_001_s001_2026-05-18_16-03-17-731,001,001,1,P001,wikiart_practice/practice_wikiart_001_surrealistic_gouache.jpg,546,31.728769,1779113029.461589,9.083333,198.0,22.0,2940,1912,1.112116,0.82,0.0,0.0,pix
real_001_s001_2026-05-18_16-03-17-731,001,001,1,P001,wikiart_practice/practice_wikiart_001_surrealistic_gouache.jpg,547,31.745435,1779113029.478256,9.1,198.0,22.0,2940,1912,1.112116,0.82,0.0,0.0,pix
real_001_s001_2026-05-18_16-03-17-731,001,001,1,P001,wikiart_practice/practice_wikiart_001_surrealistic_gouache.jpg,548,31.762102,1779113029.494922,9.116667,198.0,22.0,2940,1912,1.112116,0.82,0.0,0.0,pix
real_001_s001_2026-05-18_16-03-17-731,001,001,1,P001,wikiart_practice/practice_wikiart_001_surrealistic_gouache.jpg,549,31.778769,1779113029.511589,9.133333,198.0,22.0,2940,1912,1.112116,0.82,0.0,0.0,pix
real_001_s001_2026-05-18_16-03-17-731,001,001,1,P001,wikiart_practice/practice_wikiart_001_surrealistic_gouache.jpg,550,31.795435,1779113029.528256,9.15,198.0,22.0,2940,1912,1.112116,0.82,0.0,0.0,pix
real_001_s001_2026-05-18_16-03-17-731,001,001,1,P001,wikiart_practice/practice_wikiart_001_surrealistic_gouache.jpg,551,31.812102,1779113029.544923,9.166667,198.0,22.0,2940,1912,1.112116,0.82,0.0,0.0,pix
real_001_s001_2026-05-18_16-03-17-731,001,001,1,P001,wikiart_practice/practice_wikiart_001_surrealistic_gouache.jpg,552,31.828769,1779113029.561589,9.183333,198.0,22.0,2940,1912,1.112116,0.82,0.0,0.0,pix
real_001_s001_2026-05-18_16-03-17-731,001,001,1,P001,wikiart_practice/practice_wikiart_001_surrealistic_gouache.jpg,553,31.845435,1779113029.578256,9.2,198.0,22.0,2940,1912,1.112116,0.82,0.0,0.0,pix
real_001_s001_2026-05-18_16-03-17-731,001,001,1,P001,wikiart_practice/practice_wikiart_001_surrealistic_gouache.jpg,554,31.862102,1779113029.594923,9.216667,198.0,22.0,2940,1912,1.112116,0.82,0.0,0.0,pix
real_001_s001_2026-05-18_16-03-17-731,001,001,1,P001,wikiart_practice/practice_wikiart_001_surrealistic_gouache.jpg,555,31.878769,1779113029.611589,9.233333,198.0,22.0,2940,1912,1.112116,0.82,0.0,0.0,pix
real_001_s001_2026-05-18_16-03-17-731,001,001,1,P001,wikiart_practice/practice_wikiart_001_surrealistic_gouache.jpg,556,31.895435,1779113029.628256,9.25,198.0,22.0,2940,1912,1.112116,0.82,0.0,0.0,pix
real_001_s001_2026-05-18_16-03-17-731,001,001,1,P001,wikiart_practice/practice_wikiart_001_surrealistic_gouache.jpg,557,31.912102,1779113029.644922,9.266667,198.0,22.0,2940,1912,1.112116,0.82,0.0,0.0,pix
real_001_s001_2026-05-18_16-03-17-731,001,001,1,P001,wikiart_practice/practice_wikiart_001_surrealistic_gouache.jpg,558,31.928769,1779113029.661589,9.283333,198.0,22.0,2940,1912,1.112116,0.82,0.0,0.0,pix
real_001_s001_2026-05-18_16-03-17-731,001,001,1,P001,wikiart_practice/practice_wikiart_001_surrealistic_gouache.jpg,559,31.945435,1779113029.678256,9.3,198.0,22.0,2940,1912,1.112116,0.82,0.0,0.0,pix
real_001_s001_2026-05-18_16-03-17-731,001,001,1,P001,wikiart_practice/practice_wikiart_001_surrealistic_gouache.jpg,560,31.962102,1779113029.694922,9.316667,198.0,22.0,2940,1912,1.112116,0.82,0.0,0.0,pix
real_001_s001_2026-05-18_16-03-17-731,001,001,1,P001,wikiart_practice/practice_wikiart_001_surrealistic_gouache.jpg,561,31.978769,1779113029.711589,9.333333,198.0,22.0,2940,1912,1.112116,0.82,0.0,0.0,pix
real_001_s001_2026-05-18_16-03-17-731,001,001,1,P001,wikiart_practice/practice_wikiart_001_surrealistic_gouache.jpg,562,31.995435,1779113029.728256,9.35,198.0,22.0,2940,1912,1.112116,0.82,0.0,0.0,pix
real_001_s001_2026-05-18_16-03-17-731,001,001,1,P001,wikiart_practice/practice_wikiart_001_surrealistic_gouache.jpg,563,32.012102,1779113029.744922,9.366667,198.0,22.0,2940,1912,1.112116,0.82,0.0,0.0,pix
real_001_s001_2026-05-18_16-03-17-731,001,001,1,P001,wikiart_practice/practice_wikiart_001_surrealistic_gouache.jpg,564,32.028769,1779113029.761589,9.383333,198.0,22.0,2940,1912,1.112116,0.82,0.0,0.0,pix
real_001_s001_2026-05-18_16-03-17-731,001,001,1,P001,wikiart_practice/practice_wikiart_001_surrealistic_gouache.jpg,565,32.045435,1779113029.778256,9.4,198.0,22.0,2940,1912,1.112116,0.82,0.0,0.0,pix
real_001_s001_2026-05-18_16-03-17-731,001,001,1,P001,wikiart_practice/practice_wikiart_001_surrealistic_gouache.jpg,566,32.062102,1779113029.794923,9.416667,198.0,22.0,2940,1912,1.112116,0.82,0.0,0.0,pix
real_001_s001_2026-05-18_16-03-17-731,001,001,1,P001,wikiart_practice/practice_wikiart_001_surrealistic_gouache.jpg,567,32.078769,1779113029.811589,9.433333,198.0,22.0,2940,1912,1.112116,0.82,0.0,0.0,pix
real_001_s001_2026-05-18_16-03-17-731,001,001,1,P001,wikiart_practice/practice_wikiart_001_surrealistic_gouache.jpg,568,32.095435,1779113029.828256,9.45,198.0,22.0,2940,1912,1.112116,0.82,0.0,0.0,pix
real_001_s001_2026-05-18_16-03-17-731,001,001,1,P001,wikiart_practice/practice_wikiart_001_surrealistic_gouache.jpg,569,32.112102,1779113029.844923,9.466667,198.0,22.0,2940,1912,1.112116,0.82,0.0,0.0,pix
real_001_s001_2026-05-18_16-03-17-731,001,001,1,P001,wikiart_practice/practice_wikiart_001_surrealistic_gouache.jpg,570,32.128769,1779113029.861589,9.483333,198.0,22.0,2940,1912,1.112116,0.82,0.0,0.0,pix
real_001_s001_2026-05-18_16-03-17-731,001,001,1,P001,wikiart_practice/practice_wikiart_001_surrealistic_gouache.jpg,571,32.145435,1779113029.878256,9.5,198.0,22.0,2940,1912,1.112116,0.82,0.0,0.0,pix
real_001_s001_2026-05-18_16-03-17-731,001,001,1,P001,wikiart_practice/practice_wikiart_001_surrealistic_gouache.jpg,572,32.162102,1779113029.894922,9.516667,198.0,22.0,2940,1912,1.112116,0.82,0.0,0.0,pix
real_001_s001_2026-05-18_16-03-17-731,001,001,1,P001,wikiart_practice/practice_wikiart_001_surrealistic_gouache.jpg,573,32.178769,1779113029.911589,9.533333,198.0,22.0,2940,1912,1.112116,0.82,0.0,0.0,pix
real_001_s001_2026-05-18_16-03-17-731,001,001,1,P001,wikiart_practice/practice_wikiart_001_surrealistic_gouache.jpg,574,32.195435,1779113029.928256,9.55,198.0,22.0,2940,1912,1.112116,0.82,0.0,0.0,pix
real_001_s001_2026-05-18_16-03-17-731,001,001,1,P001,wikiart_practice/practice_wikiart_001_surrealistic_gouache.jpg,575,32.212102,1779113029.944922,9.566667,198.0,22.0,2940,1912,1.112116,0.82,0.0,0.0,pix
real_001_s001_2026-05-18_16-03-17-731,001,001,1,P001,wikiart_practice/practice_wikiart_001_surrealistic_gouache.jpg,576,32.228769,1779113029.961589,9.583333,198.0,22.0,2940,1912,1.112116,0.82,0.0,0.0,pix
real_001_s001_2026-05-18_16-03-17-731,001,001,1,P001,wikiart_practice/practice_wikiart_001_surrealistic_gouache.jpg,577,32.245435,1779113029.978256,9.6,198.0,22.0,2940,1912,1.112116,0.82,0.0,0.0,pix
real_001_s001_2026-05-18_16-03-17-731,001,001,1,P001,wikiart_practice/practice_wikiart_001_surrealistic_gouache.jpg,578,32.262102,1779113029.994922,9.616667,198.0,22.0,2940,1912,1.112116,0.82,0.0,0.0,pix
real_001_s001_2026-05-18_16-03-17-731,001,001,1,P001,wikiart_practice/practice_wikiart_001_surrealistic_gouache.jpg,579,32.278769,1779113030.011589,9.633333,198.0,22.0,2940,1912,1.112116,0.82,0.0,0.0,pix
real_001_s001_2026-05-18_16-03-17-731,001,001,1,P001,wikiart_practice/practice_wikiart_001_surrealistic_gouache.jpg,580,32.295435,1779113030.028256,9.65,198.0,22.0,2940,1912,1.112116,0.82,0.0,0.0,pix
real_001_s001_2026-05-18_16-03-17-731,001,001,1,P001,wikiart_practice/practice_wikiart_001_surrealistic_gouache.jpg,581,32.312102,1779113030.044923,9.666667,198.0,22.0,2940,1912,1.112116,0.82,0.0,0.0,pix
real_001_s001_2026-05-18_16-03-17-731,001,001,1,P001,wikiart_practice/practice_wikiart_001_surrealistic_gouache.jpg,582,32.328769,1779113030.061589,9.683333,198.0,22.0,2940,1912,1.112116,0.82,0.0,0.0,pix
real_001_s001_2026-05-18_16-03-17-731,001,001,1,P001,wikiart_practice/practice_wikiart_001_surrealistic_gouache.jpg,583,32.345435,1779113030.078256,9.7,198.0,22.0,2940,1912,1.112116,0.82,0.0,0.0,pix
real_001_s001_2026-05-18_16-03-17-731,001,001,1,P001,wikiart_practice/practice_wikiart_001_surrealistic_gouache.jpg,584,32.362102,1779113030.094923,9.716667,198.0,22.0,2940,1912,1.112116,0.82,0.0,0.0,pix
real_001_s001_2026-05-18_16-03-17-731,001,001,1,P001,wikiart_practice/practice_wikiart_001_surrealistic_gouache.jpg,585,32.378769,1779113030.111589,9.733333,198.0,22.0,2940,1912,1.112116,0.82,0.0,0.0,pix
real_001_s001_2026-05-18_16-03-17-731,001,001,1,P001,wikiart_practice/practice_wikiart_001_surrealistic_gouache.jpg,586,32.395435,1779113030.128256,9.75,198.0,22.0,2940,1912,1.112116,0.82,0.0,0.0,pix
real_001_s001_2026-05-18_16-03-17-731,001,001,1,P001,wikiart_practice/practice_wikiart_001_surrealistic_gouache.jpg,587,32.412102,1779113030.144922,9.766667,198.0,22.0,2940,1912,1.112116,0.82,0.0,0.0,pix
real_001_s001_2026-05-18_16-03-17-731,001,001,1,P001,wikiart_practice/practice_wikiart_001_surrealistic_gouache.jpg,588,32.428769,1779113030.161589,9.783333,198.0,22.0,2940,1912,1.112116,0.82,0.0,0.0,pix
real_001_s001_2026-05-18_16-03-17-731,001,001,1,P001,wikiart_practice/practice_wikiart_001_surrealistic_gouache.jpg,589,32.445435,1779113030.178256,9.8,198.0,22.0,2940,1912,1.112116,0.82,0.0,0.0,pix
real_001_s001_2026-05-18_16-03-17-731,001,001,1,P001,wikiart_practice/practice_wikiart_001_surrealistic_gouache.jpg,590,32.462102,1779113030.194922,9.816667,198.0,22.0,2940,1912,1.112116,0.82,0.0,0.0,pix
real_001_s001_2026-05-18_16-03-17-731,001,001,1,P001,wikiart_practice/practice_wikiart_001_surrealistic_gouache.jpg,591,32.478769,1779113030.211589,9.833333,198.0,22.0,2940,1912,1.112116,0.82,0.0,0.0,pix
real_001_s001_2026-05-18_16-03-17-731,001,001,1,P001,wikiart_practice/practice_wikiart_001_surrealistic_gouache.jpg,592,32.495435,1779113030.228256,9.85,198.0,22.0,2940,1912,1.112116,0.82,0.0,0.0,pix
real_001_s001_2026-05-18_16-03-17-731,001,001,1,P001,wikiart_practice/practice_wikiart_001_surrealistic_gouache.jpg,593,32.512102,1779113030.244922,9.866667,198.0,22.0,2940,1912,1.112116,0.82,0.0,0.0,pix
real_001_s001_2026-05-18_16-03-17-731,001,001,1,P001,wikiart_practice/practice_wikiart_001_surrealistic_gouache.jpg,594,32.528769,1779113030.261589,9.883333,198.0,22.0,2940,1912,1.112116,0.82,0.0,0.0,pix
real_001_s001_2026-05-18_16-03-17-731,001,001,1,P001,wikiart_practice/practice_wikiart_001_surrealistic_gouache.jpg,595,32.545435,1779113030.278256,9.9,198.0,22.0,2940,1912,1.112116,0.82,0.0,0.0,pix
real_001_s001_2026-05-18_16-03-17-731,001,001,1,P001,wikiart_practice/practice_wikiart_001_surrealistic_gouache.jpg,596,32.562102,1779113030.294923,9.916667,198.0,22.0,2940,1912,1.112116,0.82,0.0,0.0,pix
real_001_s001_2026-05-18_16-03-17-731,001,001,1,P001,wikiart_practice/practice_wikiart_001_surrealistic_gouache.jpg,597,32.578769,1779113030.311589,9.933333,198.0,22.0,2940,1912,1.112116,0.82,0.0,0.0,pix
real_001_s001_2026-05-18_16-03-17-731,001,001,1,P001,wikiart_practice/practice_wikiart_001_surrealistic_gouache.jpg,598,32.595435,1779113030.328256,9.95,198.0,22.0,2940,1912,1.112116,0.82,0.0,0.0,pix
real_001_s001_2026-05-18_16-03-17-731,001,001,1,P001,wikiart_practice/practice_wikiart_001_surrealistic_gouache.jpg,599,32.612102,1779113030.344923,9.966667,198.0,22.0,2940,1912,1.112116,0.82,0.0,0.0,pix
real_001_s001_2026-05-18_16-03-17-731,001,001,1,P001,wikiart_practice/practice_wikiart_001_surrealistic_gouache.jpg,600,32.628769,1779113030.361589,9.983333,198.0,22.0,2940,1912,1.112116,0.82,0.0,0.0,pix
real_001_s001_2026-05-18_16-03-17-731,001,001,1,P001,wikiart_practice/practice_wikiart_001_surrealistic_gouache.jpg,601,32.645435,1779113030.378256,10.0,198.0,22.0,2940,1912,1.112116,0.82,0.0,0.0,pix
real_001_s001_2026-05-18_16-03-17-731,001,001,1,P001,wikiart_practice/practice_wikiart_001_surrealistic_gouache.jpg,602,32.662102,1779113030.394922,10.016667,198.0,22.0,2940,1912,1.112116,0.82,0.0,0.0,pix
real_001_s001_2026-05-18_16-03-17-731,001,001,1,P001,wikiart_practice/practice_wikiart_001_surrealistic_gouache.jpg,603,32.678769,1779113030.411589,10.033333,198.0,22.0,2940,1912,1.112116,0.82,0.0,0.0,pix
real_001_s001_2026-05-18_16-03-17-731,001,001,1,P001,wikiart_practice/practice_wikiart_001_surrealistic_gouache.jpg,604,32.695435,1779113030.428256,10.05,198.0,22.0,2940,1912,1.112116,0.82,0.0,0.0,pix
real_001_s001_2026-05-18_16-03-17-731,001,001,1,P001,wikiart_practice/practice_wikiart_001_surrealistic_gouache.jpg,605,32.712102,1779113030.444922,10.066667,198.0,22.0,2940,1912,1.112116,0.82,0.0,0.0,pix
real_001_s001_2026-05-18_16-03-17-731,001,001,1,P001,wikiart_practice/practice_wikiart_001_surrealistic_gouache.jpg,606,32.728769,1779113030.461589,10.083333,198.0,22.0,2940,1912,1.112116,0.82,0.0,0.0,pix
real_001_s001_2026-05-18_16-03-17-731,001,001,1,P001,wikiart_practice/practice_wikiart_001_surrealistic_gouache.jpg,607,32.745435,1779113030.478256,10.1,198.0,22.0,2940,1912,1.112116,0.82,0.0,0.0,pix
real_001_s001_2026-05-18_16-03-17-731,001,001,1,P001,wikiart_practice/practice_wikiart_001_surrealistic_gouache.jpg,608,32.762102,1779113030.494922,10.116667,198.0,22.0,2940,1912,1.112116,0.82,0.0,0.0,pix
real_001_s001_2026-05-18_16-03-17-731,001,001,1,P001,wikiart_practice/practice_wikiart_001_surrealistic_gouache.jpg,609,32.778769,1779113030.511589,10.133333,198.0,22.0,2940,1912,1.112116,0.82,0.0,0.0,pix
real_001_s001_2026-05-18_16-03-17-731,001,001,1,P001,wikiart_practice/practice_wikiart_001_surrealistic_gouache.jpg,610,32.795435,1779113030.528256,10.15,198.0,22.0,2940,1912,1.112116,0.82,0.0,0.0,pix
real_001_s001_2026-05-18_16-03-17-731,001,001,1,P001,wikiart_practice/practice_wikiart_001_surrealistic_gouache.jpg,611,32.812102,1779113030.544923,10.166667,198.0,22.0,2940,1912,1.112116,0.82,0.0,0.0,pix
real_001_s001_2026-05-18_16-03-17-731,001,001,1,P001,wikiart_practice/practice_wikiart_001_surrealistic_gouache.jpg,612,32.828769,1779113030.561589,10.183333,198.0,22.0,2940,1912,1.112116,0.82,0.0,0.0,pix
real_001_s001_2026-05-18_16-03-17-731,001,001,1,P001,wikiart_practice/practice_wikiart_001_surrealistic_gouache.jpg,613,32.845435,1779113030.578256,10.2,198.0,22.0,2940,1912,1.112116,0.82,0.0,0.0,pix
real_001_s001_2026-05-18_16-03-17-731,001,001,1,P001,wikiart_practice/practice_wikiart_001_surrealistic_gouache.jpg,614,32.862102,1779113030.594923,10.216667,198.0,22.0,2940,1912,1.112116,0.82,0.0,0.0,pix
real_001_s001_2026-05-18_16-03-17-731,001,001,1,P001,wikiart_practice/practice_wikiart_001_surrealistic_gouache.jpg,615,32.878769,1779113030.611589,10.233333,198.0,22.0,2940,1912,1.112116,0.82,0.0,0.0,pix
real_001_s001_2026-05-18_16-03-17-731,001,001,1,P001,wikiart_practice/practice_wikiart_001_surrealistic_gouache.jpg,616,32.895435,1779113030.628256,10.25,198.0,22.0,2940,1912,1.112116,0.82,0.0,0.0,pix
real_001_s001_2026-05-18_16-03-17-731,001,001,1,P001,wikiart_practice/practice_wikiart_001_surrealistic_gouache.jpg,617,32.912102,1779113030.644922,10.266667,198.0,22.0,2940,1912,1.112116,0.82,0.0,0.0,pix
real_001_s001_2026-05-18_16-03-17-731,001,001,1,P001,wikiart_practice/practice_wikiart_001_surrealistic_gouache.jpg,618,32.928769,1779113030.661589,10.283333,198.0,22.0,2940,1912,1.112116,0.82,0.0,0.0,pix
real_001_s001_2026-05-18_16-03-17-731,001,001,1,P001,wikiart_practice/practice_wikiart_001_surrealistic_gouache.jpg,619,32.945435,1779113030.678256,10.3,198.0,22.0,2940,1912,1.112116,0.82,0.0,0.0,pix
real_001_s001_2026-05-18_16-03-17-731,001,001,1,P001,wikiart_practice/practice_wikiart_001_surrealistic_gouache.jpg,620,32.962102,1779113030.694922,10.316667,198.0,22.0,2940,1912,1.112116,0.82,0.0,0.0,pix
real_001_s001_2026-05-18_16-03-17-731,001,001,1,P001,wikiart_practice/practice_wikiart_001_surrealistic_gouache.jpg,621,32.978769,1779113030.711589,10.333333,198.0,22.0,2940,1912,1.112116,0.82,0.0,0.0,pix
real_001_s001_2026-05-18_16-03-17-731,001,001,1,P001,wikiart_practice/practice_wikiart_001_surrealistic_gouache.jpg,622,32.995435,1779113030.728256,10.35,198.0,22.0,2940,1912,1.112116,0.82,0.0,0.0,pix
real_001_s001_2026-05-18_16-03-17-731,001,001,1,P001,wikiart_practice/practice_wikiart_001_surrealistic_gouache.jpg,623,33.012102,1779113030.744922,10.366667,198.0,22.0,2940,1912,1.112116,0.82,0.0,0.0,pix
real_001_s001_2026-05-18_16-03-17-731,001,001,1,P001,wikiart_practice/practice_wikiart_001_surrealistic_gouache.jpg,624,33.028769,1779113030.761589,10.383333,198.0,22.0,2940,1912,1.112116,0.82,0.0,0.0,pix
real_001_s001_2026-05-18_16-03-17-731,001,001,1,P001,wikiart_practice/practice_wikiart_001_surrealistic_gouache.jpg,625,33.045435,1779113030.778256,10.4,198.0,22.0,2940,1912,1.112116,0.82,0.0,0.0,pix
real_001_s001_2026-05-18_16-03-17-731,001,001,1,P001,wikiart_practice/practice_wikiart_001_surrealistic_gouache.jpg,626,33.062102,1779113030.794923,10.416667,198.0,22.0,2940,1912,1.112116,0.82,0.0,0.0,pix
real_001_s001_2026-05-18_16-03-17-731,001,001,1,P001,wikiart_practice/practice_wikiart_001_surrealistic_gouache.jpg,627,33.078769,1779113030.811589,10.433333,198.0,22.0,2940,1912,1.112116,0.82,0.0,0.0,pix
real_001_s001_2026-05-18_16-03-17-731,001,001,1,P001,wikiart_practice/practice_wikiart_001_surrealistic_gouache.jpg,628,33.095435,1779113030.828256,10.45,198.0,22.0,2940,1912,1.112116,0.82,0.0,0.0,pix
real_001_s001_2026-05-18_16-03-17-731,001,001,1,P001,wikiart_practice/practice_wikiart_001_surrealistic_gouache.jpg,629,33.112102,1779113030.844923,10.466667,198.0,22.0,2940,1912,1.112116,0.82,0.0,0.0,pix
real_001_s001_2026-05-18_16-03-17-731,001,001,1,P001,wikiart_practice/practice_wikiart_001_surrealistic_gouache.jpg,630,33.128769,1779113030.861589,10.483333,198.0,22.0,2940,1912,1.112116,0.82,0.0,0.0,pix
real_001_s001_2026-05-18_16-03-17-731,001,001,1,P001,wikiart_practice/practice_wikiart_001_surrealistic_gouache.jpg,631,33.145435,1779113030.878256,10.5,198.0,22.0,2940,1912,1.112116,0.82,0.0,0.0,pix
real_001_s001_2026-05-18_16-03-17-731,001,001,1,P001,wikiart_practice/practice_wikiart_001_surrealistic_gouache.jpg,632,33.162102,1779113030.894922,10.516667,198.0,22.0,2940,1912,1.112116,0.82,0.0,0.0,pix
real_001_s001_2026-05-18_16-03-17-731,001,001,1,P001,wikiart_practice/practice_wikiart_001_surrealistic_gouache.jpg,633,33.178769,1779113030.911589,10.533333,198.0,22.0,2940,1912,1.112116,0.82,0.0,0.0,pix
real_001_s001_2026-05-18_16-03-17-731,001,001,1,P001,wikiart_practice/practice_wikiart_001_surrealistic_gouache.jpg,634,33.195435,1779113030.928256,10.55,198.0,22.0,2940,1912,1.112116,0.82,0.0,0.0,pix
real_001_s001_2026-05-18_16-03-17-731,001,001,1,P001,wikiart_practice/practice_wikiart_001_surrealistic_gouache.jpg,635,33.212102,1779113030.944922,10.566667,198.0,22.0,2940,1912,1.112116,0.82,0.0,0.0,pix
real_001_s001_2026-05-18_16-03-17-731,001,001,1,P001,wikiart_practice/practice_wikiart_001_surrealistic_gouache.jpg,636,33.228769,1779113030.961589,10.583333,198.0,22.0,2940,1912,1.112116,0.82,0.0,0.0,pix
real_001_s001_2026-05-18_16-03-17-731,001,001,1,P001,wikiart_practice/practice_wikiart_001_surrealistic_gouache.jpg,637,33.245435,1779113030.978256,10.6,198.0,22.0,2940,1912,1.112116,0.82,0.0,0.0,pix
real_001_s001_2026-05-18_16-03-17-731,001,001,1,P001,wikiart_practice/practice_wikiart_001_surrealistic_gouache.jpg,638,33.262102,1779113030.994922,10.616667,198.0,22.0,2940,1912,1.112116,0.82,0.0,0.0,pix
real_001_s001_2026-05-18_16-03-17-731,001,001,1,P001,wikiart_practice/practice_wikiart_001_surrealistic_gouache.jpg,639,33.278769,1779113031.011589,10.633333,198.0,22.0,2940,1912,1.112116,0.82,0.0,0.0,pix
real_001_s001_2026-05-18_16-03-17-731,001,001,1,P001,wikiart_practice/practice_wikiart_001_surrealistic_gouache.jpg,640,33.295435,1779113031.028256,10.65,198.0,22.0,2940,1912,1.112116,0.82,0.0,0.0,pix
real_001_s001_2026-05-18_16-03-17-731,001,001,1,P001,wikiart_practice/practice_wikiart_001_surrealistic_gouache.jpg,641,33.312102,1779113031.044923,10.666667,198.0,22.0,2940,1912,1.112116,0.82,0.0,0.0,pix
real_001_s001_2026-05-18_16-03-17-731,001,001,1,P001,wikiart_practice/practice_wikiart_001_surrealistic_gouache.jpg,642,33.328769,1779113031.061589,10.683333,198.0,22.0,2940,1912,1.112116,0.82,0.0,0.0,pix
real_001_s001_2026-05-18_16-03-17-731,001,001,1,P001,wikiart_practice/practice_wikiart_001_surrealistic_gouache.jpg,643,33.345435,1779113031.078256,10.7,198.0,22.0,2940,1912,1.112116,0.82,0.0,0.0,pix
real_001_s001_2026-05-18_16-03-17-731,001,001,1,P001,wikiart_practice/practice_wikiart_001_surrealistic_gouache.jpg,644,33.362102,1779113031.094923,10.716667,198.0,22.0,2940,1912,1.112116,0.82,0.0,0.0,pix
real_001_s001_2026-05-18_16-03-17-731,001,001,1,P001,wikiart_practice/practice_wikiart_001_surrealistic_gouache.jpg,645,33.378769,1779113031.111589,10.733333,198.0,22.0,2940,1912,1.112116,0.82,0.0,0.0,pix
real_001_s001_2026-05-18_16-03-17-731,001,001,1,P001,wikiart_practice/practice_wikiart_001_surrealistic_gouache.jpg,646,33.395435,1779113031.128256,10.75,198.0,22.0,2940,1912,1.112116,0.82,0.0,0.0,pix
real_001_s001_2026-05-18_16-03-17-731,001,001,1,P001,wikiart_practice/practice_wikiart_001_surrealistic_gouache.jpg,647,33.412102,1779113031.144922,10.766667,198.0,22.0,2940,1912,1.112116,0.82,0.0,0.0,pix
real_001_s001_2026-05-18_16-03-17-731,001,001,1,P001,wikiart_practice/practice_wikiart_001_surrealistic_gouache.jpg,648,33.428769,1779113031.161589,10.783333,198.0,22.0,2940,1912,1.112116,0.82,0.0,0.0,pix
real_001_s001_2026-05-18_16-03-17-731,001,001,2,P002,wikiart_practice/practice_wikiart_002_untitled_abstract_composition_1964.jpg,1,36.411931,1779113034.144763,0.0,198.0,22.0,2940,1912,0.578473,0.82,0.0,0.0,pix
real_001_s001_2026-05-18_16-03-17-731,001,001,2,P002,wikiart_practice/practice_wikiart_002_untitled_abstract_composition_1964.jpg,2,36.428598,1779113034.16143,0.016667,198.0,22.0,2940,1912,0.578473,0.82,0.0,0.0,pix
real_001_s001_2026-05-18_16-03-17-731,001,001,2,P002,wikiart_practice/practice_wikiart_002_untitled_abstract_composition_1964.jpg,3,36.445264,1779113034.178096,0.033333,198.0,22.0,2940,1912,0.578473,0.82,0.0,0.0,pix
real_001_s001_2026-05-18_16-03-17-731,001,001,2,P002,wikiart_practice/practice_wikiart_002_untitled_abstract_composition_1964.jpg,4,36.461931,1779113034.194763,0.05,198.0,22.0,2940,1912,0.578473,0.82,0.0,0.0,pix
real_001_s001_2026-05-18_16-03-17-731,001,001,2,P002,wikiart_practice/practice_wikiart_002_untitled_abstract_composition_1964.jpg,5,36.478598,1779113034.21143,0.066667,198.0,22.0,2940,1912,0.578473,0.82,0.0,0.0,pix
real_001_s001_2026-05-18_16-03-17-731,001,001,2,P002,wikiart_practice/practice_wikiart_002_untitled_abstract_composition_1964.jpg,6,36.495264,1779113034.228096,0.083333,198.0,22.0,2940,1912,0.578473,0.82,0.0,0.0,pix
real_001_s001_2026-05-18_16-03-17-731,001,001,2,P002,wikiart_practice/practice_wikiart_002_untitled_abstract_composition_1964.jpg,7,36.511931,1779113034.244763,0.1,198.0,22.0,2940,1912,0.578473,0.82,0.0,0.0,pix
real_001_s001_2026-05-18_16-03-17-731,001,001,2,P002,wikiart_practice/practice_wikiart_002_untitled_abstract_composition_1964.jpg,8,36.528598,1779113034.26143,0.116667,198.0,22.0,2940,1912,0.578473,0.82,0.0,0.0,pix
real_001_s001_2026-05-18_16-03-17-731,001,001,2,P002,wikiart_practice/practice_wikiart_002_untitled_abstract_composition_1964.jpg,9,36.545264,1779113034.278096,0.133333,198.0,22.0,2940,1912,0.578473,0.82,0.0,0.0,pix
real_001_s001_2026-05-18_16-03-17-731,001,001,2,P002,wikiart_practice/practice_wikiart_002_untitled_abstract_composition_1964.jpg,10,36.561931,1779113034.294763,0.15,198.0,22.0,2940,1912,0.578473,0.82,0.0,0.0,pix
real_001_s001_2026-05-18_16-03-17-731,001,001,2,P002,wikiart_practice/practice_wikiart_002_untitled_abstract_composition_1964.jpg,11,36.578598,1779113034.31143,0.166667,198.0,22.0,2940,1912,0.578473,0.82,0.0,0.0,pix
real_001_s001_2026-05-18_16-03-17-731,001,001,2,P002,wikiart_practice/practice_wikiart_002_untitled_abstract_composition_1964.jpg,12,36.595264,1779113034.328096,0.183333,198.0,22.0,2940,1912,0.578473,0.82,0.0,0.0,pix
real_001_s001_2026-05-18_16-03-17-731,001,001,2,P002,wikiart_practice/practice_wikiart_002_untitled_abstract_composition_1964.jpg,13,36.611931,1779113034.344763,0.2,198.0,22.0,2940,1912,0.578473,0.82,0.0,0.0,pix
real_001_s001_2026-05-18_16-03-17-731,001,001,2,P002,wikiart_practice/practice_wikiart_002_untitled_abstract_composition_1964.jpg,14,36.628598,1779113034.36143,0.216667,198.0,22.0,2940,1912,0.578473,0.82,0.0,0.0,pix
real_001_s001_2026-05-18_16-03-17-731,001,001,2,P002,wikiart_practice/practice_wikiart_002_untitled_abstract_composition_1964.jpg,15,36.645264,1779113034.378096,0.233333,198.0,22.0,2940,1912,0.578473,0.82,0.0,0.0,pix
real_001_s001_2026-05-18_16-03-17-731,001,001,2,P002,wikiart_practice/practice_wikiart_002_untitled_abstract_composition_1964.jpg,16,36.661931,1779113034.394763,0.25,198.0,22.0,2940,1912,0.578473,0.82,0.0,0.0,pix
real_001_s001_2026-05-18_16-03-17-731,001,001,2,P002,wikiart_practice/practice_wikiart_002_untitled_abstract_composition_1964.jpg,17,36.678598,1779113034.41143,0.266667,198.0,22.0,2940,1912,0.578473,0.82,0.0,0.0,pix
real_001_s001_2026-05-18_16-03-17-731,001,001,2,P002,wikiart_practice/practice_wikiart_002_untitled_abstract_composition_1964.jpg,18,36.695264,1779113034.428096,0.283333,198.0,22.0,2940,1912,0.578473,0.82,0.0,0.0,pix
real_001_s001_2026-05-18_16-03-17-731,001,001,2,P002,wikiart_practice/practice_wikiart_002_untitled_abstract_composition_1964.jpg,19,36.711931,1779113034.444763,0.3,198.0,22.0,2940,1912,0.578473,0.82,0.0,0.0,pix
real_001_s001_2026-05-18_16-03-17-731,001,001,2,P002,wikiart_practice/practice_wikiart_002_untitled_abstract_composition_1964.jpg,20,36.728598,1779113034.46143,0.316667,198.0,22.0,2940,1912,0.578473,0.82,0.0,0.0,pix
real_001_s001_2026-05-18_16-03-17-731,001,001,2,P002,wikiart_practice/practice_wikiart_002_untitled_abstract_composition_1964.jpg,21,36.745264,1779113034.478096,0.333333,198.0,22.0,2940,1912,0.578473,0.82,0.0,0.0,pix
real_001_s001_2026-05-18_16-03-17-731,001,001,2,P002,wikiart_practice/practice_wikiart_002_untitled_abstract_composition_1964.jpg,22,36.761931,1779113034.494763,0.35,198.0,22.0,2940,1912,0.578473,0.82,0.0,0.0,pix
real_001_s001_2026-05-18_16-03-17-731,001,001,2,P002,wikiart_practice/practice_wikiart_002_untitled_abstract_composition_1964.jpg,23,36.778598,1779113034.51143,0.366667,198.0,22.0,2940,1912,0.578473,0.82,0.0,0.0,pix
real_001_s001_2026-05-18_16-03-17-731,001,001,2,P002,wikiart_practice/practice_wikiart_002_untitled_abstract_composition_1964.jpg,24,36.795264,1779113034.528096,0.383333,198.0,22.0,2940,1912,0.578473,0.82,0.0,0.0,pix
real_001_s001_2026-05-18_16-03-17-731,001,001,2,P002,wikiart_practice/practice_wikiart_002_untitled_abstract_composition_1964.jpg,25,36.811931,1779113034.544763,0.4,198.0,22.0,2940,1912,0.578473,0.82,0.0,0.0,pix
real_001_s001_2026-05-18_16-03-17-731,001,001,2,P002,wikiart_practice/practice_wikiart_002_untitled_abstract_composition_1964.jpg,26,36.828598,1779113034.56143,0.416667,198.0,22.0,2940,1912,0.578473,0.82,0.0,0.0,pix
real_001_s001_2026-05-18_16-03-17-731,001,001,2,P002,wikiart_practice/practice_wikiart_002_untitled_abstract_composition_1964.jpg,27,36.845264,1779113034.578096,0.433333,198.0,22.0,2940,1912,0.578473,0.82,0.0,0.0,pix
real_001_s001_2026-05-18_16-03-17-731,001,001,2,P002,wikiart_practice/practice_wikiart_002_untitled_abstract_composition_1964.jpg,28,36.861931,1779113034.594763,0.45,198.0,22.0,2940,1912,0.578473,0.82,0.0,0.0,pix
real_001_s001_2026-05-18_16-03-17-731,001,001,2,P002,wikiart_practice/practice_wikiart_002_untitled_abstract_composition_1964.jpg,29,36.878598,1779113034.61143,0.466667,198.0,22.0,2940,1912,0.578473,0.82,0.0,0.0,pix
real_001_s001_2026-05-18_16-03-17-731,001,001,2,P002,wikiart_practice/practice_wikiart_002_untitled_abstract_composition_1964.jpg,30,36.895264,1779113034.628096,0.483333,198.0,22.0,2940,1912,0.578473,0.82,0.0,0.0,pix
real_001_s001_2026-05-18_16-03-17-731,001,001,2,P002,wikiart_practice/practice_wikiart_002_untitled_abstract_composition_1964.jpg,31,36.911931,1779113034.644763,0.5,198.0,22.0,2940,1912,0.578473,0.82,0.0,0.0,pix
real_001_s001_2026-05-18_16-03-17-731,001,001,2,P002,wikiart_practice/practice_wikiart_002_untitled_abstract_composition_1964.jpg,32,36.928598,1779113034.66143,0.516667,198.0,22.0,2940,1912,0.578473,0.82,0.0,0.0,pix
real_001_s001_2026-05-18_16-03-17-731,001,001,2,P002,wikiart_practice/practice_wikiart_002_untitled_abstract_composition_1964.jpg,33,36.945264,1779113034.678096,0.533333,198.0,22.0,2940,1912,0.578473,0.82,0.0,0.0,pix
real_001_s001_2026-05-18_16-03-17-731,001,001,2,P002,wikiart_practice/practice_wikiart_002_untitled_abstract_composition_1964.jpg,34,36.961931,1779113034.694763,0.55,198.0,22.0,2940,1912,0.578473,0.82,0.0,0.0,pix
real_001_s001_2026-05-18_16-03-17-731,001,001,2,P002,wikiart_practice/practice_wikiart_002_untitled_abstract_composition_1964.jpg,35,36.978598,1779113034.71143,0.566667,198.0,22.0,2940,1912,0.578473,0.82,0.0,0.0,pix
real_001_s001_2026-05-18_16-03-17-731,001,001,2,P002,wikiart_practice/practice_wikiart_002_untitled_abstract_composition_1964.jpg,36,36.995264,1779113034.728096,0.583333,198.0,22.0,2940,1912,0.578473,0.82,0.0,0.0,pix
real_001_s001_2026-05-18_16-03-17-731,001,001,2,P002,wikiart_practice/practice_wikiart_002_untitled_abstract_composition_1964.jpg,37,37.011931,1779113034.744763,0.6,198.0,22.0,2940,1912,0.578473,0.82,0.0,0.0,pix
real_001_s001_2026-05-18_16-03-17-731,001,001,2,P002,wikiart_practice/practice_wikiart_002_untitled_abstract_composition_1964.jpg,38,37.028598,1779113034.76143,0.616667,198.0,22.0,2940,1912,0.578473,0.82,0.0,0.0,pix
real_001_s001_2026-05-18_16-03-17-731,001,001,2,P002,wikiart_practice/practice_wikiart_002_untitled_abstract_composition_1964.jpg,39,37.045264,1779113034.778096,0.633333,198.0,22.0,2940,1912,0.578473,0.82,0.0,0.0,pix
real_001_s001_2026-05-18_16-03-17-731,001,001,2,P002,wikiart_practice/practice_wikiart_002_untitled_abstract_composition_1964.jpg,40,37.061931,1779113034.794763,0.65,198.0,22.0,2940,1912,0.578473,0.82,0.0,0.0,pix
real_001_s001_2026-05-18_16-03-17-731,001,001,2,P002,wikiart_practice/practice_wikiart_002_untitled_abstract_composition_1964.jpg,41,37.078598,1779113034.81143,0.666667,198.0,22.0,2940,1912,0.578473,0.82,0.0,0.0,pix
real_001_s001_2026-05-18_16-03-17-731,001,001,2,P002,wikiart_practice/practice_wikiart_002_untitled_abstract_composition_1964.jpg,42,37.095264,1779113034.828096,0.683333,198.0,22.0,2940,1912,0.578473,0.82,0.0,0.0,pix
real_001_s001_2026-05-18_16-03-17-731,001,001,2,P002,wikiart_practice/practice_wikiart_002_untitled_abstract_composition_1964.jpg,43,37.111931,1779113034.844763,0.7,198.0,22.0,2940,1912,0.578473,0.82,0.0,0.0,pix
real_001_s001_2026-05-18_16-03-17-731,001,001,2,P002,wikiart_practice/practice_wikiart_002_untitled_abstract_composition_1964.jpg,44,37.128598,1779113034.86143,0.716667,198.0,22.0,2940,1912,0.578473,0.82,0.0,0.0,pix
real_001_s001_2026-05-18_16-03-17-731,001,001,2,P002,wikiart_practice/practice_wikiart_002_untitled_abstract_composition_1964.jpg,45,37.145264,1779113034.878096,0.733333,198.0,22.0,2940,1912,0.578473,0.82,0.0,0.0,pix
real_001_s001_2026-05-18_16-03-17-731,001,001,2,P002,wikiart_practice/practice_wikiart_002_untitled_abstract_composition_1964.jpg,46,37.161931,1779113034.894763,0.75,198.0,22.0,2940,1912,0.578473,0.82,0.0,0.0,pix
real_001_s001_2026-05-18_16-03-17-731,001,001,2,P002,wikiart_practice/practice_wikiart_002_untitled_abstract_composition_1964.jpg,47,37.178598,1779113034.91143,0.766667,198.0,22.0,2940,1912,0.578473,0.82,0.0,0.0,pix
real_001_s001_2026-05-18_16-03-17-731,001,001,2,P002,wikiart_practice/practice_wikiart_002_untitled_abstract_composition_1964.jpg,48,37.195264,1779113034.928096,0.783333,198.0,22.0,2940,1912,0.578473,0.82,0.0,0.0,pix
real_001_s001_2026-05-18_16-03-17-731,001,001,2,P002,wikiart_practice/practice_wikiart_002_untitled_abstract_composition_1964.jpg,49,37.211931,1779113034.944763,0.8,198.0,22.0,2940,1912,0.578473,0.82,0.0,0.0,pix
real_001_s001_2026-05-18_16-03-17-731,001,001,2,P002,wikiart_practice/practice_wikiart_002_untitled_abstract_composition_1964.jpg,50,37.228598,1779113034.96143,0.816667,198.0,22.0,2940,1912,0.578473,0.82,0.0,0.0,pix
real_001_s001_2026-05-18_16-03-17-731,001,001,2,P002,wikiart_practice/practice_wikiart_002_untitled_abstract_composition_1964.jpg,51,37.245264,1779113034.978096,0.833333,198.0,22.0,2940,1912,0.578473,0.82,0.0,0.0,pix
real_001_s001_2026-05-18_16-03-17-731,001,001,2,P002,wikiart_practice/practice_wikiart_002_untitled_abstract_composition_1964.jpg,52,37.261931,1779113034.994763,0.85,198.0,22.0,2940,1912,0.578473,0.82,0.0,0.0,pix
real_001_s001_2026-05-18_16-03-17-731,001,001,2,P002,wikiart_practice/practice_wikiart_002_untitled_abstract_composition_1964.jpg,53,37.278598,1779113035.01143,0.866667,198.0,22.0,2940,1912,0.578473,0.82,0.0,0.0,pix
real_001_s001_2026-05-18_16-03-17-731,001,001,2,P002,wikiart_practice/practice_wikiart_002_untitled_abstract_composition_1964.jpg,54,37.295264,1779113035.028096,0.883333,198.0,22.0,2940,1912,0.578473,0.82,0.0,0.0,pix
real_001_s001_2026-05-18_16-03-17-731,001,001,2,P002,wikiart_practice/practice_wikiart_002_untitled_abstract_composition_1964.jpg,55,37.311931,1779113035.044763,0.9,198.0,22.0,2940,1912,0.578473,0.82,0.0,0.0,pix
real_001_s001_2026-05-18_16-03-17-731,001,001,2,P002,wikiart_practice/practice_wikiart_002_untitled_abstract_composition_1964.jpg,56,37.328598,1779113035.06143,0.916667,198.0,22.0,2940,1912,0.578473,0.82,0.0,0.0,pix
real_001_s001_2026-05-18_16-03-17-731,001,001,2,P002,wikiart_practice/practice_wikiart_002_untitled_abstract_composition_1964.jpg,57,37.345264,1779113035.078096,0.933333,198.0,22.0,2940,1912,0.578473,0.82,0.0,0.0,pix
real_001_s001_2026-05-18_16-03-17-731,001,001,2,P002,wikiart_practice/practice_wikiart_002_untitled_abstract_composition_1964.jpg,58,37.361931,1779113035.094763,0.95,198.0,22.0,2940,1912,0.578473,0.82,0.0,0.0,pix
real_001_s001_2026-05-18_16-03-17-731,001,001,2,P002,wikiart_practice/practice_wikiart_002_untitled_abstract_composition_1964.jpg,59,37.378598,1779113035.11143,0.966667,198.0,22.0,2940,1912,0.578473,0.82,0.0,0.0,pix
real_001_s001_2026-05-18_16-03-17-731,001,001,2,P002,wikiart_practice/practice_wikiart_002_untitled_abstract_composition_1964.jpg,60,37.395264,1779113035.128096,0.983333,198.0,22.0,2940,1912,0.578473,0.82,0.0,0.0,pix
real_001_s001_2026-05-18_16-03-17-731,001,001,2,P002,wikiart_practice/practice_wikiart_002_untitled_abstract_composition_1964.jpg,61,37.411931,1779113035.144763,1.0,198.0,22.0,2940,1912,0.578473,0.82,0.0,0.0,pix
real_001_s001_2026-05-18_16-03-17-731,001,001,2,P002,wikiart_practice/practice_wikiart_002_untitled_abstract_composition_1964.jpg,62,37.428598,1779113035.16143,1.016667,198.0,22.0,2940,1912,0.578473,0.82,0.0,0.0,pix
real_001_s001_2026-05-18_16-03-17-731,001,001,2,P002,wikiart_practice/practice_wikiart_002_untitled_abstract_composition_1964.jpg,63,37.445264,1779113035.178096,1.033333,198.0,22.0,2940,1912,0.578473,0.82,0.0,0.0,pix
real_001_s001_2026-05-18_16-03-17-731,001,001,2,P002,wikiart_practice/practice_wikiart_002_untitled_abstract_composition_1964.jpg,64,37.461931,1779113035.194763,1.05,198.0,22.0,2940,1912,0.578473,0.82,0.0,0.0,pix
real_001_s001_2026-05-18_16-03-17-731,001,001,2,P002,wikiart_practice/practice_wikiart_002_untitled_abstract_composition_1964.jpg,65,37.478598,1779113035.21143,1.066667,198.0,22.0,2940,1912,0.578473,0.82,0.0,0.0,pix
real_001_s001_2026-05-18_16-03-17-731,001,001,2,P002,wikiart_practice/practice_wikiart_002_untitled_abstract_composition_1964.jpg,66,37.495264,1779113035.228096,1.083333,198.0,22.0,2940,1912,0.578473,0.82,0.0,0.0,pix
real_001_s001_2026-05-18_16-03-17-731,001,001,2,P002,wikiart_practice/practice_wikiart_002_untitled_abstract_composition_1964.jpg,67,37.511931,1779113035.244763,1.1,198.0,22.0,2940,1912,0.578473,0.82,0.0,0.0,pix
real_001_s001_2026-05-18_16-03-17-731,001,001,2,P002,wikiart_practice/practice_wikiart_002_untitled_abstract_composition_1964.jpg,68,37.528598,1779113035.26143,1.116667,198.0,22.0,2940,1912,0.578473,0.82,0.0,0.0,pix
real_001_s001_2026-05-18_16-03-17-731,001,001,2,P002,wikiart_practice/practice_wikiart_002_untitled_abstract_composition_1964.jpg,69,37.545264,1779113035.278096,1.133333,198.0,22.0,2940,1912,0.578473,0.82,0.0,0.0,pix
real_001_s001_2026-05-18_16-03-17-731,001,001,2,P002,wikiart_practice/practice_wikiart_002_untitled_abstract_composition_1964.jpg,70,37.561931,1779113035.294763,1.15,198.0,22.0,2940,1912,0.578473,0.82,0.0,0.0,pix
real_001_s001_2026-05-18_16-03-17-731,001,001,2,P002,wikiart_practice/practice_wikiart_002_untitled_abstract_composition_1964.jpg,71,37.578598,1779113035.31143,1.166667,198.0,22.0,2940,1912,0.578473,0.82,0.0,0.0,pix
real_001_s001_2026-05-18_16-03-17-731,001,001,2,P002,wikiart_practice/practice_wikiart_002_untitled_abstract_composition_1964.jpg,72,37.595264,1779113035.328096,1.183333,198.0,22.0,2940,1912,0.578473,0.82,0.0,0.0,pix
real_001_s001_2026-05-18_16-03-17-731,001,001,2,P002,wikiart_practice/practice_wikiart_002_untitled_abstract_composition_1964.jpg,73,37.611931,1779113035.344763,1.2,198.0,22.0,2940,1912,0.578473,0.82,0.0,0.0,pix
real_001_s001_2026-05-18_16-03-17-731,001,001,2,P002,wikiart_practice/practice_wikiart_002_untitled_abstract_composition_1964.jpg,74,37.628598,1779113035.36143,1.216667,198.0,22.0,2940,1912,0.578473,0.82,0.0,0.0,pix
real_001_s001_2026-05-18_16-03-17-731,001,001,2,P002,wikiart_practice/practice_wikiart_002_untitled_abstract_composition_1964.jpg,75,37.645264,1779113035.378096,1.233333,198.0,22.0,2940,1912,0.578473,0.82,0.0,0.0,pix
real_001_s001_2026-05-18_16-03-17-731,001,001,2,P002,wikiart_practice/practice_wikiart_002_untitled_abstract_composition_1964.jpg,76,37.661931,1779113035.394763,1.25,198.0,22.0,2940,1912,0.578473,0.82,0.0,0.0,pix
real_001_s001_2026-05-18_16-03-17-731,001,001,2,P002,wikiart_practice/practice_wikiart_002_untitled_abstract_composition_1964.jpg,77,37.678598,1779113035.41143,1.266667,198.0,22.0,2940,1912,0.578473,0.82,0.0,0.0,pix
real_001_s001_2026-05-18_16-03-17-731,001,001,2,P002,wikiart_practice/practice_wikiart_002_untitled_abstract_composition_1964.jpg,78,37.695264,1779113035.428096,1.283333,198.0,22.0,2940,1912,0.578473,0.82,0.0,0.0,pix
real_001_s001_2026-05-18_16-03-17-731,001,001,2,P002,wikiart_practice/practice_wikiart_002_untitled_abstract_composition_1964.jpg,79,37.711931,1779113035.444763,1.3,198.0,22.0,2940,1912,0.578473,0.82,0.0,0.0,pix
real_001_s001_2026-05-18_16-03-17-731,001,001,2,P002,wikiart_practice/practice_wikiart_002_untitled_abstract_composition_1964.jpg,80,37.728598,1779113035.46143,1.316667,198.0,22.0,2940,1912,0.578473,0.82,0.0,0.0,pix
real_001_s001_2026-05-18_16-03-17-731,001,001,2,P002,wikiart_practice/practice_wikiart_002_untitled_abstract_composition_1964.jpg,81,37.745264,1779113035.478096,1.333333,198.0,22.0,2940,1912,0.578473,0.82,0.0,0.0,pix
real_001_s001_2026-05-18_16-03-17-731,001,001,2,P002,wikiart_practice/practice_wikiart_002_untitled_abstract_composition_1964.jpg,82,37.761931,1779113035.494763,1.35,198.0,22.0,2940,1912,0.578473,0.82,0.0,0.0,pix
real_001_s001_2026-05-18_16-03-17-731,001,001,2,P002,wikiart_practice/practice_wikiart_002_untitled_abstract_composition_1964.jpg,83,37.778598,1779113035.51143,1.366667,198.0,22.0,2940,1912,0.578473,0.82,0.0,0.0,pix
real_001_s001_2026-05-18_16-03-17-731,001,001,2,P002,wikiart_practice/practice_wikiart_002_untitled_abstract_composition_1964.jpg,84,37.795264,1779113035.528096,1.383333,198.0,22.0,2940,1912,0.578473,0.82,0.0,0.0,pix
real_001_s001_2026-05-18_16-03-17-731,001,001,2,P002,wikiart_practice/practice_wikiart_002_untitled_abstract_composition_1964.jpg,85,37.811931,1779113035.544763,1.4,198.0,22.0,2940,1912,0.578473,0.82,0.0,0.0,pix
real_001_s001_2026-05-18_16-03-17-731,001,001,2,P002,wikiart_practice/practice_wikiart_002_untitled_abstract_composition_1964.jpg,86,37.828598,1779113035.56143,1.416667,198.0,22.0,2940,1912,0.578473,0.82,0.0,0.0,pix
real_001_s001_2026-05-18_16-03-17-731,001,001,2,P002,wikiart_practice/practice_wikiart_002_untitled_abstract_composition_1964.jpg,87,37.845264,1779113035.578096,1.433333,198.0,22.0,2940,1912,0.578473,0.82,0.0,0.0,pix
real_001_s001_2026-05-18_16-03-17-731,001,001,2,P002,wikiart_practice/practice_wikiart_002_untitled_abstract_composition_1964.jpg,88,37.861931,1779113035.594763,1.45,198.0,22.0,2940,1912,0.578473,0.82,0.0,0.0,pix
real_001_s001_2026-05-18_16-03-17-731,001,001,2,P002,wikiart_practice/practice_wikiart_002_untitled_abstract_composition_1964.jpg,89,37.878598,1779113035.61143,1.466667,198.0,22.0,2940,1912,0.578473,0.82,0.0,0.0,pix
real_001_s001_2026-05-18_16-03-17-731,001,001,2,P002,wikiart_practice/practice_wikiart_002_untitled_abstract_composition_1964.jpg,90,37.895264,1779113035.628096,1.483333,198.0,22.0,2940,1912,0.578473,0.82,0.0,0.0,pix
real_001_s001_2026-05-18_16-03-17-731,001,001,2,P002,wikiart_practice/practice_wikiart_002_untitled_abstract_composition_1964.jpg,91,37.911931,1779113035.644763,1.5,198.0,22.0,2940,1912,0.578473,0.82,0.0,0.0,pix
real_001_s001_2026-05-18_16-03-17-731,001,001,2,P002,wikiart_practice/practice_wikiart_002_untitled_abstract_composition_1964.jpg,92,37.928598,1779113035.66143,1.516667,198.0,22.0,2940,1912,0.578473,0.82,0.0,0.0,pix
real_001_s001_2026-05-18_16-03-17-731,001,001,2,P002,wikiart_practice/practice_wikiart_002_untitled_abstract_composition_1964.jpg,93,37.945264,1779113035.678096,1.533333,198.0,22.0,2940,1912,0.578473,0.82,0.0,0.0,pix
real_001_s001_2026-05-18_16-03-17-731,001,001,2,P002,wikiart_practice/practice_wikiart_002_untitled_abstract_composition_1964.jpg,94,37.961931,1779113035.694763,1.55,198.0,22.0,2940,1912,0.578473,0.82,0.0,0.0,pix
real_001_s001_2026-05-18_16-03-17-731,001,001,2,P002,wikiart_practice/practice_wikiart_002_untitled_abstract_composition_1964.jpg,95,37.978598,1779113035.71143,1.566667,198.0,22.0,2940,1912,0.578473,0.82,0.0,0.0,pix
real_001_s001_2026-05-18_16-03-17-731,001,001,2,P002,wikiart_practice/practice_wikiart_002_untitled_abstract_composition_1964.jpg,96,37.995264,1779113035.728096,1.583333,198.0,22.0,2940,1912,0.578473,0.82,0.0,0.0,pix
real_001_s001_2026-05-18_16-03-17-731,001,001,2,P002,wikiart_practice/practice_wikiart_002_untitled_abstract_composition_1964.jpg,97,38.011931,1779113035.744763,1.6,198.0,22.0,2940,1912,0.578473,0.82,0.0,0.0,pix
real_001_s001_2026-05-18_16-03-17-731,001,001,2,P002,wikiart_practice/practice_wikiart_002_untitled_abstract_composition_1964.jpg,98,38.028598,1779113035.76143,1.616667,198.0,22.0,2940,1912,0.578473,0.82,0.0,0.0,pix
real_001_s001_2026-05-18_16-03-17-731,001,001,2,P002,wikiart_practice/practice_wikiart_002_untitled_abstract_composition_1964.jpg,99,38.045264,1779113035.778096,1.633333,198.0,22.0,2940,1912,0.578473,0.82,0.0,0.0,pix
real_001_s001_2026-05-18_16-03-17-731,001,001,2,P002,wikiart_practice/practice_wikiart_002_untitled_abstract_composition_1964.jpg,100,38.061931,1779113035.794763,1.65,198.0,22.0,2940,1912,0.578473,0.82,0.0,0.0,pix
real_001_s001_2026-05-18_16-03-17-731,001,001,2,P002,wikiart_practice/practice_wikiart_002_untitled_abstract_composition_1964.jpg,101,38.078598,1779113035.81143,1.666667,198.0,22.0,2940,1912,0.578473,0.82,0.0,0.0,pix
real_001_s001_2026-05-18_16-03-17-731,001,001,2,P002,wikiart_practice/practice_wikiart_002_untitled_abstract_composition_1964.jpg,102,38.095264,1779113035.828096,1.683333,198.0,22.0,2940,1912,0.578473,0.82,0.0,0.0,pix
real_001_s001_2026-05-18_16-03-17-731,001,001,2,P002,wikiart_practice/practice_wikiart_002_untitled_abstract_composition_1964.jpg,103,38.111931,1779113035.844763,1.7,198.0,22.0,2940,1912,0.578473,0.82,0.0,0.0,pix
real_001_s001_2026-05-18_16-03-17-731,001,001,2,P002,wikiart_practice/practice_wikiart_002_untitled_abstract_composition_1964.jpg,104,38.128598,1779113035.86143,1.716667,198.0,22.0,2940,1912,0.578473,0.82,0.0,0.0,pix
real_001_s001_2026-05-18_16-03-17-731,001,001,2,P002,wikiart_practice/practice_wikiart_002_untitled_abstract_composition_1964.jpg,105,38.145264,1779113035.878096,1.733333,198.0,22.0,2940,1912,0.578473,0.82,0.0,0.0,pix
real_001_s001_2026-05-18_16-03-17-731,001,001,2,P002,wikiart_practice/practice_wikiart_002_untitled_abstract_composition_1964.jpg,106,38.161931,1779113035.894763,1.75,198.0,22.0,2940,1912,0.578473,0.82,0.0,0.0,pix
real_001_s001_2026-05-18_16-03-17-731,001,001,2,P002,wikiart_practice/practice_wikiart_002_untitled_abstract_composition_1964.jpg,107,38.178598,1779113035.91143,1.766667,198.0,22.0,2940,1912,0.578473,0.82,0.0,0.0,pix
real_001_s001_2026-05-18_16-03-17-731,001,001,2,P002,wikiart_practice/practice_wikiart_002_untitled_abstract_composition_1964.jpg,108,38.195264,1779113035.928096,1.783333,198.0,22.0,2940,1912,0.578473,0.82,0.0,0.0,pix
real_001_s001_2026-05-18_16-03-17-731,001,001,2,P002,wikiart_practice/practice_wikiart_002_untitled_abstract_composition_1964.jpg,109,38.211931,1779113035.944763,1.8,198.0,22.0,2940,1912,0.578473,0.82,0.0,0.0,pix
real_001_s001_2026-05-18_16-03-17-731,001,001,2,P002,wikiart_practice/practice_wikiart_002_untitled_abstract_composition_1964.jpg,110,38.228598,1779113035.96143,1.816667,198.0,22.0,2940,1912,0.578473,0.82,0.0,0.0,pix
real_001_s001_2026-05-18_16-03-17-731,001,001,2,P002,wikiart_practice/practice_wikiart_002_untitled_abstract_composition_1964.jpg,111,38.245264,1779113035.978096,1.833333,198.0,22.0,2940,1912,0.578473,0.82,0.0,0.0,pix
real_001_s001_2026-05-18_16-03-17-731,001,001,2,P002,wikiart_practice/practice_wikiart_002_untitled_abstract_composition_1964.jpg,112,38.261931,1779113035.994763,1.85,198.0,22.0,2940,1912,0.578473,0.82,0.0,0.0,pix
real_001_s001_2026-05-18_16-03-17-731,001,001,2,P002,wikiart_practice/practice_wikiart_002_untitled_abstract_composition_1964.jpg,113,38.278598,1779113036.01143,1.866667,198.0,22.0,2940,1912,0.578473,0.82,0.0,0.0,pix
real_001_s001_2026-05-18_16-03-17-731,001,001,2,P002,wikiart_practice/practice_wikiart_002_untitled_abstract_composition_1964.jpg,114,38.295264,1779113036.028096,1.883333,198.0,22.0,2940,1912,0.578473,0.82,0.0,0.0,pix
real_001_s001_2026-05-18_16-03-17-731,001,001,2,P002,wikiart_practice/practice_wikiart_002_untitled_abstract_composition_1964.jpg,115,38.311931,1779113036.044763,1.9,198.0,22.0,2940,1912,0.578473,0.82,0.0,0.0,pix
real_001_s001_2026-05-18_16-03-17-731,001,001,2,P002,wikiart_practice/practice_wikiart_002_untitled_abstract_composition_1964.jpg,116,38.328598,1779113036.06143,1.916667,198.0,22.0,2940,1912,0.578473,0.82,0.0,0.0,pix
real_001_s001_2026-05-18_16-03-17-731,001,001,2,P002,wikiart_practice/practice_wikiart_002_untitled_abstract_composition_1964.jpg,117,38.345264,1779113036.078096,1.933333,198.0,22.0,2940,1912,0.578473,0.82,0.0,0.0,pix
real_001_s001_2026-05-18_16-03-17-731,001,001,2,P002,wikiart_practice/practice_wikiart_002_untitled_abstract_composition_1964.jpg,118,38.361931,1779113036.094763,1.95,198.0,22.0,2940,1912,0.578473,0.82,0.0,0.0,pix
real_001_s001_2026-05-18_16-03-17-731,001,001,2,P002,wikiart_practice/practice_wikiart_002_untitled_abstract_composition_1964.jpg,119,38.378598,1779113036.11143,1.966667,198.0,22.0,2940,1912,0.578473,0.82,0.0,0.0,pix
real_001_s001_2026-05-18_16-03-17-731,001,001,2,P002,wikiart_practice/practice_wikiart_002_untitled_abstract_composition_1964.jpg,120,38.395264,1779113036.128096,1.983333,198.0,22.0,2940,1912,0.578473,0.82,0.0,0.0,pix
real_001_s001_2026-05-18_16-03-17-731,001,001,2,P002,wikiart_practice/practice_wikiart_002_untitled_abstract_composition_1964.jpg,121,38.411931,1779113036.144763,2.0,198.0,22.0,2940,1912,0.578473,0.82,0.0,0.0,pix
real_001_s001_2026-05-18_16-03-17-731,001,001,2,P002,wikiart_practice/practice_wikiart_002_untitled_abstract_composition_1964.jpg,122,38.428598,1779113036.16143,2.016667,198.0,22.0,2940,1912,0.578473,0.82,0.0,0.0,pix
real_001_s001_2026-05-18_16-03-17-731,001,001,2,P002,wikiart_practice/practice_wikiart_002_untitled_abstract_composition_1964.jpg,123,38.445264,1779113036.178096,2.033333,198.0,22.0,2940,1912,0.578473,0.82,0.0,0.0,pix
real_001_s001_2026-05-18_16-03-17-731,001,001,2,P002,wikiart_practice/practice_wikiart_002_untitled_abstract_composition_1964.jpg,124,38.461931,1779113036.194763,2.05,198.0,22.0,2940,1912,0.578473,0.82,0.0,0.0,pix
real_001_s001_2026-05-18_16-03-17-731,001,001,2,P002,wikiart_practice/practice_wikiart_002_untitled_abstract_composition_1964.jpg,125,38.478598,1779113036.21143,2.066667,198.0,22.0,2940,1912,0.578473,0.82,0.0,0.0,pix
real_001_s001_2026-05-18_16-03-17-731,001,001,2,P002,wikiart_practice/practice_wikiart_002_untitled_abstract_composition_1964.jpg,126,38.495264,1779113036.228096,2.083333,198.0,22.0,2940,1912,0.578473,0.82,0.0,0.0,pix
real_001_s001_2026-05-18_16-03-17-731,001,001,2,P002,wikiart_practice/practice_wikiart_002_untitled_abstract_composition_1964.jpg,127,38.511931,1779113036.244763,2.1,198.0,22.0,2940,1912,0.578473,0.82,0.0,0.0,pix
real_001_s001_2026-05-18_16-03-17-731,001,001,2,P002,wikiart_practice/practice_wikiart_002_untitled_abstract_composition_1964.jpg,128,38.528598,1779113036.26143,2.116667,198.0,22.0,2940,1912,0.578473,0.82,0.0,0.0,pix
real_001_s001_2026-05-18_16-03-17-731,001,001,2,P002,wikiart_practice/practice_wikiart_002_untitled_abstract_composition_1964.jpg,129,38.545264,1779113036.278096,2.133333,198.0,22.0,2940,1912,0.578473,0.82,0.0,0.0,pix
real_001_s001_2026-05-18_16-03-17-731,001,001,2,P002,wikiart_practice/practice_wikiart_002_untitled_abstract_composition_1964.jpg,130,38.561931,1779113036.294763,2.15,198.0,22.0,2940,1912,0.578473,0.82,0.0,0.0,pix
real_001_s001_2026-05-18_16-03-17-731,001,001,2,P002,wikiart_practice/practice_wikiart_002_untitled_abstract_composition_1964.jpg,131,38.578598,1779113036.31143,2.166667,198.0,22.0,2940,1912,0.578473,0.82,0.0,0.0,pix
real_001_s001_2026-05-18_16-03-17-731,001,001,2,P002,wikiart_practice/practice_wikiart_002_untitled_abstract_composition_1964.jpg,132,38.595264,1779113036.328096,2.183333,198.0,22.0,2940,1912,0.578473,0.82,0.0,0.0,pix
real_001_s001_2026-05-18_16-03-17-731,001,001,2,P002,wikiart_practice/practice_wikiart_002_untitled_abstract_composition_1964.jpg,133,38.611931,1779113036.344763,2.2,198.0,22.0,2940,1912,0.578473,0.82,0.0,0.0,pix
real_001_s001_2026-05-18_16-03-17-731,001,001,2,P002,wikiart_practice/practice_wikiart_002_untitled_abstract_composition_1964.jpg,134,38.628598,1779113036.36143,2.216667,198.0,22.0,2940,1912,0.578473,0.82,0.0,0.0,pix
real_001_s001_2026-05-18_16-03-17-731,001,001,2,P002,wikiart_practice/practice_wikiart_002_untitled_abstract_composition_1964.jpg,135,38.645264,1779113036.378096,2.233333,198.0,22.0,2940,1912,0.578473,0.82,0.0,0.0,pix
real_001_s001_2026-05-18_16-03-17-731,001,001,2,P002,wikiart_practice/practice_wikiart_002_untitled_abstract_composition_1964.jpg,136,38.661931,1779113036.394763,2.25,198.0,22.0,2940,1912,0.578473,0.82,0.0,0.0,pix
real_001_s001_2026-05-18_16-03-17-731,001,001,2,P002,wikiart_practice/practice_wikiart_002_untitled_abstract_composition_1964.jpg,137,38.678598,1779113036.41143,2.266667,198.0,22.0,2940,1912,0.578473,0.82,0.0,0.0,pix
real_001_s001_2026-05-18_16-03-17-731,001,001,2,P002,wikiart_practice/practice_wikiart_002_untitled_abstract_composition_1964.jpg,138,38.695264,1779113036.428096,2.283333,198.0,22.0,2940,1912,0.578473,0.82,0.0,0.0,pix
real_001_s001_2026-05-18_16-03-17-731,001,001,2,P002,wikiart_practice/practice_wikiart_002_untitled_abstract_composition_1964.jpg,139,38.711931,1779113036.444763,2.3,198.0,22.0,2940,1912,0.578473,0.82,0.0,0.0,pix
real_001_s001_2026-05-18_16-03-17-731,001,001,2,P002,wikiart_practice/practice_wikiart_002_untitled_abstract_composition_1964.jpg,140,38.728598,1779113036.46143,2.316667,198.0,22.0,2940,1912,0.578473,0.82,0.0,0.0,pix
real_001_s001_2026-05-18_16-03-17-731,001,001,2,P002,wikiart_practice/practice_wikiart_002_untitled_abstract_composition_1964.jpg,141,38.745264,1779113036.478096,2.333333,198.0,22.0,2940,1912,0.578473,0.82,0.0,0.0,pix
real_001_s001_2026-05-18_16-03-17-731,001,001,2,P002,wikiart_practice/practice_wikiart_002_untitled_abstract_composition_1964.jpg,142,38.761931,1779113036.494763,2.35,198.0,22.0,2940,1912,0.578473,0.82,0.0,0.0,pix
real_001_s001_2026-05-18_16-03-17-731,001,001,2,P002,wikiart_practice/practice_wikiart_002_untitled_abstract_composition_1964.jpg,143,38.778598,1779113036.51143,2.366667,198.0,22.0,2940,1912,0.578473,0.82,0.0,0.0,pix
real_001_s001_2026-05-18_16-03-17-731,001,001,2,P002,wikiart_practice/practice_wikiart_002_untitled_abstract_composition_1964.jpg,144,38.795264,1779113036.528096,2.383333,198.0,22.0,2940,1912,0.578473,0.82,0.0,0.0,pix
real_001_s001_2026-05-18_16-03-17-731,001,001,2,P002,wikiart_practice/practice_wikiart_002_untitled_abstract_composition_1964.jpg,145,38.811931,1779113036.544763,2.4,198.0,22.0,2940,1912,0.578473,0.82,0.0,0.0,pix
real_001_s001_2026-05-18_16-03-17-731,001,001,2,P002,wikiart_practice/practice_wikiart_002_untitled_abstract_composition_1964.jpg,146,38.828598,1779113036.56143,2.416667,198.0,22.0,2940,1912,0.578473,0.82,0.0,0.0,pix
real_001_s001_2026-05-18_16-03-17-731,001,001,2,P002,wikiart_practice/practice_wikiart_002_untitled_abstract_composition_1964.jpg,147,38.845264,1779113036.578096,2.433333,198.0,22.0,2940,1912,0.578473,0.82,0.0,0.0,pix
real_001_s001_2026-05-18_16-03-17-731,001,001,2,P002,wikiart_practice/practice_wikiart_002_untitled_abstract_composition_1964.jpg,148,38.861931,1779113036.594763,2.45,198.0,22.0,2940,1912,0.578473,0.82,0.0,0.0,pix
real_001_s001_2026-05-18_16-03-17-731,001,001,2,P002,wikiart_practice/practice_wikiart_002_untitled_abstract_composition_1964.jpg,149,38.878598,1779113036.61143,2.466667,198.0,22.0,2940,1912,0.578473,0.82,0.0,0.0,pix
real_001_s001_2026-05-18_16-03-17-731,001,001,2,P002,wikiart_practice/practice_wikiart_002_untitled_abstract_composition_1964.jpg,150,38.895264,1779113036.628096,2.483333,198.0,22.0,2940,1912,0.578473,0.82,0.0,0.0,pix
real_001_s001_2026-05-18_16-03-17-731,001,001,2,P002,wikiart_practice/practice_wikiart_002_untitled_abstract_composition_1964.jpg,151,38.911931,1779113036.644763,2.5,198.0,22.0,2940,1912,0.578473,0.82,0.0,0.0,pix
real_001_s001_2026-05-18_16-03-17-731,001,001,2,P002,wikiart_practice/practice_wikiart_002_untitled_abstract_composition_1964.jpg,152,38.928598,1779113036.66143,2.516667,198.0,22.0,2940,1912,0.578473,0.82,0.0,0.0,pix
real_001_s001_2026-05-18_16-03-17-731,001,001,2,P002,wikiart_practice/practice_wikiart_002_untitled_abstract_composition_1964.jpg,153,38.945264,1779113036.678096,2.533333,198.0,22.0,2940,1912,0.578473,0.82,0.0,0.0,pix
real_001_s001_2026-05-18_16-03-17-731,001,001,2,P002,wikiart_practice/practice_wikiart_002_untitled_abstract_composition_1964.jpg,154,38.961931,1779113036.694763,2.55,198.0,22.0,2940,1912,0.578473,0.82,0.0,0.0,pix
real_001_s001_2026-05-18_16-03-17-731,001,001,2,P002,wikiart_practice/practice_wikiart_002_untitled_abstract_composition_1964.jpg,155,38.978598,1779113036.71143,2.566667,198.0,22.0,2940,1912,0.578473,0.82,0.0,0.0,pix
real_001_s001_2026-05-18_16-03-17-731,001,001,2,P002,wikiart_practice/practice_wikiart_002_untitled_abstract_composition_1964.jpg,156,38.995264,1779113036.728096,2.583333,198.0,22.0,2940,1912,0.578473,0.82,0.0,0.0,pix
real_001_s001_2026-05-18_16-03-17-731,001,001,2,P002,wikiart_practice/practice_wikiart_002_untitled_abstract_composition_1964.jpg,157,39.011931,1779113036.744763,2.6,198.0,22.0,2940,1912,0.578473,0.82,0.0,0.0,pix
real_001_s001_2026-05-18_16-03-17-731,001,001,2,P002,wikiart_practice/practice_wikiart_002_untitled_abstract_composition_1964.jpg,158,39.028598,1779113036.76143,2.616667,198.0,22.0,2940,1912,0.578473,0.82,0.0,0.0,pix
real_001_s001_2026-05-18_16-03-17-731,001,001,2,P002,wikiart_practice/practice_wikiart_002_untitled_abstract_composition_1964.jpg,159,39.045264,1779113036.778096,2.633333,198.0,22.0,2940,1912,0.578473,0.82,0.0,0.0,pix
real_001_s001_2026-05-18_16-03-17-731,001,001,2,P002,wikiart_practice/practice_wikiart_002_untitled_abstract_composition_1964.jpg,160,39.061931,1779113036.794763,2.65,198.0,22.0,2940,1912,0.578473,0.82,0.0,0.0,pix
real_001_s001_2026-05-18_16-03-17-731,001,001,2,P002,wikiart_practice/practice_wikiart_002_untitled_abstract_composition_1964.jpg,161,39.078598,1779113036.81143,2.666667,198.0,22.0,2940,1912,0.578473,0.82,0.0,0.0,pix
real_001_s001_2026-05-18_16-03-17-731,001,001,2,P002,wikiart_practice/practice_wikiart_002_untitled_abstract_composition_1964.jpg,162,39.095264,1779113036.828096,2.683333,198.0,22.0,2940,1912,0.578473,0.82,0.0,0.0,pix
real_001_s001_2026-05-18_16-03-17-731,001,001,2,P002,wikiart_practice/practice_wikiart_002_untitled_abstract_composition_1964.jpg,163,39.111931,1779113036.844763,2.7,198.0,22.0,2940,1912,0.578473,0.82,0.0,0.0,pix
real_001_s001_2026-05-18_16-03-17-731,001,001,2,P002,wikiart_practice/practice_wikiart_002_untitled_abstract_composition_1964.jpg,164,39.128598,1779113036.86143,2.716667,198.0,22.0,2940,1912,0.578473,0.82,0.0,0.0,pix
real_001_s001_2026-05-18_16-03-17-731,001,001,2,P002,wikiart_practice/practice_wikiart_002_untitled_abstract_composition_1964.jpg,165,39.145264,1779113036.878096,2.733333,198.0,22.0,2940,1912,0.578473,0.82,0.0,0.0,pix
real_001_s001_2026-05-18_16-03-17-731,001,001,2,P002,wikiart_practice/practice_wikiart_002_untitled_abstract_composition_1964.jpg,166,39.161931,1779113036.894763,2.75,198.0,22.0,2940,1912,0.578473,0.82,0.0,0.0,pix
real_001_s001_2026-05-18_16-03-17-731,001,001,2,P002,wikiart_practice/practice_wikiart_002_untitled_abstract_composition_1964.jpg,167,39.178598,1779113036.91143,2.766667,198.0,22.0,2940,1912,0.578473,0.82,0.0,0.0,pix
real_001_s001_2026-05-18_16-03-17-731,001,001,2,P002,wikiart_practice/practice_wikiart_002_untitled_abstract_composition_1964.jpg,168,39.195264,1779113036.928096,2.783333,198.0,22.0,2940,1912,0.578473,0.82,0.0,0.0,pix
real_001_s001_2026-05-18_16-03-17-731,001,001,2,P002,wikiart_practice/practice_wikiart_002_untitled_abstract_composition_1964.jpg,169,39.211931,1779113036.944763,2.8,198.0,22.0,2940,1912,0.578473,0.82,0.0,0.0,pix
real_001_s001_2026-05-18_16-03-17-731,001,001,2,P002,wikiart_practice/practice_wikiart_002_untitled_abstract_composition_1964.jpg,170,39.228598,1779113036.96143,2.816667,198.0,22.0,2940,1912,0.578473,0.82,0.0,0.0,pix
real_001_s001_2026-05-18_16-03-17-731,001,001,2,P002,wikiart_practice/practice_wikiart_002_untitled_abstract_composition_1964.jpg,171,39.245264,1779113036.978096,2.833333,198.0,22.0,2940,1912,0.578473,0.82,0.0,0.0,pix
real_001_s001_2026-05-18_16-03-17-731,001,001,2,P002,wikiart_practice/practice_wikiart_002_untitled_abstract_composition_1964.jpg,172,39.261931,1779113036.994763,2.85,198.0,22.0,2940,1912,0.578473,0.82,0.0,0.0,pix
real_001_s001_2026-05-18_16-03-17-731,001,001,2,P002,wikiart_practice/practice_wikiart_002_untitled_abstract_composition_1964.jpg,173,39.278598,1779113037.01143,2.866667,198.0,22.0,2940,1912,0.578473,0.82,0.0,0.0,pix
real_001_s001_2026-05-18_16-03-17-731,001,001,2,P002,wikiart_practice/practice_wikiart_002_untitled_abstract_composition_1964.jpg,174,39.295264,1779113037.028096,2.883333,198.0,22.0,2940,1912,0.578473,0.82,0.0,0.0,pix
real_001_s001_2026-05-18_16-03-17-731,001,001,2,P002,wikiart_practice/practice_wikiart_002_untitled_abstract_composition_1964.jpg,175,39.311931,1779113037.044763,2.9,198.0,22.0,2940,1912,0.578473,0.82,0.0,0.0,pix
real_001_s001_2026-05-18_16-03-17-731,001,001,2,P002,wikiart_practice/practice_wikiart_002_untitled_abstract_composition_1964.jpg,176,39.328598,1779113037.06143,2.916667,198.0,22.0,2940,1912,0.578473,0.82,0.0,0.0,pix
real_001_s001_2026-05-18_16-03-17-731,001,001,2,P002,wikiart_practice/practice_wikiart_002_untitled_abstract_composition_1964.jpg,177,39.345264,1779113037.078096,2.933333,198.0,22.0,2940,1912,0.578473,0.82,0.0,0.0,pix
real_001_s001_2026-05-18_16-03-17-731,001,001,2,P002,wikiart_practice/practice_wikiart_002_untitled_abstract_composition_1964.jpg,178,39.361931,1779113037.094763,2.95,198.0,22.0,2940,1912,0.578473,0.82,0.0,0.0,pix
real_001_s001_2026-05-18_16-03-17-731,001,001,2,P002,wikiart_practice/practice_wikiart_002_untitled_abstract_composition_1964.jpg,179,39.378598,1779113037.11143,2.966667,198.0,22.0,2940,1912,0.578473,0.82,0.0,0.0,pix
real_001_s001_2026-05-18_16-03-17-731,001,001,2,P002,wikiart_practice/practice_wikiart_002_untitled_abstract_composition_1964.jpg,180,39.395264,1779113037.128096,2.983333,198.0,22.0,2940,1912,0.578473,0.82,0.0,0.0,pix
real_001_s001_2026-05-18_16-03-17-731,001,001,2,P002,wikiart_practice/practice_wikiart_002_untitled_abstract_composition_1964.jpg,181,39.411931,1779113037.144763,3.0,198.0,22.0,2940,1912,0.578473,0.82,0.0,0.0,pix
real_001_s001_2026-05-18_16-03-17-731,001,001,2,P002,wikiart_practice/practice_wikiart_002_untitled_abstract_composition_1964.jpg,182,39.428598,1779113037.16143,3.016667,198.0,22.0,2940,1912,0.578473,0.82,0.0,0.0,pix
real_001_s001_2026-05-18_16-03-17-731,001,001,2,P002,wikiart_practice/practice_wikiart_002_untitled_abstract_composition_1964.jpg,183,39.445264,1779113037.178096,3.033333,198.0,22.0,2940,1912,0.578473,0.82,0.0,0.0,pix
real_001_s001_2026-05-18_16-03-17-731,001,001,2,P002,wikiart_practice/practice_wikiart_002_untitled_abstract_composition_1964.jpg,184,39.461931,1779113037.194763,3.05,198.0,22.0,2940,1912,0.578473,0.82,0.0,0.0,pix
real_001_s001_2026-05-18_16-03-17-731,001,001,2,P002,wikiart_practice/practice_wikiart_002_untitled_abstract_composition_1964.jpg,185,39.478598,1779113037.21143,3.066667,198.0,22.0,2940,1912,0.578473,0.82,0.0,0.0,pix
real_001_s001_2026-05-18_16-03-17-731,001,001,2,P002,wikiart_practice/practice_wikiart_002_untitled_abstract_composition_1964.jpg,186,39.495264,1779113037.228096,3.083333,198.0,22.0,2940,1912,0.578473,0.82,0.0,0.0,pix
real_001_s001_2026-05-18_16-03-17-731,001,001,2,P002,wikiart_practice/practice_wikiart_002_untitled_abstract_composition_1964.jpg,187,39.511931,1779113037.244763,3.1,198.0,22.0,2940,1912,0.578473,0.82,0.0,0.0,pix
real_001_s001_2026-05-18_16-03-17-731,001,001,2,P002,wikiart_practice/practice_wikiart_002_untitled_abstract_composition_1964.jpg,188,39.528598,1779113037.26143,3.116667,198.0,22.0,2940,1912,0.578473,0.82,0.0,0.0,pix
real_001_s001_2026-05-18_16-03-17-731,001,001,2,P002,wikiart_practice/practice_wikiart_002_untitled_abstract_composition_1964.jpg,189,39.545264,1779113037.278096,3.133333,198.0,22.0,2940,1912,0.578473,0.82,0.0,0.0,pix
real_001_s001_2026-05-18_16-03-17-731,001,001,2,P002,wikiart_practice/practice_wikiart_002_untitled_abstract_composition_1964.jpg,190,39.561931,1779113037.294763,3.15,198.0,22.0,2940,1912,0.578473,0.82,0.0,0.0,pix
real_001_s001_2026-05-18_16-03-17-731,001,001,2,P002,wikiart_practice/practice_wikiart_002_untitled_abstract_composition_1964.jpg,191,39.578598,1779113037.31143,3.166667,198.0,22.0,2940,1912,0.578473,0.82,0.0,0.0,pix
real_001_s001_2026-05-18_16-03-17-731,001,001,2,P002,wikiart_practice/practice_wikiart_002_untitled_abstract_composition_1964.jpg,192,39.595264,1779113037.328096,3.183333,198.0,22.0,2940,1912,0.578473,0.82,0.0,0.0,pix
real_001_s001_2026-05-18_16-03-17-731,001,001,2,P002,wikiart_practice/practice_wikiart_002_untitled_abstract_composition_1964.jpg,193,39.611931,1779113037.344763,3.2,198.0,22.0,2940,1912,0.578473,0.82,0.0,0.0,pix
real_001_s001_2026-05-18_16-03-17-731,001,001,2,P002,wikiart_practice/practice_wikiart_002_untitled_abstract_composition_1964.jpg,194,39.628598,1779113037.36143,3.216667,198.0,22.0,2940,1912,0.578473,0.82,0.0,0.0,pix
real_001_s001_2026-05-18_16-03-17-731,001,001,2,P002,wikiart_practice/practice_wikiart_002_untitled_abstract_composition_1964.jpg,195,39.645264,1779113037.378096,3.233333,198.0,22.0,2940,1912,0.578473,0.82,0.0,0.0,pix
real_001_s001_2026-05-18_16-03-17-731,001,001,2,P002,wikiart_practice/practice_wikiart_002_untitled_abstract_composition_1964.jpg,196,39.661931,1779113037.394763,3.25,198.0,22.0,2940,1912,0.578473,0.82,0.0,0.0,pix
real_001_s001_2026-05-18_16-03-17-731,001,001,2,P002,wikiart_practice/practice_wikiart_002_untitled_abstract_composition_1964.jpg,197,39.678598,1779113037.41143,3.266667,198.0,22.0,2940,1912,0.578473,0.82,0.0,0.0,pix
real_001_s001_2026-05-18_16-03-17-731,001,001,2,P002,wikiart_practice/practice_wikiart_002_untitled_abstract_composition_1964.jpg,198,39.695264,1779113037.428096,3.283333,198.0,22.0,2940,1912,0.578473,0.82,0.0,0.0,pix
real_001_s001_2026-05-18_16-03-17-731,001,001,2,P002,wikiart_practice/practice_wikiart_002_untitled_abstract_composition_1964.jpg,199,39.711931,1779113037.444763,3.3,198.0,22.0,2940,1912,0.578473,0.82,0.0,0.0,pix
real_001_s001_2026-05-18_16-03-17-731,001,001,2,P002,wikiart_practice/practice_wikiart_002_untitled_abstract_composition_1964.jpg,200,39.728598,1779113037.46143,3.316667,198.0,22.0,2940,1912,0.578473,0.82,0.0,0.0,pix
real_001_s001_2026-05-18_16-03-17-731,001,001,2,P002,wikiart_practice/practice_wikiart_002_untitled_abstract_composition_1964.jpg,201,39.745264,1779113037.478096,3.333333,198.0,22.0,2940,1912,0.578473,0.82,0.0,0.0,pix
real_001_s001_2026-05-18_16-03-17-731,001,001,2,P002,wikiart_practice/practice_wikiart_002_untitled_abstract_composition_1964.jpg,202,39.761931,1779113037.494763,3.35,198.0,22.0,2940,1912,0.578473,0.82,0.0,0.0,pix
real_001_s001_2026-05-18_16-03-17-731,001,001,2,P002,wikiart_practice/practice_wikiart_002_untitled_abstract_composition_1964.jpg,203,39.778598,1779113037.51143,3.366667,198.0,22.0,2940,1912,0.578473,0.82,0.0,0.0,pix
real_001_s001_2026-05-18_16-03-17-731,001,001,2,P002,wikiart_practice/practice_wikiart_002_untitled_abstract_composition_1964.jpg,204,39.795264,1779113037.528096,3.383333,198.0,22.0,2940,1912,0.578473,0.82,0.0,0.0,pix
real_001_s001_2026-05-18_16-03-17-731,001,001,2,P002,wikiart_practice/practice_wikiart_002_untitled_abstract_composition_1964.jpg,205,39.811931,1779113037.544763,3.4,198.0,22.0,2940,1912,0.578473,0.82,0.0,0.0,pix
real_001_s001_2026-05-18_16-03-17-731,001,001,2,P002,wikiart_practice/practice_wikiart_002_untitled_abstract_composition_1964.jpg,206,39.828598,1779113037.56143,3.416667,198.0,22.0,2940,1912,0.578473,0.82,0.0,0.0,pix
real_001_s001_2026-05-18_16-03-17-731,001,001,2,P002,wikiart_practice/practice_wikiart_002_untitled_abstract_composition_1964.jpg,207,39.845264,1779113037.578096,3.433333,198.0,22.0,2940,1912,0.578473,0.82,0.0,0.0,pix
real_001_s001_2026-05-18_16-03-17-731,001,001,2,P002,wikiart_practice/practice_wikiart_002_untitled_abstract_composition_1964.jpg,208,39.861931,1779113037.594763,3.45,198.0,22.0,2940,1912,0.578473,0.82,0.0,0.0,pix
real_001_s001_2026-05-18_16-03-17-731,001,001,2,P002,wikiart_practice/practice_wikiart_002_untitled_abstract_composition_1964.jpg,209,39.878598,1779113037.61143,3.466667,198.0,22.0,2940,1912,0.578473,0.82,0.0,0.0,pix
real_001_s001_2026-05-18_16-03-17-731,001,001,2,P002,wikiart_practice/practice_wikiart_002_untitled_abstract_composition_1964.jpg,210,39.895264,1779113037.628096,3.483333,198.0,22.0,2940,1912,0.578473,0.82,0.0,0.0,pix
real_001_s001_2026-05-18_16-03-17-731,001,001,2,P002,wikiart_practice/practice_wikiart_002_untitled_abstract_composition_1964.jpg,211,39.911931,1779113037.644763,3.5,198.0,22.0,2940,1912,0.578473,0.82,0.0,0.0,pix
real_001_s001_2026-05-18_16-03-17-731,001,001,2,P002,wikiart_practice/practice_wikiart_002_untitled_abstract_composition_1964.jpg,212,39.928598,1779113037.66143,3.516667,198.0,22.0,2940,1912,0.578473,0.82,0.0,0.0,pix
real_001_s001_2026-05-18_16-03-17-731,001,001,2,P002,wikiart_practice/practice_wikiart_002_untitled_abstract_composition_1964.jpg,213,39.945264,1779113037.678096,3.533333,198.0,22.0,2940,1912,0.578473,0.82,0.0,0.0,pix
real_001_s001_2026-05-18_16-03-17-731,001,001,2,P002,wikiart_practice/practice_wikiart_002_untitled_abstract_composition_1964.jpg,214,39.961931,1779113037.694763,3.55,198.0,22.0,2940,1912,0.578473,0.82,0.0,0.0,pix
real_001_s001_2026-05-18_16-03-17-731,001,001,2,P002,wikiart_practice/practice_wikiart_002_untitled_abstract_composition_1964.jpg,215,39.978598,1779113037.71143,3.566667,198.0,22.0,2940,1912,0.578473,0.82,0.0,0.0,pix
real_001_s001_2026-05-18_16-03-17-731,001,001,2,P002,wikiart_practice/practice_wikiart_002_untitled_abstract_composition_1964.jpg,216,39.995264,1779113037.728096,3.583333,198.0,22.0,2940,1912,0.578473,0.82,0.0,0.0,pix
real_001_s001_2026-05-18_16-03-17-731,001,001,2,P002,wikiart_practice/practice_wikiart_002_untitled_abstract_composition_1964.jpg,217,40.011931,1779113037.744763,3.6,198.0,22.0,2940,1912,0.578473,0.82,0.0,0.0,pix
real_001_s001_2026-05-18_16-03-17-731,001,001,2,P002,wikiart_practice/practice_wikiart_002_untitled_abstract_composition_1964.jpg,218,40.028598,1779113037.76143,3.616667,198.0,22.0,2940,1912,0.578473,0.82,0.0,0.0,pix
real_001_s001_2026-05-18_16-03-17-731,001,001,2,P002,wikiart_practice/practice_wikiart_002_untitled_abstract_composition_1964.jpg,219,40.045264,1779113037.778096,3.633333,198.0,22.0,2940,1912,0.578473,0.82,0.0,0.0,pix
real_001_s001_2026-05-18_16-03-17-731,001,001,2,P002,wikiart_practice/practice_wikiart_002_untitled_abstract_composition_1964.jpg,220,40.061931,1779113037.794763,3.65,198.0,22.0,2940,1912,0.578473,0.82,0.0,0.0,pix
real_001_s001_2026-05-18_16-03-17-731,001,001,2,P002,wikiart_practice/practice_wikiart_002_untitled_abstract_composition_1964.jpg,221,40.078598,1779113037.81143,3.666667,198.0,22.0,2940,1912,0.578473,0.82,0.0,0.0,pix
real_001_s001_2026-05-18_16-03-17-731,001,001,2,P002,wikiart_practice/practice_wikiart_002_untitled_abstract_composition_1964.jpg,222,40.095264,1779113037.828096,3.683333,198.0,22.0,2940,1912,0.578473,0.82,0.0,0.0,pix
real_001_s001_2026-05-18_16-03-17-731,001,001,2,P002,wikiart_practice/practice_wikiart_002_untitled_abstract_composition_1964.jpg,223,40.111931,1779113037.844763,3.7,198.0,22.0,2940,1912,0.578473,0.82,0.0,0.0,pix
real_001_s001_2026-05-18_16-03-17-731,001,001,2,P002,wikiart_practice/practice_wikiart_002_untitled_abstract_composition_1964.jpg,224,40.128598,1779113037.86143,3.716667,198.0,22.0,2940,1912,0.578473,0.82,0.0,0.0,pix
real_001_s001_2026-05-18_16-03-17-731,001,001,2,P002,wikiart_practice/practice_wikiart_002_untitled_abstract_composition_1964.jpg,225,40.145264,1779113037.878096,3.733333,198.0,22.0,2940,1912,0.578473,0.82,0.0,0.0,pix
real_001_s001_2026-05-18_16-03-17-731,001,001,2,P002,wikiart_practice/practice_wikiart_002_untitled_abstract_composition_1964.jpg,226,40.161931,1779113037.894763,3.75,198.0,22.0,2940,1912,0.578473,0.82,0.0,0.0,pix
real_001_s001_2026-05-18_16-03-17-731,001,001,2,P002,wikiart_practice/practice_wikiart_002_untitled_abstract_composition_1964.jpg,227,40.178598,1779113037.91143,3.766667,198.0,22.0,2940,1912,0.578473,0.82,0.0,0.0,pix
real_001_s001_2026-05-18_16-03-17-731,001,001,2,P002,wikiart_practice/practice_wikiart_002_untitled_abstract_composition_1964.jpg,228,40.195264,1779113037.928096,3.783333,198.0,22.0,2940,1912,0.578473,0.82,0.0,0.0,pix
real_001_s001_2026-05-18_16-03-17-731,001,001,2,P002,wikiart_practice/practice_wikiart_002_untitled_abstract_composition_1964.jpg,229,40.211931,1779113037.944763,3.8,198.0,22.0,2940,1912,0.578473,0.82,0.0,0.0,pix
real_001_s001_2026-05-18_16-03-17-731,001,001,2,P002,wikiart_practice/practice_wikiart_002_untitled_abstract_composition_1964.jpg,230,40.228598,1779113037.96143,3.816667,198.0,22.0,2940,1912,0.578473,0.82,0.0,0.0,pix
real_001_s001_2026-05-18_16-03-17-731,001,001,2,P002,wikiart_practice/practice_wikiart_002_untitled_abstract_composition_1964.jpg,231,40.245264,1779113037.978096,3.833333,198.0,22.0,2940,1912,0.578473,0.82,0.0,0.0,pix
real_001_s001_2026-05-18_16-03-17-731,001,001,2,P002,wikiart_practice/practice_wikiart_002_untitled_abstract_composition_1964.jpg,232,40.261931,1779113037.994763,3.85,198.0,22.0,2940,1912,0.578473,0.82,0.0,0.0,pix
real_001_s001_2026-05-18_16-03-17-731,001,001,2,P002,wikiart_practice/practice_wikiart_002_untitled_abstract_composition_1964.jpg,233,40.278598,1779113038.01143,3.866667,198.0,22.0,2940,1912,0.578473,0.82,0.0,0.0,pix
real_001_s001_2026-05-18_16-03-17-731,001,001,2,P002,wikiart_practice/practice_wikiart_002_untitled_abstract_composition_1964.jpg,234,40.295264,1779113038.028096,3.883333,198.0,22.0,2940,1912,0.578473,0.82,0.0,0.0,pix
real_001_s001_2026-05-18_16-03-17-731,001,001,2,P002,wikiart_practice/practice_wikiart_002_untitled_abstract_composition_1964.jpg,235,40.311931,1779113038.044763,3.9,198.0,22.0,2940,1912,0.578473,0.82,0.0,0.0,pix
real_001_s001_2026-05-18_16-03-17-731,001,001,2,P002,wikiart_practice/practice_wikiart_002_untitled_abstract_composition_1964.jpg,236,40.328598,1779113038.06143,3.916667,198.0,22.0,2940,1912,0.578473,0.82,0.0,0.0,pix
real_001_s001_2026-05-18_16-03-17-731,001,001,2,P002,wikiart_practice/practice_wikiart_002_untitled_abstract_composition_1964.jpg,237,40.345264,1779113038.078096,3.933333,198.0,22.0,2940,1912,0.578473,0.82,0.0,0.0,pix
real_001_s001_2026-05-18_16-03-17-731,001,001,2,P002,wikiart_practice/practice_wikiart_002_untitled_abstract_composition_1964.jpg,238,40.361931,1779113038.094763,3.95,198.0,22.0,2940,1912,0.578473,0.82,0.0,0.0,pix
real_001_s001_2026-05-18_16-03-17-731,001,001,2,P002,wikiart_practice/practice_wikiart_002_untitled_abstract_composition_1964.jpg,239,40.378598,1779113038.11143,3.966667,198.0,22.0,2940,1912,0.578473,0.82,0.0,0.0,pix
real_001_s001_2026-05-18_16-03-17-731,001,001,2,P002,wikiart_practice/practice_wikiart_002_untitled_abstract_composition_1964.jpg,240,40.395264,1779113038.128096,3.983333,198.0,22.0,2940,1912,0.578473,0.82,0.0,0.0,pix
real_001_s001_2026-05-18_16-03-17-731,001,001,2,P002,wikiart_practice/practice_wikiart_002_untitled_abstract_composition_1964.jpg,241,40.411931,1779113038.144763,4.0,198.0,22.0,2940,1912,0.578473,0.82,0.0,0.0,pix
real_001_s001_2026-05-18_16-03-17-731,001,001,2,P002,wikiart_practice/practice_wikiart_002_untitled_abstract_composition_1964.jpg,242,40.428598,1779113038.16143,4.016667,198.0,22.0,2940,1912,0.578473,0.82,0.0,0.0,pix
real_001_s001_2026-05-18_16-03-17-731,001,001,2,P002,wikiart_practice/practice_wikiart_002_untitled_abstract_composition_1964.jpg,243,40.445264,1779113038.178096,4.033333,198.0,22.0,2940,1912,0.578473,0.82,0.0,0.0,pix
real_001_s001_2026-05-18_16-03-17-731,001,001,2,P002,wikiart_practice/practice_wikiart_002_untitled_abstract_composition_1964.jpg,244,40.461931,1779113038.194763,4.05,198.0,22.0,2940,1912,0.578473,0.82,0.0,0.0,pix
real_001_s001_2026-05-18_16-03-17-731,001,001,2,P002,wikiart_practice/practice_wikiart_002_untitled_abstract_composition_1964.jpg,245,40.478598,1779113038.21143,4.066667,198.0,22.0,2940,1912,0.578473,0.82,0.0,0.0,pix
real_001_s001_2026-05-18_16-03-17-731,001,001,2,P002,wikiart_practice/practice_wikiart_002_untitled_abstract_composition_1964.jpg,246,40.495264,1779113038.228096,4.083333,198.0,22.0,2940,1912,0.578473,0.82,0.0,0.0,pix
real_001_s001_2026-05-18_16-03-17-731,001,001,2,P002,wikiart_practice/practice_wikiart_002_untitled_abstract_composition_1964.jpg,247,40.511931,1779113038.244763,4.1,198.0,22.0,2940,1912,0.578473,0.82,0.0,0.0,pix
real_001_s001_2026-05-18_16-03-17-731,001,001,2,P002,wikiart_practice/practice_wikiart_002_untitled_abstract_composition_1964.jpg,248,40.528598,1779113038.26143,4.116667,198.0,22.0,2940,1912,0.578473,0.82,0.0,0.0,pix
real_001_s001_2026-05-18_16-03-17-731,001,001,2,P002,wikiart_practice/practice_wikiart_002_untitled_abstract_composition_1964.jpg,249,40.545264,1779113038.278096,4.133333,198.0,22.0,2940,1912,0.578473,0.82,0.0,0.0,pix
real_001_s001_2026-05-18_16-03-17-731,001,001,2,P002,wikiart_practice/practice_wikiart_002_untitled_abstract_composition_1964.jpg,250,40.561931,1779113038.294763,4.15,198.0,22.0,2940,1912,0.578473,0.82,0.0,0.0,pix
real_001_s001_2026-05-18_16-03-17-731,001,001,2,P002,wikiart_practice/practice_wikiart_002_untitled_abstract_composition_1964.jpg,251,40.578598,1779113038.31143,4.166667,198.0,22.0,2940,1912,0.578473,0.82,0.0,0.0,pix
real_001_s001_2026-05-18_16-03-17-731,001,001,2,P002,wikiart_practice/practice_wikiart_002_untitled_abstract_composition_1964.jpg,252,40.595264,1779113038.328096,4.183333,198.0,22.0,2940,1912,0.578473,0.82,0.0,0.0,pix
real_001_s001_2026-05-18_16-03-17-731,001,001,2,P002,wikiart_practice/practice_wikiart_002_untitled_abstract_composition_1964.jpg,253,40.611931,1779113038.344763,4.2,198.0,22.0,2940,1912,0.578473,0.82,0.0,0.0,pix
real_001_s001_2026-05-18_16-03-17-731,001,001,2,P002,wikiart_practice/practice_wikiart_002_untitled_abstract_composition_1964.jpg,254,40.628598,1779113038.36143,4.216667,198.0,22.0,2940,1912,0.578473,0.82,0.0,0.0,pix
real_001_s001_2026-05-18_16-03-17-731,001,001,2,P002,wikiart_practice/practice_wikiart_002_untitled_abstract_composition_1964.jpg,255,40.645264,1779113038.378096,4.233333,198.0,22.0,2940,1912,0.578473,0.82,0.0,0.0,pix
real_001_s001_2026-05-18_16-03-17-731,001,001,2,P002,wikiart_practice/practice_wikiart_002_untitled_abstract_composition_1964.jpg,256,40.661931,1779113038.394763,4.25,198.0,22.0,2940,1912,0.578473,0.82,0.0,0.0,pix
real_001_s001_2026-05-18_16-03-17-731,001,001,2,P002,wikiart_practice/practice_wikiart_002_untitled_abstract_composition_1964.jpg,257,40.678598,1779113038.41143,4.266667,198.0,22.0,2940,1912,0.578473,0.82,0.0,0.0,pix
real_001_s001_2026-05-18_16-03-17-731,001,001,2,P002,wikiart_practice/practice_wikiart_002_untitled_abstract_composition_1964.jpg,258,40.695264,1779113038.428096,4.283333,198.0,22.0,2940,1912,0.578473,0.82,0.0,0.0,pix
real_001_s001_2026-05-18_16-03-17-731,001,001,2,P002,wikiart_practice/practice_wikiart_002_untitled_abstract_composition_1964.jpg,259,40.711931,1779113038.444763,4.3,198.0,22.0,2940,1912,0.578473,0.82,0.0,0.0,pix
real_001_s001_2026-05-18_16-03-17-731,001,001,2,P002,wikiart_practice/practice_wikiart_002_untitled_abstract_composition_1964.jpg,260,40.728598,1779113038.46143,4.316667,198.0,22.0,2940,1912,0.578473,0.82,0.0,0.0,pix
real_001_s001_2026-05-18_16-03-17-731,001,001,2,P002,wikiart_practice/practice_wikiart_002_untitled_abstract_composition_1964.jpg,261,40.745264,1779113038.478096,4.333333,198.0,22.0,2940,1912,0.578473,0.82,0.0,0.0,pix
real_001_s001_2026-05-18_16-03-17-731,001,001,2,P002,wikiart_practice/practice_wikiart_002_untitled_abstract_composition_1964.jpg,262,40.761931,1779113038.494763,4.35,198.0,22.0,2940,1912,0.578473,0.82,0.0,0.0,pix
real_001_s001_2026-05-18_16-03-17-731,001,001,2,P002,wikiart_practice/practice_wikiart_002_untitled_abstract_composition_1964.jpg,263,40.778598,1779113038.51143,4.366667,198.0,22.0,2940,1912,0.578473,0.82,0.0,0.0,pix
real_001_s001_2026-05-18_16-03-17-731,001,001,2,P002,wikiart_practice/practice_wikiart_002_untitled_abstract_composition_1964.jpg,264,40.795264,1779113038.528096,4.383333,198.0,22.0,2940,1912,0.578473,0.82,0.0,0.0,pix
real_001_s001_2026-05-18_16-03-17-731,001,001,2,P002,wikiart_practice/practice_wikiart_002_untitled_abstract_composition_1964.jpg,265,40.811931,1779113038.544763,4.4,198.0,22.0,2940,1912,0.578473,0.82,0.0,0.0,pix
real_001_s001_2026-05-18_16-03-17-731,001,001,2,P002,wikiart_practice/practice_wikiart_002_untitled_abstract_composition_1964.jpg,266,40.828598,1779113038.56143,4.416667,198.0,22.0,2940,1912,0.578473,0.82,0.0,0.0,pix
real_001_s001_2026-05-18_16-03-17-731,001,001,2,P002,wikiart_practice/practice_wikiart_002_untitled_abstract_composition_1964.jpg,267,40.845264,1779113038.578096,4.433333,198.0,22.0,2940,1912,0.578473,0.82,0.0,0.0,pix
real_001_s001_2026-05-18_16-03-17-731,001,001,2,P002,wikiart_practice/practice_wikiart_002_untitled_abstract_composition_1964.jpg,268,40.861931,1779113038.594763,4.45,198.0,22.0,2940,1912,0.578473,0.82,0.0,0.0,pix
real_001_s001_2026-05-18_16-03-17-731,001,001,2,P002,wikiart_practice/practice_wikiart_002_untitled_abstract_composition_1964.jpg,269,40.878598,1779113038.61143,4.466667,198.0,22.0,2940,1912,0.578473,0.82,0.0,0.0,pix
real_001_s001_2026-05-18_16-03-17-731,001,001,2,P002,wikiart_practice/practice_wikiart_002_untitled_abstract_composition_1964.jpg,270,40.895264,1779113038.628096,4.483333,198.0,22.0,2940,1912,0.578473,0.82,0.0,0.0,pix
real_001_s001_2026-05-18_16-03-17-731,001,001,2,P002,wikiart_practice/practice_wikiart_002_untitled_abstract_composition_1964.jpg,271,40.911931,1779113038.644763,4.5,198.0,22.0,2940,1912,0.578473,0.82,0.0,0.0,pix
real_001_s001_2026-05-18_16-03-17-731,001,001,2,P002,wikiart_practice/practice_wikiart_002_untitled_abstract_composition_1964.jpg,272,40.928598,1779113038.66143,4.516667,198.0,22.0,2940,1912,0.578473,0.82,0.0,0.0,pix
real_001_s001_2026-05-18_16-03-17-731,001,001,2,P002,wikiart_practice/practice_wikiart_002_untitled_abstract_composition_1964.jpg,273,40.945264,1779113038.678096,4.533333,198.0,22.0,2940,1912,0.578473,0.82,0.0,0.0,pix
real_001_s001_2026-05-18_16-03-17-731,001,001,2,P002,wikiart_practice/practice_wikiart_002_untitled_abstract_composition_1964.jpg,274,40.961931,1779113038.694763,4.55,198.0,22.0,2940,1912,0.578473,0.82,0.0,0.0,pix
real_001_s001_2026-05-18_16-03-17-731,001,001,2,P002,wikiart_practice/practice_wikiart_002_untitled_abstract_composition_1964.jpg,275,40.978598,1779113038.71143,4.566667,198.0,22.0,2940,1912,0.578473,0.82,0.0,0.0,pix
real_001_s001_2026-05-18_16-03-17-731,001,001,2,P002,wikiart_practice/practice_wikiart_002_untitled_abstract_composition_1964.jpg,276,40.995264,1779113038.728096,4.583333,198.0,22.0,2940,1912,0.578473,0.82,0.0,0.0,pix
real_001_s001_2026-05-18_16-03-17-731,001,001,2,P002,wikiart_practice/practice_wikiart_002_untitled_abstract_composition_1964.jpg,277,41.011931,1779113038.744763,4.6,198.0,22.0,2940,1912,0.578473,0.82,0.0,0.0,pix
real_001_s001_2026-05-18_16-03-17-731,001,001,2,P002,wikiart_practice/practice_wikiart_002_untitled_abstract_composition_1964.jpg,278,41.028598,1779113038.76143,4.616667,198.0,22.0,2940,1912,0.578473,0.82,0.0,0.0,pix
real_001_s001_2026-05-18_16-03-17-731,001,001,2,P002,wikiart_practice/practice_wikiart_002_untitled_abstract_composition_1964.jpg,279,41.045264,1779113038.778096,4.633333,198.0,22.0,2940,1912,0.578473,0.82,0.0,0.0,pix
real_001_s001_2026-05-18_16-03-17-731,001,001,2,P002,wikiart_practice/practice_wikiart_002_untitled_abstract_composition_1964.jpg,280,41.061931,1779113038.794763,4.65,198.0,22.0,2940,1912,0.578473,0.82,0.0,0.0,pix
real_001_s001_2026-05-18_16-03-17-731,001,001,2,P002,wikiart_practice/practice_wikiart_002_untitled_abstract_composition_1964.jpg,281,41.078598,1779113038.81143,4.666667,198.0,22.0,2940,1912,0.578473,0.82,0.0,0.0,pix
real_001_s001_2026-05-18_16-03-17-731,001,001,2,P002,wikiart_practice/practice_wikiart_002_untitled_abstract_composition_1964.jpg,282,41.095264,1779113038.828096,4.683333,198.0,22.0,2940,1912,0.578473,0.82,0.0,0.0,pix
real_001_s001_2026-05-18_16-03-17-731,001,001,2,P002,wikiart_practice/practice_wikiart_002_untitled_abstract_composition_1964.jpg,283,41.111931,1779113038.844763,4.7,198.0,22.0,2940,1912,0.578473,0.82,0.0,0.0,pix
real_001_s001_2026-05-18_16-03-17-731,001,001,2,P002,wikiart_practice/practice_wikiart_002_untitled_abstract_composition_1964.jpg,284,41.128598,1779113038.86143,4.716667,198.0,22.0,2940,1912,0.578473,0.82,0.0,0.0,pix
real_001_s001_2026-05-18_16-03-17-731,001,001,2,P002,wikiart_practice/practice_wikiart_002_untitled_abstract_composition_1964.jpg,285,41.145264,1779113038.878096,4.733333,198.0,22.0,2940,1912,0.578473,0.82,0.0,0.0,pix
real_001_s001_2026-05-18_16-03-17-731,001,001,2,P002,wikiart_practice/practice_wikiart_002_untitled_abstract_composition_1964.jpg,286,41.161931,1779113038.894763,4.75,198.0,22.0,2940,1912,0.578473,0.82,0.0,0.0,pix
real_001_s001_2026-05-18_16-03-17-731,001,001,2,P002,wikiart_practice/practice_wikiart_002_untitled_abstract_composition_1964.jpg,287,41.178598,1779113038.91143,4.766667,198.0,22.0,2940,1912,0.578473,0.82,0.0,0.0,pix
real_001_s001_2026-05-18_16-03-17-731,001,001,2,P002,wikiart_practice/practice_wikiart_002_untitled_abstract_composition_1964.jpg,288,41.195264,1779113038.928096,4.783333,198.0,22.0,2940,1912,0.578473,0.82,0.0,0.0,pix
real_001_s001_2026-05-18_16-03-17-731,001,001,2,P002,wikiart_practice/practice_wikiart_002_untitled_abstract_composition_1964.jpg,289,41.211931,1779113038.944763,4.8,198.0,22.0,2940,1912,0.578473,0.82,0.0,0.0,pix
real_001_s001_2026-05-18_16-03-17-731,001,001,2,P002,wikiart_practice/practice_wikiart_002_untitled_abstract_composition_1964.jpg,290,41.228598,1779113038.96143,4.816667,198.0,22.0,2940,1912,0.578473,0.82,0.0,0.0,pix
real_001_s001_2026-05-18_16-03-17-731,001,001,2,P002,wikiart_practice/practice_wikiart_002_untitled_abstract_composition_1964.jpg,291,41.245264,1779113038.978096,4.833333,198.0,22.0,2940,1912,0.578473,0.82,0.0,0.0,pix
real_001_s001_2026-05-18_16-03-17-731,001,001,2,P002,wikiart_practice/practice_wikiart_002_untitled_abstract_composition_1964.jpg,292,41.261931,1779113038.994763,4.85,198.0,22.0,2940,1912,0.578473,0.82,0.0,0.0,pix
real_001_s001_2026-05-18_16-03-17-731,001,001,2,P002,wikiart_practice/practice_wikiart_002_untitled_abstract_composition_1964.jpg,293,41.278598,1779113039.01143,4.866667,198.0,22.0,2940,1912,0.578473,0.82,0.0,0.0,pix
real_001_s001_2026-05-18_16-03-17-731,001,001,2,P002,wikiart_practice/practice_wikiart_002_untitled_abstract_composition_1964.jpg,294,41.295264,1779113039.028096,4.883333,198.0,22.0,2940,1912,0.578473,0.82,0.0,0.0,pix
real_001_s001_2026-05-18_16-03-17-731,001,001,2,P002,wikiart_practice/practice_wikiart_002_untitled_abstract_composition_1964.jpg,295,41.311931,1779113039.044763,4.9,198.0,22.0,2940,1912,0.578473,0.82,0.0,0.0,pix
real_001_s001_2026-05-18_16-03-17-731,001,001,2,P002,wikiart_practice/practice_wikiart_002_untitled_abstract_composition_1964.jpg,296,41.328598,1779113039.06143,4.916667,198.0,22.0,2940,1912,0.578473,0.82,0.0,0.0,pix
real_001_s001_2026-05-18_16-03-17-731,001,001,2,P002,wikiart_practice/practice_wikiart_002_untitled_abstract_composition_1964.jpg,297,41.345264,1779113039.078096,4.933333,198.0,22.0,2940,1912,0.578473,0.82,0.0,0.0,pix
real_001_s001_2026-05-18_16-03-17-731,001,001,2,P002,wikiart_practice/practice_wikiart_002_untitled_abstract_composition_1964.jpg,298,41.361931,1779113039.094763,4.95,198.0,22.0,2940,1912,0.578473,0.82,0.0,0.0,pix
real_001_s001_2026-05-18_16-03-17-731,001,001,2,P002,wikiart_practice/practice_wikiart_002_untitled_abstract_composition_1964.jpg,299,41.378598,1779113039.11143,4.966667,198.0,22.0,2940,1912,0.578473,0.82,0.0,0.0,pix
real_001_s001_2026-05-18_16-03-17-731,001,001,2,P002,wikiart_practice/practice_wikiart_002_untitled_abstract_composition_1964.jpg,300,41.395264,1779113039.128096,4.983333,198.0,22.0,2940,1912,0.578473,0.82,0.0,0.0,pix
real_001_s001_2026-05-18_16-03-17-731,001,001,2,P002,wikiart_practice/practice_wikiart_002_untitled_abstract_composition_1964.jpg,301,41.411931,1779113039.144763,5.0,198.0,22.0,2940,1912,0.578473,0.82,0.0,0.0,pix
real_001_s001_2026-05-18_16-03-17-731,001,001,2,P002,wikiart_practice/practice_wikiart_002_untitled_abstract_composition_1964.jpg,302,41.428598,1779113039.16143,5.016667,198.0,22.0,2940,1912,0.578473,0.82,0.0,0.0,pix
real_001_s001_2026-05-18_16-03-17-731,001,001,2,P002,wikiart_practice/practice_wikiart_002_untitled_abstract_composition_1964.jpg,303,41.445264,1779113039.178096,5.033333,198.0,22.0,2940,1912,0.578473,0.82,0.0,0.0,pix
real_001_s001_2026-05-18_16-03-17-731,001,001,2,P002,wikiart_practice/practice_wikiart_002_untitled_abstract_composition_1964.jpg,304,41.461931,1779113039.194763,5.05,198.0,22.0,2940,1912,0.578473,0.82,0.0,0.0,pix
real_001_s001_2026-05-18_16-03-17-731,001,001,2,P002,wikiart_practice/practice_wikiart_002_untitled_abstract_composition_1964.jpg,305,41.478598,1779113039.21143,5.066667,198.0,22.0,2940,1912,0.578473,0.82,0.0,0.0,pix
real_001_s001_2026-05-18_16-03-17-731,001,001,2,P002,wikiart_practice/practice_wikiart_002_untitled_abstract_composition_1964.jpg,306,41.495264,1779113039.228096,5.083333,198.0,22.0,2940,1912,0.578473,0.82,0.0,0.0,pix
real_001_s001_2026-05-18_16-03-17-731,001,001,2,P002,wikiart_practice/practice_wikiart_002_untitled_abstract_composition_1964.jpg,307,41.511931,1779113039.244763,5.1,198.0,22.0,2940,1912,0.578473,0.82,0.0,0.0,pix
real_001_s001_2026-05-18_16-03-17-731,001,001,2,P002,wikiart_practice/practice_wikiart_002_untitled_abstract_composition_1964.jpg,308,41.528598,1779113039.26143,5.116667,198.0,22.0,2940,1912,0.578473,0.82,0.0,0.0,pix
real_001_s001_2026-05-18_16-03-17-731,001,001,2,P002,wikiart_practice/practice_wikiart_002_untitled_abstract_composition_1964.jpg,309,41.545264,1779113039.278096,5.133333,198.0,22.0,2940,1912,0.578473,0.82,0.0,0.0,pix
real_001_s001_2026-05-18_16-03-17-731,001,001,2,P002,wikiart_practice/practice_wikiart_002_untitled_abstract_composition_1964.jpg,310,41.561931,1779113039.294763,5.15,198.0,22.0,2940,1912,0.578473,0.82,0.0,0.0,pix
real_001_s001_2026-05-18_16-03-17-731,001,001,2,P002,wikiart_practice/practice_wikiart_002_untitled_abstract_composition_1964.jpg,311,41.578598,1779113039.31143,5.166667,198.0,22.0,2940,1912,0.578473,0.82,0.0,0.0,pix
real_001_s001_2026-05-18_16-03-17-731,001,001,2,P002,wikiart_practice/practice_wikiart_002_untitled_abstract_composition_1964.jpg,312,41.595264,1779113039.328096,5.183333,198.0,22.0,2940,1912,0.578473,0.82,0.0,0.0,pix
real_001_s001_2026-05-18_16-03-17-731,001,001,2,P002,wikiart_practice/practice_wikiart_002_untitled_abstract_composition_1964.jpg,313,41.611931,1779113039.344763,5.2,198.0,22.0,2940,1912,0.578473,0.82,0.0,0.0,pix
real_001_s001_2026-05-18_16-03-17-731,001,001,2,P002,wikiart_practice/practice_wikiart_002_untitled_abstract_composition_1964.jpg,314,41.628598,1779113039.36143,5.216667,198.0,22.0,2940,1912,0.578473,0.82,0.0,0.0,pix
real_001_s001_2026-05-18_16-03-17-731,001,001,2,P002,wikiart_practice/practice_wikiart_002_untitled_abstract_composition_1964.jpg,315,41.645264,1779113039.378096,5.233333,198.0,22.0,2940,1912,0.578473,0.82,0.0,0.0,pix
real_001_s001_2026-05-18_16-03-17-731,001,001,2,P002,wikiart_practice/practice_wikiart_002_untitled_abstract_composition_1964.jpg,316,41.661931,1779113039.394763,5.25,198.0,22.0,2940,1912,0.578473,0.82,0.0,0.0,pix
real_001_s001_2026-05-18_16-03-17-731,001,001,2,P002,wikiart_practice/practice_wikiart_002_untitled_abstract_composition_1964.jpg,317,41.678598,1779113039.41143,5.266667,198.0,22.0,2940,1912,0.578473,0.82,0.0,0.0,pix
real_001_s001_2026-05-18_16-03-17-731,001,001,2,P002,wikiart_practice/practice_wikiart_002_untitled_abstract_composition_1964.jpg,318,41.695264,1779113039.428096,5.283333,198.0,22.0,2940,1912,0.578473,0.82,0.0,0.0,pix
real_001_s001_2026-05-18_16-03-17-731,001,001,2,P002,wikiart_practice/practice_wikiart_002_untitled_abstract_composition_1964.jpg,319,41.711931,1779113039.444763,5.3,198.0,22.0,2940,1912,0.578473,0.82,0.0,0.0,pix
real_001_s001_2026-05-18_16-03-17-731,001,001,2,P002,wikiart_practice/practice_wikiart_002_untitled_abstract_composition_1964.jpg,320,41.728598,1779113039.46143,5.316667,198.0,22.0,2940,1912,0.578473,0.82,0.0,0.0,pix
real_001_s001_2026-05-18_16-03-17-731,001,001,2,P002,wikiart_practice/practice_wikiart_002_untitled_abstract_composition_1964.jpg,321,41.745264,1779113039.478096,5.333333,198.0,22.0,2940,1912,0.578473,0.82,0.0,0.0,pix
real_001_s001_2026-05-18_16-03-17-731,001,001,2,P002,wikiart_practice/practice_wikiart_002_untitled_abstract_composition_1964.jpg,322,41.761931,1779113039.494763,5.35,198.0,22.0,2940,1912,0.578473,0.82,0.0,0.0,pix
real_001_s001_2026-05-18_16-03-17-731,001,001,2,P002,wikiart_practice/practice_wikiart_002_untitled_abstract_composition_1964.jpg,323,41.778598,1779113039.51143,5.366667,198.0,22.0,2940,1912,0.578473,0.82,0.0,0.0,pix
real_001_s001_2026-05-18_16-03-17-731,001,001,2,P002,wikiart_practice/practice_wikiart_002_untitled_abstract_composition_1964.jpg,324,41.795264,1779113039.528096,5.383333,198.0,22.0,2940,1912,0.578473,0.82,0.0,0.0,pix
real_001_s001_2026-05-18_16-03-17-731,001,001,2,P002,wikiart_practice/practice_wikiart_002_untitled_abstract_composition_1964.jpg,325,41.811931,1779113039.544763,5.4,198.0,22.0,2940,1912,0.578473,0.82,0.0,0.0,pix
real_001_s001_2026-05-18_16-03-17-731,001,001,2,P002,wikiart_practice/practice_wikiart_002_untitled_abstract_composition_1964.jpg,326,41.828598,1779113039.56143,5.416667,198.0,22.0,2940,1912,0.578473,0.82,0.0,0.0,pix
real_001_s001_2026-05-18_16-03-17-731,001,001,2,P002,wikiart_practice/practice_wikiart_002_untitled_abstract_composition_1964.jpg,327,41.845264,1779113039.578096,5.433333,198.0,22.0,2940,1912,0.578473,0.82,0.0,0.0,pix
real_001_s001_2026-05-18_16-03-17-731,001,001,2,P002,wikiart_practice/practice_wikiart_002_untitled_abstract_composition_1964.jpg,328,41.861931,1779113039.594763,5.45,198.0,22.0,2940,1912,0.578473,0.82,0.0,0.0,pix
real_001_s001_2026-05-18_16-03-17-731,001,001,2,P002,wikiart_practice/practice_wikiart_002_untitled_abstract_composition_1964.jpg,329,41.878598,1779113039.61143,5.466667,198.0,22.0,2940,1912,0.578473,0.82,0.0,0.0,pix
real_001_s001_2026-05-18_16-03-17-731,001,001,2,P002,wikiart_practice/practice_wikiart_002_untitled_abstract_composition_1964.jpg,330,41.895264,1779113039.628096,5.483333,198.0,22.0,2940,1912,0.578473,0.82,0.0,0.0,pix
real_001_s001_2026-05-18_16-03-17-731,001,001,2,P002,wikiart_practice/practice_wikiart_002_untitled_abstract_composition_1964.jpg,331,41.911931,1779113039.644763,5.5,198.0,22.0,2940,1912,0.578473,0.82,0.0,0.0,pix
real_001_s001_2026-05-18_16-03-17-731,001,001,2,P002,wikiart_practice/practice_wikiart_002_untitled_abstract_composition_1964.jpg,332,41.928598,1779113039.66143,5.516667,198.0,22.0,2940,1912,0.578473,0.82,0.0,0.0,pix
real_001_s001_2026-05-18_16-03-17-731,001,001,2,P002,wikiart_practice/practice_wikiart_002_untitled_abstract_composition_1964.jpg,333,41.945264,1779113039.678096,5.533333,198.0,22.0,2940,1912,0.578473,0.82,0.0,0.0,pix
real_001_s001_2026-05-18_16-03-17-731,001,001,2,P002,wikiart_practice/practice_wikiart_002_untitled_abstract_composition_1964.jpg,334,41.961931,1779113039.694763,5.55,198.0,22.0,2940,1912,0.578473,0.82,0.0,0.0,pix
real_001_s001_2026-05-18_16-03-17-731,001,001,2,P002,wikiart_practice/practice_wikiart_002_untitled_abstract_composition_1964.jpg,335,41.978598,1779113039.71143,5.566667,198.0,22.0,2940,1912,0.578473,0.82,0.0,0.0,pix
real_001_s001_2026-05-18_16-03-17-731,001,001,2,P002,wikiart_practice/practice_wikiart_002_untitled_abstract_composition_1964.jpg,336,41.995264,1779113039.728096,5.583333,198.0,22.0,2940,1912,0.578473,0.82,0.0,0.0,pix
real_001_s001_2026-05-18_16-03-17-731,001,001,2,P002,wikiart_practice/practice_wikiart_002_untitled_abstract_composition_1964.jpg,337,42.011931,1779113039.744763,5.6,198.0,22.0,2940,1912,0.578473,0.82,0.0,0.0,pix
real_001_s001_2026-05-18_16-03-17-731,001,001,2,P002,wikiart_practice/practice_wikiart_002_untitled_abstract_composition_1964.jpg,338,42.028598,1779113039.76143,5.616667,198.0,22.0,2940,1912,0.578473,0.82,0.0,0.0,pix
real_001_s001_2026-05-18_16-03-17-731,001,001,2,P002,wikiart_practice/practice_wikiart_002_untitled_abstract_composition_1964.jpg,339,42.045264,1779113039.778096,5.633333,198.0,22.0,2940,1912,0.578473,0.82,0.0,0.0,pix
real_001_s001_2026-05-18_16-03-17-731,001,001,2,P002,wikiart_practice/practice_wikiart_002_untitled_abstract_composition_1964.jpg,340,42.061931,1779113039.794763,5.65,198.0,22.0,2940,1912,0.578473,0.82,0.0,0.0,pix
real_001_s001_2026-05-18_16-03-17-731,001,001,2,P002,wikiart_practice/practice_wikiart_002_untitled_abstract_composition_1964.jpg,341,42.078598,1779113039.81143,5.666667,198.0,22.0,2940,1912,0.578473,0.82,0.0,0.0,pix
real_001_s001_2026-05-18_16-03-17-731,001,001,2,P002,wikiart_practice/practice_wikiart_002_untitled_abstract_composition_1964.jpg,342,42.095264,1779113039.828096,5.683333,198.0,22.0,2940,1912,0.578473,0.82,0.0,0.0,pix
real_001_s001_2026-05-18_16-03-17-731,001,001,2,P002,wikiart_practice/practice_wikiart_002_untitled_abstract_composition_1964.jpg,343,42.111931,1779113039.844763,5.7,198.0,22.0,2940,1912,0.578473,0.82,0.0,0.0,pix
real_001_s001_2026-05-18_16-03-17-731,001,001,2,P002,wikiart_practice/practice_wikiart_002_untitled_abstract_composition_1964.jpg,344,42.128598,1779113039.86143,5.716667,198.0,22.0,2940,1912,0.578473,0.82,0.0,0.0,pix
real_001_s001_2026-05-18_16-03-17-731,001,001,2,P002,wikiart_practice/practice_wikiart_002_untitled_abstract_composition_1964.jpg,345,42.145264,1779113039.878096,5.733333,198.0,22.0,2940,1912,0.578473,0.82,0.0,0.0,pix
real_001_s001_2026-05-18_16-03-17-731,001,001,2,P002,wikiart_practice/practice_wikiart_002_untitled_abstract_composition_1964.jpg,346,42.161931,1779113039.894763,5.75,198.0,22.0,2940,1912,0.578473,0.82,0.0,0.0,pix
real_001_s001_2026-05-18_16-03-17-731,001,001,2,P002,wikiart_practice/practice_wikiart_002_untitled_abstract_composition_1964.jpg,347,42.178598,1779113039.91143,5.766667,198.0,22.0,2940,1912,0.578473,0.82,0.0,0.0,pix
real_001_s001_2026-05-18_16-03-17-731,001,001,2,P002,wikiart_practice/practice_wikiart_002_untitled_abstract_composition_1964.jpg,348,42.195264,1779113039.928096,5.783333,198.0,22.0,2940,1912,0.578473,0.82,0.0,0.0,pix
real_001_s001_2026-05-18_16-03-17-731,001,001,2,P002,wikiart_practice/practice_wikiart_002_untitled_abstract_composition_1964.jpg,349,42.211931,1779113039.944763,5.8,198.0,22.0,2940,1912,0.578473,0.82,0.0,0.0,pix
real_001_s001_2026-05-18_16-03-17-731,001,001,2,P002,wikiart_practice/practice_wikiart_002_untitled_abstract_composition_1964.jpg,350,42.228598,1779113039.96143,5.816667,198.0,22.0,2940,1912,0.578473,0.82,0.0,0.0,pix
real_001_s001_2026-05-18_16-03-17-731,001,001,2,P002,wikiart_practice/practice_wikiart_002_untitled_abstract_composition_1964.jpg,351,42.245264,1779113039.978096,5.833333,198.0,22.0,2940,1912,0.578473,0.82,0.0,0.0,pix
real_001_s001_2026-05-18_16-03-17-731,001,001,2,P002,wikiart_practice/practice_wikiart_002_untitled_abstract_composition_1964.jpg,352,42.261931,1779113039.994763,5.85,198.0,22.0,2940,1912,0.578473,0.82,0.0,0.0,pix
real_001_s001_2026-05-18_16-03-17-731,001,001,2,P002,wikiart_practice/practice_wikiart_002_untitled_abstract_composition_1964.jpg,353,42.278598,1779113040.01143,5.866667,198.0,22.0,2940,1912,0.578473,0.82,0.0,0.0,pix
real_001_s001_2026-05-18_16-03-17-731,001,001,2,P002,wikiart_practice/practice_wikiart_002_untitled_abstract_composition_1964.jpg,354,42.295264,1779113040.028096,5.883333,198.0,22.0,2940,1912,0.578473,0.82,0.0,0.0,pix
real_001_s001_2026-05-18_16-03-17-731,001,001,2,P002,wikiart_practice/practice_wikiart_002_untitled_abstract_composition_1964.jpg,355,42.311931,1779113040.044763,5.9,198.0,22.0,2940,1912,0.578473,0.82,0.0,0.0,pix
real_001_s001_2026-05-18_16-03-17-731,001,001,2,P002,wikiart_practice/practice_wikiart_002_untitled_abstract_composition_1964.jpg,356,42.328598,1779113040.06143,5.916667,198.0,22.0,2940,1912,0.578473,0.82,0.0,0.0,pix
real_001_s001_2026-05-18_16-03-17-731,001,001,2,P002,wikiart_practice/practice_wikiart_002_untitled_abstract_composition_1964.jpg,357,42.345264,1779113040.078096,5.933333,198.0,22.0,2940,1912,0.578473,0.82,0.0,0.0,pix
real_001_s001_2026-05-18_16-03-17-731,001,001,2,P002,wikiart_practice/practice_wikiart_002_untitled_abstract_composition_1964.jpg,358,42.361931,1779113040.094763,5.95,198.0,22.0,2940,1912,0.578473,0.82,0.0,0.0,pix
real_001_s001_2026-05-18_16-03-17-731,001,001,2,P002,wikiart_practice/practice_wikiart_002_untitled_abstract_composition_1964.jpg,359,42.378598,1779113040.11143,5.966667,198.0,22.0,2940,1912,0.578473,0.82,0.0,0.0,pix
real_001_s001_2026-05-18_16-03-17-731,001,001,2,P002,wikiart_practice/practice_wikiart_002_untitled_abstract_composition_1964.jpg,360,42.395264,1779113040.128096,5.983333,198.0,22.0,2940,1912,0.578473,0.82,0.0,0.0,pix
real_001_s001_2026-05-18_16-03-17-731,001,001,2,P002,wikiart_practice/practice_wikiart_002_untitled_abstract_composition_1964.jpg,361,42.411931,1779113040.144763,6.0,198.0,22.0,2940,1912,0.578473,0.82,0.0,0.0,pix
real_001_s001_2026-05-18_16-03-17-731,001,001,2,P002,wikiart_practice/practice_wikiart_002_untitled_abstract_composition_1964.jpg,362,42.428598,1779113040.16143,6.016667,198.0,22.0,2940,1912,0.578473,0.82,0.0,0.0,pix
real_001_s001_2026-05-18_16-03-17-731,001,001,2,P002,wikiart_practice/practice_wikiart_002_untitled_abstract_composition_1964.jpg,363,42.445264,1779113040.178096,6.033333,198.0,22.0,2940,1912,0.578473,0.82,0.0,0.0,pix
real_001_s001_2026-05-18_16-03-17-731,001,001,2,P002,wikiart_practice/practice_wikiart_002_untitled_abstract_composition_1964.jpg,364,42.461931,1779113040.194763,6.05,198.0,22.0,2940,1912,0.578473,0.82,0.0,0.0,pix
real_001_s001_2026-05-18_16-03-17-731,001,001,2,P002,wikiart_practice/practice_wikiart_002_untitled_abstract_composition_1964.jpg,365,42.478598,1779113040.21143,6.066667,198.0,22.0,2940,1912,0.578473,0.82,0.0,0.0,pix
real_001_s001_2026-05-18_16-03-17-731,001,001,2,P002,wikiart_practice/practice_wikiart_002_untitled_abstract_composition_1964.jpg,366,42.495264,1779113040.228096,6.083333,198.0,22.0,2940,1912,0.578473,0.82,0.0,0.0,pix
real_001_s001_2026-05-18_16-03-17-731,001,001,2,P002,wikiart_practice/practice_wikiart_002_untitled_abstract_composition_1964.jpg,367,42.511931,1779113040.244763,6.1,198.0,22.0,2940,1912,0.578473,0.82,0.0,0.0,pix
real_001_s001_2026-05-18_16-03-17-731,001,001,2,P002,wikiart_practice/practice_wikiart_002_untitled_abstract_composition_1964.jpg,368,42.528598,1779113040.26143,6.116667,198.0,22.0,2940,1912,0.578473,0.82,0.0,0.0,pix
real_001_s001_2026-05-18_16-03-17-731,001,001,2,P002,wikiart_practice/practice_wikiart_002_untitled_abstract_composition_1964.jpg,369,42.545264,1779113040.278096,6.133333,198.0,22.0,2940,1912,0.578473,0.82,0.0,0.0,pix
real_001_s001_2026-05-18_16-03-17-731,001,001,2,P002,wikiart_practice/practice_wikiart_002_untitled_abstract_composition_1964.jpg,370,42.561931,1779113040.294763,6.15,198.0,22.0,2940,1912,0.578473,0.82,0.0,0.0,pix
real_001_s001_2026-05-18_16-03-17-731,001,001,2,P002,wikiart_practice/practice_wikiart_002_untitled_abstract_composition_1964.jpg,371,42.578598,1779113040.31143,6.166667,198.0,22.0,2940,1912,0.578473,0.82,0.0,0.0,pix
real_001_s001_2026-05-18_16-03-17-731,001,001,2,P002,wikiart_practice/practice_wikiart_002_untitled_abstract_composition_1964.jpg,372,42.595264,1779113040.328096,6.183333,198.0,22.0,2940,1912,0.578473,0.82,0.0,0.0,pix
real_001_s001_2026-05-18_16-03-17-731,001,001,2,P002,wikiart_practice/practice_wikiart_002_untitled_abstract_composition_1964.jpg,373,42.611931,1779113040.344763,6.2,198.0,22.0,2940,1912,0.578473,0.82,0.0,0.0,pix
real_001_s001_2026-05-18_16-03-17-731,001,001,2,P002,wikiart_practice/practice_wikiart_002_untitled_abstract_composition_1964.jpg,374,42.628598,1779113040.36143,6.216667,198.0,22.0,2940,1912,0.578473,0.82,0.0,0.0,pix
real_001_s001_2026-05-18_16-03-17-731,001,001,2,P002,wikiart_practice/practice_wikiart_002_untitled_abstract_composition_1964.jpg,375,42.645264,1779113040.378096,6.233333,198.0,22.0,2940,1912,0.578473,0.82,0.0,0.0,pix
real_001_s001_2026-05-18_16-03-17-731,001,001,2,P002,wikiart_practice/practice_wikiart_002_untitled_abstract_composition_1964.jpg,376,42.661931,1779113040.394763,6.25,198.0,22.0,2940,1912,0.578473,0.82,0.0,0.0,pix
real_001_s001_2026-05-18_16-03-17-731,001,001,2,P002,wikiart_practice/practice_wikiart_002_untitled_abstract_composition_1964.jpg,377,42.678598,1779113040.41143,6.266667,198.0,22.0,2940,1912,0.578473,0.82,0.0,0.0,pix
real_001_s001_2026-05-18_16-03-17-731,001,001,2,P002,wikiart_practice/practice_wikiart_002_untitled_abstract_composition_1964.jpg,378,42.695264,1779113040.428096,6.283333,198.0,22.0,2940,1912,0.578473,0.82,0.0,0.0,pix
real_001_s001_2026-05-18_16-03-17-731,001,001,2,P002,wikiart_practice/practice_wikiart_002_untitled_abstract_composition_1964.jpg,379,42.711931,1779113040.444763,6.3,198.0,22.0,2940,1912,0.578473,0.82,0.0,0.0,pix
real_001_s001_2026-05-18_16-03-17-731,001,001,2,P002,wikiart_practice/practice_wikiart_002_untitled_abstract_composition_1964.jpg,380,42.728598,1779113040.46143,6.316667,198.0,22.0,2940,1912,0.578473,0.82,0.0,0.0,pix
real_001_s001_2026-05-18_16-03-17-731,001,001,2,P002,wikiart_practice/practice_wikiart_002_untitled_abstract_composition_1964.jpg,381,42.745264,1779113040.478096,6.333333,198.0,22.0,2940,1912,0.578473,0.82,0.0,0.0,pix
real_001_s001_2026-05-18_16-03-17-731,001,001,2,P002,wikiart_practice/practice_wikiart_002_untitled_abstract_composition_1964.jpg,382,42.761931,1779113040.494763,6.35,198.0,22.0,2940,1912,0.578473,0.82,0.0,0.0,pix
real_001_s001_2026-05-18_16-03-17-731,001,001,2,P002,wikiart_practice/practice_wikiart_002_untitled_abstract_composition_1964.jpg,383,42.778598,1779113040.51143,6.366667,198.0,22.0,2940,1912,0.578473,0.82,0.0,0.0,pix
real_001_s001_2026-05-18_16-03-17-731,001,001,2,P002,wikiart_practice/practice_wikiart_002_untitled_abstract_composition_1964.jpg,384,42.795264,1779113040.528096,6.383333,198.0,22.0,2940,1912,0.578473,0.82,0.0,0.0,pix
real_001_s001_2026-05-18_16-03-17-731,001,001,2,P002,wikiart_practice/practice_wikiart_002_untitled_abstract_composition_1964.jpg,385,42.811931,1779113040.544763,6.4,198.0,22.0,2940,1912,0.578473,0.82,0.0,0.0,pix
real_001_s001_2026-05-18_16-03-17-731,001,001,2,P002,wikiart_practice/practice_wikiart_002_untitled_abstract_composition_1964.jpg,386,42.828598,1779113040.56143,6.416667,198.0,22.0,2940,1912,0.578473,0.82,0.0,0.0,pix
real_001_s001_2026-05-18_16-03-17-731,001,001,2,P002,wikiart_practice/practice_wikiart_002_untitled_abstract_composition_1964.jpg,387,42.845264,1779113040.578096,6.433333,198.0,22.0,2940,1912,0.578473,0.82,0.0,0.0,pix
real_001_s001_2026-05-18_16-03-17-731,001,001,2,P002,wikiart_practice/practice_wikiart_002_untitled_abstract_composition_1964.jpg,388,42.861931,1779113040.594763,6.45,198.0,22.0,2940,1912,0.578473,0.82,0.0,0.0,pix
real_001_s001_2026-05-18_16-03-17-731,001,001,2,P002,wikiart_practice/practice_wikiart_002_untitled_abstract_composition_1964.jpg,389,42.878598,1779113040.61143,6.466667,198.0,22.0,2940,1912,0.578473,0.82,0.0,0.0,pix
real_001_s001_2026-05-18_16-03-17-731,001,001,2,P002,wikiart_practice/practice_wikiart_002_untitled_abstract_composition_1964.jpg,390,42.895264,1779113040.628096,6.483333,198.0,22.0,2940,1912,0.578473,0.82,0.0,0.0,pix
real_001_s001_2026-05-18_16-03-17-731,001,001,2,P002,wikiart_practice/practice_wikiart_002_untitled_abstract_composition_1964.jpg,391,42.911931,1779113040.644763,6.5,198.0,22.0,2940,1912,0.578473,0.82,0.0,0.0,pix
real_001_s001_2026-05-18_16-03-17-731,001,001,2,P002,wikiart_practice/practice_wikiart_002_untitled_abstract_composition_1964.jpg,392,42.928598,1779113040.66143,6.516667,198.0,22.0,2940,1912,0.578473,0.82,0.0,0.0,pix
real_001_s001_2026-05-18_16-03-17-731,001,001,2,P002,wikiart_practice/practice_wikiart_002_untitled_abstract_composition_1964.jpg,393,42.945264,1779113040.678096,6.533333,198.0,22.0,2940,1912,0.578473,0.82,0.0,0.0,pix
real_001_s001_2026-05-18_16-03-17-731,001,001,2,P002,wikiart_practice/practice_wikiart_002_untitled_abstract_composition_1964.jpg,394,42.961931,1779113040.694763,6.55,198.0,22.0,2940,1912,0.578473,0.82,0.0,0.0,pix
real_001_s001_2026-05-18_16-03-17-731,001,001,2,P002,wikiart_practice/practice_wikiart_002_untitled_abstract_composition_1964.jpg,395,42.978598,1779113040.71143,6.566667,198.0,22.0,2940,1912,0.578473,0.82,0.0,0.0,pix
real_001_s001_2026-05-18_16-03-17-731,001,001,2,P002,wikiart_practice/practice_wikiart_002_untitled_abstract_composition_1964.jpg,396,42.995264,1779113040.728096,6.583333,198.0,22.0,2940,1912,0.578473,0.82,0.0,0.0,pix
real_001_s001_2026-05-18_16-03-17-731,001,001,2,P002,wikiart_practice/practice_wikiart_002_untitled_abstract_composition_1964.jpg,397,43.011931,1779113040.744763,6.6,198.0,22.0,2940,1912,0.578473,0.82,0.0,0.0,pix
real_001_s001_2026-05-18_16-03-17-731,001,001,2,P002,wikiart_practice/practice_wikiart_002_untitled_abstract_composition_1964.jpg,398,43.028598,1779113040.76143,6.616667,198.0,22.0,2940,1912,0.578473,0.82,0.0,0.0,pix
real_001_s001_2026-05-18_16-03-17-731,001,001,2,P002,wikiart_practice/practice_wikiart_002_untitled_abstract_composition_1964.jpg,399,43.045264,1779113040.778096,6.633333,198.0,22.0,2940,1912,0.578473,0.82,0.0,0.0,pix
real_001_s001_2026-05-18_16-03-17-731,001,001,2,P002,wikiart_practice/practice_wikiart_002_untitled_abstract_composition_1964.jpg,400,43.061931,1779113040.794763,6.65,198.0,22.0,2940,1912,0.578473,0.82,0.0,0.0,pix
real_001_s001_2026-05-18_16-03-17-731,001,001,2,P002,wikiart_practice/practice_wikiart_002_untitled_abstract_composition_1964.jpg,401,43.078598,1779113040.81143,6.666667,198.0,22.0,2940,1912,0.578473,0.82,0.0,0.0,pix
real_001_s001_2026-05-18_16-03-17-731,001,001,2,P002,wikiart_practice/practice_wikiart_002_untitled_abstract_composition_1964.jpg,402,43.095264,1779113040.828096,6.683333,198.0,22.0,2940,1912,0.578473,0.82,0.0,0.0,pix
real_001_s001_2026-05-18_16-03-17-731,001,001,2,P002,wikiart_practice/practice_wikiart_002_untitled_abstract_composition_1964.jpg,403,43.111931,1779113040.844763,6.7,198.0,22.0,2940,1912,0.578473,0.82,0.0,0.0,pix
real_001_s001_2026-05-18_16-03-17-731,001,001,2,P002,wikiart_practice/practice_wikiart_002_untitled_abstract_composition_1964.jpg,404,43.128598,1779113040.86143,6.716667,198.0,22.0,2940,1912,0.578473,0.82,0.0,0.0,pix
real_001_s001_2026-05-18_16-03-17-731,001,001,2,P002,wikiart_practice/practice_wikiart_002_untitled_abstract_composition_1964.jpg,405,43.145264,1779113040.878096,6.733333,198.0,22.0,2940,1912,0.578473,0.82,0.0,0.0,pix
real_001_s001_2026-05-18_16-03-17-731,001,001,2,P002,wikiart_practice/practice_wikiart_002_untitled_abstract_composition_1964.jpg,406,43.161931,1779113040.894763,6.75,198.0,22.0,2940,1912,0.578473,0.82,0.0,0.0,pix
real_001_s001_2026-05-18_16-03-17-731,001,001,2,P002,wikiart_practice/practice_wikiart_002_untitled_abstract_composition_1964.jpg,407,43.178598,1779113040.91143,6.766667,198.0,22.0,2940,1912,0.578473,0.82,0.0,0.0,pix
real_001_s001_2026-05-18_16-03-17-731,001,001,2,P002,wikiart_practice/practice_wikiart_002_untitled_abstract_composition_1964.jpg,408,43.195264,1779113040.928096,6.783333,198.0,22.0,2940,1912,0.578473,0.82,0.0,0.0,pix
real_001_s001_2026-05-18_16-03-17-731,001,001,2,P002,wikiart_practice/practice_wikiart_002_untitled_abstract_composition_1964.jpg,409,43.211931,1779113040.944763,6.8,198.0,22.0,2940,1912,0.578473,0.82,0.0,0.0,pix
real_001_s001_2026-05-18_16-03-17-731,001,001,2,P002,wikiart_practice/practice_wikiart_002_untitled_abstract_composition_1964.jpg,410,43.228598,1779113040.96143,6.816667,198.0,22.0,2940,1912,0.578473,0.82,0.0,0.0,pix
real_001_s001_2026-05-18_16-03-17-731,001,001,2,P002,wikiart_practice/practice_wikiart_002_untitled_abstract_composition_1964.jpg,411,43.245264,1779113040.978096,6.833333,198.0,22.0,2940,1912,0.578473,0.82,0.0,0.0,pix
real_001_s001_2026-05-18_16-03-17-731,001,001,2,P002,wikiart_practice/practice_wikiart_002_untitled_abstract_composition_1964.jpg,412,43.261931,1779113040.994763,6.85,198.0,22.0,2940,1912,0.578473,0.82,0.0,0.0,pix
real_001_s001_2026-05-18_16-03-17-731,001,001,2,P002,wikiart_practice/practice_wikiart_002_untitled_abstract_composition_1964.jpg,413,43.278598,1779113041.01143,6.866667,198.0,22.0,2940,1912,0.578473,0.82,0.0,0.0,pix
real_001_s001_2026-05-18_16-03-17-731,001,001,2,P002,wikiart_practice/practice_wikiart_002_untitled_abstract_composition_1964.jpg,414,43.295264,1779113041.028096,6.883333,198.0,22.0,2940,1912,0.578473,0.82,0.0,0.0,pix
real_001_s001_2026-05-18_16-03-17-731,001,001,2,P002,wikiart_practice/practice_wikiart_002_untitled_abstract_composition_1964.jpg,415,43.311931,1779113041.044763,6.9,198.0,22.0,2940,1912,0.578473,0.82,0.0,0.0,pix
real_001_s001_2026-05-18_16-03-17-731,001,001,2,P002,wikiart_practice/practice_wikiart_002_untitled_abstract_composition_1964.jpg,416,43.328598,1779113041.06143,6.916667,198.0,22.0,2940,1912,0.578473,0.82,0.0,0.0,pix
real_001_s001_2026-05-18_16-03-17-731,001,001,2,P002,wikiart_practice/practice_wikiart_002_untitled_abstract_composition_1964.jpg,417,43.345264,1779113041.078096,6.933333,198.0,22.0,2940,1912,0.578473,0.82,0.0,0.0,pix
real_001_s001_2026-05-18_16-03-17-731,001,001,2,P002,wikiart_practice/practice_wikiart_002_untitled_abstract_composition_1964.jpg,418,43.361931,1779113041.094763,6.95,198.0,22.0,2940,1912,0.578473,0.82,0.0,0.0,pix
real_001_s001_2026-05-18_16-03-17-731,001,001,2,P002,wikiart_practice/practice_wikiart_002_untitled_abstract_composition_1964.jpg,419,43.378598,1779113041.11143,6.966667,198.0,22.0,2940,1912,0.578473,0.82,0.0,0.0,pix
real_001_s001_2026-05-18_16-03-17-731,001,001,2,P002,wikiart_practice/practice_wikiart_002_untitled_abstract_composition_1964.jpg,420,43.395264,1779113041.128096,6.983333,198.0,22.0,2940,1912,0.578473,0.82,0.0,0.0,pix
real_001_s001_2026-05-18_16-03-17-731,001,001,2,P002,wikiart_practice/practice_wikiart_002_untitled_abstract_composition_1964.jpg,421,43.411931,1779113041.144763,7.0,198.0,22.0,2940,1912,0.578473,0.82,0.0,0.0,pix
real_001_s001_2026-05-18_16-03-17-731,001,001,2,P002,wikiart_practice/practice_wikiart_002_untitled_abstract_composition_1964.jpg,422,43.428598,1779113041.16143,7.016667,198.0,22.0,2940,1912,0.578473,0.82,0.0,0.0,pix
real_001_s001_2026-05-18_16-03-17-731,001,001,2,P002,wikiart_practice/practice_wikiart_002_untitled_abstract_composition_1964.jpg,423,43.445264,1779113041.178096,7.033333,198.0,22.0,2940,1912,0.578473,0.82,0.0,0.0,pix
real_001_s001_2026-05-18_16-03-17-731,001,001,2,P002,wikiart_practice/practice_wikiart_002_untitled_abstract_composition_1964.jpg,424,43.461931,1779113041.194763,7.05,198.0,22.0,2940,1912,0.578473,0.82,0.0,0.0,pix
real_001_s001_2026-05-18_16-03-17-731,001,001,2,P002,wikiart_practice/practice_wikiart_002_untitled_abstract_composition_1964.jpg,425,43.478598,1779113041.21143,7.066667,198.0,22.0,2940,1912,0.578473,0.82,0.0,0.0,pix
real_001_s001_2026-05-18_16-03-17-731,001,001,2,P002,wikiart_practice/practice_wikiart_002_untitled_abstract_composition_1964.jpg,426,43.495264,1779113041.228096,7.083333,198.0,22.0,2940,1912,0.578473,0.82,0.0,0.0,pix
real_001_s001_2026-05-18_16-03-17-731,001,001,2,P002,wikiart_practice/practice_wikiart_002_untitled_abstract_composition_1964.jpg,427,43.511931,1779113041.244763,7.1,198.0,22.0,2940,1912,0.578473,0.82,0.0,0.0,pix
real_001_s001_2026-05-18_16-03-17-731,001,001,2,P002,wikiart_practice/practice_wikiart_002_untitled_abstract_composition_1964.jpg,428,43.528598,1779113041.26143,7.116667,198.0,22.0,2940,1912,0.578473,0.82,0.0,0.0,pix
real_001_s001_2026-05-18_16-03-17-731,001,001,2,P002,wikiart_practice/practice_wikiart_002_untitled_abstract_composition_1964.jpg,429,43.545264,1779113041.278096,7.133333,198.0,22.0,2940,1912,0.578473,0.82,0.0,0.0,pix
real_001_s001_2026-05-18_16-03-17-731,001,001,2,P002,wikiart_practice/practice_wikiart_002_untitled_abstract_composition_1964.jpg,430,43.561931,1779113041.294763,7.15,198.0,22.0,2940,1912,0.578473,0.82,0.0,0.0,pix
real_001_s001_2026-05-18_16-03-17-731,001,001,2,P002,wikiart_practice/practice_wikiart_002_untitled_abstract_composition_1964.jpg,431,43.578598,1779113041.31143,7.166667,198.0,22.0,2940,1912,0.578473,0.82,0.0,0.0,pix
real_001_s001_2026-05-18_16-03-17-731,001,001,2,P002,wikiart_practice/practice_wikiart_002_untitled_abstract_composition_1964.jpg,432,43.595264,1779113041.328096,7.183333,198.0,22.0,2940,1912,0.578473,0.82,0.0,0.0,pix
real_001_s001_2026-05-18_16-03-17-731,001,001,2,P002,wikiart_practice/practice_wikiart_002_untitled_abstract_composition_1964.jpg,433,43.611931,1779113041.344763,7.2,198.0,22.0,2940,1912,0.578473,0.82,0.0,0.0,pix
real_001_s001_2026-05-18_16-03-17-731,001,001,2,P002,wikiart_practice/practice_wikiart_002_untitled_abstract_composition_1964.jpg,434,43.628598,1779113041.36143,7.216667,198.0,22.0,2940,1912,0.578473,0.82,0.0,0.0,pix
real_001_s001_2026-05-18_16-03-17-731,001,001,2,P002,wikiart_practice/practice_wikiart_002_untitled_abstract_composition_1964.jpg,435,43.645264,1779113041.378096,7.233333,198.0,22.0,2940,1912,0.578473,0.82,0.0,0.0,pix
real_001_s001_2026-05-18_16-03-17-731,001,001,2,P002,wikiart_practice/practice_wikiart_002_untitled_abstract_composition_1964.jpg,436,43.661931,1779113041.394763,7.25,198.0,22.0,2940,1912,0.578473,0.82,0.0,0.0,pix
real_001_s001_2026-05-18_16-03-17-731,001,001,2,P002,wikiart_practice/practice_wikiart_002_untitled_abstract_composition_1964.jpg,437,43.678598,1779113041.41143,7.266667,198.0,22.0,2940,1912,0.578473,0.82,0.0,0.0,pix
real_001_s001_2026-05-18_16-03-17-731,001,001,2,P002,wikiart_practice/practice_wikiart_002_untitled_abstract_composition_1964.jpg,438,43.695264,1779113041.428096,7.283333,198.0,22.0,2940,1912,0.578473,0.82,0.0,0.0,pix
real_001_s001_2026-05-18_16-03-17-731,001,001,2,P002,wikiart_practice/practice_wikiart_002_untitled_abstract_composition_1964.jpg,439,43.711931,1779113041.444763,7.3,198.0,22.0,2940,1912,0.578473,0.82,0.0,0.0,pix
real_001_s001_2026-05-18_16-03-17-731,001,001,2,P002,wikiart_practice/practice_wikiart_002_untitled_abstract_composition_1964.jpg,440,43.728598,1779113041.46143,7.316667,198.0,22.0,2940,1912,0.578473,0.82,0.0,0.0,pix
real_001_s001_2026-05-18_16-03-17-731,001,001,2,P002,wikiart_practice/practice_wikiart_002_untitled_abstract_composition_1964.jpg,441,43.745264,1779113041.478096,7.333333,198.0,22.0,2940,1912,0.578473,0.82,0.0,0.0,pix
real_001_s001_2026-05-18_16-03-17-731,001,001,2,P002,wikiart_practice/practice_wikiart_002_untitled_abstract_composition_1964.jpg,442,43.761931,1779113041.494763,7.35,198.0,22.0,2940,1912,0.578473,0.82,0.0,0.0,pix
real_001_s001_2026-05-18_16-03-17-731,001,001,2,P002,wikiart_practice/practice_wikiart_002_untitled_abstract_composition_1964.jpg,443,43.778598,1779113041.51143,7.366667,198.0,22.0,2940,1912,0.578473,0.82,0.0,0.0,pix
real_001_s001_2026-05-18_16-03-17-731,001,001,2,P002,wikiart_practice/practice_wikiart_002_untitled_abstract_composition_1964.jpg,444,43.795264,1779113041.528096,7.383333,198.0,22.0,2940,1912,0.578473,0.82,0.0,0.0,pix
real_001_s001_2026-05-18_16-03-17-731,001,001,2,P002,wikiart_practice/practice_wikiart_002_untitled_abstract_composition_1964.jpg,445,43.811931,1779113041.544763,7.4,198.0,22.0,2940,1912,0.578473,0.82,0.0,0.0,pix
real_001_s001_2026-05-18_16-03-17-731,001,001,2,P002,wikiart_practice/practice_wikiart_002_untitled_abstract_composition_1964.jpg,446,43.828598,1779113041.56143,7.416667,198.0,22.0,2940,1912,0.578473,0.82,0.0,0.0,pix
real_001_s001_2026-05-18_16-03-17-731,001,001,2,P002,wikiart_practice/practice_wikiart_002_untitled_abstract_composition_1964.jpg,447,43.845264,1779113041.578096,7.433333,198.0,22.0,2940,1912,0.578473,0.82,0.0,0.0,pix
real_001_s001_2026-05-18_16-03-17-731,001,001,2,P002,wikiart_practice/practice_wikiart_002_untitled_abstract_composition_1964.jpg,448,43.861931,1779113041.594763,7.45,198.0,22.0,2940,1912,0.578473,0.82,0.0,0.0,pix
real_001_s001_2026-05-18_16-03-17-731,001,001,2,P002,wikiart_practice/practice_wikiart_002_untitled_abstract_composition_1964.jpg,449,43.878598,1779113041.61143,7.466667,198.0,22.0,2940,1912,0.578473,0.82,0.0,0.0,pix
real_001_s001_2026-05-18_16-03-17-731,001,001,2,P002,wikiart_practice/practice_wikiart_002_untitled_abstract_composition_1964.jpg,450,43.895264,1779113041.628096,7.483333,198.0,22.0,2940,1912,0.578473,0.82,0.0,0.0,pix
real_001_s001_2026-05-18_16-03-17-731,001,001,2,P002,wikiart_practice/practice_wikiart_002_untitled_abstract_composition_1964.jpg,451,43.911931,1779113041.644763,7.5,198.0,22.0,2940,1912,0.578473,0.82,0.0,0.0,pix
real_001_s001_2026-05-18_16-03-17-731,001,001,2,P002,wikiart_practice/practice_wikiart_002_untitled_abstract_composition_1964.jpg,452,43.928598,1779113041.66143,7.516667,198.0,22.0,2940,1912,0.578473,0.82,0.0,0.0,pix
real_001_s001_2026-05-18_16-03-17-731,001,001,2,P002,wikiart_practice/practice_wikiart_002_untitled_abstract_composition_1964.jpg,453,43.945264,1779113041.678096,7.533333,198.0,22.0,2940,1912,0.578473,0.82,0.0,0.0,pix
real_001_s001_2026-05-18_16-03-17-731,001,001,2,P002,wikiart_practice/practice_wikiart_002_untitled_abstract_composition_1964.jpg,454,43.961931,1779113041.694763,7.55,198.0,22.0,2940,1912,0.578473,0.82,0.0,0.0,pix
real_001_s001_2026-05-18_16-03-17-731,001,001,2,P002,wikiart_practice/practice_wikiart_002_untitled_abstract_composition_1964.jpg,455,43.978598,1779113041.71143,7.566667,198.0,22.0,2940,1912,0.578473,0.82,0.0,0.0,pix
real_001_s001_2026-05-18_16-03-17-731,001,001,2,P002,wikiart_practice/practice_wikiart_002_untitled_abstract_composition_1964.jpg,456,43.995264,1779113041.728096,7.583333,198.0,22.0,2940,1912,0.578473,0.82,0.0,0.0,pix
real_001_s001_2026-05-18_16-03-17-731,001,001,2,P002,wikiart_practice/practice_wikiart_002_untitled_abstract_composition_1964.jpg,457,44.011931,1779113041.744763,7.6,198.0,22.0,2940,1912,0.578473,0.82,0.0,0.0,pix
real_001_s001_2026-05-18_16-03-17-731,001,001,2,P002,wikiart_practice/practice_wikiart_002_untitled_abstract_composition_1964.jpg,458,44.028598,1779113041.76143,7.616667,198.0,22.0,2940,1912,0.578473,0.82,0.0,0.0,pix
real_001_s001_2026-05-18_16-03-17-731,001,001,2,P002,wikiart_practice/practice_wikiart_002_untitled_abstract_composition_1964.jpg,459,44.045264,1779113041.778096,7.633333,198.0,22.0,2940,1912,0.578473,0.82,0.0,0.0,pix
real_001_s001_2026-05-18_16-03-17-731,001,001,2,P002,wikiart_practice/practice_wikiart_002_untitled_abstract_composition_1964.jpg,460,44.061931,1779113041.794763,7.65,198.0,22.0,2940,1912,0.578473,0.82,0.0,0.0,pix
real_001_s001_2026-05-18_16-03-17-731,001,001,2,P002,wikiart_practice/practice_wikiart_002_untitled_abstract_composition_1964.jpg,461,44.078598,1779113041.81143,7.666667,198.0,22.0,2940,1912,0.578473,0.82,0.0,0.0,pix
real_001_s001_2026-05-18_16-03-17-731,001,001,2,P002,wikiart_practice/practice_wikiart_002_untitled_abstract_composition_1964.jpg,462,44.095264,1779113041.828096,7.683333,198.0,22.0,2940,1912,0.578473,0.82,0.0,0.0,pix
real_001_s001_2026-05-18_16-03-17-731,001,001,2,P002,wikiart_practice/practice_wikiart_002_untitled_abstract_composition_1964.jpg,463,44.111931,1779113041.844763,7.7,198.0,22.0,2940,1912,0.578473,0.82,0.0,0.0,pix
real_001_s001_2026-05-18_16-03-17-731,001,001,2,P002,wikiart_practice/practice_wikiart_002_untitled_abstract_composition_1964.jpg,464,44.128598,1779113041.86143,7.716667,198.0,22.0,2940,1912,0.578473,0.82,0.0,0.0,pix
real_001_s001_2026-05-18_16-03-17-731,001,001,2,P002,wikiart_practice/practice_wikiart_002_untitled_abstract_composition_1964.jpg,465,44.145264,1779113041.878096,7.733333,198.0,22.0,2940,1912,0.578473,0.82,0.0,0.0,pix
real_001_s001_2026-05-18_16-03-17-731,001,001,2,P002,wikiart_practice/practice_wikiart_002_untitled_abstract_composition_1964.jpg,466,44.161931,1779113041.894763,7.75,198.0,22.0,2940,1912,0.578473,0.82,0.0,0.0,pix
real_001_s001_2026-05-18_16-03-17-731,001,001,2,P002,wikiart_practice/practice_wikiart_002_untitled_abstract_composition_1964.jpg,467,44.178598,1779113041.91143,7.766667,198.0,22.0,2940,1912,0.578473,0.82,0.0,0.0,pix
real_001_s001_2026-05-18_16-03-17-731,001,001,2,P002,wikiart_practice/practice_wikiart_002_untitled_abstract_composition_1964.jpg,468,44.195264,1779113041.928096,7.783333,198.0,22.0,2940,1912,0.578473,0.82,0.0,0.0,pix
real_001_s001_2026-05-18_16-03-17-731,001,001,2,P002,wikiart_practice/practice_wikiart_002_untitled_abstract_composition_1964.jpg,469,44.211931,1779113041.944763,7.8,198.0,22.0,2940,1912,0.578473,0.82,0.0,0.0,pix
real_001_s001_2026-05-18_16-03-17-731,001,001,2,P002,wikiart_practice/practice_wikiart_002_untitled_abstract_composition_1964.jpg,470,44.228598,1779113041.96143,7.816667,198.0,22.0,2940,1912,0.578473,0.82,0.0,0.0,pix
real_001_s001_2026-05-18_16-03-17-731,001,001,2,P002,wikiart_practice/practice_wikiart_002_untitled_abstract_composition_1964.jpg,471,44.245264,1779113041.978096,7.833333,198.0,22.0,2940,1912,0.578473,0.82,0.0,0.0,pix
real_001_s001_2026-05-18_16-03-17-731,001,001,2,P002,wikiart_practice/practice_wikiart_002_untitled_abstract_composition_1964.jpg,472,44.261931,1779113041.994763,7.85,198.0,22.0,2940,1912,0.578473,0.82,0.0,0.0,pix
real_001_s001_2026-05-18_16-03-17-731,001,001,2,P002,wikiart_practice/practice_wikiart_002_untitled_abstract_composition_1964.jpg,473,44.278598,1779113042.01143,7.866667,198.0,22.0,2940,1912,0.578473,0.82,0.0,0.0,pix
real_001_s001_2026-05-18_16-03-17-731,001,001,2,P002,wikiart_practice/practice_wikiart_002_untitled_abstract_composition_1964.jpg,474,44.295264,1779113042.028096,7.883333,198.0,22.0,2940,1912,0.578473,0.82,0.0,0.0,pix
real_001_s001_2026-05-18_16-03-17-731,001,001,2,P002,wikiart_practice/practice_wikiart_002_untitled_abstract_composition_1964.jpg,475,44.311931,1779113042.044763,7.9,198.0,22.0,2940,1912,0.578473,0.82,0.0,0.0,pix
real_001_s001_2026-05-18_16-03-17-731,001,001,2,P002,wikiart_practice/practice_wikiart_002_untitled_abstract_composition_1964.jpg,476,44.328598,1779113042.06143,7.916667,198.0,22.0,2940,1912,0.578473,0.82,0.0,0.0,pix
real_001_s001_2026-05-18_16-03-17-731,001,001,2,P002,wikiart_practice/practice_wikiart_002_untitled_abstract_composition_1964.jpg,477,44.345264,1779113042.078096,7.933333,198.0,22.0,2940,1912,0.578473,0.82,0.0,0.0,pix
real_001_s001_2026-05-18_16-03-17-731,001,001,2,P002,wikiart_practice/practice_wikiart_002_untitled_abstract_composition_1964.jpg,478,44.361931,1779113042.094763,7.95,198.0,22.0,2940,1912,0.578473,0.82,0.0,0.0,pix
real_001_s001_2026-05-18_16-03-17-731,001,001,2,P002,wikiart_practice/practice_wikiart_002_untitled_abstract_composition_1964.jpg,479,44.378598,1779113042.11143,7.966667,198.0,22.0,2940,1912,0.578473,0.82,0.0,0.0,pix
real_001_s001_2026-05-18_16-03-17-731,001,001,2,P002,wikiart_practice/practice_wikiart_002_untitled_abstract_composition_1964.jpg,480,44.395264,1779113042.128096,7.983333,198.0,22.0,2940,1912,0.578473,0.82,0.0,0.0,pix
real_001_s001_2026-05-18_16-03-17-731,001,001,2,P002,wikiart_practice/practice_wikiart_002_untitled_abstract_composition_1964.jpg,481,44.411931,1779113042.144763,8.0,198.0,22.0,2940,1912,0.578473,0.82,0.0,0.0,pix
real_001_s001_2026-05-18_16-03-17-731,001,001,2,P002,wikiart_practice/practice_wikiart_002_untitled_abstract_composition_1964.jpg,482,44.428598,1779113042.16143,8.016667,198.0,22.0,2940,1912,0.578473,0.82,0.0,0.0,pix
real_001_s001_2026-05-18_16-03-17-731,001,001,2,P002,wikiart_practice/practice_wikiart_002_untitled_abstract_composition_1964.jpg,483,44.445264,1779113042.178096,8.033333,198.0,22.0,2940,1912,0.578473,0.82,0.0,0.0,pix
real_001_s001_2026-05-18_16-03-17-731,001,001,2,P002,wikiart_practice/practice_wikiart_002_untitled_abstract_composition_1964.jpg,484,44.461931,1779113042.194763,8.05,198.0,22.0,2940,1912,0.578473,0.82,0.0,0.0,pix
real_001_s001_2026-05-18_16-03-17-731,001,001,2,P002,wikiart_practice/practice_wikiart_002_untitled_abstract_composition_1964.jpg,485,44.478598,1779113042.21143,8.066667,198.0,22.0,2940,1912,0.578473,0.82,0.0,0.0,pix
real_001_s001_2026-05-18_16-03-17-731,001,001,2,P002,wikiart_practice/practice_wikiart_002_untitled_abstract_composition_1964.jpg,486,44.495264,1779113042.228096,8.083333,198.0,22.0,2940,1912,0.578473,0.82,0.0,0.0,pix
real_001_s001_2026-05-18_16-03-17-731,001,001,2,P002,wikiart_practice/practice_wikiart_002_untitled_abstract_composition_1964.jpg,487,44.511931,1779113042.244763,8.1,198.0,22.0,2940,1912,0.578473,0.82,0.0,0.0,pix
real_001_s001_2026-05-18_16-03-17-731,001,001,2,P002,wikiart_practice/practice_wikiart_002_untitled_abstract_composition_1964.jpg,488,44.528598,1779113042.26143,8.116667,198.0,22.0,2940,1912,0.578473,0.82,0.0,0.0,pix
real_001_s001_2026-05-18_16-03-17-731,001,001,2,P002,wikiart_practice/practice_wikiart_002_untitled_abstract_composition_1964.jpg,489,44.545264,1779113042.278096,8.133333,198.0,22.0,2940,1912,0.578473,0.82,0.0,0.0,pix
real_001_s001_2026-05-18_16-03-17-731,001,001,2,P002,wikiart_practice/practice_wikiart_002_untitled_abstract_composition_1964.jpg,490,44.561931,1779113042.294763,8.15,198.0,22.0,2940,1912,0.578473,0.82,0.0,0.0,pix
real_001_s001_2026-05-18_16-03-17-731,001,001,2,P002,wikiart_practice/practice_wikiart_002_untitled_abstract_composition_1964.jpg,491,44.578598,1779113042.31143,8.166667,198.0,22.0,2940,1912,0.578473,0.82,0.0,0.0,pix
real_001_s001_2026-05-18_16-03-17-731,001,001,2,P002,wikiart_practice/practice_wikiart_002_untitled_abstract_composition_1964.jpg,492,44.595264,1779113042.328096,8.183333,198.0,22.0,2940,1912,0.578473,0.82,0.0,0.0,pix
real_001_s001_2026-05-18_16-03-17-731,001,001,2,P002,wikiart_practice/practice_wikiart_002_untitled_abstract_composition_1964.jpg,493,44.611931,1779113042.344763,8.2,198.0,22.0,2940,1912,0.578473,0.82,0.0,0.0,pix
real_001_s001_2026-05-18_16-03-17-731,001,001,2,P002,wikiart_practice/practice_wikiart_002_untitled_abstract_composition_1964.jpg,494,44.628598,1779113042.36143,8.216667,198.0,22.0,2940,1912,0.578473,0.82,0.0,0.0,pix
real_001_s001_2026-05-18_16-03-17-731,001,001,2,P002,wikiart_practice/practice_wikiart_002_untitled_abstract_composition_1964.jpg,495,44.645264,1779113042.378096,8.233333,198.0,22.0,2940,1912,0.578473,0.82,0.0,0.0,pix
real_001_s001_2026-05-18_16-03-17-731,001,001,2,P002,wikiart_practice/practice_wikiart_002_untitled_abstract_composition_1964.jpg,496,44.661931,1779113042.394763,8.25,198.0,22.0,2940,1912,0.578473,0.82,0.0,0.0,pix
real_001_s001_2026-05-18_16-03-17-731,001,001,2,P002,wikiart_practice/practice_wikiart_002_untitled_abstract_composition_1964.jpg,497,44.678598,1779113042.41143,8.266667,198.0,22.0,2940,1912,0.578473,0.82,0.0,0.0,pix
real_001_s001_2026-05-18_16-03-17-731,001,001,2,P002,wikiart_practice/practice_wikiart_002_untitled_abstract_composition_1964.jpg,498,44.695264,1779113042.428096,8.283333,198.0,22.0,2940,1912,0.578473,0.82,0.0,0.0,pix
real_001_s001_2026-05-18_16-03-17-731,001,001,2,P002,wikiart_practice/practice_wikiart_002_untitled_abstract_composition_1964.jpg,499,44.711931,1779113042.444763,8.3,198.0,22.0,2940,1912,0.578473,0.82,0.0,0.0,pix
real_001_s001_2026-05-18_16-03-17-731,001,001,2,P002,wikiart_practice/practice_wikiart_002_untitled_abstract_composition_1964.jpg,500,44.728598,1779113042.46143,8.316667,198.0,22.0,2940,1912,0.578473,0.82,0.0,0.0,pix
real_001_s001_2026-05-18_16-03-17-731,001,001,2,P002,wikiart_practice/practice_wikiart_002_untitled_abstract_composition_1964.jpg,501,44.745264,1779113042.478096,8.333333,198.0,22.0,2940,1912,0.578473,0.82,0.0,0.0,pix
real_001_s001_2026-05-18_16-03-17-731,001,001,2,P002,wikiart_practice/practice_wikiart_002_untitled_abstract_composition_1964.jpg,502,44.761931,1779113042.494763,8.35,198.0,22.0,2940,1912,0.578473,0.82,0.0,0.0,pix
real_001_s001_2026-05-18_16-03-17-731,001,001,2,P002,wikiart_practice/practice_wikiart_002_untitled_abstract_composition_1964.jpg,503,44.778598,1779113042.51143,8.366667,198.0,22.0,2940,1912,0.578473,0.82,0.0,0.0,pix
real_001_s001_2026-05-18_16-03-17-731,001,001,2,P002,wikiart_practice/practice_wikiart_002_untitled_abstract_composition_1964.jpg,504,44.795264,1779113042.528096,8.383333,198.0,22.0,2940,1912,0.578473,0.82,0.0,0.0,pix
real_001_s001_2026-05-18_16-03-17-731,001,001,2,P002,wikiart_practice/practice_wikiart_002_untitled_abstract_composition_1964.jpg,505,44.811931,1779113042.544763,8.4,198.0,22.0,2940,1912,0.578473,0.82,0.0,0.0,pix
real_001_s001_2026-05-18_16-03-17-731,001,001,2,P002,wikiart_practice/practice_wikiart_002_untitled_abstract_composition_1964.jpg,506,44.828598,1779113042.56143,8.416667,198.0,22.0,2940,1912,0.578473,0.82,0.0,0.0,pix
real_001_s001_2026-05-18_16-03-17-731,001,001,2,P002,wikiart_practice/practice_wikiart_002_untitled_abstract_composition_1964.jpg,507,44.845264,1779113042.578096,8.433333,198.0,22.0,2940,1912,0.578473,0.82,0.0,0.0,pix
real_001_s001_2026-05-18_16-03-17-731,001,001,2,P002,wikiart_practice/practice_wikiart_002_untitled_abstract_composition_1964.jpg,508,44.861931,1779113042.594763,8.45,198.0,22.0,2940,1912,0.578473,0.82,0.0,0.0,pix
real_001_s001_2026-05-18_16-03-17-731,001,001,2,P002,wikiart_practice/practice_wikiart_002_untitled_abstract_composition_1964.jpg,509,44.878598,1779113042.61143,8.466667,198.0,22.0,2940,1912,0.578473,0.82,0.0,0.0,pix
real_001_s001_2026-05-18_16-03-17-731,001,001,2,P002,wikiart_practice/practice_wikiart_002_untitled_abstract_composition_1964.jpg,510,44.895264,1779113042.628096,8.483333,198.0,22.0,2940,1912,0.578473,0.82,0.0,0.0,pix
real_001_s001_2026-05-18_16-03-17-731,001,001,2,P002,wikiart_practice/practice_wikiart_002_untitled_abstract_composition_1964.jpg,511,44.911931,1779113042.644763,8.5,198.0,22.0,2940,1912,0.578473,0.82,0.0,0.0,pix
real_001_s001_2026-05-18_16-03-17-731,001,001,2,P002,wikiart_practice/practice_wikiart_002_untitled_abstract_composition_1964.jpg,512,44.928598,1779113042.66143,8.516667,198.0,22.0,2940,1912,0.578473,0.82,0.0,0.0,pix
real_001_s001_2026-05-18_16-03-17-731,001,001,2,P002,wikiart_practice/practice_wikiart_002_untitled_abstract_composition_1964.jpg,513,44.945264,1779113042.678096,8.533333,198.0,22.0,2940,1912,0.578473,0.82,0.0,0.0,pix
real_001_s001_2026-05-18_16-03-17-731,001,001,2,P002,wikiart_practice/practice_wikiart_002_untitled_abstract_composition_1964.jpg,514,44.961931,1779113042.694763,8.55,198.0,22.0,2940,1912,0.578473,0.82,0.0,0.0,pix
real_001_s001_2026-05-18_16-03-17-731,001,001,2,P002,wikiart_practice/practice_wikiart_002_untitled_abstract_composition_1964.jpg,515,44.978598,1779113042.71143,8.566667,198.0,22.0,2940,1912,0.578473,0.82,0.0,0.0,pix
real_001_s001_2026-05-18_16-03-17-731,001,001,2,P002,wikiart_practice/practice_wikiart_002_untitled_abstract_composition_1964.jpg,516,44.995264,1779113042.728096,8.583333,198.0,22.0,2940,1912,0.578473,0.82,0.0,0.0,pix
real_001_s001_2026-05-18_16-03-17-731,001,001,2,P002,wikiart_practice/practice_wikiart_002_untitled_abstract_composition_1964.jpg,517,45.011931,1779113042.744763,8.6,198.0,22.0,2940,1912,0.578473,0.82,0.0,0.0,pix
real_001_s001_2026-05-18_16-03-17-731,001,001,2,P002,wikiart_practice/practice_wikiart_002_untitled_abstract_composition_1964.jpg,518,45.028598,1779113042.76143,8.616667,198.0,22.0,2940,1912,0.578473,0.82,0.0,0.0,pix
real_001_s001_2026-05-18_16-03-17-731,001,001,2,P002,wikiart_practice/practice_wikiart_002_untitled_abstract_composition_1964.jpg,519,45.045264,1779113042.778096,8.633333,198.0,22.0,2940,1912,0.578473,0.82,0.0,0.0,pix
real_001_s001_2026-05-18_16-03-17-731,001,001,2,P002,wikiart_practice/practice_wikiart_002_untitled_abstract_composition_1964.jpg,520,45.061931,1779113042.794763,8.65,198.0,22.0,2940,1912,0.578473,0.82,0.0,0.0,pix
real_001_s001_2026-05-18_16-03-17-731,001,001,2,P002,wikiart_practice/practice_wikiart_002_untitled_abstract_composition_1964.jpg,521,45.078598,1779113042.81143,8.666667,198.0,22.0,2940,1912,0.578473,0.82,0.0,0.0,pix
real_001_s001_2026-05-18_16-03-17-731,001,001,2,P002,wikiart_practice/practice_wikiart_002_untitled_abstract_composition_1964.jpg,522,45.095264,1779113042.828096,8.683333,198.0,22.0,2940,1912,0.578473,0.82,0.0,0.0,pix
real_001_s001_2026-05-18_16-03-17-731,001,001,2,P002,wikiart_practice/practice_wikiart_002_untitled_abstract_composition_1964.jpg,523,45.111931,1779113042.844763,8.7,198.0,22.0,2940,1912,0.578473,0.82,0.0,0.0,pix
real_001_s001_2026-05-18_16-03-17-731,001,001,2,P002,wikiart_practice/practice_wikiart_002_untitled_abstract_composition_1964.jpg,524,45.128598,1779113042.86143,8.716667,198.0,22.0,2940,1912,0.578473,0.82,0.0,0.0,pix
real_001_s001_2026-05-18_16-03-17-731,001,001,2,P002,wikiart_practice/practice_wikiart_002_untitled_abstract_composition_1964.jpg,525,45.145264,1779113042.878096,8.733333,198.0,22.0,2940,1912,0.578473,0.82,0.0,0.0,pix
real_001_s001_2026-05-18_16-03-17-731,001,001,2,P002,wikiart_practice/practice_wikiart_002_untitled_abstract_composition_1964.jpg,526,45.161931,1779113042.894763,8.75,198.0,22.0,2940,1912,0.578473,0.82,0.0,0.0,pix
real_001_s001_2026-05-18_16-03-17-731,001,001,2,P002,wikiart_practice/practice_wikiart_002_untitled_abstract_composition_1964.jpg,527,45.178598,1779113042.91143,8.766667,198.0,22.0,2940,1912,0.578473,0.82,0.0,0.0,pix
real_001_s001_2026-05-18_16-03-17-731,001,001,2,P002,wikiart_practice/practice_wikiart_002_untitled_abstract_composition_1964.jpg,528,45.195264,1779113042.928096,8.783333,198.0,22.0,2940,1912,0.578473,0.82,0.0,0.0,pix
real_001_s001_2026-05-18_16-03-17-731,001,001,2,P002,wikiart_practice/practice_wikiart_002_untitled_abstract_composition_1964.jpg,529,45.211931,1779113042.944763,8.8,198.0,22.0,2940,1912,0.578473,0.82,0.0,0.0,pix
real_001_s001_2026-05-18_16-03-17-731,001,001,2,P002,wikiart_practice/practice_wikiart_002_untitled_abstract_composition_1964.jpg,530,45.228598,1779113042.96143,8.816667,198.0,22.0,2940,1912,0.578473,0.82,0.0,0.0,pix
real_001_s001_2026-05-18_16-03-17-731,001,001,2,P002,wikiart_practice/practice_wikiart_002_untitled_abstract_composition_1964.jpg,531,45.245264,1779113042.978096,8.833333,198.0,22.0,2940,1912,0.578473,0.82,0.0,0.0,pix
real_001_s001_2026-05-18_16-03-17-731,001,001,2,P002,wikiart_practice/practice_wikiart_002_untitled_abstract_composition_1964.jpg,532,45.261931,1779113042.994763,8.85,198.0,22.0,2940,1912,0.578473,0.82,0.0,0.0,pix
real_001_s001_2026-05-18_16-03-17-731,001,001,2,P002,wikiart_practice/practice_wikiart_002_untitled_abstract_composition_1964.jpg,533,45.278598,1779113043.01143,8.866667,198.0,22.0,2940,1912,0.578473,0.82,0.0,0.0,pix
real_001_s001_2026-05-18_16-03-17-731,001,001,2,P002,wikiart_practice/practice_wikiart_002_untitled_abstract_composition_1964.jpg,534,45.295264,1779113043.028096,8.883333,198.0,22.0,2940,1912,0.578473,0.82,0.0,0.0,pix
real_001_s001_2026-05-18_16-03-17-731,001,001,2,P002,wikiart_practice/practice_wikiart_002_untitled_abstract_composition_1964.jpg,535,45.311931,1779113043.044763,8.9,198.0,22.0,2940,1912,0.578473,0.82,0.0,0.0,pix
real_001_s001_2026-05-18_16-03-17-731,001,001,2,P002,wikiart_practice/practice_wikiart_002_untitled_abstract_composition_1964.jpg,536,45.328598,1779113043.06143,8.916667,198.0,22.0,2940,1912,0.578473,0.82,0.0,0.0,pix
real_001_s001_2026-05-18_16-03-17-731,001,001,2,P002,wikiart_practice/practice_wikiart_002_untitled_abstract_composition_1964.jpg,537,45.345264,1779113043.078096,8.933333,198.0,22.0,2940,1912,0.578473,0.82,0.0,0.0,pix
real_001_s001_2026-05-18_16-03-17-731,001,001,2,P002,wikiart_practice/practice_wikiart_002_untitled_abstract_composition_1964.jpg,538,45.361931,1779113043.094763,8.95,198.0,22.0,2940,1912,0.578473,0.82,0.0,0.0,pix
real_001_s001_2026-05-18_16-03-17-731,001,001,2,P002,wikiart_practice/practice_wikiart_002_untitled_abstract_composition_1964.jpg,539,45.378598,1779113043.11143,8.966667,198.0,22.0,2940,1912,0.578473,0.82,0.0,0.0,pix
real_001_s001_2026-05-18_16-03-17-731,001,001,2,P002,wikiart_practice/practice_wikiart_002_untitled_abstract_composition_1964.jpg,540,45.395264,1779113043.128096,8.983333,198.0,22.0,2940,1912,0.578473,0.82,0.0,0.0,pix
real_001_s001_2026-05-18_16-03-17-731,001,001,2,P002,wikiart_practice/practice_wikiart_002_untitled_abstract_composition_1964.jpg,541,45.411931,1779113043.144763,9.0,198.0,22.0,2940,1912,0.578473,0.82,0.0,0.0,pix
real_001_s001_2026-05-18_16-03-17-731,001,001,2,P002,wikiart_practice/practice_wikiart_002_untitled_abstract_composition_1964.jpg,542,45.428598,1779113043.16143,9.016667,198.0,22.0,2940,1912,0.578473,0.82,0.0,0.0,pix
real_001_s001_2026-05-18_16-03-17-731,001,001,2,P002,wikiart_practice/practice_wikiart_002_untitled_abstract_composition_1964.jpg,543,45.445264,1779113043.178096,9.033333,198.0,22.0,2940,1912,0.578473,0.82,0.0,0.0,pix
real_001_s001_2026-05-18_16-03-17-731,001,001,2,P002,wikiart_practice/practice_wikiart_002_untitled_abstract_composition_1964.jpg,544,45.461931,1779113043.194763,9.05,198.0,22.0,2940,1912,0.578473,0.82,0.0,0.0,pix
real_001_s001_2026-05-18_16-03-17-731,001,001,2,P002,wikiart_practice/practice_wikiart_002_untitled_abstract_composition_1964.jpg,545,45.478598,1779113043.21143,9.066667,198.0,22.0,2940,1912,0.578473,0.82,0.0,0.0,pix
real_001_s001_2026-05-18_16-03-17-731,001,001,2,P002,wikiart_practice/practice_wikiart_002_untitled_abstract_composition_1964.jpg,546,45.495264,1779113043.228096,9.083333,198.0,22.0,2940,1912,0.578473,0.82,0.0,0.0,pix
real_001_s001_2026-05-18_16-03-17-731,001,001,2,P002,wikiart_practice/practice_wikiart_002_untitled_abstract_composition_1964.jpg,547,45.511931,1779113043.244763,9.1,198.0,22.0,2940,1912,0.578473,0.82,0.0,0.0,pix
real_001_s001_2026-05-18_16-03-17-731,001,001,2,P002,wikiart_practice/practice_wikiart_002_untitled_abstract_composition_1964.jpg,548,45.528598,1779113043.26143,9.116667,198.0,22.0,2940,1912,0.578473,0.82,0.0,0.0,pix
real_001_s001_2026-05-18_16-03-17-731,001,001,2,P002,wikiart_practice/practice_wikiart_002_untitled_abstract_composition_1964.jpg,549,45.545264,1779113043.278096,9.133333,198.0,22.0,2940,1912,0.578473,0.82,0.0,0.0,pix
real_001_s001_2026-05-18_16-03-17-731,001,001,2,P002,wikiart_practice/practice_wikiart_002_untitled_abstract_composition_1964.jpg,550,45.561931,1779113043.294763,9.15,198.0,22.0,2940,1912,0.578473,0.82,0.0,0.0,pix
real_001_s001_2026-05-18_16-03-17-731,001,001,2,P002,wikiart_practice/practice_wikiart_002_untitled_abstract_composition_1964.jpg,551,45.578598,1779113043.31143,9.166667,198.0,22.0,2940,1912,0.578473,0.82,0.0,0.0,pix
real_001_s001_2026-05-18_16-03-17-731,001,001,2,P002,wikiart_practice/practice_wikiart_002_untitled_abstract_composition_1964.jpg,552,45.595264,1779113043.328096,9.183333,198.0,22.0,2940,1912,0.578473,0.82,0.0,0.0,pix
real_001_s001_2026-05-18_16-03-17-731,001,001,2,P002,wikiart_practice/practice_wikiart_002_untitled_abstract_composition_1964.jpg,553,45.611931,1779113043.344763,9.2,198.0,22.0,2940,1912,0.578473,0.82,0.0,0.0,pix
real_001_s001_2026-05-18_16-03-17-731,001,001,2,P002,wikiart_practice/practice_wikiart_002_untitled_abstract_composition_1964.jpg,554,45.628598,1779113043.36143,9.216667,198.0,22.0,2940,1912,0.578473,0.82,0.0,0.0,pix
real_001_s001_2026-05-18_16-03-17-731,001,001,2,P002,wikiart_practice/practice_wikiart_002_untitled_abstract_composition_1964.jpg,555,45.645264,1779113043.378096,9.233333,198.0,22.0,2940,1912,0.578473,0.82,0.0,0.0,pix
real_001_s001_2026-05-18_16-03-17-731,001,001,2,P002,wikiart_practice/practice_wikiart_002_untitled_abstract_composition_1964.jpg,556,45.661931,1779113043.394763,9.25,198.0,22.0,2940,1912,0.578473,0.82,0.0,0.0,pix
real_001_s001_2026-05-18_16-03-17-731,001,001,2,P002,wikiart_practice/practice_wikiart_002_untitled_abstract_composition_1964.jpg,557,45.678598,1779113043.41143,9.266667,198.0,22.0,2940,1912,0.578473,0.82,0.0,0.0,pix
real_001_s001_2026-05-18_16-03-17-731,001,001,2,P002,wikiart_practice/practice_wikiart_002_untitled_abstract_composition_1964.jpg,558,45.695264,1779113043.428096,9.283333,198.0,22.0,2940,1912,0.578473,0.82,0.0,0.0,pix
real_001_s001_2026-05-18_16-03-17-731,001,001,2,P002,wikiart_practice/practice_wikiart_002_untitled_abstract_composition_1964.jpg,559,45.711931,1779113043.444763,9.3,198.0,22.0,2940,1912,0.578473,0.82,0.0,0.0,pix
real_001_s001_2026-05-18_16-03-17-731,001,001,2,P002,wikiart_practice/practice_wikiart_002_untitled_abstract_composition_1964.jpg,560,45.728598,1779113043.46143,9.316667,198.0,22.0,2940,1912,0.578473,0.82,0.0,0.0,pix
real_001_s001_2026-05-18_16-03-17-731,001,001,2,P002,wikiart_practice/practice_wikiart_002_untitled_abstract_composition_1964.jpg,561,45.745264,1779113043.478096,9.333333,198.0,22.0,2940,1912,0.578473,0.82,0.0,0.0,pix
real_001_s001_2026-05-18_16-03-17-731,001,001,2,P002,wikiart_practice/practice_wikiart_002_untitled_abstract_composition_1964.jpg,562,45.761931,1779113043.494763,9.35,198.0,22.0,2940,1912,0.578473,0.82,0.0,0.0,pix
real_001_s001_2026-05-18_16-03-17-731,001,001,2,P002,wikiart_practice/practice_wikiart_002_untitled_abstract_composition_1964.jpg,563,45.778598,1779113043.51143,9.366667,198.0,22.0,2940,1912,0.578473,0.82,0.0,0.0,pix
real_001_s001_2026-05-18_16-03-17-731,001,001,2,P002,wikiart_practice/practice_wikiart_002_untitled_abstract_composition_1964.jpg,564,45.795264,1779113043.528096,9.383333,198.0,22.0,2940,1912,0.578473,0.82,0.0,0.0,pix
real_001_s001_2026-05-18_16-03-17-731,001,001,2,P002,wikiart_practice/practice_wikiart_002_untitled_abstract_composition_1964.jpg,565,45.811931,1779113043.544763,9.4,198.0,22.0,2940,1912,0.578473,0.82,0.0,0.0,pix
real_001_s001_2026-05-18_16-03-17-731,001,001,2,P002,wikiart_practice/practice_wikiart_002_untitled_abstract_composition_1964.jpg,566,45.828598,1779113043.56143,9.416667,198.0,22.0,2940,1912,0.578473,0.82,0.0,0.0,pix
real_001_s001_2026-05-18_16-03-17-731,001,001,2,P002,wikiart_practice/practice_wikiart_002_untitled_abstract_composition_1964.jpg,567,45.845264,1779113043.578096,9.433333,198.0,22.0,2940,1912,0.578473,0.82,0.0,0.0,pix
real_001_s001_2026-05-18_16-03-17-731,001,001,2,P002,wikiart_practice/practice_wikiart_002_untitled_abstract_composition_1964.jpg,568,45.861931,1779113043.594763,9.45,198.0,22.0,2940,1912,0.578473,0.82,0.0,0.0,pix
real_001_s001_2026-05-18_16-03-17-731,001,001,2,P002,wikiart_practice/practice_wikiart_002_untitled_abstract_composition_1964.jpg,569,45.878598,1779113043.61143,9.466667,198.0,22.0,2940,1912,0.578473,0.82,0.0,0.0,pix
real_001_s001_2026-05-18_16-03-17-731,001,001,2,P002,wikiart_practice/practice_wikiart_002_untitled_abstract_composition_1964.jpg,570,45.895264,1779113043.628096,9.483333,198.0,22.0,2940,1912,0.578473,0.82,0.0,0.0,pix
real_001_s001_2026-05-18_16-03-17-731,001,001,2,P002,wikiart_practice/practice_wikiart_002_untitled_abstract_composition_1964.jpg,571,45.911931,1779113043.644763,9.5,198.0,22.0,2940,1912,0.578473,0.82,0.0,0.0,pix
real_001_s001_2026-05-18_16-03-17-731,001,001,2,P002,wikiart_practice/practice_wikiart_002_untitled_abstract_composition_1964.jpg,572,45.928598,1779113043.66143,9.516667,198.0,22.0,2940,1912,0.578473,0.82,0.0,0.0,pix
real_001_s001_2026-05-18_16-03-17-731,001,001,2,P002,wikiart_practice/practice_wikiart_002_untitled_abstract_composition_1964.jpg,573,45.945264,1779113043.678096,9.533333,198.0,22.0,2940,1912,0.578473,0.82,0.0,0.0,pix
real_001_s001_2026-05-18_16-03-17-731,001,001,2,P002,wikiart_practice/practice_wikiart_002_untitled_abstract_composition_1964.jpg,574,45.961931,1779113043.694763,9.55,198.0,22.0,2940,1912,0.578473,0.82,0.0,0.0,pix
real_001_s001_2026-05-18_16-03-17-731,001,001,2,P002,wikiart_practice/practice_wikiart_002_untitled_abstract_composition_1964.jpg,575,45.978598,1779113043.71143,9.566667,198.0,22.0,2940,1912,0.578473,0.82,0.0,0.0,pix
real_001_s001_2026-05-18_16-03-17-731,001,001,2,P002,wikiart_practice/practice_wikiart_002_untitled_abstract_composition_1964.jpg,576,45.995264,1779113043.728096,9.583333,198.0,22.0,2940,1912,0.578473,0.82,0.0,0.0,pix
real_001_s001_2026-05-18_16-03-17-731,001,001,2,P002,wikiart_practice/practice_wikiart_002_untitled_abstract_composition_1964.jpg,577,46.011931,1779113043.744763,9.6,198.0,22.0,2940,1912,0.578473,0.82,0.0,0.0,pix
real_001_s001_2026-05-18_16-03-17-731,001,001,2,P002,wikiart_practice/practice_wikiart_002_untitled_abstract_composition_1964.jpg,578,46.028598,1779113043.76143,9.616667,198.0,22.0,2940,1912,0.578473,0.82,0.0,0.0,pix
real_001_s001_2026-05-18_16-03-17-731,001,001,2,P002,wikiart_practice/practice_wikiart_002_untitled_abstract_composition_1964.jpg,579,46.045264,1779113043.778096,9.633333,198.0,22.0,2940,1912,0.578473,0.82,0.0,0.0,pix
real_001_s001_2026-05-18_16-03-17-731,001,001,2,P002,wikiart_practice/practice_wikiart_002_untitled_abstract_composition_1964.jpg,580,46.061931,1779113043.794763,9.65,198.0,22.0,2940,1912,0.578473,0.82,0.0,0.0,pix
real_001_s001_2026-05-18_16-03-17-731,001,001,2,P002,wikiart_practice/practice_wikiart_002_untitled_abstract_composition_1964.jpg,581,46.078598,1779113043.81143,9.666667,198.0,22.0,2940,1912,0.578473,0.82,0.0,0.0,pix
real_001_s001_2026-05-18_16-03-17-731,001,001,2,P002,wikiart_practice/practice_wikiart_002_untitled_abstract_composition_1964.jpg,582,46.095264,1779113043.828096,9.683333,198.0,22.0,2940,1912,0.578473,0.82,0.0,0.0,pix
real_001_s001_2026-05-18_16-03-17-731,001,001,2,P002,wikiart_practice/practice_wikiart_002_untitled_abstract_composition_1964.jpg,583,46.111931,1779113043.844763,9.7,198.0,22.0,2940,1912,0.578473,0.82,0.0,0.0,pix
real_001_s001_2026-05-18_16-03-17-731,001,001,2,P002,wikiart_practice/practice_wikiart_002_untitled_abstract_composition_1964.jpg,584,46.128598,1779113043.86143,9.716667,198.0,22.0,2940,1912,0.578473,0.82,0.0,0.0,pix
real_001_s001_2026-05-18_16-03-17-731,001,001,2,P002,wikiart_practice/practice_wikiart_002_untitled_abstract_composition_1964.jpg,585,46.145264,1779113043.878096,9.733333,198.0,22.0,2940,1912,0.578473,0.82,0.0,0.0,pix
real_001_s001_2026-05-18_16-03-17-731,001,001,2,P002,wikiart_practice/practice_wikiart_002_untitled_abstract_composition_1964.jpg,586,46.161931,1779113043.894763,9.75,198.0,22.0,2940,1912,0.578473,0.82,0.0,0.0,pix
real_001_s001_2026-05-18_16-03-17-731,001,001,2,P002,wikiart_practice/practice_wikiart_002_untitled_abstract_composition_1964.jpg,587,46.178598,1779113043.91143,9.766667,198.0,22.0,2940,1912,0.578473,0.82,0.0,0.0,pix
real_001_s001_2026-05-18_16-03-17-731,001,001,2,P002,wikiart_practice/practice_wikiart_002_untitled_abstract_composition_1964.jpg,588,46.195264,1779113043.928096,9.783333,198.0,22.0,2940,1912,0.578473,0.82,0.0,0.0,pix
real_001_s001_2026-05-18_16-03-17-731,001,001,2,P002,wikiart_practice/practice_wikiart_002_untitled_abstract_composition_1964.jpg,589,46.211931,1779113043.944763,9.8,198.0,22.0,2940,1912,0.578473,0.82,0.0,0.0,pix
real_001_s001_2026-05-18_16-03-17-731,001,001,2,P002,wikiart_practice/practice_wikiart_002_untitled_abstract_composition_1964.jpg,590,46.228598,1779113043.96143,9.816667,198.0,22.0,2940,1912,0.578473,0.82,0.0,0.0,pix
real_001_s001_2026-05-18_16-03-17-731,001,001,2,P002,wikiart_practice/practice_wikiart_002_untitled_abstract_composition_1964.jpg,591,46.245264,1779113043.978096,9.833333,198.0,22.0,2940,1912,0.578473,0.82,0.0,0.0,pix
real_001_s001_2026-05-18_16-03-17-731,001,001,2,P002,wikiart_practice/practice_wikiart_002_untitled_abstract_composition_1964.jpg,592,46.261931,1779113043.994763,9.85,198.0,22.0,2940,1912,0.578473,0.82,0.0,0.0,pix
real_001_s001_2026-05-18_16-03-17-731,001,001,2,P002,wikiart_practice/practice_wikiart_002_untitled_abstract_composition_1964.jpg,593,46.278598,1779113044.01143,9.866667,198.0,22.0,2940,1912,0.578473,0.82,0.0,0.0,pix
real_001_s001_2026-05-18_16-03-17-731,001,001,2,P002,wikiart_practice/practice_wikiart_002_untitled_abstract_composition_1964.jpg,594,46.295264,1779113044.028096,9.883333,198.0,22.0,2940,1912,0.578473,0.82,0.0,0.0,pix
real_001_s001_2026-05-18_16-03-17-731,001,001,2,P002,wikiart_practice/practice_wikiart_002_untitled_abstract_composition_1964.jpg,595,46.311931,1779113044.044763,9.9,198.0,22.0,2940,1912,0.578473,0.82,0.0,0.0,pix
real_001_s001_2026-05-18_16-03-17-731,001,001,2,P002,wikiart_practice/practice_wikiart_002_untitled_abstract_composition_1964.jpg,596,46.328598,1779113044.06143,9.916667,198.0,22.0,2940,1912,0.578473,0.82,0.0,0.0,pix
real_001_s001_2026-05-18_16-03-17-731,001,001,2,P002,wikiart_practice/practice_wikiart_002_untitled_abstract_composition_1964.jpg,597,46.345264,1779113044.078096,9.933333,198.0,22.0,2940,1912,0.578473,0.82,0.0,0.0,pix
real_001_s001_2026-05-18_16-03-17-731,001,001,2,P002,wikiart_practice/practice_wikiart_002_untitled_abstract_composition_1964.jpg,598,46.361931,1779113044.094763,9.95,198.0,22.0,2940,1912,0.578473,0.82,0.0,0.0,pix
real_001_s001_2026-05-18_16-03-17-731,001,001,2,P002,wikiart_practice/practice_wikiart_002_untitled_abstract_composition_1964.jpg,599,46.378598,1779113044.11143,9.966667,198.0,22.0,2940,1912,0.578473,0.82,0.0,0.0,pix
real_001_s001_2026-05-18_16-03-17-731,001,001,2,P002,wikiart_practice/practice_wikiart_002_untitled_abstract_composition_1964.jpg,600,46.395264,1779113044.128096,9.983333,198.0,22.0,2940,1912,0.578473,0.82,0.0,0.0,pix
real_001_s001_2026-05-18_16-03-17-731,001,001,2,P002,wikiart_practice/practice_wikiart_002_untitled_abstract_composition_1964.jpg,601,46.411931,1779113044.144763,10.0,198.0,22.0,2940,1912,0.578473,0.82,0.0,0.0,pix
real_001_s001_2026-05-18_16-03-17-731,001,001,2,P002,wikiart_practice/practice_wikiart_002_untitled_abstract_composition_1964.jpg,602,46.428598,1779113044.16143,10.016667,198.0,22.0,2940,1912,0.578473,0.82,0.0,0.0,pix
real_001_s001_2026-05-18_16-03-17-731,001,001,2,P002,wikiart_practice/practice_wikiart_002_untitled_abstract_composition_1964.jpg,603,46.445264,1779113044.178096,10.033333,198.0,22.0,2940,1912,0.578473,0.82,0.0,0.0,pix
real_001_s001_2026-05-18_16-03-17-731,001,001,2,P002,wikiart_practice/practice_wikiart_002_untitled_abstract_composition_1964.jpg,604,46.461931,1779113044.194763,10.05,198.0,22.0,2940,1912,0.578473,0.82,0.0,0.0,pix
real_001_s001_2026-05-18_16-03-17-731,001,001,2,P002,wikiart_practice/practice_wikiart_002_untitled_abstract_composition_1964.jpg,605,46.478598,1779113044.21143,10.066667,198.0,22.0,2940,1912,0.578473,0.82,0.0,0.0,pix
real_001_s001_2026-05-18_16-03-17-731,001,001,2,P002,wikiart_practice/practice_wikiart_002_untitled_abstract_composition_1964.jpg,606,46.495264,1779113044.228096,10.083333,198.0,22.0,2940,1912,0.578473,0.82,0.0,0.0,pix
real_001_s001_2026-05-18_16-03-17-731,001,001,2,P002,wikiart_practice/practice_wikiart_002_untitled_abstract_composition_1964.jpg,607,46.511931,1779113044.244763,10.1,198.0,22.0,2940,1912,0.578473,0.82,0.0,0.0,pix
real_001_s001_2026-05-18_16-03-17-731,001,001,2,P002,wikiart_practice/practice_wikiart_002_untitled_abstract_composition_1964.jpg,608,46.528598,1779113044.26143,10.116667,198.0,22.0,2940,1912,0.578473,0.82,0.0,0.0,pix
real_001_s001_2026-05-18_16-03-17-731,001,001,2,P002,wikiart_practice/practice_wikiart_002_untitled_abstract_composition_1964.jpg,609,46.545264,1779113044.278096,10.133333,198.0,22.0,2940,1912,0.578473,0.82,0.0,0.0,pix
real_001_s001_2026-05-18_16-03-17-731,001,001,2,P002,wikiart_practice/practice_wikiart_002_untitled_abstract_composition_1964.jpg,610,46.561931,1779113044.294763,10.15,198.0,22.0,2940,1912,0.578473,0.82,0.0,0.0,pix
real_001_s001_2026-05-18_16-03-17-731,001,001,2,P002,wikiart_practice/practice_wikiart_002_untitled_abstract_composition_1964.jpg,611,46.578598,1779113044.31143,10.166667,198.0,22.0,2940,1912,0.578473,0.82,0.0,0.0,pix
real_001_s001_2026-05-18_16-03-17-731,001,001,2,P002,wikiart_practice/practice_wikiart_002_untitled_abstract_composition_1964.jpg,612,46.595264,1779113044.328096,10.183333,198.0,22.0,2940,1912,0.578473,0.82,0.0,0.0,pix
real_001_s001_2026-05-18_16-03-17-731,001,001,2,P002,wikiart_practice/practice_wikiart_002_untitled_abstract_composition_1964.jpg,613,46.611931,1779113044.344763,10.2,198.0,22.0,2940,1912,0.578473,0.82,0.0,0.0,pix
real_001_s001_2026-05-18_16-03-17-731,001,001,2,P002,wikiart_practice/practice_wikiart_002_untitled_abstract_composition_1964.jpg,614,46.628598,1779113044.36143,10.216667,198.0,22.0,2940,1912,0.578473,0.82,0.0,0.0,pix
real_001_s001_2026-05-18_16-03-17-731,001,001,2,P002,wikiart_practice/practice_wikiart_002_untitled_abstract_composition_1964.jpg,615,46.645264,1779113044.378096,10.233333,198.0,22.0,2940,1912,0.578473,0.82,0.0,0.0,pix
real_001_s001_2026-05-18_16-03-17-731,001,001,2,P002,wikiart_practice/practice_wikiart_002_untitled_abstract_composition_1964.jpg,616,46.661931,1779113044.394763,10.25,198.0,22.0,2940,1912,0.578473,0.82,0.0,0.0,pix
