stimulus_id,image_file,original_filename,original_relative_path,original_style_folder,condition_congruent,condition_semi_congruent,condition_incongruent,condition_congruent_en,condition_semi_congruent_en,condition_incongruent_en,notes,needs_human_review
001,001.jpg,bird_of_the_spirit_0121.jpg,abstract-expressionism/bird_of_the_spirit_0121.jpg,abstract-expressionism,"Eine kleiner, heraufschauender Vogel sitzt in der Mitte einer dunklen ovalen Fläche auf rostbraunem Grund. Um die Mitte liegen feine dunkle Striche und ein breiter Schattenrand.",Eine kleine helle Form sitzt etwas oberhalb der Mitte in einer dunklen runden Fläche auf rostbraunem Grund. Feine dunkle Striche sammeln sich eher links um die Mitte.,Eine helle vogelartige Form liegt seitlich in einem schmalen dunklen Oval auf kühlem graublauem Grund. Die feinen Striche sammeln sich mehr am Rand als in der Mitte.,A small upward-looking bird sits in the center of a dark oval area on a rusty brown ground. Fine dark lines and a broad shadowed rim surround the center.,A small pale form sits slightly above the center inside a dark round area on a rusty brown ground. Fine dark lines gather more to the left around the center.,A pale bird-like form lies off to the side inside a narrow dark oval on a cool gray-blue ground. The fine lines gather more at the rim than in the center.,image_type=abstract-expressionism; source=direct_image_inspection; language=de; fit_levels=high_partial_low; prompt_repair_visual_form_human_style_2026-05-19; semi_congruent_tightened_near_miss_2026-05-19; incongruent_repaired_same_domain_far_near_miss_2026-05-19; congruency_spread_balance_checked_2026-05-19,False
002,002.jpg,candidate_003_expressionism_carnation_in_a_blue_vase_1993.jpg,candidate_images/chosen/candidate_003_expressionism_carnation_in_a_blue_vase_1993.jpg,expressionism,"Eine pinke Blüte steht in einer blau-grünen Glasvase vor braunem Hintergrund. Die Vase sitzt unten mittig, die Blüte ragt darüber nach links oben.","Eine pinke Blütenform steht in einem bläulichen Glasgefäß vor braunem Grund. Die Vase sitzt unten leicht rechts, während die Blüte eher nach oben als nach links ragt.","Eine orange-rosa Blüte steht in einer schmalen grünlichen Vase vor hellem braunem Grund. Vase und Blüte sitzen deutlich rechts, und der Stiel steigt fast gerade nach oben.","A pink blossom stands in a blue-green glass vase against a brown background. The vase sits near the lower center, and the flower rises above it toward the upper left.","A pink flower-like form stands in a bluish glass vessel against a brown ground. The vase sits slightly to the lower right, while the blossom rises more upward than toward the left.","An orange-pink blossom stands in a narrow greenish vase before a light brown ground. Vase and flower sit clearly to the right, and the stem rises almost straight upward.",image_type=expressionism; source=chosen_candidate_direct_image_inspection; language=de; fit_levels=high_partial_low; prompt_repair_visual_form_human_style_2026-05-19; semi_congruent_tightened_near_miss_2026-05-19; incongruent_repaired_same_domain_far_near_miss_2026-05-19; congruency_spread_balance_checked_2026-05-19,False
003,003.jpg,candidate_005_surrealism_flower_1.jpg,candidate_images/chosen/candidate_005_surrealism_flower_1.jpg,surrealism,Eine einzelne gelbe Blüte sitzt auf einem langen weißen Stiel vor dunkelblauem Hintergrund. Unten gehen helle Blattformen seitlich vom Stiel ab.,Eine einzelne gelbe Blüte sitzt auf einem langen hellen Stiel vor dunklem Blau. Unten wirken die hellen Blattformen klein und eng an den Stiel angelegt.,Zwei gelbe Blüten sitzen auf kurzen hellen Stielen vor blau-grauem Hintergrund. Die Blätter bleiben klein und dicht unten an den Stielen.,A single yellow blossom sits on a long white stem against a dark blue background. Pale leaf shapes branch away from the lower stem.,"A single yellow blossom sits on a long pale stem against dark blue. At the bottom, the pale leaf shapes look small and tucked close to the stem.",Two yellow blossoms sit on short pale stems before a blue-gray background. The leaves stay small and close to the lower stems.,image_type=surrealism; source=chosen_candidate_direct_image_inspection; language=de; fit_levels=high_partial_low; prompt_repair_visual_form_human_style_2026-05-19; semi_congruent_tightened_near_miss_2026-05-19; incongruent_repaired_same_domain_far_near_miss_2026-05-19; congruency_spread_balance_checked_2026-05-19,False
004,004.jpg,pandora_0015.jpg,abstract-expressionism/pandora_0015.jpg,abstract-expressionism,"Auf hellem Grund überlagern sich türkisfarbene Flächen, orange Bereiche, ein schwarzer Kreis und ein blaues Rechteck. Die Formen sammeln sich vor allem in der oberen rechten Hälfte.",Türkise und orange Flächen überlagern sich auf hellem Grund. Ein dunkler Kreis und ein blauer kantiger Akzent sitzen etwas näher an der Bildmitte als oben rechts.,"Auf hellem Grund liegen rote, orange und türkise Formen getrennt voneinander. Ein schwarzer Kreis sitzt unten links, während der blaue rechteckige Akzent klein am Rand bleibt.","On a light ground, turquoise areas, orange regions, a black circle, and a blue rectangle overlap. The forms gather mostly in the upper right half.",Turquoise and orange areas overlap on a light ground. A dark circle and an angular blue accent sit a little closer to the image center than to the upper right.,"On a light ground, red, orange, and turquoise forms lie separated from one another. A black circle sits at the lower left, while the blue rectangular accent remains small at the edge.",image_type=abstract-expressionism; source=direct_image_inspection; language=de; fit_levels=high_partial_low; prompt_repair_visual_form_human_style_2026-05-19; semi_congruent_tightened_near_miss_2026-05-19; incongruent_repaired_same_domain_far_near_miss_2026-05-19; congruency_spread_balance_checked_2026-05-19,False
005,005.jpg,quadratisch_0069.jpg,abstract-expressionism/quadratisch_0069.jpg,abstract-expressionism,"Das Bild besteht fast ganz aus weichen hellen Farbnebeln in Rosa, Violett und Beige. Nur unten rechts liegen wenige kleine weiße kantige Formen.","Ein heller nebliger Farbraum in Rosa, Violett und Beige füllt fast das ganze Bild. Die kleinen weißen kantigen Formen erscheinen eher unten mittig als klar unten rechts.","Weiche Farbnebel in Grau, Blau und hellem Rosa füllen die Fläche. Mehrere kleine weiße kantige Formen verteilen sich links unten statt nur an einer Ecke.","The image is made almost entirely of soft pale color haze in pink, violet, and beige. Only a few small white angular forms sit at the lower right.","A pale misty color field in pink, violet, and beige fills almost the whole image. The small white angular forms appear closer to the lower center than clearly at the lower right.","Soft color haze in gray, blue, and pale pink fills the surface. Several small white angular forms are spread at the lower left rather than gathered in one corner.",image_type=abstract-expressionism; source=direct_image_inspection; language=de; fit_levels=high_partial_low; prompt_repair_visual_form_human_style_2026-05-19; semi_congruent_tightened_near_miss_2026-05-19; incongruent_repaired_same_domain_far_near_miss_2026-05-19; congruency_spread_balance_checked_2026-05-19,False
006,006.jpg,the_heart_0108.jpg,abstract-expressionism/the_heart_0108.jpg,abstract-expressionism,"Links steht ein dunkles grünes Rechteck in einer hellgrünen Fläche, rechts ein weißes Rechteck mit rotem Herz und schwarzen Streifen. Beide Formen liegen auf einem hellblauen Grund.","Zwei rechteckige Felder stehen nebeneinander auf hellem Blau. Links dominiert ein dunkles grünes Rechteck, rechts wirkt der rote Herz-Akzent etwas runder und weniger klar gestreift.","Zwei rechteckige Felder stehen auf hellem Blau, aber das dunkle Feld liegt rechts und das helle Feld links. Der rote Akzent erscheint als runder Fleck ohne Streifen.","On the left, a dark green rectangle stands inside a pale green area; on the right, a white rectangle contains a red heart and black stripes. Both forms lie on a light blue ground.","Two rectangular fields stand side by side on light blue. A dark green rectangle dominates on the left, while the red heart accent on the right appears slightly rounder and less clearly striped.","Two rectangular fields stand on light blue, but the dark field lies on the right and the pale field on the left. The red accent appears as a round spot without stripes.",image_type=abstract-expressionism; source=direct_image_inspection; language=de; fit_levels=high_partial_low; prompt_repair_visual_form_human_style_2026-05-19; semi_congruent_tightened_near_miss_2026-05-19; incongruent_repaired_same_domain_far_near_miss_2026-05-19; congruency_spread_balance_checked_2026-05-19,False
007,007.jpg,untitled_0173.jpg,abstract-expressionism/untitled_0173.jpg,abstract-expressionism,"Rechtecke und Geraden dominieren die untere Hälfte, darüber schwebt eine helle ovale Kopfform mit dunklen Linien. Der Hintergrund ist bräunlich und wirkt fleckig.","Ein durchsichtig wirkendes Gefäß sitzt unten, darüber schwebt eine helle runde Kopfform mit dunklen Linien. Die obere Form wirkt etwas tiefer und näher am Gefäß.",Ein helles ovales Kopfzeichen schwebt tief über einer kantigen unteren Konstruktion. Der braune Hintergrund wird stärker von blauen Flecken und waagrechten Linien unterbrochen.,"Rectangles and straight lines dominate the bottom half, with a pale oval head-like form floating above it and crossed by dark lines. The background is brownish and mottled.","A transparent-looking vessel sits at the bottom, with a pale round head-like form and dark lines floating above it. The upper form appears slightly lower and closer to the vessel.",A pale oval head-like sign floats low above an angular lower construction. The brown background is interrupted more strongly by blue patches and horizontal lines.,image_type=abstract-expressionism; source=direct_image_inspection; language=de; fit_levels=high_partial_low; prompt_repair_visual_form_human_style_2026-05-19; semi_congruent_tightened_near_miss_2026-05-19; incongruent_repaired_same_domain_far_near_miss_2026-05-19; congruency_spread_balance_checked_2026-05-19,False
008,008.jpg,what_the_wind_does_0268.jpg,abstract-expressionism/what_the_wind_does_0268.jpg,abstract-expressionism,Auf dunklem grauem Grund liegen zwei helle türkisfarbene Flecken links und rechts einer blassen Mitte. Ein rosiger senkrechter Lichtzug steigt unten zur Mitte auf.,Eine blasse neblige Mitte liegt zwischen türkisfarbenen Flecken auf dunklem Grau. Der rosige Lichtzug steigt eher leicht schräg von unten links zur Mitte auf.,Auf dunklem Grund liegt eine helle Mitte mit einem einzigen türkisfarbenen Fleck rechts. Der rosige Lichtzug steigt schräg von links unten statt senkrecht nach oben.,"On a dark gray ground, two pale turquoise patches sit left and right of a light center. A pinkish vertical glow rises from the bottom toward the middle.",A pale misty center lies between turquoise patches on dark gray. The pinkish glow rises slightly diagonally from the lower left toward the center.,"On a dark ground, a pale center lies beside a single turquoise patch on the right. The pinkish glow rises diagonally from the lower left rather than straight upward.",image_type=abstract-expressionism; source=direct_image_inspection; language=de; fit_levels=high_partial_low; prompt_repair_visual_form_human_style_2026-05-19; semi_congruent_tightened_near_miss_2026-05-19; incongruent_repaired_same_domain_far_near_miss_2026-05-19; congruency_spread_balance_checked_2026-05-19,False
009,009.jpg,candidate_017_symbolism_what_are_flowers_saing_1893.jpg,candidate_images/chosen/candidate_017_symbolism_what_are_flowers_saing_1893.jpg,symbolism,"Eine stehende Figur in blauem Kleid und hellem Umhang steht in einer grünen Landschaft. Der Kopf ist gesenkt, und helle kleine Blumen liegen im unteren Bereich.","Eine schlanke Figur mit hellem Umhang steht in einer grünlichen Landschaft. Das Kleid wirkt eher violettblau, und die kleinen hellen Blumen liegen mehr seitlich als direkt unten.","Eine stehende Figur in rötlich-violettem Kleid und dunklem Umhang steht in einer gedämpften Landschaft. Der Kopf ist aufgerichtet, und helle Blumen liegen seitlich am Rand.","A standing figure in a blue dress and pale cloak stands in a green landscape. The head is lowered, and small pale flowers lie in the lower area.","A slender figure with a pale cloak stands in a greenish landscape. The dress appears more violet-blue, and the small pale flowers lie more to the side than directly below.","A standing figure in a reddish-violet dress and dark cloak stands in a muted landscape. The head is upright, and pale flowers lie off to the side near the edge.",image_type=symbolism; source=chosen_candidate_direct_image_inspection; language=de; fit_levels=high_partial_low; prompt_repair_visual_form_human_style_2026-05-19; semi_congruent_tightened_near_miss_2026-05-19; incongruent_repaired_same_domain_far_near_miss_2026-05-19; congruency_spread_balance_checked_2026-05-19,False
010,010.jpg,e_226_0133.jpg,color-field-painting/e_226_0133.jpg,color-field-painting,Eine große rote ovale Fläche liegt auf leuchtend orangefarbenem Grund. Unten rechts setzt ein schmaler blauer Balken einen kleinen Kontrast.,"Eine große rote runde Fläche liegt auf leuchtend orangefarbenem Grund. Der kleine blaue Balken sitzt tief am Rand, aber eher unten links als unten rechts.",Eine große rote ovale Fläche liegt auf blassgelbem Grund. Der blaue Balken sitzt oben links und wirkt breiter als der kleine Akzent am unteren Rand.,A large red oval area lies on a bright orange ground. A narrow blue bar near the lower right creates a small contrast.,"A large red round area lies on a bright orange ground. The small blue bar sits low near the edge, but more toward the lower left than the lower right.",A large red oval area lies on a pale yellow ground. The blue bar sits at the upper left and appears broader than a small accent near the lower edge.,image_type=color-field-painting; source=direct_image_inspection; language=de; fit_levels=high_partial_low; prompt_repair_visual_form_human_style_2026-05-19; semi_congruent_tightened_near_miss_2026-05-19; incongruent_repaired_same_domain_far_near_miss_2026-05-19; congruency_spread_balance_checked_2026-05-19,False
011,011.jpg,candidate_018_expressionism_primitive_heads_1924.jpg,candidate_images/chosen/candidate_018_expressionism_primitive_heads_1924.jpg,expressionism,"Zwei dunkle kopfähnliche Formen stehen nebeneinander vor hellem Hintergrund. Links wirkt die Form frontaler, rechts ist ein Kopf im Profil zu sehen.","Zwei dunkle Kopf- oder Maskenformen stehen dicht nebeneinander vor hellem Hintergrund. Beide wirken leicht seitlich gedreht, statt klar frontal und Profil zu sein.",Zwei helle braune Maskenköpfe stehen weit auseinander vor bläulichem Grund. Beide Köpfe wirken frontal und ähnlich groß.,"Two dark head-like forms stand side by side before a light background. The left form appears more frontal, while the right head is seen in profile.",Two dark head or mask forms stand close together before a light background. Both appear slightly turned sideways rather than clearly one frontal and one in profile.,Two pale brown mask heads stand far apart before a bluish ground. Both heads appear frontal and similar in size.,image_type=expressionism; source=chosen_candidate_direct_image_inspection; language=de; fit_levels=high_partial_low; prompt_repair_visual_form_human_style_2026-05-19; semi_congruent_tightened_near_miss_2026-05-19; incongruent_repaired_same_domain_far_near_miss_2026-05-19; congruency_spread_balance_checked_2026-05-19,False
012,012.jpg,no_5_no_22_0055.jpg,color-field-painting/no_5_no_22_0055.jpg,color-field-painting,Ein breites rotes horizontales Band teilt eine gelbe Fläche. Oberhalb und unterhalb des Bandes liegen große ruhige gelb-orange Felder.,"Ein rotes waagrechtes Band durchzieht eine warme gelbe Fläche. Das Band wirkt etwas schmaler und höher gesetzt, während unten mehr gelber Raum bleibt.",Ein schmales rotes Band teilt eine gelbe Fläche senkrecht nahe der linken Seite. Die großen Farbfelder liegen rechts und links statt oberhalb und unterhalb.,A broad red horizontal band divides a yellow field. Large quiet yellow-orange areas lie above and below the band.,"A red horizontal band runs through a warm yellow field. The band appears slightly narrower and placed higher, leaving more yellow space below.",A narrow red band divides a yellow field vertically near the left side. The large color fields lie to the right and left rather than above and below.,image_type=color-field-painting; source=direct_image_inspection; language=de; fit_levels=high_partial_low; prompt_repair_visual_form_human_style_2026-05-19; semi_congruent_tightened_near_miss_2026-05-19; incongruent_repaired_same_domain_far_near_miss_2026-05-19; congruency_spread_balance_checked_2026-05-19,False
013,013.jpg,the_station_of_the_cross_-_first_station_0179.jpg,color-field-painting/the_station_of_the_cross_-_first_station_0179.jpg,color-field-painting,Eine helle fast leere Fläche wird rechts von einer schmalen dunklen senkrechten Kante geteilt. Nahe dieser Kante sitzen feine schwarze Flecken.,Ein heller fast leerer Bildraum wird von einer dünnen dunklen senkrechten Zone nahe dem rechten Rand unterbrochen. Die feinen schwarzen Spuren sitzen etwas weiter links davon.,Eine helle fast leere Fläche wird links von einer breiteren dunklen Kante geteilt. Die feinen schwarzen Flecken sitzen weit entfernt in der unteren Mitte.,A pale almost empty field is divided on the right by a narrow dark vertical edge. Fine black marks sit near this edge.,A pale almost empty pictorial space is interrupted by a thin dark vertical zone near the right edge. The fine black traces sit slightly farther to its left.,A pale almost empty field is divided on the left by a broader dark edge. The fine black marks sit far away in the lower center.,image_type=color-field-painting; source=direct_image_inspection; language=de; fit_levels=high_partial_low; prompt_repair_visual_form_human_style_2026-05-19; semi_congruent_tightened_near_miss_2026-05-19; incongruent_repaired_same_domain_far_near_miss_2026-05-19; congruency_spread_balance_checked_2026-05-19,False
014,014.jpg,untitled_0159.jpg,color-field-painting/untitled_0159.jpg,color-field-painting,Eine große gelbe Fläche wird oben links von roten und schwarzen gezackten Formen eingeschnitten. Der stärkste Kontrast sitzt entlang der oberen linken Kante.,"Gelb dominiert fast das ganze Bild, während rote und schwarze Zacken vom oberen Rand hineinragen. Der stärkste Kontrast wirkt eher oben mittig als klar oben links.",Eine große gelbe Fläche wird unten rechts von roten und schwarzen gezackten Formen eingeschnitten. Der stärkste Kontrast liegt tief am Rand statt oben links.,A large yellow field is cut into at the upper left by red and black jagged forms. The strongest contrast sits along the upper left edge.,"Yellow dominates almost the whole image, while red and black spikes enter from the upper edge. The strongest contrast appears more near the upper middle than clearly at the upper left.",A large yellow field is cut into at the lower right by red and black jagged forms. The strongest contrast lies low at the edge rather than at the upper left.,image_type=color-field-painting; source=direct_image_inspection; language=de; fit_levels=high_partial_low; prompt_repair_visual_form_human_style_2026-05-19; semi_congruent_tightened_near_miss_2026-05-19; incongruent_repaired_same_domain_far_near_miss_2026-05-19; congruency_spread_balance_checked_2026-05-19,False
015,015.jpg,untitled_0170.jpg,color-field-painting/untitled_0170.jpg,color-field-painting,"Blaue und weiße spitze Formen stehen diagonal. Die Komposition wirkt kantig, mit starken Schrägen und viel hellem Zwischenraum.",Blaue und weiße spitze Flächen kreuzen sich auf hellem Grund. Die wichtigsten Schrägen wirken etwas flacher und laufen stärker von links unten nach rechts oben.,"Blaue und weiße kantige Formen stehen fast senkrecht auf hellem Grund. Die Komposition wirkt weniger diagonal, mit einer breiten blauen Fläche in der Mitte.","Blue and white shapes point diagonally. The composition feels angular, with strong slants and much pale space between them.",Blue and white pointed areas cross on a pale ground. The main slants appear slightly flatter and run more strongly from lower left to upper right.,"Blue and white angular forms stand almost vertically on a pale ground. The composition feels less diagonal, with a broad blue area in the center.",image_type=color-field-painting; source=direct_image_inspection; language=de; fit_levels=high_partial_low; prompt_repair_visual_form_human_style_2026-05-19; semi_congruent_tightened_near_miss_2026-05-19; incongruent_repaired_same_domain_far_near_miss_2026-05-19; congruency_spread_balance_checked_2026-05-19,False
016,016.jpg,candidate_020_surrealism_vuelo_de_medianoche_1936.jpg,candidate_images/chosen/candidate_020_surrealism_vuelo_de_medianoche_1936.jpg,surrealism,Mehrere bunte spiralförmige Schnecken- oder Muschelformen liegen auf dunkelgrünem Grund. Eine große blaue geschwungene Form verbindet die runden Elemente.,Mehrere bunte spiralige Formen liegen auf dunklem Grund. Die große blaue geschwungene Form scheint vor allem am unteren Rand entlangzulaufen statt die runden Elemente zentral zu verbinden.,"Mehrere bunte Spiralen liegen auf dunkelblauem Grund. Eine kleine blaue Kurve sitzt am unteren Rand, während die runden Elemente stärker getrennt bleiben.",Several colorful spiral shell-like forms lie on a dark green ground. A large blue curved form connects the round elements.,Several colorful spiral forms lie on a dark ground. The large blue curved form seems to run mainly along the lower edge rather than centrally connecting the round elements.,"Several colorful spirals lie on a dark blue ground. A small blue curve sits near the lower edge, while the round elements remain more separated.",image_type=surrealism; source=chosen_candidate_direct_image_inspection; language=de; fit_levels=high_partial_low; prompt_repair_visual_form_human_style_2026-05-19; semi_congruent_tightened_near_miss_2026-05-19; incongruent_repaired_same_domain_far_near_miss_2026-05-19; congruency_spread_balance_checked_2026-05-19,False
017,017.jpg,untitled_mural_for_end_wall_0222.jpg,color-field-painting/untitled_mural_for_end_wall_0222.jpg,color-field-painting,"Ein dunkles braunes Quadrat liegt in einem leuchtend orange-roten Rahmen. Die Mitte wirkt ruhig und flächig, der Rand deutlich heller.",Eine große dunkle rechteckige Fläche sitzt in einem leuchtenden orange-roten Rahmen. Die Mitte wirkt eher hochrechteckig als quadratisch und etwas nach oben verschoben.,"Ein dunkles schmales Rechteck liegt in einem gelb-orangefarbenen Rahmen. Die Mitte ist nach links verschoben, und der Rand wirkt oben dunkler als unten.","A dark brown square lies inside a glowing orange-red frame. The center feels calm and flat, while the border is clearly brighter.",A large dark rectangular field sits inside a glowing orange-red frame. The center appears more vertical than square and slightly shifted upward.,"A dark narrow rectangle lies inside a yellow-orange frame. The center is shifted to the left, and the border appears darker above than below.",image_type=color-field-painting; source=direct_image_inspection; language=de; fit_levels=high_partial_low; prompt_repair_visual_form_human_style_2026-05-19; semi_congruent_tightened_near_miss_2026-05-19; incongruent_repaired_same_domain_far_near_miss_2026-05-19; congruency_spread_balance_checked_2026-05-19,False
018,018.jpg,absinth_drinker_0102.jpg,expressionism/absinth_drinker_0102.jpg,expressionism,Eine Person sitzt an einem Tisch und blickt auf eine kleine helle Kerzenflamme. Das Gesicht und die Hände liegen im dunklen braunen Innenraum nahe am Licht.,"Eine dunkle sitzende Figur beugt sich zu einer hellen Flamme auf einem Tisch. Das Gesicht wirkt etwas weiter links vom Licht, während die Hände näher an der Tischkante liegen.","Eine sitzende Figur beugt sich an einem Tisch zu einem breiten hellen Lichtfleck. Das Gesicht liegt weiter im Schatten, und die Flamme wirkt groß und seitlich.",A person sits at a table and looks toward a small pale candle flame. Face and hands lie close to the light in a dark brown interior.,"A dark seated figure bends toward a pale flame on a table. The face appears slightly farther left from the light, while the hands lie closer to the table edge.","A seated figure bends at a table toward a broad pale patch of light. The face lies farther in shadow, and the flame appears large and off to the side.",image_type=expressionism; source=direct_image_inspection; language=de; fit_levels=high_partial_low; prompt_repair_visual_form_human_style_2026-05-19; semi_congruent_tightened_near_miss_2026-05-19; incongruent_repaired_same_domain_far_near_miss_2026-05-19; congruency_spread_balance_checked_2026-05-19,False
019,019.jpg,ascet_0276.jpg,expressionism/ascet_0276.jpg,expressionism,"Eine schmale sitzende Figur in Blau steht vor blauem Hintergrund an einem Tisch. Heller Kopf, Teller und Hände bilden die zentralen Akzente.","Eine blau gekleidete Figur sitzt frontal an einem Tisch vor kühlem blauem Grund. Der helle Teller wirkt etwas weiter rechts, und die Hände liegen weniger zentral.","Eine schmale Figur in grünlichem Blau sitzt an einem Tisch vor grauem Hintergrund. Der helle Teller liegt deutlich links, und Kopf und Hände sind weniger zentral gebündelt.","A narrow seated figure in blue appears before a blue background at a table. Pale head, plate, and hands form the central accents.","A blue-clothed figure sits frontally at a table before a cool blue ground. The pale plate appears slightly farther to the right, and the hands lie less centrally.","A narrow figure in greenish blue sits at a table before a gray background. The pale plate lies clearly to the left, and head and hands are less tightly centered.",image_type=expressionism; source=direct_image_inspection; language=de; fit_levels=high_partial_low; prompt_repair_visual_form_human_style_2026-05-19; semi_congruent_tightened_near_miss_2026-05-19; incongruent_repaired_same_domain_far_near_miss_2026-05-19; congruency_spread_balance_checked_2026-05-19,False
020,020.jpg,canal_du_midi_0128.jpg,expressionism/canal_du_midi_0128.jpg,expressionism,Eine helle Winterlandschaft mit violett-blauen Schatten führt zu einem Fluss oder Hafen. Rechts verläuft ein dunkler Uferstreifen mit kleinen Figuren und Booten.,"Eine helle Winterlandschaft mit violetten Schatten führt zu Wasser und Horizont. Der dunkle Uferstreifen bleibt rechts, wirkt aber breiter und etwas näher an der Bildmitte.","Eine helle Winterlandschaft führt zu einem Fluss, aber der dunkle Uferstreifen verläuft links. Kleine Boote und Figuren sammeln sich nahe der unteren Mitte.","A pale winter landscape with violet-blue shadows leads toward a river or harbor. On the right, a dark bank with small figures and boats runs into the distance.","A pale winter landscape with violet shadows leads toward water and horizon. The dark bank remains on the right, but appears broader and slightly closer to the image center.","A pale winter landscape leads toward a river, but the dark bank runs along the left. Small boats and figures gather near the lower center.",image_type=expressionism; source=direct_image_inspection; language=de; fit_levels=high_partial_low; prompt_repair_visual_form_human_style_2026-05-19; semi_congruent_tightened_near_miss_2026-05-19; incongruent_repaired_same_domain_far_near_miss_2026-05-19; congruency_spread_balance_checked_2026-05-19,False
021,021.jpg,children_with_the_lamp_0237.jpg,expressionism/children_with_the_lamp_0237.jpg,expressionism,Zwei Kinder oder Figuren sitzen eng beieinander im warmen Dunkel und halten eine leuchtend rote runde Laterne. Die hellsten Stellen liegen bei Gesicht und Laterne.,Eine kleine Figurengruppe sitzt im warmen Dunkel um ein rotes rundes Licht. Das Licht wirkt etwas tiefer und mehr seitlich gehalten als der Mittelpunkt der Gruppe.,"Drei Figuren sitzen weiter auseinander in warmem Dunkel um ein orangefarbenes Licht. Die Laterne liegt tiefer am Rand, und nur ein Gesicht ist klar hell.",Two children or figures sit close together in warm darkness and hold a glowing red round lantern. The brightest areas are the faces and lantern.,A small group of figures sits in warm darkness around a red round light. The light appears slightly lower and held more to the side than the center of the group.,"Three figures sit farther apart in warm darkness around an orange light. The lantern lies lower near the edge, and only one face is clearly bright.",image_type=expressionism; source=direct_image_inspection; language=de; fit_levels=high_partial_low; prompt_repair_visual_form_human_style_2026-05-19; semi_congruent_tightened_near_miss_2026-05-19; incongruent_repaired_same_domain_far_near_miss_2026-05-19; congruency_spread_balance_checked_2026-05-19,False
022,022.jpg,candidate_025_surrealism_colette_sitting.jpg,candidate_images/chosen/candidate_025_surrealism_colette_sitting.jpg,surrealism,"Eine sitzende Figur mit blauem Oberteil und rosa Rock lehnt in einem Stuhl. Der Kopf liegt links oben, die angewinkelten Beine füllen die rechte untere Hälfte.","Eine sitzende Figur mit blauem Oberteil und rosa Fläche lehnt in einem Stuhl. Der Kopf wirkt eher rechts oben, und die angewinkelten Beine füllen mehr die linke untere Seite.","Eine sitzende Figur mit grünlichem Oberteil und roter Rockfläche lehnt aufrecht im Stuhl. Der Kopf liegt rechts oben, und die Beine füllen eher die linke untere Hälfte.","A seated figure with a blue top and pink skirt leans in a chair. The head sits at the upper left, and bent legs fill the lower right half.","A seated figure with a blue top and pink area leans in a chair. The head appears more toward the upper right, and the bent legs fill more of the lower left side.","A seated figure with a greenish top and red skirt area leans upright in the chair. The head sits at the upper right, and the legs fill more of the lower left half.",image_type=surrealism; source=chosen_candidate_direct_image_inspection; language=de; fit_levels=high_partial_low; prompt_repair_visual_form_human_style_2026-05-19; semi_congruent_tightened_near_miss_2026-05-19; incongruent_repaired_same_domain_far_near_miss_2026-05-19; congruency_spread_balance_checked_2026-05-19,False
023,023.jpg,candidate_028_expressionism_freesia_in_a_red_vase_1986.jpg,candidate_images/chosen/candidate_028_expressionism_freesia_in_a_red_vase_1986.jpg,expressionism,"Ein dunkles rotes Gefäß steht unten mittig, daraus brechen gelbe und violette Blütenformen nach oben und rechts aus. Der Hintergrund ist braun und bewegt.",Ein Strauß mit gelben und violetten Blüten wächst aus einer dunklen Vase vor braunem Grund. Die hellen Blüten breiten sich stärker nach links als nach rechts aus.,"Ein dunkles Gefäß steht seitlich, daraus steigen wenige gelbe und rosa Blüten fast senkrecht nach oben. Der braune Hintergrund wirkt ruhig und gleichmäßig.","A dark red vessel stands at the lower center, with yellow and violet flower forms bursting upward and to the right. The background is brown and active.",A bouquet with yellow and violet blossoms grows from a dark vase before a brown ground. The bright blossoms spread more toward the left than toward the right.,"A dark vessel stands off to the side, with a few yellow and pink blossoms rising almost vertically upward. The brown background feels quiet and even.",image_type=expressionism; source=chosen_candidate_direct_image_inspection; language=de; fit_levels=high_partial_low; prompt_repair_visual_form_human_style_2026-05-19; semi_congruent_tightened_near_miss_2026-05-19; incongruent_repaired_same_domain_far_near_miss_2026-05-19; congruency_spread_balance_checked_2026-05-19,False
024,024.jpg,despair_0035.jpg,expressionism/despair_0035.jpg,expressionism,Eine dunkle gebeugte Figur steht rechts unten vor einer Landschaft mit blauem Tal und rotem Himmel. Die Schrägen der Berge führen zum hellen Horizont.,"Eine dunkle gebeugte Gestalt steht vor einer Landschaft mit Tal und rötlichem Himmel. Die Figur wirkt näher an der unteren Mitte, und die Bergschrägen steigen stärker nach rechts.",Eine dunkle gebeugte Figur steht links unten vor einer Landschaft mit grünem Tal und gelbem Himmel. Die Bergschrägen führen vom hellen Horizont weg.,A dark bent figure stands at the lower right before a landscape with a blue valley and red sky. The mountain diagonals lead toward the bright horizon.,"A dark bent figure stands before a landscape with a valley and reddish sky. The figure appears closer to the lower center, and the mountain diagonals rise more strongly to the right.",A dark bent figure stands at the lower left before a landscape with a green valley and yellow sky. The mountain diagonals lead away from the bright horizon.,image_type=expressionism; source=direct_image_inspection; language=de; fit_levels=high_partial_low; prompt_repair_visual_form_human_style_2026-05-19; semi_congruent_tightened_near_miss_2026-05-19; incongruent_repaired_same_domain_far_near_miss_2026-05-19; congruency_spread_balance_checked_2026-05-19,False
025,025.jpg,female_head_0208.jpg,expressionism/female_head_0208.jpg,expressionism,"Ein blau-grünes Gesicht mit dunklem Haar steht vor grünlichem Hintergrund. Der Kopf ist leicht geneigt, und ein roter Akzent sitzt am Hals.","Ein kühles blau-grünes Porträt füllt die Mitte vor grünlichem Hintergrund. Der Kopf wirkt fast gerade, und der rote Akzent sitzt eher an der Schulter als direkt am Hals.","Ein blau-grünes Gesicht mit hellem Haar steht vor grauem Hintergrund. Der Kopf ist stark zur anderen Seite geneigt, und der rote Akzent sitzt hoch an der Wange.","A blue-green face with dark hair appears before a greenish background. The head is slightly tilted, and a red accent sits at the neck.","A cool blue-green portrait fills the center before a greenish background. The head appears almost straight, and the red accent sits more at the shoulder than directly at the neck.","A blue-green face with pale hair appears before a gray background. The head is strongly tilted to the opposite side, and the red accent sits high on the cheek.",image_type=expressionism; source=direct_image_inspection; language=de; fit_levels=high_partial_low; prompt_repair_visual_form_human_style_2026-05-19; semi_congruent_tightened_near_miss_2026-05-19; incongruent_repaired_same_domain_far_near_miss_2026-05-19; congruency_spread_balance_checked_2026-05-19,False
026,026.jpg,fertility_ii_0197.jpg,expressionism/fertility_ii_0197.jpg,expressionism,"Drei Figuren stehen in einem grünen Garten mit Baum in der Mitte. Links trägt eine Figur einen roten runden Korb, rechts steht eine blaue Figur mit hellem Hut.","Drei Figuren stehen in einem grünen Garten mit Baum. Die rote runde Form wirkt eher rechts der Mitte, während die blaue Figur mehr links im Bild steht.","Zwei Figuren stehen in einem grünen Garten ohne deutlichen Mittelbaum. Die rote runde Form liegt rechts, und die blaue Figur steht links mit dunklem Hut.","Three figures stand in a green garden with a tree in the center. On the left, one figure carries a red round basket; on the right, a blue figure wears a pale hat.","Three figures stand in a green garden with a tree. The red round form appears more to the right of center, while the blue figure stands more to the left in the image.","Two figures stand in a green garden without a clear central tree. The red round form lies on the right, and the blue figure stands on the left with a dark hat.",image_type=expressionism; source=direct_image_inspection; language=de; fit_levels=high_partial_low; prompt_repair_visual_form_human_style_2026-05-19; semi_congruent_tightened_near_miss_2026-05-19; incongruent_repaired_same_domain_far_near_miss_2026-05-19; congruency_spread_balance_checked_2026-05-19,False
027,027.jpg,candidate_029_expressionism_leon_indenbaum_1915.jpg,candidate_images/chosen/candidate_029_expressionism_leon_indenbaum_1915.jpg,expressionism,"Ein längliches helles Gesicht steht frontal in der Mitte vor dunklem Hintergrund. Haare, Augen und schmale Gesichtszüge sind weich und reduziert gezeichnet.","Ein längliches helles Gesicht steht frontal vor dunklem Grund. Die Augen wirken etwas höher und weiter auseinander, und die Kopfform erscheint breiter.","Ein breites helles Gesicht steht leicht seitlich vor dunklem Hintergrund. Die Gesichtszüge sind kräftig dunkel gezeichnet, und die Augen sitzen tief unter schwerem Haar.","An elongated pale face faces forward in the center against a dark background. Hair, eyes, and narrow facial features are softly and sparsely drawn.","An elongated pale face faces forward against a dark ground. The eyes appear slightly higher and farther apart, and the head shape seems broader.","A broad pale face appears slightly sideways before a dark background. The facial features are drawn in strong dark lines, and the eyes sit low beneath heavy hair.",image_type=expressionism; source=chosen_candidate_direct_image_inspection; language=de; fit_levels=high_partial_low; prompt_repair_visual_form_human_style_2026-05-19; semi_congruent_tightened_near_miss_2026-05-19; incongruent_repaired_same_domain_far_near_miss_2026-05-19; congruency_spread_balance_checked_2026-05-19,False
028,028.jpg,girl_combing_her_hair_0037.jpg,expressionism/girl_combing_her_hair_0037.jpg,expressionism,Eine orange-rote sitzende Figur beugt sich nach links unten in einem hellen Innenraum. Helle Wandflächen und eine bläuliche Form rechts rahmen die Figur.,"Eine orange-rote sitzende Figur beugt sich in einem hellen Innenraum. Der Körper neigt sich eher nach rechts unten, und die bläuliche Form liegt näher an der Mitte.",Eine orange-rote sitzende Figur beugt sich nach rechts unten in einem hellen Innenraum. Die bläuliche Form liegt links und rahmt den Körper von der anderen Seite.,An orange-red seated figure bends down toward the lower left in a pale interior. Pale wall areas and a bluish form on the right frame the figure.,"An orange-red seated figure bends inside a pale interior. The body leans more toward the lower right, and the bluish form lies closer to the center.",An orange-red seated figure bends toward the lower right in a pale interior. The bluish form lies on the left and frames the body from the opposite side.,image_type=expressionism; source=direct_image_inspection; language=de; fit_levels=high_partial_low; prompt_repair_visual_form_human_style_2026-05-19; semi_congruent_tightened_near_miss_2026-05-19; incongruent_repaired_same_domain_far_near_miss_2026-05-19; congruency_spread_balance_checked_2026-05-19,False
029,029.jpg,gretchen_0114.jpg,expressionism/gretchen_0114.jpg,expressionism,Eine schmale stehende Figur in grauer Kleidung hält ein Kind oder Bündel vor dem Körper. Viel weißer Hintergrund umgibt die dunkle Zeichnung.,Eine schmale stehende Figur hält ein Kind oder Bündel vor hellem Papiergrund. Die Gruppe wirkt etwas größer und weiter nach rechts gesetzt.,"Eine schmale stehende Figur in dunkler Kleidung hält ein Bündel seitlich am Körper. Der weiße Hintergrund bleibt groß, aber die Figur steht näher am rechten Rand.",A narrow standing figure in gray clothing holds a child or bundle in front of the body. Much white background surrounds the dark drawing.,A narrow standing figure holds a child or bundle before a pale paper ground. The group appears slightly larger and placed farther to the right.,"A narrow standing figure in dark clothing holds a bundle at the side of the body. The white background remains large, but the figure stands closer to the right edge.",image_type=expressionism; source=direct_image_inspection; language=de; fit_levels=high_partial_low; prompt_repair_visual_form_human_style_2026-05-19; semi_congruent_tightened_near_miss_2026-05-19; incongruent_repaired_same_domain_far_near_miss_2026-05-19; congruency_spread_balance_checked_2026-05-19,False
030,030.jpg,man_and_woman_0101.jpg,expressionism/man_and_woman_0101.jpg,expressionism,"Zwei nackte Figuren sitzen in dunklem Innenraum. Links ist eine hellere sitzende Figur, rechts beugt sich eine dunklere Figur nach unten.","Zwei nackte Körperformen sitzen in einem dunklen Innenraum. Links bleibt die hellere Figur aufrechter, während sich rechts eine dunklere Figur etwas weniger stark nach unten beugt.","Zwei nackte Figuren sitzen in dunklem Innenraum, aber die hellere Figur liegt rechts und die dunklere sitzt aufrecht links. Die Körper wirken weniger nach unten gebeugt.","Two nude figures sit in a dark interior. On the left is a lighter seated figure, while on the right a darker figure bends downward.","Two nude body forms sit in a dark interior. The paler figure remains more upright on the left, while a darker figure on the right bends downward slightly less strongly.","Two nude figures sit in a dark interior, but the paler figure lies on the right and the darker one sits upright on the left. The bodies appear less bent downward.",image_type=expressionism; source=direct_image_inspection; language=de; fit_levels=high_partial_low; prompt_repair_visual_form_human_style_2026-05-19; semi_congruent_tightened_near_miss_2026-05-19; incongruent_repaired_same_domain_far_near_miss_2026-05-19; congruency_spread_balance_checked_2026-05-19,False
031,031.jpg,maternit_233_after_picasso_0194.jpg,expressionism/maternit_233_after_picasso_0194.jpg,expressionism,"Eine Frau in blauem Mantel sitzt frontal auf einem Stuhl, ein heller Hund liegt rechts unten. Das helle Kleid und der dunkle Stuhl stehen vor blauem Grund.",Eine Frau in blauem Mantel sitzt frontal auf einem Stuhl vor blauem Grund. Die kleine helle Tierform liegt eher links unten statt rechts unten.,"Eine Frau in grünblauem Mantel sitzt seitlich auf einem Stuhl, ein helles Tier liegt links unten. Der Hintergrund ist heller und weniger gleichmäßig blau.","A woman in a blue coat sits frontally on a chair, with a pale dog lying at the lower right. The pale dress and dark chair stand before a blue ground.",A woman in a blue coat sits frontally on a chair before a blue ground. The small pale animal shape lies more toward the lower left rather than the lower right.,"A woman in a green-blue coat sits sideways on a chair, with a pale animal lying at the lower left. The background is lighter and less evenly blue.",image_type=expressionism; source=direct_image_inspection; language=de; fit_levels=high_partial_low; prompt_repair_visual_form_human_style_2026-05-19; semi_congruent_tightened_near_miss_2026-05-19; incongruent_repaired_same_domain_far_near_miss_2026-05-19; congruency_spread_balance_checked_2026-05-19,False
032,032.jpg,miguel_de_cervantes_0146.jpg,expressionism/miguel_de_cervantes_0146.jpg,expressionism,Eine dunkle Figur geht auf einem hellen Weg durch eine Landschaft mit Windmühle. Der Weg führt diagonal nach hinten zu Horizont und Himmel.,Eine dunkle Figur geht auf einem hellen Pfad durch eine Landschaft mit Windmühle. Der Weg führt weniger diagonal und scheint fast gerade in die Bildmitte zu laufen.,"Eine dunkle Figur steht auf einem hellen Weg in einer Landschaft, doch die Windmühle sitzt rechts vorn. Der Weg läuft fast waagrecht statt tief diagonal.",A dark figure walks on a pale path through a landscape with a windmill. The path leads diagonally back toward the horizon and sky.,A dark figure walks on a pale path through a landscape with a windmill. The path runs less diagonally and seems to lead almost straight into the image center.,"A dark figure stands on a pale path in a landscape, but the windmill sits at the front right. The path runs almost horizontally rather than deep diagonally.",image_type=expressionism; source=direct_image_inspection; language=de; fit_levels=high_partial_low; prompt_repair_visual_form_human_style_2026-05-19; semi_congruent_tightened_near_miss_2026-05-19; incongruent_repaired_same_domain_far_near_miss_2026-05-19; congruency_spread_balance_checked_2026-05-19,False
033,033.jpg,misery_0089.jpg,expressionism/misery_0089.jpg,expressionism,Ein dunkler Innenraum zeigt mehrere Figuren und Betten oder Liegeflächen. Helle Gesichter und weiße Bettformen treten aus dem Schwarz hervor.,Ein dunkler Innenraum zeigt mehrere helle Figuren und Liegeflächen. Die weißen Bettformen wirken stärker rechts unten konzentriert als links und unten verteilt.,"Ein dunkler Innenraum zeigt wenige Figuren und helle Liegeflächen, die vor allem rechts liegen. Die Gesichter sind groß und rund statt klein aus dem Schwarz hervortretend.",A dark interior shows several figures and beds or lying surfaces. Pale faces and white bed shapes emerge from the blackness.,A dark interior shows several pale figures and lying surfaces. The white bed forms appear more concentrated at the lower right than spread across the left and bottom.,A dark interior shows a few figures and pale lying surfaces mostly on the right. The faces are large and round rather than small forms emerging from the blackness.,image_type=expressionism; source=direct_image_inspection; language=de; fit_levels=high_partial_low; prompt_repair_visual_form_human_style_2026-05-19; semi_congruent_tightened_near_miss_2026-05-19; incongruent_repaired_same_domain_far_near_miss_2026-05-19; congruency_spread_balance_checked_2026-05-19,False
034,034.jpg,mother_and_child_on_the_beach_0214.jpg,expressionism/mother_and_child_on_the_beach_0214.jpg,expressionism,"Eine stehende Frau mit Kind steht vor blau-grünem Hintergrund. Die Figur ist in dunkle Kleidung gehüllt, das Kind liegt hell am Oberkörper.","Eine stehende Mutter-Kind-Form steht vor blau-grünem Hintergrund. Das helle Kind wirkt etwas tiefer am Körper, und die dunkle Kleidung öffnet sich breiter nach unten.","Eine stehende Frau mit Kind steht vor grünlichem Hintergrund, aber die Figur trägt helle Kleidung. Das Kind liegt tiefer am Bauch statt hell am Oberkörper.","A standing woman with a child appears before a blue-green background. The figure is wrapped in dark clothing, and the child lies pale at the torso.","A standing mother-and-child form appears before a blue-green background. The pale child seems slightly lower on the body, and the dark clothing opens wider toward the bottom.","A standing woman with child appears before a greenish background, but the figure wears pale clothing. The child lies lower at the belly rather than pale at the torso.",image_type=expressionism; source=direct_image_inspection; language=de; fit_levels=high_partial_low; prompt_repair_visual_form_human_style_2026-05-19; semi_congruent_tightened_near_miss_2026-05-19; incongruent_repaired_same_domain_far_near_miss_2026-05-19; congruency_spread_balance_checked_2026-05-19,False
035,035.jpg,night_0017.jpg,expressionism/night_0017.jpg,expressionism,"Ein dunkler Innenraum wird von hellem Licht durch ein Fenster und über den Boden geteilt. Treppe, Wand und Lichtstreifen führen diagonal nach unten.","Helle Lichtbahnen fallen in einen dunklen Raum und treffen Boden und Wand. Die Lichtquelle wirkt eher links oben, und die Streifen laufen steiler nach unten.","Ein dunkler Innenraum wird von breiten senkrechten Lichtstreifen geteilt. Das helle Fenster sitzt links unten, und die Treppe führt fast waagrecht durch den Raum.","A dark interior is divided by pale light coming through a window and across the floor. Stairs, wall, and light stripes lead diagonally downward.","Pale bands of light fall into a dark room and touch floor and wall. The light source appears more toward the upper left, and the bands run more steeply downward.","A dark interior is divided by broad vertical light strips. The pale window sits at the lower left, and the stairs run almost horizontally through the room.",image_type=expressionism; source=direct_image_inspection; language=de; fit_levels=high_partial_low; prompt_repair_visual_form_human_style_2026-05-19; semi_congruent_tightened_near_miss_2026-05-19; incongruent_repaired_same_domain_far_near_miss_2026-05-19; congruency_spread_balance_checked_2026-05-19,False
036,036.jpg,old_fisherman_0239.jpg,expressionism/old_fisherman_0239.jpg,expressionism,"Ein älterer Mann mit Mütze hält die Hände nah am Mund. Gesicht, Hände und dunkle Kleidung liegen vor einem gedämpften Landschaftshintergrund.","Ein älterer Mann mit Mütze hält die Hände nahe am Gesicht. Die Hände wirken eher an der Wange als am Mund, und der Hintergrund erscheint fast wie ein Innenraum.",Ein älterer Mann mit heller Mütze hält eine Hand am Kinn und eine tiefer am Körper. Der Hintergrund wirkt wie eine dunkle Wand statt eine gedämpfte Landschaft.,"An older man with a cap holds his hands close to his mouth. Face, hands, and dark clothing sit before a muted landscape background.","An older man with a cap holds his hands near his face. The hands appear closer to the cheek than to the mouth, and the background seems almost interior-like.",An older man with a pale cap holds one hand at his chin and the other lower on the body. The background feels like a dark wall rather than a muted landscape.,image_type=expressionism; source=direct_image_inspection; language=de; fit_levels=high_partial_low; prompt_repair_visual_form_human_style_2026-05-19; semi_congruent_tightened_near_miss_2026-05-19; incongruent_repaired_same_domain_far_near_miss_2026-05-19; congruency_spread_balance_checked_2026-05-19,False
037,037.jpg,peat_digging_0251.jpg,expressionism/peat_digging_0251.jpg,expressionism,"Ein heller Fluss oder Bach zieht durch dunkle grüne Ufer in die Tiefe. Helle Häuser liegen am oberen Rand, der Wasserlauf dominiert die Mitte.","Ein heller Wasserstreifen zieht durch dunkle grüne Ufer in die Tiefe. Die Häuser wirken etwas tiefer im Bild, und der Wasserlauf liegt stärker rechts der Mitte.","Ein heller Fluss zieht durch grüne Ufer, aber der Wasserlauf liegt seitlich links und teilt das Bild kaum. Die hellen Häuser sitzen tief nahe der Mitte.","A pale river or stream runs through dark green banks into depth. Pale houses lie near the upper edge, and the watercourse dominates the center.","A pale strip of water runs through dark green banks into depth. The houses appear slightly lower in the image, and the watercourse lies more to the right of center.","A pale river runs through green banks, but the watercourse lies off to the left and hardly divides the image. The pale houses sit low near the center.",image_type=expressionism; source=direct_image_inspection; language=de; fit_levels=high_partial_low; prompt_repair_visual_form_human_style_2026-05-19; semi_congruent_tightened_near_miss_2026-05-19; incongruent_repaired_same_domain_far_near_miss_2026-05-19; congruency_spread_balance_checked_2026-05-19,False
038,038.jpg,radiant_sunset_0262.jpg,expressionism/radiant_sunset_0262.jpg,expressionism,Eine helle Sonne steht tief am Horizont und wirft einen senkrechten Lichtstreifen über violette und blaue Felder. Dunkle Bäume sitzen rechts und am Horizont.,Eine helle Sonne steht nahe am Horizont über violett-blauen Feldern. Der senkrechte Lichtstreifen wirkt etwas breiter und leicht nach links verschoben.,Eine helle Sonne steht höher über violett-blauen Feldern und wirft einen breiten schrägen Lichtstreifen. Die dunklen Bäume sammeln sich links am Horizont.,A bright sun stands low on the horizon and casts a vertical strip of light across violet and blue fields. Dark trees sit to the right and along the horizon.,A bright sun stands near the horizon above violet-blue fields. The vertical strip of light appears slightly wider and shifted a little to the left.,A bright sun stands higher above violet-blue fields and casts a broad diagonal strip of light. The dark trees gather on the left along the horizon.,image_type=expressionism; source=direct_image_inspection; language=de; fit_levels=high_partial_low; prompt_repair_visual_form_human_style_2026-05-19; semi_congruent_tightened_near_miss_2026-05-19; incongruent_repaired_same_domain_far_near_miss_2026-05-19; congruency_spread_balance_checked_2026-05-19,False
039,039.jpg,separation_0085.jpg,expressionism/separation_0085.jpg,expressionism,Eine dunkle stehende Figur befindet sich links neben einer großen weißen vasenartigen Form. Der Hintergrund ist grau-violett mit schwarzen schwebenden Flecken.,"Eine dunkle stehende Figur befindet sich links neben einer hellen geschwungenen Gefäßform auf grau-violettem Grund. Die weiße Form wirkt etwas schmaler, und die dunklen Flecken sitzen höher im Hintergrund.",Eine dunkle stehende Figur befindet sich rechts neben einer schmalen weißen Gefäßform. Der grau-violette Hintergrund enthält helle schwebende Flecken statt dunkler.,A dark standing figure appears on the left beside a large white vase-like form. The background is gray-violet with black floating patches.,"A dark standing figure appears on the left beside a pale curved vessel form on a gray-violet ground. The white form appears slightly narrower, and the dark patches sit higher in the background.",A dark standing figure appears on the right beside a narrow white vessel form. The gray-violet background contains pale floating patches rather than dark ones.,image_type=expressionism; source=direct_image_inspection; language=de; fit_levels=high_partial_low; prompt_repair_visual_form_human_style_2026-05-19; semi_congruent_tightened_near_miss_2026-05-19; incongruent_repaired_same_domain_far_near_miss_2026-05-19; congruency_spread_balance_checked_2026-05-19,False
040,040.jpg,skeletons_fighting_over_a_pickled_herring_0031.jpg,expressionism/skeletons_fighting_over_a_pickled_herring_0031.jpg,expressionism,"Zwei Totenschädel oder maskenhafte Köpfe stehen rechts unten, einer trägt eine dunkle Federform. Der Hintergrund ist rosa-violett und weich bewegt.","Zwei helle Schädel- oder Maskenköpfe stehen vor rosa-violettem Grund. Sie wirken näher an der Bildmitte, und die dunkle Federform sitzt eher am linken Kopf.",Zwei helle Schädel oder Maskenköpfe stehen links unten vor rosa-violettem Grund. Die dunkle Federform sitzt tief zwischen den Köpfen statt oben an einem Kopf.,"Two skulls or mask-like heads stand at the lower right, one carrying a dark feather-like form. The background is pink-violet and softly moving.","Two pale skull or mask heads stand before a pink-violet ground. They appear closer to the image center, and the dark feather-like form sits more on the left head.",Two pale skulls or mask heads stand at the lower left before a pink-violet ground. The dark feather-like form sits low between the heads rather than high on one head.,image_type=expressionism; source=direct_image_inspection; language=de; fit_levels=high_partial_low; prompt_repair_visual_form_human_style_2026-05-19; semi_congruent_tightened_near_miss_2026-05-19; incongruent_repaired_same_domain_far_near_miss_2026-05-19; congruency_spread_balance_checked_2026-05-19,False
041,041.jpg,the_family_of_blind_man_0291.jpg,expressionism/the_family_of_blind_man_0291.jpg,expressionism,"Eine schmale blaue Figur steht gebeugt vor hellblauem Hintergrund. Dunkle und weiße Pinselstriche formen Kopf, Körper und Beine.","Eine schmale blaue Figur steht vor hellblauem Hintergrund. Der Körper wirkt etwas aufrechter, und die dunklen Striche sammeln sich stärker am unteren Beinbereich.",Eine schmale blaue Figur steht fast gerade vor hellblauem Hintergrund. Die dunklen Pinselstriche formen einen breiten Kopf und kurze Beine.,"A narrow blue figure stands bent before a light blue background. Dark and white brushstrokes form head, body, and legs.","A narrow blue figure stands before a light blue background. The body appears slightly more upright, and the dark strokes gather more around the lower leg area.",A narrow blue figure stands almost straight before a light blue background. The dark brushstrokes form a broad head and short legs.,image_type=expressionism; source=direct_image_inspection; language=de; fit_levels=high_partial_low; prompt_repair_visual_form_human_style_2026-05-19; semi_congruent_tightened_near_miss_2026-05-19; incongruent_repaired_same_domain_far_near_miss_2026-05-19; congruency_spread_balance_checked_2026-05-19,False
042,042.jpg,candidate_030_surrealism_meliboeus.jpg,candidate_images/chosen/candidate_030_surrealism_meliboeus.jpg,surrealism,"Ein Gesicht mit Kopftuch füllt das Bild und ist von dunklen Linien und Blattformen überzogen. Augen, Mund und gefaltete Hände liegen eng in der Mitte.","Ein großes Gesicht mit hellem Kopftuch füllt das Bild. Die gefalteten Hände wirken etwas tiefer und weiter auseinander, während die dunklen Linien stärker am Rand liegen.","Ein Gesicht mit Kopftuch füllt das Bild, aber die Augen liegen weit auseinander und die Hände tief am unteren Rand. Die dunklen Linien bilden eher ein äußeres Muster.","A face with a headscarf fills the image and is crossed by dark lines and leaf forms. Eyes, mouth, and folded hands lie close together in the center.","A large face with a pale headscarf fills the image. The folded hands appear slightly lower and farther apart, while the dark lines lie more strongly near the edge.","A face with a headscarf fills the image, but the eyes lie far apart and the hands sit low at the bottom edge. The dark lines form more of an outer pattern.",image_type=surrealism; source=chosen_candidate_direct_image_inspection; language=de; fit_levels=high_partial_low; prompt_repair_visual_form_human_style_2026-05-19; semi_congruent_tightened_near_miss_2026-05-19; incongruent_repaired_same_domain_far_near_miss_2026-05-19; congruency_spread_balance_checked_2026-05-19,False
043,043.jpg,woman_with_dead_child_0295.jpg,expressionism/woman_with_dead_child_0295.jpg,expressionism,Eine dunkle zusammengerollte Figur oder Körperform liegt über einer helleren liegenden Form. Die Zeichnung ist schwarz-grau und stark auf Körperkonturen konzentriert.,Eine dunkle zusammengerollte Körperform liegt über einer helleren liegenden Form auf hellem Grund. Die dunklen Schraffuren wirken etwas stärker seitlich rechts gesammelt.,"Zwei liegende Körperformen füllen die Mitte, aber die helle Form liegt oben und die dunkle darunter. Die Schraffuren sammeln sich links unten.",A dark curled figure or body form lies above a paler reclining form. The drawing is black-gray and strongly focused on body contours.,A dark curled body form lies above a paler reclining form on a light ground. The dark hatching appears somewhat more gathered toward the right side.,"Two reclining body forms fill the center, but the pale form lies above and the dark one below. The hatching gathers at the lower left.",image_type=expressionism; source=direct_image_inspection; language=de; fit_levels=high_partial_low; prompt_repair_visual_form_human_style_2026-05-19; semi_congruent_tightened_near_miss_2026-05-19; incongruent_repaired_same_domain_far_near_miss_2026-05-19; congruency_spread_balance_checked_2026-05-19,False
044,044.jpg,candidate_030_surrealism_trois_masques_1933.jpg,candidate_images/chosen/candidate_030_surrealism_trois_masques_1933.jpg,surrealism,Drei maskenartige Gesichter stehen vor blauem Hintergrund. Ein helles frontales Gesicht in der Mitte wird von zwei orangefarbenen Profilen eingerahmt.,"Drei maskenartige Gesichter stehen dicht nebeneinander auf blauem Grund. Die helle frontale Maske wirkt leicht nach links verschoben, und rechts dominiert ein dunkleres Profil.","Drei maskenartige Gesichter stehen vor blauem Hintergrund, aber die mittlere Maske ist orange und die seitlichen Gesichter sind hell. Die Gruppe sitzt tiefer im Bild.",Three mask-like faces stand before a blue background. A pale frontal face in the center is framed by two orange profiles.,"Three mask-like faces stand close together on a blue ground. The pale frontal mask appears slightly shifted left, and a darker profile dominates on the right.","Three mask-like faces stand before a blue background, but the middle mask is orange and the side faces are pale. The group sits lower in the image.",image_type=surrealism; source=chosen_candidate_direct_image_inspection; language=de; fit_levels=high_partial_low; prompt_repair_visual_form_human_style_2026-05-19; semi_congruent_tightened_near_miss_2026-05-19; incongruent_repaired_same_domain_far_near_miss_2026-05-19; congruency_spread_balance_checked_2026-05-19,False
045,045.jpg,chicken_wire_0298.jpg,minimalism/chicken_wire_0298.jpg,minimalism,Ein regelmäßiges helles Wabenmuster bedeckt fast das ganze Bild. Die sechseckigen Linien sind gelblich und werden zum Rand hin etwas dunkler.,Viele helle sechseckige Zellen bilden ein flaches Wabenmuster. Die Linien wirken zur Mitte hin dunkler und am Rand etwas offener.,"Ein helles Wabenmuster bedeckt die Fläche, aber die Zellen sind größer und unregelmäßiger. Die Linien werden zur Mitte dunkler statt zum Rand.",A regular pale honeycomb pattern covers almost the whole image. The hexagonal lines are yellowish and become slightly darker toward the edges.,Many pale hexagonal cells form a flat honeycomb pattern. The lines appear darker toward the center and slightly more open at the edges.,"A pale honeycomb pattern covers the surface, but the cells are larger and more irregular. The lines become darker toward the center rather than the edge.",image_type=minimalism; source=direct_image_inspection; language=de; fit_levels=high_partial_low; prompt_repair_visual_form_human_style_2026-05-19; semi_congruent_tightened_near_miss_2026-05-19; incongruent_repaired_same_domain_far_near_miss_2026-05-19; congruency_spread_balance_checked_2026-05-19,False
046,046.jpg,d1_6_0207.jpg,minimalism/d1_6_0207.jpg,minimalism,"Ein großer schwarzer Kreis hängt oben in einer hellen quadratischen Fläche, darunter liegt eine dunkle verschwommene Schattenform. Der Aufbau ist stark vertikal.",Eine schwarze runde Form hängt hoch in einer hellen quadratischen Fläche. Der weiche dunkle Schatten darunter wirkt etwas links versetzt und näher am Kreis.,"Ein schwarzer Kreis hängt tief in einer hellen quadratischen Fläche, darunter liegt ein scharfer kleiner Schatten. Der vertikale Aufbau ist nach rechts verschoben.","A large black circle hangs high in a pale square field, with a dark blurred shadow form below. The structure is strongly vertical.",A black round form hangs high in a pale square field. The soft dark shadow below appears slightly shifted left and closer to the circle.,"A black circle hangs low inside a pale square field, with a sharp small shadow below. The vertical structure is shifted to the right.",image_type=minimalism; source=direct_image_inspection; language=de; fit_levels=high_partial_low; prompt_repair_visual_form_human_style_2026-05-19; semi_congruent_tightened_near_miss_2026-05-19; incongruent_repaired_same_domain_far_near_miss_2026-05-19; congruency_spread_balance_checked_2026-05-19,False
047,047.jpg,sex_symbol_0190.jpg,minimalism/sex_symbol_0190.jpg,minimalism,"Ein schwarzer Kreis sitzt in der Mitte einer hellen senkrechten Fläche. Darüber liegt ein halbkreisförmiger dunkler Bogen, darunter kleine schwarze Linien wie ein Sockel.","Ein schwarzer Kreis sitzt in einer hellen senkrechten Fläche. Der dunkle Bogen darüber wirkt fast geschlossen, und die kleinen Linien darunter stehen etwas weiter auseinander.","Ein schwarzer Kreis sitzt hoch in einer hellen senkrechten Fläche. Der dunkle Bogen liegt darunter, und die kurzen Sockellinien stehen oben am Rand.","A black circle sits in the center of a pale vertical field. Above it lies a dark semicircular arc, and below it small black lines form a base-like mark.","A black circle sits in a pale vertical field. The dark arc above appears almost closed, and the small lines below stand slightly farther apart.","A black circle sits high in a pale vertical field. The dark arc lies below it, and the short base-like lines stand near the upper edge.",image_type=minimalism; source=direct_image_inspection; language=de; fit_levels=high_partial_low; prompt_repair_visual_form_human_style_2026-05-19; semi_congruent_tightened_near_miss_2026-05-19; incongruent_repaired_same_domain_far_near_miss_2026-05-19; congruency_spread_balance_checked_2026-05-19,False
048,048.jpg,split_ring_image_1_2009_0041.jpg,minimalism/split_ring_image_1_2009_0041.jpg,minimalism,"Zwei große farbige Ringsegmente bilden eine fast geschlossene Kreisform auf weißem Grund. Links ist das Segment gelbgrün, rechts orange-rot.","Zwei große farbige Ringsegmente bilden eine fast geschlossene Kreisform auf weißem Grund. Das linke Segment wirkt etwas gelblicher, das rechte etwas stärker rot-orange.","Zwei farbige Ringsegmente bilden eine offene Kreisform, aber links ist das Segment rot-orange und rechts gelbgrün. Die Öffnung liegt deutlich unten.","Two large colored ring segments form an almost closed circular shape on a white ground. The left segment is yellow-green, the right one orange-red.","Two large colored ring segments form an almost closed circular shape on a white ground. The left segment appears slightly more yellow, while the right one appears more strongly red-orange.","Two colored ring segments form an open circular shape, but the left segment is red-orange and the right one yellow-green. The opening lies clearly at the bottom.",image_type=minimalism; source=direct_image_inspection; language=de; fit_levels=high_partial_low; prompt_repair_visual_form_human_style_2026-05-19; semi_congruent_tightened_near_miss_2026-05-19; incongruent_repaired_same_domain_far_near_miss_2026-05-19; congruency_spread_balance_checked_2026-05-19,False
049,049.jpg,candidate_044_realism_landscape_with_a_flowerbed_1917.jpg,candidate_images/chosen/candidate_044_realism_landscape_with_a_flowerbed_1917.jpg,realism,"Ein heller Garten mit Blumenbeet liegt zwischen grünen Bäumen. Helle Wege, viele kleine Blüten und gelbe Bäume füllen die mittlere Tiefe.",Ein heller Garten mit Blumenbeet liegt zwischen grünen Bäumen. Die hellen Wege wirken breiter und führen stärker zur rechten Seite in die Tiefe.,"Ein heller Garten mit Blumenbeet liegt zwischen grünen Bäumen, aber die Wege laufen seitlich aus dem Bild. Die gelben Bäume stehen vorn statt in der mittleren Tiefe.","A bright garden with a flower bed lies between green trees. Pale paths, many small blossoms, and yellow trees fill the middle depth.",A bright garden with a flower bed lies between green trees. The pale paths appear wider and lead more strongly toward the right side into depth.,"A bright garden with a flower bed lies between green trees, but the paths run sideways out of the image. The yellow trees stand in front rather than in the middle depth.",image_type=realism; source=chosen_candidate_direct_image_inspection; language=de; fit_levels=high_partial_low; prompt_repair_visual_form_human_style_2026-05-19; semi_congruent_tightened_near_miss_2026-05-19; incongruent_repaired_same_domain_far_near_miss_2026-05-19; congruency_spread_balance_checked_2026-05-19,False
050,050.jpg,a_panic_in_the_middle_ages_0264.jpg,surrealism/a_panic_in_the_middle_ages_0264.jpg,surrealism,Mehrere weiß gekleidete Figuren verrenken sich in einem Raum mit rotem Rahmen und dunklem Boden. Die Körper liegen diagonal und wirken in Bewegung.,"Mehrere weiß gekleidete Figuren bewegen sich in einem Raum mit rotem Rahmen. Die Körper wirken stärker waagrecht angeordnet, und der dunkle Boden nimmt mehr Platz ein.",Mehrere weiß gekleidete Figuren bewegen sich in einem Raum mit blauem Rahmen und hellem Boden. Die Körper stehen aufrechter und bilden eine enge Gruppe in der Mitte.,Several white-clothed figures twist inside a room with a red frame and dark floor. The bodies lie diagonally and appear in motion.,"Several white-clothed figures move inside a room with a red frame. The bodies appear more horizontally arranged, and the dark floor takes up more space.",Several white-clothed figures move inside a room with a blue frame and pale floor. The bodies stand more upright and form a tight group in the center.,image_type=surrealism; source=direct_image_inspection; language=de; fit_levels=high_partial_low; prompt_repair_visual_form_human_style_2026-05-19; semi_congruent_tightened_near_miss_2026-05-19; incongruent_repaired_same_domain_far_near_miss_2026-05-19; congruency_spread_balance_checked_2026-05-19,False
051,051.jpg,candidate_050_impressionism_the_blue_vase.jpg,candidate_images/chosen/candidate_050_impressionism_the_blue_vase.jpg,impressionism,"Eine helle blau-weiße Vase steht auf einem braunen Tisch, darin gelbe und rosa Blüten. Rechts unten liegt eine helle runde Frucht oder Blüte auf dem Tisch.","Eine helle blau-weiße Vase steht auf braunem Tisch vor grauem Hintergrund. Die gelbe Blüte wirkt etwas links versetzt, und die helle runde Form unten liegt näher an der Mitte.","Eine helle Vase steht auf braunem Tisch vor grauem Hintergrund, aber die Blüten sind vor allem rot und weiß. Die runde Form liegt links unten auf dem Tisch.","A pale blue-white vase stands on a brown table, holding yellow and pink blossoms. At the lower right, a pale round fruit or blossom lies on the table.","A pale blue-white vase stands on a brown table before a gray background. The yellow blossom appears slightly shifted left, and the pale round form below lies closer to the center.","A pale vase stands on a brown table before a gray background, but the blossoms are mostly red and white. The round form lies at the lower left on the table.",image_type=impressionism; source=chosen_candidate_direct_image_inspection; language=de; fit_levels=high_partial_low; prompt_repair_visual_form_human_style_2026-05-19; semi_congruent_tightened_near_miss_2026-05-19; incongruent_repaired_same_domain_far_near_miss_2026-05-19; congruency_spread_balance_checked_2026-05-19,False
052,052.jpg,before_the_snow_0016.jpg,surrealism/before_the_snow_0016.jpg,surrealism,"Eine helle rosa Blütenform liegt zentral vor dunklem Hintergrund, weitere rosa Blattformen schweben rechts oben. Eine waagrechte rote Linie zieht durch den unteren Bereich.","Pinke Blüten- oder Blattformen leuchten vor dunklem Feld. Die größte helle Form sitzt klar rechts der Mitte, und die rote Linie liegt etwas höher.","Eine rosa Blütenform liegt rechts vor dunklem Hintergrund, weitere Blätter schweben links oben. Die rote Linie zieht höher und leicht schräg durch das Bild.","A pale pink flower form lies centrally before a dark background, with additional pink leaf forms floating at the upper right. A horizontal red line runs through the lower area.","Pink flower or leaf forms glow before a dark field. The largest pale form sits clearly to the right of center, and the red line lies slightly higher.","A pink flower form lies on the right before a dark background, with further leaves floating at the upper left. The red line runs higher and slightly diagonally through the image.",image_type=surrealism; source=direct_image_inspection; language=de; fit_levels=high_partial_low; prompt_repair_visual_form_human_style_2026-05-19; semi_congruent_tightened_near_miss_2026-05-19; incongruent_repaired_same_domain_far_near_miss_2026-05-19; congruency_spread_balance_checked_2026-05-19,False
053,053.jpg,checkmate_0209.jpg,surrealism/checkmate_0209.jpg,surrealism,Ein Frauenkopf mit geschlossenen Augen sitzt in einem perspektivischen Raum mit schwarz-weißem Schachboden. Links oben hängt eine kleine helle Form an einer Schnur.,Ein Frauenkopf mit geschlossenen Augen sitzt in einem perspektivischen Raum mit Schachboden. Die kleine hängende helle Form erscheint rechts oben statt links oben.,Ein Frauenkopf mit offenen Augen sitzt in einem perspektivischen Raum mit dunklem Boden. Die kleine hängende Form erscheint rechts oben und größer.,"A woman's head with closed eyes sits in a perspective room with a black-and-white checkerboard floor. At the upper left, a small pale form hangs from a string.",A woman’s head with closed eyes sits inside a perspective room with a checkerboard floor. The small hanging pale form appears at the upper right rather than the upper left.,A woman’s head with open eyes sits in a perspective room with a dark floor. The small hanging form appears at the upper right and larger.,image_type=surrealism; source=direct_image_inspection; language=de; fit_levels=high_partial_low; prompt_repair_visual_form_human_style_2026-05-19; semi_congruent_tightened_near_miss_2026-05-19; incongruent_repaired_same_domain_far_near_miss_2026-05-19; congruency_spread_balance_checked_2026-05-19,False
054,054.jpg,composition_0297.jpg,surrealism/composition_0297.jpg,surrealism,"Auf blauem Grund liegen eine schwarze schräge Rechteckform, eine weiße vogelartige Form und gelb-schwarze Flächen. Die Elemente schweben lose im Bildraum.","Mehrere isolierte Formen schweben auf blauem Grund. Der schwarze schräge Block wirkt eher rechts unten, und die weiße vogelartige Form liegt näher an der Mitte.","Auf blauem Grund schweben schwarze, weiße und gelbe Formen, aber die schwarze Rechteckform steht senkrecht rechts. Die weiße vogelartige Form liegt tief links.","On a blue ground lie a black slanted rectangular form, a white bird-like form, and yellow-black areas. The elements float loosely in the pictorial space.","Several isolated forms float on a blue ground. The black slanted block appears more at the lower right, and the white bird-like form lies closer to the center.","On a blue ground, black, white, and yellow forms float, but the black rectangular form stands vertically on the right. The white bird-like form lies low on the left.",image_type=surrealism; source=direct_image_inspection; language=de; fit_levels=high_partial_low; prompt_repair_visual_form_human_style_2026-05-19; semi_congruent_tightened_near_miss_2026-05-19; incongruent_repaired_same_domain_far_near_miss_2026-05-19; congruency_spread_balance_checked_2026-05-19,False
055,055.jpg,dance_0182.jpg,surrealism/dance_0182.jpg,surrealism,"Eine vereinfachte bunte Tier- oder Körperform steht vor ockerfarbenem Grund. Blaue, rote, gelbe und schwarze Flächen bilden einen geschwungenen zentralen Körper.","Eine bunte organische Tier- oder Körperform steht vor ockerfarbenem Grund. Der blaue Bereich bleibt oben, wirkt aber kleiner, während rote und gelbe Flächen stärker in die Mitte rücken.","Eine bunte geschwungene Körperform steht vor ockerfarbenem Grund, aber der blaue Bereich liegt unten. Rote und gelbe Flächen bilden einen schweren oberen Körper.","A simplified colorful animal- or body-like form stands before an ocher ground. Blue, red, yellow, and black areas build a curved central body.","A colorful organic animal- or body-like form stands before an ocher ground. The blue area remains at the top but appears smaller, while red and yellow areas move more strongly into the center.","A colorful curved body form stands before an ocher ground, but the blue area lies at the bottom. Red and yellow areas build a heavy upper body.",image_type=surrealism; source=direct_image_inspection; language=de; fit_levels=high_partial_low; prompt_repair_visual_form_human_style_2026-05-19; semi_congruent_tightened_near_miss_2026-05-19; incongruent_repaired_same_domain_far_near_miss_2026-05-19; congruency_spread_balance_checked_2026-05-19,False
056,056.jpg,eve_the_only_one_left_to_us_0171.jpg,surrealism/eve_the_only_one_left_to_us_0171.jpg,surrealism,"Eine helle, zottige kopfartige Form steht auf einem schmalen Hals vor dunklem braunem Hintergrund. Rechts begrenzt eine helle strukturierte Wandkante den Raum.",Eine helle zottige Kopfform steht auf schmalem Hals vor dunklem braunem Grund. Die helle Wandkante wirkt links statt rechts und rahmt die Form von der anderen Seite.,Eine helle zottige Kopfform steht auf einem breiten dunklen Hals vor braunem Hintergrund. Die helle Wandkante liegt links und nimmt viel Raum ein.,"A pale shaggy head-like form stands on a narrow neck before a dark brown background. On the right, a pale textured wall edge limits the space.",A pale shaggy head-like form stands on a narrow neck before a dark brown ground. The pale wall edge appears on the left rather than the right and frames the form from the other side.,A pale shaggy head-like form stands on a broad dark neck before a brown background. The pale wall edge lies on the left and takes up much space.,image_type=surrealism; source=direct_image_inspection; language=de; fit_levels=high_partial_low; prompt_repair_visual_form_human_style_2026-05-19; semi_congruent_tightened_near_miss_2026-05-19; incongruent_repaired_same_domain_far_near_miss_2026-05-19; congruency_spread_balance_checked_2026-05-19,False
057,057.jpg,candidate_061_expressionism_still_life_with_sunflower_1931.jpg,candidate_images/chosen/candidate_061_expressionism_still_life_with_sunflower_1931.jpg,expressionism,"Eine große gelbe Sonnenblume steht in einer hellen Vase vor grauem Hintergrund. Dunkle grüne Blätter rahmen die Blüte seitlich, unten liegt ein schmaler gelber Tischrand.","Eine große gelbe Sonnenblume steht in einer hellen Vase vor grauem Hintergrund. Die Blüte wirkt etwas höher und nach rechts versetzt, mit weniger dunklen Blättern an den Seiten.","Eine große gelbe Blume steht in einer dunklen Vase vor graubraunem Hintergrund. Die Blüte sitzt seitlich links, und die grünen Blätter bilden eine dichte Masse rechts.","A large yellow sunflower stands in a pale vase before a gray background. Dark green leaves frame the blossom on the sides, and a narrow yellow table edge lies below.","A large yellow sunflower stands in a pale vase before a gray background. The blossom appears slightly higher and shifted to the right, with fewer dark leaves at the sides.","A large yellow flower stands in a dark vase before a gray-brown background. The blossom sits off to the left, and the green leaves form a dense mass on the right.",image_type=expressionism; source=chosen_candidate_direct_image_inspection; language=de; fit_levels=high_partial_low; prompt_repair_visual_form_human_style_2026-05-19; semi_congruent_tightened_near_miss_2026-05-19; incongruent_repaired_same_domain_far_near_miss_2026-05-19; congruency_spread_balance_checked_2026-05-19,False
058,058.jpg,habitantes_del_silencio_2_0139.jpg,surrealism/habitantes_del_silencio_2_0139.jpg,surrealism,"Eine dunkle Tier- oder Fellform liegt auf blauem Grund, darin leuchten orangebraune und weiße kleine Formen. Die Mitte wirkt dicht und organisch.",Eine dunkle organische Tier- oder Fellform liegt auf blauem Grund. Die warmen orangebraunen Akzente sammeln sich eher am Rand als in der dichten Mitte.,"Eine dunkle organische Fellform liegt auf blauem Grund, aber die Mitte bleibt offen und hell. Die orangebraunen Akzente sitzen außen wie ein lockerer Rand.","A dark animal- or fur-like form lies on a blue ground, containing glowing orange-brown and small white forms. The center feels dense and organic.",A dark organic animal- or fur-like form lies on a blue ground. The warm orange-brown accents gather more around the edge than in the dense center.,"A dark organic fur-like form lies on a blue ground, but the center remains open and pale. The orange-brown accents sit outside like a loose rim.",image_type=surrealism; source=direct_image_inspection; language=de; fit_levels=high_partial_low; prompt_repair_visual_form_human_style_2026-05-19; semi_congruent_tightened_near_miss_2026-05-19; incongruent_repaired_same_domain_far_near_miss_2026-05-19; congruency_spread_balance_checked_2026-05-19,False
059,059.jpg,candidate_063_expressionism_still_life_1964.jpg,candidate_images/chosen/candidate_063_expressionism_still_life_1964.jpg,expressionism,"Ein Stillleben mit schwarzer Flasche, Kanne, Tassen und Schale steht vor orangefarbenem Holzgrund. Die Gegenstände liegen auf einer hellen Tischfläche mit dunklen Konturen.","Ein Stillleben mit schwarzer Flasche, Kanne und Tassen steht vor orangefarbenem Holzgrund. Die dunkle Flasche wirkt eher rechts, und die Schale liegt näher am linken Rand.","Ein Stillleben mit dunkler Flasche, Kanne und Tassen steht vor orangefarbenem Holzgrund, aber die Objekte liegen weit auseinander. Die Tischfläche wirkt dunkel und schräg.","A still life with a black bottle, pot, cups, and bowl stands before an orange wooden ground. The objects lie on a pale tabletop with dark contours.","A still life with black bottle, pot, and cups stands before an orange wooden ground. The dark bottle appears more to the right, and the bowl lies closer to the left edge.","A still life with dark bottle, pot, and cups stands before orange wood, but the objects lie far apart. The tabletop appears dark and slanted.",image_type=expressionism; source=chosen_candidate_direct_image_inspection; language=de; fit_levels=high_partial_low; prompt_repair_visual_form_human_style_2026-05-19; semi_congruent_tightened_near_miss_2026-05-19; incongruent_repaired_same_domain_far_near_miss_2026-05-19; congruency_spread_balance_checked_2026-05-19,False
060,060.jpg,leaf_customs_0172.jpg,surrealism/leaf_customs_0172.jpg,surrealism,Ein langes helles Blatt oder eine Feder steht senkrecht auf grünlich-grauem Grund. Feine dunkle Linien teilen die Form entlang einer Mittelachse.,"Ein langes helles Blatt oder eine Feder steht senkrecht auf gedämpftem Grund. Die Mittelrippe wirkt leicht nach rechts gebogen, und die Form endet oben spitzer.","Ein langes helles Blatt oder eine Feder steht schräg auf grünlich-grauem Grund. Die dunkle Mittelachse liegt seitlich, und die Form ist oben breit abgerundet.",A long pale leaf or feather stands vertically on a greenish-gray ground. Fine dark lines divide the form along a central axis.,"A long pale leaf or feather stands vertically on a muted ground. The central rib appears slightly bent to the right, and the form ends more sharply at the top.","A long pale leaf or feather stands diagonally on a greenish-gray ground. The dark central axis lies off to the side, and the form is broadly rounded at the top.",image_type=surrealism; source=direct_image_inspection; language=de; fit_levels=high_partial_low; prompt_repair_visual_form_human_style_2026-05-19; semi_congruent_tightened_near_miss_2026-05-19; incongruent_repaired_same_domain_far_near_miss_2026-05-19; congruency_spread_balance_checked_2026-05-19,False
061,061.jpg,one_night_museum_0269.jpg,surrealism/one_night_museum_0269.jpg,surrealism,"Vier Kastenfelder zeigen oben eine Hand und ein rundes Objekt, unten einen Schuh und ein rosa Feld mit schwarzen Zeichen und Gesicht. Die Komposition ist streng in Rechtecke geteilt.","Vier Kastenfelder ordnen einzelne Objekte streng in Rechtecke. Die Hand wirkt unten links, der Schuh oben rechts, und das rosa Musterfeld sitzt unten rechts.","Vier Kastenfelder zeigen einzelne Objekte, aber die Hand sitzt unten und der Schuh oben. Das rosa Zeichenfeld ist hell und fast leer.","Four box-like compartments show a hand and round object above, a shoe and a pink field with black signs and a face below. The composition is strictly divided into rectangles.","Four box-like compartments arrange separate objects strictly into rectangles. The hand appears at the lower left, the shoe at the upper right, and the pink patterned field sits at the lower right.","Four box-like compartments show separate objects, but the hand sits below and the shoe above. The pink sign field is pale and almost empty.",image_type=surrealism; source=direct_image_inspection; language=de; fit_levels=high_partial_low; prompt_repair_visual_form_human_style_2026-05-19; semi_congruent_tightened_near_miss_2026-05-19; incongruent_repaired_same_domain_far_near_miss_2026-05-19; congruency_spread_balance_checked_2026-05-19,False
062,062.jpg,pieta_revolution_by_night_0080.jpg,surrealism/pieta_revolution_by_night_0080.jpg,surrealism,"Zwei Figuren sitzen oder stehen in einem braunen Innenraum; links eine helle Figur mit roter Hose, rechts eine dunkle Figur mit Hut. Eine kleine weiße Form liegt rechts in der Luft.","Zwei Figuren stehen oder sitzen in einem braunen Innenraum. Die rote Hose wirkt an der rechten Figur, und die kleine weiße Form schwebt eher links im Raum.","Zwei Figuren stehen in einem braunen Innenraum, aber die helle Figur mit roter Hose sitzt rechts und die dunkle Figur mit Hut links. Die weiße Form schwebt links oben.","Two figures sit or stand in a brown interior; on the left a pale figure with red trousers, on the right a dark figure with a hat. A small white form floats at the right.","Two figures stand or sit in a brown interior. The red trousers appear on the right figure, and the small white form floats more to the left in the room.","Two figures stand in a brown interior, but the pale figure with red trousers sits on the right and the dark figure with a hat on the left. The white form floats at the upper left.",image_type=surrealism; source=direct_image_inspection; language=de; fit_levels=high_partial_low; prompt_repair_visual_form_human_style_2026-05-19; semi_congruent_tightened_near_miss_2026-05-19; incongruent_repaired_same_domain_far_near_miss_2026-05-19; congruency_spread_balance_checked_2026-05-19,False
063,063.jpg,popular_panorama_0214.jpg,surrealism/popular_panorama_0214.jpg,surrealism,"Eine winterliche Landschaft zeigt dunkle Baumreihen, ein weißes Haus unten rechts und Berge unter grauem Himmel. Helle Straßen oder Dächer führen in die Tiefe.","Eine winterliche Landschaft zeigt Baumreihen, Berge und ein weißes Haus unten rechts. Die hellen Wege wirken etwas breiter und führen stärker zur rechten Bildtiefe.","Eine winterliche Landschaft zeigt Baumreihen, ein weißes Haus und Berge, aber das Haus liegt unten links. Die hellen Wege führen waagrecht statt tief in den Raum.","A wintry landscape shows dark rows of trees, a white house at the lower right, and mountains under a gray sky. Pale roads or roofs lead into depth.","A wintry landscape shows rows of trees, mountains, and a white house at the lower right. The pale paths appear slightly wider and lead more strongly toward the right depth of the image.","A wintry landscape shows rows of trees, a white house, and mountains, but the house lies at the lower left. The pale paths run horizontally rather than deep into space.",image_type=surrealism; source=direct_image_inspection; language=de; fit_levels=high_partial_low; prompt_repair_visual_form_human_style_2026-05-19; semi_congruent_tightened_near_miss_2026-05-19; incongruent_repaired_same_domain_far_near_miss_2026-05-19; congruency_spread_balance_checked_2026-05-19,False
064,064.jpg,smoker_head_0164.jpg,surrealism/smoker_head_0164.jpg,surrealism,"Eine helle stilisierte Vogelform oder Kopf-Hals-Form steht vor blauem Grund. Gelbe, rote und schwarze Formen liegen seitlich und im unteren Körperbereich.","Eine helle stilisierte Vogel- oder Kopf-Hals-Form steht vor blauem Grund. Die gelben und roten Akzente bleiben seitlich am Körper, wirken aber etwas höher und dichter zusammen.","Eine helle stilisierte Vogel- oder Kopf-Hals-Form steht vor blauem Grund, aber die Form ist kurz und breit. Gelbe und rote Akzente sitzen oben statt seitlich unten.","A pale stylized bird-like or head-and-neck form stands before a blue ground. Yellow, red, and black shapes sit along the side and lower body.",A pale stylized bird- or head-and-neck form stands before a blue ground. The yellow and red accents remain along the side of the body but appear slightly higher and more tightly grouped.,"A pale stylized bird- or head-and-neck form stands before a blue ground, but the form is short and broad. Yellow and red accents sit at the top rather than along the lower side.",image_type=surrealism; source=direct_image_inspection; language=de; fit_levels=high_partial_low; prompt_repair_visual_form_human_style_2026-05-19; semi_congruent_tightened_near_miss_2026-05-19; incongruent_repaired_same_domain_far_near_miss_2026-05-19; congruency_spread_balance_checked_2026-05-19,False
065,065.jpg,stilleben_med_fisk_0250.jpg,surrealism/stilleben_med_fisk_0250.jpg,surrealism,"Ein Stillleben zeigt zwei Fische vor einem großen braunen Teller, einer Flasche, Früchten und einem Fenster mit Strand und Wolke. Die Objekte liegen dicht auf einem blauen Tisch.","Ein Stillleben mit Fischen, Teller, Flasche und Fenster liegt auf einem blauen Tisch. Das Fenster wirkt eher rechts hinten, und die Fische liegen stärker parallel nebeneinander.","Ein Stillleben zeigt zwei Fische, Teller, Flasche und Fenster, aber die Fische liegen seitlich auseinander. Das Fenster sitzt rechts hinten, und der Tisch wirkt grün statt blau.","A still life shows two fish before a large brown plate, a bottle, fruit, and a window with beach and cloud. The objects lie densely on a blue table.","A still life with fish, plate, bottle, and window lies on a blue table. The window appears more at the back right, and the fish lie more parallel beside each other.","A still life shows two fish, plate, bottle, and window, but the fish lie apart to the sides. The window sits at the back right, and the table appears green rather than blue.",image_type=surrealism; source=direct_image_inspection; language=de; fit_levels=high_partial_low; prompt_repair_visual_form_human_style_2026-05-19; semi_congruent_tightened_near_miss_2026-05-19; incongruent_repaired_same_domain_far_near_miss_2026-05-19; congruency_spread_balance_checked_2026-05-19,False
066,066.jpg,the_4th_day_of_the_creation_0204.jpg,surrealism/the_4th_day_of_the_creation_0204.jpg,surrealism,Eine schwarz-weiße Landschaft zeigt strahlenförmiges Licht links oben und einen kleineren Himmelskörper rechts. Darunter liegen viele spitze bergartige Formen.,"Eine schwarz-weiße Landschaft zeigt strahlenförmiges Licht und gezackte Bergformen. Der größte Lichtpunkt wirkt rechts oben, während kleinere Strahlen links bleiben.",Eine schwarz-weiße Landschaft zeigt strahlenförmiges Licht rechts oben und einen kleineren Himmelskörper links. Die spitzen Bergformen liegen flacher und dichter am unteren Rand.,A black-and-white landscape shows radiating light at the upper left and a smaller celestial body on the right. Many pointed mountain-like forms lie below.,"A black-and-white landscape shows radiating light and jagged mountain forms. The largest light point appears at the upper right, while smaller rays remain on the left.",A black-and-white landscape shows radiating light at the upper right and a smaller celestial body on the left. The pointed mountain forms lie flatter and closer to the lower edge.,image_type=surrealism; source=direct_image_inspection; language=de; fit_levels=high_partial_low; prompt_repair_visual_form_human_style_2026-05-19; semi_congruent_tightened_near_miss_2026-05-19; incongruent_repaired_same_domain_far_near_miss_2026-05-19; congruency_spread_balance_checked_2026-05-19,False
067,067.jpg,the_beneficial_promise_0270.jpg,surrealism/the_beneficial_promise_0270.jpg,surrealism,"Ein gelber Kopf mit gefalteten Händen liegt unten in einem gelben Feld, darüber erscheint ein dunkles rundes Fenster mit Frauenprofil. Ein heller Kreis rahmt den Kopf im Fenster.","Ein gelber Kopf mit gefalteten Händen liegt in einem gelben Feld, darüber ein dunkles rundes Porträtfenster. Das Fenster wirkt etwas links versetzt und näher am unteren Kopf.","Ein gelber Kopf mit gefalteten Händen liegt in einem gelben Feld, aber das runde Porträtfenster sitzt links unten. Der helle Kreis rahmt eher die Hände als den Kopf.","A yellow head with folded hands lies below in a yellow field, while above it a dark round window contains a woman's profile. A pale circle frames the head in the window.","A yellow head with folded hands lies in a yellow field, with a dark round portrait window above. The window appears slightly shifted left and closer to the lower head.","A yellow head with folded hands lies in a yellow field, but the round portrait window sits at the lower left. The pale circle frames the hands more than the head.",image_type=surrealism; source=direct_image_inspection; language=de; fit_levels=high_partial_low; prompt_repair_visual_form_human_style_2026-05-19; semi_congruent_tightened_near_miss_2026-05-19; incongruent_repaired_same_domain_far_near_miss_2026-05-19; congruency_spread_balance_checked_2026-05-19,False
068,068.jpg,the_birth_of_idol_0215.jpg,surrealism/the_birth_of_idol_0215.jpg,surrealism,Ein surrealer Innenraum zeigt rechts eine weiße schachfigurartige Form und links ein Bett oder Tisch unter dunklem stürmischem Himmel. Rosa und grüne Flächen teilen den Boden.,"Ein surrealer Innenraum zeigt rechts eine hohe weiße Figur und links ein helles Bett oder Tisch unter dunklem Himmel. Die weiße Figur wirkt etwas näher an der Mitte, und der Boden ist weniger klar grün-rosa geteilt.",Ein surrealer Innenraum zeigt eine weiße schachfigurartige Form links und ein helles Bett oder Tisch rechts. Der Boden ist blau und rosa geteilt unter ruhigem dunklem Himmel.,A surreal interior shows a white chess-piece-like form on the right and a bed or table on the left under a dark stormy sky. Pink and green areas divide the floor.,"A surreal interior shows a tall white figure on the right and a pale bed or table on the left under a dark sky. The white figure appears slightly closer to the center, and the floor is less clearly divided into green and pink.",A surreal interior shows a white chess-piece-like form on the left and a pale bed or table on the right. The floor is divided blue and pink under a quiet dark sky.,image_type=surrealism; source=direct_image_inspection; language=de; fit_levels=high_partial_low; prompt_repair_visual_form_human_style_2026-05-19; semi_congruent_tightened_near_miss_2026-05-19; incongruent_repaired_same_domain_far_near_miss_2026-05-19; congruency_spread_balance_checked_2026-05-19,False
069,069.jpg,the_carbide_lamp_0072.jpg,surrealism/the_carbide_lamp_0072.jpg,surrealism,"Eine braune Lampe oder Kanne steht links auf gelbem Tisch, rechts schneidet ein schwarzer Stuhlbogen ins Bild. Unten links liegt ein kleiner roter runder Akzent.","Eine braune Lampe oder Kanne steht auf gelbem Tisch, daneben ein schwarzer gebogener Stuhlteil. Die Lampe wirkt näher an der Mitte, und der rote Akzent sitzt rechts unten.","Eine braune Lampe oder Kanne steht rechts auf gelbem Tisch, links schneidet ein schwarzer Stuhlbogen ins Bild. Der rote runde Akzent liegt unten rechts.","A brown lamp or pot stands on the left on a yellow table, while a black chair arc cuts into the image on the right. A small red round accent lies at the lower left.","A brown lamp or pot stands on a yellow table beside a black curved chair part. The lamp appears closer to the center, and the red accent sits at the lower right.","A brown lamp or pot stands on the right on a yellow table, while a black chair arc cuts in from the left. The small red round accent lies at the lower right.",image_type=surrealism; source=direct_image_inspection; language=de; fit_levels=high_partial_low; prompt_repair_visual_form_human_style_2026-05-19; semi_congruent_tightened_near_miss_2026-05-19; incongruent_repaired_same_domain_far_near_miss_2026-05-19; congruency_spread_balance_checked_2026-05-19,False
070,070.jpg,the_conqueror_0217.jpg,surrealism/the_conqueror_0217.jpg,surrealism,Eine zentrale Holzplatte mit schwarzen Zeichen steht vor roten und schwarzen Farbbändern und weißen welligen Formen. Oben links greift eine grüne Handform ins Bild.,"Eine zentrale Holzplatte mit schwarzen Zeichen steht zwischen roten, schwarzen und weißen welligen Formen. Die grüne Handform wirkt rechts oben statt links oben.","Eine zentrale Holzplatte mit schwarzen Zeichen steht vor roten und schwarzen Farbbändern, aber die weißen Wellen liegen unten. Die grüne Handform greift von rechts oben ins Bild.","A central wooden panel with black signs stands before red and black color bands and white wavy forms. At the upper left, a green hand-like form reaches into the image.","A central wooden panel with black signs stands between red, black, and white wavy forms. The green hand-like form appears at the upper right rather than the upper left.","A central wooden panel with black signs stands before red and black color bands, but the white waves lie at the bottom. The green hand-like form reaches in from the upper right.",image_type=surrealism; source=direct_image_inspection; language=de; fit_levels=high_partial_low; prompt_repair_visual_form_human_style_2026-05-19; semi_congruent_tightened_near_miss_2026-05-19; incongruent_repaired_same_domain_far_near_miss_2026-05-19; congruency_spread_balance_checked_2026-05-19,False
071,071.jpg,the_sculpture_0156.jpg,surrealism/the_sculpture_0156.jpg,surrealism,"Eine Frau in gelbem Kleid sitzt rechts neben einem kleinen weißen Kind oder einer Puppe auf einem roten Ständer. Rote, weiße und schwarze Flächen bilden einen flachen Innenraum.","Eine Frau in gelbem Kleid sitzt rechts neben einer kleinen weißen Figur auf einem roten Ständer. Die große Figur wirkt etwas näher an der Mitte, und die roten Raumlinien treten stärker hervor.","Eine Frau in gelbem Kleid sitzt links neben einer kleinen weißen Figur auf einem roten Ständer. Die roten, weißen und schwarzen Flächen bilden einen höheren, engeren Raum.","A woman in a yellow dress sits on the right beside a small white child or doll on a red stand. Red, white, and black areas form a flat interior.","A woman in a yellow dress sits on the right beside a small white figure on a red stand. The large figure appears slightly closer to the center, and the red room lines stand out more strongly.","A woman in a yellow dress sits on the left beside a small white figure on a red stand. The red, white, and black areas form a taller, tighter room.",image_type=surrealism; source=direct_image_inspection; language=de; fit_levels=high_partial_low; prompt_repair_visual_form_human_style_2026-05-19; semi_congruent_tightened_near_miss_2026-05-19; incongruent_repaired_same_domain_far_near_miss_2026-05-19; congruency_spread_balance_checked_2026-05-19,False
072,072.jpg,christ_in_the_sepulchre_0090.jpg,symbolism/christ_in_the_sepulchre_0090.jpg,symbolism,Eine helle symmetrische flammen- oder blütenartige Form leuchtet vor dunklem dreieckigem Raum. Die Form öffnet sich oben und läuft unten schmal zusammen.,"Eine helle symmetrische flammen- oder blütenartige Form steht vor dunklem Raum. Die obere Öffnung wirkt etwas schmaler, und die Form läuft unten weniger spitz zusammen.","Eine helle symmetrische flammen- oder blütenartige Form leuchtet vor dunklem Raum, aber sie öffnet sich unten breit und bleibt oben schmal. Der dunkle Raum wirkt rund statt dreieckig.",A pale symmetrical flame- or blossom-like form glows before a dark triangular space. The form opens at the top and narrows downward.,"A pale symmetrical flame- or blossom-like form stands before a dark space. The upper opening appears slightly narrower, and the form tapers less sharply at the bottom.","A pale symmetrical flame- or blossom-like form glows before a dark space, but it opens broadly at the bottom and stays narrow above. The dark space feels round rather than triangular.",image_type=symbolism; source=direct_image_inspection; language=de; fit_levels=high_partial_low; prompt_repair_visual_form_human_style_2026-05-19; semi_congruent_tightened_near_miss_2026-05-19; incongruent_repaired_same_domain_far_near_miss_2026-05-19; congruency_spread_balance_checked_2026-05-19,False
073,073.jpg,death_of_sappho_0222.jpg,symbolism/death_of_sappho_0222.jpg,symbolism,Eine dunkle Felslandschaft mit Wasser und Wolken füllt das Bild. Links unten und in der Mitte liegen helle Wasser- oder Lichtflächen zwischen braunen Felsen.,Eine dunkle Felslandschaft mit Wasser und Wolken füllt das Bild. Die hellen Wasserstellen wirken stärker rechts unten konzentriert statt links unten und mittig.,"Eine dunkle Felslandschaft mit Wasser und Wolken füllt das Bild, aber die hellen Wasserflächen liegen rechts oben. Die braunen Felsen schließen den unteren Rand fast vollständig.","A dark rocky landscape with water and clouds fills the image. At the lower left and center, pale water or light areas sit between brown rocks.",A dark rocky landscape with water and clouds fills the image. The pale water areas appear more concentrated at the lower right rather than at the lower left and center.,"A dark rocky landscape with water and clouds fills the image, but the pale water areas lie at the upper right. The brown rocks almost fully close the lower edge.",image_type=symbolism; source=direct_image_inspection; language=de; fit_levels=high_partial_low; prompt_repair_visual_form_human_style_2026-05-19; semi_congruent_tightened_near_miss_2026-05-19; incongruent_repaired_same_domain_far_near_miss_2026-05-19; congruency_spread_balance_checked_2026-05-19,False
074,074.jpg,evacuation_of_an_island_0230.jpg,symbolism/evacuation_of_an_island_0230.jpg,symbolism,"Schwarze Pinselstriche liegen auf grauem Grund und ziehen schräg von links nach rechts. Die Formen wirken schnell, rau und teilweise verwischt.","Schwarze Pinselstriche liegen auf grauem Grund und ziehen schräg durch das Bild. Die stärkste schwarze Masse sitzt eher rechts der Mitte, und die Striche laufen steiler.","Schwarze Pinselstriche liegen auf grauem Grund, aber sie laufen steil von rechts oben nach links unten. Die stärkste schwarze Masse sitzt rechts unten.","Black brushstrokes lie on a gray ground and move diagonally from left to right. The forms feel fast, rough, and partly blurred.","Black brushstrokes lie on a gray ground and move diagonally through the image. The strongest black mass sits more to the right of center, and the strokes run more steeply.","Black brushstrokes lie on a gray ground, but they run steeply from upper right to lower left. The strongest black mass sits at the lower right.",image_type=symbolism; source=direct_image_inspection; language=de; fit_levels=high_partial_low; prompt_repair_visual_form_human_style_2026-05-19; semi_congruent_tightened_near_miss_2026-05-19; incongruent_repaired_same_domain_far_near_miss_2026-05-19; congruency_spread_balance_checked_2026-05-19,False
075,075.jpg,head_of_old_woman_from_antwerp_0263.jpg,symbolism/head_of_old_woman_from_antwerp_0263.jpg,symbolism,"Eine alte Frau mit Kopftuch sitzt seitlich in einem dunklen Innenraum. Helle Tücher, Gesicht und Hände heben sich von den grauen und braunen Flächen ab.","Ein sitzendes Porträt zeigt eine alte Frau mit Kopftuch in gedämpften Farben. Die Figur bleibt seitlich gedreht, aber Gesicht und Hände wirken etwas heller und stärker gesammelt.","Eine alte Frau mit Kopftuch sitzt frontal in einem dunklen Innenraum. Die hellen Tücher rahmen vor allem den Kopf, während die Hände tief im Schatten liegen.","An old woman with a headscarf sits sideways in a dark interior. Pale cloths, face, and hands stand out from the gray and brown areas.","A seated portrait shows an old woman with a headscarf in muted colors. The figure remains turned sideways, but face and hands appear slightly brighter and more tightly grouped.","An old woman with a headscarf sits frontally in a dark interior. The pale cloths mainly frame the head, while the hands lie deep in shadow.",image_type=symbolism; source=direct_image_inspection; language=de; fit_levels=high_partial_low; prompt_repair_visual_form_human_style_2026-05-19; semi_congruent_tightened_near_miss_2026-05-19; incongruent_repaired_same_domain_far_near_miss_2026-05-19; congruency_spread_balance_checked_2026-05-19,False
076,076.jpg,illustration_to_milton_s_comus_0060.jpg,symbolism/illustration_to_milton_s_comus_0060.jpg,symbolism,"Zwei stehende Figuren erscheinen in einer hellen biblischen oder symbolischen Szene; eine sitzt oder kniet links, eine helle Gestalt steht rechts. Blaue und helle Linien bestimmen den Hintergrund.","Eine symbolische Figurenszene zeigt eine niedrigere Figur links und eine hohe helle Figur rechts. Die hohe Figur wirkt näher an der Mitte, und der Hintergrund erscheint weniger blau.","Zwei stehende Figuren erscheinen in einer hellen symbolischen Szene, aber beide stehen rechts und sind ähnlich hoch. Der Hintergrund ist warm grau statt blau und weiß.","Two standing figures appear in a pale biblical or symbolic scene; one sits or kneels on the left, while a pale figure stands on the right. Blue and pale lines define the background.","A symbolic figure scene shows a lower figure on the left and a tall pale figure on the right. The tall figure appears closer to the center, and the background seems less blue.","Two standing figures appear in a pale symbolic scene, but both stand on the right and are similar in height. The background is warm gray rather than blue and white.",image_type=symbolism; source=direct_image_inspection; language=de; fit_levels=high_partial_low; prompt_repair_visual_form_human_style_2026-05-19; semi_congruent_tightened_near_miss_2026-05-19; incongruent_repaired_same_domain_far_near_miss_2026-05-19; congruency_spread_balance_checked_2026-05-19,False
077,077.jpg,los_entering_the_grave_0066.jpg,symbolism/los_entering_the_grave_0066.jpg,symbolism,Eine dunkle gebeugte Figur steht in einem gewölbten Innenraum und hält unten eine helle Laterne oder Lichtform. Bögen und braune Linien rahmen die Figur.,Eine dunkle gebeugte Figur steht in einem gewölbten Innenraum und hält ein kleines helles Licht. Das Licht wirkt eher seitlich rechts und höher als unten in der Hand.,"Eine dunkle gebeugte Figur steht in einem gewölbten Innenraum, aber das helle Licht sitzt hoch an der Seite. Die Bögen rahmen die Figur breiter und offener.",A dark bent figure stands in an arched interior and holds a pale lantern or light form near the bottom. Arcs and brown lines frame the figure.,A dark bent figure stands in an arched interior and holds a small pale light. The light appears more to the right side and higher than down in the hand.,"A dark bent figure stands in an arched interior, but the pale light sits high at the side. The arches frame the figure more broadly and openly.",image_type=symbolism; source=direct_image_inspection; language=de; fit_levels=high_partial_low; prompt_repair_visual_form_human_style_2026-05-19; semi_congruent_tightened_near_miss_2026-05-19; incongruent_repaired_same_domain_far_near_miss_2026-05-19; congruency_spread_balance_checked_2026-05-19,False
078,078.jpg,ruins_in_the_moonlit_landscape_0117.jpg,symbolism/ruins_in_the_moonlit_landscape_0117.jpg,symbolism,Eine dunkle Landschaft zeigt eine helle Ruine in der Mitte unter dramatischem violettem Himmel. Kleine dunkle Figuren oder Tiere stehen im Vordergrund.,"Eine dunkle Landschaft zeigt eine helle Ruine unter violettem Himmel. Die Ruine wirkt etwas weiter links, und die kleinen Vordergrundformen sammeln sich stärker rechts.","Eine dunkle Landschaft zeigt eine helle Ruine unter violettem Himmel, aber die Ruine liegt links am Rand. Die kleinen dunklen Vordergrundformen sammeln sich rechts unten.",A dark landscape shows a pale ruin in the center under a dramatic violet sky. Small dark figures or animals stand in the foreground.,"A dark landscape shows a pale ruin under a violet sky. The ruin appears slightly farther left, and the small foreground forms gather more strongly on the right.","A dark landscape shows a pale ruin under a violet sky, but the ruin lies at the left edge. The small dark foreground forms gather at the lower right.",image_type=symbolism; source=direct_image_inspection; language=de; fit_levels=high_partial_low; prompt_repair_visual_form_human_style_2026-05-19; semi_congruent_tightened_near_miss_2026-05-19; incongruent_repaired_same_domain_far_near_miss_2026-05-19; congruency_spread_balance_checked_2026-05-19,False
079,079.jpg,the_balloon_0268.jpg,symbolism/the_balloon_0268.jpg,symbolism,"Eine schwarze Silhouette einer stehenden Frau hebt die Arme vor orangegelber Landschaft. Die Figur steht unten mittig, die Arme führen diagonal nach außen.","Eine schwarze Silhouette einer stehenden Frau hebt die Arme vor orangegelber Landschaft. Die Figur bleibt unten mittig, aber ein Arm wirkt etwas höher als der andere.","Eine schwarze Silhouette einer stehenden Frau hebt die Arme vor orangegelber Landschaft, aber die Figur steht rechts unten. Ein Arm zeigt steil nach oben, der andere seitlich.","A black silhouette of a standing woman raises her arms before an orange-yellow landscape. The figure stands at the lower center, and the arms lead diagonally outward.","A black silhouette of a standing woman raises her arms before an orange-yellow landscape. The figure remains at the lower center, but one arm appears slightly higher than the other.","A black silhouette of a standing woman raises her arms before an orange-yellow landscape, but the figure stands at the lower right. One arm points steeply upward, the other sideways.",image_type=symbolism; source=direct_image_inspection; language=de; fit_levels=high_partial_low; prompt_repair_visual_form_human_style_2026-05-19; semi_congruent_tightened_near_miss_2026-05-19; incongruent_repaired_same_domain_far_near_miss_2026-05-19; congruency_spread_balance_checked_2026-05-19,False
080,080.jpg,the_penitent_mary_magdalene_0262.jpg,symbolism/the_penitent_mary_magdalene_0262.jpg,symbolism,"Eine junge Frau mit langem hellem Haar stützt den Kopf auf die Hand vor dunklem grünlichem Hintergrund. Gesicht, Schulter und Arm bilden eine helle diagonale Gruppe.","Eine junge Frau mit langem hellem Haar stützt den Kopf auf die Hand vor dunklem grünlichem Hintergrund. Der Kopf wirkt etwas aufrechter, und die helle Diagonale verläuft stärker nach links.","Eine junge Frau mit hellem Haar sitzt vor dunklem grünlichem Hintergrund, aber der Kopf ist aufgerichtet und beide Hände liegen tiefer am Körper. Die helle Diagonale ist kaum ausgeprägt.","A young woman with long pale hair rests her head on her hand before a dark greenish background. Face, shoulder, and arm form a pale diagonal group.","A young woman with long pale hair rests her head on her hand before a dark greenish background. The head appears slightly more upright, and the pale diagonal runs more strongly toward the left.","A young woman with pale hair sits before a dark greenish background, but the head is upright and both hands lie lower on the body. The pale diagonal is barely pronounced.",image_type=symbolism; source=direct_image_inspection; language=de; fit_levels=high_partial_low; prompt_repair_visual_form_human_style_2026-05-19; semi_congruent_tightened_near_miss_2026-05-19; incongruent_repaired_same_domain_far_near_miss_2026-05-19; congruency_spread_balance_checked_2026-05-19,False
