stimulus_id,image_file,original_filename,original_relative_path,original_style_folder,condition_congruent,condition_semi_congruent,condition_incongruent,condition_congruent_en,condition_semi_congruent_en,condition_incongruent_en,notes,needs_human_review
001,001.jpg,bird_of_the_spirit_0121.jpg,abstract-expressionism/bird_of_the_spirit_0121.jpg,abstract-expressionism,"Ein kleiner, heraufschauender Vogel sitzt in einer dunklen ovalen Fläche auf rostbraunem Grund. Feine dunkle Striche und ein breiter Schattenrand umgeben die Vogelgestalt.",Eine kleine helle Vogelform sitzt in einer dunklen ovalen Fläche auf rostbraunem Grund. Die Linien wirken etwas dichter und geordneter.,Eine helle fischartige Form liegt in einer dunklen ovalen Fläche auf kühlem graublauem Grund. Die Linien wirken glatt und sparsam.,A small upward-looking bird sits in a dark oval area on a rusty brown ground. Fine dark lines and a broad shadowed rim surround the bird form.,A small pale bird-like form sits inside a dark oval area on a rusty brown ground. The lines look slightly denser and more orderly.,A pale fish-like form lies inside a dark oval area on a cool gray-blue ground. The lines look smooth and sparse.,image_type=abstract-expressionism; source=direct_image_inspection; language=de; fit_levels=high_partial_low; prompt_repair_visual_form_human_style_2026-05-19; semi_congruent_tightened_near_miss_2026-05-19; incongruent_repaired_same_domain_far_near_miss_2026-05-19; congruency_spread_balance_checked_2026-05-19; semi_congruent_noncomparative_rewrite_2026-05-19; removed_comparative_markers_semi_incongruent_2026-05-20; content_based_no_position_mismatch_2026-05-20; congruent_no_position_terms_2026-05-20,False
002,002.jpg,candidate_003_expressionism_carnation_in_a_blue_vase_1993.jpg,candidate_images/chosen/candidate_003_expressionism_carnation_in_a_blue_vase_1993.jpg,expressionism,"Eine pinke Blüte steht in einer blau-grünen Glasvase vor braunem Hintergrund. Die Vase wirkt glasig und schmal, die Blüte ragt mit geneigtem Stiel aus ihr heraus.",Eine pinke Blütenform steht in einem bläulichen Glasgefäß vor braunem Grund. Die Blüte wirkt voller und das Gefäß matter.,Eine orange-rosa Blüte steht in einer schmalen grünen Vase vor hellem braunem Grund. Der Stiel wirkt gerade und die Blüte schlicht.,"A pink blossom stands in a blue-green glass vase against a brown background. The vase looks glassy and narrow, and the flower rises from it on a bending stem.",A pink flower-like form stands in a bluish glass vessel against a brown ground. The blossom looks fuller and the vessel more matte.,An orange-pink blossom stands in a narrow green vase before a light brown ground. The stem looks straight and the blossom simple.,image_type=expressionism; source=chosen_candidate_direct_image_inspection; language=de; fit_levels=high_partial_low; prompt_repair_visual_form_human_style_2026-05-19; semi_congruent_tightened_near_miss_2026-05-19; incongruent_repaired_same_domain_far_near_miss_2026-05-19; congruency_spread_balance_checked_2026-05-19; semi_congruent_noncomparative_rewrite_2026-05-19; content_based_no_position_mismatch_2026-05-20; congruent_no_position_terms_2026-05-20,False
003,003.jpg,candidate_005_surrealism_flower_1.jpg,candidate_images/chosen/candidate_005_surrealism_flower_1.jpg,surrealism,Eine einzelne gelbe Blüte sitzt auf einem langen weißen Stiel vor dunkelblauem Hintergrund. Helle Blattformen gehen vom Stiel ab.,Eine einzelne gelbe Blüte sitzt auf einem langen hellen Stiel vor dunklem Blau. Die hellen Blätter wirken klein und eng.,Zwei gelbe Blüten sitzen auf kurzen hellen Stielen vor blau-grauem Hintergrund. Die Blätter wirken klein und rundlich.,A single yellow blossom sits on a long white stem against a dark blue background. Pale leaf shapes branch away from the stem.,A single yellow blossom sits on a long pale stem against dark blue. The pale leaves look small and tight.,Two yellow blossoms sit on short pale stems before a blue-gray background. The leaves look small and rounded.,image_type=surrealism; source=chosen_candidate_direct_image_inspection; language=de; fit_levels=high_partial_low; prompt_repair_visual_form_human_style_2026-05-19; semi_congruent_tightened_near_miss_2026-05-19; incongruent_repaired_same_domain_far_near_miss_2026-05-19; congruency_spread_balance_checked_2026-05-19; semi_congruent_noncomparative_rewrite_2026-05-19; content_based_no_position_mismatch_2026-05-20; congruent_no_position_terms_2026-05-20,False
004,004.jpg,pandora_0015.jpg,abstract-expressionism/pandora_0015.jpg,abstract-expressionism,"Auf hellem Grund überlagern sich türkisfarbene Flächen, orange Bereiche, ein schwarzer Kreis und ein blaues Rechteck. Die Formen sammeln sich vor allem in der oberen rechten Hälfte.",Türkise und orange Flächen überlagern sich auf hellem Grund. Ein dunkler Kreis und ein blauer kantiger Akzent wirken klar und kompakt.,"Rote, orange und türkise Formen liegen getrennt auf hellem Grund. Der schwarze Kreis wirkt groß, der blaue Akzent klein und hartkantig.","On a light ground, turquoise areas, orange regions, a black circle, and a blue rectangle overlap. The forms gather into a dense asymmetric cluster.",Turquoise and orange areas overlap on a light ground. A dark circle and a blue angular accent look clear and compact.,"Red, orange, and turquoise forms lie separately on a light ground. The black circle looks large, and the blue accent small and hard-edged.",image_type=abstract-expressionism; source=direct_image_inspection; language=de; fit_levels=high_partial_low; prompt_repair_visual_form_human_style_2026-05-19; semi_congruent_tightened_near_miss_2026-05-19; incongruent_repaired_same_domain_far_near_miss_2026-05-19; congruency_spread_balance_checked_2026-05-19; semi_congruent_noncomparative_rewrite_2026-05-19; content_based_no_position_mismatch_2026-05-20; congruent_no_position_terms_2026-05-20,False
005,005.jpg,quadratisch_0069.jpg,abstract-expressionism/quadratisch_0069.jpg,abstract-expressionism,"Das Bild besteht fast ganz aus weichen hellen Farbnebeln in Rosa, Violett und Beige. Wenige kleine weiße kantige Formen setzen klare Akzente.","Ein heller nebliger Farbraum in Rosa, Violett und Beige füllt fast das ganze Bild. Kleine weiße kantige Formen wirken wie gefaltetes Papier.","Weiche Farbnebel in Grau, Blau und hellem Rosa füllen die Fläche. Mehrere kleine weiße kantige Formen bilden eine lockere Gruppe.","The image is made almost entirely of soft pale color haze in pink, violet, and beige. A few small white angular forms create clear accents.","A pale misty color field in pink, violet, and beige fills almost the whole image. Small white angular forms look like folded paper.","Soft color haze in gray, blue, and pale pink fills the surface. Several small white angular forms create a loose group.",image_type=abstract-expressionism; source=direct_image_inspection; language=de; fit_levels=high_partial_low; prompt_repair_visual_form_human_style_2026-05-19; semi_congruent_tightened_near_miss_2026-05-19; incongruent_repaired_same_domain_far_near_miss_2026-05-19; congruency_spread_balance_checked_2026-05-19; semi_congruent_noncomparative_rewrite_2026-05-19; removed_comparative_markers_semi_incongruent_2026-05-20; content_based_no_position_mismatch_2026-05-20; congruent_no_position_terms_2026-05-20,False
006,006.jpg,the_heart_0108.jpg,abstract-expressionism/the_heart_0108.jpg,abstract-expressionism,Ein dunkles grünes Rechteck steht in einer hellgrünen Fläche; ein weißes Rechteck enthält ein rotes Herz und schwarze Streifen. Beide Formen liegen auf einem hellblauen Grund.,Zwei rechteckige Felder stehen auf hellem Blau. Ein dunkles grünes Rechteck und ein roter runder Akzent bestimmen die Komposition.,Zwei rechteckige Felder stehen auf hellem Blau. Der rote Akzent ist ein runder Fleck ohne Herzform und ohne klare Streifen.,A dark green rectangle stands inside a pale green area; a white rectangle contains a red heart and black stripes. Both forms lie on a light blue ground.,Two rectangular fields stand on light blue. A dark green rectangle and a red round accent define the composition.,Two rectangular fields stand on light blue. The red accent is a round spot without a heart shape or clear stripes.,image_type=abstract-expressionism; source=direct_image_inspection; language=de; fit_levels=high_partial_low; prompt_repair_visual_form_human_style_2026-05-19; semi_congruent_tightened_near_miss_2026-05-19; incongruent_repaired_same_domain_far_near_miss_2026-05-19; congruency_spread_balance_checked_2026-05-19; semi_congruent_noncomparative_rewrite_2026-05-19; removed_comparative_markers_semi_incongruent_2026-05-20; content_based_no_position_mismatch_2026-05-20; congruent_no_position_terms_2026-05-20,False
007,007.jpg,untitled_0173.jpg,abstract-expressionism/untitled_0173.jpg,abstract-expressionism,"Rechtecke und Geraden dominieren die untere Hälfte, darüber schwebt eine helle ovale Kopfform mit dunklen Linien. Der Hintergrund ist bräunlich und wirkt fleckig.",Ein durchsichtiges Gefäß trägt eine helle runde Kopfform mit dunklen Linien. Der braune Grund wirkt fleckig und warm.,Eine helle ovale Zeichenform verbindet sich mit einer kantigen Konstruktion. Blaue Flecken und kurze dunkle Linien stören den braunen Grund.,"Rectangles and straight lines dominate one part of the image, paired with a pale oval head-like form crossed by dark lines. The background is brownish and mottled.",A transparent vessel carries a pale round head-like form with dark lines. The brown ground looks mottled and warm.,A pale oval sign-like form connects with an angular construction. Blue patches and short dark lines interrupt the brown ground.,image_type=abstract-expressionism; source=direct_image_inspection; language=de; fit_levels=high_partial_low; prompt_repair_visual_form_human_style_2026-05-19; semi_congruent_tightened_near_miss_2026-05-19; incongruent_repaired_same_domain_far_near_miss_2026-05-19; congruency_spread_balance_checked_2026-05-19; semi_congruent_noncomparative_rewrite_2026-05-19; content_based_no_position_mismatch_2026-05-20; content_position_terms_cleaned_2026-05-20; congruent_no_position_terms_2026-05-20,False
008,008.jpg,what_the_wind_does_0268.jpg,abstract-expressionism/what_the_wind_does_0268.jpg,abstract-expressionism,Auf dunklem grauem Grund liegen zwei helle türkisfarbene Flecken um eine blasse Fläche. Ein rosiger Lichtzug wirkt schmal und aufsteigend.,Eine blasse neblige Fläche mischt sich mit türkisfarbenen Flecken auf dunklem Grau. Der rosige Lichtzug wirkt breiter und milchiger.,Ein einzelner türkisfarbener Fleck und ein rosiger Schimmer liegen auf dunklem Grund. Die Komposition wirkt kühler und reduzierter.,"On a dark gray ground, two pale turquoise patches surround a light area. A pinkish glow looks narrow and rising.",A pale misty area mixes with turquoise patches on dark gray. The pinkish glow looks broader and milkier.,A single turquoise patch and a pinkish glow lie on a dark ground. The composition looks cooler and more reduced.,image_type=abstract-expressionism; source=direct_image_inspection; language=de; fit_levels=high_partial_low; prompt_repair_visual_form_human_style_2026-05-19; semi_congruent_tightened_near_miss_2026-05-19; incongruent_repaired_same_domain_far_near_miss_2026-05-19; congruency_spread_balance_checked_2026-05-19; semi_congruent_noncomparative_rewrite_2026-05-19; removed_comparative_markers_semi_incongruent_2026-05-20; content_based_no_position_mismatch_2026-05-20; content_position_terms_cleaned_2026-05-20; congruent_no_position_terms_2026-05-20,False
009,009.jpg,candidate_017_symbolism_what_are_flowers_saing_1893.jpg,candidate_images/chosen/candidate_017_symbolism_what_are_flowers_saing_1893.jpg,symbolism,"Eine stehende Figur in blauem Kleid und hellem Umhang steht in einer grünen Landschaft. Der Kopf ist gesenkt, und helle kleine Blumen liegen im unteren Bereich.",Eine schlanke Figur mit hellem Umhang steht in einer grünlichen Landschaft. Das Kleid ist violettblau und die Blumen wirken spärlich.,Eine stehende Figur in rötlich-violettem Kleid und dunklem Umhang steht in einer gedämpften Landschaft. Der Kopf wirkt aufgerichtet.,"A standing figure in a blue dress and pale cloak stands in a green landscape. The head is lowered, and small pale flowers appear in the scene.",A slender figure with a pale cloak stands in a greenish landscape. The dress is violet-blue and the flowers look sparse.,A standing figure in a reddish-violet dress and dark cloak stands in a muted landscape. The head looks upright.,image_type=symbolism; source=chosen_candidate_direct_image_inspection; language=de; fit_levels=high_partial_low; prompt_repair_visual_form_human_style_2026-05-19; semi_congruent_tightened_near_miss_2026-05-19; incongruent_repaired_same_domain_far_near_miss_2026-05-19; congruency_spread_balance_checked_2026-05-19; semi_congruent_noncomparative_rewrite_2026-05-19; content_based_no_position_mismatch_2026-05-20; congruent_no_position_terms_2026-05-20,False
010,010.jpg,e_226_0133.jpg,color-field-painting/e_226_0133.jpg,color-field-painting,Eine große rote ovale Fläche liegt auf leuchtend orangefarbenem Grund. Ein schmaler blauer Balken setzt einen kleinen Kontrast.,Eine große rote runde Fläche liegt auf leuchtend orangefarbenem Grund. Ein kleiner blauer Balken setzt einen kühlen Akzent.,Eine große rote ovale Fläche liegt auf blassgelbem Grund. Der blaue Balken ist breit und deutlich.,A large red oval area lies on a bright orange ground. A narrow blue bar creates a small contrast.,A large red round area lies on a bright orange ground. A small blue bar creates a cool accent.,A large red oval area lies on a pale yellow ground. The blue bar is broad and pronounced.,image_type=color-field-painting; source=direct_image_inspection; language=de; fit_levels=high_partial_low; prompt_repair_visual_form_human_style_2026-05-19; semi_congruent_tightened_near_miss_2026-05-19; incongruent_repaired_same_domain_far_near_miss_2026-05-19; congruency_spread_balance_checked_2026-05-19; semi_congruent_noncomparative_rewrite_2026-05-19; removed_comparative_markers_semi_incongruent_2026-05-20; content_based_no_position_mismatch_2026-05-20; congruent_no_position_terms_2026-05-20,False
011,011.jpg,candidate_018_expressionism_primitive_heads_1924.jpg,candidate_images/chosen/candidate_018_expressionism_primitive_heads_1924.jpg,expressionism,"Zwei dunkle kopfähnliche Formen stehen vor hellem Hintergrund. Eine Form wirkt frontaler, die andere zeigt einen Kopf im Profil.",Zwei dunkle Kopf- oder Maskenformen stehen dicht beieinander vor hellem Hintergrund. Beide Köpfe wirken kantiger und geschlossener.,Zwei helle braune Maskenköpfe stehen vor bläulichem Grund. Beide Köpfe wirken frontal und ähnlich groß.,"Two dark head-like forms stand against a light background. One form appears more frontal, while the other head is seen in profile.",Two dark head or mask forms stand close together before a light background. Both heads look more angular and closed.,Two pale brown mask heads stand before a bluish ground. Both heads look frontal and similar in size.,image_type=expressionism; source=chosen_candidate_direct_image_inspection; language=de; fit_levels=high_partial_low; prompt_repair_visual_form_human_style_2026-05-19; semi_congruent_tightened_near_miss_2026-05-19; incongruent_repaired_same_domain_far_near_miss_2026-05-19; congruency_spread_balance_checked_2026-05-19; semi_congruent_noncomparative_rewrite_2026-05-19; content_based_no_position_mismatch_2026-05-20; content_position_terms_cleaned_2026-05-20; congruent_no_position_terms_2026-05-20,False
012,012.jpg,no_5_no_22_0055.jpg,color-field-painting/no_5_no_22_0055.jpg,color-field-painting,Ein breites rotes Band teilt eine gelbe Fläche. Große ruhige gelb-orange Felder umgeben das Band.,Ein rotes waagrechtes Band durchzieht eine warme gelbe Fläche. Das Band wirkt schmal und sauber begrenzt.,Ein schmales rotes senkrechtes Band teilt eine gelbe Fläche. Die Farbfelder wirken streng und flach.,A broad red band divides a yellow field. Large quiet yellow-orange areas surround the band.,A red band runs through a warm yellow field. The band looks narrow and cleanly bounded.,A narrow red stripe divides a yellow field. The color fields look strict and flat.,image_type=color-field-painting; source=direct_image_inspection; language=de; fit_levels=high_partial_low; prompt_repair_visual_form_human_style_2026-05-19; semi_congruent_tightened_near_miss_2026-05-19; incongruent_repaired_same_domain_far_near_miss_2026-05-19; congruency_spread_balance_checked_2026-05-19; semi_congruent_noncomparative_rewrite_2026-05-19; removed_comparative_markers_semi_incongruent_2026-05-20; content_based_no_position_mismatch_2026-05-20; content_position_terms_cleaned_2026-05-20; congruent_no_position_terms_2026-05-20,False
013,013.jpg,the_station_of_the_cross_-_first_station_0179.jpg,color-field-painting/the_station_of_the_cross_-_first_station_0179.jpg,color-field-painting,Eine helle fast leere Fläche wird von einer schmalen dunklen Kante geteilt. Feine schwarze Flecken sitzen nahe an dieser Kante.,Ein heller fast leerer Bildraum wird von einer dünnen dunklen senkrechten Zone unterbrochen. Feine schwarze Spuren begleiten die Kante.,Eine helle fast leere Fläche wird von einer breiten dunklen Kante geteilt. Feine schwarze Flecken wirken weit verstreut.,A pale almost empty field is divided by a narrow dark boundary. Fine black marks sit close to this boundary.,A pale almost empty pictorial space is interrupted by a thin dark zone. Fine black traces accompany the boundary.,A pale almost empty field is cut by a broad dark boundary. Fine black marks look widely scattered.,image_type=color-field-painting; source=direct_image_inspection; language=de; fit_levels=high_partial_low; prompt_repair_visual_form_human_style_2026-05-19; semi_congruent_tightened_near_miss_2026-05-19; incongruent_repaired_same_domain_far_near_miss_2026-05-19; congruency_spread_balance_checked_2026-05-19; semi_congruent_noncomparative_rewrite_2026-05-19; content_based_no_position_mismatch_2026-05-20; content_position_terms_cleaned_2026-05-20; congruent_no_position_terms_2026-05-20,False
014,014.jpg,untitled_0159.jpg,color-field-painting/untitled_0159.jpg,color-field-painting,Eine große gelbe Fläche wird von roten und schwarzen gezackten Formen eingeschnitten. Der stärkste Kontrast entsteht entlang der gezackten Kante.,Gelb dominiert fast das ganze Bild. Rote und schwarze Zacken bilden einen harten Kontrast in der gelben Fläche.,Eine große gelbe Fläche wird von roten und schwarzen gezackten Formen eingeschnitten. Der Kontrast wirkt schwer und kantig.,A large yellow field is cut into by red and black jagged forms. The strongest contrast appears along the jagged boundary.,Yellow dominates almost the whole image. Red and black spikes create a hard contrast in the yellow field.,A large yellow field is cut into by red and black jagged forms. The contrast looks heavy and angular.,image_type=color-field-painting; source=direct_image_inspection; language=de; fit_levels=high_partial_low; prompt_repair_visual_form_human_style_2026-05-19; semi_congruent_tightened_near_miss_2026-05-19; incongruent_repaired_same_domain_far_near_miss_2026-05-19; congruency_spread_balance_checked_2026-05-19; semi_congruent_noncomparative_rewrite_2026-05-19; removed_comparative_markers_semi_incongruent_2026-05-20; content_based_no_position_mismatch_2026-05-20; congruent_no_position_terms_2026-05-20,False
015,015.jpg,untitled_0170.jpg,color-field-painting/untitled_0170.jpg,color-field-painting,"Blaue und weiße spitze Formen stehen in kräftiger Schrägstellung. Die Komposition wirkt kantig, mit starken Winkeln und viel hellem Zwischenraum.",Blaue und weiße spitze Flächen kreuzen sich auf hellem Grund. Die Schrägen wirken flach und ruhig.,Blaue und weiße kantige Formen stehen fast wie harte Platten auf hellem Grund. Eine breite blaue Fläche bestimmt den Eindruck.,"Blue and white pointed shapes stand in a dynamic angular arrangement. The composition feels sharp, with strong angles and much pale space among them.",Blue and white pointed areas cross on a pale ground. The slants look flat and calm.,Blue and white angular forms stand almost vertically on a pale ground. A broad blue area defines the impression.,image_type=color-field-painting; source=direct_image_inspection; language=de; fit_levels=high_partial_low; prompt_repair_visual_form_human_style_2026-05-19; semi_congruent_tightened_near_miss_2026-05-19; incongruent_repaired_same_domain_far_near_miss_2026-05-19; congruency_spread_balance_checked_2026-05-19; semi_congruent_noncomparative_rewrite_2026-05-19; content_based_no_position_mismatch_2026-05-20; content_position_terms_cleaned_2026-05-20; congruent_no_position_terms_2026-05-20,False
016,016.jpg,candidate_020_surrealism_vuelo_de_medianoche_1936.jpg,candidate_images/chosen/candidate_020_surrealism_vuelo_de_medianoche_1936.jpg,surrealism,Mehrere bunte spiralförmige Schnecken- oder Muschelformen liegen auf dunkelgrünem Grund. Eine große blaue geschwungene Form verbindet die runden Elemente.,Mehrere bunte spiralige Formen liegen auf dunklem Grund. Eine große blaue Kurve verbindet einzelne runde Elemente.,Mehrere bunte Spiralen liegen auf dunkelblauem Grund. Eine kleine blaue Kurve lässt die runden Elemente getrennt wirken.,Several colorful spiral shell-like forms lie on a dark green ground. A large blue curved form connects the round elements.,Several colorful spiral forms lie on a dark ground. A large blue curve connects individual round elements.,Several colorful spirals lie on a dark blue ground. A small blue curve makes the round elements feel separated.,image_type=surrealism; source=chosen_candidate_direct_image_inspection; language=de; fit_levels=high_partial_low; prompt_repair_visual_form_human_style_2026-05-19; semi_congruent_tightened_near_miss_2026-05-19; incongruent_repaired_same_domain_far_near_miss_2026-05-19; congruency_spread_balance_checked_2026-05-19; semi_congruent_noncomparative_rewrite_2026-05-19; content_based_no_position_mismatch_2026-05-20,False
017,017.jpg,untitled_mural_for_end_wall_0222.jpg,color-field-painting/untitled_mural_for_end_wall_0222.jpg,color-field-painting,"Ein dunkles braunes Quadrat liegt in einem leuchtend orange-roten Rahmen. Die dunkle Fläche wirkt ruhig und flächig, der Rahmen deutlich heller.",Eine große dunkle rechteckige Fläche sitzt in einem leuchtenden orange-roten Rahmen. Die Mitte wirkt hochrechteckig und ruhig.,Ein dunkles schmales Rechteck liegt in einem gelb-orangefarbenen Rahmen. Der Rahmen wirkt hart und ungleich dunkel.,"A dark brown square lies inside a glowing orange-red frame. The dark field feels calm and flat, while the frame is clearly brighter.",A large dark rectangular field sits inside a glowing orange-red frame. The dark field looks calm and smooth.,A dark narrow rectangle lies inside a yellow-orange frame. The frame looks hard and unevenly dark.,image_type=color-field-painting; source=direct_image_inspection; language=de; fit_levels=high_partial_low; prompt_repair_visual_form_human_style_2026-05-19; semi_congruent_tightened_near_miss_2026-05-19; incongruent_repaired_same_domain_far_near_miss_2026-05-19; congruency_spread_balance_checked_2026-05-19; semi_congruent_noncomparative_rewrite_2026-05-19; removed_comparative_markers_semi_incongruent_2026-05-20; content_based_no_position_mismatch_2026-05-20; content_position_terms_cleaned_2026-05-20; congruent_no_position_terms_2026-05-20,False
018,018.jpg,absinth_drinker_0102.jpg,expressionism/absinth_drinker_0102.jpg,expressionism,Eine Person sitzt an einem Tisch und blickt auf ein kleines helles Glas. Das Gesicht und die Hände liegen im dunklen braunen Innenraum nahe am Licht.,Eine dunkle sitzende Figur beugt sich zu einer hellen Flamme auf einem Tisch. Gesicht und Hände wirken nah am Licht.,Eine sitzende Figur beugt sich an einem Tisch zu einem breiten hellen Lichtfleck. Die Flamme wirkt groß und flächig.,A person sits at a table and looks toward a small glass. Face and hands lie close to the light in a dark brown interior.,A dark seated figure bends toward a pale flame on a table. Face and hands look close to the light.,A seated figure bends at a table toward a broad pale patch of light. The flame looks large and flat.,image_type=expressionism; source=direct_image_inspection; language=de; fit_levels=high_partial_low; prompt_repair_visual_form_human_style_2026-05-19; semi_congruent_tightened_near_miss_2026-05-19; incongruent_repaired_same_domain_far_near_miss_2026-05-19; congruency_spread_balance_checked_2026-05-19; semi_congruent_noncomparative_rewrite_2026-05-19; content_based_no_position_mismatch_2026-05-20,False
019,019.jpg,ascet_0276.jpg,expressionism/ascet_0276.jpg,expressionism,"Eine schmale sitzende Figur in Blau steht vor blauem Hintergrund an einem Tisch. Heller Kopf, Teller und Hände bilden die zentralen Akzente.",Eine blau gekleidete Figur sitzt frontal an einem Tisch vor kühlem blauem Grund. Teller und Hände wirken lockerer verteilt.,"Eine schmale Figur in grünlichem Blau sitzt an einem Tisch vor grauem Hintergrund. Teller, Kopf und Hände wirken wenig gebündelt.","A narrow seated figure in blue appears before a blue background at a table. Pale head, plate, and hands form the central accents.",A blue-clothed figure sits frontally at a table before a cool blue ground. Plate and hands look more loosely arranged.,"A narrow figure in greenish blue sits at a table before a gray background. Plate, head, and hands look loosely grouped.",image_type=expressionism; source=direct_image_inspection; language=de; fit_levels=high_partial_low; prompt_repair_visual_form_human_style_2026-05-19; semi_congruent_tightened_near_miss_2026-05-19; incongruent_repaired_same_domain_far_near_miss_2026-05-19; congruency_spread_balance_checked_2026-05-19; semi_congruent_noncomparative_rewrite_2026-05-19; content_based_no_position_mismatch_2026-05-20,False
020,020.jpg,canal_du_midi_0128.jpg,expressionism/canal_du_midi_0128.jpg,expressionism,Eine helle Winterlandschaft mit violett-blauen Schatten führt zu einem Fluss oder Hafen. Ein dunkler Uferstreifen mit kleinen Figuren und Booten zieht in die Ferne.,Eine helle Winterlandschaft mit violetten Schatten führt zu Wasser und Horizont. Der dunkle Uferstreifen wirkt breiter und schwerer.,Eine helle Winterlandschaft führt zu einem Fluss. Kleine Boote und Figuren sammeln sich an einem dunklen Uferstreifen.,A pale winter landscape with violet-blue shadows leads toward a river or harbor. A dark bank with small figures and boats runs into the distance.,A pale winter landscape with violet shadows leads toward water and horizon. The dark bank looks broader and heavier.,A pale winter landscape leads toward a river. Small boats and figures gather along a dark bank.,image_type=expressionism; source=direct_image_inspection; language=de; fit_levels=high_partial_low; prompt_repair_visual_form_human_style_2026-05-19; semi_congruent_tightened_near_miss_2026-05-19; incongruent_repaired_same_domain_far_near_miss_2026-05-19; congruency_spread_balance_checked_2026-05-19; semi_congruent_noncomparative_rewrite_2026-05-19; removed_comparative_markers_semi_incongruent_2026-05-20; content_based_no_position_mismatch_2026-05-20; congruent_no_position_terms_2026-05-20,False
021,021.jpg,children_with_the_lamp_0237.jpg,expressionism/children_with_the_lamp_0237.jpg,expressionism,Zwei Kinder sitzen eng beieinander im warmen Dunkel und halten eine leuchtend rote runde Laterne. Die hellsten Stellen liegen bei Gesicht und Laterne.,Eine kleine Figurengruppe sitzt im warmen Dunkel um ein rotes rundes Licht. Das Licht wirkt weicher und etwas abgesetzt in der Gruppe.,Drei Figuren sitzen weiter auseinander in warmem Dunkel um ein orangefarbenes Licht. Nur ein Gesicht ist klar hell.,Two children sit close together in warm darkness and hold a glowing red round lantern. The brightest areas are the faces and lantern.,A small group of figures sits in warm darkness around a red round light. The light feels softer within the group.,Three figures sit farther apart in warm darkness around an orange light. Only one face is clearly bright.,image_type=expressionism; source=direct_image_inspection; language=de; fit_levels=high_partial_low; prompt_repair_visual_form_human_style_2026-05-19; semi_congruent_tightened_near_miss_2026-05-19; incongruent_repaired_same_domain_far_near_miss_2026-05-19; congruency_spread_balance_checked_2026-05-19; semi_congruent_noncomparative_rewrite_2026-05-19; content_based_no_position_mismatch_2026-05-20; content_position_terms_cleaned_2026-05-20,False
022,022.jpg,candidate_025_surrealism_colette_sitting.jpg,candidate_images/chosen/candidate_025_surrealism_colette_sitting.jpg,surrealism,"Eine sitzende Figur mit blauem Oberteil und rosa Rock lehnt in einem Stuhl. Der Kopf ist geneigt, die angewinkelten Beine füllen die Figur mit einer kompakten Körperhaltung.",Eine sitzende Figur mit blauem Oberteil und rosa Fläche lehnt in einem Stuhl. Kopf und Beine bilden eine gespanntere Haltung.,Eine sitzende Figur mit grünlichem Oberteil und roter Rockfläche lehnt aufrecht im Stuhl. Die Figur wirkt steifer und farblich kühler.,"A seated figure with a blue shirt and pink skirt leans in a chair. The head is bent, and the folded legs give the figure a compact body posture.",A seated figure with a blue shirt and pink area leans in a chair. Head and legs create a tenser posture.,A seated figure with a greenish shirt and red skirt area leans rigidly in the chair. The figure looks stiffer and cooler in color.,image_type=surrealism; source=chosen_candidate_direct_image_inspection; language=de; fit_levels=high_partial_low; prompt_repair_visual_form_human_style_2026-05-19; semi_congruent_tightened_near_miss_2026-05-19; incongruent_repaired_same_domain_far_near_miss_2026-05-19; congruency_spread_balance_checked_2026-05-19; semi_congruent_noncomparative_rewrite_2026-05-19; content_based_no_position_mismatch_2026-05-20; content_position_terms_cleaned_2026-05-20; congruent_no_position_terms_2026-05-20,False
023,023.jpg,candidate_028_expressionism_freesia_in_a_red_vase_1986.jpg,candidate_images/chosen/candidate_028_expressionism_freesia_in_a_red_vase_1986.jpg,expressionism,"Ein dunkles rotes Gefäß trägt gelbe und violette Blütenformen. Die Blüten brechen lebhaft aus dem Gefäß aus, der Hintergrund ist braun und bewegt.",Ein Strauß mit gelben und violetten Blüten wächst aus einer dunklen Vase vor braunem Grund. Die Blüten wirken lockerer.,Ein dunkles Gefäß trägt wenige gelbe und rosa Blüten vor ruhigem braunem Grund. Der Strauß wirkt schmal und sparsam.,"A dark red vessel carries yellow and violet flower forms. The blossoms burst vividly out of the vessel, and the background is brown and active.",A bouquet with yellow and violet blossoms grows from a dark vase before a brown ground. The blossoms look looser.,A dark vessel carries a few yellow and pink blossoms before a calm brown ground. The bouquet looks narrow and sparse.,image_type=expressionism; source=chosen_candidate_direct_image_inspection; language=de; fit_levels=high_partial_low; prompt_repair_visual_form_human_style_2026-05-19; semi_congruent_tightened_near_miss_2026-05-19; incongruent_repaired_same_domain_far_near_miss_2026-05-19; congruency_spread_balance_checked_2026-05-19; semi_congruent_noncomparative_rewrite_2026-05-19; content_based_no_position_mismatch_2026-05-20; congruent_no_position_terms_2026-05-20,False
024,024.jpg,despair_0035.jpg,expressionism/despair_0035.jpg,expressionism,Eine dunkle gebeugte Figur steht vor einer Landschaft mit blauem Tal und rotem Himmel. Die Bergformen führen zum hellen Horizont.,Eine dunkle gebeugte Gestalt steht vor einer Landschaft mit Tal und rötlichem Himmel. Die Figur wirkt kompakter.,Eine dunkle gebeugte Figur steht vor einer Landschaft mit grünem Tal und gelbem Himmel. Die Bergformen wirken weniger zum Horizont führend.,A dark bent figure stands in a landscape with a blue valley and red sky. The mountain forms lead toward the bright horizon.,A dark bent figure stands before a landscape with a valley and reddish sky. The figure looks more compact.,A dark bent figure stands before a landscape with a green valley and yellow sky. The mountain forms feel less directed toward the horizon.,image_type=expressionism; source=direct_image_inspection; language=de; fit_levels=high_partial_low; prompt_repair_visual_form_human_style_2026-05-19; semi_congruent_tightened_near_miss_2026-05-19; incongruent_repaired_same_domain_far_near_miss_2026-05-19; congruency_spread_balance_checked_2026-05-19; semi_congruent_noncomparative_rewrite_2026-05-19; content_based_no_position_mismatch_2026-05-20; congruent_no_position_terms_2026-05-20,False
025,025.jpg,female_head_0208.jpg,expressionism/female_head_0208.jpg,expressionism,"Ein blau-grünes Gesicht mit dunklem Haar steht vor grünlichem Hintergrund. Der Kopf ist leicht geneigt, und ein roter Akzent sitzt am Hals.",Ein kühles blau-grünes Porträt füllt die Bildfläche vor grünlichem Hintergrund. Der Kopf wirkt gerader und der rote Akzent sitzt an der Kleidung.,Ein blau-rotes Gesicht mit hellem Haar steht vor grauem Hintergrund. Der Kopf wirkt stark geneigt und der rote Akzent sitzt im Gesicht.,"A blue-green face with dark hair appears before a greenish background. The head is slightly bent, and a red accent sits at the neck.",A cool blue-green portrait fills the image field before a greenish background. The head looks straighter and the red accent sits on the clothing.,A blue-red face with pale hair stands before a gray background. The head looks strongly tilted and the red accent sits in the face.,image_type=expressionism; source=direct_image_inspection; language=de; fit_levels=high_partial_low; prompt_repair_visual_form_human_style_2026-05-19; semi_congruent_tightened_near_miss_2026-05-19; incongruent_repaired_same_domain_far_near_miss_2026-05-19; congruency_spread_balance_checked_2026-05-19; semi_congruent_noncomparative_rewrite_2026-05-19; content_based_no_position_mismatch_2026-05-20; congruent_no_position_terms_2026-05-20,False
026,026.jpg,fertility_ii_0197.jpg,expressionism/fertility_ii_0197.jpg,expressionism,"Zwei Figuren stehen in einem grünen Garten mit Baum. Eine Figur trägt einen roten runden Korb, eine blaue Figur trägt einen hellen Hut.",Zwei Figuren stehen in einem grünen Garten mit Baum. Eine rote runde Form und eine blaue Figur bestimmen die Szene.,Drei Figuren stehen in einem grünen Garten ohne deutlichen Mittelbaum. Die rote Form und die blaue Kleidung wirken vertauscht in ihrer Rolle.,"Two figures stand in a green garden with a tree. One figure carries a red round basket, and a blue figure wears a pale hat.",Two figures stand in a green garden with a tree. A red round form and a blue figure define the scene.,Three figures stand in a green garden without a clear central tree. The red form and blue clothing feel swapped in their roles.,image_type=expressionism; source=direct_image_inspection; language=de; fit_levels=high_partial_low; prompt_repair_visual_form_human_style_2026-05-19; semi_congruent_tightened_near_miss_2026-05-19; incongruent_repaired_same_domain_far_near_miss_2026-05-19; congruency_spread_balance_checked_2026-05-19; semi_congruent_noncomparative_rewrite_2026-05-19; content_based_no_position_mismatch_2026-05-20; congruent_no_position_terms_2026-05-20,False
027,027.jpg,candidate_029_expressionism_leon_indenbaum_1915.jpg,candidate_images/chosen/candidate_029_expressionism_leon_indenbaum_1915.jpg,expressionism,"Ein längliches helles Gesicht steht frontal vor dunklem Hintergrund. Haare, Augen und schmale Gesichtszüge sind weich und reduziert gezeichnet.",Ein längliches helles Gesicht steht frontal vor dunklem Grund. Die Augen wirken größer und die Kopfform breiter.,Ein breites helles Gesicht steht leicht gedreht vor dunklem Hintergrund. Die Gesichtszüge sind kräftig dunkel gezeichnet.,"An elongated pale face faces forward against a dark background. Hair, eyes, and narrow facial features are softly and sparsely drawn.",An elongated pale face faces forward against a dark ground. The eyes look larger and the head shape broader.,A broad pale face stands slightly turned before a dark background. The facial features are drawn with strong dark lines.,image_type=expressionism; source=chosen_candidate_direct_image_inspection; language=de; fit_levels=high_partial_low; prompt_repair_visual_form_human_style_2026-05-19; semi_congruent_tightened_near_miss_2026-05-19; incongruent_repaired_same_domain_far_near_miss_2026-05-19; congruency_spread_balance_checked_2026-05-19; semi_congruent_noncomparative_rewrite_2026-05-19; content_based_no_position_mismatch_2026-05-20; congruent_no_position_terms_2026-05-20,False
028,028.jpg,girl_combing_her_hair_0037.jpg,expressionism/girl_combing_her_hair_0037.jpg,expressionism,Eine orange-rote sitzende Figur beugt sich in einem hellen Innenraum. Helle Wandflächen und eine bläuliche Form rahmen die Figur.,Eine orange-rote sitzende Figur beugt sich in einem hellen Innenraum. Die Körperhaltung wirkt etwas aufrechter.,Eine orange-rote sitzende Figur beugt sich in einem hellen Innenraum. Eine bläuliche Form rahmt den Körper hart und deutlich.,An orange-red seated figure bends inside a pale interior. Pale wall areas and a bluish form frame the figure.,An orange-red seated figure bends inside a pale interior. The body posture looks slightly more upright.,An orange-red seated figure bends inside a pale interior. A bluish form frames the body sharply and clearly.,image_type=expressionism; source=direct_image_inspection; language=de; fit_levels=high_partial_low; prompt_repair_visual_form_human_style_2026-05-19; semi_congruent_tightened_near_miss_2026-05-19; incongruent_repaired_same_domain_far_near_miss_2026-05-19; congruency_spread_balance_checked_2026-05-19; semi_congruent_noncomparative_rewrite_2026-05-19; content_based_no_position_mismatch_2026-05-20; congruent_no_position_terms_2026-05-20,False
029,029.jpg,gretchen_0114.jpg,expressionism/gretchen_0114.jpg,expressionism,Eine schmale stehende Figur in grauer Kleidung hält ein Bündel vor dem Körper. Viel weißer Hintergrund umgibt die dunkle Zeichnung.,Eine schmale stehende Figur hält ein Kind oder Bündel vor hellem Papiergrund. Die Figurengruppe wirkt größer und dunkler.,Eine schmale stehende Figur in dunkler Kleidung hält ein kompaktes Bündel am Körper. Der weiße Hintergrund bleibt groß.,A narrow standing figure in gray clothing holds a bundle in front of the body. Much white background surrounds the dark drawing.,A narrow standing figure holds a child or bundle before a pale paper ground. The figure group looks larger and darker.,A narrow standing figure in dark clothing holds a bundle at the body. The white background remains large.,image_type=expressionism; source=direct_image_inspection; language=de; fit_levels=high_partial_low; prompt_repair_visual_form_human_style_2026-05-19; semi_congruent_tightened_near_miss_2026-05-19; incongruent_repaired_same_domain_far_near_miss_2026-05-19; congruency_spread_balance_checked_2026-05-19; semi_congruent_noncomparative_rewrite_2026-05-19; removed_comparative_markers_semi_incongruent_2026-05-20; content_based_no_position_mismatch_2026-05-20; content_position_terms_cleaned_2026-05-20,False
030,030.jpg,man_and_woman_0101.jpg,expressionism/man_and_woman_0101.jpg,expressionism,Zwei nackte Figuren sitzen in dunklem Innenraum. Eine hellere sitzende Figur und eine dunklere gebeugte Figur bestimmen die Szene.,Zwei nackte Körperformen sitzen in einem dunklen Innenraum. Die helle Figur wirkt aufrechter und die dunkle weniger gebeugt.,Zwei nackte Figuren sitzen in dunklem Innenraum. Die hellere Figur wirkt liegend und die dunklere Figur aufrecht.,Two nude figures sit in a dark interior. A lighter seated figure and a darker bent figure define the scene.,Two nude body forms sit in a dark interior. The pale figure looks more upright and the dark one less bent.,Two nude figures sit in a dark interior. The paler figure looks reclining and the darker figure upright.,image_type=expressionism; source=direct_image_inspection; language=de; fit_levels=high_partial_low; prompt_repair_visual_form_human_style_2026-05-19; semi_congruent_tightened_near_miss_2026-05-19; incongruent_repaired_same_domain_far_near_miss_2026-05-19; congruency_spread_balance_checked_2026-05-19; semi_congruent_noncomparative_rewrite_2026-05-19; content_based_no_position_mismatch_2026-05-20; congruent_no_position_terms_2026-05-20,False
031,031.jpg,maternit_233_after_picasso_0194.jpg,expressionism/maternit_233_after_picasso_0194.jpg,expressionism,"Eine Frau in blauem Mantel sitzt frontal hinter einem Kind auf einem Stuhl, begleitet von einem hellen Hund. Das helle Kleid und der dunkle Stuhl stehen vor blauem Grund.",Eine Frau in blauem Mantel sitzt frontal auf einem Stuhl vor blauem Grund. Eine kleine helle Tierform ergänzt die Szene.,"Eine Frau in grünblauem Mantel sitzt auf einem Stuhl, begleitet von einem hellen Tier. Der Hintergrund wirkt heller und unruhiger.","A woman in a blue coat sits frontally behind a child on a chair, accompanied by a pale dog. The pale dress and dark chair stand against a blue ground.",A woman in a blue coat sits frontally on a chair before a blue ground. A small pale animal form completes the scene.,"A woman in a green-blue coat sits on a chair, accompanied by a pale animal. The background looks lighter and less even.",image_type=expressionism; source=direct_image_inspection; language=de; fit_levels=high_partial_low; prompt_repair_visual_form_human_style_2026-05-19; semi_congruent_tightened_near_miss_2026-05-19; incongruent_repaired_same_domain_far_near_miss_2026-05-19; congruency_spread_balance_checked_2026-05-19; semi_congruent_noncomparative_rewrite_2026-05-19; content_based_no_position_mismatch_2026-05-20; congruent_no_position_terms_2026-05-20,False
032,032.jpg,miguel_de_cervantes_0146.jpg,expressionism/miguel_de_cervantes_0146.jpg,expressionism,Eine dunkle Figur geht auf einem hellen Weg durch eine Landschaft mit Windmühle. Der Weg führt in die Tiefe zu Horizont und Himmel.,Eine dunkle Figur geht auf einem hellen Pfad durch eine Landschaft mit Windmühle. Der Pfad wirkt gerader und flacher.,"Eine dunkle Figur steht auf einem hellen Weg in einer Landschaft. Die Windmühle wirkt massiv und nah, der Pfad breit und glatt.",A dark figure walks on a pale path through a landscape with a windmill. The path leads into depth toward horizon and sky.,A dark figure walks on a pale path through a landscape with a windmill. The path looks straighter and flatter.,"A dark figure stands on a pale path in a landscape. The windmill looks massive and close, and the path broad and smooth.",image_type=expressionism; source=direct_image_inspection; language=de; fit_levels=high_partial_low; prompt_repair_visual_form_human_style_2026-05-19; semi_congruent_tightened_near_miss_2026-05-19; incongruent_repaired_same_domain_far_near_miss_2026-05-19; congruency_spread_balance_checked_2026-05-19; semi_congruent_noncomparative_rewrite_2026-05-19; removed_comparative_markers_semi_incongruent_2026-05-20; content_based_no_position_mismatch_2026-05-20; content_position_terms_cleaned_2026-05-20; congruent_no_position_terms_2026-05-20,False
033,033.jpg,misery_0089.jpg,expressionism/misery_0089.jpg,expressionism,Ein dunkler Innenraum zeigt mehrere Figuren und Betten oder Liegeflächen. Helle Gesichter und weiße Bettformen treten aus dem Schwarz hervor.,Ein dunkler Innenraum zeigt mehrere helle Figuren und Liegeflächen. Die weißen Bettformen wirken stärker gebündelt.,Ein dunkler Innenraum zeigt wenige Figuren und helle Liegeflächen. Die Gesichter sind groß und rund.,A dark interior shows several figures and beds or lying surfaces. Pale faces and white bed shapes emerge from the blackness.,A dark interior shows several pale figures and lying surfaces. The white bed forms look more tightly grouped.,A dark interior shows a few figures and pale lying surfaces. The faces are large and round.,image_type=expressionism; source=direct_image_inspection; language=de; fit_levels=high_partial_low; prompt_repair_visual_form_human_style_2026-05-19; semi_congruent_tightened_near_miss_2026-05-19; incongruent_repaired_same_domain_far_near_miss_2026-05-19; congruency_spread_balance_checked_2026-05-19; semi_congruent_noncomparative_rewrite_2026-05-19; removed_comparative_markers_semi_incongruent_2026-05-20; content_based_no_position_mismatch_2026-05-20,False
034,034.jpg,mother_and_child_on_the_beach_0214.jpg,expressionism/mother_and_child_on_the_beach_0214.jpg,expressionism,"Eine stehende Frau mit Kind steht vor blau-grünem Hintergrund. Die Figur ist in dunkle Kleidung gehüllt, das Kind liegt hell am Oberkörper.",Eine stehende Mutter-Kind-Form steht vor blau-grünem Hintergrund. Das Kind wirkt kleiner und die Kleidung breiter geöffnet.,Eine stehende Frau mit Kind steht vor grünlichem Hintergrund. Die Figur trägt helle Kleidung und das Kind wirkt klein.,"A standing woman with a child appears before a blue-green background. The figure is wrapped in dark clothing, and the child lies pale at the torso.",A standing mother-and-child form appears before a blue-green background. The child looks smaller and the clothing opens wider.,A standing woman with child stands before a greenish background. The figure wears pale clothing and the child looks small.,image_type=expressionism; source=direct_image_inspection; language=de; fit_levels=high_partial_low; prompt_repair_visual_form_human_style_2026-05-19; semi_congruent_tightened_near_miss_2026-05-19; incongruent_repaired_same_domain_far_near_miss_2026-05-19; congruency_spread_balance_checked_2026-05-19; semi_congruent_noncomparative_rewrite_2026-05-19; removed_comparative_markers_semi_incongruent_2026-05-20; content_based_no_position_mismatch_2026-05-20; content_position_terms_cleaned_2026-05-20,False
035,035.jpg,night_0017.jpg,expressionism/night_0017.jpg,expressionism,Ein dunkler Innenraum wird von hellem Fensterlicht und Licht auf dem Boden geteilt. Wand und Lichtstreifen führen den Blick in den Raum.,Helle Lichtbahnen fallen in einen dunklen Raum und treffen Boden und Wand. Die Streifen wirken steiler und schärfer.,Ein dunkler Innenraum wird von breiten senkrechten Lichtstreifen geteilt. Die Treppe wirkt flach und hart.,A dark interior is divided by pale window light and light on the floor. Wall and light strips guide the gaze into the room.,Pale bands of light fall into a dark room and touch floor and wall. The stripes look steeper and sharper.,A dark interior is divided by broad strips of light. The stairs look flat and hard.,image_type=expressionism; source=direct_image_inspection; language=de; fit_levels=high_partial_low; prompt_repair_visual_form_human_style_2026-05-19; semi_congruent_tightened_near_miss_2026-05-19; incongruent_repaired_same_domain_far_near_miss_2026-05-19; congruency_spread_balance_checked_2026-05-19; semi_congruent_noncomparative_rewrite_2026-05-19; content_based_no_position_mismatch_2026-05-20; content_position_terms_cleaned_2026-05-20; congruent_no_position_terms_2026-05-20,False
036,036.jpg,old_fisherman_0239.jpg,expressionism/old_fisherman_0239.jpg,expressionism,"Ein älterer Mann mit Mütze hält die Hände nah am Mund. Gesicht, Hände und dunkle Kleidung liegen vor einem gedämpften Landschaftshintergrund.",Ein älterer Mann mit Mütze hält die Hände am Gesicht. Die Hände liegen an der Wange und der Hintergrund wirkt innenraumartig.,Ein älterer Mann mit heller Mütze hält eine Hand am Kinn und eine am Körper. Der Hintergrund bildet eine dunkle Wand.,"An older man with a cap holds his hands close to his mouth. Face, hands, and dark clothing sit before a muted landscape background.",An older man with a cap holds his hands at his face. The hands lie at the cheek and the background feels interior-like.,An older man with a pale cap holds one hand at his chin and one at the body. The background forms a dark wall.,image_type=expressionism; source=direct_image_inspection; language=de; fit_levels=high_partial_low; prompt_repair_visual_form_human_style_2026-05-19; semi_congruent_tightened_near_miss_2026-05-19; incongruent_repaired_same_domain_far_near_miss_2026-05-19; congruency_spread_balance_checked_2026-05-19; semi_congruent_noncomparative_rewrite_2026-05-19; removed_comparative_markers_semi_incongruent_2026-05-20; content_based_no_position_mismatch_2026-05-20,False
037,037.jpg,peat_digging_0251.jpg,expressionism/peat_digging_0251.jpg,expressionism,Ein heller Fluss oder Bach zieht durch dunkle grüne Ufer in die Tiefe. Helle Häuser und der Wasserlauf bestimmen die Landschaft.,Ein heller Wasserstreifen zieht durch dunkle grüne Ufer in die Tiefe. Die Häuser wirken größer und der Wasserlauf schmaler.,Ein heller Fluss zieht durch grüne Ufer. Der Wasserlauf wirkt schmal und teilt das Bild kaum.,A pale river or stream runs through dark green banks into depth. Pale houses and the watercourse define the landscape.,A pale strip of water runs through dark green banks into depth. The houses look larger and the watercourse narrower.,A pale river runs through green banks. The watercourse feels offset and barely divides the image.,image_type=expressionism; source=direct_image_inspection; language=de; fit_levels=high_partial_low; prompt_repair_visual_form_human_style_2026-05-19; semi_congruent_tightened_near_miss_2026-05-19; incongruent_repaired_same_domain_far_near_miss_2026-05-19; congruency_spread_balance_checked_2026-05-19; semi_congruent_noncomparative_rewrite_2026-05-19; removed_comparative_markers_semi_incongruent_2026-05-20; content_based_no_position_mismatch_2026-05-20; content_position_terms_cleaned_2026-05-20; congruent_no_position_terms_2026-05-20,False
038,038.jpg,radiant_sunset_0262.jpg,expressionism/radiant_sunset_0262.jpg,expressionism,Eine helle Sonne steht am Horizont und wirft einen schmalen Lichtstreifen auf violette und blaue Felder. Dunkle Bäume begleiten den Horizont.,Eine helle Sonne steht am Horizont bei violett-blauen Feldern. Der Lichtstreifen wirkt breiter und weicher.,Eine helle Sonne leuchtet bei violett-blauen Feldern. Der Lichtstreifen wirkt breit und milchig.,A bright sun stands at the horizon and casts a narrow strip of light across violet and blue fields. Dark trees accompany the horizon.,A bright sun stands at the horizon with violet-blue fields. The light strip looks broader and softer.,A bright sun glows with violet-blue fields. The light strip looks broad and milky.,image_type=expressionism; source=direct_image_inspection; language=de; fit_levels=high_partial_low; prompt_repair_visual_form_human_style_2026-05-19; semi_congruent_tightened_near_miss_2026-05-19; incongruent_repaired_same_domain_far_near_miss_2026-05-19; congruency_spread_balance_checked_2026-05-19; semi_congruent_noncomparative_rewrite_2026-05-19; content_based_no_position_mismatch_2026-05-20; content_position_terms_cleaned_2026-05-20; congruent_no_position_terms_2026-05-20,False
039,039.jpg,separation_0085.jpg,expressionism/separation_0085.jpg,expressionism,Eine dunkle stehende Figur befindet sich bei einer großen goldenen Frauenform. Der Hintergrund ist grau-violett mit schwarzen schwebenden Flecken.,Eine dunkle stehende Figur befindet sich mit einer hellen geschwungenen Gefäßform auf grau-violettem Grund. Die weiße Form wirkt schmaler.,Eine dunkle stehende Figur befindet sich mit einer schmalen weißen Gefäßform im Bild. Der grau-violette Hintergrund enthält helle schwebende Flecken.,A dark standing figure appears with a large golden shape of a woman. The background is gray-violet with black floating patches.,A dark standing figure appears with a pale curved vessel form on a gray-violet ground. The white form looks narrower.,A dark standing figure appears with a narrow white vessel form. The gray-violet background contains pale floating patches.,image_type=expressionism; source=direct_image_inspection; language=de; fit_levels=high_partial_low; prompt_repair_visual_form_human_style_2026-05-19; semi_congruent_tightened_near_miss_2026-05-19; incongruent_repaired_same_domain_far_near_miss_2026-05-19; congruency_spread_balance_checked_2026-05-19; semi_congruent_noncomparative_rewrite_2026-05-19; removed_comparative_markers_semi_incongruent_2026-05-20; content_based_no_position_mismatch_2026-05-20; content_position_terms_cleaned_2026-05-20; congruent_no_position_terms_2026-05-20,False
040,040.jpg,skeletons_fighting_over_a_pickled_herring_0031.jpg,expressionism/skeletons_fighting_over_a_pickled_herring_0031.jpg,expressionism,"Zwei Totenschädel erscheinen vor rosa-violettem Grund, einer trägt eine dunkle Federform. Der Hintergrund ist weich bewegt.",Zwei Totenschädel stehen vor rosa-violettem Grund. Eine dunkle Federform gehört zu den Köpfen.,Zwei Totenschädel stehen vor rosa-violettem Grund. Die dunkle Federform wirkt schwer und dicht bei den Köpfen.,"Two skulls appear against a pink-violet ground, one carrying a dark feather-like form. The background is softly moving.",Two skulls stand before a pink-violet ground. A dark feather-like form belongs to the heads.,Two skulls before a pink-violet ground. The dark feather-like form looks heavy and close to the heads.,image_type=expressionism; source=direct_image_inspection; language=de; fit_levels=high_partial_low; prompt_repair_visual_form_human_style_2026-05-19; semi_congruent_tightened_near_miss_2026-05-19; incongruent_repaired_same_domain_far_near_miss_2026-05-19; congruency_spread_balance_checked_2026-05-19; semi_congruent_noncomparative_rewrite_2026-05-19; removed_comparative_markers_semi_incongruent_2026-05-20; content_based_no_position_mismatch_2026-05-20; content_position_terms_cleaned_2026-05-20; congruent_no_position_terms_2026-05-20,False
041,041.jpg,the_family_of_blind_man_0291.jpg,expressionism/the_family_of_blind_man_0291.jpg,expressionism,"Vater, Kind und Mutter mit Kleinkind im Arm stehen vor hellblauem Hintergrund. Dunkle und weiße Pinselstriche formen Kopf, Körper und Beine.",Eine schmale blaue Figur steht vor hellblauem Hintergrund. Dunkle Striche sammeln sich an den Beinen.,Eine schmale blaue Figur steht fast gerade vor hellblauem Hintergrund. Der Kopf wirkt breit und die Beine kurz.,"Father, child and mother holding a newborn stand before a light blue background. Dark and white brushstrokes form head, body, and legs.",A narrow blue figure stands before a light blue background. Dark strokes gather around the legs.,A narrow blue figure stands almost straight before a light blue background. The head looks broad and the legs short.,image_type=expressionism; source=direct_image_inspection; language=de; fit_levels=high_partial_low; prompt_repair_visual_form_human_style_2026-05-19; semi_congruent_tightened_near_miss_2026-05-19; incongruent_repaired_same_domain_far_near_miss_2026-05-19; congruency_spread_balance_checked_2026-05-19; semi_congruent_noncomparative_rewrite_2026-05-19; content_based_no_position_mismatch_2026-05-20,False
042,042.jpg,candidate_030_surrealism_meliboeus.jpg,candidate_images/chosen/candidate_030_surrealism_meliboeus.jpg,surrealism,"Ein Gesicht mit Kopftuch füllt das Bild und ist von dunklen Linien und Blattformen überzogen. Augen, Mund und gefaltete Hände liegen eng beisammen.",Ein großes Gesicht mit hellem Kopftuch füllt das Bild. Die gefalteten Hände wirken kleiner und die dunklen Linien rahmen stärker.,Ein Gesicht mit Kopftuch füllt das Bild. Die Augen liegen weit auseinander und die Hände wirken klein. Die dunklen Linien bilden ein äußeres Muster.,"A face with a headscarf fills the image and is crossed by dark lines and leaf forms. Eyes, mouth, and folded hands lie close together.",A large face with a pale headscarf fills the image. The folded hands look smaller and the dark lines frame more strongly.,A face with a headscarf fills the image. The eyes lie far apart and the hands look small. The dark lines form an outer pattern.,image_type=surrealism; source=chosen_candidate_direct_image_inspection; language=de; fit_levels=high_partial_low; prompt_repair_visual_form_human_style_2026-05-19; semi_congruent_tightened_near_miss_2026-05-19; incongruent_repaired_same_domain_far_near_miss_2026-05-19; congruency_spread_balance_checked_2026-05-19; semi_congruent_noncomparative_rewrite_2026-05-19; removed_comparative_markers_semi_incongruent_2026-05-20; content_based_no_position_mismatch_2026-05-20; content_position_terms_cleaned_2026-05-20; congruent_no_position_terms_2026-05-20,False
043,043.jpg,woman_with_dead_child_0295.jpg,expressionism/woman_with_dead_child_0295.jpg,expressionism,Eine dunkle zusammengerollte Körperform liegt bei einer helleren liegenden Form. Die Zeichnung ist schwarz-grau und stark auf Körperkonturen konzentriert.,Eine dunkle zusammengerollte Körperform berührt eine hellere liegende Form auf hellem Grund. Dunkle Schraffuren wirken stärker gebündelt.,"Zwei liegende Körperformen füllen die Bildfläche. Die helle Form wirkt dominanter, die dunkle darunter schwerer.",A dark curled body form lies with a paler reclining form. The drawing is black-gray and strongly focused on body contours.,A dark curled body form touches a paler reclining form on a light ground. Dark hatching looks more tightly grouped.,"Two reclining body forms fill the image field. The pale form looks more dominant, and the dark one heavier.",image_type=expressionism; source=direct_image_inspection; language=de; fit_levels=high_partial_low; prompt_repair_visual_form_human_style_2026-05-19; semi_congruent_tightened_near_miss_2026-05-19; incongruent_repaired_same_domain_far_near_miss_2026-05-19; congruency_spread_balance_checked_2026-05-19; semi_congruent_noncomparative_rewrite_2026-05-19; removed_comparative_markers_semi_incongruent_2026-05-20; content_based_no_position_mismatch_2026-05-20; content_position_terms_cleaned_2026-05-20; congruent_no_position_terms_2026-05-20,False
044,044.jpg,candidate_030_surrealism_trois_masques_1933.jpg,candidate_images/chosen/candidate_030_surrealism_trois_masques_1933.jpg,surrealism,Drei maskenartige Gesichter stehen vor blauem Hintergrund. Ein helles frontales Gesicht wird von zwei orangefarbenen Profilen eingerahmt.,Drei maskenartige Gesichter stehen dicht nebeneinander auf blauem Grund. Eine helle Maske und dunklere Profile bestimmen die Gruppe.,Drei maskenartige Gesichter stehen vor blauem Hintergrund. Die mittlere Maske ist orange und die seitlichen Gesichter sind hell.,Three mask-like faces stand before a blue background. A pale frontal face is framed by two orange profiles.,Three mask-like faces stand close together on a blue ground. A pale mask and darker profiles define the group.,Three mask-like faces stand before a blue background. One mask is orange and the pale faces look flatter.,image_type=surrealism; source=chosen_candidate_direct_image_inspection; language=de; fit_levels=high_partial_low; prompt_repair_visual_form_human_style_2026-05-19; semi_congruent_tightened_near_miss_2026-05-19; incongruent_repaired_same_domain_far_near_miss_2026-05-19; congruency_spread_balance_checked_2026-05-19; semi_congruent_noncomparative_rewrite_2026-05-19; removed_comparative_markers_semi_incongruent_2026-05-20; content_based_no_position_mismatch_2026-05-20; content_position_terms_cleaned_2026-05-20; congruent_no_position_terms_2026-05-20,False
045,045.jpg,chicken_wire_0298.jpg,minimalism/chicken_wire_0298.jpg,minimalism,Ein regelmäßiges helles Wabenmuster mit vier zentralen Maschen bedeckt fast das ganze Bild. Die sechseckigen Linien sind gelblich und werden außen etwas dunkler.,Viele helle sechseckige Zellen bilden ein flaches Wabenmuster. Die Linien sind dunkler und lockerer gesetzt.,Ein helles Wabenmuster bedeckt die Fläche. Die Zellen sind groß und unregelmäßig. Die Linien wirken zur Mitte dunkler.,A regular pale honeycomb pattern with four linked chain shapes covers almost the whole image. The hexagonal lines are yellowish and become slightly darker toward the boundary.,Many pale hexagonal cells form a flat honeycomb pattern. The lines are darker and more loosely spaced.,A pale honeycomb pattern covers the surface. The cells are large and irregular. The lines look darker and heavier.,image_type=minimalism; source=direct_image_inspection; language=de; fit_levels=high_partial_low; prompt_repair_visual_form_human_style_2026-05-19; semi_congruent_tightened_near_miss_2026-05-19; incongruent_repaired_same_domain_far_near_miss_2026-05-19; congruency_spread_balance_checked_2026-05-19; semi_congruent_noncomparative_rewrite_2026-05-19; removed_comparative_markers_semi_incongruent_2026-05-20; content_based_no_position_mismatch_2026-05-20; content_position_terms_cleaned_2026-05-20; congruent_no_position_terms_2026-05-20,False
046,046.jpg,d1_6_0207.jpg,minimalism/d1_6_0207.jpg,minimalism,"Ein großer schwarzer Kreis hängt in einer hellen quadratischen Fläche, begleitet von einer dunklen verschwommenen Schattenform. Der Aufbau wirkt streng und reduziert.",Eine schwarze runde Form hängt in einer hellen quadratischen Fläche. Ein weicher dunkler Schatten sitzt nah am Kreis.,Ein schwarzer Kreis hängt in einer hellen quadratischen Fläche. Dazu liegt ein scharfer kleiner Schatten.,"A large black circle hangs in a pale square field, accompanied by a dark blurred shadow form. The structure feels strict and reduced.",A black round form hangs in a pale square field. A soft dark shadow sits close to the circle.,A black circle hangs inside a pale square field. A sharp small shadow accompanies it.,image_type=minimalism; source=direct_image_inspection; language=de; fit_levels=high_partial_low; prompt_repair_visual_form_human_style_2026-05-19; semi_congruent_tightened_near_miss_2026-05-19; incongruent_repaired_same_domain_far_near_miss_2026-05-19; congruency_spread_balance_checked_2026-05-19; semi_congruent_noncomparative_rewrite_2026-05-19; content_based_no_position_mismatch_2026-05-20; content_position_terms_cleaned_2026-05-20; congruent_no_position_terms_2026-05-20,False
047,047.jpg,sex_symbol_0190.jpg,minimalism/sex_symbol_0190.jpg,minimalism,Ein schwarzer Kreis sitzt in einer hellen rechteckigen Fläche. Ein halbkreisförmiger dunkler Bogen und kleine schwarze Sockellinien ergänzen ihn.,Ein schwarzer Kreis sitzt in einer hellen senkrechten Fläche. Der dunkle Bogen wirkt fast geschlossen und die kurzen Linien locker.,"Ein schwarzer Kreis sitzt in einer hellen rechteckigen Fläche. Der dunkle Bogen wird zur fast geschlossenen Klammer, die kurzen Linien wirken locker.",A black circle sits in a pale rectangular field. A dark semicircular arc and small black base-like lines complement it.,A black circle sits in a pale rectangular field. The dark arc looks almost closed and the short lines loose.,"A black circle sits in a pale rectangular field. The dark arc becomes an almost closed bracket, and the short lines look loose.",image_type=minimalism; source=direct_image_inspection; language=de; fit_levels=high_partial_low; prompt_repair_visual_form_human_style_2026-05-19; semi_congruent_tightened_near_miss_2026-05-19; incongruent_repaired_same_domain_far_near_miss_2026-05-19; congruency_spread_balance_checked_2026-05-19; semi_congruent_noncomparative_rewrite_2026-05-19; content_based_no_position_mismatch_2026-05-20; content_position_terms_cleaned_2026-05-20; congruent_no_position_terms_2026-05-20,False
048,048.jpg,split_ring_image_1_2009_0041.jpg,minimalism/split_ring_image_1_2009_0041.jpg,minimalism,"Zwei große farbige Ringsegmente bilden eine fast geschlossene Kreisform auf weißem Grund. Ein Segment ist gelbgrün, das andere orange-rot.",Zwei große farbige Ringsegmente bilden eine fast geschlossene Kreisform auf weißem Grund. Gelb und Rot wirken kräftiger.,Zwei farbige Ringsegmente bilden eine offene Kreisform. Rot-orange und Gelbgrün wirken vertauscht in ihrer Gewichtung.,"Two large colored ring segments form an almost closed circular shape on a white ground. One segment is yellow-green, the other orange-red.",Two large colored ring segments form an almost closed circular shape on a white ground. Yellow and red look stronger.,Two colored ring segments form an open circular shape. Red-orange and yellow-green feel swapped in emphasis.,image_type=minimalism; source=direct_image_inspection; language=de; fit_levels=high_partial_low; prompt_repair_visual_form_human_style_2026-05-19; semi_congruent_tightened_near_miss_2026-05-19; incongruent_repaired_same_domain_far_near_miss_2026-05-19; congruency_spread_balance_checked_2026-05-19; semi_congruent_noncomparative_rewrite_2026-05-19; removed_comparative_markers_semi_incongruent_2026-05-20; content_based_no_position_mismatch_2026-05-20; congruent_no_position_terms_2026-05-20,False
049,049.jpg,candidate_044_realism_landscape_with_a_flowerbed_1917.jpg,candidate_images/chosen/candidate_044_realism_landscape_with_a_flowerbed_1917.jpg,realism,"Ein heller Garten mit Blumenbeet liegt bei grünen Bäumen. Eine Person, viele kleine Blüten und gelbe Bäume füllen die räumliche Tiefe.",Ein heller Garten mit Blumenbeet liegt bei grünen Bäumen. Breite helle Wege und viele Blüten bestimmen die Szene.,Ein heller Garten mit Blumenbeet liegt bei grünen Bäumen. Die Wege wirken weich auslaufend und die gelben Baumformen werden sehr dominant.,"A bright garden with a flower bed lies among green trees. A person, many small blossoms, and yellow trees fill the spatial depth.",A bright garden with a flower bed lies among green trees. Broad pale paths and many blossoms define the scene.,A bright garden with a flower bed lies among green trees. The paths feel softly spreading and the yellow tree forms become very dominant.,image_type=realism; source=chosen_candidate_direct_image_inspection; language=de; fit_levels=high_partial_low; prompt_repair_visual_form_human_style_2026-05-19; semi_congruent_tightened_near_miss_2026-05-19; incongruent_repaired_same_domain_far_near_miss_2026-05-19; congruency_spread_balance_checked_2026-05-19; semi_congruent_noncomparative_rewrite_2026-05-19; removed_comparative_markers_semi_incongruent_2026-05-20; content_based_no_position_mismatch_2026-05-20; content_position_terms_cleaned_2026-05-20; congruent_no_position_terms_2026-05-20,False
050,050.jpg,a_panic_in_the_middle_ages_0264.jpg,surrealism/a_panic_in_the_middle_ages_0264.jpg,surrealism,Mehrere weiß gekleidete Figuren verrenken sich in einem Raum mit rotem Rahmen und dunklem Boden. Die Körper wirken geneigt und bewegt. Die Köpfe fehlen.,Mehrere weiß gekleidete Figuren bewegen sich in einem Raum mit rotem Rahmen. Die Körper wirken waagrechter und der Boden dunkler.,Mehrere weiß gekleidete Figuren bewegen sich in einem Raum mit blauem Rahmen und hellem Boden. Die Körper wirken aufrechter und enger gruppiert.,Several white-clothed figures twist in a room with a red frame and dark floor. The bodies look bent and in motion. The heads are missing.,Several white-clothed figures move inside a room with a red frame. The bodies look more stretched and the floor darker.,Several white-clothed figures move inside a room with a blue frame and pale floor. The bodies look more upright and tightly grouped.,image_type=surrealism; source=direct_image_inspection; language=de; fit_levels=high_partial_low; prompt_repair_visual_form_human_style_2026-05-19; semi_congruent_tightened_near_miss_2026-05-19; incongruent_repaired_same_domain_far_near_miss_2026-05-19; congruency_spread_balance_checked_2026-05-19; semi_congruent_noncomparative_rewrite_2026-05-19; content_based_no_position_mismatch_2026-05-20; content_position_terms_cleaned_2026-05-20; congruent_no_position_terms_2026-05-20,False
051,051.jpg,candidate_050_impressionism_the_blue_vase.jpg,candidate_images/chosen/candidate_050_impressionism_the_blue_vase.jpg,impressionism,"Eine helle blau-weiße Vase steht auf einem braunen Tisch, darin gelbe und rosa Blüten. Eine helle runde Frucht oder Blüte liegt ebenfalls auf dem Tisch.",Eine helle blau-weiße Vase steht auf braunem Tisch vor grauem Hintergrund. Eine gelbe Blüte und eine helle runde Form ziehen Aufmerksamkeit.,Eine helle Vase steht auf braunem Tisch vor grauem Hintergrund. Die Blüten sind vor allem rot und weiß.,"A pale blue-white vase stands on a brown table, holding yellow and pink blossoms. A pale round fruit or blossom also lies on the table.",A pale blue-white vase stands on a brown table before a gray background. A yellow blossom and a pale round form draw attention.,A pale vase stands on a brown table before a gray background. The blossoms are mostly red and white.,image_type=impressionism; source=chosen_candidate_direct_image_inspection; language=de; fit_levels=high_partial_low; prompt_repair_visual_form_human_style_2026-05-19; semi_congruent_tightened_near_miss_2026-05-19; incongruent_repaired_same_domain_far_near_miss_2026-05-19; congruency_spread_balance_checked_2026-05-19; semi_congruent_noncomparative_rewrite_2026-05-19; removed_comparative_markers_semi_incongruent_2026-05-20; content_based_no_position_mismatch_2026-05-20; congruent_no_position_terms_2026-05-20,False
052,052.jpg,before_the_snow_0016.jpg,surrealism/before_the_snow_0016.jpg,surrealism,"Eine helle rosa Blütenform liegt zentral vor dunklem Hintergrund, begleitet von weiteren rosa Blattformen. Eine graue Linie zieht durch den Bildbereich.",Pinke Blüten- oder Blattformen leuchten vor dunklem Feld. Die größte helle Form wirkt kräftig und die rote Linie klar.,Eine rosa Blütenform liegt vor dunklem Hintergrund. Weitere Blätter und eine rote Linie wirken kantiger und unruhiger.,"A pale pink flower form lies centrally before a dark background, accompanied by additional pink leaf forms. A gray line runs through the pictorial area.",Pink flower or leaf forms glow before a dark field. The largest pale form looks strong and the red line clear.,A pink flower form lies before a dark background. Further leaves and a red line look more angular and restless.,image_type=surrealism; source=direct_image_inspection; language=de; fit_levels=high_partial_low; prompt_repair_visual_form_human_style_2026-05-19; semi_congruent_tightened_near_miss_2026-05-19; incongruent_repaired_same_domain_far_near_miss_2026-05-19; congruency_spread_balance_checked_2026-05-19; semi_congruent_noncomparative_rewrite_2026-05-19; content_based_no_position_mismatch_2026-05-20; content_position_terms_cleaned_2026-05-20; congruent_no_position_terms_2026-05-20,False
053,053.jpg,checkmate_0209.jpg,surrealism/checkmate_0209.jpg,surrealism,Ein Frauenkopf mit geschlossenen Augen sitzt in einem perspektivischen Raum mit schwarz-weißem Schachboden. Eine große helle Schachfigur lehnt an der Wand.,Ein Frauenkopf mit geschlossenen Augen sitzt in einem perspektivischen Raum mit Schachboden. Eine helle Figur hängt im Raum.,Ein Frauenkopf mit offenen Augen sitzt in einem perspektivischen Raum mit dunklem Boden. Eine helle Figur wirkt größer.,A woman's head with closed eyes sits in a perspective room with a black-and-white checkerboard floor. A big pale chess figure leans against the wall.,A woman’s head with closed eyes sits inside a perspective room with a checkerboard floor. A pale form hangs in the room.,A woman’s head with open eyes sits inside a perspective room with a dark floor. A pale form looks larger.,image_type=surrealism; source=direct_image_inspection; language=de; fit_levels=high_partial_low; prompt_repair_visual_form_human_style_2026-05-19; semi_congruent_tightened_near_miss_2026-05-19; incongruent_repaired_same_domain_far_near_miss_2026-05-19; congruency_spread_balance_checked_2026-05-19; semi_congruent_noncomparative_rewrite_2026-05-19; content_based_no_position_mismatch_2026-05-20; congruent_no_position_terms_2026-05-20,False
054,054.jpg,composition_0297.jpg,surrealism/composition_0297.jpg,surrealism,"Auf blauem Grund liegen eine schwarze schräge Rechteckform, eine weiße vogelartige Form und gelb-schwarze Flächen. Die Elemente schweben lose im Bildraum.","Mehrere isolierte Formen schweben auf blauem Grund. Schwarze, weiße und gelbe Elemente wirken klar getrennt.","Auf blauem Grund schweben schwarze, weiße und gelbe Formen. Die schwarze Rechteckform wirkt massiv und die weiße Vogelform schwer.","On a blue ground lie a black angled rectangular form, a white bird-like form, and yellow-black areas. The elements float loosely in the pictorial space.","Several isolated forms float on a blue ground. Black, white, and yellow elements look clearly separated.","On a blue ground, black, white, and yellow forms float. The black rectangular form looks massive and the white bird-like form heavy.",image_type=surrealism; source=direct_image_inspection; language=de; fit_levels=high_partial_low; prompt_repair_visual_form_human_style_2026-05-19; semi_congruent_tightened_near_miss_2026-05-19; incongruent_repaired_same_domain_far_near_miss_2026-05-19; congruency_spread_balance_checked_2026-05-19; semi_congruent_noncomparative_rewrite_2026-05-19; removed_comparative_markers_semi_incongruent_2026-05-20; content_based_no_position_mismatch_2026-05-20; content_position_terms_cleaned_2026-05-20; congruent_no_position_terms_2026-05-20,False
055,055.jpg,dance_0182.jpg,surrealism/dance_0182.jpg,surrealism,"Eine vereinfachte bunte Tier- oder Körperform steht vor ockerfarbenem Grund. Blaue, rote, gelbe und schwarze Flächen bilden einen geschwungenen zentralen Körper.",Eine bunte organische Tier- oder Körperform steht vor ockerfarbenem Grund. Ein kleiner blauer Bereich und rote-gelbe Flächen füllen die Form.,"Eine bunte geschwungene Körperform steht vor ockerfarbenem Grund. Der blaue Bereich gehört zum unteren Körper, rote und gelbe Flächen wirken schwer.","A simplified colorful animal- or body-like form stands before an ocher ground. Blue, red, yellow, and black areas build a curved central body.",A colorful organic animal- or body-like form stands before an ocher ground. A small blue area and red-yellow fields fill the form.,"A colorful curved body form stands before an ocher ground. The blue area belongs to the body, and red and yellow areas look heavy.",image_type=surrealism; source=direct_image_inspection; language=de; fit_levels=high_partial_low; prompt_repair_visual_form_human_style_2026-05-19; semi_congruent_tightened_near_miss_2026-05-19; incongruent_repaired_same_domain_far_near_miss_2026-05-19; congruency_spread_balance_checked_2026-05-19; semi_congruent_noncomparative_rewrite_2026-05-19; removed_comparative_markers_semi_incongruent_2026-05-20; content_based_no_position_mismatch_2026-05-20; content_position_terms_cleaned_2026-05-20,False
056,056.jpg,eve_the_only_one_left_to_us_0171.jpg,surrealism/eve_the_only_one_left_to_us_0171.jpg,surrealism,"Eine helle, zottige kopfartige Form steht auf einem schmalen Hals vor dunklem braunem Hintergrund. Eine helle strukturierte Wandkante begrenzt den Raum.",Eine helle zottige Kopfform steht auf schmalem Hals vor dunklem braunem Grund. Eine helle Wandkante rahmt die Form.,Eine helle zottige Kopfform steht auf einem breiten dunklen Hals vor gelbem Hintergrund. Die helle Wandkante wirkt groß.,A pale shaggy head-like form stands on a narrow neck against a dark brown background. A pale textured wall boundary limits the space.,A pale shaggy head-like form stands on a narrow neck before a dark brown ground. A pale wall boundary frames the form.,A pale shaggy head-like form stands on a broad dark neck before a yellow background. The pale wall boundary looks large.,image_type=surrealism; source=direct_image_inspection; language=de; fit_levels=high_partial_low; prompt_repair_visual_form_human_style_2026-05-19; semi_congruent_tightened_near_miss_2026-05-19; incongruent_repaired_same_domain_far_near_miss_2026-05-19; congruency_spread_balance_checked_2026-05-19; semi_congruent_noncomparative_rewrite_2026-05-19; content_based_no_position_mismatch_2026-05-20; content_position_terms_cleaned_2026-05-20; congruent_no_position_terms_2026-05-20,False
057,057.jpg,candidate_061_expressionism_still_life_with_sunflower_1931.jpg,candidate_images/chosen/candidate_061_expressionism_still_life_with_sunflower_1931.jpg,expressionism,"Eine große gelbe Sonnenblume steht in einer hellen Vase vor grauem Hintergrund. Dunkle grüne Blätter rahmen die Blüte, ein schmaler Tischabschluss ist sichtbar.",Eine große gelbe Sonnenblume steht in einer hellen Vase vor grauem Hintergrund. Die Blüte wirkt runder und die Blätter spärlicher.,Eine große gelbe Blume steht in einer dunklen Vase vor graubraunem Hintergrund. Die grünen Blätter wirken dicht und schwer.,"A large yellow sunflower stands in a pale vase before a gray background. Dark green leaves frame the blossom, and a narrow table boundary is visible.",A large yellow sunflower stands in a pale vase before a gray background. The blossom looks rounder and the leaves sparser.,A large yellow flower stands in a dark vase before a gray-brown background. The green leaves look dense and heavy.,image_type=expressionism; source=chosen_candidate_direct_image_inspection; language=de; fit_levels=high_partial_low; prompt_repair_visual_form_human_style_2026-05-19; semi_congruent_tightened_near_miss_2026-05-19; incongruent_repaired_same_domain_far_near_miss_2026-05-19; congruency_spread_balance_checked_2026-05-19; semi_congruent_noncomparative_rewrite_2026-05-19; content_based_no_position_mismatch_2026-05-20; congruent_no_position_terms_2026-05-20,False
058,058.jpg,habitantes_del_silencio_2_0139.jpg,surrealism/habitantes_del_silencio_2_0139.jpg,surrealism,"Eine dunkle Kopfform liegt auf blauem Grund, darin leuchten orangebraune und weiße kleine Formen. Die Form wirkt dicht und organisch.",Eine dunkle organische Tier- oder Fellform liegt auf blauem Grund. Warme orangebraune Akzente bilden eine lockere Kontur.,"Eine dunkle organische Fellform liegt auf blauem Grund. Die Form bleibt offener und heller, die orangebraunen Akzente bilden eine grobe Kontur.","A dark head shape lies on a blue ground, containing glowing orange-brown and small white forms. The shape feels dense and organic.",A dark organic animal- or fur-like form lies on a blue ground. Warm orange-brown accents form a loose rim.,"A dark organic fur-like form lies on a blue ground. The form remains more open and pale, and orange-brown accents form a rough contour.",image_type=surrealism; source=direct_image_inspection; language=de; fit_levels=high_partial_low; prompt_repair_visual_form_human_style_2026-05-19; semi_congruent_tightened_near_miss_2026-05-19; incongruent_repaired_same_domain_far_near_miss_2026-05-19; congruency_spread_balance_checked_2026-05-19; semi_congruent_noncomparative_rewrite_2026-05-19; content_based_no_position_mismatch_2026-05-20; content_position_terms_cleaned_2026-05-20; congruent_no_position_terms_2026-05-20,False
059,059.jpg,candidate_063_expressionism_still_life_1964.jpg,candidate_images/chosen/candidate_063_expressionism_still_life_1964.jpg,expressionism,"Ein Stillleben mit schwarzer Flasche, Kanne, Tassen und Schale steht vor orangefarbenem Holzgrund. Die Gegenstände liegen auf einer hellen Tischfläche mit dunklen Konturen.","Ein Stillleben mit schwarzer Flasche, Kanne und Tassen steht vor orangefarbenem Holzgrund. Die Objekte wirken lockerer verteilt.","Ein Stillleben mit dunkler Flasche, Kanne und Tassen steht vor orangefarbenem Holzgrund. Die Objekte liegen weit auseinander und die Tischfläche wirkt dunkel.","A still life with a black bottle, pot, cups, and bowl stands before an orange wooden ground. The objects lie on a pale tabletop with dark contours.","A still life with black bottle, pot, and cups stands before an orange wooden ground. The objects look more loosely arranged.","A still life with dark bottle, pot, and cups stands before orange wood. The objects lie far apart and the tabletop looks dark.",image_type=expressionism; source=chosen_candidate_direct_image_inspection; language=de; fit_levels=high_partial_low; prompt_repair_visual_form_human_style_2026-05-19; semi_congruent_tightened_near_miss_2026-05-19; incongruent_repaired_same_domain_far_near_miss_2026-05-19; congruency_spread_balance_checked_2026-05-19; semi_congruent_noncomparative_rewrite_2026-05-19; removed_comparative_markers_semi_incongruent_2026-05-20; content_based_no_position_mismatch_2026-05-20,False
060,060.jpg,leaf_customs_0172.jpg,surrealism/leaf_customs_0172.jpg,surrealism,Ein langes helles Blatt steht auf grünlich-grauem Grund. Feine dunkle Linien teilen die Form entlang einer Mittelachse.,Ein langes helles Blatt steht auf gedämpftem Grund. Die Mittelrippe biegt sich leicht und die Spitze wirkt scharf.,Ein langes helles Blatt steht auf grünlich-grauem Grund. Die Mittelachse wirkt gebogen und die Form breit abgerundet.,A long pale leaf stands on a greenish-gray ground. Fine dark lines divide the form along a central axis.,A long pale leaf stands vertically on a muted ground. The central rib bends slightly and the tip looks sharp.,A long pale leaf stands diagonally on a greenish-gray ground. The central axis feels offset and the form broadly rounded.,image_type=surrealism; source=direct_image_inspection; language=de; fit_levels=high_partial_low; prompt_repair_visual_form_human_style_2026-05-19; semi_congruent_tightened_near_miss_2026-05-19; incongruent_repaired_same_domain_far_near_miss_2026-05-19; congruency_spread_balance_checked_2026-05-19; semi_congruent_noncomparative_rewrite_2026-05-19; content_based_no_position_mismatch_2026-05-20; content_position_terms_cleaned_2026-05-20; congruent_no_position_terms_2026-05-20,False
061,061.jpg,one_night_museum_0269.jpg,surrealism/one_night_museum_0269.jpg,surrealism,"Vier Kastenfelder zeigen eine Hand, ein rundes Objekt, einen Schuh und ein rosa Feld mit schwarzen Zeichen und Gesicht. Die Komposition ist streng in Rechtecke geteilt.","Vier Kastenfelder ordnen einzelne Objekte streng in Rechtecke. Hand, Schuh und rosa Musterfeld bleiben getrennte Motive.","Vier Kastenfelder zeigen einzelne Objekte. Die Hand und der Schuh erscheinen in vertauschten Rollen, das rosa Zeichenfeld ist fast leer.","Four box-like compartments show a hand, a round object, a shoe, and a pink field with black signs and a face. The composition is strictly divided into rectangles.","Four box-like compartments arrange separate objects strictly into rectangles. Hand, shoe, and pink patterned field remain separate motifs.","Four box-like compartments show separate objects. The hand and shoe appear in swapped roles, and the pink sign field is almost empty.",image_type=surrealism; source=direct_image_inspection; language=de; fit_levels=high_partial_low; prompt_repair_visual_form_human_style_2026-05-19; semi_congruent_tightened_near_miss_2026-05-19; incongruent_repaired_same_domain_far_near_miss_2026-05-19; congruency_spread_balance_checked_2026-05-19; semi_congruent_noncomparative_rewrite_2026-05-19; removed_comparative_markers_semi_incongruent_2026-05-20; content_based_no_position_mismatch_2026-05-20; congruent_no_position_terms_2026-05-20,False
062,062.jpg,pieta_revolution_by_night_0080.jpg,surrealism/pieta_revolution_by_night_0080.jpg,surrealism,Zwei Figuren sitzen oder stehen in einem braunen Innenraum; eine helle Figur mit roter Hose und eine dunkle Figur mit Hut. Eine kleine weiße Form schwebt im Raum.,"Zwei Figuren stehen oder sitzen in einem braunen Innenraum. Rote Hose, Hut und eine kleine weiße Form strukturieren die Szene.","Zwei Figuren stehen in einem braunen Innenraum. Die helle Figur trägt rote Hose, die dunkle Figur trägt Hut, und eine weiße Form schwebt frei.",Two figures sit or stand in a brown interior; a pale figure with red trousers and a dark figure with a hat. A small white form floats in the room.,"Two figures stand or sit in a brown interior. Red trousers, hat, and a small white form structure the scene.","Two figures stand in a brown interior. The pale figure wears red trousers, the dark figure wears a hat, and a white form floats freely.",image_type=surrealism; source=direct_image_inspection; language=de; fit_levels=high_partial_low; prompt_repair_visual_form_human_style_2026-05-19; semi_congruent_tightened_near_miss_2026-05-19; incongruent_repaired_same_domain_far_near_miss_2026-05-19; congruency_spread_balance_checked_2026-05-19; semi_congruent_noncomparative_rewrite_2026-05-19; removed_comparative_markers_semi_incongruent_2026-05-20; content_based_no_position_mismatch_2026-05-20; congruent_no_position_terms_2026-05-20,False
063,063.jpg,popular_panorama_0214.jpg,surrealism/popular_panorama_0214.jpg,surrealism,"Eine surreale Landschaft zeigt dunkle Baumreihen, ein weißes Haus, Berge und grauen Himmel. Helle Straßen oder Dächer führen in die Tiefe.","Eine surreale Landschaft zeigt Baumreihen, Berge und ein weißes Haus. Breite helle Wege führen in die Bildtiefe.","Eine surreale Landschaft zeigt Baumreihen, ein weißes Haus und Berge. Die Wege wirken starr und das Haus stärker isoliert.","A surreal landscape shows dark rows of trees, a white house, mountains, and gray sky. Pale roads or roofs lead into depth.","A surreal landscape shows rows of trees, mountains, and a white house. Broad pale paths lead into image depth.","A surreal landscape shows rows of trees, a white house, and mountains. The paths look rigid and the house more isolated.",image_type=surrealism; source=direct_image_inspection; language=de; fit_levels=high_partial_low; prompt_repair_visual_form_human_style_2026-05-19; semi_congruent_tightened_near_miss_2026-05-19; incongruent_repaired_same_domain_far_near_miss_2026-05-19; congruency_spread_balance_checked_2026-05-19; semi_congruent_noncomparative_rewrite_2026-05-19; removed_comparative_markers_semi_incongruent_2026-05-20; content_based_no_position_mismatch_2026-05-20; content_position_terms_cleaned_2026-05-20; congruent_no_position_terms_2026-05-20,False
064,064.jpg,smoker_head_0164.jpg,surrealism/smoker_head_0164.jpg,surrealism,"Eine helle stilisierte Vogelform oder Kopf-Hals-Form steht vor blauem Grund. Gelbe, rote und schwarze Formen ergänzen den Körperbereich.",Eine helle stilisierte Vogel- oder Kopf-Hals-Form steht vor blauem Grund. Gelbe und rote Akzente wirken dicht gruppiert.,Eine kurze und breite helle Vogel- oder Kopf-Hals-Form steht vor blauem Grund. Gelbe und rote Akzente wirken kopflastig.,"A pale stylized bird-like or head-and-neck form stands before a blue ground. Yellow, red, and black shapes complement the body area.",A pale stylized bird- or head-and-neck form stands before a blue ground. Yellow and red accents look tightly grouped.,A short and broad pale bird- or head-and-neck form stands before a blue ground. Yellow and red accents look head-heavy.,image_type=surrealism; source=direct_image_inspection; language=de; fit_levels=high_partial_low; prompt_repair_visual_form_human_style_2026-05-19; semi_congruent_tightened_near_miss_2026-05-19; incongruent_repaired_same_domain_far_near_miss_2026-05-19; congruency_spread_balance_checked_2026-05-19; semi_congruent_noncomparative_rewrite_2026-05-19; removed_comparative_markers_semi_incongruent_2026-05-20; content_based_no_position_mismatch_2026-05-20; content_position_terms_cleaned_2026-05-20; congruent_no_position_terms_2026-05-20,False
065,065.jpg,stilleben_med_fisk_0250.jpg,surrealism/stilleben_med_fisk_0250.jpg,surrealism,"Ein Stillleben zeigt zwei Fische vor einem großen braunen Teller, einer Flasche, Früchten und einem Fenster mit Strand und Wolke. Die Objekte liegen dicht auf einem blauen Tisch.","Ein Stillleben mit Fischen, Teller, Flasche und Fenster liegt auf einem blauen Tisch. Die Fische wirken paralleler und geordneter.","Ein Stillleben zeigt zwei Fische, Teller, Flasche und Fenster. Die Fische liegen getrennt und der Tisch wirkt grün.","A still life shows two fish before a large brown plate, a bottle, fruit, and a window with beach and cloud. The objects lie densely on a blue table.","A still life with fish, plate, bottle, and window lies on a blue table. The fish look more parallel and orderly.","A still life shows two fish, plate, bottle, and window. The fish lie separated and the table appears green.",image_type=surrealism; source=direct_image_inspection; language=de; fit_levels=high_partial_low; prompt_repair_visual_form_human_style_2026-05-19; semi_congruent_tightened_near_miss_2026-05-19; incongruent_repaired_same_domain_far_near_miss_2026-05-19; congruency_spread_balance_checked_2026-05-19; semi_congruent_noncomparative_rewrite_2026-05-19; removed_comparative_markers_semi_incongruent_2026-05-20; content_based_no_position_mismatch_2026-05-20,False
066,066.jpg,the_4th_day_of_the_creation_0204.jpg,surrealism/the_4th_day_of_the_creation_0204.jpg,surrealism,Eine schwarz-weiße Landschaft zeigt strahlenförmiges Licht und einen kleineren Himmelskörper. Darunter liegen viele spitze bergartige Formen.,Eine schwarz-weiße Landschaft zeigt strahlenförmiges Licht und gezackte Bergformen. Ein großer Lichtpunkt und kleinere Strahlen prägen den Himmel.,Eine schwarz-weiße Landschaft zeigt strahlenförmiges Licht und einen kleineren Himmelskörper. Die Bergformen wirken flacher und dichter.,A black-and-white landscape shows radiating light and a smaller celestial body. Many pointed mountain-like forms fill the scene.,A black-and-white landscape shows radiating light and jagged mountain forms. A large light point and smaller rays define the sky.,A black-and-white landscape shows radiating light and a smaller celestial body. The mountain forms look flatter and denser.,image_type=surrealism; source=direct_image_inspection; language=de; fit_levels=high_partial_low; prompt_repair_visual_form_human_style_2026-05-19; semi_congruent_tightened_near_miss_2026-05-19; incongruent_repaired_same_domain_far_near_miss_2026-05-19; congruency_spread_balance_checked_2026-05-19; semi_congruent_noncomparative_rewrite_2026-05-19; content_based_no_position_mismatch_2026-05-20; congruent_no_position_terms_2026-05-20,False
067,067.jpg,the_beneficial_promise_0270.jpg,surrealism/the_beneficial_promise_0270.jpg,surrealism,"Ein gelber Stein wird von einem ausgestreckten Arm in einem gelben Feld berührt, dazu erscheint ein dunkles rundes Fenster mit Frauenprofil. Ein heller Kreis rahmt den Kopf im Fenster.","Ein gelber Kopf mit gefalteten Händen liegt in einem gelben Feld, darüber ein dunkles rundes Porträtfenster. Der Kreis wirkt näher an der Gebetsform.",Ein gelber Kopf mit gefalteten Händen liegt in einem gelben Feld. Das Porträtfenster wirkt versetzt und der helle Kreis rahmt die Hände.,"A yellow stone is touched by an extended arm in a yellow field, paired with a dark round window containing a woman's profile. A pale circle frames the head in the window.","A yellow head with folded hands lies in a yellow field, with a dark round portrait window. The circle feels closer to the prayer form.",A yellow head with folded hands lies in a yellow field. The portrait window feels displaced and the pale circle frames the hands.,image_type=surrealism; source=direct_image_inspection; language=de; fit_levels=high_partial_low; prompt_repair_visual_form_human_style_2026-05-19; semi_congruent_tightened_near_miss_2026-05-19; incongruent_repaired_same_domain_far_near_miss_2026-05-19; congruency_spread_balance_checked_2026-05-19; semi_congruent_noncomparative_rewrite_2026-05-19; removed_comparative_markers_semi_incongruent_2026-05-20; content_based_no_position_mismatch_2026-05-20; content_position_terms_cleaned_2026-05-20; congruent_no_position_terms_2026-05-20,False
068,068.jpg,the_birth_of_idol_0215.jpg,surrealism/the_birth_of_idol_0215.jpg,surrealism,"Ein surrealer Innenraum zeigt eine weiße schachfigurartige Form auf einem Tisch, einen dunklen stürmischen Himmel sowie rosa und grüne Bodenflächen.","Ein surrealer Innenraum zeigt eine schlanke weiße Figur, ein helles Möbel und einen dunklen Himmel. Der Boden wirkt weich in grüne und rosa Zonen geteilt.","Ein surrealer Innenraum zeigt eine weiße schachfigurartige Form und ein helles Möbel. Der Boden ist blau und rosa geteilt, der dunkle Himmel wirkt ruhig.","A surreal interior shows a white chess-piece-like form on a table, a dark stormy sky, and pink and green floor areas.","A surreal interior shows a tall white figure, a pale piece of furniture, and a dark sky. The floor feels softly divided into green and pink zones.","A surreal interior shows a white chess-piece-like form and a pale piece of furniture. The floor is divided blue and pink, and the dark sky feels quiet.",image_type=surrealism; source=direct_image_inspection; language=de; fit_levels=high_partial_low; prompt_repair_visual_form_human_style_2026-05-19; semi_congruent_tightened_near_miss_2026-05-19; incongruent_repaired_same_domain_far_near_miss_2026-05-19; congruency_spread_balance_checked_2026-05-19; semi_congruent_noncomparative_rewrite_2026-05-19; content_based_no_position_mismatch_2026-05-20; content_position_terms_cleaned_2026-05-20; congruent_no_position_terms_2026-05-20,False
069,069.jpg,the_carbide_lamp_0072.jpg,surrealism/the_carbide_lamp_0072.jpg,surrealism,"Eine braune Lampe oder Kanne steht auf gelbem Viereck, dazu schneidet ein schwarzer Stuhlbogen ins Bild. Ein kleiner roter runder Akzent ergänzt die Szene.","Eine braune Lampe oder Kanne steht auf gelbem Tisch, daneben ein schwarzer gebogener Stuhlteil. Ein roter Akzent ergänzt das Stillleben.",Eine braune Lampe oder Kanne steht auf gelbem Tisch. Ein schwarzer Stuhlbogen und ein roter runder Akzent wirken vertauscht gewichtet.,"A brown lamp or pot stands on a yellow square, paired with a black chair arc cutting into the image. A small red round accent completes the scene.","A brown lamp or pot stands on a yellow table, with a black curved chair part. A red accent completes the still life.",A brown lamp or pot stands on a yellow table. A black chair arc and a red round accent feel swapped in emphasis.,image_type=surrealism; source=direct_image_inspection; language=de; fit_levels=high_partial_low; prompt_repair_visual_form_human_style_2026-05-19; semi_congruent_tightened_near_miss_2026-05-19; incongruent_repaired_same_domain_far_near_miss_2026-05-19; congruency_spread_balance_checked_2026-05-19; semi_congruent_noncomparative_rewrite_2026-05-19; content_based_no_position_mismatch_2026-05-20; content_position_terms_cleaned_2026-05-20; congruent_no_position_terms_2026-05-20,False
070,070.jpg,the_conqueror_0217.jpg,surrealism/the_conqueror_0217.jpg,surrealism,Eine zentrale Holzplatte mit schwarzen Zeichen steht vor rotem und schwarzem Farbverlauf und weißen welligen Formen. Eine grüne Baumform greift ins Bild.,"Eine zentrale Holzplatte mit schwarzen Zeichen steht bei roten, schwarzen und weißen welligen Formen. Eine grüne Handform ergänzt die Szene.",Eine zentrale Holzplatte mit schwarzen Zeichen steht vor roten und schwarzen Farbbändern. Weiße Wellen und eine grüne Handform wirken stärker getrennt.,A central wooden panel with black signs stands before red and black color bands and white wavy forms. A green tree-like form reaches into the image.,"A central wooden panel with black signs stands among red, black, and white wavy forms. A green hand-like form completes the scene.",A central wooden panel with black signs stands before red and black color bands. White waves and a green hand-like form feel more separated.,image_type=surrealism; source=direct_image_inspection; language=de; fit_levels=high_partial_low; prompt_repair_visual_form_human_style_2026-05-19; semi_congruent_tightened_near_miss_2026-05-19; incongruent_repaired_same_domain_far_near_miss_2026-05-19; congruency_spread_balance_checked_2026-05-19; semi_congruent_noncomparative_rewrite_2026-05-19; removed_comparative_markers_semi_incongruent_2026-05-20; content_based_no_position_mismatch_2026-05-20; content_position_terms_cleaned_2026-05-20; congruent_no_position_terms_2026-05-20,False
071,071.jpg,the_sculpture_0156.jpg,surrealism/the_sculpture_0156.jpg,surrealism,"Eine Frau in gelbem Kleid sitzt bei einer kleinen weißen Büste auf einem roten Ständer. Rote, weiße und schwarze Flächen bilden einen flachen Innenraum.",Eine Frau in gelbem Kleid sitzt mit einer kleinen weißen Figur auf einem roten Ständer. Rote Raumlinien treten deutlich hervor.,Eine Frau in gelbem Kleid sitzt mit einer kleinen weißen Figur auf einem roten Ständer. Der Innenraum wirkt enger und die Farben stärker gegeneinander gesetzt.,"A woman in a yellow dress sits with a small white bust on a red stand. Red, white, and black areas form a flat interior.",A woman in a yellow dress sits with a small white figure on a red stand. Red room lines stand out clearly.,A woman in a yellow dress sits with a small white figure on a red stand. The interior feels tighter and the colors more strongly separated.,image_type=surrealism; source=direct_image_inspection; language=de; fit_levels=high_partial_low; prompt_repair_visual_form_human_style_2026-05-19; semi_congruent_tightened_near_miss_2026-05-19; incongruent_repaired_same_domain_far_near_miss_2026-05-19; congruency_spread_balance_checked_2026-05-19; semi_congruent_noncomparative_rewrite_2026-05-19; content_based_no_position_mismatch_2026-05-20; content_position_terms_cleaned_2026-05-20; congruent_no_position_terms_2026-05-20,False
072,072.jpg,christ_in_the_sepulchre_0090.jpg,symbolism/christ_in_the_sepulchre_0090.jpg,symbolism,Eine helle symmetrische Anordnung zweier Engel leuchtet vor dunklem Bogeneingang mit einer dritten Person. Die Form öffnet sich breit und läuft schmal zusammen.,Eine helle symmetrische flammen- oder blütenartige Form steht vor dunklem Raum. Die Form wirkt schmaler und weicher.,Eine helle symmetrische flammen- oder blütenartige Form leuchtet vor dunklem Raum. Die Form öffnet sich breit und der dunkle Raum wirkt rund.,A pale symmetrical arrangement of angels glows before a dark arch-like entrance with a third person. The form opens broadly and narrows together.,A pale symmetrical flame- or blossom-like form stands before a dark space. The form looks narrower and softer.,A pale symmetrical flame- or blossom-like form glows before a dark space. The form opens broadly and the dark space feels round.,image_type=symbolism; source=direct_image_inspection; language=de; fit_levels=high_partial_low; prompt_repair_visual_form_human_style_2026-05-19; semi_congruent_tightened_near_miss_2026-05-19; incongruent_repaired_same_domain_far_near_miss_2026-05-19; congruency_spread_balance_checked_2026-05-19; semi_congruent_noncomparative_rewrite_2026-05-19; removed_comparative_markers_semi_incongruent_2026-05-20; content_based_no_position_mismatch_2026-05-20; congruent_no_position_terms_2026-05-20,False
073,073.jpg,death_of_sappho_0222.jpg,symbolism/death_of_sappho_0222.jpg,symbolism,Eine dunkle Felslandschaft mit Wolken füllt das Bild. Helle Wasser- oder Lichtflächen liegen bei braunen Felsen.,Eine dunkle Felslandschaft mit Wolken füllt das Bild. Helle Wasserstellen sammeln sich bei braunen Felsen.,Eine dunkle Felslandschaft mit Wolken füllt das Bild. Die hellen Wasserflächen wirken größer und die braunen Felsen schließen den Raum.,A dark rocky landscape with clouds fills the image. Pale water or light areas sit among brown rocks.,A dark rocky landscape with clouds fills the image. Pale water areas gather among brown rocks.,A dark rocky landscape with clouds fills the image. The pale water areas feel larger and the brown rocks close the space.,image_type=symbolism; source=direct_image_inspection; language=de; fit_levels=high_partial_low; prompt_repair_visual_form_human_style_2026-05-19; semi_congruent_tightened_near_miss_2026-05-19; incongruent_repaired_same_domain_far_near_miss_2026-05-19; congruency_spread_balance_checked_2026-05-19; semi_congruent_noncomparative_rewrite_2026-05-19; content_based_no_position_mismatch_2026-05-20; content_position_terms_cleaned_2026-05-20; congruent_no_position_terms_2026-05-20,False
074,074.jpg,evacuation_of_an_island_0230.jpg,symbolism/evacuation_of_an_island_0230.jpg,symbolism,"Schwarze Pinselstriche liegen auf grauem Grund und ziehen als schräge Bewegung durch das Bild. Die Formen wirken schnell, rau und teilweise verwischt.",Schwarze Pinselstriche liegen auf grauem Grund und ziehen steil durch das Bild. Die schwarze Masse wirkt stärker gebündelt.,Schwarze Pinselstriche liegen auf grauem Grund. Sie laufen steil und die stärkste schwarze Masse wirkt schwer und kompakt.,"Black brushstrokes lie on a gray ground and move through the image as a forceful angled motion. The forms feel fast, rough, and partly blurred.",Black brushstrokes lie on a gray ground and move steeply diagonally through the image. The black mass looks more tightly bundled.,Black brushstrokes lie on a gray ground. They run steeply and the strongest black mass looks heavy and compact.,image_type=symbolism; source=direct_image_inspection; language=de; fit_levels=high_partial_low; prompt_repair_visual_form_human_style_2026-05-19; semi_congruent_tightened_near_miss_2026-05-19; incongruent_repaired_same_domain_far_near_miss_2026-05-19; congruency_spread_balance_checked_2026-05-19; semi_congruent_noncomparative_rewrite_2026-05-19; removed_comparative_markers_semi_incongruent_2026-05-20; content_based_no_position_mismatch_2026-05-20; content_position_terms_cleaned_2026-05-20; congruent_no_position_terms_2026-05-20,False
075,075.jpg,head_of_old_woman_from_antwerp_0263.jpg,symbolism/head_of_old_woman_from_antwerp_0263.jpg,symbolism,"Eine alte Frau mit Kopftuch sitzt gedreht in einem dunklen Innenraum. Helle Tücher, Gesicht und Hände heben sich von den grauen und braunen Flächen ab.",Ein sitzendes Porträt zeigt eine alte Frau mit Kopftuch in gedämpften Farben. Gesicht und Hände sind hell gebündelt.,Eine alte Frau mit Kopftuch sitzt frontal in einem dunklen Innenraum. Die hellen Tücher rahmen vor allem den Kopf.,"An old woman with a headscarf sits turned in a dark interior. Pale cloths, face, and hands stand out from the gray and brown areas.",A seated portrait shows an old woman with a headscarf in muted colors. Face and hands are brightly grouped.,An old woman with a headscarf sits frontally in a dark interior. The pale cloths mainly frame the head.,image_type=symbolism; source=direct_image_inspection; language=de; fit_levels=high_partial_low; prompt_repair_visual_form_human_style_2026-05-19; semi_congruent_tightened_near_miss_2026-05-19; incongruent_repaired_same_domain_far_near_miss_2026-05-19; congruency_spread_balance_checked_2026-05-19; semi_congruent_noncomparative_rewrite_2026-05-19; content_based_no_position_mismatch_2026-05-20; congruent_no_position_terms_2026-05-20,False
076,076.jpg,illustration_to_milton_s_comus_0060.jpg,symbolism/illustration_to_milton_s_comus_0060.jpg,symbolism,"Zwei stehende Figuren erscheinen in einer hellen biblischen oder symbolischen Szene; eine Figur sitzt oder kniet, eine helle Gestalt steht aufrecht. Blaue und helle Linien bestimmen den Hintergrund.",Eine symbolische Figurenszene zeigt eine kleine Figur und eine große helle Figur. Der Hintergrund ist hellgrau mit wenigen blauen Linien.,Zwei stehende Figuren mit gerader Haltung erscheinen in einer hellen symbolischen Szene. Der Hintergrund ist warm grau mit wenigen blauen und weißen Linien.,"Two standing figures appear in a pale biblical or symbolic scene; one figure sits or kneels, and a pale figure stands upright. Blue and pale lines define the background.",A symbolic figure scene shows a small figure and a large pale figure. The background is pale gray with a few blue lines.,Two standing figures with upright posture appear in a pale symbolic scene. The background is warm gray with a few blue and white lines.,image_type=symbolism; source=direct_image_inspection; language=de; fit_levels=high_partial_low; prompt_repair_visual_form_human_style_2026-05-19; semi_congruent_tightened_near_miss_2026-05-19; incongruent_repaired_same_domain_far_near_miss_2026-05-19; congruency_spread_balance_checked_2026-05-19; semi_congruent_noncomparative_rewrite_2026-05-19; removed_comparative_markers_semi_incongruent_2026-05-20; content_based_no_position_mismatch_2026-05-20; content_position_terms_cleaned_2026-05-20; congruent_no_position_terms_2026-05-20,False
077,077.jpg,los_entering_the_grave_0066.jpg,symbolism/los_entering_the_grave_0066.jpg,symbolism,Eine dunkle gebeugte Figur steht in einem gewölbten Innenraum und hält eine helle Laterne oder Lichtform. Bögen und braune Linien rahmen die Figur.,Eine dunkle gebeugte Figur steht in einem gewölbten Innenraum und hält ein kleines helles Licht. Das Licht wirkt stärker und kälter.,"Eine dunkle gebeugte Figur steht in einem gewölbten Innenraum. Das helle Licht wirkt kalt, und die Bögen rahmen die Figur offen.",A dark bent figure stands in an arched interior and holds a pale lantern or light form. Arcs and brown lines frame the figure.,A dark bent figure stands in an arched interior and holds a small pale light. The light feels stronger and colder.,"A dark bent figure stands in an arched interior. The pale light feels cold, and the arches frame the figure openly.",image_type=symbolism; source=direct_image_inspection; language=de; fit_levels=high_partial_low; prompt_repair_visual_form_human_style_2026-05-19; semi_congruent_tightened_near_miss_2026-05-19; incongruent_repaired_same_domain_far_near_miss_2026-05-19; congruency_spread_balance_checked_2026-05-19; semi_congruent_noncomparative_rewrite_2026-05-19; content_based_no_position_mismatch_2026-05-20; content_position_terms_cleaned_2026-05-20; congruent_no_position_terms_2026-05-20,False
078,078.jpg,ruins_in_the_moonlit_landscape_0117.jpg,symbolism/ruins_in_the_moonlit_landscape_0117.jpg,symbolism,Eine dunkle Landschaft zeigt eine helle Ruine mit dramatischem violettem Himmel. Eine verhüllte Figur auf einem Pferd verstärkt die düstere Szene.,Eine dunkle Landschaft zeigt eine helle Ruine und einen violetten Himmel. Kleine Landschaftsformen wirken stärker gesammelt.,Eine dunkle Landschaft zeigt eine helle Ruine und einen violetten Himmel. Die Ruine wirkt schmaler und die kleinen Landschaftsformen sammeln sich dunkel.,A dark landscape shows a pale ruin with a dramatic violet sky. A dark figure on a horse intensifies the gloomy scene.,A dark landscape shows a pale ruin and a violet sky. Small landscape forms look more gathered.,A dark landscape shows a pale ruin and a violet sky. The ruin feels narrower and the small landscape forms gather darkly.,image_type=symbolism; source=direct_image_inspection; language=de; fit_levels=high_partial_low; prompt_repair_visual_form_human_style_2026-05-19; semi_congruent_tightened_near_miss_2026-05-19; incongruent_repaired_same_domain_far_near_miss_2026-05-19; congruency_spread_balance_checked_2026-05-19; semi_congruent_noncomparative_rewrite_2026-05-19; content_based_no_position_mismatch_2026-05-20; content_position_terms_cleaned_2026-05-20; congruent_no_position_terms_2026-05-20,False
079,079.jpg,the_balloon_0268.jpg,symbolism/the_balloon_0268.jpg,symbolism,Eine schwarze Silhouette einer stehenden Frau hebt die Arme vor orangegelber Landschaft. Die Arme öffnen die Figur in einer starken Geste.,Eine schwarze Silhouette einer stehenden Frau hebt die Arme vor orangegelber Landschaft. Ein Arm steigt stärker und die Haltung wirkt asymmetrisch.,Eine schwarze Silhouette einer stehenden Frau hebt die Arme vor orangegelber Landschaft. Die Figur wirkt randständig und die Arme zeigen ungleich stark.,A black silhouette of a standing woman raises her arms before an orange-yellow landscape. The arms open the figure in a strong gesture.,A black silhouette of a standing woman raises her arms before an orange-yellow landscape. One arm rises more strongly and the posture looks asymmetrical.,A black silhouette of a standing woman raises her arms before an orange-yellow landscape. The figure feels marginal and the arms point unevenly.,image_type=symbolism; source=direct_image_inspection; language=de; fit_levels=high_partial_low; prompt_repair_visual_form_human_style_2026-05-19; semi_congruent_tightened_near_miss_2026-05-19; incongruent_repaired_same_domain_far_near_miss_2026-05-19; congruency_spread_balance_checked_2026-05-19; semi_congruent_noncomparative_rewrite_2026-05-19; removed_comparative_markers_semi_incongruent_2026-05-20; content_based_no_position_mismatch_2026-05-20; congruent_no_position_terms_2026-05-20,False
080,080.jpg,the_penitent_mary_magdalene_0262.jpg,symbolism/the_penitent_mary_magdalene_0262.jpg,symbolism,"Eine junge Frau mit langem hellem Haar stützt den Kopf auf die Hand vor dunklem grünlichem Hintergrund. Gesicht, Schulter und Arm bilden eine helle diagonale Gruppe.",Eine junge Frau mit langem hellem Haar stützt den Kopf auf die Hand vor dunklem grünlichem Hintergrund. Der Kopf wirkt wacher.,Eine junge Frau mit hellem Haar sitzt vor dunklem grünlichem Hintergrund. Beide Hände liegen am Körper und der helle Formzug ist kaum ausgeprägt.,"A young woman with long pale hair rests her head on her hand before a dark greenish background. Face, shoulder, and arm form a pale angled group.",A young woman with long pale hair rests her head on her hand before a dark greenish background. The head looks more alert.,A young woman with pale hair sits before a dark greenish background. Both hands lie at the body and the pale shape flow is barely pronounced.,image_type=symbolism; source=direct_image_inspection; language=de; fit_levels=high_partial_low; prompt_repair_visual_form_human_style_2026-05-19; semi_congruent_tightened_near_miss_2026-05-19; incongruent_repaired_same_domain_far_near_miss_2026-05-19; congruency_spread_balance_checked_2026-05-19; semi_congruent_noncomparative_rewrite_2026-05-19; removed_comparative_markers_semi_incongruent_2026-05-20; content_based_no_position_mismatch_2026-05-20; content_position_terms_cleaned_2026-05-20; congruent_no_position_terms_2026-05-20,False
