run_id,participant,session,trial_index,trial_id,image_file,sample_index,sample_session_s,sample_unix_s,sample_from_image_onset_s,gaze_x_pix,gaze_y_pix,gaze_movement_px,gaze_movement_cumulative_px,screen_width_px,screen_height_px,image_stim_width_units,image_stim_height_units,image_stim_center_x_units,image_stim_center_y_units,units
real_001_s001_2026-05-18_22-21-47-879,001,001,1,P001,wikiart_practice/practice_wikiart_001_surrealistic_gouache.jpg,1,19.991278,1779135727.871667,0.0,186.0,-58.0,0.0,0.0,2940,1912,1.112116,0.82,0.0,0.0,pix
real_001_s001_2026-05-18_22-21-47-879,001,001,1,P001,wikiart_practice/practice_wikiart_001_surrealistic_gouache.jpg,2,20.007945,1779135727.888334,0.016667,186.0,-58.0,0.0,0.0,2940,1912,1.112116,0.82,0.0,0.0,pix
real_001_s001_2026-05-18_22-21-47-879,001,001,1,P001,wikiart_practice/practice_wikiart_001_surrealistic_gouache.jpg,3,20.024612,1779135727.905,0.033333,186.0,-58.0,0.0,0.0,2940,1912,1.112116,0.82,0.0,0.0,pix
real_001_s001_2026-05-18_22-21-47-879,001,001,1,P001,wikiart_practice/practice_wikiart_001_surrealistic_gouache.jpg,4,20.041278,1779135727.921667,0.05,186.0,-58.0,0.0,0.0,2940,1912,1.112116,0.82,0.0,0.0,pix
real_001_s001_2026-05-18_22-21-47-879,001,001,1,P001,wikiart_practice/practice_wikiart_001_surrealistic_gouache.jpg,5,20.057945,1779135727.938334,0.066667,186.0,-58.0,0.0,0.0,2940,1912,1.112116,0.82,0.0,0.0,pix
real_001_s001_2026-05-18_22-21-47-879,001,001,1,P001,wikiart_practice/practice_wikiart_001_surrealistic_gouache.jpg,6,20.074612,1779135727.955,0.083333,186.0,-58.0,0.0,0.0,2940,1912,1.112116,0.82,0.0,0.0,pix
real_001_s001_2026-05-18_22-21-47-879,001,001,1,P001,wikiart_practice/practice_wikiart_001_surrealistic_gouache.jpg,7,20.091278,1779135727.971667,0.1,186.0,-58.0,0.0,0.0,2940,1912,1.112116,0.82,0.0,0.0,pix
real_001_s001_2026-05-18_22-21-47-879,001,001,1,P001,wikiart_practice/practice_wikiart_001_surrealistic_gouache.jpg,8,20.107945,1779135727.988333,0.116667,186.0,-58.0,0.0,0.0,2940,1912,1.112116,0.82,0.0,0.0,pix
real_001_s001_2026-05-18_22-21-47-879,001,001,1,P001,wikiart_practice/practice_wikiart_001_surrealistic_gouache.jpg,9,20.124612,1779135728.005,0.133333,186.0,-58.0,0.0,0.0,2940,1912,1.112116,0.82,0.0,0.0,pix
real_001_s001_2026-05-18_22-21-47-879,001,001,1,P001,wikiart_practice/practice_wikiart_001_surrealistic_gouache.jpg,10,20.141278,1779135728.021667,0.15,186.0,-58.0,0.0,0.0,2940,1912,1.112116,0.82,0.0,0.0,pix
real_001_s001_2026-05-18_22-21-47-879,001,001,1,P001,wikiart_practice/practice_wikiart_001_surrealistic_gouache.jpg,11,20.157945,1779135728.038334,0.166667,186.0,-58.0,0.0,0.0,2940,1912,1.112116,0.82,0.0,0.0,pix
real_001_s001_2026-05-18_22-21-47-879,001,001,1,P001,wikiart_practice/practice_wikiart_001_surrealistic_gouache.jpg,12,20.174612,1779135728.055,0.183333,186.0,-58.0,0.0,0.0,2940,1912,1.112116,0.82,0.0,0.0,pix
real_001_s001_2026-05-18_22-21-47-879,001,001,1,P001,wikiart_practice/practice_wikiart_001_surrealistic_gouache.jpg,13,20.191278,1779135728.071667,0.2,186.0,-58.0,0.0,0.0,2940,1912,1.112116,0.82,0.0,0.0,pix
real_001_s001_2026-05-18_22-21-47-879,001,001,1,P001,wikiart_practice/practice_wikiart_001_surrealistic_gouache.jpg,14,20.207945,1779135728.088334,0.216667,186.0,-58.0,0.0,0.0,2940,1912,1.112116,0.82,0.0,0.0,pix
real_001_s001_2026-05-18_22-21-47-879,001,001,1,P001,wikiart_practice/practice_wikiart_001_surrealistic_gouache.jpg,15,20.224612,1779135728.105,0.233333,186.0,-58.0,0.0,0.0,2940,1912,1.112116,0.82,0.0,0.0,pix
real_001_s001_2026-05-18_22-21-47-879,001,001,1,P001,wikiart_practice/practice_wikiart_001_surrealistic_gouache.jpg,16,20.241278,1779135728.121667,0.25,186.0,-58.0,0.0,0.0,2940,1912,1.112116,0.82,0.0,0.0,pix
real_001_s001_2026-05-18_22-21-47-879,001,001,1,P001,wikiart_practice/practice_wikiart_001_surrealistic_gouache.jpg,17,20.257945,1779135728.138334,0.266667,186.0,-58.0,0.0,0.0,2940,1912,1.112116,0.82,0.0,0.0,pix
real_001_s001_2026-05-18_22-21-47-879,001,001,1,P001,wikiart_practice/practice_wikiart_001_surrealistic_gouache.jpg,18,20.274612,1779135728.155,0.283333,186.0,-58.0,0.0,0.0,2940,1912,1.112116,0.82,0.0,0.0,pix
real_001_s001_2026-05-18_22-21-47-879,001,001,1,P001,wikiart_practice/practice_wikiart_001_surrealistic_gouache.jpg,19,20.291278,1779135728.171667,0.3,186.0,-58.0,0.0,0.0,2940,1912,1.112116,0.82,0.0,0.0,pix
real_001_s001_2026-05-18_22-21-47-879,001,001,1,P001,wikiart_practice/practice_wikiart_001_surrealistic_gouache.jpg,20,20.307945,1779135728.188334,0.316667,186.0,-58.0,0.0,0.0,2940,1912,1.112116,0.82,0.0,0.0,pix
real_001_s001_2026-05-18_22-21-47-879,001,001,1,P001,wikiart_practice/practice_wikiart_001_surrealistic_gouache.jpg,21,20.324612,1779135728.205,0.333333,186.0,-58.0,0.0,0.0,2940,1912,1.112116,0.82,0.0,0.0,pix
real_001_s001_2026-05-18_22-21-47-879,001,001,1,P001,wikiart_practice/practice_wikiart_001_surrealistic_gouache.jpg,22,20.341278,1779135728.221667,0.35,186.0,-58.0,0.0,0.0,2940,1912,1.112116,0.82,0.0,0.0,pix
real_001_s001_2026-05-18_22-21-47-879,001,001,1,P001,wikiart_practice/practice_wikiart_001_surrealistic_gouache.jpg,23,20.357945,1779135728.238333,0.366667,186.0,-58.0,0.0,0.0,2940,1912,1.112116,0.82,0.0,0.0,pix
real_001_s001_2026-05-18_22-21-47-879,001,001,1,P001,wikiart_practice/practice_wikiart_001_surrealistic_gouache.jpg,24,20.374612,1779135728.255,0.383333,186.0,-58.0,0.0,0.0,2940,1912,1.112116,0.82,0.0,0.0,pix
real_001_s001_2026-05-18_22-21-47-879,001,001,1,P001,wikiart_practice/practice_wikiart_001_surrealistic_gouache.jpg,25,20.391278,1779135728.271667,0.4,186.0,-58.0,0.0,0.0,2940,1912,1.112116,0.82,0.0,0.0,pix
real_001_s001_2026-05-18_22-21-47-879,001,001,1,P001,wikiart_practice/practice_wikiart_001_surrealistic_gouache.jpg,26,20.407945,1779135728.288334,0.416667,186.0,-58.0,0.0,0.0,2940,1912,1.112116,0.82,0.0,0.0,pix
real_001_s001_2026-05-18_22-21-47-879,001,001,1,P001,wikiart_practice/practice_wikiart_001_surrealistic_gouache.jpg,27,20.424612,1779135728.305,0.433333,186.0,-58.0,0.0,0.0,2940,1912,1.112116,0.82,0.0,0.0,pix
real_001_s001_2026-05-18_22-21-47-879,001,001,1,P001,wikiart_practice/practice_wikiart_001_surrealistic_gouache.jpg,28,20.441278,1779135728.321667,0.45,186.0,-58.0,0.0,0.0,2940,1912,1.112116,0.82,0.0,0.0,pix
real_001_s001_2026-05-18_22-21-47-879,001,001,1,P001,wikiart_practice/practice_wikiart_001_surrealistic_gouache.jpg,29,20.457945,1779135728.338334,0.466667,186.0,-58.0,0.0,0.0,2940,1912,1.112116,0.82,0.0,0.0,pix
real_001_s001_2026-05-18_22-21-47-879,001,001,1,P001,wikiart_practice/practice_wikiart_001_surrealistic_gouache.jpg,30,20.474612,1779135728.355,0.483333,186.0,-58.0,0.0,0.0,2940,1912,1.112116,0.82,0.0,0.0,pix
real_001_s001_2026-05-18_22-21-47-879,001,001,1,P001,wikiart_practice/practice_wikiart_001_surrealistic_gouache.jpg,31,20.491278,1779135728.371667,0.5,186.0,-58.0,0.0,0.0,2940,1912,1.112116,0.82,0.0,0.0,pix
real_001_s001_2026-05-18_22-21-47-879,001,001,1,P001,wikiart_practice/practice_wikiart_001_surrealistic_gouache.jpg,32,20.507945,1779135728.388334,0.516667,186.0,-58.0,0.0,0.0,2940,1912,1.112116,0.82,0.0,0.0,pix
real_001_s001_2026-05-18_22-21-47-879,001,001,1,P001,wikiart_practice/practice_wikiart_001_surrealistic_gouache.jpg,33,20.524612,1779135728.405,0.533333,186.0,-58.0,0.0,0.0,2940,1912,1.112116,0.82,0.0,0.0,pix
real_001_s001_2026-05-18_22-21-47-879,001,001,1,P001,wikiart_practice/practice_wikiart_001_surrealistic_gouache.jpg,34,20.541278,1779135728.421667,0.55,186.0,-58.0,0.0,0.0,2940,1912,1.112116,0.82,0.0,0.0,pix
real_001_s001_2026-05-18_22-21-47-879,001,001,1,P001,wikiart_practice/practice_wikiart_001_surrealistic_gouache.jpg,35,20.557945,1779135728.438334,0.566667,186.0,-58.0,0.0,0.0,2940,1912,1.112116,0.82,0.0,0.0,pix
real_001_s001_2026-05-18_22-21-47-879,001,001,1,P001,wikiart_practice/practice_wikiart_001_surrealistic_gouache.jpg,36,20.574612,1779135728.455,0.583333,186.0,-58.0,0.0,0.0,2940,1912,1.112116,0.82,0.0,0.0,pix
real_001_s001_2026-05-18_22-21-47-879,001,001,1,P001,wikiart_practice/practice_wikiart_001_surrealistic_gouache.jpg,37,20.591278,1779135728.471667,0.6,186.0,-58.0,0.0,0.0,2940,1912,1.112116,0.82,0.0,0.0,pix
real_001_s001_2026-05-18_22-21-47-879,001,001,1,P001,wikiart_practice/practice_wikiart_001_surrealistic_gouache.jpg,38,20.607945,1779135728.488333,0.616667,186.0,-58.0,0.0,0.0,2940,1912,1.112116,0.82,0.0,0.0,pix
real_001_s001_2026-05-18_22-21-47-879,001,001,1,P001,wikiart_practice/practice_wikiart_001_surrealistic_gouache.jpg,39,20.624612,1779135728.505,0.633333,186.0,-58.0,0.0,0.0,2940,1912,1.112116,0.82,0.0,0.0,pix
real_001_s001_2026-05-18_22-21-47-879,001,001,1,P001,wikiart_practice/practice_wikiart_001_surrealistic_gouache.jpg,40,20.641278,1779135728.521667,0.65,186.0,-58.0,0.0,0.0,2940,1912,1.112116,0.82,0.0,0.0,pix
real_001_s001_2026-05-18_22-21-47-879,001,001,1,P001,wikiart_practice/practice_wikiart_001_surrealistic_gouache.jpg,41,20.657945,1779135728.538334,0.666667,186.0,-58.0,0.0,0.0,2940,1912,1.112116,0.82,0.0,0.0,pix
real_001_s001_2026-05-18_22-21-47-879,001,001,1,P001,wikiart_practice/practice_wikiart_001_surrealistic_gouache.jpg,42,20.674612,1779135728.555,0.683333,186.0,-58.0,0.0,0.0,2940,1912,1.112116,0.82,0.0,0.0,pix
real_001_s001_2026-05-18_22-21-47-879,001,001,1,P001,wikiart_practice/practice_wikiart_001_surrealistic_gouache.jpg,43,20.691278,1779135728.571667,0.7,186.0,-58.0,0.0,0.0,2940,1912,1.112116,0.82,0.0,0.0,pix
real_001_s001_2026-05-18_22-21-47-879,001,001,1,P001,wikiart_practice/practice_wikiart_001_surrealistic_gouache.jpg,44,20.707945,1779135728.588334,0.716667,186.0,-58.0,0.0,0.0,2940,1912,1.112116,0.82,0.0,0.0,pix
real_001_s001_2026-05-18_22-21-47-879,001,001,1,P001,wikiart_practice/practice_wikiart_001_surrealistic_gouache.jpg,45,20.724612,1779135728.605,0.733333,186.0,-58.0,0.0,0.0,2940,1912,1.112116,0.82,0.0,0.0,pix
real_001_s001_2026-05-18_22-21-47-879,001,001,1,P001,wikiart_practice/practice_wikiart_001_surrealistic_gouache.jpg,46,20.741278,1779135728.621667,0.75,186.0,-58.0,0.0,0.0,2940,1912,1.112116,0.82,0.0,0.0,pix
real_001_s001_2026-05-18_22-21-47-879,001,001,1,P001,wikiart_practice/practice_wikiart_001_surrealistic_gouache.jpg,47,20.757945,1779135728.638334,0.766667,186.0,-58.0,0.0,0.0,2940,1912,1.112116,0.82,0.0,0.0,pix
real_001_s001_2026-05-18_22-21-47-879,001,001,1,P001,wikiart_practice/practice_wikiart_001_surrealistic_gouache.jpg,48,20.774612,1779135728.655,0.783333,186.0,-58.0,0.0,0.0,2940,1912,1.112116,0.82,0.0,0.0,pix
real_001_s001_2026-05-18_22-21-47-879,001,001,1,P001,wikiart_practice/practice_wikiart_001_surrealistic_gouache.jpg,49,20.791278,1779135728.671667,0.8,186.0,-58.0,0.0,0.0,2940,1912,1.112116,0.82,0.0,0.0,pix
real_001_s001_2026-05-18_22-21-47-879,001,001,1,P001,wikiart_practice/practice_wikiart_001_surrealistic_gouache.jpg,50,20.807945,1779135728.688334,0.816667,186.0,-58.0,0.0,0.0,2940,1912,1.112116,0.82,0.0,0.0,pix
real_001_s001_2026-05-18_22-21-47-879,001,001,1,P001,wikiart_practice/practice_wikiart_001_surrealistic_gouache.jpg,51,20.824612,1779135728.705,0.833333,186.0,-58.0,0.0,0.0,2940,1912,1.112116,0.82,0.0,0.0,pix
real_001_s001_2026-05-18_22-21-47-879,001,001,1,P001,wikiart_practice/practice_wikiart_001_surrealistic_gouache.jpg,52,20.841278,1779135728.721667,0.85,186.0,-58.0,0.0,0.0,2940,1912,1.112116,0.82,0.0,0.0,pix
real_001_s001_2026-05-18_22-21-47-879,001,001,1,P001,wikiart_practice/practice_wikiart_001_surrealistic_gouache.jpg,53,20.857945,1779135728.738333,0.866667,186.0,-58.0,0.0,0.0,2940,1912,1.112116,0.82,0.0,0.0,pix
real_001_s001_2026-05-18_22-21-47-879,001,001,1,P001,wikiart_practice/practice_wikiart_001_surrealistic_gouache.jpg,54,20.874612,1779135728.755,0.883333,186.0,-58.0,0.0,0.0,2940,1912,1.112116,0.82,0.0,0.0,pix
real_001_s001_2026-05-18_22-21-47-879,001,001,1,P001,wikiart_practice/practice_wikiart_001_surrealistic_gouache.jpg,55,20.891278,1779135728.771667,0.9,186.0,-58.0,0.0,0.0,2940,1912,1.112116,0.82,0.0,0.0,pix
real_001_s001_2026-05-18_22-21-47-879,001,001,1,P001,wikiart_practice/practice_wikiart_001_surrealistic_gouache.jpg,56,20.907945,1779135728.788334,0.916667,186.0,-58.0,0.0,0.0,2940,1912,1.112116,0.82,0.0,0.0,pix
real_001_s001_2026-05-18_22-21-47-879,001,001,1,P001,wikiart_practice/practice_wikiart_001_surrealistic_gouache.jpg,57,20.924612,1779135728.805,0.933333,186.0,-58.0,0.0,0.0,2940,1912,1.112116,0.82,0.0,0.0,pix
real_001_s001_2026-05-18_22-21-47-879,001,001,1,P001,wikiart_practice/practice_wikiart_001_surrealistic_gouache.jpg,58,20.941278,1779135728.821667,0.95,186.0,-58.0,0.0,0.0,2940,1912,1.112116,0.82,0.0,0.0,pix
real_001_s001_2026-05-18_22-21-47-879,001,001,1,P001,wikiart_practice/practice_wikiart_001_surrealistic_gouache.jpg,59,20.957945,1779135728.838334,0.966667,186.0,-58.0,0.0,0.0,2940,1912,1.112116,0.82,0.0,0.0,pix
real_001_s001_2026-05-18_22-21-47-879,001,001,1,P001,wikiart_practice/practice_wikiart_001_surrealistic_gouache.jpg,60,20.974612,1779135728.855,0.983333,186.0,-58.0,0.0,0.0,2940,1912,1.112116,0.82,0.0,0.0,pix
real_001_s001_2026-05-18_22-21-47-879,001,001,1,P001,wikiart_practice/practice_wikiart_001_surrealistic_gouache.jpg,61,20.991278,1779135728.871667,1.0,186.0,-58.0,0.0,0.0,2940,1912,1.112116,0.82,0.0,0.0,pix
real_001_s001_2026-05-18_22-21-47-879,001,001,1,P001,wikiart_practice/practice_wikiart_001_surrealistic_gouache.jpg,62,21.007945,1779135728.888334,1.016667,186.0,-58.0,0.0,0.0,2940,1912,1.112116,0.82,0.0,0.0,pix
real_001_s001_2026-05-18_22-21-47-879,001,001,1,P001,wikiart_practice/practice_wikiart_001_surrealistic_gouache.jpg,63,21.024612,1779135728.905,1.033333,186.0,-58.0,0.0,0.0,2940,1912,1.112116,0.82,0.0,0.0,pix
real_001_s001_2026-05-18_22-21-47-879,001,001,1,P001,wikiart_practice/practice_wikiart_001_surrealistic_gouache.jpg,64,21.041278,1779135728.921667,1.05,186.0,-58.0,0.0,0.0,2940,1912,1.112116,0.82,0.0,0.0,pix
real_001_s001_2026-05-18_22-21-47-879,001,001,1,P001,wikiart_practice/practice_wikiart_001_surrealistic_gouache.jpg,65,21.057945,1779135728.938334,1.066667,186.0,-58.0,0.0,0.0,2940,1912,1.112116,0.82,0.0,0.0,pix
real_001_s001_2026-05-18_22-21-47-879,001,001,1,P001,wikiart_practice/practice_wikiart_001_surrealistic_gouache.jpg,66,21.074612,1779135728.955,1.083333,186.0,-58.0,0.0,0.0,2940,1912,1.112116,0.82,0.0,0.0,pix
real_001_s001_2026-05-18_22-21-47-879,001,001,1,P001,wikiart_practice/practice_wikiart_001_surrealistic_gouache.jpg,67,21.091278,1779135728.971667,1.1,186.0,-58.0,0.0,0.0,2940,1912,1.112116,0.82,0.0,0.0,pix
real_001_s001_2026-05-18_22-21-47-879,001,001,1,P001,wikiart_practice/practice_wikiart_001_surrealistic_gouache.jpg,68,21.107945,1779135728.988333,1.116667,186.0,-58.0,0.0,0.0,2940,1912,1.112116,0.82,0.0,0.0,pix
real_001_s001_2026-05-18_22-21-47-879,001,001,1,P001,wikiart_practice/practice_wikiart_001_surrealistic_gouache.jpg,69,21.124612,1779135729.005,1.133333,186.0,-58.0,0.0,0.0,2940,1912,1.112116,0.82,0.0,0.0,pix
real_001_s001_2026-05-18_22-21-47-879,001,001,1,P001,wikiart_practice/practice_wikiart_001_surrealistic_gouache.jpg,70,21.141278,1779135729.021667,1.15,186.0,-58.0,0.0,0.0,2940,1912,1.112116,0.82,0.0,0.0,pix
real_001_s001_2026-05-18_22-21-47-879,001,001,1,P001,wikiart_practice/practice_wikiart_001_surrealistic_gouache.jpg,71,21.157945,1779135729.038334,1.166667,186.0,-58.0,0.0,0.0,2940,1912,1.112116,0.82,0.0,0.0,pix
real_001_s001_2026-05-18_22-21-47-879,001,001,1,P001,wikiart_practice/practice_wikiart_001_surrealistic_gouache.jpg,72,21.174612,1779135729.055,1.183333,186.0,-58.0,0.0,0.0,2940,1912,1.112116,0.82,0.0,0.0,pix
real_001_s001_2026-05-18_22-21-47-879,001,001,1,P001,wikiart_practice/practice_wikiart_001_surrealistic_gouache.jpg,73,21.191278,1779135729.071667,1.2,186.0,-58.0,0.0,0.0,2940,1912,1.112116,0.82,0.0,0.0,pix
real_001_s001_2026-05-18_22-21-47-879,001,001,1,P001,wikiart_practice/practice_wikiart_001_surrealistic_gouache.jpg,74,21.207945,1779135729.088334,1.216667,186.0,-58.0,0.0,0.0,2940,1912,1.112116,0.82,0.0,0.0,pix
real_001_s001_2026-05-18_22-21-47-879,001,001,1,P001,wikiart_practice/practice_wikiart_001_surrealistic_gouache.jpg,75,21.224612,1779135729.105,1.233333,186.0,-58.0,0.0,0.0,2940,1912,1.112116,0.82,0.0,0.0,pix
real_001_s001_2026-05-18_22-21-47-879,001,001,1,P001,wikiart_practice/practice_wikiart_001_surrealistic_gouache.jpg,76,21.241278,1779135729.121667,1.25,186.0,-58.0,0.0,0.0,2940,1912,1.112116,0.82,0.0,0.0,pix
real_001_s001_2026-05-18_22-21-47-879,001,001,1,P001,wikiart_practice/practice_wikiart_001_surrealistic_gouache.jpg,77,21.257945,1779135729.138334,1.266667,186.0,-58.0,0.0,0.0,2940,1912,1.112116,0.82,0.0,0.0,pix
real_001_s001_2026-05-18_22-21-47-879,001,001,1,P001,wikiart_practice/practice_wikiart_001_surrealistic_gouache.jpg,78,21.274612,1779135729.155,1.283333,186.0,-58.0,0.0,0.0,2940,1912,1.112116,0.82,0.0,0.0,pix
real_001_s001_2026-05-18_22-21-47-879,001,001,1,P001,wikiart_practice/practice_wikiart_001_surrealistic_gouache.jpg,79,21.291278,1779135729.171667,1.3,186.0,-58.0,0.0,0.0,2940,1912,1.112116,0.82,0.0,0.0,pix
real_001_s001_2026-05-18_22-21-47-879,001,001,1,P001,wikiart_practice/practice_wikiart_001_surrealistic_gouache.jpg,80,21.307945,1779135729.188334,1.316667,186.0,-58.0,0.0,0.0,2940,1912,1.112116,0.82,0.0,0.0,pix
real_001_s001_2026-05-18_22-21-47-879,001,001,1,P001,wikiart_practice/practice_wikiart_001_surrealistic_gouache.jpg,81,21.324612,1779135729.205,1.333333,186.0,-58.0,0.0,0.0,2940,1912,1.112116,0.82,0.0,0.0,pix
real_001_s001_2026-05-18_22-21-47-879,001,001,1,P001,wikiart_practice/practice_wikiart_001_surrealistic_gouache.jpg,82,21.341278,1779135729.221667,1.35,186.0,-58.0,0.0,0.0,2940,1912,1.112116,0.82,0.0,0.0,pix
real_001_s001_2026-05-18_22-21-47-879,001,001,1,P001,wikiart_practice/practice_wikiart_001_surrealistic_gouache.jpg,83,21.357945,1779135729.238333,1.366667,186.0,-58.0,0.0,0.0,2940,1912,1.112116,0.82,0.0,0.0,pix
real_001_s001_2026-05-18_22-21-47-879,001,001,1,P001,wikiart_practice/practice_wikiart_001_surrealistic_gouache.jpg,84,21.374612,1779135729.255,1.383333,186.0,-58.0,0.0,0.0,2940,1912,1.112116,0.82,0.0,0.0,pix
real_001_s001_2026-05-18_22-21-47-879,001,001,1,P001,wikiart_practice/practice_wikiart_001_surrealistic_gouache.jpg,85,21.391278,1779135729.271667,1.4,186.0,-58.0,0.0,0.0,2940,1912,1.112116,0.82,0.0,0.0,pix
real_001_s001_2026-05-18_22-21-47-879,001,001,1,P001,wikiart_practice/practice_wikiart_001_surrealistic_gouache.jpg,86,21.407945,1779135729.288334,1.416667,186.0,-58.0,0.0,0.0,2940,1912,1.112116,0.82,0.0,0.0,pix
real_001_s001_2026-05-18_22-21-47-879,001,001,1,P001,wikiart_practice/practice_wikiart_001_surrealistic_gouache.jpg,87,21.424612,1779135729.305,1.433333,186.0,-58.0,0.0,0.0,2940,1912,1.112116,0.82,0.0,0.0,pix
real_001_s001_2026-05-18_22-21-47-879,001,001,1,P001,wikiart_practice/practice_wikiart_001_surrealistic_gouache.jpg,88,21.441278,1779135729.321667,1.45,186.0,-58.0,0.0,0.0,2940,1912,1.112116,0.82,0.0,0.0,pix
real_001_s001_2026-05-18_22-21-47-879,001,001,1,P001,wikiart_practice/practice_wikiart_001_surrealistic_gouache.jpg,89,21.457945,1779135729.338334,1.466667,186.0,-58.0,0.0,0.0,2940,1912,1.112116,0.82,0.0,0.0,pix
real_001_s001_2026-05-18_22-21-47-879,001,001,1,P001,wikiart_practice/practice_wikiart_001_surrealistic_gouache.jpg,90,21.474612,1779135729.355,1.483333,186.0,-58.0,0.0,0.0,2940,1912,1.112116,0.82,0.0,0.0,pix
real_001_s001_2026-05-18_22-21-47-879,001,001,1,P001,wikiart_practice/practice_wikiart_001_surrealistic_gouache.jpg,91,21.491278,1779135729.371667,1.5,186.0,-58.0,0.0,0.0,2940,1912,1.112116,0.82,0.0,0.0,pix
real_001_s001_2026-05-18_22-21-47-879,001,001,1,P001,wikiart_practice/practice_wikiart_001_surrealistic_gouache.jpg,92,21.507945,1779135729.388334,1.516667,186.0,-58.0,0.0,0.0,2940,1912,1.112116,0.82,0.0,0.0,pix
real_001_s001_2026-05-18_22-21-47-879,001,001,1,P001,wikiart_practice/practice_wikiart_001_surrealistic_gouache.jpg,93,21.524612,1779135729.405,1.533333,186.0,-58.0,0.0,0.0,2940,1912,1.112116,0.82,0.0,0.0,pix
real_001_s001_2026-05-18_22-21-47-879,001,001,1,P001,wikiart_practice/practice_wikiart_001_surrealistic_gouache.jpg,94,21.541278,1779135729.421667,1.55,186.0,-58.0,0.0,0.0,2940,1912,1.112116,0.82,0.0,0.0,pix
real_001_s001_2026-05-18_22-21-47-879,001,001,1,P001,wikiart_practice/practice_wikiart_001_surrealistic_gouache.jpg,95,21.557945,1779135729.438334,1.566667,186.0,-58.0,0.0,0.0,2940,1912,1.112116,0.82,0.0,0.0,pix
real_001_s001_2026-05-18_22-21-47-879,001,001,1,P001,wikiart_practice/practice_wikiart_001_surrealistic_gouache.jpg,96,21.574612,1779135729.455,1.583333,186.0,-58.0,0.0,0.0,2940,1912,1.112116,0.82,0.0,0.0,pix
real_001_s001_2026-05-18_22-21-47-879,001,001,1,P001,wikiart_practice/practice_wikiart_001_surrealistic_gouache.jpg,97,21.591278,1779135729.471667,1.6,186.0,-58.0,0.0,0.0,2940,1912,1.112116,0.82,0.0,0.0,pix
real_001_s001_2026-05-18_22-21-47-879,001,001,1,P001,wikiart_practice/practice_wikiart_001_surrealistic_gouache.jpg,98,21.607945,1779135729.488333,1.616667,186.0,-58.0,0.0,0.0,2940,1912,1.112116,0.82,0.0,0.0,pix
real_001_s001_2026-05-18_22-21-47-879,001,001,1,P001,wikiart_practice/practice_wikiart_001_surrealistic_gouache.jpg,99,21.624612,1779135729.505,1.633333,186.0,-58.0,0.0,0.0,2940,1912,1.112116,0.82,0.0,0.0,pix
real_001_s001_2026-05-18_22-21-47-879,001,001,1,P001,wikiart_practice/practice_wikiart_001_surrealistic_gouache.jpg,100,21.641278,1779135729.521667,1.65,186.0,-58.0,0.0,0.0,2940,1912,1.112116,0.82,0.0,0.0,pix
real_001_s001_2026-05-18_22-21-47-879,001,001,1,P001,wikiart_practice/practice_wikiart_001_surrealistic_gouache.jpg,101,21.657945,1779135729.538334,1.666667,186.0,-58.0,0.0,0.0,2940,1912,1.112116,0.82,0.0,0.0,pix
real_001_s001_2026-05-18_22-21-47-879,001,001,1,P001,wikiart_practice/practice_wikiart_001_surrealistic_gouache.jpg,102,21.674612,1779135729.555,1.683333,186.0,-58.0,0.0,0.0,2940,1912,1.112116,0.82,0.0,0.0,pix
real_001_s001_2026-05-18_22-21-47-879,001,001,1,P001,wikiart_practice/practice_wikiart_001_surrealistic_gouache.jpg,103,21.691278,1779135729.571667,1.7,186.0,-58.0,0.0,0.0,2940,1912,1.112116,0.82,0.0,0.0,pix
real_001_s001_2026-05-18_22-21-47-879,001,001,1,P001,wikiart_practice/practice_wikiart_001_surrealistic_gouache.jpg,104,21.707945,1779135729.588334,1.716667,186.0,-58.0,0.0,0.0,2940,1912,1.112116,0.82,0.0,0.0,pix
real_001_s001_2026-05-18_22-21-47-879,001,001,1,P001,wikiart_practice/practice_wikiart_001_surrealistic_gouache.jpg,105,21.724612,1779135729.605,1.733333,186.0,-58.0,0.0,0.0,2940,1912,1.112116,0.82,0.0,0.0,pix
real_001_s001_2026-05-18_22-21-47-879,001,001,1,P001,wikiart_practice/practice_wikiart_001_surrealistic_gouache.jpg,106,21.741278,1779135729.621667,1.75,186.0,-58.0,0.0,0.0,2940,1912,1.112116,0.82,0.0,0.0,pix
real_001_s001_2026-05-18_22-21-47-879,001,001,1,P001,wikiart_practice/practice_wikiart_001_surrealistic_gouache.jpg,107,21.757945,1779135729.638334,1.766667,186.0,-58.0,0.0,0.0,2940,1912,1.112116,0.82,0.0,0.0,pix
real_001_s001_2026-05-18_22-21-47-879,001,001,1,P001,wikiart_practice/practice_wikiart_001_surrealistic_gouache.jpg,108,21.774612,1779135729.655,1.783333,186.0,-58.0,0.0,0.0,2940,1912,1.112116,0.82,0.0,0.0,pix
real_001_s001_2026-05-18_22-21-47-879,001,001,1,P001,wikiart_practice/practice_wikiart_001_surrealistic_gouache.jpg,109,21.791278,1779135729.671667,1.8,186.0,-58.0,0.0,0.0,2940,1912,1.112116,0.82,0.0,0.0,pix
real_001_s001_2026-05-18_22-21-47-879,001,001,1,P001,wikiart_practice/practice_wikiart_001_surrealistic_gouache.jpg,110,21.807945,1779135729.688334,1.816667,186.0,-58.0,0.0,0.0,2940,1912,1.112116,0.82,0.0,0.0,pix
real_001_s001_2026-05-18_22-21-47-879,001,001,1,P001,wikiart_practice/practice_wikiart_001_surrealistic_gouache.jpg,111,21.824612,1779135729.705,1.833333,186.0,-58.0,0.0,0.0,2940,1912,1.112116,0.82,0.0,0.0,pix
real_001_s001_2026-05-18_22-21-47-879,001,001,1,P001,wikiart_practice/practice_wikiart_001_surrealistic_gouache.jpg,112,21.841278,1779135729.721667,1.85,186.0,-58.0,0.0,0.0,2940,1912,1.112116,0.82,0.0,0.0,pix
real_001_s001_2026-05-18_22-21-47-879,001,001,1,P001,wikiart_practice/practice_wikiart_001_surrealistic_gouache.jpg,113,21.857945,1779135729.738333,1.866667,186.0,-58.0,0.0,0.0,2940,1912,1.112116,0.82,0.0,0.0,pix
real_001_s001_2026-05-18_22-21-47-879,001,001,1,P001,wikiart_practice/practice_wikiart_001_surrealistic_gouache.jpg,114,21.874612,1779135729.755,1.883333,186.0,-58.0,0.0,0.0,2940,1912,1.112116,0.82,0.0,0.0,pix
real_001_s001_2026-05-18_22-21-47-879,001,001,1,P001,wikiart_practice/practice_wikiart_001_surrealistic_gouache.jpg,115,21.891278,1779135729.771667,1.9,186.0,-58.0,0.0,0.0,2940,1912,1.112116,0.82,0.0,0.0,pix
real_001_s001_2026-05-18_22-21-47-879,001,001,1,P001,wikiart_practice/practice_wikiart_001_surrealistic_gouache.jpg,116,21.907945,1779135729.788334,1.916667,186.0,-58.0,0.0,0.0,2940,1912,1.112116,0.82,0.0,0.0,pix
real_001_s001_2026-05-18_22-21-47-879,001,001,1,P001,wikiart_practice/practice_wikiart_001_surrealistic_gouache.jpg,117,21.924612,1779135729.805,1.933333,186.0,-58.0,0.0,0.0,2940,1912,1.112116,0.82,0.0,0.0,pix
real_001_s001_2026-05-18_22-21-47-879,001,001,1,P001,wikiart_practice/practice_wikiart_001_surrealistic_gouache.jpg,118,21.941278,1779135729.821667,1.95,186.0,-58.0,0.0,0.0,2940,1912,1.112116,0.82,0.0,0.0,pix
real_001_s001_2026-05-18_22-21-47-879,001,001,1,P001,wikiart_practice/practice_wikiart_001_surrealistic_gouache.jpg,119,21.957945,1779135729.838334,1.966667,186.0,-58.0,0.0,0.0,2940,1912,1.112116,0.82,0.0,0.0,pix
real_001_s001_2026-05-18_22-21-47-879,001,001,1,P001,wikiart_practice/practice_wikiart_001_surrealistic_gouache.jpg,120,21.974612,1779135729.855,1.983333,186.0,-58.0,0.0,0.0,2940,1912,1.112116,0.82,0.0,0.0,pix
real_001_s001_2026-05-18_22-21-47-879,001,001,1,P001,wikiart_practice/practice_wikiart_001_surrealistic_gouache.jpg,121,21.991278,1779135729.871667,2.0,186.0,-58.0,0.0,0.0,2940,1912,1.112116,0.82,0.0,0.0,pix
real_001_s001_2026-05-18_22-21-47-879,001,001,1,P001,wikiart_practice/practice_wikiart_001_surrealistic_gouache.jpg,122,22.007945,1779135729.888334,2.016667,186.0,-58.0,0.0,0.0,2940,1912,1.112116,0.82,0.0,0.0,pix
real_001_s001_2026-05-18_22-21-47-879,001,001,1,P001,wikiart_practice/practice_wikiart_001_surrealistic_gouache.jpg,123,22.024612,1779135729.905,2.033333,186.0,-58.0,0.0,0.0,2940,1912,1.112116,0.82,0.0,0.0,pix
real_001_s001_2026-05-18_22-21-47-879,001,001,1,P001,wikiart_practice/practice_wikiart_001_surrealistic_gouache.jpg,124,22.041278,1779135729.921667,2.05,186.0,-58.0,0.0,0.0,2940,1912,1.112116,0.82,0.0,0.0,pix
real_001_s001_2026-05-18_22-21-47-879,001,001,1,P001,wikiart_practice/practice_wikiart_001_surrealistic_gouache.jpg,125,22.057945,1779135729.938334,2.066667,186.0,-58.0,0.0,0.0,2940,1912,1.112116,0.82,0.0,0.0,pix
real_001_s001_2026-05-18_22-21-47-879,001,001,1,P001,wikiart_practice/practice_wikiart_001_surrealistic_gouache.jpg,126,22.074612,1779135729.955,2.083333,186.0,-58.0,0.0,0.0,2940,1912,1.112116,0.82,0.0,0.0,pix
real_001_s001_2026-05-18_22-21-47-879,001,001,1,P001,wikiart_practice/practice_wikiart_001_surrealistic_gouache.jpg,127,22.091278,1779135729.971667,2.1,186.0,-58.0,0.0,0.0,2940,1912,1.112116,0.82,0.0,0.0,pix
real_001_s001_2026-05-18_22-21-47-879,001,001,1,P001,wikiart_practice/practice_wikiart_001_surrealistic_gouache.jpg,128,22.107945,1779135729.988333,2.116667,186.0,-58.0,0.0,0.0,2940,1912,1.112116,0.82,0.0,0.0,pix
real_001_s001_2026-05-18_22-21-47-879,001,001,1,P001,wikiart_practice/practice_wikiart_001_surrealistic_gouache.jpg,129,22.124612,1779135730.005,2.133333,186.0,-58.0,0.0,0.0,2940,1912,1.112116,0.82,0.0,0.0,pix
real_001_s001_2026-05-18_22-21-47-879,001,001,1,P001,wikiart_practice/practice_wikiart_001_surrealistic_gouache.jpg,130,22.141278,1779135730.021667,2.15,186.0,-58.0,0.0,0.0,2940,1912,1.112116,0.82,0.0,0.0,pix
real_001_s001_2026-05-18_22-21-47-879,001,001,1,P001,wikiart_practice/practice_wikiart_001_surrealistic_gouache.jpg,131,22.157945,1779135730.038334,2.166667,186.0,-58.0,0.0,0.0,2940,1912,1.112116,0.82,0.0,0.0,pix
real_001_s001_2026-05-18_22-21-47-879,001,001,1,P001,wikiart_practice/practice_wikiart_001_surrealistic_gouache.jpg,132,22.174612,1779135730.055,2.183333,186.0,-58.0,0.0,0.0,2940,1912,1.112116,0.82,0.0,0.0,pix
real_001_s001_2026-05-18_22-21-47-879,001,001,1,P001,wikiart_practice/practice_wikiart_001_surrealistic_gouache.jpg,133,22.191278,1779135730.071667,2.2,186.0,-58.0,0.0,0.0,2940,1912,1.112116,0.82,0.0,0.0,pix
real_001_s001_2026-05-18_22-21-47-879,001,001,1,P001,wikiart_practice/practice_wikiart_001_surrealistic_gouache.jpg,134,22.207945,1779135730.088334,2.216667,186.0,-58.0,0.0,0.0,2940,1912,1.112116,0.82,0.0,0.0,pix
real_001_s001_2026-05-18_22-21-47-879,001,001,1,P001,wikiart_practice/practice_wikiart_001_surrealistic_gouache.jpg,135,22.224612,1779135730.105,2.233333,186.0,-58.0,0.0,0.0,2940,1912,1.112116,0.82,0.0,0.0,pix
real_001_s001_2026-05-18_22-21-47-879,001,001,1,P001,wikiart_practice/practice_wikiart_001_surrealistic_gouache.jpg,136,22.241278,1779135730.121667,2.25,186.0,-58.0,0.0,0.0,2940,1912,1.112116,0.82,0.0,0.0,pix
real_001_s001_2026-05-18_22-21-47-879,001,001,1,P001,wikiart_practice/practice_wikiart_001_surrealistic_gouache.jpg,137,22.257945,1779135730.138334,2.266667,186.0,-58.0,0.0,0.0,2940,1912,1.112116,0.82,0.0,0.0,pix
real_001_s001_2026-05-18_22-21-47-879,001,001,1,P001,wikiart_practice/practice_wikiart_001_surrealistic_gouache.jpg,138,22.274612,1779135730.155,2.283333,186.0,-58.0,0.0,0.0,2940,1912,1.112116,0.82,0.0,0.0,pix
real_001_s001_2026-05-18_22-21-47-879,001,001,1,P001,wikiart_practice/practice_wikiart_001_surrealistic_gouache.jpg,139,22.291278,1779135730.171667,2.3,186.0,-58.0,0.0,0.0,2940,1912,1.112116,0.82,0.0,0.0,pix
real_001_s001_2026-05-18_22-21-47-879,001,001,1,P001,wikiart_practice/practice_wikiart_001_surrealistic_gouache.jpg,140,22.307945,1779135730.188334,2.316667,186.0,-58.0,0.0,0.0,2940,1912,1.112116,0.82,0.0,0.0,pix
real_001_s001_2026-05-18_22-21-47-879,001,001,1,P001,wikiart_practice/practice_wikiart_001_surrealistic_gouache.jpg,141,22.324612,1779135730.205,2.333333,186.0,-58.0,0.0,0.0,2940,1912,1.112116,0.82,0.0,0.0,pix
real_001_s001_2026-05-18_22-21-47-879,001,001,1,P001,wikiart_practice/practice_wikiart_001_surrealistic_gouache.jpg,142,22.341278,1779135730.221667,2.35,186.0,-58.0,0.0,0.0,2940,1912,1.112116,0.82,0.0,0.0,pix
real_001_s001_2026-05-18_22-21-47-879,001,001,1,P001,wikiart_practice/practice_wikiart_001_surrealistic_gouache.jpg,143,22.357945,1779135730.238333,2.366667,186.0,-58.0,0.0,0.0,2940,1912,1.112116,0.82,0.0,0.0,pix
real_001_s001_2026-05-18_22-21-47-879,001,001,1,P001,wikiart_practice/practice_wikiart_001_surrealistic_gouache.jpg,144,22.374612,1779135730.255,2.383333,186.0,-58.0,0.0,0.0,2940,1912,1.112116,0.82,0.0,0.0,pix
real_001_s001_2026-05-18_22-21-47-879,001,001,1,P001,wikiart_practice/practice_wikiart_001_surrealistic_gouache.jpg,145,22.391278,1779135730.271667,2.4,186.0,-58.0,0.0,0.0,2940,1912,1.112116,0.82,0.0,0.0,pix
real_001_s001_2026-05-18_22-21-47-879,001,001,1,P001,wikiart_practice/practice_wikiart_001_surrealistic_gouache.jpg,146,22.407945,1779135730.288334,2.416667,186.0,-58.0,0.0,0.0,2940,1912,1.112116,0.82,0.0,0.0,pix
real_001_s001_2026-05-18_22-21-47-879,001,001,1,P001,wikiart_practice/practice_wikiart_001_surrealistic_gouache.jpg,147,22.424612,1779135730.305,2.433333,186.0,-58.0,0.0,0.0,2940,1912,1.112116,0.82,0.0,0.0,pix
real_001_s001_2026-05-18_22-21-47-879,001,001,1,P001,wikiart_practice/practice_wikiart_001_surrealistic_gouache.jpg,148,22.441278,1779135730.321667,2.45,186.0,-58.0,0.0,0.0,2940,1912,1.112116,0.82,0.0,0.0,pix
real_001_s001_2026-05-18_22-21-47-879,001,001,1,P001,wikiart_practice/practice_wikiart_001_surrealistic_gouache.jpg,149,22.457945,1779135730.338334,2.466667,186.0,-58.0,0.0,0.0,2940,1912,1.112116,0.82,0.0,0.0,pix
real_001_s001_2026-05-18_22-21-47-879,001,001,1,P001,wikiart_practice/practice_wikiart_001_surrealistic_gouache.jpg,150,22.474612,1779135730.355,2.483333,186.0,-58.0,0.0,0.0,2940,1912,1.112116,0.82,0.0,0.0,pix
real_001_s001_2026-05-18_22-21-47-879,001,001,1,P001,wikiart_practice/practice_wikiart_001_surrealistic_gouache.jpg,151,22.491278,1779135730.371667,2.5,186.0,-58.0,0.0,0.0,2940,1912,1.112116,0.82,0.0,0.0,pix
real_001_s001_2026-05-18_22-21-47-879,001,001,1,P001,wikiart_practice/practice_wikiart_001_surrealistic_gouache.jpg,152,22.507945,1779135730.388334,2.516667,186.0,-58.0,0.0,0.0,2940,1912,1.112116,0.82,0.0,0.0,pix
real_001_s001_2026-05-18_22-21-47-879,001,001,1,P001,wikiart_practice/practice_wikiart_001_surrealistic_gouache.jpg,153,22.524612,1779135730.405,2.533333,186.0,-58.0,0.0,0.0,2940,1912,1.112116,0.82,0.0,0.0,pix
real_001_s001_2026-05-18_22-21-47-879,001,001,1,P001,wikiart_practice/practice_wikiart_001_surrealistic_gouache.jpg,154,22.541278,1779135730.421667,2.55,186.0,-58.0,0.0,0.0,2940,1912,1.112116,0.82,0.0,0.0,pix
real_001_s001_2026-05-18_22-21-47-879,001,001,1,P001,wikiart_practice/practice_wikiart_001_surrealistic_gouache.jpg,155,22.557945,1779135730.438334,2.566667,186.0,-58.0,0.0,0.0,2940,1912,1.112116,0.82,0.0,0.0,pix
real_001_s001_2026-05-18_22-21-47-879,001,001,1,P001,wikiart_practice/practice_wikiart_001_surrealistic_gouache.jpg,156,22.574612,1779135730.455,2.583333,186.0,-58.0,0.0,0.0,2940,1912,1.112116,0.82,0.0,0.0,pix
real_001_s001_2026-05-18_22-21-47-879,001,001,1,P001,wikiart_practice/practice_wikiart_001_surrealistic_gouache.jpg,157,22.591278,1779135730.471667,2.6,186.0,-58.0,0.0,0.0,2940,1912,1.112116,0.82,0.0,0.0,pix
real_001_s001_2026-05-18_22-21-47-879,001,001,1,P001,wikiart_practice/practice_wikiart_001_surrealistic_gouache.jpg,158,22.607945,1779135730.488333,2.616667,186.0,-58.0,0.0,0.0,2940,1912,1.112116,0.82,0.0,0.0,pix
real_001_s001_2026-05-18_22-21-47-879,001,001,1,P001,wikiart_practice/practice_wikiart_001_surrealistic_gouache.jpg,159,22.624612,1779135730.505,2.633333,186.0,-58.0,0.0,0.0,2940,1912,1.112116,0.82,0.0,0.0,pix
real_001_s001_2026-05-18_22-21-47-879,001,001,1,P001,wikiart_practice/practice_wikiart_001_surrealistic_gouache.jpg,160,22.641278,1779135730.521667,2.65,186.0,-58.0,0.0,0.0,2940,1912,1.112116,0.82,0.0,0.0,pix
real_001_s001_2026-05-18_22-21-47-879,001,001,1,P001,wikiart_practice/practice_wikiart_001_surrealistic_gouache.jpg,161,22.657945,1779135730.538334,2.666667,186.0,-58.0,0.0,0.0,2940,1912,1.112116,0.82,0.0,0.0,pix
real_001_s001_2026-05-18_22-21-47-879,001,001,1,P001,wikiart_practice/practice_wikiart_001_surrealistic_gouache.jpg,162,22.674612,1779135730.555,2.683333,186.0,-58.0,0.0,0.0,2940,1912,1.112116,0.82,0.0,0.0,pix
real_001_s001_2026-05-18_22-21-47-879,001,001,1,P001,wikiart_practice/practice_wikiart_001_surrealistic_gouache.jpg,163,22.691278,1779135730.571667,2.7,186.0,-58.0,0.0,0.0,2940,1912,1.112116,0.82,0.0,0.0,pix
real_001_s001_2026-05-18_22-21-47-879,001,001,1,P001,wikiart_practice/practice_wikiart_001_surrealistic_gouache.jpg,164,22.707945,1779135730.588334,2.716667,186.0,-58.0,0.0,0.0,2940,1912,1.112116,0.82,0.0,0.0,pix
real_001_s001_2026-05-18_22-21-47-879,001,001,1,P001,wikiart_practice/practice_wikiart_001_surrealistic_gouache.jpg,165,22.724612,1779135730.605,2.733333,186.0,-58.0,0.0,0.0,2940,1912,1.112116,0.82,0.0,0.0,pix
real_001_s001_2026-05-18_22-21-47-879,001,001,1,P001,wikiart_practice/practice_wikiart_001_surrealistic_gouache.jpg,166,22.741278,1779135730.621667,2.75,186.0,-58.0,0.0,0.0,2940,1912,1.112116,0.82,0.0,0.0,pix
real_001_s001_2026-05-18_22-21-47-879,001,001,1,P001,wikiart_practice/practice_wikiart_001_surrealistic_gouache.jpg,167,22.757945,1779135730.638334,2.766667,186.0,-58.0,0.0,0.0,2940,1912,1.112116,0.82,0.0,0.0,pix
real_001_s001_2026-05-18_22-21-47-879,001,001,1,P001,wikiart_practice/practice_wikiart_001_surrealistic_gouache.jpg,168,22.774612,1779135730.655,2.783333,186.0,-58.0,0.0,0.0,2940,1912,1.112116,0.82,0.0,0.0,pix
real_001_s001_2026-05-18_22-21-47-879,001,001,1,P001,wikiart_practice/practice_wikiart_001_surrealistic_gouache.jpg,169,22.791278,1779135730.671667,2.8,186.0,-58.0,0.0,0.0,2940,1912,1.112116,0.82,0.0,0.0,pix
real_001_s001_2026-05-18_22-21-47-879,001,001,1,P001,wikiart_practice/practice_wikiart_001_surrealistic_gouache.jpg,170,22.807945,1779135730.688334,2.816667,186.0,-58.0,0.0,0.0,2940,1912,1.112116,0.82,0.0,0.0,pix
real_001_s001_2026-05-18_22-21-47-879,001,001,1,P001,wikiart_practice/practice_wikiart_001_surrealistic_gouache.jpg,171,22.824612,1779135730.705,2.833333,186.0,-58.0,0.0,0.0,2940,1912,1.112116,0.82,0.0,0.0,pix
real_001_s001_2026-05-18_22-21-47-879,001,001,1,P001,wikiart_practice/practice_wikiart_001_surrealistic_gouache.jpg,172,22.841278,1779135730.721667,2.85,186.0,-58.0,0.0,0.0,2940,1912,1.112116,0.82,0.0,0.0,pix
real_001_s001_2026-05-18_22-21-47-879,001,001,1,P001,wikiart_practice/practice_wikiart_001_surrealistic_gouache.jpg,173,22.857945,1779135730.738333,2.866667,186.0,-58.0,0.0,0.0,2940,1912,1.112116,0.82,0.0,0.0,pix
real_001_s001_2026-05-18_22-21-47-879,001,001,1,P001,wikiart_practice/practice_wikiart_001_surrealistic_gouache.jpg,174,22.874612,1779135730.755,2.883333,186.0,-58.0,0.0,0.0,2940,1912,1.112116,0.82,0.0,0.0,pix
real_001_s001_2026-05-18_22-21-47-879,001,001,1,P001,wikiart_practice/practice_wikiart_001_surrealistic_gouache.jpg,175,22.891278,1779135730.771667,2.9,186.0,-58.0,0.0,0.0,2940,1912,1.112116,0.82,0.0,0.0,pix
real_001_s001_2026-05-18_22-21-47-879,001,001,1,P001,wikiart_practice/practice_wikiart_001_surrealistic_gouache.jpg,176,22.907945,1779135730.788334,2.916667,186.0,-58.0,0.0,0.0,2940,1912,1.112116,0.82,0.0,0.0,pix
real_001_s001_2026-05-18_22-21-47-879,001,001,1,P001,wikiart_practice/practice_wikiart_001_surrealistic_gouache.jpg,177,22.924612,1779135730.805,2.933333,186.0,-58.0,0.0,0.0,2940,1912,1.112116,0.82,0.0,0.0,pix
real_001_s001_2026-05-18_22-21-47-879,001,001,1,P001,wikiart_practice/practice_wikiart_001_surrealistic_gouache.jpg,178,22.941278,1779135730.821667,2.95,186.0,-58.0,0.0,0.0,2940,1912,1.112116,0.82,0.0,0.0,pix
real_001_s001_2026-05-18_22-21-47-879,001,001,1,P001,wikiart_practice/practice_wikiart_001_surrealistic_gouache.jpg,179,22.957945,1779135730.838334,2.966667,186.0,-58.0,0.0,0.0,2940,1912,1.112116,0.82,0.0,0.0,pix
real_001_s001_2026-05-18_22-21-47-879,001,001,1,P001,wikiart_practice/practice_wikiart_001_surrealistic_gouache.jpg,180,22.974612,1779135730.855,2.983333,186.0,-58.0,0.0,0.0,2940,1912,1.112116,0.82,0.0,0.0,pix
real_001_s001_2026-05-18_22-21-47-879,001,001,1,P001,wikiart_practice/practice_wikiart_001_surrealistic_gouache.jpg,181,22.991278,1779135730.871667,3.0,186.0,-58.0,0.0,0.0,2940,1912,1.112116,0.82,0.0,0.0,pix
real_001_s001_2026-05-18_22-21-47-879,001,001,1,P001,wikiart_practice/practice_wikiart_001_surrealistic_gouache.jpg,182,23.007945,1779135730.888334,3.016667,186.0,-58.0,0.0,0.0,2940,1912,1.112116,0.82,0.0,0.0,pix
real_001_s001_2026-05-18_22-21-47-879,001,001,1,P001,wikiart_practice/practice_wikiart_001_surrealistic_gouache.jpg,183,23.024612,1779135730.905,3.033333,186.0,-58.0,0.0,0.0,2940,1912,1.112116,0.82,0.0,0.0,pix
real_001_s001_2026-05-18_22-21-47-879,001,001,1,P001,wikiart_practice/practice_wikiart_001_surrealistic_gouache.jpg,184,23.041278,1779135730.921667,3.05,186.0,-58.0,0.0,0.0,2940,1912,1.112116,0.82,0.0,0.0,pix
real_001_s001_2026-05-18_22-21-47-879,001,001,1,P001,wikiart_practice/practice_wikiart_001_surrealistic_gouache.jpg,185,23.057945,1779135730.938334,3.066667,186.0,-58.0,0.0,0.0,2940,1912,1.112116,0.82,0.0,0.0,pix
real_001_s001_2026-05-18_22-21-47-879,001,001,1,P001,wikiart_practice/practice_wikiart_001_surrealistic_gouache.jpg,186,23.074612,1779135730.955,3.083333,186.0,-58.0,0.0,0.0,2940,1912,1.112116,0.82,0.0,0.0,pix
real_001_s001_2026-05-18_22-21-47-879,001,001,1,P001,wikiart_practice/practice_wikiart_001_surrealistic_gouache.jpg,187,23.091278,1779135730.971667,3.1,186.0,-58.0,0.0,0.0,2940,1912,1.112116,0.82,0.0,0.0,pix
real_001_s001_2026-05-18_22-21-47-879,001,001,1,P001,wikiart_practice/practice_wikiart_001_surrealistic_gouache.jpg,188,23.107945,1779135730.988333,3.116667,186.0,-58.0,0.0,0.0,2940,1912,1.112116,0.82,0.0,0.0,pix
real_001_s001_2026-05-18_22-21-47-879,001,001,1,P001,wikiart_practice/practice_wikiart_001_surrealistic_gouache.jpg,189,23.124612,1779135731.005,3.133333,186.0,-58.0,0.0,0.0,2940,1912,1.112116,0.82,0.0,0.0,pix
real_001_s001_2026-05-18_22-21-47-879,001,001,1,P001,wikiart_practice/practice_wikiart_001_surrealistic_gouache.jpg,190,23.141278,1779135731.021667,3.15,186.0,-58.0,0.0,0.0,2940,1912,1.112116,0.82,0.0,0.0,pix
real_001_s001_2026-05-18_22-21-47-879,001,001,1,P001,wikiart_practice/practice_wikiart_001_surrealistic_gouache.jpg,191,23.157945,1779135731.038334,3.166667,186.0,-58.0,0.0,0.0,2940,1912,1.112116,0.82,0.0,0.0,pix
real_001_s001_2026-05-18_22-21-47-879,001,001,1,P001,wikiart_practice/practice_wikiart_001_surrealistic_gouache.jpg,192,23.174612,1779135731.055,3.183333,186.0,-58.0,0.0,0.0,2940,1912,1.112116,0.82,0.0,0.0,pix
real_001_s001_2026-05-18_22-21-47-879,001,001,1,P001,wikiart_practice/practice_wikiart_001_surrealistic_gouache.jpg,193,23.191278,1779135731.071667,3.2,186.0,-58.0,0.0,0.0,2940,1912,1.112116,0.82,0.0,0.0,pix
real_001_s001_2026-05-18_22-21-47-879,001,001,1,P001,wikiart_practice/practice_wikiart_001_surrealistic_gouache.jpg,194,23.207945,1779135731.088334,3.216667,186.0,-58.0,0.0,0.0,2940,1912,1.112116,0.82,0.0,0.0,pix
real_001_s001_2026-05-18_22-21-47-879,001,001,1,P001,wikiart_practice/practice_wikiart_001_surrealistic_gouache.jpg,195,23.224612,1779135731.105,3.233333,186.0,-58.0,0.0,0.0,2940,1912,1.112116,0.82,0.0,0.0,pix
real_001_s001_2026-05-18_22-21-47-879,001,001,1,P001,wikiart_practice/practice_wikiart_001_surrealistic_gouache.jpg,196,23.241278,1779135731.121667,3.25,186.0,-58.0,0.0,0.0,2940,1912,1.112116,0.82,0.0,0.0,pix
real_001_s001_2026-05-18_22-21-47-879,001,001,1,P001,wikiart_practice/practice_wikiart_001_surrealistic_gouache.jpg,197,23.257945,1779135731.138334,3.266667,186.0,-58.0,0.0,0.0,2940,1912,1.112116,0.82,0.0,0.0,pix
real_001_s001_2026-05-18_22-21-47-879,001,001,1,P001,wikiart_practice/practice_wikiart_001_surrealistic_gouache.jpg,198,23.274612,1779135731.155,3.283333,186.0,-58.0,0.0,0.0,2940,1912,1.112116,0.82,0.0,0.0,pix
real_001_s001_2026-05-18_22-21-47-879,001,001,1,P001,wikiart_practice/practice_wikiart_001_surrealistic_gouache.jpg,199,23.291278,1779135731.171667,3.3,186.0,-58.0,0.0,0.0,2940,1912,1.112116,0.82,0.0,0.0,pix
real_001_s001_2026-05-18_22-21-47-879,001,001,1,P001,wikiart_practice/practice_wikiart_001_surrealistic_gouache.jpg,200,23.307945,1779135731.188334,3.316667,186.0,-58.0,0.0,0.0,2940,1912,1.112116,0.82,0.0,0.0,pix
real_001_s001_2026-05-18_22-21-47-879,001,001,1,P001,wikiart_practice/practice_wikiart_001_surrealistic_gouache.jpg,201,23.324612,1779135731.205,3.333333,186.0,-58.0,0.0,0.0,2940,1912,1.112116,0.82,0.0,0.0,pix
real_001_s001_2026-05-18_22-21-47-879,001,001,1,P001,wikiart_practice/practice_wikiart_001_surrealistic_gouache.jpg,202,23.341278,1779135731.221667,3.35,186.0,-58.0,0.0,0.0,2940,1912,1.112116,0.82,0.0,0.0,pix
real_001_s001_2026-05-18_22-21-47-879,001,001,1,P001,wikiart_practice/practice_wikiart_001_surrealistic_gouache.jpg,203,23.357945,1779135731.238333,3.366667,186.0,-58.0,0.0,0.0,2940,1912,1.112116,0.82,0.0,0.0,pix
real_001_s001_2026-05-18_22-21-47-879,001,001,1,P001,wikiart_practice/practice_wikiart_001_surrealistic_gouache.jpg,204,23.374612,1779135731.255,3.383333,186.0,-58.0,0.0,0.0,2940,1912,1.112116,0.82,0.0,0.0,pix
real_001_s001_2026-05-18_22-21-47-879,001,001,1,P001,wikiart_practice/practice_wikiart_001_surrealistic_gouache.jpg,205,23.391278,1779135731.271667,3.4,186.0,-58.0,0.0,0.0,2940,1912,1.112116,0.82,0.0,0.0,pix
real_001_s001_2026-05-18_22-21-47-879,001,001,1,P001,wikiart_practice/practice_wikiart_001_surrealistic_gouache.jpg,206,23.407945,1779135731.288334,3.416667,186.0,-58.0,0.0,0.0,2940,1912,1.112116,0.82,0.0,0.0,pix
real_001_s001_2026-05-18_22-21-47-879,001,001,1,P001,wikiart_practice/practice_wikiart_001_surrealistic_gouache.jpg,207,23.424612,1779135731.305,3.433333,186.0,-58.0,0.0,0.0,2940,1912,1.112116,0.82,0.0,0.0,pix
real_001_s001_2026-05-18_22-21-47-879,001,001,1,P001,wikiart_practice/practice_wikiart_001_surrealistic_gouache.jpg,208,23.441278,1779135731.321667,3.45,186.0,-58.0,0.0,0.0,2940,1912,1.112116,0.82,0.0,0.0,pix
real_001_s001_2026-05-18_22-21-47-879,001,001,1,P001,wikiart_practice/practice_wikiart_001_surrealistic_gouache.jpg,209,23.457945,1779135731.338334,3.466667,186.0,-58.0,0.0,0.0,2940,1912,1.112116,0.82,0.0,0.0,pix
real_001_s001_2026-05-18_22-21-47-879,001,001,1,P001,wikiart_practice/practice_wikiart_001_surrealistic_gouache.jpg,210,23.474612,1779135731.355,3.483333,186.0,-58.0,0.0,0.0,2940,1912,1.112116,0.82,0.0,0.0,pix
real_001_s001_2026-05-18_22-21-47-879,001,001,1,P001,wikiart_practice/practice_wikiart_001_surrealistic_gouache.jpg,211,23.491278,1779135731.371667,3.5,186.0,-58.0,0.0,0.0,2940,1912,1.112116,0.82,0.0,0.0,pix
real_001_s001_2026-05-18_22-21-47-879,001,001,1,P001,wikiart_practice/practice_wikiart_001_surrealistic_gouache.jpg,212,23.507945,1779135731.388334,3.516667,186.0,-58.0,0.0,0.0,2940,1912,1.112116,0.82,0.0,0.0,pix
real_001_s001_2026-05-18_22-21-47-879,001,001,1,P001,wikiart_practice/practice_wikiart_001_surrealistic_gouache.jpg,213,23.524612,1779135731.405,3.533333,186.0,-58.0,0.0,0.0,2940,1912,1.112116,0.82,0.0,0.0,pix
real_001_s001_2026-05-18_22-21-47-879,001,001,1,P001,wikiart_practice/practice_wikiart_001_surrealistic_gouache.jpg,214,23.541278,1779135731.421667,3.55,186.0,-58.0,0.0,0.0,2940,1912,1.112116,0.82,0.0,0.0,pix
real_001_s001_2026-05-18_22-21-47-879,001,001,1,P001,wikiart_practice/practice_wikiart_001_surrealistic_gouache.jpg,215,23.557945,1779135731.438334,3.566667,186.0,-58.0,0.0,0.0,2940,1912,1.112116,0.82,0.0,0.0,pix
real_001_s001_2026-05-18_22-21-47-879,001,001,1,P001,wikiart_practice/practice_wikiart_001_surrealistic_gouache.jpg,216,23.574612,1779135731.455,3.583333,186.0,-58.0,0.0,0.0,2940,1912,1.112116,0.82,0.0,0.0,pix
real_001_s001_2026-05-18_22-21-47-879,001,001,1,P001,wikiart_practice/practice_wikiart_001_surrealistic_gouache.jpg,217,23.591278,1779135731.471667,3.6,186.0,-58.0,0.0,0.0,2940,1912,1.112116,0.82,0.0,0.0,pix
real_001_s001_2026-05-18_22-21-47-879,001,001,1,P001,wikiart_practice/practice_wikiart_001_surrealistic_gouache.jpg,218,23.607945,1779135731.488333,3.616667,186.0,-58.0,0.0,0.0,2940,1912,1.112116,0.82,0.0,0.0,pix
real_001_s001_2026-05-18_22-21-47-879,001,001,1,P001,wikiart_practice/practice_wikiart_001_surrealistic_gouache.jpg,219,23.624612,1779135731.505,3.633333,186.0,-58.0,0.0,0.0,2940,1912,1.112116,0.82,0.0,0.0,pix
real_001_s001_2026-05-18_22-21-47-879,001,001,1,P001,wikiart_practice/practice_wikiart_001_surrealistic_gouache.jpg,220,23.641278,1779135731.521667,3.65,186.0,-58.0,0.0,0.0,2940,1912,1.112116,0.82,0.0,0.0,pix
real_001_s001_2026-05-18_22-21-47-879,001,001,1,P001,wikiart_practice/practice_wikiart_001_surrealistic_gouache.jpg,221,23.657945,1779135731.538334,3.666667,186.0,-58.0,0.0,0.0,2940,1912,1.112116,0.82,0.0,0.0,pix
real_001_s001_2026-05-18_22-21-47-879,001,001,1,P001,wikiart_practice/practice_wikiart_001_surrealistic_gouache.jpg,222,23.674612,1779135731.555,3.683333,186.0,-58.0,0.0,0.0,2940,1912,1.112116,0.82,0.0,0.0,pix
real_001_s001_2026-05-18_22-21-47-879,001,001,1,P001,wikiart_practice/practice_wikiart_001_surrealistic_gouache.jpg,223,23.691278,1779135731.571667,3.7,186.0,-58.0,0.0,0.0,2940,1912,1.112116,0.82,0.0,0.0,pix
real_001_s001_2026-05-18_22-21-47-879,001,001,1,P001,wikiart_practice/practice_wikiart_001_surrealistic_gouache.jpg,224,23.707945,1779135731.588334,3.716667,186.0,-58.0,0.0,0.0,2940,1912,1.112116,0.82,0.0,0.0,pix
real_001_s001_2026-05-18_22-21-47-879,001,001,1,P001,wikiart_practice/practice_wikiart_001_surrealistic_gouache.jpg,225,23.724612,1779135731.605,3.733333,186.0,-58.0,0.0,0.0,2940,1912,1.112116,0.82,0.0,0.0,pix
real_001_s001_2026-05-18_22-21-47-879,001,001,1,P001,wikiart_practice/practice_wikiart_001_surrealistic_gouache.jpg,226,23.741278,1779135731.621667,3.75,186.0,-58.0,0.0,0.0,2940,1912,1.112116,0.82,0.0,0.0,pix
real_001_s001_2026-05-18_22-21-47-879,001,001,1,P001,wikiart_practice/practice_wikiart_001_surrealistic_gouache.jpg,227,23.757945,1779135731.638334,3.766667,186.0,-58.0,0.0,0.0,2940,1912,1.112116,0.82,0.0,0.0,pix
real_001_s001_2026-05-18_22-21-47-879,001,001,1,P001,wikiart_practice/practice_wikiart_001_surrealistic_gouache.jpg,228,23.774612,1779135731.655,3.783333,186.0,-58.0,0.0,0.0,2940,1912,1.112116,0.82,0.0,0.0,pix
real_001_s001_2026-05-18_22-21-47-879,001,001,1,P001,wikiart_practice/practice_wikiart_001_surrealistic_gouache.jpg,229,23.791278,1779135731.671667,3.8,186.0,-58.0,0.0,0.0,2940,1912,1.112116,0.82,0.0,0.0,pix
real_001_s001_2026-05-18_22-21-47-879,001,001,1,P001,wikiart_practice/practice_wikiart_001_surrealistic_gouache.jpg,230,23.807945,1779135731.688334,3.816667,186.0,-58.0,0.0,0.0,2940,1912,1.112116,0.82,0.0,0.0,pix
real_001_s001_2026-05-18_22-21-47-879,001,001,1,P001,wikiart_practice/practice_wikiart_001_surrealistic_gouache.jpg,231,23.824612,1779135731.705,3.833333,186.0,-58.0,0.0,0.0,2940,1912,1.112116,0.82,0.0,0.0,pix
real_001_s001_2026-05-18_22-21-47-879,001,001,1,P001,wikiart_practice/practice_wikiart_001_surrealistic_gouache.jpg,232,23.841278,1779135731.721667,3.85,186.0,-58.0,0.0,0.0,2940,1912,1.112116,0.82,0.0,0.0,pix
real_001_s001_2026-05-18_22-21-47-879,001,001,1,P001,wikiart_practice/practice_wikiart_001_surrealistic_gouache.jpg,233,23.857945,1779135731.738333,3.866667,186.0,-58.0,0.0,0.0,2940,1912,1.112116,0.82,0.0,0.0,pix
real_001_s001_2026-05-18_22-21-47-879,001,001,1,P001,wikiart_practice/practice_wikiart_001_surrealistic_gouache.jpg,234,23.874612,1779135731.755,3.883333,186.0,-58.0,0.0,0.0,2940,1912,1.112116,0.82,0.0,0.0,pix
real_001_s001_2026-05-18_22-21-47-879,001,001,1,P001,wikiart_practice/practice_wikiart_001_surrealistic_gouache.jpg,235,23.891278,1779135731.771667,3.9,186.0,-58.0,0.0,0.0,2940,1912,1.112116,0.82,0.0,0.0,pix
real_001_s001_2026-05-18_22-21-47-879,001,001,1,P001,wikiart_practice/practice_wikiart_001_surrealistic_gouache.jpg,236,23.907945,1779135731.788334,3.916667,186.0,-58.0,0.0,0.0,2940,1912,1.112116,0.82,0.0,0.0,pix
real_001_s001_2026-05-18_22-21-47-879,001,001,1,P001,wikiart_practice/practice_wikiart_001_surrealistic_gouache.jpg,237,23.924612,1779135731.805,3.933333,186.0,-58.0,0.0,0.0,2940,1912,1.112116,0.82,0.0,0.0,pix
real_001_s001_2026-05-18_22-21-47-879,001,001,1,P001,wikiart_practice/practice_wikiart_001_surrealistic_gouache.jpg,238,23.941278,1779135731.821667,3.95,186.0,-58.0,0.0,0.0,2940,1912,1.112116,0.82,0.0,0.0,pix
real_001_s001_2026-05-18_22-21-47-879,001,001,1,P001,wikiart_practice/practice_wikiart_001_surrealistic_gouache.jpg,239,23.957945,1779135731.838334,3.966667,186.0,-58.0,0.0,0.0,2940,1912,1.112116,0.82,0.0,0.0,pix
real_001_s001_2026-05-18_22-21-47-879,001,001,1,P001,wikiart_practice/practice_wikiart_001_surrealistic_gouache.jpg,240,23.974612,1779135731.855,3.983333,186.0,-58.0,0.0,0.0,2940,1912,1.112116,0.82,0.0,0.0,pix
real_001_s001_2026-05-18_22-21-47-879,001,001,1,P001,wikiart_practice/practice_wikiart_001_surrealistic_gouache.jpg,241,23.991278,1779135731.871667,4.0,186.0,-58.0,0.0,0.0,2940,1912,1.112116,0.82,0.0,0.0,pix
real_001_s001_2026-05-18_22-21-47-879,001,001,1,P001,wikiart_practice/practice_wikiart_001_surrealistic_gouache.jpg,242,24.007945,1779135731.888334,4.016667,186.0,-58.0,0.0,0.0,2940,1912,1.112116,0.82,0.0,0.0,pix
real_001_s001_2026-05-18_22-21-47-879,001,001,1,P001,wikiart_practice/practice_wikiart_001_surrealistic_gouache.jpg,243,24.024612,1779135731.905,4.033333,186.0,-58.0,0.0,0.0,2940,1912,1.112116,0.82,0.0,0.0,pix
real_001_s001_2026-05-18_22-21-47-879,001,001,1,P001,wikiart_practice/practice_wikiart_001_surrealistic_gouache.jpg,244,24.041278,1779135731.921667,4.05,186.0,-58.0,0.0,0.0,2940,1912,1.112116,0.82,0.0,0.0,pix
real_001_s001_2026-05-18_22-21-47-879,001,001,1,P001,wikiart_practice/practice_wikiart_001_surrealistic_gouache.jpg,245,24.057945,1779135731.938334,4.066667,186.0,-58.0,0.0,0.0,2940,1912,1.112116,0.82,0.0,0.0,pix
real_001_s001_2026-05-18_22-21-47-879,001,001,1,P001,wikiart_practice/practice_wikiart_001_surrealistic_gouache.jpg,246,24.074612,1779135731.955,4.083333,186.0,-58.0,0.0,0.0,2940,1912,1.112116,0.82,0.0,0.0,pix
real_001_s001_2026-05-18_22-21-47-879,001,001,1,P001,wikiart_practice/practice_wikiart_001_surrealistic_gouache.jpg,247,24.091278,1779135731.971667,4.1,186.0,-58.0,0.0,0.0,2940,1912,1.112116,0.82,0.0,0.0,pix
real_001_s001_2026-05-18_22-21-47-879,001,001,1,P001,wikiart_practice/practice_wikiart_001_surrealistic_gouache.jpg,248,24.107945,1779135731.988333,4.116667,186.0,-58.0,0.0,0.0,2940,1912,1.112116,0.82,0.0,0.0,pix
real_001_s001_2026-05-18_22-21-47-879,001,001,1,P001,wikiart_practice/practice_wikiart_001_surrealistic_gouache.jpg,249,24.124612,1779135732.005,4.133333,186.0,-58.0,0.0,0.0,2940,1912,1.112116,0.82,0.0,0.0,pix
real_001_s001_2026-05-18_22-21-47-879,001,001,1,P001,wikiart_practice/practice_wikiart_001_surrealistic_gouache.jpg,250,24.141278,1779135732.021667,4.15,186.0,-58.0,0.0,0.0,2940,1912,1.112116,0.82,0.0,0.0,pix
real_001_s001_2026-05-18_22-21-47-879,001,001,1,P001,wikiart_practice/practice_wikiart_001_surrealistic_gouache.jpg,251,24.157945,1779135732.038334,4.166667,186.0,-58.0,0.0,0.0,2940,1912,1.112116,0.82,0.0,0.0,pix
real_001_s001_2026-05-18_22-21-47-879,001,001,1,P001,wikiart_practice/practice_wikiart_001_surrealistic_gouache.jpg,252,24.174612,1779135732.055,4.183333,186.0,-58.0,0.0,0.0,2940,1912,1.112116,0.82,0.0,0.0,pix
real_001_s001_2026-05-18_22-21-47-879,001,001,1,P001,wikiart_practice/practice_wikiart_001_surrealistic_gouache.jpg,253,24.191278,1779135732.071667,4.2,186.0,-58.0,0.0,0.0,2940,1912,1.112116,0.82,0.0,0.0,pix
real_001_s001_2026-05-18_22-21-47-879,001,001,1,P001,wikiart_practice/practice_wikiart_001_surrealistic_gouache.jpg,254,24.207945,1779135732.088334,4.216667,186.0,-58.0,0.0,0.0,2940,1912,1.112116,0.82,0.0,0.0,pix
real_001_s001_2026-05-18_22-21-47-879,001,001,1,P001,wikiart_practice/practice_wikiart_001_surrealistic_gouache.jpg,255,24.224612,1779135732.105,4.233333,186.0,-58.0,0.0,0.0,2940,1912,1.112116,0.82,0.0,0.0,pix
real_001_s001_2026-05-18_22-21-47-879,001,001,1,P001,wikiart_practice/practice_wikiart_001_surrealistic_gouache.jpg,256,24.241278,1779135732.121667,4.25,186.0,-58.0,0.0,0.0,2940,1912,1.112116,0.82,0.0,0.0,pix
real_001_s001_2026-05-18_22-21-47-879,001,001,1,P001,wikiart_practice/practice_wikiart_001_surrealistic_gouache.jpg,257,24.257945,1779135732.138334,4.266667,186.0,-58.0,0.0,0.0,2940,1912,1.112116,0.82,0.0,0.0,pix
real_001_s001_2026-05-18_22-21-47-879,001,001,1,P001,wikiart_practice/practice_wikiart_001_surrealistic_gouache.jpg,258,24.274612,1779135732.155,4.283333,186.0,-58.0,0.0,0.0,2940,1912,1.112116,0.82,0.0,0.0,pix
real_001_s001_2026-05-18_22-21-47-879,001,001,1,P001,wikiart_practice/practice_wikiart_001_surrealistic_gouache.jpg,259,24.291278,1779135732.171667,4.3,186.0,-58.0,0.0,0.0,2940,1912,1.112116,0.82,0.0,0.0,pix
real_001_s001_2026-05-18_22-21-47-879,001,001,1,P001,wikiart_practice/practice_wikiart_001_surrealistic_gouache.jpg,260,24.307945,1779135732.188334,4.316667,186.0,-58.0,0.0,0.0,2940,1912,1.112116,0.82,0.0,0.0,pix
real_001_s001_2026-05-18_22-21-47-879,001,001,1,P001,wikiart_practice/practice_wikiart_001_surrealistic_gouache.jpg,261,24.324612,1779135732.205,4.333333,186.0,-58.0,0.0,0.0,2940,1912,1.112116,0.82,0.0,0.0,pix
real_001_s001_2026-05-18_22-21-47-879,001,001,1,P001,wikiart_practice/practice_wikiart_001_surrealistic_gouache.jpg,262,24.341278,1779135732.221667,4.35,186.0,-58.0,0.0,0.0,2940,1912,1.112116,0.82,0.0,0.0,pix
real_001_s001_2026-05-18_22-21-47-879,001,001,1,P001,wikiart_practice/practice_wikiart_001_surrealistic_gouache.jpg,263,24.357945,1779135732.238333,4.366667,186.0,-58.0,0.0,0.0,2940,1912,1.112116,0.82,0.0,0.0,pix
real_001_s001_2026-05-18_22-21-47-879,001,001,1,P001,wikiart_practice/practice_wikiart_001_surrealistic_gouache.jpg,264,24.374612,1779135732.255,4.383333,186.0,-58.0,0.0,0.0,2940,1912,1.112116,0.82,0.0,0.0,pix
real_001_s001_2026-05-18_22-21-47-879,001,001,1,P001,wikiart_practice/practice_wikiart_001_surrealistic_gouache.jpg,265,24.391278,1779135732.271667,4.4,186.0,-58.0,0.0,0.0,2940,1912,1.112116,0.82,0.0,0.0,pix
real_001_s001_2026-05-18_22-21-47-879,001,001,1,P001,wikiart_practice/practice_wikiart_001_surrealistic_gouache.jpg,266,24.407945,1779135732.288334,4.416667,186.0,-58.0,0.0,0.0,2940,1912,1.112116,0.82,0.0,0.0,pix
real_001_s001_2026-05-18_22-21-47-879,001,001,1,P001,wikiart_practice/practice_wikiart_001_surrealistic_gouache.jpg,267,24.424612,1779135732.305,4.433333,186.0,-58.0,0.0,0.0,2940,1912,1.112116,0.82,0.0,0.0,pix
real_001_s001_2026-05-18_22-21-47-879,001,001,1,P001,wikiart_practice/practice_wikiart_001_surrealistic_gouache.jpg,268,24.441278,1779135732.321667,4.45,186.0,-58.0,0.0,0.0,2940,1912,1.112116,0.82,0.0,0.0,pix
real_001_s001_2026-05-18_22-21-47-879,001,001,1,P001,wikiart_practice/practice_wikiart_001_surrealistic_gouache.jpg,269,24.457945,1779135732.338334,4.466667,186.0,-58.0,0.0,0.0,2940,1912,1.112116,0.82,0.0,0.0,pix
real_001_s001_2026-05-18_22-21-47-879,001,001,1,P001,wikiart_practice/practice_wikiart_001_surrealistic_gouache.jpg,270,24.474612,1779135732.355,4.483333,186.0,-58.0,0.0,0.0,2940,1912,1.112116,0.82,0.0,0.0,pix
real_001_s001_2026-05-18_22-21-47-879,001,001,1,P001,wikiart_practice/practice_wikiart_001_surrealistic_gouache.jpg,271,24.491278,1779135732.371667,4.5,186.0,-58.0,0.0,0.0,2940,1912,1.112116,0.82,0.0,0.0,pix
real_001_s001_2026-05-18_22-21-47-879,001,001,1,P001,wikiart_practice/practice_wikiart_001_surrealistic_gouache.jpg,272,24.507945,1779135732.388334,4.516667,186.0,-58.0,0.0,0.0,2940,1912,1.112116,0.82,0.0,0.0,pix
real_001_s001_2026-05-18_22-21-47-879,001,001,1,P001,wikiart_practice/practice_wikiart_001_surrealistic_gouache.jpg,273,24.524612,1779135732.405,4.533333,186.0,-58.0,0.0,0.0,2940,1912,1.112116,0.82,0.0,0.0,pix
real_001_s001_2026-05-18_22-21-47-879,001,001,1,P001,wikiart_practice/practice_wikiart_001_surrealistic_gouache.jpg,274,24.541278,1779135732.421667,4.55,186.0,-58.0,0.0,0.0,2940,1912,1.112116,0.82,0.0,0.0,pix
real_001_s001_2026-05-18_22-21-47-879,001,001,1,P001,wikiart_practice/practice_wikiart_001_surrealistic_gouache.jpg,275,24.557945,1779135732.438334,4.566667,186.0,-58.0,0.0,0.0,2940,1912,1.112116,0.82,0.0,0.0,pix
real_001_s001_2026-05-18_22-21-47-879,001,001,1,P001,wikiart_practice/practice_wikiart_001_surrealistic_gouache.jpg,276,24.574612,1779135732.455,4.583333,186.0,-58.0,0.0,0.0,2940,1912,1.112116,0.82,0.0,0.0,pix
real_001_s001_2026-05-18_22-21-47-879,001,001,1,P001,wikiart_practice/practice_wikiart_001_surrealistic_gouache.jpg,277,24.591278,1779135732.471667,4.6,186.0,-58.0,0.0,0.0,2940,1912,1.112116,0.82,0.0,0.0,pix
real_001_s001_2026-05-18_22-21-47-879,001,001,1,P001,wikiart_practice/practice_wikiart_001_surrealistic_gouache.jpg,278,24.607945,1779135732.488333,4.616667,186.0,-58.0,0.0,0.0,2940,1912,1.112116,0.82,0.0,0.0,pix
real_001_s001_2026-05-18_22-21-47-879,001,001,1,P001,wikiart_practice/practice_wikiart_001_surrealistic_gouache.jpg,279,24.624612,1779135732.505,4.633333,186.0,-58.0,0.0,0.0,2940,1912,1.112116,0.82,0.0,0.0,pix
real_001_s001_2026-05-18_22-21-47-879,001,001,1,P001,wikiart_practice/practice_wikiart_001_surrealistic_gouache.jpg,280,24.641278,1779135732.521667,4.65,186.0,-58.0,0.0,0.0,2940,1912,1.112116,0.82,0.0,0.0,pix
real_001_s001_2026-05-18_22-21-47-879,001,001,1,P001,wikiart_practice/practice_wikiart_001_surrealistic_gouache.jpg,281,24.657945,1779135732.538334,4.666667,186.0,-58.0,0.0,0.0,2940,1912,1.112116,0.82,0.0,0.0,pix
real_001_s001_2026-05-18_22-21-47-879,001,001,1,P001,wikiart_practice/practice_wikiart_001_surrealistic_gouache.jpg,282,24.674612,1779135732.555,4.683333,186.0,-58.0,0.0,0.0,2940,1912,1.112116,0.82,0.0,0.0,pix
real_001_s001_2026-05-18_22-21-47-879,001,001,1,P001,wikiart_practice/practice_wikiart_001_surrealistic_gouache.jpg,283,24.691278,1779135732.571667,4.7,186.0,-58.0,0.0,0.0,2940,1912,1.112116,0.82,0.0,0.0,pix
real_001_s001_2026-05-18_22-21-47-879,001,001,1,P001,wikiart_practice/practice_wikiart_001_surrealistic_gouache.jpg,284,24.707945,1779135732.588334,4.716667,186.0,-58.0,0.0,0.0,2940,1912,1.112116,0.82,0.0,0.0,pix
real_001_s001_2026-05-18_22-21-47-879,001,001,1,P001,wikiart_practice/practice_wikiart_001_surrealistic_gouache.jpg,285,24.724612,1779135732.605,4.733333,186.0,-58.0,0.0,0.0,2940,1912,1.112116,0.82,0.0,0.0,pix
real_001_s001_2026-05-18_22-21-47-879,001,001,1,P001,wikiart_practice/practice_wikiart_001_surrealistic_gouache.jpg,286,24.741278,1779135732.621667,4.75,186.0,-58.0,0.0,0.0,2940,1912,1.112116,0.82,0.0,0.0,pix
real_001_s001_2026-05-18_22-21-47-879,001,001,1,P001,wikiart_practice/practice_wikiart_001_surrealistic_gouache.jpg,287,24.757945,1779135732.638334,4.766667,186.0,-58.0,0.0,0.0,2940,1912,1.112116,0.82,0.0,0.0,pix
real_001_s001_2026-05-18_22-21-47-879,001,001,1,P001,wikiart_practice/practice_wikiart_001_surrealistic_gouache.jpg,288,24.774612,1779135732.655,4.783333,186.0,-58.0,0.0,0.0,2940,1912,1.112116,0.82,0.0,0.0,pix
real_001_s001_2026-05-18_22-21-47-879,001,001,1,P001,wikiart_practice/practice_wikiart_001_surrealistic_gouache.jpg,289,24.791278,1779135732.671667,4.8,186.0,-58.0,0.0,0.0,2940,1912,1.112116,0.82,0.0,0.0,pix
real_001_s001_2026-05-18_22-21-47-879,001,001,1,P001,wikiart_practice/practice_wikiart_001_surrealistic_gouache.jpg,290,24.807945,1779135732.688334,4.816667,186.0,-58.0,0.0,0.0,2940,1912,1.112116,0.82,0.0,0.0,pix
real_001_s001_2026-05-18_22-21-47-879,001,001,1,P001,wikiart_practice/practice_wikiart_001_surrealistic_gouache.jpg,291,24.824612,1779135732.705,4.833333,186.0,-58.0,0.0,0.0,2940,1912,1.112116,0.82,0.0,0.0,pix
real_001_s001_2026-05-18_22-21-47-879,001,001,1,P001,wikiart_practice/practice_wikiart_001_surrealistic_gouache.jpg,292,24.841278,1779135732.721667,4.85,186.0,-58.0,0.0,0.0,2940,1912,1.112116,0.82,0.0,0.0,pix
real_001_s001_2026-05-18_22-21-47-879,001,001,1,P001,wikiart_practice/practice_wikiart_001_surrealistic_gouache.jpg,293,24.857945,1779135732.738333,4.866667,186.0,-58.0,0.0,0.0,2940,1912,1.112116,0.82,0.0,0.0,pix
real_001_s001_2026-05-18_22-21-47-879,001,001,1,P001,wikiart_practice/practice_wikiart_001_surrealistic_gouache.jpg,294,24.874612,1779135732.755,4.883333,186.0,-58.0,0.0,0.0,2940,1912,1.112116,0.82,0.0,0.0,pix
real_001_s001_2026-05-18_22-21-47-879,001,001,1,P001,wikiart_practice/practice_wikiart_001_surrealistic_gouache.jpg,295,24.891278,1779135732.771667,4.9,186.0,-58.0,0.0,0.0,2940,1912,1.112116,0.82,0.0,0.0,pix
real_001_s001_2026-05-18_22-21-47-879,001,001,1,P001,wikiart_practice/practice_wikiart_001_surrealistic_gouache.jpg,296,24.907945,1779135732.788334,4.916667,186.0,-58.0,0.0,0.0,2940,1912,1.112116,0.82,0.0,0.0,pix
real_001_s001_2026-05-18_22-21-47-879,001,001,1,P001,wikiart_practice/practice_wikiart_001_surrealistic_gouache.jpg,297,24.924612,1779135732.805,4.933333,186.0,-58.0,0.0,0.0,2940,1912,1.112116,0.82,0.0,0.0,pix
real_001_s001_2026-05-18_22-21-47-879,001,001,1,P001,wikiart_practice/practice_wikiart_001_surrealistic_gouache.jpg,298,24.941278,1779135732.821667,4.95,186.0,-58.0,0.0,0.0,2940,1912,1.112116,0.82,0.0,0.0,pix
real_001_s001_2026-05-18_22-21-47-879,001,001,1,P001,wikiart_practice/practice_wikiart_001_surrealistic_gouache.jpg,299,24.957945,1779135732.838334,4.966667,186.0,-58.0,0.0,0.0,2940,1912,1.112116,0.82,0.0,0.0,pix
real_001_s001_2026-05-18_22-21-47-879,001,001,1,P001,wikiart_practice/practice_wikiart_001_surrealistic_gouache.jpg,300,24.974612,1779135732.855,4.983333,186.0,-58.0,0.0,0.0,2940,1912,1.112116,0.82,0.0,0.0,pix
real_001_s001_2026-05-18_22-21-47-879,001,001,1,P001,wikiart_practice/practice_wikiart_001_surrealistic_gouache.jpg,301,24.991278,1779135732.871667,5.0,186.0,-58.0,0.0,0.0,2940,1912,1.112116,0.82,0.0,0.0,pix
real_001_s001_2026-05-18_22-21-47-879,001,001,1,P001,wikiart_practice/practice_wikiart_001_surrealistic_gouache.jpg,302,25.007945,1779135732.888334,5.016667,186.0,-58.0,0.0,0.0,2940,1912,1.112116,0.82,0.0,0.0,pix
real_001_s001_2026-05-18_22-21-47-879,001,001,1,P001,wikiart_practice/practice_wikiart_001_surrealistic_gouache.jpg,303,25.024612,1779135732.905,5.033333,186.0,-58.0,0.0,0.0,2940,1912,1.112116,0.82,0.0,0.0,pix
real_001_s001_2026-05-18_22-21-47-879,001,001,1,P001,wikiart_practice/practice_wikiart_001_surrealistic_gouache.jpg,304,25.041278,1779135732.921667,5.05,186.0,-58.0,0.0,0.0,2940,1912,1.112116,0.82,0.0,0.0,pix
real_001_s001_2026-05-18_22-21-47-879,001,001,1,P001,wikiart_practice/practice_wikiart_001_surrealistic_gouache.jpg,305,25.057945,1779135732.938334,5.066667,186.0,-58.0,0.0,0.0,2940,1912,1.112116,0.82,0.0,0.0,pix
real_001_s001_2026-05-18_22-21-47-879,001,001,1,P001,wikiart_practice/practice_wikiart_001_surrealistic_gouache.jpg,306,25.074612,1779135732.955,5.083333,186.0,-58.0,0.0,0.0,2940,1912,1.112116,0.82,0.0,0.0,pix
real_001_s001_2026-05-18_22-21-47-879,001,001,1,P001,wikiart_practice/practice_wikiart_001_surrealistic_gouache.jpg,307,25.091278,1779135732.971667,5.1,186.0,-58.0,0.0,0.0,2940,1912,1.112116,0.82,0.0,0.0,pix
real_001_s001_2026-05-18_22-21-47-879,001,001,1,P001,wikiart_practice/practice_wikiart_001_surrealistic_gouache.jpg,308,25.107945,1779135732.988333,5.116667,186.0,-58.0,0.0,0.0,2940,1912,1.112116,0.82,0.0,0.0,pix
real_001_s001_2026-05-18_22-21-47-879,001,001,1,P001,wikiart_practice/practice_wikiart_001_surrealistic_gouache.jpg,309,25.124612,1779135733.005,5.133333,186.0,-58.0,0.0,0.0,2940,1912,1.112116,0.82,0.0,0.0,pix
real_001_s001_2026-05-18_22-21-47-879,001,001,1,P001,wikiart_practice/practice_wikiart_001_surrealistic_gouache.jpg,310,25.141278,1779135733.021667,5.15,186.0,-58.0,0.0,0.0,2940,1912,1.112116,0.82,0.0,0.0,pix
real_001_s001_2026-05-18_22-21-47-879,001,001,1,P001,wikiart_practice/practice_wikiart_001_surrealistic_gouache.jpg,311,25.157945,1779135733.038334,5.166667,186.0,-58.0,0.0,0.0,2940,1912,1.112116,0.82,0.0,0.0,pix
real_001_s001_2026-05-18_22-21-47-879,001,001,1,P001,wikiart_practice/practice_wikiart_001_surrealistic_gouache.jpg,312,25.174612,1779135733.055,5.183333,186.0,-58.0,0.0,0.0,2940,1912,1.112116,0.82,0.0,0.0,pix
real_001_s001_2026-05-18_22-21-47-879,001,001,1,P001,wikiart_practice/practice_wikiart_001_surrealistic_gouache.jpg,313,25.191278,1779135733.071667,5.2,186.0,-58.0,0.0,0.0,2940,1912,1.112116,0.82,0.0,0.0,pix
real_001_s001_2026-05-18_22-21-47-879,001,001,1,P001,wikiart_practice/practice_wikiart_001_surrealistic_gouache.jpg,314,25.207945,1779135733.088334,5.216667,186.0,-58.0,0.0,0.0,2940,1912,1.112116,0.82,0.0,0.0,pix
real_001_s001_2026-05-18_22-21-47-879,001,001,1,P001,wikiart_practice/practice_wikiart_001_surrealistic_gouache.jpg,315,25.224612,1779135733.105,5.233333,186.0,-58.0,0.0,0.0,2940,1912,1.112116,0.82,0.0,0.0,pix
real_001_s001_2026-05-18_22-21-47-879,001,001,1,P001,wikiart_practice/practice_wikiart_001_surrealistic_gouache.jpg,316,25.241278,1779135733.121667,5.25,186.0,-58.0,0.0,0.0,2940,1912,1.112116,0.82,0.0,0.0,pix
real_001_s001_2026-05-18_22-21-47-879,001,001,1,P001,wikiart_practice/practice_wikiart_001_surrealistic_gouache.jpg,317,25.257945,1779135733.138334,5.266667,186.0,-58.0,0.0,0.0,2940,1912,1.112116,0.82,0.0,0.0,pix
real_001_s001_2026-05-18_22-21-47-879,001,001,1,P001,wikiart_practice/practice_wikiart_001_surrealistic_gouache.jpg,318,25.274612,1779135733.155,5.283333,186.0,-58.0,0.0,0.0,2940,1912,1.112116,0.82,0.0,0.0,pix
real_001_s001_2026-05-18_22-21-47-879,001,001,1,P001,wikiart_practice/practice_wikiart_001_surrealistic_gouache.jpg,319,25.291278,1779135733.171667,5.3,186.0,-58.0,0.0,0.0,2940,1912,1.112116,0.82,0.0,0.0,pix
real_001_s001_2026-05-18_22-21-47-879,001,001,1,P001,wikiart_practice/practice_wikiart_001_surrealistic_gouache.jpg,320,25.307945,1779135733.188334,5.316667,186.0,-58.0,0.0,0.0,2940,1912,1.112116,0.82,0.0,0.0,pix
real_001_s001_2026-05-18_22-21-47-879,001,001,1,P001,wikiart_practice/practice_wikiart_001_surrealistic_gouache.jpg,321,25.324612,1779135733.205,5.333333,186.0,-58.0,0.0,0.0,2940,1912,1.112116,0.82,0.0,0.0,pix
real_001_s001_2026-05-18_22-21-47-879,001,001,1,P001,wikiart_practice/practice_wikiart_001_surrealistic_gouache.jpg,322,25.341278,1779135733.221667,5.35,186.0,-58.0,0.0,0.0,2940,1912,1.112116,0.82,0.0,0.0,pix
real_001_s001_2026-05-18_22-21-47-879,001,001,1,P001,wikiart_practice/practice_wikiart_001_surrealistic_gouache.jpg,323,25.357945,1779135733.238333,5.366667,186.0,-58.0,0.0,0.0,2940,1912,1.112116,0.82,0.0,0.0,pix
real_001_s001_2026-05-18_22-21-47-879,001,001,1,P001,wikiart_practice/practice_wikiart_001_surrealistic_gouache.jpg,324,25.374612,1779135733.255,5.383333,186.0,-58.0,0.0,0.0,2940,1912,1.112116,0.82,0.0,0.0,pix
real_001_s001_2026-05-18_22-21-47-879,001,001,1,P001,wikiart_practice/practice_wikiart_001_surrealistic_gouache.jpg,325,25.391278,1779135733.271667,5.4,186.0,-58.0,0.0,0.0,2940,1912,1.112116,0.82,0.0,0.0,pix
real_001_s001_2026-05-18_22-21-47-879,001,001,1,P001,wikiart_practice/practice_wikiart_001_surrealistic_gouache.jpg,326,25.407945,1779135733.288334,5.416667,186.0,-58.0,0.0,0.0,2940,1912,1.112116,0.82,0.0,0.0,pix
real_001_s001_2026-05-18_22-21-47-879,001,001,1,P001,wikiart_practice/practice_wikiart_001_surrealistic_gouache.jpg,327,25.424612,1779135733.305,5.433333,186.0,-58.0,0.0,0.0,2940,1912,1.112116,0.82,0.0,0.0,pix
real_001_s001_2026-05-18_22-21-47-879,001,001,1,P001,wikiart_practice/practice_wikiart_001_surrealistic_gouache.jpg,328,25.441278,1779135733.321667,5.45,186.0,-58.0,0.0,0.0,2940,1912,1.112116,0.82,0.0,0.0,pix
real_001_s001_2026-05-18_22-21-47-879,001,001,1,P001,wikiart_practice/practice_wikiart_001_surrealistic_gouache.jpg,329,25.457945,1779135733.338334,5.466667,186.0,-58.0,0.0,0.0,2940,1912,1.112116,0.82,0.0,0.0,pix
real_001_s001_2026-05-18_22-21-47-879,001,001,1,P001,wikiart_practice/practice_wikiart_001_surrealistic_gouache.jpg,330,25.474612,1779135733.355,5.483333,186.0,-58.0,0.0,0.0,2940,1912,1.112116,0.82,0.0,0.0,pix
real_001_s001_2026-05-18_22-21-47-879,001,001,1,P001,wikiart_practice/practice_wikiart_001_surrealistic_gouache.jpg,331,25.491278,1779135733.371667,5.5,186.0,-58.0,0.0,0.0,2940,1912,1.112116,0.82,0.0,0.0,pix
real_001_s001_2026-05-18_22-21-47-879,001,001,1,P001,wikiart_practice/practice_wikiart_001_surrealistic_gouache.jpg,332,25.507945,1779135733.388334,5.516667,186.0,-58.0,0.0,0.0,2940,1912,1.112116,0.82,0.0,0.0,pix
real_001_s001_2026-05-18_22-21-47-879,001,001,1,P001,wikiart_practice/practice_wikiart_001_surrealistic_gouache.jpg,333,25.524612,1779135733.405,5.533333,186.0,-58.0,0.0,0.0,2940,1912,1.112116,0.82,0.0,0.0,pix
real_001_s001_2026-05-18_22-21-47-879,001,001,1,P001,wikiart_practice/practice_wikiart_001_surrealistic_gouache.jpg,334,25.541278,1779135733.421667,5.55,186.0,-58.0,0.0,0.0,2940,1912,1.112116,0.82,0.0,0.0,pix
real_001_s001_2026-05-18_22-21-47-879,001,001,1,P001,wikiart_practice/practice_wikiart_001_surrealistic_gouache.jpg,335,25.557945,1779135733.438334,5.566667,186.0,-58.0,0.0,0.0,2940,1912,1.112116,0.82,0.0,0.0,pix
real_001_s001_2026-05-18_22-21-47-879,001,001,1,P001,wikiart_practice/practice_wikiart_001_surrealistic_gouache.jpg,336,25.574612,1779135733.455,5.583333,186.0,-58.0,0.0,0.0,2940,1912,1.112116,0.82,0.0,0.0,pix
real_001_s001_2026-05-18_22-21-47-879,001,001,1,P001,wikiart_practice/practice_wikiart_001_surrealistic_gouache.jpg,337,25.591278,1779135733.471667,5.6,186.0,-58.0,0.0,0.0,2940,1912,1.112116,0.82,0.0,0.0,pix
real_001_s001_2026-05-18_22-21-47-879,001,001,1,P001,wikiart_practice/practice_wikiart_001_surrealistic_gouache.jpg,338,25.607945,1779135733.488333,5.616667,186.0,-58.0,0.0,0.0,2940,1912,1.112116,0.82,0.0,0.0,pix
real_001_s001_2026-05-18_22-21-47-879,001,001,1,P001,wikiart_practice/practice_wikiart_001_surrealistic_gouache.jpg,339,25.624612,1779135733.505,5.633333,186.0,-58.0,0.0,0.0,2940,1912,1.112116,0.82,0.0,0.0,pix
real_001_s001_2026-05-18_22-21-47-879,001,001,1,P001,wikiart_practice/practice_wikiart_001_surrealistic_gouache.jpg,340,25.641278,1779135733.521667,5.65,186.0,-58.0,0.0,0.0,2940,1912,1.112116,0.82,0.0,0.0,pix
real_001_s001_2026-05-18_22-21-47-879,001,001,1,P001,wikiart_practice/practice_wikiart_001_surrealistic_gouache.jpg,341,25.657945,1779135733.538334,5.666667,186.0,-58.0,0.0,0.0,2940,1912,1.112116,0.82,0.0,0.0,pix
real_001_s001_2026-05-18_22-21-47-879,001,001,1,P001,wikiart_practice/practice_wikiart_001_surrealistic_gouache.jpg,342,25.674612,1779135733.555,5.683333,186.0,-58.0,0.0,0.0,2940,1912,1.112116,0.82,0.0,0.0,pix
real_001_s001_2026-05-18_22-21-47-879,001,001,1,P001,wikiart_practice/practice_wikiart_001_surrealistic_gouache.jpg,343,25.691278,1779135733.571667,5.7,186.0,-58.0,0.0,0.0,2940,1912,1.112116,0.82,0.0,0.0,pix
real_001_s001_2026-05-18_22-21-47-879,001,001,1,P001,wikiart_practice/practice_wikiart_001_surrealistic_gouache.jpg,344,25.707945,1779135733.588334,5.716667,186.0,-58.0,0.0,0.0,2940,1912,1.112116,0.82,0.0,0.0,pix
real_001_s001_2026-05-18_22-21-47-879,001,001,1,P001,wikiart_practice/practice_wikiart_001_surrealistic_gouache.jpg,345,25.724612,1779135733.605,5.733333,186.0,-58.0,0.0,0.0,2940,1912,1.112116,0.82,0.0,0.0,pix
real_001_s001_2026-05-18_22-21-47-879,001,001,1,P001,wikiart_practice/practice_wikiart_001_surrealistic_gouache.jpg,346,25.741278,1779135733.621667,5.75,186.0,-58.0,0.0,0.0,2940,1912,1.112116,0.82,0.0,0.0,pix
real_001_s001_2026-05-18_22-21-47-879,001,001,1,P001,wikiart_practice/practice_wikiart_001_surrealistic_gouache.jpg,347,25.757945,1779135733.638334,5.766667,186.0,-58.0,0.0,0.0,2940,1912,1.112116,0.82,0.0,0.0,pix
real_001_s001_2026-05-18_22-21-47-879,001,001,1,P001,wikiart_practice/practice_wikiart_001_surrealistic_gouache.jpg,348,25.774612,1779135733.655,5.783333,186.0,-58.0,0.0,0.0,2940,1912,1.112116,0.82,0.0,0.0,pix
real_001_s001_2026-05-18_22-21-47-879,001,001,1,P001,wikiart_practice/practice_wikiart_001_surrealistic_gouache.jpg,349,25.791278,1779135733.671667,5.8,186.0,-58.0,0.0,0.0,2940,1912,1.112116,0.82,0.0,0.0,pix
real_001_s001_2026-05-18_22-21-47-879,001,001,1,P001,wikiart_practice/practice_wikiart_001_surrealistic_gouache.jpg,350,25.807945,1779135733.688334,5.816667,186.0,-58.0,0.0,0.0,2940,1912,1.112116,0.82,0.0,0.0,pix
real_001_s001_2026-05-18_22-21-47-879,001,001,1,P001,wikiart_practice/practice_wikiart_001_surrealistic_gouache.jpg,351,25.824612,1779135733.705,5.833333,186.0,-58.0,0.0,0.0,2940,1912,1.112116,0.82,0.0,0.0,pix
real_001_s001_2026-05-18_22-21-47-879,001,001,1,P001,wikiart_practice/practice_wikiart_001_surrealistic_gouache.jpg,352,25.841278,1779135733.721667,5.85,186.0,-58.0,0.0,0.0,2940,1912,1.112116,0.82,0.0,0.0,pix
real_001_s001_2026-05-18_22-21-47-879,001,001,1,P001,wikiart_practice/practice_wikiart_001_surrealistic_gouache.jpg,353,25.857945,1779135733.738333,5.866667,186.0,-58.0,0.0,0.0,2940,1912,1.112116,0.82,0.0,0.0,pix
real_001_s001_2026-05-18_22-21-47-879,001,001,1,P001,wikiart_practice/practice_wikiart_001_surrealistic_gouache.jpg,354,25.874612,1779135733.755,5.883333,186.0,-58.0,0.0,0.0,2940,1912,1.112116,0.82,0.0,0.0,pix
real_001_s001_2026-05-18_22-21-47-879,001,001,1,P001,wikiart_practice/practice_wikiart_001_surrealistic_gouache.jpg,355,25.891278,1779135733.771667,5.9,186.0,-58.0,0.0,0.0,2940,1912,1.112116,0.82,0.0,0.0,pix
real_001_s001_2026-05-18_22-21-47-879,001,001,1,P001,wikiart_practice/practice_wikiart_001_surrealistic_gouache.jpg,356,25.907945,1779135733.788334,5.916667,186.0,-58.0,0.0,0.0,2940,1912,1.112116,0.82,0.0,0.0,pix
real_001_s001_2026-05-18_22-21-47-879,001,001,1,P001,wikiart_practice/practice_wikiart_001_surrealistic_gouache.jpg,357,25.924612,1779135733.805,5.933333,186.0,-58.0,0.0,0.0,2940,1912,1.112116,0.82,0.0,0.0,pix
real_001_s001_2026-05-18_22-21-47-879,001,001,1,P001,wikiart_practice/practice_wikiart_001_surrealistic_gouache.jpg,358,25.941278,1779135733.821667,5.95,186.0,-58.0,0.0,0.0,2940,1912,1.112116,0.82,0.0,0.0,pix
real_001_s001_2026-05-18_22-21-47-879,001,001,1,P001,wikiart_practice/practice_wikiart_001_surrealistic_gouache.jpg,359,25.957945,1779135733.838334,5.966667,186.0,-58.0,0.0,0.0,2940,1912,1.112116,0.82,0.0,0.0,pix
real_001_s001_2026-05-18_22-21-47-879,001,001,1,P001,wikiart_practice/practice_wikiart_001_surrealistic_gouache.jpg,360,25.974612,1779135733.855,5.983333,186.0,-58.0,0.0,0.0,2940,1912,1.112116,0.82,0.0,0.0,pix
real_001_s001_2026-05-18_22-21-47-879,001,001,1,P001,wikiart_practice/practice_wikiart_001_surrealistic_gouache.jpg,361,25.991278,1779135733.871667,6.0,186.0,-58.0,0.0,0.0,2940,1912,1.112116,0.82,0.0,0.0,pix
real_001_s001_2026-05-18_22-21-47-879,001,001,1,P001,wikiart_practice/practice_wikiart_001_surrealistic_gouache.jpg,362,26.007945,1779135733.888334,6.016667,186.0,-58.0,0.0,0.0,2940,1912,1.112116,0.82,0.0,0.0,pix
real_001_s001_2026-05-18_22-21-47-879,001,001,1,P001,wikiart_practice/practice_wikiart_001_surrealistic_gouache.jpg,363,26.024612,1779135733.905,6.033333,186.0,-58.0,0.0,0.0,2940,1912,1.112116,0.82,0.0,0.0,pix
real_001_s001_2026-05-18_22-21-47-879,001,001,1,P001,wikiart_practice/practice_wikiart_001_surrealistic_gouache.jpg,364,26.041278,1779135733.921667,6.05,186.0,-58.0,0.0,0.0,2940,1912,1.112116,0.82,0.0,0.0,pix
real_001_s001_2026-05-18_22-21-47-879,001,001,1,P001,wikiart_practice/practice_wikiart_001_surrealistic_gouache.jpg,365,26.057945,1779135733.938334,6.066667,186.0,-58.0,0.0,0.0,2940,1912,1.112116,0.82,0.0,0.0,pix
real_001_s001_2026-05-18_22-21-47-879,001,001,1,P001,wikiart_practice/practice_wikiart_001_surrealistic_gouache.jpg,366,26.074612,1779135733.955,6.083333,186.0,-58.0,0.0,0.0,2940,1912,1.112116,0.82,0.0,0.0,pix
real_001_s001_2026-05-18_22-21-47-879,001,001,1,P001,wikiart_practice/practice_wikiart_001_surrealistic_gouache.jpg,367,26.091278,1779135733.971667,6.1,186.0,-58.0,0.0,0.0,2940,1912,1.112116,0.82,0.0,0.0,pix
real_001_s001_2026-05-18_22-21-47-879,001,001,1,P001,wikiart_practice/practice_wikiart_001_surrealistic_gouache.jpg,368,26.107945,1779135733.988333,6.116667,186.0,-58.0,0.0,0.0,2940,1912,1.112116,0.82,0.0,0.0,pix
real_001_s001_2026-05-18_22-21-47-879,001,001,1,P001,wikiart_practice/practice_wikiart_001_surrealistic_gouache.jpg,369,26.124612,1779135734.005,6.133333,186.0,-58.0,0.0,0.0,2940,1912,1.112116,0.82,0.0,0.0,pix
real_001_s001_2026-05-18_22-21-47-879,001,001,1,P001,wikiart_practice/practice_wikiart_001_surrealistic_gouache.jpg,370,26.141278,1779135734.021667,6.15,186.0,-58.0,0.0,0.0,2940,1912,1.112116,0.82,0.0,0.0,pix
real_001_s001_2026-05-18_22-21-47-879,001,001,1,P001,wikiart_practice/practice_wikiart_001_surrealistic_gouache.jpg,371,26.157945,1779135734.038334,6.166667,186.0,-58.0,0.0,0.0,2940,1912,1.112116,0.82,0.0,0.0,pix
real_001_s001_2026-05-18_22-21-47-879,001,001,1,P001,wikiart_practice/practice_wikiart_001_surrealistic_gouache.jpg,372,26.174612,1779135734.055,6.183333,186.0,-58.0,0.0,0.0,2940,1912,1.112116,0.82,0.0,0.0,pix
real_001_s001_2026-05-18_22-21-47-879,001,001,1,P001,wikiart_practice/practice_wikiart_001_surrealistic_gouache.jpg,373,26.191278,1779135734.071667,6.2,186.0,-58.0,0.0,0.0,2940,1912,1.112116,0.82,0.0,0.0,pix
real_001_s001_2026-05-18_22-21-47-879,001,001,1,P001,wikiart_practice/practice_wikiart_001_surrealistic_gouache.jpg,374,26.207945,1779135734.088334,6.216667,186.0,-58.0,0.0,0.0,2940,1912,1.112116,0.82,0.0,0.0,pix
real_001_s001_2026-05-18_22-21-47-879,001,001,1,P001,wikiart_practice/practice_wikiart_001_surrealistic_gouache.jpg,375,26.224612,1779135734.105,6.233333,186.0,-58.0,0.0,0.0,2940,1912,1.112116,0.82,0.0,0.0,pix
real_001_s001_2026-05-18_22-21-47-879,001,001,1,P001,wikiart_practice/practice_wikiart_001_surrealistic_gouache.jpg,376,26.241278,1779135734.121667,6.25,186.0,-58.0,0.0,0.0,2940,1912,1.112116,0.82,0.0,0.0,pix
real_001_s001_2026-05-18_22-21-47-879,001,001,1,P001,wikiart_practice/practice_wikiart_001_surrealistic_gouache.jpg,377,26.257945,1779135734.138334,6.266667,186.0,-58.0,0.0,0.0,2940,1912,1.112116,0.82,0.0,0.0,pix
real_001_s001_2026-05-18_22-21-47-879,001,001,1,P001,wikiart_practice/practice_wikiart_001_surrealistic_gouache.jpg,378,26.274612,1779135734.155,6.283333,186.0,-58.0,0.0,0.0,2940,1912,1.112116,0.82,0.0,0.0,pix
real_001_s001_2026-05-18_22-21-47-879,001,001,1,P001,wikiart_practice/practice_wikiart_001_surrealistic_gouache.jpg,379,26.291278,1779135734.171667,6.3,186.0,-58.0,0.0,0.0,2940,1912,1.112116,0.82,0.0,0.0,pix
real_001_s001_2026-05-18_22-21-47-879,001,001,1,P001,wikiart_practice/practice_wikiart_001_surrealistic_gouache.jpg,380,26.307945,1779135734.188334,6.316667,186.0,-58.0,0.0,0.0,2940,1912,1.112116,0.82,0.0,0.0,pix
real_001_s001_2026-05-18_22-21-47-879,001,001,1,P001,wikiart_practice/practice_wikiart_001_surrealistic_gouache.jpg,381,26.324612,1779135734.205,6.333333,186.0,-58.0,0.0,0.0,2940,1912,1.112116,0.82,0.0,0.0,pix
real_001_s001_2026-05-18_22-21-47-879,001,001,1,P001,wikiart_practice/practice_wikiart_001_surrealistic_gouache.jpg,382,26.341278,1779135734.221667,6.35,186.0,-58.0,0.0,0.0,2940,1912,1.112116,0.82,0.0,0.0,pix
real_001_s001_2026-05-18_22-21-47-879,001,001,1,P001,wikiart_practice/practice_wikiart_001_surrealistic_gouache.jpg,383,26.357945,1779135734.238333,6.366667,186.0,-58.0,0.0,0.0,2940,1912,1.112116,0.82,0.0,0.0,pix
real_001_s001_2026-05-18_22-21-47-879,001,001,1,P001,wikiart_practice/practice_wikiart_001_surrealistic_gouache.jpg,384,26.374612,1779135734.255,6.383333,186.0,-58.0,0.0,0.0,2940,1912,1.112116,0.82,0.0,0.0,pix
real_001_s001_2026-05-18_22-21-47-879,001,001,1,P001,wikiart_practice/practice_wikiart_001_surrealistic_gouache.jpg,385,26.391278,1779135734.271667,6.4,186.0,-58.0,0.0,0.0,2940,1912,1.112116,0.82,0.0,0.0,pix
real_001_s001_2026-05-18_22-21-47-879,001,001,1,P001,wikiart_practice/practice_wikiart_001_surrealistic_gouache.jpg,386,26.407945,1779135734.288334,6.416667,186.0,-58.0,0.0,0.0,2940,1912,1.112116,0.82,0.0,0.0,pix
real_001_s001_2026-05-18_22-21-47-879,001,001,1,P001,wikiart_practice/practice_wikiart_001_surrealistic_gouache.jpg,387,26.424612,1779135734.305,6.433333,186.0,-58.0,0.0,0.0,2940,1912,1.112116,0.82,0.0,0.0,pix
real_001_s001_2026-05-18_22-21-47-879,001,001,1,P001,wikiart_practice/practice_wikiart_001_surrealistic_gouache.jpg,388,26.441278,1779135734.321667,6.45,186.0,-58.0,0.0,0.0,2940,1912,1.112116,0.82,0.0,0.0,pix
real_001_s001_2026-05-18_22-21-47-879,001,001,1,P001,wikiart_practice/practice_wikiart_001_surrealistic_gouache.jpg,389,26.457945,1779135734.338334,6.466667,186.0,-58.0,0.0,0.0,2940,1912,1.112116,0.82,0.0,0.0,pix
real_001_s001_2026-05-18_22-21-47-879,001,001,1,P001,wikiart_practice/practice_wikiart_001_surrealistic_gouache.jpg,390,26.474612,1779135734.355,6.483333,186.0,-58.0,0.0,0.0,2940,1912,1.112116,0.82,0.0,0.0,pix
real_001_s001_2026-05-18_22-21-47-879,001,001,1,P001,wikiart_practice/practice_wikiart_001_surrealistic_gouache.jpg,391,26.491278,1779135734.371667,6.5,186.0,-58.0,0.0,0.0,2940,1912,1.112116,0.82,0.0,0.0,pix
real_001_s001_2026-05-18_22-21-47-879,001,001,1,P001,wikiart_practice/practice_wikiart_001_surrealistic_gouache.jpg,392,26.507945,1779135734.388334,6.516667,186.0,-58.0,0.0,0.0,2940,1912,1.112116,0.82,0.0,0.0,pix
real_001_s001_2026-05-18_22-21-47-879,001,001,1,P001,wikiart_practice/practice_wikiart_001_surrealistic_gouache.jpg,393,26.524612,1779135734.405,6.533333,186.0,-58.0,0.0,0.0,2940,1912,1.112116,0.82,0.0,0.0,pix
real_001_s001_2026-05-18_22-21-47-879,001,001,1,P001,wikiart_practice/practice_wikiart_001_surrealistic_gouache.jpg,394,26.541278,1779135734.421667,6.55,186.0,-58.0,0.0,0.0,2940,1912,1.112116,0.82,0.0,0.0,pix
real_001_s001_2026-05-18_22-21-47-879,001,001,1,P001,wikiart_practice/practice_wikiart_001_surrealistic_gouache.jpg,395,26.557945,1779135734.438334,6.566667,186.0,-58.0,0.0,0.0,2940,1912,1.112116,0.82,0.0,0.0,pix
real_001_s001_2026-05-18_22-21-47-879,001,001,1,P001,wikiart_practice/practice_wikiart_001_surrealistic_gouache.jpg,396,26.574612,1779135734.455,6.583333,186.0,-58.0,0.0,0.0,2940,1912,1.112116,0.82,0.0,0.0,pix
real_001_s001_2026-05-18_22-21-47-879,001,001,1,P001,wikiart_practice/practice_wikiart_001_surrealistic_gouache.jpg,397,26.591278,1779135734.471667,6.6,186.0,-58.0,0.0,0.0,2940,1912,1.112116,0.82,0.0,0.0,pix
real_001_s001_2026-05-18_22-21-47-879,001,001,1,P001,wikiart_practice/practice_wikiart_001_surrealistic_gouache.jpg,398,26.607945,1779135734.488333,6.616667,186.0,-58.0,0.0,0.0,2940,1912,1.112116,0.82,0.0,0.0,pix
real_001_s001_2026-05-18_22-21-47-879,001,001,1,P001,wikiart_practice/practice_wikiart_001_surrealistic_gouache.jpg,399,26.624612,1779135734.505,6.633333,186.0,-58.0,0.0,0.0,2940,1912,1.112116,0.82,0.0,0.0,pix
real_001_s001_2026-05-18_22-21-47-879,001,001,1,P001,wikiart_practice/practice_wikiart_001_surrealistic_gouache.jpg,400,26.641278,1779135734.521667,6.65,186.0,-58.0,0.0,0.0,2940,1912,1.112116,0.82,0.0,0.0,pix
real_001_s001_2026-05-18_22-21-47-879,001,001,1,P001,wikiart_practice/practice_wikiart_001_surrealistic_gouache.jpg,401,26.657945,1779135734.538334,6.666667,186.0,-58.0,0.0,0.0,2940,1912,1.112116,0.82,0.0,0.0,pix
real_001_s001_2026-05-18_22-21-47-879,001,001,1,P001,wikiart_practice/practice_wikiart_001_surrealistic_gouache.jpg,402,26.674612,1779135734.555,6.683333,186.0,-58.0,0.0,0.0,2940,1912,1.112116,0.82,0.0,0.0,pix
real_001_s001_2026-05-18_22-21-47-879,001,001,1,P001,wikiart_practice/practice_wikiart_001_surrealistic_gouache.jpg,403,26.691278,1779135734.571667,6.7,186.0,-58.0,0.0,0.0,2940,1912,1.112116,0.82,0.0,0.0,pix
real_001_s001_2026-05-18_22-21-47-879,001,001,1,P001,wikiart_practice/practice_wikiart_001_surrealistic_gouache.jpg,404,26.707945,1779135734.588334,6.716667,186.0,-58.0,0.0,0.0,2940,1912,1.112116,0.82,0.0,0.0,pix
real_001_s001_2026-05-18_22-21-47-879,001,001,1,P001,wikiart_practice/practice_wikiart_001_surrealistic_gouache.jpg,405,26.724612,1779135734.605,6.733333,186.0,-58.0,0.0,0.0,2940,1912,1.112116,0.82,0.0,0.0,pix
real_001_s001_2026-05-18_22-21-47-879,001,001,1,P001,wikiart_practice/practice_wikiart_001_surrealistic_gouache.jpg,406,26.741278,1779135734.621667,6.75,186.0,-58.0,0.0,0.0,2940,1912,1.112116,0.82,0.0,0.0,pix
real_001_s001_2026-05-18_22-21-47-879,001,001,1,P001,wikiart_practice/practice_wikiart_001_surrealistic_gouache.jpg,407,26.757945,1779135734.638334,6.766667,186.0,-58.0,0.0,0.0,2940,1912,1.112116,0.82,0.0,0.0,pix
real_001_s001_2026-05-18_22-21-47-879,001,001,1,P001,wikiart_practice/practice_wikiart_001_surrealistic_gouache.jpg,408,26.774612,1779135734.655,6.783333,186.0,-58.0,0.0,0.0,2940,1912,1.112116,0.82,0.0,0.0,pix
real_001_s001_2026-05-18_22-21-47-879,001,001,1,P001,wikiart_practice/practice_wikiart_001_surrealistic_gouache.jpg,409,26.791278,1779135734.671667,6.8,186.0,-58.0,0.0,0.0,2940,1912,1.112116,0.82,0.0,0.0,pix
real_001_s001_2026-05-18_22-21-47-879,001,001,1,P001,wikiart_practice/practice_wikiart_001_surrealistic_gouache.jpg,410,26.807945,1779135734.688334,6.816667,186.0,-58.0,0.0,0.0,2940,1912,1.112116,0.82,0.0,0.0,pix
real_001_s001_2026-05-18_22-21-47-879,001,001,1,P001,wikiart_practice/practice_wikiart_001_surrealistic_gouache.jpg,411,26.824612,1779135734.705,6.833333,186.0,-58.0,0.0,0.0,2940,1912,1.112116,0.82,0.0,0.0,pix
real_001_s001_2026-05-18_22-21-47-879,001,001,1,P001,wikiart_practice/practice_wikiart_001_surrealistic_gouache.jpg,412,26.841278,1779135734.721667,6.85,186.0,-58.0,0.0,0.0,2940,1912,1.112116,0.82,0.0,0.0,pix
real_001_s001_2026-05-18_22-21-47-879,001,001,1,P001,wikiart_practice/practice_wikiart_001_surrealistic_gouache.jpg,413,26.857945,1779135734.738333,6.866667,186.0,-58.0,0.0,0.0,2940,1912,1.112116,0.82,0.0,0.0,pix
real_001_s001_2026-05-18_22-21-47-879,001,001,1,P001,wikiart_practice/practice_wikiart_001_surrealistic_gouache.jpg,414,26.874612,1779135734.755,6.883333,186.0,-58.0,0.0,0.0,2940,1912,1.112116,0.82,0.0,0.0,pix
real_001_s001_2026-05-18_22-21-47-879,001,001,1,P001,wikiart_practice/practice_wikiart_001_surrealistic_gouache.jpg,415,26.891278,1779135734.771667,6.9,186.0,-58.0,0.0,0.0,2940,1912,1.112116,0.82,0.0,0.0,pix
real_001_s001_2026-05-18_22-21-47-879,001,001,1,P001,wikiart_practice/practice_wikiart_001_surrealistic_gouache.jpg,416,26.907945,1779135734.788334,6.916667,186.0,-58.0,0.0,0.0,2940,1912,1.112116,0.82,0.0,0.0,pix
real_001_s001_2026-05-18_22-21-47-879,001,001,1,P001,wikiart_practice/practice_wikiart_001_surrealistic_gouache.jpg,417,26.924612,1779135734.805,6.933333,186.0,-58.0,0.0,0.0,2940,1912,1.112116,0.82,0.0,0.0,pix
real_001_s001_2026-05-18_22-21-47-879,001,001,1,P001,wikiart_practice/practice_wikiart_001_surrealistic_gouache.jpg,418,26.941278,1779135734.821667,6.95,186.0,-58.0,0.0,0.0,2940,1912,1.112116,0.82,0.0,0.0,pix
real_001_s001_2026-05-18_22-21-47-879,001,001,1,P001,wikiart_practice/practice_wikiart_001_surrealistic_gouache.jpg,419,26.957945,1779135734.838334,6.966667,186.0,-58.0,0.0,0.0,2940,1912,1.112116,0.82,0.0,0.0,pix
real_001_s001_2026-05-18_22-21-47-879,001,001,1,P001,wikiart_practice/practice_wikiart_001_surrealistic_gouache.jpg,420,26.974612,1779135734.855,6.983333,186.0,-58.0,0.0,0.0,2940,1912,1.112116,0.82,0.0,0.0,pix
real_001_s001_2026-05-18_22-21-47-879,001,001,1,P001,wikiart_practice/practice_wikiart_001_surrealistic_gouache.jpg,421,26.991278,1779135734.871667,7.0,186.0,-58.0,0.0,0.0,2940,1912,1.112116,0.82,0.0,0.0,pix
real_001_s001_2026-05-18_22-21-47-879,001,001,1,P001,wikiart_practice/practice_wikiart_001_surrealistic_gouache.jpg,422,27.007945,1779135734.888334,7.016667,186.0,-58.0,0.0,0.0,2940,1912,1.112116,0.82,0.0,0.0,pix
real_001_s001_2026-05-18_22-21-47-879,001,001,1,P001,wikiart_practice/practice_wikiart_001_surrealistic_gouache.jpg,423,27.024612,1779135734.905,7.033333,186.0,-58.0,0.0,0.0,2940,1912,1.112116,0.82,0.0,0.0,pix
real_001_s001_2026-05-18_22-21-47-879,001,001,1,P001,wikiart_practice/practice_wikiart_001_surrealistic_gouache.jpg,424,27.041278,1779135734.921667,7.05,186.0,-58.0,0.0,0.0,2940,1912,1.112116,0.82,0.0,0.0,pix
real_001_s001_2026-05-18_22-21-47-879,001,001,1,P001,wikiart_practice/practice_wikiart_001_surrealistic_gouache.jpg,425,27.057945,1779135734.938334,7.066667,186.0,-58.0,0.0,0.0,2940,1912,1.112116,0.82,0.0,0.0,pix
real_001_s001_2026-05-18_22-21-47-879,001,001,1,P001,wikiart_practice/practice_wikiart_001_surrealistic_gouache.jpg,426,27.074612,1779135734.955,7.083333,186.0,-58.0,0.0,0.0,2940,1912,1.112116,0.82,0.0,0.0,pix
real_001_s001_2026-05-18_22-21-47-879,001,001,1,P001,wikiart_practice/practice_wikiart_001_surrealistic_gouache.jpg,427,27.091278,1779135734.971667,7.1,186.0,-58.0,0.0,0.0,2940,1912,1.112116,0.82,0.0,0.0,pix
real_001_s001_2026-05-18_22-21-47-879,001,001,1,P001,wikiart_practice/practice_wikiart_001_surrealistic_gouache.jpg,428,27.107945,1779135734.988333,7.116667,186.0,-58.0,0.0,0.0,2940,1912,1.112116,0.82,0.0,0.0,pix
real_001_s001_2026-05-18_22-21-47-879,001,001,1,P001,wikiart_practice/practice_wikiart_001_surrealistic_gouache.jpg,429,27.124612,1779135735.005,7.133333,186.0,-58.0,0.0,0.0,2940,1912,1.112116,0.82,0.0,0.0,pix
real_001_s001_2026-05-18_22-21-47-879,001,001,1,P001,wikiart_practice/practice_wikiart_001_surrealistic_gouache.jpg,430,27.141278,1779135735.021667,7.15,186.0,-58.0,0.0,0.0,2940,1912,1.112116,0.82,0.0,0.0,pix
real_001_s001_2026-05-18_22-21-47-879,001,001,1,P001,wikiart_practice/practice_wikiart_001_surrealistic_gouache.jpg,431,27.157945,1779135735.038334,7.166667,186.0,-58.0,0.0,0.0,2940,1912,1.112116,0.82,0.0,0.0,pix
real_001_s001_2026-05-18_22-21-47-879,001,001,1,P001,wikiart_practice/practice_wikiart_001_surrealistic_gouache.jpg,432,27.174612,1779135735.055,7.183333,186.0,-58.0,0.0,0.0,2940,1912,1.112116,0.82,0.0,0.0,pix
real_001_s001_2026-05-18_22-21-47-879,001,001,1,P001,wikiart_practice/practice_wikiart_001_surrealistic_gouache.jpg,433,27.191278,1779135735.071667,7.2,186.0,-58.0,0.0,0.0,2940,1912,1.112116,0.82,0.0,0.0,pix
real_001_s001_2026-05-18_22-21-47-879,001,001,1,P001,wikiart_practice/practice_wikiart_001_surrealistic_gouache.jpg,434,27.207945,1779135735.088334,7.216667,186.0,-58.0,0.0,0.0,2940,1912,1.112116,0.82,0.0,0.0,pix
real_001_s001_2026-05-18_22-21-47-879,001,001,1,P001,wikiart_practice/practice_wikiart_001_surrealistic_gouache.jpg,435,27.224612,1779135735.105,7.233333,186.0,-58.0,0.0,0.0,2940,1912,1.112116,0.82,0.0,0.0,pix
real_001_s001_2026-05-18_22-21-47-879,001,001,1,P001,wikiart_practice/practice_wikiart_001_surrealistic_gouache.jpg,436,27.241278,1779135735.121667,7.25,186.0,-58.0,0.0,0.0,2940,1912,1.112116,0.82,0.0,0.0,pix
real_001_s001_2026-05-18_22-21-47-879,001,001,1,P001,wikiart_practice/practice_wikiart_001_surrealistic_gouache.jpg,437,27.257945,1779135735.138334,7.266667,186.0,-58.0,0.0,0.0,2940,1912,1.112116,0.82,0.0,0.0,pix
real_001_s001_2026-05-18_22-21-47-879,001,001,1,P001,wikiart_practice/practice_wikiart_001_surrealistic_gouache.jpg,438,27.274612,1779135735.155,7.283333,186.0,-58.0,0.0,0.0,2940,1912,1.112116,0.82,0.0,0.0,pix
real_001_s001_2026-05-18_22-21-47-879,001,001,1,P001,wikiart_practice/practice_wikiart_001_surrealistic_gouache.jpg,439,27.291278,1779135735.171667,7.3,186.0,-58.0,0.0,0.0,2940,1912,1.112116,0.82,0.0,0.0,pix
real_001_s001_2026-05-18_22-21-47-879,001,001,1,P001,wikiart_practice/practice_wikiart_001_surrealistic_gouache.jpg,440,27.307945,1779135735.188334,7.316667,186.0,-58.0,0.0,0.0,2940,1912,1.112116,0.82,0.0,0.0,pix
real_001_s001_2026-05-18_22-21-47-879,001,001,1,P001,wikiart_practice/practice_wikiart_001_surrealistic_gouache.jpg,441,27.324612,1779135735.205,7.333333,186.0,-58.0,0.0,0.0,2940,1912,1.112116,0.82,0.0,0.0,pix
real_001_s001_2026-05-18_22-21-47-879,001,001,1,P001,wikiart_practice/practice_wikiart_001_surrealistic_gouache.jpg,442,27.341278,1779135735.221667,7.35,186.0,-58.0,0.0,0.0,2940,1912,1.112116,0.82,0.0,0.0,pix
real_001_s001_2026-05-18_22-21-47-879,001,001,1,P001,wikiart_practice/practice_wikiart_001_surrealistic_gouache.jpg,443,27.357945,1779135735.238333,7.366667,186.0,-58.0,0.0,0.0,2940,1912,1.112116,0.82,0.0,0.0,pix
real_001_s001_2026-05-18_22-21-47-879,001,001,1,P001,wikiart_practice/practice_wikiart_001_surrealistic_gouache.jpg,444,27.374612,1779135735.255,7.383333,186.0,-58.0,0.0,0.0,2940,1912,1.112116,0.82,0.0,0.0,pix
real_001_s001_2026-05-18_22-21-47-879,001,001,1,P001,wikiart_practice/practice_wikiart_001_surrealistic_gouache.jpg,445,27.391278,1779135735.271667,7.4,186.0,-58.0,0.0,0.0,2940,1912,1.112116,0.82,0.0,0.0,pix
real_001_s001_2026-05-18_22-21-47-879,001,001,1,P001,wikiart_practice/practice_wikiart_001_surrealistic_gouache.jpg,446,27.407945,1779135735.288334,7.416667,186.0,-58.0,0.0,0.0,2940,1912,1.112116,0.82,0.0,0.0,pix
real_001_s001_2026-05-18_22-21-47-879,001,001,1,P001,wikiart_practice/practice_wikiart_001_surrealistic_gouache.jpg,447,27.424612,1779135735.305,7.433333,186.0,-58.0,0.0,0.0,2940,1912,1.112116,0.82,0.0,0.0,pix
real_001_s001_2026-05-18_22-21-47-879,001,001,1,P001,wikiart_practice/practice_wikiart_001_surrealistic_gouache.jpg,448,27.441278,1779135735.321667,7.45,186.0,-58.0,0.0,0.0,2940,1912,1.112116,0.82,0.0,0.0,pix
real_001_s001_2026-05-18_22-21-47-879,001,001,1,P001,wikiart_practice/practice_wikiart_001_surrealistic_gouache.jpg,449,27.457945,1779135735.338334,7.466667,186.0,-58.0,0.0,0.0,2940,1912,1.112116,0.82,0.0,0.0,pix
real_001_s001_2026-05-18_22-21-47-879,001,001,1,P001,wikiart_practice/practice_wikiart_001_surrealistic_gouache.jpg,450,27.474612,1779135735.355,7.483333,186.0,-58.0,0.0,0.0,2940,1912,1.112116,0.82,0.0,0.0,pix
real_001_s001_2026-05-18_22-21-47-879,001,001,1,P001,wikiart_practice/practice_wikiart_001_surrealistic_gouache.jpg,451,27.491278,1779135735.371667,7.5,186.0,-58.0,0.0,0.0,2940,1912,1.112116,0.82,0.0,0.0,pix
real_001_s001_2026-05-18_22-21-47-879,001,001,1,P001,wikiart_practice/practice_wikiart_001_surrealistic_gouache.jpg,452,27.507945,1779135735.388334,7.516667,186.0,-58.0,0.0,0.0,2940,1912,1.112116,0.82,0.0,0.0,pix
real_001_s001_2026-05-18_22-21-47-879,001,001,1,P001,wikiart_practice/practice_wikiart_001_surrealistic_gouache.jpg,453,27.524612,1779135735.405,7.533333,186.0,-58.0,0.0,0.0,2940,1912,1.112116,0.82,0.0,0.0,pix
real_001_s001_2026-05-18_22-21-47-879,001,001,1,P001,wikiart_practice/practice_wikiart_001_surrealistic_gouache.jpg,454,27.541278,1779135735.421667,7.55,186.0,-58.0,0.0,0.0,2940,1912,1.112116,0.82,0.0,0.0,pix
real_001_s001_2026-05-18_22-21-47-879,001,001,1,P001,wikiart_practice/practice_wikiart_001_surrealistic_gouache.jpg,455,27.557945,1779135735.438334,7.566667,186.0,-58.0,0.0,0.0,2940,1912,1.112116,0.82,0.0,0.0,pix
real_001_s001_2026-05-18_22-21-47-879,001,001,1,P001,wikiart_practice/practice_wikiart_001_surrealistic_gouache.jpg,456,27.574612,1779135735.455,7.583333,186.0,-58.0,0.0,0.0,2940,1912,1.112116,0.82,0.0,0.0,pix
real_001_s001_2026-05-18_22-21-47-879,001,001,1,P001,wikiart_practice/practice_wikiart_001_surrealistic_gouache.jpg,457,27.591278,1779135735.471667,7.6,186.0,-58.0,0.0,0.0,2940,1912,1.112116,0.82,0.0,0.0,pix
real_001_s001_2026-05-18_22-21-47-879,001,001,1,P001,wikiart_practice/practice_wikiart_001_surrealistic_gouache.jpg,458,27.607945,1779135735.488333,7.616667,186.0,-58.0,0.0,0.0,2940,1912,1.112116,0.82,0.0,0.0,pix
real_001_s001_2026-05-18_22-21-47-879,001,001,1,P001,wikiart_practice/practice_wikiart_001_surrealistic_gouache.jpg,459,27.624612,1779135735.505,7.633333,186.0,-58.0,0.0,0.0,2940,1912,1.112116,0.82,0.0,0.0,pix
real_001_s001_2026-05-18_22-21-47-879,001,001,1,P001,wikiart_practice/practice_wikiart_001_surrealistic_gouache.jpg,460,27.641278,1779135735.521667,7.65,186.0,-58.0,0.0,0.0,2940,1912,1.112116,0.82,0.0,0.0,pix
real_001_s001_2026-05-18_22-21-47-879,001,001,1,P001,wikiart_practice/practice_wikiart_001_surrealistic_gouache.jpg,461,27.657945,1779135735.538334,7.666667,186.0,-58.0,0.0,0.0,2940,1912,1.112116,0.82,0.0,0.0,pix
real_001_s001_2026-05-18_22-21-47-879,001,001,1,P001,wikiart_practice/practice_wikiart_001_surrealistic_gouache.jpg,462,27.674612,1779135735.555,7.683333,186.0,-58.0,0.0,0.0,2940,1912,1.112116,0.82,0.0,0.0,pix
real_001_s001_2026-05-18_22-21-47-879,001,001,1,P001,wikiart_practice/practice_wikiart_001_surrealistic_gouache.jpg,463,27.691278,1779135735.571667,7.7,186.0,-58.0,0.0,0.0,2940,1912,1.112116,0.82,0.0,0.0,pix
real_001_s001_2026-05-18_22-21-47-879,001,001,1,P001,wikiart_practice/practice_wikiart_001_surrealistic_gouache.jpg,464,27.707945,1779135735.588334,7.716667,186.0,-58.0,0.0,0.0,2940,1912,1.112116,0.82,0.0,0.0,pix
real_001_s001_2026-05-18_22-21-47-879,001,001,1,P001,wikiart_practice/practice_wikiart_001_surrealistic_gouache.jpg,465,27.724612,1779135735.605,7.733333,186.0,-58.0,0.0,0.0,2940,1912,1.112116,0.82,0.0,0.0,pix
real_001_s001_2026-05-18_22-21-47-879,001,001,1,P001,wikiart_practice/practice_wikiart_001_surrealistic_gouache.jpg,466,27.741278,1779135735.621667,7.75,186.0,-58.0,0.0,0.0,2940,1912,1.112116,0.82,0.0,0.0,pix
real_001_s001_2026-05-18_22-21-47-879,001,001,1,P001,wikiart_practice/practice_wikiart_001_surrealistic_gouache.jpg,467,27.757945,1779135735.638334,7.766667,186.0,-58.0,0.0,0.0,2940,1912,1.112116,0.82,0.0,0.0,pix
real_001_s001_2026-05-18_22-21-47-879,001,001,1,P001,wikiart_practice/practice_wikiart_001_surrealistic_gouache.jpg,468,27.774612,1779135735.655,7.783333,186.0,-58.0,0.0,0.0,2940,1912,1.112116,0.82,0.0,0.0,pix
real_001_s001_2026-05-18_22-21-47-879,001,001,1,P001,wikiart_practice/practice_wikiart_001_surrealistic_gouache.jpg,469,27.791278,1779135735.671667,7.8,186.0,-58.0,0.0,0.0,2940,1912,1.112116,0.82,0.0,0.0,pix
real_001_s001_2026-05-18_22-21-47-879,001,001,1,P001,wikiart_practice/practice_wikiart_001_surrealistic_gouache.jpg,470,27.807945,1779135735.688334,7.816667,186.0,-58.0,0.0,0.0,2940,1912,1.112116,0.82,0.0,0.0,pix
real_001_s001_2026-05-18_22-21-47-879,001,001,1,P001,wikiart_practice/practice_wikiart_001_surrealistic_gouache.jpg,471,27.824612,1779135735.705,7.833333,186.0,-58.0,0.0,0.0,2940,1912,1.112116,0.82,0.0,0.0,pix
real_001_s001_2026-05-18_22-21-47-879,001,001,1,P001,wikiart_practice/practice_wikiart_001_surrealistic_gouache.jpg,472,27.841278,1779135735.721667,7.85,186.0,-58.0,0.0,0.0,2940,1912,1.112116,0.82,0.0,0.0,pix
real_001_s001_2026-05-18_22-21-47-879,001,001,1,P001,wikiart_practice/practice_wikiart_001_surrealistic_gouache.jpg,473,27.857945,1779135735.738333,7.866667,186.0,-58.0,0.0,0.0,2940,1912,1.112116,0.82,0.0,0.0,pix
real_001_s001_2026-05-18_22-21-47-879,001,001,1,P001,wikiart_practice/practice_wikiart_001_surrealistic_gouache.jpg,474,27.874612,1779135735.755,7.883333,186.0,-58.0,0.0,0.0,2940,1912,1.112116,0.82,0.0,0.0,pix
real_001_s001_2026-05-18_22-21-47-879,001,001,1,P001,wikiart_practice/practice_wikiart_001_surrealistic_gouache.jpg,475,27.891278,1779135735.771667,7.9,186.0,-58.0,0.0,0.0,2940,1912,1.112116,0.82,0.0,0.0,pix
real_001_s001_2026-05-18_22-21-47-879,001,001,1,P001,wikiart_practice/practice_wikiart_001_surrealistic_gouache.jpg,476,27.907945,1779135735.788334,7.916667,186.0,-58.0,0.0,0.0,2940,1912,1.112116,0.82,0.0,0.0,pix
real_001_s001_2026-05-18_22-21-47-879,001,001,1,P001,wikiart_practice/practice_wikiart_001_surrealistic_gouache.jpg,477,27.924612,1779135735.805,7.933333,186.0,-58.0,0.0,0.0,2940,1912,1.112116,0.82,0.0,0.0,pix
real_001_s001_2026-05-18_22-21-47-879,001,001,1,P001,wikiart_practice/practice_wikiart_001_surrealistic_gouache.jpg,478,27.941278,1779135735.821667,7.95,186.0,-58.0,0.0,0.0,2940,1912,1.112116,0.82,0.0,0.0,pix
real_001_s001_2026-05-18_22-21-47-879,001,001,1,P001,wikiart_practice/practice_wikiart_001_surrealistic_gouache.jpg,479,27.957945,1779135735.838334,7.966667,186.0,-58.0,0.0,0.0,2940,1912,1.112116,0.82,0.0,0.0,pix
real_001_s001_2026-05-18_22-21-47-879,001,001,1,P001,wikiart_practice/practice_wikiart_001_surrealistic_gouache.jpg,480,27.974612,1779135735.855,7.983333,186.0,-58.0,0.0,0.0,2940,1912,1.112116,0.82,0.0,0.0,pix
real_001_s001_2026-05-18_22-21-47-879,001,001,1,P001,wikiart_practice/practice_wikiart_001_surrealistic_gouache.jpg,481,27.991278,1779135735.871667,8.0,186.0,-58.0,0.0,0.0,2940,1912,1.112116,0.82,0.0,0.0,pix
real_001_s001_2026-05-18_22-21-47-879,001,001,1,P001,wikiart_practice/practice_wikiart_001_surrealistic_gouache.jpg,482,28.007945,1779135735.888334,8.016667,186.0,-58.0,0.0,0.0,2940,1912,1.112116,0.82,0.0,0.0,pix
real_001_s001_2026-05-18_22-21-47-879,001,001,1,P001,wikiart_practice/practice_wikiart_001_surrealistic_gouache.jpg,483,28.024612,1779135735.905,8.033333,186.0,-58.0,0.0,0.0,2940,1912,1.112116,0.82,0.0,0.0,pix
real_001_s001_2026-05-18_22-21-47-879,001,001,1,P001,wikiart_practice/practice_wikiart_001_surrealistic_gouache.jpg,484,28.041278,1779135735.921667,8.05,186.0,-58.0,0.0,0.0,2940,1912,1.112116,0.82,0.0,0.0,pix
real_001_s001_2026-05-18_22-21-47-879,001,001,1,P001,wikiart_practice/practice_wikiart_001_surrealistic_gouache.jpg,485,28.057945,1779135735.938334,8.066667,186.0,-58.0,0.0,0.0,2940,1912,1.112116,0.82,0.0,0.0,pix
real_001_s001_2026-05-18_22-21-47-879,001,001,1,P001,wikiart_practice/practice_wikiart_001_surrealistic_gouache.jpg,486,28.074612,1779135735.955,8.083333,186.0,-58.0,0.0,0.0,2940,1912,1.112116,0.82,0.0,0.0,pix
real_001_s001_2026-05-18_22-21-47-879,001,001,1,P001,wikiart_practice/practice_wikiart_001_surrealistic_gouache.jpg,487,28.091278,1779135735.971667,8.1,186.0,-58.0,0.0,0.0,2940,1912,1.112116,0.82,0.0,0.0,pix
real_001_s001_2026-05-18_22-21-47-879,001,001,1,P001,wikiart_practice/practice_wikiart_001_surrealistic_gouache.jpg,488,28.107945,1779135735.988333,8.116667,186.0,-58.0,0.0,0.0,2940,1912,1.112116,0.82,0.0,0.0,pix
real_001_s001_2026-05-18_22-21-47-879,001,001,1,P001,wikiart_practice/practice_wikiart_001_surrealistic_gouache.jpg,489,28.124612,1779135736.005,8.133333,186.0,-58.0,0.0,0.0,2940,1912,1.112116,0.82,0.0,0.0,pix
real_001_s001_2026-05-18_22-21-47-879,001,001,1,P001,wikiart_practice/practice_wikiart_001_surrealistic_gouache.jpg,490,28.141278,1779135736.021667,8.15,186.0,-58.0,0.0,0.0,2940,1912,1.112116,0.82,0.0,0.0,pix
real_001_s001_2026-05-18_22-21-47-879,001,001,1,P001,wikiart_practice/practice_wikiart_001_surrealistic_gouache.jpg,491,28.157945,1779135736.038334,8.166667,186.0,-58.0,0.0,0.0,2940,1912,1.112116,0.82,0.0,0.0,pix
real_001_s001_2026-05-18_22-21-47-879,001,001,1,P001,wikiart_practice/practice_wikiart_001_surrealistic_gouache.jpg,492,28.174612,1779135736.055,8.183333,186.0,-58.0,0.0,0.0,2940,1912,1.112116,0.82,0.0,0.0,pix
real_001_s001_2026-05-18_22-21-47-879,001,001,1,P001,wikiart_practice/practice_wikiart_001_surrealistic_gouache.jpg,493,28.191278,1779135736.071667,8.2,186.0,-58.0,0.0,0.0,2940,1912,1.112116,0.82,0.0,0.0,pix
real_001_s001_2026-05-18_22-21-47-879,001,001,1,P001,wikiart_practice/practice_wikiart_001_surrealistic_gouache.jpg,494,28.207945,1779135736.088334,8.216667,186.0,-58.0,0.0,0.0,2940,1912,1.112116,0.82,0.0,0.0,pix
real_001_s001_2026-05-18_22-21-47-879,001,001,2,P002,wikiart_practice/practice_wikiart_002_untitled_abstract_composition_1964.jpg,1,34.42455,1779135742.304935,0.0,186.0,-58.0,0.0,0.0,2940,1912,0.578473,0.82,0.0,0.0,pix
real_001_s001_2026-05-18_22-21-47-879,001,001,2,P002,wikiart_practice/practice_wikiart_002_untitled_abstract_composition_1964.jpg,2,34.441216,1779135742.321602,0.016667,186.0,-58.0,0.0,0.0,2940,1912,0.578473,0.82,0.0,0.0,pix
real_001_s001_2026-05-18_22-21-47-879,001,001,2,P002,wikiart_practice/practice_wikiart_002_untitled_abstract_composition_1964.jpg,3,34.457883,1779135742.338268,0.033333,186.0,-58.0,0.0,0.0,2940,1912,0.578473,0.82,0.0,0.0,pix
real_001_s001_2026-05-18_22-21-47-879,001,001,2,P002,wikiart_practice/practice_wikiart_002_untitled_abstract_composition_1964.jpg,4,34.47455,1779135742.354935,0.05,186.0,-58.0,0.0,0.0,2940,1912,0.578473,0.82,0.0,0.0,pix
real_001_s001_2026-05-18_22-21-47-879,001,001,2,P002,wikiart_practice/practice_wikiart_002_untitled_abstract_composition_1964.jpg,5,34.491216,1779135742.371602,0.066667,186.0,-58.0,0.0,0.0,2940,1912,0.578473,0.82,0.0,0.0,pix
real_001_s001_2026-05-18_22-21-47-879,001,001,2,P002,wikiart_practice/practice_wikiart_002_untitled_abstract_composition_1964.jpg,6,34.507883,1779135742.388268,0.083333,186.0,-58.0,0.0,0.0,2940,1912,0.578473,0.82,0.0,0.0,pix
real_001_s001_2026-05-18_22-21-47-879,001,001,2,P002,wikiart_practice/practice_wikiart_002_untitled_abstract_composition_1964.jpg,7,34.52455,1779135742.404935,0.1,186.0,-58.0,0.0,0.0,2940,1912,0.578473,0.82,0.0,0.0,pix
real_001_s001_2026-05-18_22-21-47-879,001,001,2,P002,wikiart_practice/practice_wikiart_002_untitled_abstract_composition_1964.jpg,8,34.541216,1779135742.421602,0.116667,186.0,-58.0,0.0,0.0,2940,1912,0.578473,0.82,0.0,0.0,pix
real_001_s001_2026-05-18_22-21-47-879,001,001,2,P002,wikiart_practice/practice_wikiart_002_untitled_abstract_composition_1964.jpg,9,34.557883,1779135742.438268,0.133333,186.0,-58.0,0.0,0.0,2940,1912,0.578473,0.82,0.0,0.0,pix
real_001_s001_2026-05-18_22-21-47-879,001,001,2,P002,wikiart_practice/practice_wikiart_002_untitled_abstract_composition_1964.jpg,10,34.57455,1779135742.454935,0.15,186.0,-58.0,0.0,0.0,2940,1912,0.578473,0.82,0.0,0.0,pix
real_001_s001_2026-05-18_22-21-47-879,001,001,2,P002,wikiart_practice/practice_wikiart_002_untitled_abstract_composition_1964.jpg,11,34.591216,1779135742.471602,0.166667,186.0,-58.0,0.0,0.0,2940,1912,0.578473,0.82,0.0,0.0,pix
real_001_s001_2026-05-18_22-21-47-879,001,001,2,P002,wikiart_practice/practice_wikiart_002_untitled_abstract_composition_1964.jpg,12,34.607883,1779135742.488268,0.183333,186.0,-58.0,0.0,0.0,2940,1912,0.578473,0.82,0.0,0.0,pix
real_001_s001_2026-05-18_22-21-47-879,001,001,2,P002,wikiart_practice/practice_wikiart_002_untitled_abstract_composition_1964.jpg,13,34.62455,1779135742.504935,0.2,186.0,-58.0,0.0,0.0,2940,1912,0.578473,0.82,0.0,0.0,pix
real_001_s001_2026-05-18_22-21-47-879,001,001,2,P002,wikiart_practice/practice_wikiart_002_untitled_abstract_composition_1964.jpg,14,34.641216,1779135742.521602,0.216667,186.0,-58.0,0.0,0.0,2940,1912,0.578473,0.82,0.0,0.0,pix
real_001_s001_2026-05-18_22-21-47-879,001,001,2,P002,wikiart_practice/practice_wikiart_002_untitled_abstract_composition_1964.jpg,15,34.657883,1779135742.538268,0.233333,186.0,-58.0,0.0,0.0,2940,1912,0.578473,0.82,0.0,0.0,pix
real_001_s001_2026-05-18_22-21-47-879,001,001,2,P002,wikiart_practice/practice_wikiart_002_untitled_abstract_composition_1964.jpg,16,34.67455,1779135742.554935,0.25,186.0,-58.0,0.0,0.0,2940,1912,0.578473,0.82,0.0,0.0,pix
real_001_s001_2026-05-18_22-21-47-879,001,001,2,P002,wikiart_practice/practice_wikiart_002_untitled_abstract_composition_1964.jpg,17,34.691216,1779135742.571602,0.266667,186.0,-58.0,0.0,0.0,2940,1912,0.578473,0.82,0.0,0.0,pix
real_001_s001_2026-05-18_22-21-47-879,001,001,2,P002,wikiart_practice/practice_wikiart_002_untitled_abstract_composition_1964.jpg,18,34.707883,1779135742.588268,0.283333,186.0,-58.0,0.0,0.0,2940,1912,0.578473,0.82,0.0,0.0,pix
real_001_s001_2026-05-18_22-21-47-879,001,001,2,P002,wikiart_practice/practice_wikiart_002_untitled_abstract_composition_1964.jpg,19,34.72455,1779135742.604935,0.3,186.0,-58.0,0.0,0.0,2940,1912,0.578473,0.82,0.0,0.0,pix
real_001_s001_2026-05-18_22-21-47-879,001,001,2,P002,wikiart_practice/practice_wikiart_002_untitled_abstract_composition_1964.jpg,20,34.741216,1779135742.621602,0.316667,186.0,-58.0,0.0,0.0,2940,1912,0.578473,0.82,0.0,0.0,pix
real_001_s001_2026-05-18_22-21-47-879,001,001,2,P002,wikiart_practice/practice_wikiart_002_untitled_abstract_composition_1964.jpg,21,34.757883,1779135742.638268,0.333333,186.0,-58.0,0.0,0.0,2940,1912,0.578473,0.82,0.0,0.0,pix
real_001_s001_2026-05-18_22-21-47-879,001,001,2,P002,wikiart_practice/practice_wikiart_002_untitled_abstract_composition_1964.jpg,22,34.77455,1779135742.654935,0.35,186.0,-58.0,0.0,0.0,2940,1912,0.578473,0.82,0.0,0.0,pix
real_001_s001_2026-05-18_22-21-47-879,001,001,2,P002,wikiart_practice/practice_wikiart_002_untitled_abstract_composition_1964.jpg,23,34.791216,1779135742.671602,0.366667,186.0,-58.0,0.0,0.0,2940,1912,0.578473,0.82,0.0,0.0,pix
real_001_s001_2026-05-18_22-21-47-879,001,001,2,P002,wikiart_practice/practice_wikiart_002_untitled_abstract_composition_1964.jpg,24,34.807883,1779135742.688268,0.383333,186.0,-58.0,0.0,0.0,2940,1912,0.578473,0.82,0.0,0.0,pix
real_001_s001_2026-05-18_22-21-47-879,001,001,2,P002,wikiart_practice/practice_wikiart_002_untitled_abstract_composition_1964.jpg,25,34.82455,1779135742.704935,0.4,186.0,-58.0,0.0,0.0,2940,1912,0.578473,0.82,0.0,0.0,pix
real_001_s001_2026-05-18_22-21-47-879,001,001,2,P002,wikiart_practice/practice_wikiart_002_untitled_abstract_composition_1964.jpg,26,34.841216,1779135742.721602,0.416667,186.0,-58.0,0.0,0.0,2940,1912,0.578473,0.82,0.0,0.0,pix
real_001_s001_2026-05-18_22-21-47-879,001,001,2,P002,wikiart_practice/practice_wikiart_002_untitled_abstract_composition_1964.jpg,27,34.857883,1779135742.738268,0.433333,186.0,-58.0,0.0,0.0,2940,1912,0.578473,0.82,0.0,0.0,pix
real_001_s001_2026-05-18_22-21-47-879,001,001,2,P002,wikiart_practice/practice_wikiart_002_untitled_abstract_composition_1964.jpg,28,34.87455,1779135742.754935,0.45,186.0,-58.0,0.0,0.0,2940,1912,0.578473,0.82,0.0,0.0,pix
real_001_s001_2026-05-18_22-21-47-879,001,001,2,P002,wikiart_practice/practice_wikiart_002_untitled_abstract_composition_1964.jpg,29,34.891216,1779135742.771602,0.466667,186.0,-58.0,0.0,0.0,2940,1912,0.578473,0.82,0.0,0.0,pix
real_001_s001_2026-05-18_22-21-47-879,001,001,2,P002,wikiart_practice/practice_wikiart_002_untitled_abstract_composition_1964.jpg,30,34.907883,1779135742.788268,0.483333,186.0,-58.0,0.0,0.0,2940,1912,0.578473,0.82,0.0,0.0,pix
real_001_s001_2026-05-18_22-21-47-879,001,001,2,P002,wikiart_practice/practice_wikiart_002_untitled_abstract_composition_1964.jpg,31,34.92455,1779135742.804935,0.5,186.0,-58.0,0.0,0.0,2940,1912,0.578473,0.82,0.0,0.0,pix
real_001_s001_2026-05-18_22-21-47-879,001,001,2,P002,wikiart_practice/practice_wikiart_002_untitled_abstract_composition_1964.jpg,32,34.941216,1779135742.821602,0.516667,186.0,-58.0,0.0,0.0,2940,1912,0.578473,0.82,0.0,0.0,pix
real_001_s001_2026-05-18_22-21-47-879,001,001,2,P002,wikiart_practice/practice_wikiart_002_untitled_abstract_composition_1964.jpg,33,34.957883,1779135742.838268,0.533333,186.0,-58.0,0.0,0.0,2940,1912,0.578473,0.82,0.0,0.0,pix
real_001_s001_2026-05-18_22-21-47-879,001,001,2,P002,wikiart_practice/practice_wikiart_002_untitled_abstract_composition_1964.jpg,34,34.97455,1779135742.854935,0.55,186.0,-58.0,0.0,0.0,2940,1912,0.578473,0.82,0.0,0.0,pix
real_001_s001_2026-05-18_22-21-47-879,001,001,2,P002,wikiart_practice/practice_wikiart_002_untitled_abstract_composition_1964.jpg,35,34.991216,1779135742.871602,0.566667,186.0,-58.0,0.0,0.0,2940,1912,0.578473,0.82,0.0,0.0,pix
real_001_s001_2026-05-18_22-21-47-879,001,001,2,P002,wikiart_practice/practice_wikiart_002_untitled_abstract_composition_1964.jpg,36,35.007883,1779135742.888268,0.583333,186.0,-58.0,0.0,0.0,2940,1912,0.578473,0.82,0.0,0.0,pix
real_001_s001_2026-05-18_22-21-47-879,001,001,2,P002,wikiart_practice/practice_wikiart_002_untitled_abstract_composition_1964.jpg,37,35.02455,1779135742.904935,0.6,186.0,-58.0,0.0,0.0,2940,1912,0.578473,0.82,0.0,0.0,pix
real_001_s001_2026-05-18_22-21-47-879,001,001,2,P002,wikiart_practice/practice_wikiart_002_untitled_abstract_composition_1964.jpg,38,35.041216,1779135742.921602,0.616667,186.0,-58.0,0.0,0.0,2940,1912,0.578473,0.82,0.0,0.0,pix
real_001_s001_2026-05-18_22-21-47-879,001,001,2,P002,wikiart_practice/practice_wikiart_002_untitled_abstract_composition_1964.jpg,39,35.057883,1779135742.938268,0.633333,186.0,-58.0,0.0,0.0,2940,1912,0.578473,0.82,0.0,0.0,pix
real_001_s001_2026-05-18_22-21-47-879,001,001,2,P002,wikiart_practice/practice_wikiart_002_untitled_abstract_composition_1964.jpg,40,35.07455,1779135742.954935,0.65,186.0,-58.0,0.0,0.0,2940,1912,0.578473,0.82,0.0,0.0,pix
real_001_s001_2026-05-18_22-21-47-879,001,001,2,P002,wikiart_practice/practice_wikiart_002_untitled_abstract_composition_1964.jpg,41,35.091216,1779135742.971602,0.666667,186.0,-58.0,0.0,0.0,2940,1912,0.578473,0.82,0.0,0.0,pix
real_001_s001_2026-05-18_22-21-47-879,001,001,2,P002,wikiart_practice/practice_wikiart_002_untitled_abstract_composition_1964.jpg,42,35.107883,1779135742.988268,0.683333,186.0,-58.0,0.0,0.0,2940,1912,0.578473,0.82,0.0,0.0,pix
real_001_s001_2026-05-18_22-21-47-879,001,001,2,P002,wikiart_practice/practice_wikiart_002_untitled_abstract_composition_1964.jpg,43,35.12455,1779135743.004935,0.7,186.0,-58.0,0.0,0.0,2940,1912,0.578473,0.82,0.0,0.0,pix
real_001_s001_2026-05-18_22-21-47-879,001,001,2,P002,wikiart_practice/practice_wikiart_002_untitled_abstract_composition_1964.jpg,44,35.141216,1779135743.021602,0.716667,186.0,-58.0,0.0,0.0,2940,1912,0.578473,0.82,0.0,0.0,pix
real_001_s001_2026-05-18_22-21-47-879,001,001,2,P002,wikiart_practice/practice_wikiart_002_untitled_abstract_composition_1964.jpg,45,35.157883,1779135743.038268,0.733333,186.0,-58.0,0.0,0.0,2940,1912,0.578473,0.82,0.0,0.0,pix
real_001_s001_2026-05-18_22-21-47-879,001,001,2,P002,wikiart_practice/practice_wikiart_002_untitled_abstract_composition_1964.jpg,46,35.17455,1779135743.054935,0.75,186.0,-58.0,0.0,0.0,2940,1912,0.578473,0.82,0.0,0.0,pix
real_001_s001_2026-05-18_22-21-47-879,001,001,2,P002,wikiart_practice/practice_wikiart_002_untitled_abstract_composition_1964.jpg,47,35.191216,1779135743.071602,0.766667,186.0,-58.0,0.0,0.0,2940,1912,0.578473,0.82,0.0,0.0,pix
real_001_s001_2026-05-18_22-21-47-879,001,001,2,P002,wikiart_practice/practice_wikiart_002_untitled_abstract_composition_1964.jpg,48,35.207883,1779135743.088268,0.783333,186.0,-58.0,0.0,0.0,2940,1912,0.578473,0.82,0.0,0.0,pix
real_001_s001_2026-05-18_22-21-47-879,001,001,2,P002,wikiart_practice/practice_wikiart_002_untitled_abstract_composition_1964.jpg,49,35.22455,1779135743.104935,0.8,186.0,-58.0,0.0,0.0,2940,1912,0.578473,0.82,0.0,0.0,pix
real_001_s001_2026-05-18_22-21-47-879,001,001,2,P002,wikiart_practice/practice_wikiart_002_untitled_abstract_composition_1964.jpg,50,35.241216,1779135743.121602,0.816667,186.0,-58.0,0.0,0.0,2940,1912,0.578473,0.82,0.0,0.0,pix
real_001_s001_2026-05-18_22-21-47-879,001,001,2,P002,wikiart_practice/practice_wikiart_002_untitled_abstract_composition_1964.jpg,51,35.257883,1779135743.138268,0.833333,186.0,-58.0,0.0,0.0,2940,1912,0.578473,0.82,0.0,0.0,pix
real_001_s001_2026-05-18_22-21-47-879,001,001,2,P002,wikiart_practice/practice_wikiart_002_untitled_abstract_composition_1964.jpg,52,35.27455,1779135743.154935,0.85,186.0,-58.0,0.0,0.0,2940,1912,0.578473,0.82,0.0,0.0,pix
real_001_s001_2026-05-18_22-21-47-879,001,001,2,P002,wikiart_practice/practice_wikiart_002_untitled_abstract_composition_1964.jpg,53,35.291216,1779135743.171602,0.866667,186.0,-58.0,0.0,0.0,2940,1912,0.578473,0.82,0.0,0.0,pix
real_001_s001_2026-05-18_22-21-47-879,001,001,2,P002,wikiart_practice/practice_wikiart_002_untitled_abstract_composition_1964.jpg,54,35.307883,1779135743.188268,0.883333,186.0,-58.0,0.0,0.0,2940,1912,0.578473,0.82,0.0,0.0,pix
real_001_s001_2026-05-18_22-21-47-879,001,001,2,P002,wikiart_practice/practice_wikiart_002_untitled_abstract_composition_1964.jpg,55,35.32455,1779135743.204935,0.9,186.0,-58.0,0.0,0.0,2940,1912,0.578473,0.82,0.0,0.0,pix
real_001_s001_2026-05-18_22-21-47-879,001,001,2,P002,wikiart_practice/practice_wikiart_002_untitled_abstract_composition_1964.jpg,56,35.341216,1779135743.221602,0.916667,186.0,-58.0,0.0,0.0,2940,1912,0.578473,0.82,0.0,0.0,pix
real_001_s001_2026-05-18_22-21-47-879,001,001,2,P002,wikiart_practice/practice_wikiart_002_untitled_abstract_composition_1964.jpg,57,35.357883,1779135743.238268,0.933333,186.0,-58.0,0.0,0.0,2940,1912,0.578473,0.82,0.0,0.0,pix
real_001_s001_2026-05-18_22-21-47-879,001,001,2,P002,wikiart_practice/practice_wikiart_002_untitled_abstract_composition_1964.jpg,58,35.37455,1779135743.254935,0.95,186.0,-58.0,0.0,0.0,2940,1912,0.578473,0.82,0.0,0.0,pix
real_001_s001_2026-05-18_22-21-47-879,001,001,2,P002,wikiart_practice/practice_wikiart_002_untitled_abstract_composition_1964.jpg,59,35.391216,1779135743.271602,0.966667,186.0,-58.0,0.0,0.0,2940,1912,0.578473,0.82,0.0,0.0,pix
real_001_s001_2026-05-18_22-21-47-879,001,001,2,P002,wikiart_practice/practice_wikiart_002_untitled_abstract_composition_1964.jpg,60,35.407883,1779135743.288268,0.983333,186.0,-58.0,0.0,0.0,2940,1912,0.578473,0.82,0.0,0.0,pix
real_001_s001_2026-05-18_22-21-47-879,001,001,2,P002,wikiart_practice/practice_wikiart_002_untitled_abstract_composition_1964.jpg,61,35.42455,1779135743.304935,1.0,186.0,-58.0,0.0,0.0,2940,1912,0.578473,0.82,0.0,0.0,pix
real_001_s001_2026-05-18_22-21-47-879,001,001,2,P002,wikiart_practice/practice_wikiart_002_untitled_abstract_composition_1964.jpg,62,35.441216,1779135743.321602,1.016667,186.0,-58.0,0.0,0.0,2940,1912,0.578473,0.82,0.0,0.0,pix
real_001_s001_2026-05-18_22-21-47-879,001,001,2,P002,wikiart_practice/practice_wikiart_002_untitled_abstract_composition_1964.jpg,63,35.457883,1779135743.338268,1.033333,186.0,-58.0,0.0,0.0,2940,1912,0.578473,0.82,0.0,0.0,pix
real_001_s001_2026-05-18_22-21-47-879,001,001,2,P002,wikiart_practice/practice_wikiart_002_untitled_abstract_composition_1964.jpg,64,35.47455,1779135743.354935,1.05,186.0,-58.0,0.0,0.0,2940,1912,0.578473,0.82,0.0,0.0,pix
real_001_s001_2026-05-18_22-21-47-879,001,001,2,P002,wikiart_practice/practice_wikiart_002_untitled_abstract_composition_1964.jpg,65,35.491216,1779135743.371602,1.066667,186.0,-58.0,0.0,0.0,2940,1912,0.578473,0.82,0.0,0.0,pix
real_001_s001_2026-05-18_22-21-47-879,001,001,2,P002,wikiart_practice/practice_wikiart_002_untitled_abstract_composition_1964.jpg,66,35.507883,1779135743.388268,1.083333,186.0,-58.0,0.0,0.0,2940,1912,0.578473,0.82,0.0,0.0,pix
real_001_s001_2026-05-18_22-21-47-879,001,001,2,P002,wikiart_practice/practice_wikiart_002_untitled_abstract_composition_1964.jpg,67,35.52455,1779135743.404935,1.1,186.0,-58.0,0.0,0.0,2940,1912,0.578473,0.82,0.0,0.0,pix
real_001_s001_2026-05-18_22-21-47-879,001,001,2,P002,wikiart_practice/practice_wikiart_002_untitled_abstract_composition_1964.jpg,68,35.541216,1779135743.421602,1.116667,186.0,-58.0,0.0,0.0,2940,1912,0.578473,0.82,0.0,0.0,pix
real_001_s001_2026-05-18_22-21-47-879,001,001,2,P002,wikiart_practice/practice_wikiart_002_untitled_abstract_composition_1964.jpg,69,35.557883,1779135743.438268,1.133333,186.0,-58.0,0.0,0.0,2940,1912,0.578473,0.82,0.0,0.0,pix
real_001_s001_2026-05-18_22-21-47-879,001,001,2,P002,wikiart_practice/practice_wikiart_002_untitled_abstract_composition_1964.jpg,70,35.57455,1779135743.454935,1.15,186.0,-58.0,0.0,0.0,2940,1912,0.578473,0.82,0.0,0.0,pix
real_001_s001_2026-05-18_22-21-47-879,001,001,2,P002,wikiart_practice/practice_wikiart_002_untitled_abstract_composition_1964.jpg,71,35.591216,1779135743.471602,1.166667,186.0,-58.0,0.0,0.0,2940,1912,0.578473,0.82,0.0,0.0,pix
real_001_s001_2026-05-18_22-21-47-879,001,001,2,P002,wikiart_practice/practice_wikiart_002_untitled_abstract_composition_1964.jpg,72,35.607883,1779135743.488268,1.183333,186.0,-58.0,0.0,0.0,2940,1912,0.578473,0.82,0.0,0.0,pix
real_001_s001_2026-05-18_22-21-47-879,001,001,2,P002,wikiart_practice/practice_wikiart_002_untitled_abstract_composition_1964.jpg,73,35.62455,1779135743.504935,1.2,186.0,-58.0,0.0,0.0,2940,1912,0.578473,0.82,0.0,0.0,pix
real_001_s001_2026-05-18_22-21-47-879,001,001,2,P002,wikiart_practice/practice_wikiart_002_untitled_abstract_composition_1964.jpg,74,35.641216,1779135743.521602,1.216667,186.0,-58.0,0.0,0.0,2940,1912,0.578473,0.82,0.0,0.0,pix
real_001_s001_2026-05-18_22-21-47-879,001,001,2,P002,wikiart_practice/practice_wikiart_002_untitled_abstract_composition_1964.jpg,75,35.657883,1779135743.538268,1.233333,186.0,-58.0,0.0,0.0,2940,1912,0.578473,0.82,0.0,0.0,pix
real_001_s001_2026-05-18_22-21-47-879,001,001,2,P002,wikiart_practice/practice_wikiart_002_untitled_abstract_composition_1964.jpg,76,35.67455,1779135743.554935,1.25,186.0,-58.0,0.0,0.0,2940,1912,0.578473,0.82,0.0,0.0,pix
real_001_s001_2026-05-18_22-21-47-879,001,001,2,P002,wikiart_practice/practice_wikiart_002_untitled_abstract_composition_1964.jpg,77,35.691216,1779135743.571602,1.266667,186.0,-58.0,0.0,0.0,2940,1912,0.578473,0.82,0.0,0.0,pix
real_001_s001_2026-05-18_22-21-47-879,001,001,2,P002,wikiart_practice/practice_wikiart_002_untitled_abstract_composition_1964.jpg,78,35.707883,1779135743.588268,1.283333,186.0,-58.0,0.0,0.0,2940,1912,0.578473,0.82,0.0,0.0,pix
real_001_s001_2026-05-18_22-21-47-879,001,001,2,P002,wikiart_practice/practice_wikiart_002_untitled_abstract_composition_1964.jpg,79,35.72455,1779135743.604935,1.3,186.0,-58.0,0.0,0.0,2940,1912,0.578473,0.82,0.0,0.0,pix
real_001_s001_2026-05-18_22-21-47-879,001,001,2,P002,wikiart_practice/practice_wikiart_002_untitled_abstract_composition_1964.jpg,80,35.741216,1779135743.621602,1.316667,186.0,-58.0,0.0,0.0,2940,1912,0.578473,0.82,0.0,0.0,pix
real_001_s001_2026-05-18_22-21-47-879,001,001,2,P002,wikiart_practice/practice_wikiart_002_untitled_abstract_composition_1964.jpg,81,35.757883,1779135743.638268,1.333333,186.0,-58.0,0.0,0.0,2940,1912,0.578473,0.82,0.0,0.0,pix
real_001_s001_2026-05-18_22-21-47-879,001,001,2,P002,wikiart_practice/practice_wikiart_002_untitled_abstract_composition_1964.jpg,82,35.77455,1779135743.654935,1.35,186.0,-58.0,0.0,0.0,2940,1912,0.578473,0.82,0.0,0.0,pix
real_001_s001_2026-05-18_22-21-47-879,001,001,2,P002,wikiart_practice/practice_wikiart_002_untitled_abstract_composition_1964.jpg,83,35.791216,1779135743.671602,1.366667,186.0,-58.0,0.0,0.0,2940,1912,0.578473,0.82,0.0,0.0,pix
real_001_s001_2026-05-18_22-21-47-879,001,001,2,P002,wikiart_practice/practice_wikiart_002_untitled_abstract_composition_1964.jpg,84,35.807883,1779135743.688268,1.383333,186.0,-58.0,0.0,0.0,2940,1912,0.578473,0.82,0.0,0.0,pix
real_001_s001_2026-05-18_22-21-47-879,001,001,2,P002,wikiart_practice/practice_wikiart_002_untitled_abstract_composition_1964.jpg,85,35.82455,1779135743.704935,1.4,186.0,-58.0,0.0,0.0,2940,1912,0.578473,0.82,0.0,0.0,pix
real_001_s001_2026-05-18_22-21-47-879,001,001,2,P002,wikiart_practice/practice_wikiart_002_untitled_abstract_composition_1964.jpg,86,35.841216,1779135743.721602,1.416667,186.0,-58.0,0.0,0.0,2940,1912,0.578473,0.82,0.0,0.0,pix
real_001_s001_2026-05-18_22-21-47-879,001,001,2,P002,wikiart_practice/practice_wikiart_002_untitled_abstract_composition_1964.jpg,87,35.857883,1779135743.738268,1.433333,186.0,-58.0,0.0,0.0,2940,1912,0.578473,0.82,0.0,0.0,pix
real_001_s001_2026-05-18_22-21-47-879,001,001,2,P002,wikiart_practice/practice_wikiart_002_untitled_abstract_composition_1964.jpg,88,35.87455,1779135743.754935,1.45,186.0,-58.0,0.0,0.0,2940,1912,0.578473,0.82,0.0,0.0,pix
real_001_s001_2026-05-18_22-21-47-879,001,001,2,P002,wikiart_practice/practice_wikiart_002_untitled_abstract_composition_1964.jpg,89,35.891216,1779135743.771602,1.466667,186.0,-58.0,0.0,0.0,2940,1912,0.578473,0.82,0.0,0.0,pix
real_001_s001_2026-05-18_22-21-47-879,001,001,2,P002,wikiart_practice/practice_wikiart_002_untitled_abstract_composition_1964.jpg,90,35.907883,1779135743.788268,1.483333,186.0,-58.0,0.0,0.0,2940,1912,0.578473,0.82,0.0,0.0,pix
real_001_s001_2026-05-18_22-21-47-879,001,001,2,P002,wikiart_practice/practice_wikiart_002_untitled_abstract_composition_1964.jpg,91,35.92455,1779135743.804935,1.5,186.0,-58.0,0.0,0.0,2940,1912,0.578473,0.82,0.0,0.0,pix
real_001_s001_2026-05-18_22-21-47-879,001,001,2,P002,wikiart_practice/practice_wikiart_002_untitled_abstract_composition_1964.jpg,92,35.941216,1779135743.821602,1.516667,186.0,-58.0,0.0,0.0,2940,1912,0.578473,0.82,0.0,0.0,pix
real_001_s001_2026-05-18_22-21-47-879,001,001,2,P002,wikiart_practice/practice_wikiart_002_untitled_abstract_composition_1964.jpg,93,35.957883,1779135743.838268,1.533333,186.0,-58.0,0.0,0.0,2940,1912,0.578473,0.82,0.0,0.0,pix
real_001_s001_2026-05-18_22-21-47-879,001,001,2,P002,wikiart_practice/practice_wikiart_002_untitled_abstract_composition_1964.jpg,94,35.97455,1779135743.854935,1.55,186.0,-58.0,0.0,0.0,2940,1912,0.578473,0.82,0.0,0.0,pix
real_001_s001_2026-05-18_22-21-47-879,001,001,2,P002,wikiart_practice/practice_wikiart_002_untitled_abstract_composition_1964.jpg,95,35.991216,1779135743.871602,1.566667,186.0,-58.0,0.0,0.0,2940,1912,0.578473,0.82,0.0,0.0,pix
real_001_s001_2026-05-18_22-21-47-879,001,001,2,P002,wikiart_practice/practice_wikiart_002_untitled_abstract_composition_1964.jpg,96,36.007883,1779135743.888268,1.583333,186.0,-58.0,0.0,0.0,2940,1912,0.578473,0.82,0.0,0.0,pix
real_001_s001_2026-05-18_22-21-47-879,001,001,2,P002,wikiart_practice/practice_wikiart_002_untitled_abstract_composition_1964.jpg,97,36.02455,1779135743.904935,1.6,186.0,-58.0,0.0,0.0,2940,1912,0.578473,0.82,0.0,0.0,pix
real_001_s001_2026-05-18_22-21-47-879,001,001,2,P002,wikiart_practice/practice_wikiart_002_untitled_abstract_composition_1964.jpg,98,36.041216,1779135743.921602,1.616667,186.0,-58.0,0.0,0.0,2940,1912,0.578473,0.82,0.0,0.0,pix
real_001_s001_2026-05-18_22-21-47-879,001,001,2,P002,wikiart_practice/practice_wikiart_002_untitled_abstract_composition_1964.jpg,99,36.057883,1779135743.938268,1.633333,186.0,-58.0,0.0,0.0,2940,1912,0.578473,0.82,0.0,0.0,pix
real_001_s001_2026-05-18_22-21-47-879,001,001,2,P002,wikiart_practice/practice_wikiart_002_untitled_abstract_composition_1964.jpg,100,36.07455,1779135743.954935,1.65,186.0,-58.0,0.0,0.0,2940,1912,0.578473,0.82,0.0,0.0,pix
real_001_s001_2026-05-18_22-21-47-879,001,001,2,P002,wikiart_practice/practice_wikiart_002_untitled_abstract_composition_1964.jpg,101,36.091216,1779135743.971602,1.666667,186.0,-58.0,0.0,0.0,2940,1912,0.578473,0.82,0.0,0.0,pix
real_001_s001_2026-05-18_22-21-47-879,001,001,2,P002,wikiart_practice/practice_wikiart_002_untitled_abstract_composition_1964.jpg,102,36.107883,1779135743.988268,1.683333,186.0,-58.0,0.0,0.0,2940,1912,0.578473,0.82,0.0,0.0,pix
real_001_s001_2026-05-18_22-21-47-879,001,001,2,P002,wikiart_practice/practice_wikiart_002_untitled_abstract_composition_1964.jpg,103,36.12455,1779135744.004935,1.7,186.0,-58.0,0.0,0.0,2940,1912,0.578473,0.82,0.0,0.0,pix
real_001_s001_2026-05-18_22-21-47-879,001,001,2,P002,wikiart_practice/practice_wikiart_002_untitled_abstract_composition_1964.jpg,104,36.141216,1779135744.021602,1.716667,186.0,-58.0,0.0,0.0,2940,1912,0.578473,0.82,0.0,0.0,pix
real_001_s001_2026-05-18_22-21-47-879,001,001,2,P002,wikiart_practice/practice_wikiart_002_untitled_abstract_composition_1964.jpg,105,36.157883,1779135744.038268,1.733333,186.0,-58.0,0.0,0.0,2940,1912,0.578473,0.82,0.0,0.0,pix
real_001_s001_2026-05-18_22-21-47-879,001,001,2,P002,wikiart_practice/practice_wikiart_002_untitled_abstract_composition_1964.jpg,106,36.17455,1779135744.054935,1.75,186.0,-58.0,0.0,0.0,2940,1912,0.578473,0.82,0.0,0.0,pix
real_001_s001_2026-05-18_22-21-47-879,001,001,2,P002,wikiart_practice/practice_wikiart_002_untitled_abstract_composition_1964.jpg,107,36.191216,1779135744.071602,1.766667,186.0,-58.0,0.0,0.0,2940,1912,0.578473,0.82,0.0,0.0,pix
real_001_s001_2026-05-18_22-21-47-879,001,001,2,P002,wikiart_practice/practice_wikiart_002_untitled_abstract_composition_1964.jpg,108,36.207883,1779135744.088268,1.783333,186.0,-58.0,0.0,0.0,2940,1912,0.578473,0.82,0.0,0.0,pix
real_001_s001_2026-05-18_22-21-47-879,001,001,2,P002,wikiart_practice/practice_wikiart_002_untitled_abstract_composition_1964.jpg,109,36.22455,1779135744.104935,1.8,186.0,-58.0,0.0,0.0,2940,1912,0.578473,0.82,0.0,0.0,pix
real_001_s001_2026-05-18_22-21-47-879,001,001,2,P002,wikiart_practice/practice_wikiart_002_untitled_abstract_composition_1964.jpg,110,36.241216,1779135744.121602,1.816667,186.0,-58.0,0.0,0.0,2940,1912,0.578473,0.82,0.0,0.0,pix
real_001_s001_2026-05-18_22-21-47-879,001,001,2,P002,wikiart_practice/practice_wikiart_002_untitled_abstract_composition_1964.jpg,111,36.257883,1779135744.138268,1.833333,186.0,-58.0,0.0,0.0,2940,1912,0.578473,0.82,0.0,0.0,pix
real_001_s001_2026-05-18_22-21-47-879,001,001,2,P002,wikiart_practice/practice_wikiart_002_untitled_abstract_composition_1964.jpg,112,36.27455,1779135744.154935,1.85,186.0,-58.0,0.0,0.0,2940,1912,0.578473,0.82,0.0,0.0,pix
real_001_s001_2026-05-18_22-21-47-879,001,001,2,P002,wikiart_practice/practice_wikiart_002_untitled_abstract_composition_1964.jpg,113,36.291216,1779135744.171602,1.866667,186.0,-58.0,0.0,0.0,2940,1912,0.578473,0.82,0.0,0.0,pix
real_001_s001_2026-05-18_22-21-47-879,001,001,2,P002,wikiart_practice/practice_wikiart_002_untitled_abstract_composition_1964.jpg,114,36.307883,1779135744.188268,1.883333,186.0,-58.0,0.0,0.0,2940,1912,0.578473,0.82,0.0,0.0,pix
real_001_s001_2026-05-18_22-21-47-879,001,001,2,P002,wikiart_practice/practice_wikiart_002_untitled_abstract_composition_1964.jpg,115,36.32455,1779135744.204935,1.9,186.0,-58.0,0.0,0.0,2940,1912,0.578473,0.82,0.0,0.0,pix
real_001_s001_2026-05-18_22-21-47-879,001,001,2,P002,wikiart_practice/practice_wikiart_002_untitled_abstract_composition_1964.jpg,116,36.341216,1779135744.221602,1.916667,186.0,-58.0,0.0,0.0,2940,1912,0.578473,0.82,0.0,0.0,pix
real_001_s001_2026-05-18_22-21-47-879,001,001,2,P002,wikiart_practice/practice_wikiart_002_untitled_abstract_composition_1964.jpg,117,36.357883,1779135744.238268,1.933333,186.0,-58.0,0.0,0.0,2940,1912,0.578473,0.82,0.0,0.0,pix
real_001_s001_2026-05-18_22-21-47-879,001,001,2,P002,wikiart_practice/practice_wikiart_002_untitled_abstract_composition_1964.jpg,118,36.37455,1779135744.254935,1.95,186.0,-58.0,0.0,0.0,2940,1912,0.578473,0.82,0.0,0.0,pix
real_001_s001_2026-05-18_22-21-47-879,001,001,2,P002,wikiart_practice/practice_wikiart_002_untitled_abstract_composition_1964.jpg,119,36.391216,1779135744.271602,1.966667,186.0,-58.0,0.0,0.0,2940,1912,0.578473,0.82,0.0,0.0,pix
real_001_s001_2026-05-18_22-21-47-879,001,001,2,P002,wikiart_practice/practice_wikiart_002_untitled_abstract_composition_1964.jpg,120,36.407883,1779135744.288268,1.983333,186.0,-58.0,0.0,0.0,2940,1912,0.578473,0.82,0.0,0.0,pix
real_001_s001_2026-05-18_22-21-47-879,001,001,2,P002,wikiart_practice/practice_wikiart_002_untitled_abstract_composition_1964.jpg,121,36.42455,1779135744.304935,2.0,186.0,-58.0,0.0,0.0,2940,1912,0.578473,0.82,0.0,0.0,pix
real_001_s001_2026-05-18_22-21-47-879,001,001,2,P002,wikiart_practice/practice_wikiart_002_untitled_abstract_composition_1964.jpg,122,36.441216,1779135744.321602,2.016667,186.0,-58.0,0.0,0.0,2940,1912,0.578473,0.82,0.0,0.0,pix
real_001_s001_2026-05-18_22-21-47-879,001,001,2,P002,wikiart_practice/practice_wikiart_002_untitled_abstract_composition_1964.jpg,123,36.457883,1779135744.338268,2.033333,186.0,-58.0,0.0,0.0,2940,1912,0.578473,0.82,0.0,0.0,pix
real_001_s001_2026-05-18_22-21-47-879,001,001,2,P002,wikiart_practice/practice_wikiart_002_untitled_abstract_composition_1964.jpg,124,36.47455,1779135744.354935,2.05,186.0,-58.0,0.0,0.0,2940,1912,0.578473,0.82,0.0,0.0,pix
real_001_s001_2026-05-18_22-21-47-879,001,001,2,P002,wikiart_practice/practice_wikiart_002_untitled_abstract_composition_1964.jpg,125,36.491216,1779135744.371602,2.066667,186.0,-58.0,0.0,0.0,2940,1912,0.578473,0.82,0.0,0.0,pix
real_001_s001_2026-05-18_22-21-47-879,001,001,2,P002,wikiart_practice/practice_wikiart_002_untitled_abstract_composition_1964.jpg,126,36.507883,1779135744.388268,2.083333,186.0,-58.0,0.0,0.0,2940,1912,0.578473,0.82,0.0,0.0,pix
real_001_s001_2026-05-18_22-21-47-879,001,001,2,P002,wikiart_practice/practice_wikiart_002_untitled_abstract_composition_1964.jpg,127,36.52455,1779135744.404935,2.1,186.0,-58.0,0.0,0.0,2940,1912,0.578473,0.82,0.0,0.0,pix
real_001_s001_2026-05-18_22-21-47-879,001,001,2,P002,wikiart_practice/practice_wikiart_002_untitled_abstract_composition_1964.jpg,128,36.541216,1779135744.421602,2.116667,186.0,-58.0,0.0,0.0,2940,1912,0.578473,0.82,0.0,0.0,pix
real_001_s001_2026-05-18_22-21-47-879,001,001,2,P002,wikiart_practice/practice_wikiart_002_untitled_abstract_composition_1964.jpg,129,36.557883,1779135744.438268,2.133333,186.0,-58.0,0.0,0.0,2940,1912,0.578473,0.82,0.0,0.0,pix
real_001_s001_2026-05-18_22-21-47-879,001,001,2,P002,wikiart_practice/practice_wikiart_002_untitled_abstract_composition_1964.jpg,130,36.57455,1779135744.454935,2.15,186.0,-58.0,0.0,0.0,2940,1912,0.578473,0.82,0.0,0.0,pix
real_001_s001_2026-05-18_22-21-47-879,001,001,2,P002,wikiart_practice/practice_wikiart_002_untitled_abstract_composition_1964.jpg,131,36.591216,1779135744.471602,2.166667,186.0,-58.0,0.0,0.0,2940,1912,0.578473,0.82,0.0,0.0,pix
real_001_s001_2026-05-18_22-21-47-879,001,001,2,P002,wikiart_practice/practice_wikiart_002_untitled_abstract_composition_1964.jpg,132,36.607883,1779135744.488268,2.183333,186.0,-58.0,0.0,0.0,2940,1912,0.578473,0.82,0.0,0.0,pix
real_001_s001_2026-05-18_22-21-47-879,001,001,2,P002,wikiart_practice/practice_wikiart_002_untitled_abstract_composition_1964.jpg,133,36.62455,1779135744.504935,2.2,186.0,-58.0,0.0,0.0,2940,1912,0.578473,0.82,0.0,0.0,pix
real_001_s001_2026-05-18_22-21-47-879,001,001,2,P002,wikiart_practice/practice_wikiart_002_untitled_abstract_composition_1964.jpg,134,36.641216,1779135744.521602,2.216667,186.0,-58.0,0.0,0.0,2940,1912,0.578473,0.82,0.0,0.0,pix
real_001_s001_2026-05-18_22-21-47-879,001,001,2,P002,wikiart_practice/practice_wikiart_002_untitled_abstract_composition_1964.jpg,135,36.657883,1779135744.538268,2.233333,186.0,-58.0,0.0,0.0,2940,1912,0.578473,0.82,0.0,0.0,pix
real_001_s001_2026-05-18_22-21-47-879,001,001,2,P002,wikiart_practice/practice_wikiart_002_untitled_abstract_composition_1964.jpg,136,36.67455,1779135744.554935,2.25,186.0,-58.0,0.0,0.0,2940,1912,0.578473,0.82,0.0,0.0,pix
real_001_s001_2026-05-18_22-21-47-879,001,001,2,P002,wikiart_practice/practice_wikiart_002_untitled_abstract_composition_1964.jpg,137,36.691216,1779135744.571602,2.266667,186.0,-58.0,0.0,0.0,2940,1912,0.578473,0.82,0.0,0.0,pix
real_001_s001_2026-05-18_22-21-47-879,001,001,2,P002,wikiart_practice/practice_wikiart_002_untitled_abstract_composition_1964.jpg,138,36.707883,1779135744.588268,2.283333,186.0,-58.0,0.0,0.0,2940,1912,0.578473,0.82,0.0,0.0,pix
real_001_s001_2026-05-18_22-21-47-879,001,001,2,P002,wikiart_practice/practice_wikiart_002_untitled_abstract_composition_1964.jpg,139,36.72455,1779135744.604935,2.3,186.0,-58.0,0.0,0.0,2940,1912,0.578473,0.82,0.0,0.0,pix
real_001_s001_2026-05-18_22-21-47-879,001,001,2,P002,wikiart_practice/practice_wikiart_002_untitled_abstract_composition_1964.jpg,140,36.741216,1779135744.621602,2.316667,186.0,-58.0,0.0,0.0,2940,1912,0.578473,0.82,0.0,0.0,pix
real_001_s001_2026-05-18_22-21-47-879,001,001,2,P002,wikiart_practice/practice_wikiart_002_untitled_abstract_composition_1964.jpg,141,36.757883,1779135744.638268,2.333333,186.0,-58.0,0.0,0.0,2940,1912,0.578473,0.82,0.0,0.0,pix
real_001_s001_2026-05-18_22-21-47-879,001,001,2,P002,wikiart_practice/practice_wikiart_002_untitled_abstract_composition_1964.jpg,142,36.77455,1779135744.654935,2.35,186.0,-58.0,0.0,0.0,2940,1912,0.578473,0.82,0.0,0.0,pix
real_001_s001_2026-05-18_22-21-47-879,001,001,2,P002,wikiart_practice/practice_wikiart_002_untitled_abstract_composition_1964.jpg,143,36.791216,1779135744.671602,2.366667,186.0,-58.0,0.0,0.0,2940,1912,0.578473,0.82,0.0,0.0,pix
